n1,n2,VECPAC_r,VECPAC_p,VECPAC_n,DSS_r,DSS_p,DSS_n,LPS_r,LPS_p,LPS_n,Pooled_r,Pooled_p,Pooled_n,r Count,Consistent,Sign,Pooled FDR
"(2,5-Dimethoxyphenyl)acetone","2'-Hydroxy-2,4,4',5-tetramethoxychalcone",0.8660254037844387,0.3333333333333332,3,0.7999999999999999,0.2,4,0.4638168285219587,0.3541642984362303,6,0.7958609678744926,0.0011372890473652,13,3,True,+,0.021880083314234966
"(2,5-Dimethoxyphenyl)acetone",2-Naphthol,0.8660254037844387,0.3333333333333332,3,0.8999999999999998,0.0373860734684987,5,0.3236694374850748,0.5314499571644632,6,0.7342305247451372,0.0027890891602259,14,3,True,+,0.03668278953265882
"(2,5-Dimethoxyphenyl)acetone",2-Propyl-1-pentanol,,,0,0.7999999999999999,0.2,4,0.7714285714285715,0.0723965014577259,6,0.8596491228070177,0.0003372366811379,12,2,True,+,0.010822358887637006
"(2,5-Dimethoxyphenyl)acetone",3-Buten-2-one,0.5,0.6666666666666667,3,0.8999999999999998,0.0373860734684987,5,0.6,0.2079999999999998,6,0.7400881057268722,0.0024743225764046,14,3,True,+,0.0350789564397579
"(2,5-Dimethoxyphenyl)acetone","6-Aminocaproic acid, N-(tert.-butyldimethylsilyl)",0.8660254037844387,0.3333333333333332,3,0.9746794344808964,0.0048182304681985,5,1.0,0.0,4,0.7540118265560999,0.0046126865610137,12,3,True,+,0.04820880792281076
"(2,5-Dimethoxyphenyl)acetone","Cytosine, N-(tert-butyldimethylsilyl)-",0.8660254037844387,0.3333333333333332,3,0.8999999999999998,0.0373860734684987,5,0.5428571428571429,0.2657026239067055,6,0.8300240974448212,0.0002388581575354,14,3,True,+,0.009054949402228703
"(2,5-Dimethoxyphenyl)acetone","Dodecanoic acid, 1-methylethyl ester",0.5,0.6666666666666667,3,0.8999999999999998,0.0373860734684987,5,0.5428571428571429,0.2657026239067055,6,0.8048516468456727,0.0005161665131039,14,3,True,+,0.013671341823101242
"(2,5-Dimethoxyphenyl)acetone","D-Streptamine, O-6-amino-6-deoxy-alpha-D-glucopyranosyl-(1-4)-O-(3-deoxy-4-C-methyl-3-(methylamino)-beta-L-arabinopyranosyl-(1-6))-2-deoxy-",0.5,0.6666666666666667,3,0.7999999999999999,0.2,4,0.5507824838698261,0.2573693316225744,6,0.841380110706788,0.0003116685697049,13,3,True,+,0.010378361194744577
"(2,5-Dimethoxyphenyl)acetone",Frangulin,0.5,0.6666666666666667,3,0.7999999999999999,0.2,4,0.948683298050514,0.0513167019494861,4,0.8287671232876713,0.0016163556505104,11,3,True,+,0.027294529696610115
"(2,5-Dimethoxyphenyl)acetone",Hexacosanoic acid,,,0,0.7999999999999999,0.2,4,0.8720815992723809,0.0538542177275421,5,0.8830368134148922,0.0003156979984278,11,2,True,+,0.010389822637619598
"(2,5-Dimethoxyphenyl)acetone",L-Glutamine,0.5,0.6666666666666667,3,0.8999999999999998,0.0373860734684987,5,0.6957252427829382,0.1247893374402868,6,0.8022143524001136,0.0005560477530492,14,3,True,+,0.01443111853047823
"(2,5-Dimethoxyphenyl)acetone",m-Toluic acid,0.5,0.6666666666666667,3,0.8999999999999998,0.0373860734684987,5,0.1739313106957345,0.7417339277316277,6,0.7405928815730184,0.0024485721168021,14,3,True,+,0.03499481052829034
"(2,5-Dimethoxyphenyl)acetone",N-Caffeoyl-O-methyltyramine,,,0,1.0,1.4042654220543672e-24,5,0.5507824838698261,0.2573693316225744,6,0.8312842363423608,0.0008050693413034,12,2,True,+,0.017953920146851148
"(2,5-Dimethoxyphenyl)acetone",Triethyl citrate,,,3,0.8999999999999998,0.0373860734684987,5,0.7999999999999999,0.2,4,0.9225580879172384,1.9241344070227968e-05,12,2,True,+,0.0020161473923314705
"(2R)-Pyrrolidine-1,2-dicarboxylic acid, bis(tert-butyldimethylsilyl) ester","2(5H)-Furanone, 4-(hydroxymethyl)",1.0,0.0,3,0.5000000000000001,0.3910022189557705,5,0.8088235294117647,0.0513290631996743,6,0.7328918322295805,0.0028652730828876,14,3,True,+,0.03720359647888303
"(2R)-Pyrrolidine-1,2-dicarboxylic acid, bis(tert-butyldimethylsilyl) ester",Diethylamine,0.5,0.6666666666666667,3,0.7181848464596079,0.1717953049079889,5,0.9705882352941178,0.0012848565031548,6,0.804635761589404,0.0005193420670012,14,3,True,+,0.013708503570605053
"(2R)-Pyrrolidine-1,2-dicarboxylic acid, bis(tert-butyldimethylsilyl) ester","Hymexazole, tert-butyldimethylsilyl ether",-0.5,0.6666666666666667,3,-0.4103913408340617,0.4925357817027974,5,-0.9276336570439174,0.0076658441874731,6,-0.7375969201914452,0.0026045595528626,14,3,True,-,0.03588634734830751
"(2R)-Pyrrolidine-1,2-dicarboxylic acid, bis(tert-butyldimethylsilyl) ester",Methylthiouracil,,,0,-0.5642880936468347,0.3217233358243002,5,-0.9276336570439174,0.0076658441874731,6,-0.7503455413516272,0.0031292339742582,13,2,True,-,0.03909773110971392
"(9H-fluoren-9-yl)methanol, O-methoxycarbonyl-","2-Allyl-1,4-dimethoxybenzene",0.5,0.6666666666666667,3,0.7378647873726218,0.154618523128449,5,0.7826908981308054,0.065703848071589,6,0.7441901534873068,0.0022711359689567,14,3,True,+,0.03341144336148069
"(9H-fluoren-9-yl)methanol, O-methoxycarbonyl-","2-Methylcyclohexylamine, tert.-butyldimethylsilyl ether",,,0,-0.8660254037844387,0.3333333333333332,3,-0.948683298050514,0.0513167019494861,4,-0.9272727272727274,0.0026336810953398,7,2,True,-,0.03598743744056186
"(9H-fluoren-9-yl)methanol, O-methoxycarbonyl-","Phenol, 2,4-bis(1-methyl-1-phenylethyl)-",0.5,0.6666666666666667,3,1.0,1.4042654220543672e-24,5,0.6377481392176932,0.1730711102412597,6,0.8257998403937107,0.000274090536429,14,3,True,+,0.009718082723902398
"3,4,5-Trimethoxyamphetamine",2-Ethyl-1-butanol,,,0,1.0,0.0,3,1.0,0.0,3,1.0,0.0,6,2,True,+,0.0
"1-(1-Hydroxybutyl)-2,5-dimethoxybenzene ","3-(4,7-Dimethoxy-2H-1,3-benzodioxol-5-yl)-2-methylprop-2-enal",,,0,0.3999999999999999,0.6,4,1.0,0.0,4,0.8787878787878788,0.0008138621117322,10,2,True,+,0.017969211579667507
"1-(1-Hydroxybutyl)-2,5-dimethoxybenzene ","Erythrono-1,4-lactone",,,0,1.0,0.0,4,1.0,0.0,4,0.8292837093139818,0.0030075863036816,10,2,True,+,0.03825768498794982
"1-(1-Hydroxybutyl)-2,5-dimethoxybenzene ",Mevalonolactone,,,0,0.948683298050514,0.0513167019494861,4,0.7999999999999999,0.2,4,0.8389096502784891,0.0024139883688156,10,2,True,+,0.034993792992988326
"1-(2,4-Dimethoxyphenyl)-propan-2-one",Butyric Acid,1.0,0.0,3,0.7999999999999999,0.1040880386618278,5,0.7826237921249264,0.117613760873458,5,0.8458365965981027,0.0002688704556093,13,3,True,+,0.009627056035566324
"1-(2,4-Dimethoxyphenyl)-propan-2-one",Pentanoic acid,0.5,0.6666666666666667,3,0.6668859288553501,0.2188939813132316,5,0.4472135954999579,0.4501848557521009,5,0.7617845441700064,0.0024764817967556,13,3,True,+,0.0350789564397579
"1-(2,4-Dimethoxyphenyl)-propan-2-one",Urea,0.5,0.6666666666666667,3,0.7181848464596079,0.1717953049079889,5,0.7826237921249264,0.117613760873458,5,0.7305583740732381,0.0045653150244254,13,3,True,+,0.0480273746538051
"1-(2,5-Dimethoxyphenyl)-1-[(trimethylsilyl)oxy]propan-2-amine",Heptanoic acid,0.5,0.6666666666666667,3,0.5642880936468347,0.3217233358243002,5,0.9705882352941178,0.0012848565031548,6,0.7635964747497909,0.0014812362159121,14,3,True,+,0.02591828256530358
"1-(2,5-Dimethoxyphenyl)-1-[(trimethylsilyl)oxy]propan-2-amine",Isopropylamine,-1.0,0.0,3,-0.3999999999999999,0.5046315754686911,5,-0.9276336570439174,0.0076658441874731,6,-0.7054302496598429,0.0048251211249414,14,3,True,-,0.049234571269023225
"1-(2,5-Dimethoxyphenyl)-1-[(trimethylsilyl)oxy]propan-2-amine",Nonanoic acid,1.0,0.0,3,0.5642880936468347,0.3217233358243002,5,0.5263157894736843,0.3622454811898449,5,0.7416230049953639,0.0037109270842962,13,3,True,+,0.04323439472599181
"1-(4-Methoxyphenyl)-4,6-dimethyl-2(1H)-pyrimidinone","2(5H)-Furanone, 4-(hydroxymethyl)",,,0,0.6155870112510925,0.2689977701158222,5,0.8986451052612952,0.0148886220055803,6,0.8331042407654097,0.0004053934512557,13,2,True,+,0.011786890797036029
"1-(4-Methoxyphenyl)-4,6-dimethyl-2(1H)-pyrimidinone","2,4-Imidazolidinedione, 5,5-dimethyl",,,0,-0.7,0.1881204043741872,5,-0.8116794499134279,0.0498575851013403,6,-0.7845333801428408,0.0014951491809583,13,2,True,-,0.02604388235480066
"1-(4-Methoxyphenyl)-4,6-dimethyl-2(1H)-pyrimidinone","2,5-Dimethoxybenzhydrazide",,,0,0.7,0.1881204043741872,5,0.7714285714285715,0.0723965014577259,6,0.7701754385964914,0.0033823090954919,12,2,True,+,0.04145388230944496
"1-(4-Methoxyphenyl)-4,6-dimethyl-2(1H)-pyrimidinone","2',5'-Dimethoxypropiophenone",,,0,0.7,0.1881204043741872,5,0.942857142857143,0.004804664723032,6,0.7672176308539945,0.002206286827151,13,2,True,+,0.03281427369458814
"1-(4-Methoxyphenyl)-4,6-dimethyl-2(1H)-pyrimidinone",2-Amino-4-methylbenzophenone,,,0,1.0,1.4042654220543672e-24,5,0.8999999999999998,0.0373860734684987,5,0.8406317620060155,0.0006155686440654,12,2,True,+,0.015248309098477995
"1-(4-Methoxyphenyl)-4,6-dimethyl-2(1H)-pyrimidinone",6-Methyluracil,,,0,-0.7,0.1881204043741872,5,-0.8116794499134279,0.0498575851013403,6,-0.8516154849685795,0.0002204732582728,13,2,True,-,0.00856854361548661
"1-(4-Methoxyphenyl)-4,6-dimethyl-2(1H)-pyrimidinone",Aconitic acid,,,0,0.7181848464596079,0.1717953049079889,5,0.8116794499134279,0.0498575851013403,6,0.7417155372125097,0.0037043473183489,13,2,True,+,0.04323439472599181
"1-(4-Methoxyphenyl)-4,6-dimethyl-2(1H)-pyrimidinone",Cyclooctylamine,,,0,0.6155870112510925,0.2689977701158222,5,0.8285714285714287,0.0415626822157433,6,0.747240420171262,0.0033275474489802,13,2,True,+,0.041176403152660586
"1-(4-Methoxyphenyl)-4,6-dimethyl-2(1H)-pyrimidinone",Hydracrylic acid,,,0,0.0999999999999999,0.8728885715695383,5,1.0,0.0,6,0.7548209366391184,0.0028596729096232,13,2,True,+,0.03720359647888303
"1-(4-Methoxyphenyl)-4,6-dimethyl-2(1H)-pyrimidinone","Hymexazole, tert-butyldimethylsilyl ether",,,0,-0.7,0.1881204043741872,5,-0.8285714285714287,0.0415626822157433,6,-0.8402203856749311,0.0003236474761046,13,2,True,-,0.010517183110054524
"1-(4-Methoxyphenyl)-4,6-dimethyl-2(1H)-pyrimidinone","Kojic acid, bis(tert-butyldimethylsilyl) ether",,,0,-0.8999999999999998,0.0373860734684987,5,-0.7714285714285715,0.0723965014577259,6,-0.8071625344352618,0.0008510264394273,13,2,True,-,0.018333811929054977
"1-(4-Methoxyphenyl)-4,6-dimethyl-2(1H)-pyrimidinone",Methylthiouracil,,,0,-0.6,0.2847569798652937,5,-0.8285714285714287,0.0415626822157433,6,-0.8126107032724816,0.0013161012937103,12,2,True,-,0.02401878562499609
1-(Cyclohexylmethyl)-4-piperidinylamine,2-Decanol,,,0,0.8660254037844387,0.3333333333333332,3,0.7999999999999999,0.2,4,0.9456108576893004,0.0003860027097318,8,2,True,+,0.01148209598871439
1-(tert-Butyldimethylsilyl)-4-methyl-1H-pyrazole,"2,2'-Bipyridine",0.5,0.6666666666666667,3,0.8720815992723809,0.0538542177275421,5,0.6468431588153822,0.165056814451302,6,0.7583911595376296,0.0016673985013072,14,3,True,+,0.027732602170128785
1-(tert-Butyldimethylsilyl)-4-methyl-1H-pyrazole,2-Decanol,,,0,0.8720815992723809,0.0538542177275421,5,0.4472135954999579,0.4501848557521009,5,0.8348253511881215,0.0007286306978878,12,2,True,+,0.01677151731388168
1-(tert-Butyldimethylsilyl)-4-methyl-1H-pyrazole,"2'-Hydroxy-2,4,4',5-tetramethoxychalcone",0.8660254037844387,0.3333333333333332,3,0.7999999999999999,0.2,4,0.462030827725273,0.3562691930601864,6,0.7647058823529412,0.0023281814267813,13,3,True,+,0.03402553321897655
1-(tert-Butyldimethylsilyl)-4-methyl-1H-pyrazole,2-Pentadecanone,0.8660254037844387,0.3333333333333332,3,0.8999999999999998,0.0373860734684987,5,0.3548387096774194,0.4900808969151757,6,0.753916875410564,0.0018418560446703,14,3,True,+,0.029376840801602765
1-(tert-Butyldimethylsilyl)-4-methyl-1H-pyrazole,"6-Aminocaproic acid, N-(tert.-butyldimethylsilyl)",0.8660254037844387,0.3333333333333332,3,0.7181848464596079,0.1717953049079889,5,1.0,0.0,4,0.8135106613705526,0.0012868746767053,12,3,True,+,0.02380468147943065
1-(tert-Butyldimethylsilyl)-4-methyl-1H-pyrazole,Adenine,,,0,0.8999999999999998,0.0373860734684987,5,0.819688599970537,0.0458371412324532,6,0.9221600038397372,1.9727507146898305e-05,12,2,True,+,0.0020343005369881533
1-(tert-Butyldimethylsilyl)-4-methyl-1H-pyrazole,Butachlor ESA,,,0,1.0,0.0,4,0.316227766016838,0.683772233983162,4,0.8841627783127011,0.000683418684027,10,2,True,+,0.016148322281933424
1-(tert-Butyldimethylsilyl)-4-methyl-1H-pyrazole,"Cytosine, N-(tert-butyldimethylsilyl)-",0.8660254037844387,0.3333333333333332,3,0.8999999999999998,0.0373860734684987,5,0.5161002296110789,0.2945837414624608,6,0.748896285431938,0.0020545373167344,14,3,True,+,0.03127911733784223
1-(tert-Butyldimethylsilyl)-4-methyl-1H-pyrazole,"Dodecanoic acid, 1-methylethyl ester",1.0,0.0,3,0.8999999999999998,0.0373860734684987,5,0.5161002296110789,0.2945837414624608,6,0.7469593374036292,0.002141607101233,14,3,True,+,0.03203711667492461
1-(tert-Butyldimethylsilyl)-4-methyl-1H-pyrazole,Frangulin,1.0,0.0,3,1.0,0.0,4,0.3888888888888889,0.6111111111111109,4,0.7908234046644849,0.0037524970967086,11,3,True,+,0.043445827164587295
1-(tert-Butyldimethylsilyl)-4-methyl-1H-pyrazole,Heptylamine,,,0,1.0,0.0,4,0.6155870112510925,0.2689977701158222,5,0.8646194774983383,0.0012440710902298,10,2,True,+,0.023184688703222347
1-(tert-Butyldimethylsilyl)-4-methyl-1H-pyrazole,Hexacosanoic acid,,,0,1.0,0.0,4,0.5263157894736843,0.3622454811898449,5,0.8018433179723503,0.0029920021185261,11,2,True,+,0.03824817253666258
1-(tert-Butyldimethylsilyl)-4-methyl-1H-pyrazole,Isopropyl palmitate,0.8660254037844387,0.3333333333333332,3,0.8999999999999998,0.0373860734684987,5,0.4312287725435882,0.3932521160510992,6,0.7519507941563968,0.001922952901235,14,3,True,+,0.030166567420185576
1-(tert-Butyldimethylsilyl)-4-methyl-1H-pyrazole,L-Glutamine,1.0,0.0,3,0.8999999999999998,0.0373860734684987,5,0.0924061655450546,0.8617852751596028,6,0.7586249136311578,0.001658658974416,14,3,True,+,0.027656151647106518
1-(tert-Butyldimethylsilyl)-4-methyl-1H-pyrazole,L-Leucine,1.0,0.0,3,0.9746794344808964,0.0048182304681985,5,0.6982532518267538,0.1228394633733959,6,0.817168846712565,0.0003591473742601,14,3,True,+,0.011121483960418349
1-(tert-Butyldimethylsilyl)-4-methyl-1H-pyrazole,L-Tryptophan,0.8660254037844387,0.3333333333333332,3,0.8999999999999998,0.0373860734684987,5,0.9411239481143202,0.0050975405648614,6,0.8808485098030319,3.1807969183090826e-05,14,3,True,+,0.0027325606300921826
1-(tert-Butyldimethylsilyl)-4-methyl-1H-pyrazole,N-Methyl-1-[(trimethylsilyl)oxy]-1-{4-[(trimethylsilyl)oxy]phenyl}propan-2-amine,0.5,0.6666666666666667,3,1.0,0.0,4,0.2581988897471611,0.7418011102528389,4,0.8368368915664992,0.0013168714942469,11,3,True,+,0.02401878562499609
1-(tert-Butyldimethylsilyl)-4-methyl-1H-pyrazole,Vanillylmandelic acid,,,0,0.8999999999999998,0.0373860734684987,5,0.7181848464596079,0.1717953049079889,5,0.8470987622662832,0.0019798282815538,10,2,True,+,0.0306853545682106
1-(tert-Butyldimethylsilyl)-4-methyl-1H-pyrazole,Yangonin,1.0,0.0,3,1.0,0.0,4,0.739249324360437,0.0931220337779458,6,0.9249037395179576,6.024800498118943e-06,13,3,True,+,0.0009492539974906132
"1,2-Cyclohexanediol, (Z)",2-Butoxyethanol,,,0,0.5642880936468347,0.3217233358243002,5,0.5797710356524485,0.2277839567150159,6,0.8125125388704993,0.0007370695693725,13,2,True,+,0.01681562256497615
"1,2-Cyclohexanediol, (Z)",2-Furoic acid,,,0,0.5642880936468347,0.3217233358243002,5,1.0,0.0,4,0.861787755359315,0.0006480948478409,11,2,True,+,0.01566172595588865
"1,2-Cyclohexanediol, (Z)","2'-Hydroxy-2,4,4',5-tetramethoxychalcone",,,0,0.7378647873726218,0.2621352126273781,4,0.7794117647058825,0.0676219341542844,6,0.8434217108723374,0.0005663343582541,12,2,True,+,0.014648929520860231
"1,2-Cyclohexanediol, (Z)",2-Hydroxy-3-methylbutyric acid,,,0,0.5642880936468347,0.3217233358243002,5,0.753702346348183,0.0835232813732598,6,0.8528583287825962,0.000422026588477,12,2,True,+,0.012087737164645618
"1,2-Cyclohexanediol, (Z)","2-Methylcyclohexanol, (Z)",,,0,0.6578947368421054,0.2274702165738091,5,0.6617647058823529,0.1522570857927945,6,0.7262569832402235,0.0049355430945225,13,2,True,+,0.049897372932074524
"1,2-Cyclohexanediol, (Z)",2-Pentadecanone,,,0,0.5642880936468347,0.3217233358243002,5,0.1232082207267394,0.816122835670625,6,0.8016759776536312,0.0009818631916035,13,2,True,+,0.019723973828211606
"1,2-Cyclohexanediol, (Z)","3,5-Dimethylphenol",,,0,0.5642880936468347,0.3217233358243002,5,0.7,0.1881204043741872,5,0.8516113728978131,0.000439246710212,12,2,True,+,0.012443714493698198
"1,2-Cyclohexanediol, (Z)",5-Hydroxy-7-methoxy-2-methyl-3-phenyl-4-chromenone,,,0,-0.948683298050514,0.0513167019494861,4,-0.5147058823529411,0.2961196697537148,6,-0.8179635722254414,0.0038321952302234,10,2,True,-,0.043778726603467905
"1,2-Cyclohexanediol, (Z)","5-Nonanol, tert-butyldimethylsilyl ether",,,0,0.5642880936468347,0.3217233358243002,5,0.597081434026532,0.210809477128924,6,0.7955562992545439,0.0011459346286581,13,2,True,+,0.02195638463726916
"1,2-Cyclohexanediol, (Z)","Benzenesulfonamide, N-butyl",,,0,0.5642880936468347,0.3217233358243002,5,0.6470588235294118,0.1648687156523507,6,0.8183275832759965,0.0006272267451373,13,2,True,+,0.015331597507351281
"1,2-Cyclohexanediol, (Z)",Butachlor ESA,,,0,0.6000000000000001,0.3999999999999999,4,0.3999999999999999,0.6,4,0.8823840971568188,0.0016346805770695,9,2,True,+,0.027426750918914156
"1,2-Cyclohexanediol, (Z)","Cytosine, N-(tert-butyldimethylsilyl)-",,,0,0.5642880936468347,0.3217233358243002,5,0.6957252427829381,0.124789337440287,6,0.7583450362791327,0.0026603966685502,13,2,True,+,0.03619442085764822
"1,2-Cyclohexanediol, (Z)","Dodecanoic acid, 1-methylethyl ester",,,0,0.5642880936468347,0.3217233358243002,5,0.6957252427829381,0.124789337440287,6,0.7916788840276661,0.0012605401124154,13,2,True,+,0.023435137570722846
"1,2-Cyclohexanediol, (Z)",Isopropyl palmitate,,,0,0.5642880936468347,0.3217233358243002,5,0.6470588235294118,0.1648687156523507,6,0.7788663069624905,0.0017044502413541,13,2,True,+,0.028047272694963002
"1,2-Cyclohexanediol, (Z)",L-Alanine,,,0,0.6578947368421054,0.2274702165738091,5,0.7205882352941176,0.1061994326277223,6,0.9026504164618864,2.4035175737610603e-05,13,2,True,+,0.002294272437669064
"1,2-Cyclohexanediol, (Z)",L-Glutamine,,,0,0.5642880936468347,0.3217233358243002,5,0.25,0.6328125,6,0.7771617894154178,0.0017716806488043,13,2,True,+,0.02872574033092758
"1,2-Cyclohexanediol, (Z)",N-Caffeoyl-O-methyltyramine,,,0,0.6668859288553503,0.2188939813132315,5,0.1911764705882353,0.7167288952778343,6,0.781934559237266,0.0026574171523649,12,2,True,+,0.03619442085764822
"1,2-Cyclohexanediol, (Z)",Norketamine,,,0,0.5642880936468347,0.3217233358243002,5,0.3881029321172458,0.4470743877099667,6,0.740586494349086,0.0037852506698848,13,2,True,+,0.04369422191177469
1-Octadecanol,"2,2'-Bipyridine",,,0,1.0,0.0,3,0.9746794344808964,0.0048182304681985,5,0.9328060455657798,0.0002423676244357,9,2,True,+,0.009071556157994353
1-Octadecanol,2-Butoxyethanol,,,0,1.0,0.0,3,0.6,0.2847569798652937,5,0.8403658068160178,0.0045611886350484,9,2,True,+,0.0480273746538051
1-Octadecanol,2-Decanol,,,0,1.0,0.0,3,0.7999999999999999,0.2,4,0.9285714285714288,0.0025194724037946,7,2,True,+,0.035448073600420064
1-Octadecanol,"2-Methylcyclohexanol, (Z)",,,0,1.0,0.0,3,0.8999999999999998,0.0373860734684987,5,0.8487694648841781,0.0038074294910817,9,2,True,+,0.04373877944734512
1-Octadecanol,2-Pentadecanone,,,0,1.0,0.0,3,0.8944271909999157,0.040519326353834,5,0.9492889050691344,9.20002280999566e-05,9,2,True,+,0.005010772986796227
1-Octadecanol,"3,5-Dimethylphenol",,,0,1.0,0.0,3,0.7999999999999999,0.2,4,0.9047619047619048,0.0020082755054294,8,2,True,+,0.030756441106912835
1-Octadecanol,3-Buten-2-one,,,0,1.0,0.0,3,0.8999999999999998,0.0373860734684987,5,0.9,0.0009430623223403,9,2,True,+,0.019244443274353245
1-Octadecanol,"5-Nonanol, tert-butyldimethylsilyl ether",,,0,1.0,0.0,3,0.7378647873726218,0.154618523128449,5,0.8991914132931392,0.0009692317361499,9,2,True,+,0.019571901429199286
1-Octadecanol,Adenine,,,0,1.0,0.0,3,0.7999999999999999,0.1040880386618278,5,0.8535639569308375,0.0034182152429017,9,2,True,+,0.04145388230944496
1-Octadecanol,"Benzenesulfonamide, N-butyl",,,0,1.0,0.0,3,0.7181848464596079,0.1717953049079889,5,0.912141875543738,0.0006068506794715,9,2,True,+,0.015139945661395425
1-Octadecanol,Citramalic acid,,,0,1.0,0.0,3,0.948683298050514,0.0513167019494861,4,0.9461247469114746,0.0003753118737904,8,2,True,+,0.011250628030600594
1-Octadecanol,"Cytosine, N-(tert-butyldimethylsilyl)-",,,0,1.0,0.0,3,0.7999999999999999,0.1040880386618278,5,0.9166666666666666,0.0005066190663052,9,2,True,+,0.01346457683437944
1-Octadecanol,Diacetyl monoxime,,,0,1.0,0.0,3,0.7999999999999999,0.1040880386618278,5,0.836827408755723,0.0049070148341088,9,2,True,+,0.04971371573410797
1-Octadecanol,"Dodecanoic acid, 1-methylethyl ester",,,0,1.0,0.0,3,0.7999999999999999,0.1040880386618278,5,0.9539832459815244,6.578871303553375e-05,9,2,True,+,0.004136665907453805
1-Octadecanol,Hexacosanoic acid,,,0,1.0,0.0,3,0.4103913408340616,0.4925357817027975,5,0.8403658068160178,0.0045611886350484,9,2,True,+,0.0480273746538051
1-Octadecanol,Isopropyl palmitate,,,0,1.0,0.0,3,0.7181848464596079,0.1717953049079889,5,0.9075950713612994,0.0007207661476132,9,2,True,+,0.016640016076538772
1-Octadecanol,L-Alanine,,,0,1.0,0.0,3,0.8720815992723809,0.0538542177275421,5,0.9623515200690814,3.285856459769498e-05,9,2,True,+,0.0027325606300921826
1-Octadecanol,L-Glutamine,,,0,1.0,0.0,3,0.7,0.1881204043741872,5,0.8833333333333333,0.0015905004234978,9,2,True,+,0.027094560077823758
1-Octadecanol,Malic acid,,,0,1.0,0.0,3,0.7,0.1881204043741872,5,0.8619322310183947,0.0028059289678377,9,2,True,+,0.03678144853772334
1-Octadecanol,Niacin,,,0,1.0,0.0,3,0.6000000000000001,0.3999999999999999,4,0.9047619047619048,0.0020082755054294,8,2,True,+,0.030756441106912835
1-Octadecanol,Norketamine,,,0,1.0,0.0,3,0.5642880936468347,0.3217233358243002,5,0.8403658068160178,0.0045611886350484,9,2,True,+,0.0480273746538051
1-Octadecanol,"Propanoic acid, dimethyl(isopropyl)silyl ester",,,0,1.0,0.0,3,0.7999999999999999,0.1040880386618278,5,0.8451956828432803,0.0041165974193028,9,2,True,+,0.04535294079898555
1-Octadecanol,Thymol,,,0,1.0,0.0,3,0.8207826816681233,0.0885870053135438,5,0.912141875543738,0.0006068506794715,9,2,True,+,0.015139945661395425
1-Octadecanol,Vanillylmandelic acid,,,0,1.0,0.0,3,0.7,0.1881204043741872,5,0.9047619047619048,0.0020082755054294,8,2,True,+,0.030756441106912835
"1-Octanol, 2-butyl-",3-Amino-5-methylisoxazole,,,0,0.9746794344808964,0.0048182304681985,5,0.5002164033860248,0.3122565813186083,6,0.8365650969529086,0.0003638137370036,13,2,True,+,0.011121483960418349
"1-Octanol, 2-butyl-",N-Ethylamphetamine,0.5,0.6666666666666667,3,0.8660254037844387,0.3333333333333332,3,0.5523003264745422,0.2557851550011598,6,0.7703180212014135,0.0033727073720219,12,3,True,+,0.04145388230944496
"1-Octanol, 2-butyl-",Octanoic acid,,,0,0.7999999999999999,0.2,4,0.948683298050514,0.0513167019494861,4,0.9461247469114744,0.0003753118737904,8,2,True,+,0.011250628030600594
"2(5H)-Furanone, 4-(hydroxymethyl)","2,4-Imidazolidinedione, 5,5-dimethyl",-0.5,0.6666666666666667,3,-0.3590924232298039,0.5528147466433505,5,-0.7941176470588236,0.0592178913087725,6,-0.7701662160290902,0.0012702951231793,14,3,True,-,0.023559862068749892
"2(5H)-Furanone, 4-(hydroxymethyl)",6-Methyluracil,-0.5,0.6666666666666667,3,-0.3590924232298039,0.5528147466433505,5,-0.7941176470588236,0.0592178913087725,6,-0.7062153698245524,0.004757490171646,14,3,True,-,0.049116116323936754
"2(5H)-Furanone, 4-(hydroxymethyl)",Diethylamine,0.5,0.6666666666666667,3,0.6668859288553503,0.2188939813132315,5,0.7941176470588236,0.0592178913087725,6,0.7516556291390728,0.0019353684486418,14,3,True,+,0.030299877695942674
"2(5H)-Furanone, 4-(hydroxymethyl)","D-Streptamine, O-6-amino-6-deoxy-alpha-D-glucopyranosyl-(1-4)-O-(3-deoxy-4-C-methyl-3-(methylamino)-beta-L-arabinopyranosyl-(1-6))-2-deoxy-",1.0,0.0,3,0.316227766016838,0.683772233983162,4,0.7794117647058825,0.0676219341542844,6,0.8342541436464088,0.0003911810977975,13,3,True,+,0.011561845758006792
"2(5H)-Furanone, 4-(hydroxymethyl)","Hymexazole, tert-butyldimethylsilyl ether",-0.5,0.6666666666666667,3,-0.3590924232298039,0.5528147466433505,5,-0.8116794499134278,0.0498575851013404,6,-0.7199563361509921,0.0036892436134264,14,3,True,-,0.04323439472599181
"2(5H)-Furanone, 4-(hydroxymethyl)",Isobutanol,1.0,0.0,3,0.5000000000000001,0.4999999999999999,4,0.753702346348183,0.0835232813732598,6,0.7900552486187845,0.0013111186555072,13,3,True,+,0.02401878562499609
"2(5H)-Furanone, 4-(hydroxymethyl)",Methylthiouracil,,,0,-0.6155870112510925,0.2689977701158222,5,-0.8116794499134278,0.0498575851013404,6,-0.7668972812343837,0.0022215502452034,13,2,True,-,0.0329146927134159
"2-(Ethylamino)ethanol, N-acetyl",Benzyl alcohol,0.8660254037844387,0.3333333333333332,3,0.8944271909999159,0.040519326353834,5,0.9411239481143202,0.0050975405648614,6,0.8986233925048122,1.2556009900961452e-05,14,3,True,+,0.0015173153214693106
"2-(Ethylamino)ethanol, N-acetyl",Formamide,0.8660254037844387,0.3333333333333332,3,0.5735393346764044,0.3120363567395924,5,0.9548637106322312,0.0030099491928176,6,0.868028173620925,5.7053329626809095e-05,14,3,True,+,0.003838052270072331
"2-(Ethylamino)ethanol, N-acetyl",Hexanoic acid,0.8660254037844387,0.3333333333333332,3,0.5735393346764044,0.3120363567395924,5,0.7084472691787521,0.1151130646358375,6,0.7430297701091234,0.0023272216580403,14,3,True,+,0.03402553321897655
"2-(Ethylamino)ethanol, N-acetyl",Isonicotinic Acid,0.8660254037844387,0.3333333333333332,3,0.8944271909999159,0.040519326353834,5,0.8932596002688613,0.0164821953396456,6,0.8344668009434986,0.000205849472103,14,3,True,+,0.00817254791834962
2-(Methylamino)ethanol,Isonicotinic Acid,0.5,0.6666666666666667,3,1.0,1.4042654220543672e-24,5,0.8088235294117647,0.0513290631996743,6,0.7984567821787685,0.000617108966618,14,3,True,+,0.015248309098477995
2-(Methylamino)ethanol,L-Leucine,0.5,0.6666666666666667,3,0.5642880936468347,0.3217233358243002,5,0.898645105261295,0.0148886220055803,6,0.7330371609521564,0.002856924011922,14,3,True,+,0.03720359647888303
"2,2'-Bipyridine",2-Decanol,,,0,0.9473684210526316,0.0143795336199305,5,0.9746794344808964,0.0048182304681985,5,0.9254127829127902,1.6025247730013613e-05,12,2,True,+,0.0017705609420560755
"2,2'-Bipyridine",2-Pentadecanone,0.8660254037844387,0.3333333333333332,3,0.8720815992723809,0.0538542177275421,5,0.6776452139970671,0.1391205488215626,6,0.7578475336322871,0.0016878649305247,14,3,True,+,0.027833576487586414
"2,2'-Bipyridine","5-Nonanol, tert-butyldimethylsilyl ether",0.5,0.6666666666666667,3,0.8720815992723809,0.0538542177275421,5,0.8060599359358183,0.0527718132518926,6,0.8352079527270937,0.0002007214146114,14,3,True,+,0.00817254791834962
"2,2'-Bipyridine",6-Oxoheptanoic acid,0.8660254037844387,0.3333333333333332,3,0.7631578947368421,0.1333391195318062,5,0.7826908981308054,0.065703848071589,6,0.7235340945060711,0.0034447885024164,14,3,True,+,0.04145388230944496
"2,2'-Bipyridine","Benzenesulfonamide, N-butyl",0.5,0.6666666666666667,3,0.8720815992723809,0.0538542177275421,5,0.6029411764705883,0.2051842687767145,6,0.7820036839606268,0.0009509977375462,14,3,True,+,0.01925396990100081
"2,2'-Bipyridine","Dodecanoic acid, 1-methylethyl ester",0.5,0.6666666666666667,3,0.8720815992723809,0.0538542177275421,5,0.6667366910003157,0.1480897994403527,6,0.8331731995540675,0.0002150537172952,14,3,True,+,0.008442768779497851
"2,2'-Bipyridine",Isopropyl palmitate,0.8660254037844387,0.3333333333333332,3,0.8720815992723809,0.0538542177275421,5,0.6029411764705883,0.2051842687767145,6,0.8038029000599034,0.000531740494947,14,3,True,+,0.013988030571156796
"2,2'-Bipyridine",L-Alanine,0.8660254037844387,0.3333333333333332,3,0.7631578947368421,0.1333391195318062,5,0.8676470588235294,0.0251167184001627,6,0.740551051418023,0.0024506979402361,14,3,True,+,0.03499481052829034
"2,2'-Bipyridine",L-Glutamine,0.5,0.6666666666666667,3,0.8720815992723809,0.0538542177275421,5,0.6323529411764706,0.1779001501119477,6,0.7826208541498643,0.0009363088461407,14,3,True,+,0.01915717623294226
"2,2'-Bipyridine",L-Leucine,0.5,0.6666666666666667,3,0.7894736842105264,0.1122224780865275,5,0.9276336570439174,0.0076658441874731,6,0.8245856379586076,0.0002849582656504,14,3,True,+,0.009871502606883784
"2,2'-Bipyridine","l-Norvaline, n-propargyloxycarbonyl-, isohexyl ester",,,0,-1.0,0.0,4,-0.9746794344808964,0.0048182304681985,5,-0.9202627172903878,0.0001604908765709,10,2,True,-,0.007347341042475433
"2,2'-Bipyridine",Norketamine,0.8660254037844387,0.3333333333333332,3,0.8720815992723809,0.0538542177275421,5,0.597081434026532,0.210809477128924,6,0.7872345361488842,0.0008321526066843,14,3,True,+,0.018129206366468666
"2,2'-Bipyridine",Octanoic acid,,,0,0.2108185106778919,0.7891814893221081,4,0.7378647873726218,0.2621352126273781,4,0.879581914199181,0.0039805588790226,8,2,True,+,0.04449730161692245
"2,2'-Bipyridine",Vanillylmandelic acid,,,0,0.8720815992723809,0.0538542177275421,5,0.8207826816681234,0.0885870053135437,5,0.8545915616419557,0.0016348244341375,10,2,True,+,0.027426750918914156
"2,3-Dihydroxybutanoic acid",N-Acetylaminoethanol,,,0,0.8333333333333335,0.1666666666666665,4,0.948683298050514,0.0513167019494861,4,0.8215423505055384,0.0035559116499683,10,2,True,+,0.04227430690189289
"2,4,4'-Trihydroxybenzophenone","2,4-Imidazolidinedione, 5,5-dimethyl",0.5,0.6666666666666667,3,0.9746794344808964,0.0048182304681985,5,0.2608969660436018,0.6175338174259972,6,0.7317091157615132,0.0029339376282993,14,3,True,+,0.03769281331771891
"2,4,4'-Trihydroxybenzophenone",Adenine,,,0,0.9746794344808964,0.0048182304681985,5,0.942857142857143,0.004804664723032,6,0.8112988340823633,0.0013596161527945,12,2,True,+,0.024411690574160774
"2,4,4'-Trihydroxybenzophenone",Crotonic acid,0.5,0.6666666666666667,3,0.7631578947368421,0.1333391195318062,5,0.5161002296110789,0.2945837414624608,6,0.7097064671231149,0.0044656931479345,14,3,True,+,0.047780549771779694
"2,4,4'-Trihydroxybenzophenone","Kojic acid, bis(tert-butyldimethylsilyl) ether",0.5,0.6666666666666667,3,0.9746794344808964,0.0048182304681985,5,0.3142857142857143,0.5440932944606414,6,0.756644575223968,0.0017338634909526,14,3,True,+,0.028350317630079086
"2,4,4'-Trihydroxybenzophenone",Leucylglycine,,,0,-0.5642880936468347,0.3217233358243002,5,-1.0,0.0,6,-0.7957943811805186,0.0019622856162422,12,2,True,-,0.030488173050990386
"2,4,4'-Trihydroxybenzophenone",Xylazine,0.5,0.6666666666666667,3,0.9473684210526316,0.0143795336199305,5,0.6571428571428573,0.1561749271137023,6,0.8084652567850837,0.0004652879513364,14,3,True,+,0.012760769558991908
"2,4,6-Cycloheptatrien-1-one","2-Cyclohexen-1-one, 3-methyl-6-(1-methylethyl)",1.0,0.0,3,1.0,0.0,3,0.5,0.6666666666666667,3,0.8535639569308375,0.0034182152429017,9,3,True,+,0.04145388230944496
"2,4,6-Cycloheptatrien-1-one",Isobutanol,-1.0,0.0,3,,,0,-1.0,0.0,3,-0.9047619047619048,0.0020082755054294,8,2,True,-,0.030756441106912835
"2,4-Di-tert-butylphenol",Oleamide,0.5,0.6666666666666667,3,0.6,0.2847569798652937,5,,,0,0.843889368629713,0.004233771601813,9,2,True,+,0.046248572836753876
"2,4-Imidazolidinedione, 5,5-dimethyl",2-Amino-4-methylbenzophenone,-1.0,0.0,3,-0.7,0.1881204043741872,5,-0.8720815992723809,0.0538542177275421,5,-0.7685979577875526,0.0021414518889562,13,3,True,-,0.03203711667492461
"2,4-Imidazolidinedione, 5,5-dimethyl",3-Aminobenzoic acid,,,0,0.9746794344808964,0.0048182304681985,5,0.753702346348183,0.0835232813732598,6,0.8699870009004829,0.0001105845198285,13,2,True,+,0.005502113011757835
"2,4-Imidazolidinedione, 5,5-dimethyl",6-Methyluracil,1.0,0.0,3,1.0,1.4042654220543672e-24,5,1.0,0.0,6,0.9145444702107072,4.667069431989616e-06,14,3,True,+,0.0009203795124574074
"2,4-Imidazolidinedione, 5,5-dimethyl",Durapan,,,0,0.8999999999999998,0.0373860734684987,5,0.9856107606091624,0.0003090856678496,6,0.8752318487115212,0.0001924209727438,12,2,True,+,0.008087955452176897
"2,4-Imidazolidinedione, 5,5-dimethyl","Hymexazole, tert-butyldimethylsilyl ether",1.0,0.0,3,1.0,1.4042654220543672e-24,5,0.9856107606091624,0.0003090856678496,6,0.8686555381503648,5.552386160469307e-05,14,3,True,+,0.003838052270072331
"2,4-Imidazolidinedione, 5,5-dimethyl",Isobutanol,-0.5,0.6666666666666667,3,-0.632455532033676,0.367544467966324,4,-0.8406680016960504,0.0360575728451591,6,-0.8770718232044199,8.241519947796606e-05,13,3,True,-,0.00461883444030862
"2,4-Imidazolidinedione, 5,5-dimethyl","Kojic acid, bis(tert-butyldimethylsilyl) ether",1.0,0.0,3,0.8999999999999998,0.0373860734684987,5,0.9856107606091624,0.0003090856678496,6,0.9657860176385884,2.1510846900322133e-08,14,3,True,+,1.5887759193245317e-05
"2,4-Imidazolidinedione, 5,5-dimethyl",Methanesulfonic acid,,,0,1.0,1.4042654220543672e-24,5,0.898645105261295,0.0148886220055803,6,0.8827661782921418,6.421724970292287e-05,13,2,True,+,0.0040816464603516045
"2,4-Imidazolidinedione, 5,5-dimethyl",Methylthiouracil,,,0,0.8999999999999998,0.0373860734684987,5,0.9856107606091624,0.0003090856678496,6,0.8701690660035031,0.0001097755224253,13,2,True,+,0.005502113011757835
"2,4-Imidazolidinedione, 5,5-dimethyl",Pinosylvin,,,0,0.8999999999999998,0.0373860734684987,5,0.9276336570439174,0.0076658441874731,6,0.8098641754282738,0.001408461154835,12,2,True,+,0.02492686171966565
"2,4-Imidazolidinedione, 5,5-dimethyl",Xylazine,1.0,0.0,3,0.9746794344808964,0.0048182304681985,5,0.4928053803045812,0.3206325828658273,6,0.7166737449608309,0.0039253309238447,14,3,True,+,0.04412574035612632
"2,5-Bis((tert-butyldimethylsilyl)oxy)-4,4-dimethyl-4H-imidazole","2,5-Dimethoxybenzhydrazide",,,0,-1.0,0.0,4,-0.8285714285714287,0.0415626822157433,6,-0.8727272727272729,0.0004546150514096,11,2,True,-,0.012557117170006593
"2,5-Bis((tert-butyldimethylsilyl)oxy)-4,4-dimethyl-4H-imidazole","2,5-Dimethoxyphenol",,,0,-1.0,0.0,4,-0.5428571428571429,0.2657026239067055,6,-0.7692307692307694,0.0034464502618274,12,2,True,-,0.04145388230944496
"2,5-Bis((tert-butyldimethylsilyl)oxy)-4,4-dimethyl-4H-imidazole","2',5'-Dimethoxypropiophenone",,,0,-1.0,0.0,4,-0.8857142857142858,0.0188454810495626,6,-0.7552447552447553,0.0045084354842942,12,2,True,-,0.0480273746538051
"2,5-Bis((tert-butyldimethylsilyl)oxy)-4,4-dimethyl-4H-imidazole","3-(4,7-Dimethoxy-2H-1,3-benzodioxol-5-yl)-2-methylprop-2-enal",,,0,-1.0,0.0,4,-0.8285714285714287,0.0415626822157433,6,-0.8511396590310907,0.0004459012873585,12,2,True,-,0.012494929552284924
"2,5-Bis((tert-butyldimethylsilyl)oxy)-4,4-dimethyl-4H-imidazole",6-Methyluracil,,,0,0.3999999999999999,0.6,4,0.9856107606091624,0.0003090856678496,6,0.7597600046957361,0.0041417911685995,12,2,True,+,0.045565594449428926
"2,5-Bis((tert-butyldimethylsilyl)oxy)-4,4-dimethyl-4H-imidazole","Cyclohexanone, 3,3,5-trimethyl",,,0,-1.0,0.0,4,-0.7999999999999999,0.1040880386618278,5,-0.8272727272727273,0.0016769738964523,11,2,True,-,0.027772411381503402
"2,5-Bis((tert-butyldimethylsilyl)oxy)-4,4-dimethyl-4H-imidazole",Cyclooctylamine,,,0,-0.948683298050514,0.0513167019494861,4,-0.942857142857143,0.004804664723032,6,-0.8717168613672982,0.0002197401583783,12,2,True,-,0.00856854361548661
"2,5-Bis((tert-butyldimethylsilyl)oxy)-4,4-dimethyl-4H-imidazole","Hymexazole, tert-butyldimethylsilyl ether",,,0,0.3999999999999999,0.6,4,0.942857142857143,0.004804664723032,6,0.795097541564023,0.0019934857741352,12,2,True,+,0.030756441106912835
"2,5-Bis((tert-butyldimethylsilyl)oxy)-4,4-dimethyl-4H-imidazole",Methylthiouracil,,,0,0.7999999999999999,0.2,4,0.942857142857143,0.004804664723032,6,0.7972027972027973,0.0019003677255282,12,2,True,+,0.029994783651500205
"2,5-Bis((tert-butyldimethylsilyl)oxy)-4,4-dimethyl-4H-imidazole",N-Acetylaminoethanol,,,0,-1.0,0.0,4,-0.7826908981308054,0.065703848071589,6,-0.7581271430137272,0.0042716701805428,12,2,True,-,0.04653112278354651
"2,5-Dimethoxybenzhydrazide","2,5-Dimethoxyphenol",,,0,0.8999999999999998,0.0373860734684987,5,0.8285714285714287,0.0415626822157433,6,0.8994490358126722,2.8535285835442064e-05,13,2,True,+,0.0025661848912942897
"2,5-Dimethoxybenzhydrazide","2',5'-Dimethoxypropiophenone",,,0,1.0,1.4042654220543672e-24,5,0.8857142857142858,0.0188454810495626,6,0.8415977961432507,0.0003094598618907,13,2,True,+,0.010378361194744577
"2,5-Dimethoxybenzhydrazide","3-(4,7-Dimethoxy-2H-1,3-benzodioxol-5-yl)-2-methylprop-2-enal",,,0,0.8999999999999998,0.0373860734684987,5,1.0,0.0,6,0.918845435960818,9.122175547454863e-06,13,2,True,+,0.0012377351874388758
"2,5-Dimethoxybenzhydrazide",6-Methyluracil,,,0,-0.7,0.1881204043741872,5,-0.8986451052612952,0.0148886220055803,6,-0.8199571820884434,0.0005988936886371,13,2,True,-,0.015038453856880945
"2,5-Dimethoxybenzhydrazide","Cyclohexanone, 3,3,5-trimethyl",,,0,0.8999999999999998,0.0373860734684987,5,0.4999999999999999,0.3910022189557705,5,0.8266212326392487,0.0009150112679836,12,2,True,+,0.018892991586189213
"2,5-Dimethoxybenzhydrazide",Cyclooctylamine,,,0,0.8720815992723809,0.0538542177275421,5,0.942857142857143,0.004804664723032,6,0.8784563904416316,7.765195124156319e-05,13,2,True,+,0.004459105179943433
"2,5-Dimethoxybenzhydrazide",Diethylamine,,,0,0.6,0.2847569798652937,5,0.9276336570439176,0.0076658441874731,6,0.7503455413516272,0.0031292339742582,13,2,True,+,0.03909773110971392
"2,5-Dimethoxybenzhydrazide",Durapan,,,0,-0.8999999999999998,0.0373860734684987,5,-0.8285714285714287,0.0415626822157433,6,-0.8272727272727273,0.0016769738964523,11,2,True,-,0.027772411381503402
"2,5-Dimethoxybenzhydrazide","Erythrono-1,4-lactone",,,0,0.4999999999999999,0.3910022189557705,5,0.7714285714285715,0.0723965014577259,6,0.7831521594031527,0.0015441969590293,13,2,True,+,0.026598706639493555
"2,5-Dimethoxybenzhydrazide","Hymexazole, tert-butyldimethylsilyl ether",,,0,-0.7,0.1881204043741872,5,-0.942857142857143,0.004804664723032,6,-0.8953168044077136,3.5320274236447706e-05,13,2,True,-,0.002841364001293357
"2,5-Dimethoxybenzhydrazide",Ketamine,,,0,-0.7999999999999999,0.1040880386618278,5,-0.6377481392176932,0.1730711102412597,6,-0.8135390156762908,0.0007166535625721,13,2,True,-,0.01659460674530725
"2,5-Dimethoxybenzhydrazide",Malic acid,,,0,-0.8999999999999998,0.0373860734684987,5,-0.6,0.2079999999999998,6,-0.8126721763085399,0.0007338647177282,13,2,True,-,0.016792040612159463
"2,5-Dimethoxybenzhydrazide",Methanesulfonic acid,,,0,-0.7,0.1881204043741872,5,-0.6571428571428573,0.1561749271137023,6,-0.7692307692307694,0.0034464502618274,12,2,True,-,0.04145388230944496
"2,5-Dimethoxybenzhydrazide",Methylthiouracil,,,0,-0.8999999999999998,0.0373860734684987,5,-0.942857142857143,0.004804664723032,6,-0.8966738794730833,7.780457125079336e-05,12,2,True,-,0.004459105179943433
"2,5-Dimethoxybenzonitrile","2,5-Dimethoxyphenol",1.0,0.0,3,1.0,1.4042654220543672e-24,5,0.3714285714285715,0.4684781341107871,6,0.7409045296990301,0.002432779896261,14,3,True,+,0.034993792992988326
"2,5-Dimethoxybenzonitrile","2',5'-Dimethoxypropiophenone",0.5,0.6666666666666667,3,0.8999999999999998,0.0373860734684987,5,0.7714285714285715,0.0723965014577259,6,0.8710038369973718,5.0092428059238115e-05,14,3,True,+,0.003521953078274069
"2,5-Dimethoxybenzonitrile",2-Methyl-3-pentanol,,,0,1.0,0.0,3,0.7999999999999999,0.1040880386618278,5,0.880952380952381,0.0038503204637324,8,2,True,+,0.04379173303897997
"2,5-Dimethoxybenzonitrile","3-(4,7-Dimethoxy-2H-1,3-benzodioxol-5-yl)-2-methylprop-2-enal",0.5,0.6666666666666667,3,1.0,1.4042654220543672e-24,5,0.7714285714285715,0.0723965014577259,6,0.7475197487142,0.0021161206573308,14,3,True,+,0.03189086565200549
"2,5-Dimethoxybenzonitrile","Benzene, 1,4-dimethoxy",0.8660254037844387,0.3333333333333332,3,0.8720815992723809,0.0538542177275421,5,0.8285714285714287,0.0415626822157433,6,0.7328231702575024,0.0028692243712946,14,3,True,+,0.03720359647888303
"2,5-Dimethoxybenzonitrile","Cyclohexanone, 3,3,5-trimethyl",1.0,0.0,3,1.0,1.4042654220543672e-24,5,0.6,0.2847569798652937,5,0.8539977308750584,0.0002026675677994,13,3,True,+,0.00817254791834962
"2,5-Dimethoxybenzonitrile",Cyclooctylamine,1.0,0.0,3,0.9746794344808964,0.0048182304681985,5,0.7142857142857143,0.1107871720116617,6,0.8384976273069871,0.0001791920186538,14,3,True,+,0.007799738400092318
"2,5-Dimethoxybenzonitrile",Diethylamine,1.0,0.0,3,0.7999999999999999,0.1040880386618278,5,0.8116794499134279,0.0498575851013403,6,0.8443708609271522,0.0001454172965756,14,3,True,+,0.006942329455035126
"2,5-Dimethoxyphenol","2',5'-Dimethoxypropiophenone",0.5,0.6666666666666667,3,0.8999999999999998,0.0373860734684987,5,0.5428571428571429,0.2657026239067055,6,0.7378854625550662,0.0025892035198963,14,3,True,+,0.03575875004085354
"2,5-Dimethoxyphenol","3-(4,7-Dimethoxy-2H-1,3-benzodioxol-5-yl)-2-methylprop-2-enal",0.5,0.6666666666666667,3,1.0,1.4042654220543672e-24,5,0.8285714285714287,0.0415626822157433,6,0.7929515418502203,0.0007161767652945,14,3,True,+,0.01659460674530725
"2,5-Dimethoxyphenol","3,4-Methylenedioxyamphetamine",-1.0,0.0,3,,,0,-1.0,0.0,4,-0.903773601456181,0.0008274112226859,9,2,True,-,0.018076831627832628
"2,5-Dimethoxyphenol","Cyclohexanone, 3,3,5-trimethyl",1.0,0.0,3,1.0,1.4042654220543672e-24,5,0.4999999999999999,0.3910022189557705,5,0.8610737169333417,0.0001564263884921,13,3,True,+,0.007257316907428225
"2,5-Dimethoxyphenol",Cyclooctylamine,1.0,0.0,3,0.9746794344808964,0.0048182304681985,5,0.7142857142857143,0.1107871720116617,6,0.8276288566772523,0.0002583540352736,14,3,True,+,0.009469716155478779
"2,5-Dimethoxyphenol",Ketamine,-0.5,0.6666666666666667,3,-0.6,0.2847569798652937,5,-0.8986451052612952,0.0148886220055803,6,-0.7353379614340438,0.002727281802186,14,3,True,-,0.03649272916627427
"2,5-Dimethoxyphenol",Malic acid,-1.0,0.0,3,-0.7999999999999999,0.1040880386618278,5,-0.8285714285714287,0.0415626822157433,6,-0.7731277533039648,0.0011834045944413,14,3,True,-,0.022377631133029374
"2,5-Dimethoxyphenol",Trimethylolpropane,,,0,1.0,0.0,3,0.8720815992723809,0.0538542177275421,5,0.9244023874976196,0.0003630412158392,9,2,True,+,0.011121483960418349
"2',5'-Dimethoxypropiophenone",2-Methyl-3-pentanol,,,0,1.0,0.0,3,0.4999999999999999,0.3910022189557705,5,0.880952380952381,0.0038503204637324,8,2,True,+,0.04379173303897997
"2',5'-Dimethoxypropiophenone",Cholesterol,-0.5,0.6666666666666667,3,-0.6,0.2847569798652937,5,-0.8285714285714287,0.0415626822157433,6,-0.7062710544422952,0.0047527217707986,14,3,True,-,0.049116116323936754
"2',5'-Dimethoxypropiophenone","Cyclohexanone, 3,3,5-trimethyl",0.5,0.6666666666666667,3,0.8999999999999998,0.0373860734684987,5,0.6,0.2847569798652937,5,0.7922978609482505,0.0012416663537993,13,3,True,+,0.023184688703222347
"2',5'-Dimethoxypropiophenone",Cyclooctylamine,0.5,0.6666666666666667,3,0.8720815992723809,0.0538542177275421,5,0.942857142857143,0.004804664723032,6,0.924866959998478,2.2054991983614096e-06,14,3,True,+,0.0005685776933375714
"2',5'-Dimethoxypropiophenone",Durapan,,,0,-0.8999999999999998,0.0373860734684987,5,-0.8857142857142858,0.0188454810495626,6,-0.7692307692307694,0.0034464502618274,12,2,True,-,0.04145388230944496
"2',5'-Dimethoxypropiophenone","Hymexazole, tert-butyldimethylsilyl ether",-0.5,0.6666666666666667,3,-0.7,0.1881204043741872,5,-0.942857142857143,0.004804664723032,6,-0.7246696035242292,0.003369929121782,14,3,True,-,0.04145388230944496
"2',5'-Dimethoxypropiophenone",Methylthiouracil,,,0,-0.8999999999999998,0.0373860734684987,5,-0.942857142857143,0.004804664723032,6,-0.7812937239906358,0.0016121682096553,13,2,True,-,0.027294529696610115
"2,6-di-tert-Butyl-4-(dimethylaminomethyl)phenol",4-Aminobutanoic acid,1.0,0.0,3,1.0,0.0,3,0.7999999999999999,0.2,4,0.8753839828992931,0.0009053258282579,10,3,True,+,0.018771554841143696
"2-Allyl-1,4-dimethoxybenzene",2-Pyrrolidone-5-carboxylic acid,0.5,0.6666666666666667,3,0.8249579113843054,0.0855662812899266,5,0.8857142857142858,0.0188454810495626,6,0.7648311695204003,0.0014396061136539,14,3,True,+,0.025361990166285337
"2-Allyl-1,4-dimethoxybenzene",Butanedioic acid,1.0,0.0,3,0.9486832980505135,0.0138468329888591,5,0.5428571428571429,0.2657026239067055,6,0.7090340658160902,0.0045207744164585,14,3,True,+,0.0480273746538051
"2-Allyl-1,4-dimethoxybenzene",Glycolic acid,0.5,0.6666666666666667,3,0.5270462766947298,0.3614548502018728,5,0.9276336570439176,0.0076658441874731,6,0.798228126285287,0.0006209914569364,14,3,True,+,0.01529537556670738
"2-Allyl-1,4-dimethoxybenzene",Hexanoic acid,0.5,0.6666666666666667,3,0.4325904563487001,0.4669051245209188,5,0.8986451052612952,0.0148886220055803,6,0.7199651275336821,0.003688626680736,14,3,True,+,0.04323439472599181
"2-Allyl-1,4-dimethoxybenzene","Phenol, 2,4-bis(1-methyl-1-phenylethyl)-",1.0,0.0,3,0.7378647873726218,0.154618523128449,5,0.942857142857143,0.004804664723032,6,0.8606278940412968,7.783542788884968e-05,14,3,True,+,0.004459105179943433
2-Amino-4-methylbenzophenone,6-Methyluracil,-1.0,0.0,3,-0.7,0.1881204043741872,5,-0.8720815992723809,0.0538542177275421,5,-0.832661682048394,0.000410971105357,13,3,True,-,0.011859890032951636
2-Amino-4-methylbenzophenone,Biphenyl,-0.5,0.6666666666666667,3,-0.7999999999999999,0.1040880386618278,5,-0.3,0.6238376647810728,5,-0.7906366089069089,0.0012928289125134,13,3,True,-,0.02380468147943065
2-Amino-4-methylbenzophenone,"Hymexazole, tert-butyldimethylsilyl ether",-1.0,0.0,3,-0.7,0.1881204043741872,5,-0.8999999999999998,0.0373860734684987,5,-0.8280613060604979,0.0004726320507779,13,3,True,-,0.012780896086420555
2-Amino-4-methylbenzophenone,"Kojic acid, bis(tert-butyldimethylsilyl) ether",-1.0,0.0,3,-0.8999999999999998,0.0373860734684987,5,-0.7999999999999999,0.1040880386618278,5,-0.8280613060604979,0.0004726320507779,13,3,True,-,0.012780896086420555
2-Butenedioic acid,L-Glutamic acid,,,0,-0.5,0.6666666666666667,3,-1.0,0.0,3,-0.942857142857143,0.004804664723032,6,2,True,-,0.04917264725608281
"2-Butenoic acid, 3-[(tert-butyldimethylsilyl)oxy]",2-Naphthol,-1.0,0.0,3,-0.6668859288553503,0.2188939813132315,5,-0.7356123579206245,0.0956107807382796,6,-0.8429844097995545,0.0001528809418408,14,3,True,-,0.007209641489004557
"2-Butenoic acid, 3-[(tert-butyldimethylsilyl)oxy]",Durapan,,,0,-0.8207826816681234,0.0885870053135437,5,-0.942857142857143,0.004804664723032,6,-0.7979021271386156,0.0018701848339806,12,2,True,-,0.029585440123453096
"2-Butenoic acid, 3-[(tert-butyldimethylsilyl)oxy]",N-Acetylaminoethanol,0.5000000000000001,0.6666666666666667,3,0.7631578947368421,0.1333391195318062,5,0.9276336570439176,0.0076658441874731,6,0.8935179717888703,1.666981324482165e-05,14,3,True,+,0.001803600922928269
"2-Butenoic acid, 3-[(tert-butyldimethylsilyl)oxy]",Stearic acid,-0.5000000000000001,0.6666666666666667,3,-0.6668859288553503,0.2188939813132315,5,-0.7999999999999999,0.2,4,-0.7957746478873238,0.0019631639745789,12,3,True,-,0.030488173050990386
2-Butoxyethanol,2-Hydroxy-3-methylbutyric acid,,,0,1.0,1.4042654220543672e-24,5,0.6,0.2079999999999998,6,0.8234490591671352,0.0005415854080189,13,2,True,+,0.014198717103790415
2-Butoxyethanol,2-Pentadecanone,0.8660254037844387,0.3333333333333332,3,1.0,1.4042654220543672e-24,5,0.7589709258986453,0.0801412280583238,6,0.7564189261639065,0.0017426016248206,14,3,True,+,0.028433082207515867
2-Butoxyethanol,"5-Nonanol, tert-butyldimethylsilyl ether",0.5,0.6666666666666667,3,0.8999999999999998,0.0373860734684987,5,0.7356123579206245,0.0956107807382796,6,0.8254148685419374,0.0002774993348256,14,3,True,+,0.009755362979732682
2-Butoxyethanol,6-Oxoheptanoic acid,0.8660254037844387,0.3333333333333332,3,0.8207826816681233,0.0885870053135438,5,0.6571428571428573,0.1561749271137023,6,0.7223469005692118,0.0035244476638838,14,3,True,+,0.04212995090027405
2-Butoxyethanol,Adenine,,,0,1.0,1.4042654220543672e-24,5,0.7714285714285715,0.0723965014577259,6,0.8330417083008015,0.0007663957317893,12,2,True,+,0.017433248793113074
2-Butoxyethanol,"Benzenesulfonamide, N-butyl",0.5,0.6666666666666667,3,1.0,1.4042654220543672e-24,5,0.9856107606091624,0.0003090856678496,6,0.8344370860927152,0.0002060572593843,14,3,True,+,0.00817254791834962
2-Butoxyethanol,Benzophenone,,,0,0.8207826816681233,0.0885870053135438,5,0.7714285714285715,0.0723965014577259,6,0.7645458696117137,0.0023361207834596,13,2,True,+,0.03402553321897655
2-Butoxyethanol,"Dodecanoic acid, 1-methylethyl ester",0.5,0.6666666666666667,3,1.0,1.4042654220543672e-24,5,0.942857142857143,0.004804664723032,6,0.7615894039735099,0.001550947305007,14,3,True,+,0.026655614348720304
2-Butoxyethanol,Hexacosanoic acid,,,0,1.0,0.0,4,0.6155870112510925,0.2689977701158222,5,0.8827609532623056,0.0003189307316742,11,2,True,+,0.010451738469357045
2-Butoxyethanol,Iminodiacetic acid,1.0,0.0,3,0.8720815992723809,0.0538542177275421,5,0.6377481392176932,0.1730711102412597,6,0.7630163924892177,0.0015011225881747,14,3,True,+,0.026089173251557594
2-Butoxyethanol,Isopropyl palmitate,0.8660254037844387,0.3333333333333332,3,1.0,1.4042654220543672e-24,5,0.9856107606091624,0.0003090856678496,6,0.8351790351144792,0.0002009195384711,14,3,True,+,0.00817254791834962
2-Butoxyethanol,L-Alanine,0.8660254037844387,0.3333333333333332,3,0.9746794344808964,0.0048182304681985,5,0.8406680016960503,0.0360575728451592,6,0.7558015663757499,0.0017666873555159,14,3,True,+,0.02870495799907557
2-Butoxyethanol,L-Glutamine,0.5,0.6666666666666667,3,1.0,1.4042654220543672e-24,5,0.8116794499134279,0.0498575851013403,6,0.7323026771467354,0.0028993171499156,14,3,True,+,0.03731001470457113
2-Butoxyethanol,N-Caffeoyl-O-methyltyramine,,,0,0.8999999999999998,0.0373860734684987,5,0.5217939320872036,0.2883432338003937,6,0.8804934511786952,0.0001565616108465,12,2,True,+,0.007257316907428225
2-Butoxyethanol,Niacin,0.5,0.6666666666666667,3,0.8999999999999998,0.0373860734684987,5,0.6668859288553501,0.2188939813132316,5,0.8066298342541436,0.0008630912979484,13,3,True,+,0.01838883773645434
2-Butoxyethanol,Norketamine,0.8660254037844387,0.3333333333333332,3,1.0,1.4042654220543672e-24,5,0.8827348295047495,0.019820416588882,6,0.8600191117481717,7.978760827105303e-05,14,3,True,+,0.004537333546825913
"2-Cyclohexen-1-one, 3-methyl-",2-Methyl-3-pentanol,,,0,1.0,0.0,3,0.8999999999999998,0.0373860734684987,5,0.9523809523809524,0.0002604000243872,8,2,True,+,0.009499687682125495
"2-Cyclohexen-1-one, 3-methyl-",Hydracrylic acid,1.0,0.0,3,0.8999999999999998,0.0373860734684987,5,0.8285714285714287,0.0415626822157433,6,0.7147577092511014,0.0040685160092118,14,3,True,+,0.045080089993186336
2-Decanol,"5-Nonanol, tert-butyldimethylsilyl ether",,,0,0.8720815992723809,0.0538542177275421,5,0.6668859288553501,0.2188939813132316,5,0.781306329776349,0.0026928436958582,12,2,True,+,0.036381822988017176
2-Decanol,Adenine,,,0,0.9746794344808964,0.0048182304681985,5,0.3999999999999999,0.5046315754686911,5,0.8292837093139817,0.0030075863036816,10,2,True,+,0.03825768498794982
2-Decanol,Diacetyl monoxime,,,0,0.9746794344808964,0.0048182304681985,5,0.7,0.1881204043741872,5,0.866202552849371,0.0002685969819985,12,2,True,+,0.009627056035566324
2-Decanol,"Dodecanoic acid, 1-methylethyl ester",,,0,0.9746794344808964,0.0048182304681985,5,0.1999999999999999,0.747060078104662,5,0.7588075208904042,0.004217183214573,12,2,True,+,0.046132524726319075
2-Decanol,L-Glutamine,,,0,0.9746794344808964,0.0048182304681985,5,0.4616902584383193,0.4337661561690278,5,0.7929215959311096,0.0020933598933276,12,2,True,+,0.03172870400176475
2-Decanol,L-Leucine,,,0,0.8157894736842107,0.0922413612883242,5,1.0,1.4042654220543672e-24,5,0.8262463297176149,0.0009243287102111,12,2,True,+,0.019012654906310232
2-Decanol,"l-Norvaline, n-propargyloxycarbonyl-, isohexyl ester",,,0,-0.948683298050514,0.0513167019494861,4,-0.7999999999999999,0.2,4,-0.8818643902180501,0.0016592260620969,9,2,True,-,0.027656151647106518
2-Decanol,L-Tryptophan,,,0,0.9746794344808964,0.0048182304681985,5,0.6,0.2847569798652937,5,0.7872389922631353,0.0023722687935983,12,2,True,+,0.03448708054452867
2-Decanol,Norketamine,,,0,0.9746794344808964,0.0048182304681985,5,0.4743416490252569,0.4195311281789212,5,0.8259442304308011,0.0009318898974367,12,2,True,+,0.01911733810815766
2-Decanol,Vanillylmandelic acid,,,0,0.9746794344808964,0.0048182304681985,5,0.7999999999999999,0.2,4,0.9453781512605044,0.0001188578499567,9,2,True,+,0.005781425229969293
2-Ethyl-1-butanol,DL-p-Hydroxyphenyllactic acid,,,0,1.0,0.0,3,0.8660254037844387,0.3333333333333332,3,0.9856107606091624,0.0003090856678496,6,2,True,+,0.010378361194744577
2-Ethyl-1-butanol,Glycerol,,,0,0.5,0.6666666666666667,3,1.0,0.0,3,0.942857142857143,0.004804664723032,6,2,True,+,0.04917264725608281
2-Ethyl-1-butanol,L-Valine,,,0,0.5,0.6666666666666667,3,1.0,0.0,3,0.942857142857143,0.004804664723032,6,2,True,+,0.04917264725608281
2-Ethylhexanoic acid,4-Aminobutanoic acid,0.5,0.6666666666666667,3,0.8944271909999159,0.040519326353834,5,0.8406680016960504,0.0360575728451591,6,0.7567888156578568,0.0017282961149883,14,3,True,+,0.02831915710449049
2-Ethylhexanoic acid,4-Methoxyphenol,-1.0,0.0,3,,,0,-0.948683298050514,0.0513167019494861,4,-0.8461847541898053,0.0040293725315142,9,2,True,-,0.0447104263396425
2-Ethylhexanoic acid,Biphenyl,0.5,0.6666666666666667,3,0.4472135954999579,0.4501848557521009,5,0.8406680016960504,0.0360575728451591,6,0.8197710424485634,0.000331531225412,14,3,True,+,0.010722022637725908
2-Ethylhexanoic acid,Hexanoic acid,0.5,0.6666666666666667,3,0.9176629354822472,0.0280084560101461,5,0.9558823529411764,0.0028766156116425,6,0.7727292684149439,0.0011948116895635,14,3,True,+,0.022538228309961245
2-Ethylhexanoic acid,N-Acetylaspartic acid,1.0,0.0,3,0.7826237921249264,0.117613760873458,5,0.8207826816681234,0.0885870053135437,5,0.7560864148142503,0.002786825090861,13,3,True,+,0.03668278953265882
2-Ethylhexanoic acid,Pentanoic acid,1.0,0.0,3,0.8029550685469662,0.1018379703774071,5,0.753702346348183,0.0835232813732598,6,0.7595762602714857,0.0016234650292836,14,3,True,+,0.02735485519930144
2-Furoic acid,"2-Methylcyclohexanol, (Z)",0.5,0.6666666666666667,3,0.9746794344808964,0.0048182304681985,5,0.7999999999999999,0.2,4,0.8056738299614166,0.0015588760741669,12,3,True,+,0.02668296906883792
2-Furoic acid,"3,5-Dimethylphenol",0.5,0.6666666666666667,3,1.0,1.4042654220543672e-24,5,0.7999999999999999,0.2,4,0.9508771929824562,2.0738332874995107e-06,12,3,True,+,0.0005530698843283177
2-Furoic acid,3-Buten-2-one,1.0,0.0,3,1.0,1.4042654220543672e-24,5,0.3999999999999999,0.6,4,0.8686528207395494,0.0002459421331757,12,3,True,+,0.009101035684118965
2-Furoic acid,Heptanoic acid,0.5,0.6666666666666667,3,0.8207826816681233,0.0885870053135438,5,0.316227766016838,0.683772233983162,4,0.8430453101986295,0.0005727921838997,12,3,True,+,0.014673420137445622
2-Furoic acid,Isopropylamine,-1.0,0.0,3,-0.7,0.1881204043741872,5,-0.3999999999999999,0.6,4,-0.8611612596358496,0.000320308143519,12,3,True,-,0.010452587265721291
2-Furoic acid,N-Acetyl-L-alanine,0.5,0.6666666666666667,3,0.5642880936468347,0.3217233358243002,5,0.1999999999999999,0.8,4,0.7834555610121344,0.0025731177911952,12,3,True,+,0.03566396594463024
2-Furoic acid,Salsoline,1.0,0.0,3,0.8720815992723809,0.0538542177275421,5,0.5,0.6666666666666667,3,0.8356164383561645,0.0013592497462267,11,3,True,+,0.024411690574160774
2-Hexanol,Benzenepropanoic acid,1.0,0.0,3,0.6,0.2847569798652937,5,0.8333333333333335,0.1666666666666665,4,0.8303938767900017,0.0008252284654677,12,3,True,+,0.018076831627832628
2-Hexanol,Methanesulfonic acid,,,0,-0.7,0.1881204043741872,5,-0.948683298050514,0.0513167019494861,4,-0.7945288310603683,0.0034824595262923,11,2,True,-,0.04182195959059728
"2'-Hydroxy-2,4,4',5-tetramethoxychalcone",2-Hydroxy-3-methylbutyric acid,,,0,1.0,0.0,4,0.753702346348183,0.0835232813732598,6,0.8973802724505697,7.527328053632733e-05,12,2,True,+,0.004410329936878452
"2'-Hydroxy-2,4,4',5-tetramethoxychalcone",2-Naphthol,0.5000000000000001,0.6666666666666667,3,1.0,0.0,4,0.4776651472212256,0.3379952727905472,6,0.8055951935014792,0.0008869090464396,13,3,True,+,0.01857636595359345
"2'-Hydroxy-2,4,4',5-tetramethoxychalcone",2-Pentadecanone,0.5000000000000001,0.6666666666666667,3,1.0,0.0,4,0.6468431588153823,0.1650568144513019,6,0.9269699492321748,5.188710072512919e-06,13,3,True,+,0.0009203795124574074
"2'-Hydroxy-2,4,4',5-tetramethoxychalcone","6-Aminocaproic acid, N-(tert.-butyldimethylsilyl)",1.0,0.0,3,0.7999999999999999,0.2,4,0.632455532033676,0.367544467966324,4,0.8508181623098062,0.000898866563251,11,3,True,+,0.018687725806944177
"2'-Hydroxy-2,4,4',5-tetramethoxychalcone",Adenine,,,0,1.0,0.0,4,0.753702346348183,0.0835232813732598,6,0.8833160092416847,0.0003124515602143,11,2,True,+,0.010378361194744577
"2'-Hydroxy-2,4,4',5-tetramethoxychalcone",Benzophenone,,,0,0.948683298050514,0.0513167019494861,4,0.753702346348183,0.0835232813732598,6,0.7588652482269505,0.0042125845575383,12,2,True,+,0.046132524726319075
"2'-Hydroxy-2,4,4',5-tetramethoxychalcone",Butachlor ESA,,,0,1.0,0.0,3,0.7999999999999999,0.2,4,0.9534073144497984,6.867683713957576e-05,9,2,True,+,0.004190641415930145
"2'-Hydroxy-2,4,4',5-tetramethoxychalcone","Cytosine, N-(tert-butyldimethylsilyl)-",1.0,0.0,3,1.0,0.0,4,0.9856107606091624,0.0003090856678496,6,0.9819093879936815,2.679379931978316e-09,13,3,True,+,2.960332056274328e-06
"2'-Hydroxy-2,4,4',5-tetramethoxychalcone","Dodecanoic acid, 1-methylethyl ester",0.8660254037844387,0.3333333333333332,3,1.0,0.0,4,0.9856107606091624,0.0003090856678496,6,0.9736449188132972,2.088828547873054e-08,13,3,True,+,1.5887759193245317e-05
"2'-Hydroxy-2,4,4',5-tetramethoxychalcone","D-Streptamine, O-6-amino-6-deoxy-alpha-D-glucopyranosyl-(1-4)-O-(3-deoxy-4-C-methyl-3-(methylamino)-beta-L-arabinopyranosyl-(1-6))-2-deoxy-",0.8660254037844387,0.3333333333333332,3,1.0,0.0,3,0.7352941176470588,0.0958299409729289,6,0.9167185422031484,2.7399141149458173e-05,12,3,True,+,0.002492999501763641
"2'-Hydroxy-2,4,4',5-tetramethoxychalcone",Frangulin,0.8660254037844387,0.3333333333333332,3,1.0,0.0,3,0.948683298050514,0.0513167019494861,4,0.957191020178147,1.3951817946892017e-05,10,3,True,+,0.0016104979104666099
"2'-Hydroxy-2,4,4',5-tetramethoxychalcone","Glycine, tert.-butyldimethylsilyl ester",0.8660254037844387,0.3333333333333332,3,0.948683298050514,0.0513167019494861,4,0.0147058823529411,0.9779427666395276,6,0.7366946778711484,0.0040746435944034,13,3,True,+,0.045083395649665084
"2'-Hydroxy-2,4,4',5-tetramethoxychalcone",Hexacosanoic acid,,,0,1.0,0.0,3,0.3421052631578947,0.573070286629975,5,0.901840490797546,0.0003602557796245,10,2,True,+,0.011121483960418349
"2'-Hydroxy-2,4,4',5-tetramethoxychalcone",Isopropyl palmitate,0.5000000000000001,0.6666666666666667,3,1.0,0.0,4,0.9705882352941178,0.0012848565031548,6,0.9833021672674316,1.72914475282687e-09,13,3,True,+,2.7895103356550856e-06
"2'-Hydroxy-2,4,4',5-tetramethoxychalcone",L-Glutamine,0.8660254037844387,0.3333333333333332,3,1.0,0.0,4,0.6764705882352942,0.1400748015469161,6,0.926088999023,5.532875740238161e-06,13,3,True,+,0.0009302448038043898
"2'-Hydroxy-2,4,4',5-tetramethoxychalcone",L-Tryptophan,1.0,0.0,3,1.0,0.0,4,0.6087595874350709,0.1996601894603625,6,0.903634810229756,2.277278901096462e-05,13,3,True,+,0.0022294272178582327
"2'-Hydroxy-2,4,4',5-tetramethoxychalcone",N-Caffeoyl-O-methyltyramine,,,0,0.7999999999999999,0.2,4,0.3970588235294118,0.4357110599430083,6,0.8551746734728585,0.0007918431860956,11,2,True,+,0.017854563268989418
"2'-Hydroxy-2,4,4',5-tetramethoxychalcone",N-Methyl-1-[(trimethylsilyl)oxy]-1-{4-[(trimethylsilyl)oxy]phenyl}propan-2-amine,0.8660254037844387,0.3333333333333332,3,1.0,0.0,3,0.7999999999999999,0.2,4,0.944606427885211,3.851680770808943e-05,10,3,True,+,0.0028921261244112977
"2'-Hydroxy-2,4,4',5-tetramethoxychalcone",Suberic acid,,,0,0.7999999999999999,0.2,4,0.6667366910003157,0.1480897994403527,6,0.8042440616120817,0.0016129201582909,12,2,True,+,0.027294529696610115
"2'-Hydroxy-2,4,4',5-tetramethoxychalcone",Triethyl citrate,,,3,1.0,0.0,4,0.7999999999999999,0.2,4,0.8723921393438704,0.0004597951635974,11,2,True,+,0.012655002830114916
"2'-Hydroxy-2,4,4',5-tetramethoxychalcone",Yangonin,0.8660254037844387,0.3333333333333332,3,1.0,0.0,3,0.7352941176470588,0.0958299409729289,6,0.8508328436543104,0.0004502714396035,12,3,True,+,0.012526616237026868
2-Hydroxy-3-methylbutyric acid,2-Pentadecanone,,,0,1.0,1.4042654220543672e-24,5,0.2125118592516207,0.6860308660088958,6,0.8375129246818993,0.0003530385303776,13,2,True,+,0.011054250987612787
2-Hydroxy-3-methylbutyric acid,"3,5-Dimethylphenol",,,0,1.0,1.4042654220543672e-24,5,0.7,0.1881204043741872,5,0.7807017543859649,0.0027272752164583,12,2,True,+,0.03649272916627427
2-Hydroxy-3-methylbutyric acid,"5-Nonanol, tert-butyldimethylsilyl ether",,,0,0.8999999999999998,0.0373860734684987,5,0.5002164033860247,0.3122565813186083,6,0.8686038737130417,0.0001168872267606,13,2,True,+,0.005721555770673926
2-Hydroxy-3-methylbutyric acid,"Benzenesulfonamide, N-butyl",,,0,1.0,1.4042654220543672e-24,5,0.6377481392176932,0.1730711102412597,6,0.8798342541436464,7.313314091419457e-05,13,2,True,+,0.0043508593217721605
2-Hydroxy-3-methylbutyric acid,Benzophenone,,,0,0.8207826816681233,0.0885870053135438,5,0.8285714285714287,0.0415626822157433,6,0.7879907852092358,0.0023338279549567,12,2,True,+,0.03402553321897655
2-Hydroxy-3-methylbutyric acid,Butachlor ESA,,,0,1.0,0.0,4,0.7999999999999999,0.2,4,0.9118583155200968,0.000237143637005,10,2,True,+,0.009034822111313645
2-Hydroxy-3-methylbutyric acid,"Cytosine, N-(tert-butyldimethylsilyl)-",,,0,1.0,1.4042654220543672e-24,5,0.6571428571428573,0.1561749271137023,6,0.8107734806629834,0.0007727028953558,13,2,True,+,0.017525173585577
2-Hydroxy-3-methylbutyric acid,DL-p-Hydroxyphenyllactic acid,,,0,0.7999999999999999,0.2,4,0.9746794344808964,0.0048182304681985,5,0.782610744706652,0.004405939129541,11,2,True,+,0.047658088430587546
2-Hydroxy-3-methylbutyric acid,"Dodecanoic acid, 1-methylethyl ester",,,0,1.0,1.4042654220543672e-24,5,0.6571428571428573,0.1561749271137023,6,0.8620697855602336,0.0001506580453442,13,2,True,+,0.00714840075271192
2-Hydroxy-3-methylbutyric acid,"D-Streptamine, O-6-amino-6-deoxy-alpha-D-glucopyranosyl-(1-4)-O-(3-deoxy-4-C-methyl-3-(methylamino)-beta-L-arabinopyranosyl-(1-6))-2-deoxy-",,,0,1.0,0.0,4,0.6667366910003157,0.1480897994403527,6,0.7764084507042253,0.0029815363543703,12,2,True,+,0.03822905897947452
2-Hydroxy-3-methylbutyric acid,Frangulin,,,0,1.0,0.0,4,0.948683298050514,0.0513167019494861,4,0.8960286546715561,0.0004501852207434,10,2,True,+,0.012526616237026868
2-Hydroxy-3-methylbutyric acid,"Glycine, tert.-butyldimethylsilyl ester",,,0,0.6668859288553501,0.2188939813132316,5,0.4638168285219587,0.3541642984362303,6,0.7389002917591548,0.0039086146114872,13,2,True,+,0.044001783704864635
2-Hydroxy-3-methylbutyric acid,Iminodiacetic acid,,,0,0.8720815992723809,0.0538542177275421,5,0.5797710356524484,0.227783956715016,6,0.8072191929880308,0.0008497510659656,13,2,True,+,0.018333811929054977
2-Hydroxy-3-methylbutyric acid,Isopropyl palmitate,,,0,1.0,1.4042654220543672e-24,5,0.6377481392176932,0.1730711102412597,6,0.8755195096502475,8.803064612114608e-05,13,2,True,+,0.004857776967318655
2-Hydroxy-3-methylbutyric acid,L-Alanine,,,0,0.9746794344808964,0.0048182304681985,5,0.5507824838698261,0.2573693316225744,6,0.8701657458563536,0.0001097902328718,13,2,True,+,0.005502113011757835
2-Hydroxy-3-methylbutyric acid,L-Glutamine,,,0,1.0,1.4042654220543672e-24,5,0.4058397249567139,0.4246625075613645,6,0.8587290564479393,0.0001707015559941,13,2,True,+,0.0075873898509101695
2-Hydroxy-3-methylbutyric acid,N-Caffeoyl-O-methyltyramine,,,0,0.8999999999999998,0.0373860734684987,5,0.4638168285219587,0.3541642984362303,6,0.8644366197183098,0.0002859085316708,12,2,True,+,0.009871502606883784
2-Hydroxy-3-methylbutyric acid,Norketamine,,,0,1.0,1.4042654220543672e-24,5,0.1765469659009499,0.7379309324353432,6,0.7705332351606563,0.0020530626481629,13,2,True,+,0.03127911733784223
2-Hydroxy-3-methylbutyric acid,Pentanedioic acid,,,0,0.7999999999999999,0.2,4,0.753702346348183,0.0835232813732598,6,0.8172244606748368,0.0011715096271612,12,2,True,+,0.022206998667805688
2-Hydroxy-3-methylbutyric acid,Suberic acid,,,0,0.7999999999999999,0.1040880386618278,5,0.942857142857143,0.004804664723032,6,0.8526368275743421,0.0004250464837061,12,2,True,+,0.012087737164645618
"2-Methyl-1,3-butanediol",Biphenyl,1.0,0.0,3,0.3,0.6238376647810728,5,0.4638168285219587,0.3541642984362307,6,0.7200071112164625,0.003685681606011,14,3,True,+,0.04323439472599181
2-Methyl-3-pentanol,8-Methylnonanoic acid,,,0,1.0,0.0,3,0.9746794344808964,0.0048182304681985,5,0.8742671711966791,0.004512385603651,8,2,True,+,0.0480273746538051
2-Methyl-3-pentanol,"Benzene, 1,4-dimethoxy",,,0,1.0,0.0,3,0.8999999999999998,0.0373860734684987,5,0.9157291161525718,0.0014031743248924,8,2,True,+,0.02489025281816014
2-Methyl-3-pentanol,Citramalic acid,,,0,0.5,0.6666666666666667,3,0.7999999999999999,0.2,4,0.9285714285714288,0.0025194724037946,7,2,True,+,0.035448073600420064
2-Methyl-3-pentanol,"Cyclohexanone, 3,3,5-trimethyl",,,0,1.0,0.0,3,1.0,0.0,4,0.9642857142857144,0.0004541491691941,7,2,True,+,0.012557117170006593
2-Methyl-3-pentanol,Cyclooctylamine,,,0,0.8660254037844387,0.3333333333333332,3,0.6,0.2847569798652937,5,0.8982196964349441,0.0024387967963823,8,2,True,+,0.034993792992988326
2-Methyl-3-pentanol,Diethylamine,,,0,1.0,0.0,3,0.7999999999999999,0.1040880386618278,5,0.8982196964349441,0.0024387967963823,8,2,True,+,0.034993792992988326
2-Methyl-3-pentanol,"D-Streptamine, O-6-amino-6-deoxy-alpha-D-glucopyranosyl-(1-4)-O-(3-deoxy-4-C-methyl-3-(methylamino)-beta-L-arabinopyranosyl-(1-6))-2-deoxy-",,,0,1.0,0.0,3,0.7181848464596079,0.1717953049079889,5,0.934148484292342,0.000679105745231,8,2,True,+,0.016143410287430514
2-Methyl-3-pentanol,Trimethylolpropane,,,0,1.0,0.0,3,0.632455532033676,0.367544467966324,4,0.9369749612033814,0.0018510301964418,7,2,True,+,0.02945651757053679
"2-Methylcyclohexanol, (Z)","3,5-Dimethylphenol",1.0,0.0,3,0.9746794344808964,0.0048182304681985,5,0.8999999999999998,0.0373860734684987,5,0.8199571820884433,0.0005988936886371,13,3,True,+,0.015038453856880945
"2-Methylcyclohexanol, (Z)",3-Buten-2-one,0.5,0.6666666666666667,3,0.9746794344808964,0.0048182304681985,5,0.898645105261295,0.0148886220055803,6,0.8992385913922345,1.2122342873959964e-05,14,3,True,+,0.0014987092646197079
"2-Methylcyclohexanol, (Z)","5-Nonanol, tert-butyldimethylsilyl ether",0.5,0.6666666666666667,3,0.8207826816681234,0.0885870053135437,5,0.7015706849811751,0.1203010183307567,6,0.763600237263309,0.0014811079172206,14,3,True,+,0.02591828256530358
"2-Methylcyclohexanol, (Z)","6,7,4'-Trihydroxyisoflavone",1.0,0.0,3,0.8207826816681234,0.0885870053135437,5,0.6911764705882353,0.1283314039283532,6,0.7408751448785774,0.0024342654726868,14,3,True,+,0.034993792992988326
"2-Methylcyclohexanol, (Z)","Benzenesulfonamide, N-butyl",0.5,0.6666666666666667,3,0.9746794344808964,0.0048182304681985,5,0.8823529411764706,0.0199470791776918,6,0.8536669305571511,0.0001026401139775,14,3,True,+,0.005348789252946289
"2-Methylcyclohexanol, (Z)",Diacetyl monoxime,0.8660254037844387,0.3333333333333332,3,0.9746794344808964,0.0048182304681985,5,0.4638168285219587,0.3541642984362307,6,0.7044461838198852,0.0049109489036538,14,3,True,+,0.04971371573410797
"2-Methylcyclohexanol, (Z)",Lignoceric acid,1.0,0.0,3,0.8207826816681234,0.0885870053135437,5,0.4264705882352941,0.3990767479136982,6,0.8736227808818638,4.4554245940133995e-05,14,3,True,+,0.003281738458104727
"2-Methylcyclohexanol, (Z)","l-Norvaline, n-propargyloxycarbonyl-, isohexyl ester",,,0,-0.7999999999999999,0.2,4,-0.9746794344808964,0.0048182304681985,5,-0.837439072734253,0.0024986613323006,10,2,True,-,0.03532842183548965
"2-Methylcyclohexanol, (Z)",Myristic acid,1.0,0.0,3,0.9746794344808964,0.0048182304681985,5,0.7164977208318385,0.1091672722277943,6,0.7411129410218666,0.0024222640297623,14,3,True,+,0.034993792992988326
"2-Methylcyclohexanol, (Z)",Niacin,0.5,0.6666666666666667,3,0.9746794344808964,0.0048182304681985,5,0.5526315789473686,0.3340347107115182,5,0.7875121530590994,0.0013935239707843,13,3,True,+,0.024832982465543264
"2-Methylcyclohexanol, (Z)",Suberic acid,,,0,0.6668859288553503,0.2188939813132315,5,0.3188740696088466,0.5379005604702051,6,0.7600737553139765,0.002566679194782,13,2,True,+,0.0356385940618384
"2-Methylcyclohexanol, (Z)",Vanillylmandelic acid,,,0,0.9746794344808964,0.0048182304681985,5,0.6,0.2847569798652937,5,0.8364835021626212,0.0025548159943296,10,2,True,+,0.0356385940618384
2-Naphthol,3-Buten-2-one,0.8660254037844387,0.3333333333333332,3,1.0,1.4042654220543672e-24,5,0.4413674147523747,0.3809392104771887,6,0.7253710312338837,0.0033243304944841,14,3,True,+,0.041176403152660586
2-Naphthol,Adenine,,,0,1.0,1.4042654220543672e-24,5,0.7944613465542746,0.0590275999253266,6,0.9328854873237454,9.574659506109163e-06,12,2,True,+,0.001255091807122852
2-Naphthol,Cycloheptanol,0.8660254037844387,0.3333333333333332,3,1.0,1.4042654220543672e-24,5,0.2089785019092862,0.6910955031938046,6,0.7084326865272982,0.004570487166434,14,3,True,+,0.0480273746538051
2-Naphthol,"Cytosine, N-(tert-butyldimethylsilyl)-",0.5000000000000001,0.6666666666666667,3,1.0,1.4042654220543672e-24,5,0.5002164033860248,0.3122565813186083,6,0.8279735130791112,0.0002554721525274,14,3,True,+,0.009408674417366246
2-Naphthol,Diacetyl monoxime,0.5000000000000001,0.6666666666666667,3,1.0,1.4042654220543672e-24,5,0.1471224715841249,0.7809085271647663,6,0.764446331968582,0.001452480461442,14,3,True,+,0.025530645201800973
2-Naphthol,Heptylamine,,,0,1.0,0.0,4,0.9746794344808964,0.0048182304681985,5,0.9447852760736196,3.8030107167084865e-05,10,2,True,+,0.0028907673569288613
2-Naphthol,Hexacosanoic acid,,,0,1.0,0.0,4,0.7631578947368421,0.1333391195318062,5,0.9101382488479262,0.000100384038722,11,2,True,+,0.005281429629088082
2-Naphthol,L-Tryptophan,0.5000000000000001,0.6666666666666667,3,1.0,1.4042654220543672e-24,5,0.8827348295047495,0.019820416588882,6,0.918799233606193,3.467823529079954e-06,14,3,True,+,0.0007888278580560107
2-Naphthol,N-Methyl-1-[(trimethylsilyl)oxy]-1-{4-[(trimethylsilyl)oxy]phenyl}propan-2-amine,0.8660254037844387,0.3333333333333332,3,1.0,0.0,4,0.8944271909999159,0.1055728090000841,4,0.8802684575453064,0.0003492917756002,11,3,True,+,0.011053220556410191
2-Naphthol,Propylene glycol,0.8660254037844387,0.3333333333333332,3,0.7999999999999999,0.2,4,0.5373732906238788,0.2715287209991802,6,0.8178096223106152,0.0006364505255804,13,3,True,+,0.015430433745576221
2-Naphthol,Stearic acid,0.5000000000000001,0.6666666666666667,3,0.8999999999999998,0.0373860734684987,5,0.948683298050514,0.0513167019494861,4,0.8106308962792537,0.0013821922474718,12,3,True,+,0.024745080652654863
2-Naphthol,Triethyl citrate,,,3,1.0,1.4042654220543672e-24,5,0.948683298050514,0.0513167019494861,4,0.9023104819575316,5.935205714426208e-05,12,2,True,+,0.003923323161997632
2-Pentadecanone,"6-Aminocaproic acid, N-(tert.-butyldimethylsilyl)",0.5000000000000001,0.6666666666666667,3,0.8720815992723809,0.0538542177275421,5,0.7378647873726218,0.2621352126273781,4,0.7928571428571428,0.002096375451888,12,3,True,+,0.03172870400176475
2-Pentadecanone,Adenine,,,0,1.0,1.4042654220543672e-24,5,0.7589709258986453,0.0801412280583238,6,0.8655206178073542,0.0002751823269375,12,2,True,+,0.009718082723902398
2-Pentadecanone,Butachlor ESA,,,0,1.0,0.0,4,0.948683298050514,0.0513167019494861,4,0.9908673886137244,3.010166323417494e-08,10,2,True,+,1.838194155105823e-05
2-Pentadecanone,"Cytosine, N-(tert-butyldimethylsilyl)-",0.5000000000000001,0.6666666666666667,3,1.0,1.4042654220543672e-24,5,0.7589709258986453,0.0801412280583238,6,0.926524022225256,1.936340223982356e-06,14,3,True,+,0.0005348448318671265
2-Pentadecanone,"Dodecanoic acid, 1-methylethyl ester",0.8660254037844387,0.3333333333333332,3,1.0,1.4042654220543672e-24,5,0.7589709258986453,0.0801412280583238,6,0.9432988961573422,4.243047868925675e-07,14,3,True,+,0.00017271438009616404
2-Pentadecanone,"D-Streptamine, O-6-amino-6-deoxy-alpha-D-glucopyranosyl-(1-4)-O-(3-deoxy-4-C-methyl-3-(methylamino)-beta-L-arabinopyranosyl-(1-6))-2-deoxy-",0.8660254037844387,0.3333333333333332,3,1.0,0.0,4,0.7084472691787521,0.1151130646358375,6,0.9065982975468974,1.9290781876458343e-05,13,3,True,+,0.0020161473923314705
2-Pentadecanone,Frangulin,0.8660254037844387,0.3333333333333332,3,1.0,0.0,4,0.7777777777777779,0.222222222222222,4,0.8990920282042539,0.0001663874366306,11,3,True,+,0.007481630435471281
2-Pentadecanone,Hexacosanoic acid,,,0,1.0,0.0,4,0.6308932681440449,0.2537575415179099,5,0.9490842452131646,8.246761730487489e-06,11,2,True,+,0.0011389367004212543
2-Pentadecanone,Iminodiacetic acid,0.8660254037844387,0.3333333333333332,3,0.8720815992723809,0.0538542177275421,5,0.5236349380886428,0.2863362537340271,6,0.8448744905801596,0.0001427804582825,14,3,True,+,0.006858783008427669
2-Pentadecanone,Isopropyl palmitate,1.0,0.0,3,1.0,1.4042654220543672e-24,5,0.7700513795421218,0.0732351281317063,6,0.9420436207359476,4.825488616984475e-07,14,3,True,+,0.00018660164481878967
2-Pentadecanone,L-Alanine,0.5000000000000001,0.6666666666666667,3,0.9746794344808964,0.0048182304681985,5,0.739249324360437,0.0931220337779458,6,0.9655003933525204,2.259701979903006e-08,14,3,True,+,1.5887759193245317e-05
2-Pentadecanone,L-Glutamine,0.8660254037844387,0.3333333333333332,3,1.0,1.4042654220543672e-24,5,0.924061655450546,0.0084309940089491,6,0.9699147337754728,1.0033449648242893e-08,14,3,True,+,9.699837447438816e-06
2-Pentadecanone,L-Tryptophan,0.5000000000000001,0.6666666666666667,3,1.0,1.4042654220543672e-24,5,0.4553825555391872,0.3641432519429783,6,0.8292493348759031,0.000245029392118,14,3,True,+,0.009101035684118965
2-Pentadecanone,N-Caffeoyl-O-methyltyramine,,,0,0.8999999999999998,0.0373860734684987,5,0.0308020551816848,0.9538115292081092,6,0.8283302608268356,0.0008734515055154,12,2,True,+,0.01850759984563316
2-Pentadecanone,Norketamine,0.5000000000000001,0.6666666666666667,3,1.0,1.4042654220543672e-24,5,0.7503664793768668,0.0856971490290668,6,0.9160140121903092,4.219477746673338e-06,14,3,True,+,0.0008819848889938271
2-Pentadecanone,Suberic acid,,,0,0.7999999999999999,0.1040880386618278,5,0.3339472073954039,0.5177002083054396,6,0.727064630919858,0.0048643245241357,13,2,True,+,0.04950090246008619
2-Pentadecanone,Triethyl citrate,,,3,1.0,1.4042654220543672e-24,5,0.948683298050514,0.0513167019494861,4,0.8916532715407104,9.77794717580546e-05,12,2,True,+,0.005215354721219271
2-Pentadecanone,Vanillylmandelic acid,,,0,1.0,1.4042654220543672e-24,5,0.3354101966249684,0.5810906728217108,5,0.8364835021626212,0.0025548159943296,10,2,True,+,0.0356385940618384
2-Pentadecanone,Yangonin,0.8660254037844387,0.3333333333333332,3,1.0,0.0,4,0.7700513795421218,0.0732351281317063,6,0.8184644920170666,0.0006248064244019,13,3,True,+,0.015331597507351281
2-Propyl-1-pentanol,Cycloheptanol,,,0,0.6000000000000001,0.3999999999999999,4,0.8116794499134279,0.0498575851013403,6,0.8471014839683255,0.0005061280458949,12,2,True,+,0.01346457683437944
2-Propyl-1-pentanol,Niacin,,,0,0.7999999999999999,0.2,4,0.5642880936468347,0.3217233358243002,5,0.8238007839017389,0.0018243652543836,11,2,True,+,0.029376840801602765
2-Propyl-1-pentanol,Niacinamide,,,0,-0.632455532033676,0.367544467966324,4,-0.942857142857143,0.004804664723032,6,-0.864990823096826,0.000586019806107,11,2,True,-,0.01494918265547507
2-Propyl-1-pentanol,Triethyl citrate,,,0,0.6000000000000001,0.3999999999999999,4,1.0,0.0,4,0.905487804878049,0.0003110304732622,10,2,True,+,0.010378361194744577
2-Pyrrolidone-5-carboxylic acid,Curcumin,-1.0,0.0,3,-0.6708203932499368,0.21516994256955,5,-0.7142857142857143,0.1107871720116617,6,-0.718776689730901,0.0037727633012937,14,3,True,-,0.04361517394948502
2-Pyrrolidone-5-carboxylic acid,Glycolic acid,1.0,0.0,3,0.8944271909999159,0.040519326353834,5,0.9856107606091624,0.0003090856678496,6,0.8624804919514284,7.21324064402554e-05,14,3,True,+,0.00432458939076694
2-Pyrrolidone-5-carboxylic acid,Picolinic acid,0.8660254037844387,0.3333333333333332,3,1.0,1.4042654220543672e-24,5,0.6179143806533246,0.1910939016901931,6,0.8002330809651446,0.0005876068693127,14,3,True,+,0.01494918265547507
"3-(4,7-Dimethoxy-2H-1,3-benzodioxol-5-yl)-2-methylprop-2-enal","Cyclohexanone, 3,3,5-trimethyl",0.5,0.6666666666666667,3,1.0,1.4042654220543672e-24,5,0.4999999999999999,0.3910022189557705,5,0.8005509636664614,0.0010105447733139,13,3,True,+,0.020247547349247934
"3-(4,7-Dimethoxy-2H-1,3-benzodioxol-5-yl)-2-methylprop-2-enal",Cyclooctylamine,0.5,0.6666666666666667,3,0.9746794344808964,0.0048182304681985,5,0.942857142857143,0.004804664723032,6,0.8651981238695441,6.438594106062785e-05,14,3,True,+,0.0040816464603516045
"3-(4,7-Dimethoxy-2H-1,3-benzodioxol-5-yl)-2-methylprop-2-enal",Diethylamine,0.5,0.6666666666666667,3,0.7999999999999999,0.1040880386618278,5,0.9276336570439176,0.0076658441874731,6,0.7177512631459355,0.0038465642813224,14,3,True,+,0.04379173303897997
"3-(4,7-Dimethoxy-2H-1,3-benzodioxol-5-yl)-2-methylprop-2-enal","Hymexazole, tert-butyldimethylsilyl ether",-0.5,0.6666666666666667,3,-0.3999999999999999,0.5046315754686911,5,-0.942857142857143,0.004804664723032,6,-0.7290748898678415,0.0030915370288817,14,3,True,-,0.038941282380083174
"3-(4,7-Dimethoxy-2H-1,3-benzodioxol-5-yl)-2-methylprop-2-enal",Ketamine,-1.0,0.0,3,-0.6,0.2847569798652937,5,-0.6377481392176932,0.1730711102412597,6,-0.7154041010337234,0.004019760794289,14,3,True,-,0.04466785917102173
"3-(4,7-Dimethoxy-2H-1,3-benzodioxol-5-yl)-2-methylprop-2-enal",Methylthiouracil,,,0,-0.7,0.1881204043741872,5,-0.942857142857143,0.004804664723032,6,-0.7493112947658401,0.0031942405508288,13,2,True,-,0.0397174540516237
"3-(4,7-Dimethoxy-2H-1,3-benzodioxol-5-yl)-2-methylprop-2-enal",Mevalonolactone,0.5,0.6666666666666667,3,0.8207826816681233,0.0885870053135438,5,0.4857142857142857,0.3287230320699709,6,0.722466960352423,0.0035163266026747,14,3,True,+,0.0420979410914646
"3-(4,7-Dimethoxy-2H-1,3-benzodioxol-5-yl)-2-methylprop-2-enal",N-Acetylaminoethanol,0.8660254037844387,0.3333333333333332,3,0.9746794344808964,0.0048182304681985,5,0.5507824838698261,0.2573693316225744,6,0.7391860176004845,0.0025208741246743,14,3,True,+,0.035448073600420064
"3-(4,7-Dimethoxy-2H-1,3-benzodioxol-5-yl)-2-methylprop-2-enal",Trimethylolpropane,,,0,1.0,0.0,3,0.9746794344808964,0.0048182304681985,5,0.873425496531753,0.0020943951845346,9,2,True,+,0.03172870400176475
"3,4-Methylenedioxyamphetamine",3-Heptanol,1.0,0.0,3,,,0,0.948683298050514,0.0513167019494861,4,0.9091076054353294,0.0017516076452427,8,2,True,+,0.028519860059593775
"3,4-Methylenedioxyamphetamine",Malic acid,1.0,0.0,3,,,0,1.0,0.0,4,0.903773601456181,0.0008274112226859,9,2,True,+,0.018076831627832628
"3,4-Methylenedioxyamphetamine",Mevalonolactone,-1.0,0.0,3,,,0,-1.0,0.0,4,-0.8535639569308374,0.0034182152429017,9,2,True,-,0.04145388230944496
"3,4-Methylenedioxyamphetamine",Uracil,1.0,0.0,3,,,0,0.7999999999999999,0.2,4,0.865546218487395,0.0025666287458639,9,2,True,+,0.0356385940618384
"3,5-Dimethylphenol",3-Buten-2-one,0.5,0.6666666666666667,3,1.0,1.4042654220543672e-24,5,0.7999999999999999,0.1040880386618278,5,0.9118457300275482,1.4181850062028696e-05,13,3,True,+,0.0016129768879372048
"3,5-Dimethylphenol",4-Oxohexanoic acid,0.5,0.6666666666666667,3,0.8999999999999998,0.0373860734684987,5,1.0,0.0,3,0.8036529680365296,0.0028790296535163,11,3,True,+,0.03720359647888303
"3,5-Dimethylphenol","5-Chlorovaleric acid, nonyl ester",0.8660254037844387,0.3333333333333332,3,0.8999999999999998,0.0373860734684987,5,0.6,0.2847569798652937,5,0.8055180076274823,0.0008887064136061,13,3,True,+,0.01857636595359345
"3,5-Dimethylphenol","5-Nonanol, tert-butyldimethylsilyl ether",0.5,0.6666666666666667,3,0.8999999999999998,0.0373860734684987,5,0.9746794344808964,0.0048182304681985,5,0.841380110706788,0.0003116685697049,13,3,True,+,0.010378361194744577
"3,5-Dimethylphenol","6,7,4'-Trihydroxyisoflavone",1.0,0.0,3,0.8999999999999998,0.0373860734684987,5,0.4999999999999999,0.3910022189557705,5,0.7290240734419665,0.0046948284690934,13,3,True,+,0.04867265868628466
"3,5-Dimethylphenol","Benzenesulfonamide, N-butyl",0.5,0.6666666666666667,3,1.0,1.4042654220543672e-24,5,0.9746794344808964,0.0048182304681985,5,0.9393112383464306,1.920306000814066e-06,13,3,True,+,0.0005348448318671265
"3,5-Dimethylphenol",Butachlor ESA,,,0,1.0,0.0,4,0.7999999999999999,0.2,4,0.857146816588891,0.0015278398373375,10,2,True,+,0.0263756993347505
"3,5-Dimethylphenol",DL-p-Hydroxyphenyllactic acid,1.0,0.0,3,0.7999999999999999,0.2,4,0.948683298050514,0.0513167019494861,4,0.8310502283105023,0.0015269304729219,11,3,True,+,0.0263756993347505
"3,5-Dimethylphenol",Heptanoic acid,1.0,0.0,3,0.8207826816681233,0.0885870053135438,5,0.6668859288553501,0.2188939813132316,5,0.835415213972526,0.0003772344404806,13,3,True,+,0.011264599083694829
"3,5-Dimethylphenol",Isopropylamine,-0.5,0.6666666666666667,3,-0.7,0.1881204043741872,5,-0.6,0.2847569798652937,5,-0.8165525008826533,0.0006592830602349,13,3,True,-,0.015786053213178688
"3,5-Dimethylphenol",N-Acetyl-L-alanine,1.0,0.0,3,0.5642880936468347,0.3217233358243002,5,0.7,0.1881204043741872,5,0.8093953534572266,0.0008018937900259,13,3,True,+,0.017953920146851148
"3,5-Dimethylphenol",Niacin,0.5,0.6666666666666667,3,0.8999999999999998,0.0373860734684987,5,0.316227766016838,0.683772233983162,4,0.7785600775891456,0.0028519535532309,12,3,True,+,0.03720359647888303
"3,5-Dimethylphenol",Stearic acid,0.8660254037844387,0.3333333333333332,3,0.8999999999999998,0.0373860734684987,5,0.5,0.6666666666666667,3,0.8054940998150336,0.0027673768204166,11,3,True,+,0.03664878823476367
"3,5-Dimethylphenol",Suberic acid,,,0,0.7999999999999999,0.1040880386618278,5,0.6,0.2847569798652937,5,0.7986001739057148,0.0018404248554876,12,2,True,+,0.029376840801602765
"3,5-Dimethylphenol",Triethyl citrate,,,3,1.0,1.4042654220543672e-24,5,0.5,0.6666666666666667,3,0.8715963140583688,0.000472275146145,11,2,True,+,0.012780896086420555
3-Aminobenzoic acid,6-Methyluracil,,,0,0.9746794344808964,0.0048182304681985,5,0.753702346348183,0.0835232813732598,6,0.8847358756589881,5.8733154193383297e-05,13,2,True,+,0.0039158811597554
3-Aminobenzoic acid,Durapan,,,0,0.8207826816681234,0.0885870053135437,5,0.8285714285714287,0.0415626822157433,6,0.9246949382066172,1.6790699049758905e-05,12,2,True,+,0.001803600922928269
3-Aminobenzoic acid,"Hymexazole, tert-butyldimethylsilyl ether",,,0,0.9746794344808964,0.0048182304681985,5,0.6571428571428573,0.1561749271137023,6,0.8441387340205808,0.0002845859439347,13,2,True,+,0.009871502606883784
3-Aminobenzoic acid,"Kojic acid, bis(tert-butyldimethylsilyl) ether",,,0,0.8720815992723809,0.0538542177275421,5,0.8285714285714287,0.0415626822157433,6,0.8358628640792025,0.0003719638814385,13,2,True,+,0.011250628030600594
3-Aminobenzoic acid,Methanesulfonic acid,,,0,0.9746794344808964,0.0048182304681985,5,0.8857142857142858,0.0188454810495626,6,0.9366426725726448,2.420455145629759e-06,13,2,True,+,0.0005903801412990441
3-Aminobenzoic acid,Methylthiouracil,,,0,0.8207826816681234,0.0885870053135437,5,0.6571428571428573,0.1561749271137023,6,0.8510352923050626,0.0002249927885883,13,2,True,+,0.00861432785614808
3-Aminobenzoic acid,"Oxymorphone, bis(trimethylsilyl) ether",,,0,0.632455532033676,0.367544467966324,4,0.4413674147523747,0.3809392104771887,6,0.7575328026365078,0.0043197016303126,12,2,True,+,0.046922152259603445
3-Aminobenzoic acid,Phenoxyethanol,,,0,0.9746794344808964,0.0048182304681985,5,0.4638168285219587,0.3541642984362303,6,0.8149171270718232,0.0006899481398565,13,2,True,+,0.01616987549590961
3-Aminobenzoic acid,Pinosylvin,,,0,0.8207826816681234,0.0885870053135437,5,0.8857142857142858,0.0188454810495626,6,0.9017543859649124,6.100195611088065e-05,12,2,True,+,0.003959601197732767
3-Aminobenzoic acid,Xylazine,,,0,1.0,0.0,5,0.6,0.2079999999999998,6,0.7305668298220216,0.0045646089752238,13,2,True,+,0.0480273746538051
3-Buten-2-one,"6,7,4'-Trihydroxyisoflavone",0.5,0.6666666666666667,3,0.8999999999999998,0.0373860734684987,5,0.8116794499134279,0.0498575851013403,6,0.8392070484581499,0.000174804113205,14,3,True,+,0.007725342923014114
3-Buten-2-one,Adenine,,,0,1.0,1.4042654220543672e-24,5,0.8857142857142858,0.0188454810495626,6,0.817543859649123,0.0011619734276611,12,2,True,+,0.022080350097127638
3-Buten-2-one,Diacetyl monoxime,0.8660254037844387,0.3333333333333332,3,1.0,1.4042654220543672e-24,5,0.5428571428571429,0.2657026239067055,6,0.735915645590187,0.0026954725332472,14,3,True,+,0.036381822988017176
3-Buten-2-one,DL-p-Hydroxyphenyllactic acid,0.5,0.6666666666666667,3,0.7999999999999999,0.2,4,0.9746794344808964,0.0048182304681985,5,0.7508771929824563,0.0048859472194618,12,3,True,+,0.04959044067626976
3-Buten-2-one,Lignoceric acid,0.5,0.6666666666666667,3,0.8999999999999998,0.0373860734684987,5,0.2608969660436018,0.6175338174259972,6,0.7541349677293699,0.0018330301126846,14,3,True,+,0.029376840801602765
3-Buten-2-one,"l-Norvaline, n-propargyloxycarbonyl-, isohexyl ester",,,0,-0.7999999999999999,0.2,4,-0.8999999999999998,0.0373860734684987,5,-0.9115853658536588,0.0002400135282463,10,2,True,-,0.009054949402228703
3-Buten-2-one,Myristic acid,0.5,0.6666666666666667,3,0.8999999999999998,0.0373860734684987,5,0.8827348295047495,0.019820416588882,6,0.707186205972552,0.0046748896075865,14,3,True,+,0.04853100164439462
3-Buten-2-one,N-Acetyl-L-alanine,0.5,0.6666666666666667,3,0.5642880936468347,0.3217233358243002,5,0.8285714285714287,0.0415626822157433,6,0.7847701240468988,0.0008865648007045,14,3,True,+,0.01857636595359345
3-Buten-2-one,Propylene glycol,1.0,0.0,3,0.7999999999999999,0.2,4,0.9276336570439176,0.0076658441874731,6,0.8853624941400721,5.7069564398541255e-05,13,3,True,+,0.003838052270072331
3-Buten-2-one,Suberic acid,,,0,0.7999999999999999,0.1040880386618278,5,0.4285714285714286,0.3965014577259474,6,0.7438016528925621,0.0035583881294456,13,2,True,+,0.04227430690189289
3-Buten-2-one,Triethyl citrate,,,3,1.0,1.4042654220543672e-24,5,1.0,0.0,4,0.8289357652580667,0.0008590822312349,12,2,True,+,0.01838883773645434
4-Aminobutanoic acid,4-Methoxyphenol,-0.5,0.6666666666666667,3,,,0,-0.7999999999999999,0.2,4,-0.8403658068160178,0.0045611886350484,9,2,True,-,0.0480273746538051
4-Aminobutanoic acid,N-Acetylaspartic acid,0.5,0.6666666666666667,3,0.7999999999999999,0.1040880386618278,5,0.7999999999999999,0.1040880386618278,5,0.9050902647638,2.100457282148633e-05,13,3,True,+,0.0021374916605444113
4-Methoxyphenol,Benzenepropanoic acid,-1.0,0.0,3,,,0,-0.948683298050514,0.0513167019494861,4,-0.8855932203389831,0.0014886631200723,9,2,True,-,0.025989436954038755
4-Methoxyphenol,Biphenyl,-0.5,0.6666666666666667,3,,,0,-0.3999999999999999,0.6,4,-0.8813559322033899,0.0016834863745541,9,2,True,-,0.027820691497438908
4-Methylvaleric acid,N-Ethyldiethanolamine,0.5,0.6666666666666667,3,0.8999999999999998,0.0373860734684987,5,0.7,0.1881204043741872,5,0.7385899180935738,0.0039316564042219,13,3,True,+,0.04413270047932101
4-Oxohexanoic acid,"5-Nonanol, tert-butyldimethylsilyl ether",1.0,0.0,3,1.0,1.4042654220543672e-24,5,0.4472135954999579,0.552786404500042,4,0.8274699183723666,0.0008941867157953,12,3,True,+,0.018640539245177494
4-Oxohexanoic acid,8-Methylnonanoic acid,1.0,0.0,3,1.0,1.4042654220543672e-24,5,0.3999999999999999,0.6,4,0.773287661713824,0.0031773941153553,12,3,True,+,0.03963542917444821
4-Oxohexanoic acid,DL-p-Hydroxyphenyllactic acid,0.5,0.6666666666666667,3,0.7999999999999999,0.2,4,0.5,0.6666666666666667,3,0.9030303030303028,0.0003436121977632,10,3,True,+,0.01097850239438745
4-Oxohexanoic acid,Suberic acid,,,0,0.8999999999999998,0.0373860734684987,5,0.7999999999999999,0.2,4,0.8173515981735161,0.0021235836321157,11,2,True,+,0.03189086565200549
5-Azacytosine,Butachlor ESA,,,0,1.0,0.0,4,0.7999999999999999,0.2,4,0.902455801312274,0.0003515764490402,10,2,True,+,0.011053220556410191
"5-Chlorovaleric acid, nonyl ester",Cycloheptanol,0.8660254037844387,0.3333333333333332,3,0.8999999999999998,0.0373860734684987,5,0.4058397249567139,0.4246625075613645,6,0.7626931567328917,0.0015122955349765,14,3,True,+,0.026224425263471414
"5-Chlorovaleric acid, nonyl ester",Formamide,0.8660254037844387,0.3333333333333332,3,0.6668859288553501,0.2188939813132316,5,0.4928053803045811,0.3206325828658273,6,0.7383215490120479,0.0025661311014553,14,3,True,+,0.0356385940618384
"5-Chlorovaleric acid, nonyl ester",Levulinic acid,1.0,0.0,3,0.8207826816681233,0.0885870053135438,5,0.7650368522374495,0.0763256359782481,6,0.7308341683671861,0.0029855639544353,14,3,True,+,0.03822905897947452
"5-Chlorovaleric acid, nonyl ester",m-Toluic acid,0.8660254037844387,0.3333333333333332,3,0.8999999999999998,0.0373860734684987,5,0.6957252427829382,0.1247893374402868,6,0.8013441925786333,0.0005697360903291,14,3,True,+,0.014673420137445622
"5-Nonanol, tert-butyldimethylsilyl ether","Benzenesulfonamide, N-butyl",1.0,0.0,3,0.8999999999999998,0.0373860734684987,5,0.7463517925331651,0.0883465849672879,6,0.911602766461979,5.680693096964539e-06,14,3,True,+,0.0009347761789771009
"5-Nonanol, tert-butyldimethylsilyl ether",Butachlor ESA,,,0,1.0,0.0,4,0.7378647873726218,0.2621352126273781,4,0.8475767323135548,0.0019563760883018,10,2,True,+,0.030488173050990386
"5-Nonanol, tert-butyldimethylsilyl ether",DL-p-Hydroxyphenyllactic acid,0.5,0.6666666666666667,3,0.7999999999999999,0.2,4,0.6315789473684211,0.2530804245544157,5,0.7697727177969431,0.0034095411140234,12,3,True,+,0.04145388230944496
"5-Nonanol, tert-butyldimethylsilyl ether",Iminodiacetic acid,0.5,0.6666666666666667,3,0.9746794344808964,0.0048182304681985,5,0.2239055377599495,0.6697542987517857,6,0.8636384866336647,6.874385232101744e-05,14,3,True,+,0.004190641415930145
"5-Nonanol, tert-butyldimethylsilyl ether",L-Alanine,0.8660254037844387,0.3333333333333332,3,0.8207826816681233,0.0885870053135438,5,0.9404032585917882,0.0052218203733257,6,0.8550884955752212,9.7114021375924e-05,14,3,True,+,0.005215354721219271
"5-Nonanol, tert-butyldimethylsilyl ether",Lignoceric acid,0.5,0.6666666666666667,3,0.7999999999999999,0.1040880386618278,5,0.8209869717864816,0.045200200704202,6,0.7447518358731803,0.0022443748045495,14,3,True,+,0.03312594415722487
"5-Nonanol, tert-butyldimethylsilyl ether",Myristic acid,0.5,0.6666666666666667,3,0.7,0.1881204043741872,5,0.6666666666666665,0.1481481481481481,6,0.705426789149375,0.0048254208717248,14,3,True,+,0.049234571269023225
"5-Nonanol, tert-butyldimethylsilyl ether",Niacin,1.0,0.0,3,0.7,0.1881204043741872,5,0.1052631578947368,0.8662227050936397,5,0.7320441988950276,0.004442535861076,13,3,True,+,0.047780549771779694
"5-Nonanol, tert-butyldimethylsilyl ether",Norketamine,0.8660254037844387,0.3333333333333332,3,0.8999999999999998,0.0373860734684987,5,0.6515151515151513,0.1610022400311657,6,0.8821048555940479,2.9932326650359635e-05,14,3,True,+,0.002630643344475925
"5-Nonanol, tert-butyldimethylsilyl ether",Pentanedioic acid,1.0,0.0,3,1.0,0.0,4,0.6866436491305119,0.1319037287953375,6,0.7316742821563679,0.0044728624301485,13,3,True,+,0.047780549771779694
"5-Nonanol, tert-butyldimethylsilyl ether",Suberic acid,,,0,0.8999999999999998,0.0373860734684987,5,0.4413674147523747,0.3809392104771887,6,0.8937939536688503,3.812493798897645e-05,13,2,True,+,0.0028907673569288613
5-Oxohexanoic Acid,L-Lysine,,,0,0.5642880936468347,0.3217233358243002,5,0.7247137945655605,0.1032428046237076,6,0.7679558011049724,0.0021714269723449,13,2,True,+,0.032358027368237875
5-Oxohexanoic Acid,"l-Norvaline, n-propargyloxycarbonyl-, isohexyl ester",,,0,-0.948683298050514,0.0513167019494861,4,-0.7,0.1881204043741872,5,-0.8262195121951221,0.0032167598431604,10,2,True,-,0.039933259433390905
"6,7,4'-Trihydroxyisoflavone",Adenine,,,0,0.8999999999999998,0.0373860734684987,5,0.8406680016960504,0.0360575728451591,6,0.817543859649123,0.0011619734276611,12,2,True,+,0.022080350097127638
"6,7,4'-Trihydroxyisoflavone","Benzenesulfonamide, N-butyl",0.5,0.6666666666666667,3,0.8999999999999998,0.0373860734684987,5,0.7058823529411765,0.1170364339507428,6,0.7850059898001629,0.0008812371468375,14,3,True,+,0.01857081224425402
"6,7,4'-Trihydroxyisoflavone",Citramalic acid,0.8660254037844387,0.3333333333333332,3,1.0,1.4042654220543672e-24,5,0.3947368421052632,0.5107810387958468,5,0.7517248530085238,0.0030441406669882,13,3,True,+,0.038532543238112504
"6,7,4'-Trihydroxyisoflavone",Cycloheptanol,0.5,0.6666666666666667,3,0.8999999999999998,0.0373860734684987,5,0.8676470588235294,0.0251167184001627,6,0.7353918471863886,0.0027243021986736,14,3,True,+,0.03649272916627427
"6,7,4'-Trihydroxyisoflavone",Diacetyl monoxime,0.8660254037844387,0.3333333333333332,3,0.8999999999999998,0.0373860734684987,5,0.5217939320872036,0.2883432338003937,6,0.7977944386127852,0.0006284091556543,14,3,True,+,0.015331597507351281
"6,7,4'-Trihydroxyisoflavone",Niacin,0.5,0.6666666666666667,3,0.7,0.1881204043741872,5,0.9473684210526316,0.0143795336199305,5,0.8151731892257569,0.0006850738149921,13,3,True,+,0.016148322281933424
"6,7,4'-Trihydroxyisoflavone",Propylene glycol,0.5,0.6666666666666667,3,1.0,0.0,4,0.8823529411764706,0.0199470791776918,6,0.8950310393178889,3.5833517641635204e-05,13,3,True,+,0.002841364001293357
"6,7,4'-Trihydroxyisoflavone",Triethyl citrate,,,3,0.8999999999999998,0.0373860734684987,5,1.0,0.0,4,0.8310065219407186,0.0008113159245983,12,2,True,+,0.017969211579667507
"6-Aminocaproic acid, N-(tert.-butyldimethylsilyl)",Adenine,,,0,0.8720815992723809,0.0538542177275421,5,1.0,0.0,4,0.8715637084689196,0.0010166541909474,10,2,True,+,0.020264957507183483
"6-Aminocaproic acid, N-(tert.-butyldimethylsilyl)","Dodecanoic acid, 1-methylethyl ester",0.8660254037844387,0.3333333333333332,3,0.8720815992723809,0.0538542177275421,5,0.7999999999999999,0.2,4,0.755781807369612,0.0044635862257626,12,3,True,+,0.047780549771779694
"6-Aminocaproic acid, N-(tert.-butyldimethylsilyl)",Hexacosanoic acid,,,0,0.7999999999999999,0.2,4,0.948683298050514,0.0513167019494861,4,0.8215423505055384,0.0035559116499683,10,2,True,+,0.04227430690189289
"6-Aminocaproic acid, N-(tert.-butyldimethylsilyl)",Isopropyl palmitate,0.5000000000000001,0.6666666666666667,3,0.8720815992723809,0.0538542177275421,5,0.7999999999999999,0.2,4,0.7748421822827328,0.0030786487545168,12,3,True,+,0.038842201415061874
"6-Aminocaproic acid, N-(tert.-butyldimethylsilyl)",L-Glutamine,0.8660254037844387,0.3333333333333332,3,0.8720815992723809,0.0538542177275421,5,0.6000000000000001,0.3999999999999999,4,0.8159611550290191,0.001209819654775,12,3,True,+,0.022710546626286045
"6-Aminocaproic acid, N-(tert.-butyldimethylsilyl)",L-Tryptophan,1.0,0.0,3,0.8720815992723809,0.0538542177275421,5,1.0,0.0,4,0.7682721653031981,0.0035124778567623,12,3,True,+,0.0420979410914646
"6-Aminocaproic acid, N-(tert.-butyldimethylsilyl)",N-Caffeoyl-O-methyltyramine,,,0,0.9746794344808964,0.0048182304681985,5,0.316227766016838,0.683772233983162,4,0.8184654128631955,0.0037925557828178,10,2,True,+,0.04371330316589101
"6-Aminocaproic acid, N-(tert.-butyldimethylsilyl)","Propanoic acid, dimethyl(isopropyl)silyl ester",,,0,0.8720815992723809,0.0538542177275421,5,1.0,0.0,4,0.8231860349807907,0.0034339368139028,10,2,True,+,0.04145388230944496
"6-Aminocaproic acid, N-(tert.-butyldimethylsilyl)",Tetrahydro-solasodine triacetate,1.0,0.0,3,0.8720815992723809,0.0538542177275421,5,0.7999999999999999,0.2,4,0.8566707137397943,0.0003726111542754,12,3,True,+,0.011250628030600594
"6-Aminocaproic acid, N-(tert.-butyldimethylsilyl)",Yangonin,0.8660254037844387,0.3333333333333332,3,0.7378647873726218,0.2621352126273781,4,1.0,0.0,4,0.9143910498392168,8.121717062058352e-05,11,3,True,+,0.004584916770653963
"6-Methoxy-1-methyl-1,2,3,4-tetrahydroisoquinolin-7-ol ",Butyric Acid,,,0,-0.632455532033676,0.367544467966324,4,-0.7999999999999999,0.2,4,-0.8940677966101694,0.0011469329445897,9,2,True,-,0.02195638463726916
"6-Methoxy-1-methyl-1,2,3,4-tetrahydroisoquinolin-7-ol ",Phenoxyethanol,,,0,-0.948683298050514,0.0513167019494861,4,-1.0,0.0,4,-0.8481088154728615,0.0038633386089842,9,2,True,-,0.043810939592204994
6-Methyluracil,Durapan,,,0,0.8999999999999998,0.0373860734684987,5,0.9856107606091624,0.0003090856678496,6,0.9117120056348832,3.637122266977532e-05,12,2,True,+,0.002841364001293357
6-Methyluracil,"Hymexazole, tert-butyldimethylsilyl ether",1.0,0.0,3,1.0,1.4042654220543672e-24,5,0.9856107606091624,0.0003090856678496,6,0.976759159615703,2.164088701051269e-09,14,3,True,+,2.7895103356550856e-06
6-Methyluracil,Isobutanol,-0.5,0.6666666666666667,3,-0.632455532033676,0.367544467966324,4,-0.8406680016960504,0.0360575728451591,6,-0.8361240143590438,0.000368916223958,13,3,True,-,0.011233063291697529
6-Methyluracil,"Kojic acid, bis(tert-butyldimethylsilyl) ether",1.0,0.0,3,0.8999999999999998,0.0373860734684987,5,0.9856107606091624,0.0003090856678496,6,0.914742705036928,4.604509620039535e-06,14,3,True,+,0.0009203795124574074
6-Methyluracil,Methanesulfonic acid,,,0,1.0,1.4042654220543672e-24,5,0.898645105261295,0.0148886220055803,6,0.9224695266652472,7.146059945855224e-06,13,2,True,+,0.0010234745855785981
6-Methyluracil,Methylthiouracil,,,0,0.8999999999999998,0.0373860734684987,5,0.9856107606091624,0.0003090856678496,6,0.9126433047383148,1.3511577714776217e-05,13,2,True,+,0.0016076698776319887
6-Methyluracil,Pinosylvin,,,0,0.8999999999999998,0.0373860734684987,5,0.9276336570439174,0.0076658441874731,6,0.8513607712992584,0.0004427723297691,12,2,True,+,0.012452367994306253
6-Oxoheptanoic acid,L-Lysine,,,0,0.2051956704170308,0.7405819415910722,5,0.942857142857143,0.004804664723032,6,0.769018716217279,0.002121987029959,13,2,True,+,0.03189086565200549
8-Methylnonanoic acid,Pentanedioic acid,1.0,0.0,3,1.0,0.0,4,0.8676470588235294,0.0251167184001627,6,0.8273480662983426,0.0004828138970906,13,3,True,+,0.013010741045640073
Adenine,"Benzenesulfonamide, N-butyl",,,0,1.0,1.4042654220543672e-24,5,0.8116794499134279,0.0498575851013403,6,0.8526315789473684,0.0004251182452526,12,2,True,+,0.012087737164645618
Adenine,Butachlor ESA,,,0,1.0,0.0,4,0.7999999999999999,0.2,4,0.9285714285714288,0.0008629681828999,8,2,True,+,0.01838883773645434
Adenine,Curcumin,,,0,0.7,0.1881204043741872,5,0.6,0.2079999999999998,6,0.7649122807017544,0.0037515128142862,12,2,True,+,0.043445827164587295
Adenine,Cycloheptanol,,,0,1.0,1.4042654220543672e-24,5,0.4928053803045811,0.3206325828658273,6,0.8031646850073128,0.0016546630231386,12,2,True,+,0.027656151647106518
Adenine,"Cytosine, N-(tert-butyldimethylsilyl)-",,,0,1.0,1.4042654220543672e-24,5,0.8285714285714287,0.0415626822157433,6,0.8769785072618141,0.0001798726495478,12,2,True,+,0.007799738400092318
Adenine,Diacetyl monoxime,,,0,1.0,1.4042654220543672e-24,5,0.4857142857142857,0.3287230320699709,6,0.8385964912280702,0.0006535282138368,12,2,True,+,0.015696854676440407
Adenine,"Dodecanoic acid, 1-methylethyl ester",,,0,1.0,1.4042654220543672e-24,5,0.8285714285714287,0.0415626822157433,6,0.8646762035527306,0.0002835102810747,12,2,True,+,0.009871502606883784
Adenine,Frangulin,,,0,1.0,0.0,4,0.948683298050514,0.0513167019494861,4,0.8403361344537816,0.0045640170919638,9,2,True,+,0.0480273746538051
Adenine,Heptylamine,,,0,1.0,0.0,4,0.6,0.2847569798652937,5,0.93578419225084,6.881451510513684e-05,10,2,True,+,0.004190641415930145
Adenine,Hexacosanoic acid,,,0,1.0,0.0,4,0.8207826816681233,0.0885870053135438,5,0.9478705988090994,3.033046027540921e-05,10,2,True,+,0.0026356829187642117
Adenine,Isopropyl palmitate,,,0,1.0,1.4042654220543672e-24,5,0.8116794499134279,0.0498575851013403,6,0.8714842757325989,0.0002216490845572,12,2,True,+,0.008571170099826924
Adenine,"Kojic acid, bis(tert-butyldimethylsilyl) ether",,,0,1.0,1.4042654220543672e-24,5,0.3714285714285715,0.4684781341107871,6,0.7614035087719299,0.0040141085357211,12,2,True,+,0.04466785917102173
Adenine,L-Alanine,,,0,0.9746794344808964,0.0048182304681985,5,0.7247137945655605,0.1032428046237076,6,0.841829068093004,0.0005940498873867,12,2,True,+,0.015014319702773652
Adenine,L-Glutamine,,,0,1.0,1.4042654220543672e-24,5,0.5797710356524484,0.227783956715016,6,0.8359905377283482,0.0007047487186867,12,2,True,+,0.016417248766032948
Adenine,L-Tryptophan,,,0,1.0,1.4042654220543672e-24,5,0.8857142857142858,0.0188454810495626,6,0.9192982456140352,2.351459077315593e-05,12,2,True,+,0.0022732730629948495
Adenine,Niacin,,,0,0.8999999999999998,0.0373860734684987,5,0.8207826816681233,0.0885870053135438,5,0.8832975071835312,0.0003126659113493,11,2,True,+,0.010378361194744577
Adenine,N-Methyl-1-[(trimethylsilyl)oxy]-1-{4-[(trimethylsilyl)oxy]phenyl}propan-2-amine,,,0,1.0,0.0,4,0.7999999999999999,0.2,4,0.8954053273686235,0.0010985258735882,9,2,True,+,0.021508858497040855
Adenine,Norketamine,,,0,1.0,1.4042654220543672e-24,5,0.8827348295047495,0.019820416588882,6,0.915356728019014,2.9644179604236397e-05,12,2,True,+,0.002630643344475925
Adenine,Propylene glycol,,,0,0.7999999999999999,0.2,4,0.8986451052612952,0.0148886220055803,6,0.8718558296293404,0.0004681776515388,11,2,True,+,0.012780896086420555
Adenine,Tetrahydro-solasodine triacetate,,,0,0.8999999999999998,0.0373860734684987,5,0.6,0.2079999999999998,6,0.8228070175438598,0.0010132652600192,12,2,True,+,0.020249595661468972
Adenine,Thymol,,,0,1.0,0.0,4,0.8720815992723809,0.0538542177275421,5,0.8902439024390244,0.0005550270381203,10,2,True,+,0.01443111853047823
Adenine,Triethyl citrate,,,0,1.0,1.4042654220543672e-24,5,1.0,0.0,4,0.8145934285312865,0.004106131521831,10,2,True,+,0.045302170028303786
Adenine,Yangonin,,,0,1.0,0.0,4,0.9856107606091624,0.0003090856678496,6,0.9748309276170576,3.594114982648438e-07,11,2,True,+,0.00015442714042112788
Adipoyl-L-carnitine,Methyl lactate,,,0,0.8660254037844387,0.3333333333333332,3,1.0,0.0,3,0.9910312089651148,1.4561252916129397e-05,7,2,True,+,0.0016321265225122427
alpha-Hydroxyisobutyric acid,Iminodiacetic acid,,,0,0.8660254037844387,0.3333333333333332,3,0.9276336570439176,0.0076658441874731,6,0.8767942266815112,0.0019122481460946,9,2,True,+,0.03005960805263341
Aniline,Cycloheptanol,0.5,0.6666666666666667,3,0.8999999999999998,0.0373860734684987,5,0.6087595874350709,0.1996601894603625,6,0.7889507578834581,0.0007958645321523,14,3,True,+,0.017893070615307812
Aniline,DL-p-Hydroxyphenyllactic acid,1.0,0.0,3,0.7999999999999999,0.2,4,0.8207826816681233,0.0885870053135438,5,0.8734635633449331,0.0002058106703451,12,3,True,+,0.00817254791834962
Aniline,Propylene glycol,0.5,0.6666666666666667,3,0.7999999999999999,0.2,4,0.9856107606091624,0.0003090856678496,6,0.7579536987177498,0.0026819763511585,13,3,True,+,0.03632645376507852
"Benzene, 1,4-dimethoxy","Cyclohexanone, 3,3,5-trimethyl",0.8660254037844387,0.3333333333333332,3,0.8720815992723809,0.0538542177275421,5,0.8999999999999998,0.0373860734684987,5,0.8753764877664207,8.856304013342776e-05,13,3,True,+,0.004857776967318655
"Benzene, 1,4-dimethoxy",Diethylamine,0.8660254037844387,0.3333333333333332,3,0.9746794344808964,0.0048182304681985,5,0.7247137945655605,0.1032428046237076,6,0.7350404869602483,0.0027437769322932,14,3,True,+,0.03664878823476367
"Benzene, 1,4-dimethoxy",Trimethylolpropane,,,0,1.0,0.0,3,0.6668859288553501,0.2188939813132316,5,0.8481088154728617,0.0038633386089842,9,2,True,+,0.043810939592204994
"Benzenesulfonamide, N-butyl",Benzophenone,,,0,0.8207826816681233,0.0885870053135438,5,0.753702346348183,0.0835232813732598,6,0.7690246009415969,0.0021217157763657,13,2,True,+,0.03189086565200549
"Benzenesulfonamide, N-butyl",Butachlor ESA,,,0,1.0,0.0,4,0.7378647873726218,0.2621352126273781,4,0.9207488243118472,0.0001567069981304,10,2,True,+,0.007257316907428225
"Benzenesulfonamide, N-butyl",Citramalic acid,0.8660254037844387,0.3333333333333332,3,0.8999999999999998,0.0373860734684987,5,0.0512989176042577,0.934712848108234,5,0.7958628260292077,0.0011372364761568,13,3,True,+,0.021880083314234966
"Benzenesulfonamide, N-butyl",DL-p-Hydroxyphenyllactic acid,0.5,0.6666666666666667,3,0.7999999999999999,0.2,4,0.9473684210526316,0.0143795336199305,5,0.8119520447995153,0.0013378130424867,12,3,True,+,0.024174406706990975
"Benzenesulfonamide, N-butyl",Hexacosanoic acid,,,0,1.0,0.0,4,0.5526315789473686,0.3340347107115182,5,0.896798426091488,0.000183468612777,11,2,True,+,0.007799738400092318
"Benzenesulfonamide, N-butyl",Iminodiacetic acid,0.5,0.6666666666666667,3,0.8720815992723809,0.0538542177275421,5,0.5882352941176471,0.21941787095461,6,0.8637921424406239,6.830413276990368e-05,14,3,True,+,0.004190641415930145
"Benzenesulfonamide, N-butyl",L-Alanine,0.8660254037844387,0.3333333333333332,3,0.9746794344808964,0.0048182304681985,5,0.8823529411764706,0.0199470791776918,6,0.9535917423717428,1.304598069280919e-07,14,3,True,+,6.306100917386643e-05
"Benzenesulfonamide, N-butyl",Lignoceric acid,0.5,0.6666666666666667,3,0.8999999999999998,0.0373860734684987,5,0.5294117647058824,0.2800732749847344,6,0.7196467991169977,0.0037110170192891,14,3,True,+,0.04323439472599181
"Benzenesulfonamide, N-butyl","l-Norvaline, n-propargyloxycarbonyl-, isohexyl ester",,,0,-0.7999999999999999,0.2,4,-0.7181848464596079,0.1717953049079889,5,-0.8170731707317074,0.0039032559572408,10,2,True,-,0.044001783704864635
"Benzenesulfonamide, N-butyl",N-Acetyl-L-alanine,0.5,0.6666666666666667,3,0.5642880936468347,0.3217233358243002,5,0.8116794499134278,0.0498575851013404,6,0.732597132320354,0.0028822625429484,14,3,True,+,0.03720359647888303
"Benzenesulfonamide, N-butyl",N-Caffeoyl-O-methyltyramine,,,0,0.8999999999999998,0.0373860734684987,5,0.4264705882352941,0.3990767479136982,6,0.841829068093004,0.0005940498873867,12,2,True,+,0.015014319702773652
"Benzenesulfonamide, N-butyl",Niacin,1.0,0.0,3,0.8999999999999998,0.0373860734684987,5,0.6668859288553501,0.2188939813132316,5,0.8855180837274721,5.666240765663436e-05,13,3,True,+,0.003838052270072331
"Benzenesulfonamide, N-butyl",Norketamine,0.8660254037844387,0.3333333333333332,3,1.0,1.4042654220543672e-24,5,0.8508410434878082,0.0317133178221968,6,0.961132469847763,4.5768188799416133e-08,14,3,True,+,2.5283655155334597e-05
"Benzenesulfonamide, N-butyl",Suberic acid,,,0,0.7999999999999999,0.1040880386618278,5,0.5797710356524485,0.2277839567150159,6,0.8427594223636843,0.0002978828280472,13,2,True,+,0.01023922574274242
"Benzenesulfonamide, N-butyl",Triethyl citrate,,,3,1.0,1.4042654220543672e-24,5,0.7999999999999999,0.2,4,0.8889013312554588,0.0001103150244573,12,2,True,+,0.005502113011757835
"Benzoic acid, 2-hydroxy-3-[(2-hydroxy-4-methoxy-6-propylbenzoyl)oxy]-4-methoxy-6-propyl-, methyl ester ",L-Threonine,,,0,-0.5,0.6666666666666667,3,-0.948683298050514,0.0513167019494861,4,-0.9549937104572924,0.0008055353363017,7,2,True,-,0.017953920146851148
"Benzoic acid, 2-hydroxy-3-[(2-hydroxy-4-methoxy-6-propylbenzoyl)oxy]-4-methoxy-6-propyl-, methyl ester ",Propanoic acid,,,0,1.0,0.0,3,0.5263157894736843,0.3622454811898449,5,0.8903032839043472,0.0012911139252695,9,2,True,+,0.02380468147943065
"Benzoic acid, 2-hydroxy-3-[(2-hydroxy-4-methoxy-6-propylbenzoyl)oxy]-4-methoxy-6-propyl-, methyl ester ",Synephrine,0.5,0.6666666666666667,3,0.948683298050514,0.0513167019494861,4,0.0735294117647058,0.8899046534703847,6,0.8063631502781899,0.0008691816682612,13,3,True,+,0.01846772258882451
Benzophenone,Citramalic acid,,,0,0.6668859288553503,0.2188939813132315,5,0.5642880936468347,0.3217233358243002,5,0.7795523579660967,0.0027936595597021,12,2,True,+,0.03668278953265882
Benzophenone,"Cytosine, N-(tert-butyldimethylsilyl)-",,,0,0.8207826816681234,0.0885870053135437,5,0.7142857142857143,0.1107871720116617,6,0.7423851197678959,0.0036570032639527,13,2,True,+,0.04323439472599181
Benzophenone,"Dodecanoic acid, 1-methylethyl ester",,,0,0.8207826816681234,0.0885870053135437,5,0.7142857142857143,0.1107871720116617,6,0.7506954009593275,0.0031074777663152,13,2,True,+,0.039014988708898954
Benzophenone,"D-Streptamine, O-6-amino-6-deoxy-alpha-D-glucopyranosyl-(1-4)-O-(3-deoxy-4-C-methyl-3-(methylamino)-beta-L-arabinopyranosyl-(1-6))-2-deoxy-",,,0,0.632455532033676,0.367544467966324,4,0.8406680016960503,0.0360575728451592,6,0.7703228303839167,0.0033723838760621,12,2,True,+,0.04145388230944496
Benzophenone,Frangulin,,,0,1.0,0.0,4,0.948683298050514,0.0513167019494861,4,0.9573170731707318,1.379033423425583e-05,10,2,True,+,0.0016104979104666099
Benzophenone,Isopropyl palmitate,,,0,0.8207826816681234,0.0885870053135437,5,0.753702346348183,0.0835232813732598,6,0.7572822817771646,0.002719317287837,13,2,True,+,0.03649272916627427
Benzophenone,Niacin,,,0,0.9746794344808964,0.0048182304681985,5,0.3590924232298039,0.5528147466433505,5,0.7561884665236613,0.0044298512819148,12,2,True,+,0.047780549771779694
Benzyl alcohol,Dodecanoic acid,1.0,0.0,3,0.7,0.1881204043741872,5,0.8857142857142858,0.0188454810495626,6,0.7096778584028465,0.0044680259350547,14,3,True,+,0.047780549771779694
Benzyl alcohol,Formamide,1.0,0.0,3,0.2051956704170308,0.7405819415910722,5,0.8986451052612952,0.0148886220055803,6,0.7663230940971713,0.0013905510842066,14,3,True,+,0.024832982465543264
Benzyl alcohol,Hexanoic acid,1.0,0.0,3,0.2051956704170308,0.7405819415910722,5,0.753702346348183,0.0835232813732598,6,0.7072520540691585,0.0046693280513442,14,3,True,+,0.04853100164439462
Benzyl alcohol,Isonicotinic Acid,0.5,0.6666666666666667,3,0.6,0.2847569798652937,5,0.9856107606091624,0.0003090856678496,6,0.7948610313655069,0.0006804695828423,14,3,True,+,0.016143410287430514
Benzyl alcohol,Ketamine,1.0,0.0,3,0.8999999999999998,0.0373860734684987,5,0.7247137945655605,0.1032428046237076,6,0.7672605790645878,0.0013604135812598,14,3,True,+,0.024411690574160774
Butachlor ESA,"Cytosine, N-(tert-butyldimethylsilyl)-",,,0,1.0,0.0,4,0.7999999999999999,0.2,4,0.902455801312274,0.0003515764490402,10,2,True,+,0.011053220556410191
Butachlor ESA,"Dodecanoic acid, 1-methylethyl ester",,,0,1.0,0.0,4,0.7999999999999999,0.2,4,0.9179373709568976,0.0001795302177889,10,2,True,+,0.007799738400092318
Butachlor ESA,"D-Streptamine, O-6-amino-6-deoxy-alpha-D-glucopyranosyl-(1-4)-O-(3-deoxy-4-C-methyl-3-(methylamino)-beta-L-arabinopyranosyl-(1-6))-2-deoxy-",,,0,1.0,0.0,4,0.948683298050514,0.0513167019494861,4,0.8997002046464955,0.0003916735956294,10,2,True,+,0.011561845758006792
Butachlor ESA,Frangulin,,,0,1.0,0.0,3,0.8660254037844387,0.3333333333333332,3,0.9221722216732094,0.0011108173578061,8,2,True,+,0.021639953262650825
Butachlor ESA,Iminodiacetic acid,,,0,0.948683298050514,0.0513167019494861,4,0.3999999999999999,0.6,4,0.8282832108387959,0.0030747742235712,10,2,True,+,0.038842201415061874
Butachlor ESA,Isopropyl palmitate,,,0,1.0,0.0,4,0.7378647873726218,0.2621352126273781,4,0.9390418473114204,5.610181924931424e-05,10,2,True,+,0.003838052270072331
Butachlor ESA,Isopropylamine,,,0,-1.0,0.0,4,-1.0,0.0,4,-0.8231860349807906,0.0034339368139028,10,2,True,-,0.04145388230944496
Butachlor ESA,L-Alanine,,,0,0.948683298050514,0.0513167019494861,4,0.7999999999999999,0.2,4,0.9665698144513026,5.248115668648561e-06,10,2,True,+,0.0009203795124574074
Butachlor ESA,L-Glutamine,,,0,1.0,0.0,4,0.7999999999999999,0.2,4,0.9665698144513026,5.248115668648561e-06,10,2,True,+,0.0009203795124574074
Butachlor ESA,L-Leucine,,,0,0.948683298050514,0.0513167019494861,4,0.7999999999999999,0.2,4,0.8160123484559988,0.0039891443952871,10,2,True,+,0.04449730161692245
Butachlor ESA,L-Tryptophan,,,0,1.0,0.0,4,0.3999999999999999,0.6,4,0.8328305948416885,0.0027778892723005,10,2,True,+,0.03668278953265882
Butachlor ESA,Niacin,,,0,0.7999999999999999,0.2,4,0.8660254037844387,0.3333333333333332,3,0.9244023874976196,0.0003630412158392,9,2,True,+,0.011121483960418349
Butachlor ESA,N-Methyl-1-[(trimethylsilyl)oxy]-1-{4-[(trimethylsilyl)oxy]phenyl}propan-2-amine,,,0,1.0,0.0,4,0.5,0.6666666666666667,3,0.8833333333333333,0.0015905004234978,9,2,True,+,0.027094560077823758
Butachlor ESA,Norketamine,,,0,1.0,0.0,4,0.6000000000000001,0.3999999999999999,4,0.9052368735483408,0.0003142487865829,10,2,True,+,0.010386325279624567
Butachlor ESA,Oxalic acid,,,0,0.8944271909999159,0.1055728090000841,4,0.632455532033676,0.367544467966324,4,0.8181928213868076,0.0038140506104581,10,2,True,+,0.04373877944734512
Butachlor ESA,Yangonin,,,0,1.0,0.0,4,0.7378647873726218,0.2621352126273781,4,0.9451395216446112,3.707957081777725e-05,10,2,True,+,0.0028677340070468924
Butanedioic acid,"Erythrono-1,4-lactone",0.5,0.6666666666666667,3,0.8999999999999998,0.0373860734684987,5,0.7714285714285715,0.0723965014577259,6,0.7834840946993348,0.0009160682499122,14,3,True,+,0.018892991586189213
Butyric Acid,Hexanoic acid,1.0,0.0,3,0.9746794344808964,0.0048182304681985,5,0.6617647058823529,0.1522570857927945,6,0.7860858817520264,0.0008571709939646,14,3,True,+,0.01838883773645434
Butyric Acid,Pentanoic acid,0.5,0.6666666666666667,3,0.9746794344808964,0.0048182304681985,5,0.898645105261295,0.0148886220055803,6,0.9323816735046286,1.1915218556663762e-06,14,3,True,+,0.0003839679179884897
Butyric Acid,Phenoxyethanol,1.0,0.0,3,0.7,0.1881204043741872,5,0.7058823529411765,0.1170364339507428,6,0.72364441089488,0.0034374589601299,14,3,True,+,0.04145388230944496
Cholesterol,"Hymexazole, tert-butyldimethylsilyl ether",1.0,0.0,3,0.8999999999999998,0.0373860734684987,5,0.942857142857143,0.004804664723032,6,0.717272161209309,0.0038814319254786,14,3,True,+,0.043887418876683466
Cholesterol,"N,N-Dimethyl-2-aminoethanol",1.0,0.0,3,0.7999999999999999,0.2,4,0.7714285714285715,0.0723965014577259,6,0.8393641639026124,0.0003327237436067,13,3,True,+,0.010722022637725908
Cholesterol,Phenol,-1.0,0.0,3,-0.4999999999999999,0.3910022189557705,5,-0.6,0.2847569798652937,5,-0.8170571691028833,0.0006500406040652,13,3,True,-,0.01566172595588865
Cholesterol,Uracil,1.0,0.0,3,0.9746794344808964,0.0048182304681985,5,0.6377481392176932,0.1730711102412597,6,0.8410677998713362,0.0001637071102803,14,3,True,+,0.007447710534752001
Citramalic acid,N-Acetyl-L-alanine,0.8660254037844387,0.3333333333333332,3,0.5642880936468347,0.3217233358243002,5,0.7181848464596079,0.1717953049079889,5,0.7897656240288962,0.0013203057115031,13,3,True,+,0.02401878562499609
Citramalic acid,"Propanoic acid, dimethyl(isopropyl)silyl ester",,,0,0.8999999999999998,0.0373860734684987,5,0.6668859288553503,0.2188939813132315,5,0.8428267880196796,0.0011230729173028,11,2,True,+,0.02182373352366798
Citramalic acid,Suberic acid,,,0,0.8999999999999998,0.0373860734684987,5,0.5642880936468347,0.3217233358243002,5,0.8280701754385966,0.0008796802766453,12,2,True,+,0.01857081224425402
Citramalic acid,Vanillylmandelic acid,,,0,0.8999999999999998,0.0373860734684987,5,0.948683298050514,0.0513167019494861,4,0.9117647058823533,0.0006157846379128,9,2,True,+,0.015248309098477995
Crotonic acid,Xylazine,1.0,0.0,3,0.9210526315789476,0.0263105196855779,5,0.3339472073954039,0.5177002083054396,6,0.7112888692372609,0.0043381405131356,14,3,True,+,0.04705635165300242
Curcumin,Hexacosanoic acid,,,0,1.0,0.0,4,0.9746794344808964,0.0048182304681985,5,0.7912927289042541,0.0037174647650355,11,2,True,+,0.04323439472599181
Curcumin,Tetrahydro-solasodine triacetate,0.8660254037844387,0.3333333333333332,3,0.8999999999999998,0.0373860734684987,5,0.8285714285714287,0.0415626822157433,6,0.8716835492320657,4.8603924209178266e-05,14,3,True,+,0.0034486490810438962
Cycloheptanol,Triethyl citrate,,,3,1.0,1.4042654220543672e-24,5,1.0,0.0,4,0.765442813025534,0.0037129716145614,12,2,True,+,0.04323439472599181
"Cyclohexanone, 3,3,5-trimethyl",Cyclooctylamine,1.0,0.0,3,0.9746794344808964,0.0048182304681985,5,0.6,0.2847569798652937,5,0.8331105807632088,0.0004053139853218,13,3,True,+,0.011786890797036029
"Cyclohexanone, 3,3,5-trimethyl",Diethylamine,1.0,0.0,3,0.7999999999999999,0.1040880386618278,5,0.6668859288553501,0.2188939813132316,5,0.7933914402968284,0.0012088636091525,13,3,True,+,0.022710546626286045
"Cyclohexanone, 3,3,5-trimethyl",L-Threonine,,,0,-1.0,0.0,3,-1.0,0.0,3,-0.942857142857143,0.004804664723032,6,2,True,-,0.04917264725608281
"Cyclohexanone, 3,3,5-trimethyl",Malic acid,-1.0,0.0,3,-0.7999999999999999,0.1040880386618278,5,-0.6,0.2847569798652937,5,-0.7345261419207739,0.0042431409009698,13,3,True,-,0.04628554545571288
Cyclooctylamine,Diethylamine,1.0,0.0,3,0.6668859288553503,0.2188939813132315,5,0.8406680016960503,0.0360575728451592,6,0.7809753626368507,0.0009758808942566,14,3,True,+,0.019654851135886834
Cyclooctylamine,"Hymexazole, tert-butyldimethylsilyl ether",-1.0,0.0,3,-0.3590924232298039,0.5528147466433505,5,-1.0,0.0,6,-0.7204459473345373,0.0036550085502781,14,3,True,-,0.04323439472599181
Cyclooctylamine,Malic acid,-1.0,0.0,3,-0.8720815992723809,0.0538542177275421,5,-0.6571428571428573,0.1561749271137023,6,-0.7326007102496906,0.0028820557998591,14,3,True,-,0.03720359647888303
Cyclooctylamine,Methylthiouracil,,,0,-0.6155870112510925,0.2689977701158222,5,-1.0,0.0,6,-0.7596714068284549,0.0025882584198197,13,2,True,-,0.03575875004085354
Cyclooctylamine,Trimethylolpropane,,,0,0.8660254037844387,0.3333333333333332,3,0.8720815992723809,0.0538542177275421,5,0.8565477091591587,0.0031903339792093,9,2,True,+,0.0397174540516237
"Cytosine, N-(tert-butyldimethylsilyl)-","Dodecanoic acid, 1-methylethyl ester",0.8660254037844387,0.3333333333333332,3,1.0,1.4042654220543672e-24,5,1.0,0.0,6,0.990055853030222,1.3665475696963414e-11,14,3,True,+,5.284439452015752e-08
"Cytosine, N-(tert-butyldimethylsilyl)-","D-Streptamine, O-6-amino-6-deoxy-alpha-D-glucopyranosyl-(1-4)-O-(3-deoxy-4-C-methyl-3-(methylamino)-beta-L-arabinopyranosyl-(1-6))-2-deoxy-",0.8660254037844387,0.3333333333333332,3,1.0,0.0,4,0.753702346348183,0.0835232813732598,6,0.92669521558557,5.294129999258552e-06,13,3,True,+,0.0009203795124574074
"Cytosine, N-(tert-butyldimethylsilyl)-",Frangulin,0.8660254037844387,0.3333333333333332,3,1.0,0.0,4,0.948683298050514,0.0513167019494861,4,0.951947572508676,6.382364606867324e-06,11,3,True,+,0.0009492539974906132
"Cytosine, N-(tert-butyldimethylsilyl)-",Glycerol,0.5000000000000001,0.6666666666666667,3,0.8999999999999998,0.0373860734684987,5,0.7714285714285715,0.0723965014577259,6,0.7306004655861169,0.0029994740510819,14,3,True,+,0.03825768498794982
"Cytosine, N-(tert-butyldimethylsilyl)-",Hexacosanoic acid,,,0,1.0,0.0,4,0.4616902584383193,0.4337661561690278,5,0.8899176197531902,0.0002427996023668,11,2,True,+,0.009071556157994353
"Cytosine, N-(tert-butyldimethylsilyl)-",Isopropyl palmitate,0.5000000000000001,0.6666666666666667,3,1.0,1.4042654220543672e-24,5,0.9856107606091624,0.0003090856678496,6,0.9800670461494456,8.675585188505997e-10,14,3,True,+,2.236565861596846e-06
"Cytosine, N-(tert-butyldimethylsilyl)-",L-Glutamine,0.8660254037844387,0.3333333333333332,3,1.0,1.4042654220543672e-24,5,0.753702346348183,0.0835232813732598,6,0.9058698799437814,8.17727127171743e-06,14,3,True,+,0.0011389367004212543
"Cytosine, N-(tert-butyldimethylsilyl)-","l-Norvaline, n-propargyloxycarbonyl-, isohexyl ester",,,0,-0.7999999999999999,0.2,4,-0.7999999999999999,0.1040880386618278,5,-0.8693049274624923,0.0010869850351278,10,2,True,-,0.021445771075710218
"Cytosine, N-(tert-butyldimethylsilyl)-",L-Tryptophan,1.0,0.0,3,1.0,1.4042654220543672e-24,5,0.6571428571428573,0.1561749271137023,6,0.8991152922463441,1.2208260107453013e-05,14,3,True,+,0.0014987092646197079
"Cytosine, N-(tert-butyldimethylsilyl)-",N-Caffeoyl-O-methyltyramine,,,0,0.8999999999999998,0.0373860734684987,5,0.3188740696088466,0.5379005604702051,6,0.7803175495475861,0.0027493300055139,12,2,True,+,0.03664878823476367
"Cytosine, N-(tert-butyldimethylsilyl)-",N-Methyl-1-[(trimethylsilyl)oxy]-1-{4-[(trimethylsilyl)oxy]phenyl}propan-2-amine,0.8660254037844387,0.3333333333333332,3,1.0,0.0,4,0.7999999999999999,0.2,4,0.908685272304674,0.0001076654574725,11,3,True,+,0.005502113011757835
"Cytosine, N-(tert-butyldimethylsilyl)-",Suberic acid,,,0,0.7999999999999999,0.1040880386618278,5,0.6,0.2079999999999998,6,0.8000007609998968,0.0010248096184823,13,2,True,+,0.02037500665640645
"Cytosine, N-(tert-butyldimethylsilyl)-",Triethyl citrate,,,3,1.0,1.4042654220543672e-24,5,0.7999999999999999,0.2,4,0.9187336509165976,2.43251021319968e-05,12,2,True,+,0.002294272437669064
"Cytosine, N-(tert-butyldimethylsilyl)-",Yangonin,0.8660254037844387,0.3333333333333332,3,1.0,0.0,4,0.8116794499134279,0.0498575851013403,6,0.7603878116343492,0.002549932810012,13,3,True,+,0.0356385940618384
Diacetyl monoxime,Propylene glycol,0.8660254037844387,0.3333333333333332,3,0.7999999999999999,0.2,4,0.6377481392176932,0.1730711102412597,6,0.8571436815719555,0.0001809286463263,13,3,True,+,0.007799738400092318
Diacetyl monoxime,Vanillylmandelic acid,,,0,1.0,1.4042654220543672e-24,5,0.7999999999999999,0.1040880386618278,5,0.8510677611520905,0.001791130030195,10,2,True,+,0.028919832262062906
Diethylamine,N-Methyl-1-[(trimethylsilyl)oxy]-1-{4-[(trimethylsilyl)oxy]phenyl}propan-2-amine,1.0,0.0,3,0.7999999999999999,0.2,4,0.7999999999999999,0.2,4,0.8337151470681154,0.0014272961872224,11,3,True,+,0.02520253130588594
Diethylamine,Trimethylolpropane,,,0,1.0,0.0,3,0.9746794344808964,0.0048182304681985,5,0.8607671560023072,0.0028862371201616,9,2,True,+,0.03720359647888303
DL-Glyceraldehyde,Norephedrine,0.8660254037844387,0.3333333333333332,3,0.8660254037844387,0.3333333333333332,3,1.0,0.0,3,0.893819357296686,0.0011560848338519,9,3,True,+,0.022076938530890357
DL-p-Hydroxyphenyllactic acid,Isopropylamine,-0.5,0.6666666666666667,3,-0.7999999999999999,0.2,4,-0.3590924232298039,0.5528147466433505,5,-0.7943773252151102,0.0020261301340467,12,3,True,-,0.03096855821485608
DL-p-Hydroxyphenyllactic acid,L-Tyrosine,0.5,0.6666666666666667,3,1.0,0.0,3,0.948683298050514,0.0513167019494861,4,0.8160123484559988,0.0039891443952871,10,3,True,+,0.04449730161692245
DL-p-Hydroxyphenyllactic acid,N-Acetyl-L-alanine,1.0,0.0,3,0.632455532033676,0.367544467966324,4,0.9746794344808964,0.0048182304681985,5,0.8186670469003202,0.0011289125866837,12,3,True,+,0.021880083314234966
DL-p-Hydroxyphenyllactic acid,Pentanedioic acid,0.5,0.6666666666666667,3,0.5,0.6666666666666667,3,0.6315789473684211,0.2530804245544157,5,0.8054940998150336,0.0027673768204166,11,3,True,+,0.03664878823476367
DL-p-Hydroxyphenyllactic acid,Suberic acid,,,0,0.3999999999999999,0.6,4,0.9746794344808964,0.0048182304681985,5,0.8082191780821917,0.0026080695284828,11,2,True,+,0.03588634734830751
DL-p-Hydroxyphenyllactic acid,Triethyl citrate,,,3,0.7999999999999999,0.2,4,1.0,0.0,3,0.8528249356043897,0.0017118949981063,10,2,True,+,0.028109970096293256
"Dodecanoic acid, 1-methylethyl ester","D-Streptamine, O-6-amino-6-deoxy-alpha-D-glucopyranosyl-(1-4)-O-(3-deoxy-4-C-methyl-3-(methylamino)-beta-L-arabinopyranosyl-(1-6))-2-deoxy-",1.0,0.0,3,1.0,0.0,4,0.753702346348183,0.0835232813732598,6,0.925414364640884,5.808717694153824e-06,13,3,True,+,0.0009359296384705349
"Dodecanoic acid, 1-methylethyl ester",Frangulin,1.0,0.0,3,1.0,0.0,4,0.948683298050514,0.0513167019494861,4,0.9337899543378996,2.6295606992136605e-05,11,3,True,+,0.0024502436683998133
"Dodecanoic acid, 1-methylethyl ester",Hexacosanoic acid,,,0,1.0,0.0,4,0.4616902584383193,0.4337661561690278,5,0.8876240176404241,0.0002654977073008,11,2,True,+,0.009595136767590596
"Dodecanoic acid, 1-methylethyl ester",Iminodiacetic acid,0.5,0.6666666666666667,3,0.8720815992723809,0.0538542177275421,5,0.5217939320872036,0.2883432338003937,6,0.8505030325569221,0.0001158596196714,14,3,True,+,0.005707377697698138
"Dodecanoic acid, 1-methylethyl ester",Isopropyl palmitate,0.8660254037844387,0.3333333333333332,3,1.0,1.4042654220543672e-24,5,0.9856107606091624,0.0003090856678496,6,0.9767723019948148,2.1568177959815224e-09,14,3,True,+,2.7895103356550856e-06
"Dodecanoic acid, 1-methylethyl ester",L-Glutamine,1.0,0.0,3,1.0,1.4042654220543672e-24,5,0.753702346348183,0.0835232813732598,6,0.9380553930822232,7.131059140783956e-07,14,3,True,+,0.0002626267209277291
"Dodecanoic acid, 1-methylethyl ester","l-Norvaline, n-propargyloxycarbonyl-, isohexyl ester",,,0,-0.7999999999999999,0.2,4,-0.7999999999999999,0.1040880386618278,5,-0.8353658536585367,0.0026216429081709,10,2,True,-,0.03588634734830751
"Dodecanoic acid, 1-methylethyl ester",L-Tryptophan,0.8660254037844387,0.3333333333333332,3,1.0,1.4042654220543672e-24,5,0.6571428571428573,0.1561749271137023,6,0.8615772907933402,7.486870399575883e-05,14,3,True,+,0.004410329936878452
"Dodecanoic acid, 1-methylethyl ester",N-Caffeoyl-O-methyltyramine,,,0,0.8999999999999998,0.0373860734684987,5,0.3188740696088466,0.5379005604702051,6,0.7978922691319912,0.0018706077347257,12,2,True,+,0.029585440123453096
"Dodecanoic acid, 1-methylethyl ester",N-Methyl-1-[(trimethylsilyl)oxy]-1-{4-[(trimethylsilyl)oxy]phenyl}propan-2-amine,0.5,0.6666666666666667,3,1.0,0.0,4,0.7999999999999999,0.2,4,0.8949864993553575,0.0001978811010817,11,3,True,+,0.00817254791834962
"Dodecanoic acid, 1-methylethyl ester",Suberic acid,,,0,0.7999999999999999,0.1040880386618278,5,0.6,0.2079999999999998,6,0.8303456174516171,0.0004411611711986,13,2,True,+,0.012452337584123986
"Dodecanoic acid, 1-methylethyl ester",Triethyl citrate,,,3,1.0,1.4042654220543672e-24,5,0.7999999999999999,0.2,4,0.8798641503008955,0.0001605508968423,12,2,True,+,0.007347341042475433
"Dodecanoic acid, 1-methylethyl ester",Vanillylmandelic acid,,,0,1.0,1.4042654220543672e-24,5,0.3,0.6238376647810728,5,0.8170731707317074,0.0039032559572408,10,2,True,+,0.044001783704864635
"Dodecanoic acid, 1-methylethyl ester",Yangonin,1.0,0.0,3,1.0,0.0,4,0.8116794499134279,0.0498575851013403,6,0.7607199530926321,0.002532314670735,13,3,True,+,0.03554432243822957
Dodecanoic acid,Phenoxyethanol,1.0,0.0,3,0.7999999999999999,0.1040880386618278,5,0.5217939320872036,0.2883432338003937,6,0.7172966634813621,0.0038796427228033,14,3,True,+,0.043887418876683466
"D-Streptamine, O-6-amino-6-deoxy-alpha-D-glucopyranosyl-(1-4)-O-(3-deoxy-4-C-methyl-3-(methylamino)-beta-L-arabinopyranosyl-(1-6))-2-deoxy-",Frangulin,1.0,0.0,3,1.0,0.0,3,0.948683298050514,0.0513167019494861,4,0.9240164263936984,0.00013295265816,10,3,True,+,0.006426599113809
"D-Streptamine, O-6-amino-6-deoxy-alpha-D-glucopyranosyl-(1-4)-O-(3-deoxy-4-C-methyl-3-(methylamino)-beta-L-arabinopyranosyl-(1-6))-2-deoxy-",Hexacosanoic acid,,,0,1.0,0.0,3,0.4616902584383193,0.4337661561690278,5,0.8405066151252208,0.0023244039028948,10,2,True,+,0.03402553321897655
"D-Streptamine, O-6-amino-6-deoxy-alpha-D-glucopyranosyl-(1-4)-O-(3-deoxy-4-C-methyl-3-(methylamino)-beta-L-arabinopyranosyl-(1-6))-2-deoxy-",Iminodiacetic acid,0.5,0.6666666666666667,3,0.948683298050514,0.0513167019494861,4,0.7941176470588236,0.0592178913087725,6,0.8890506919335527,4.80264739257896e-05,13,3,True,+,0.0034392291605745994
"D-Streptamine, O-6-amino-6-deoxy-alpha-D-glucopyranosyl-(1-4)-O-(3-deoxy-4-C-methyl-3-(methylamino)-beta-L-arabinopyranosyl-(1-6))-2-deoxy-",Isopropyl palmitate,0.8660254037844387,0.3333333333333332,3,1.0,0.0,4,0.7205882352941176,0.1061994326277223,6,0.916901024787961,1.035125782111625e-05,13,3,True,+,0.0013342771331418847
"D-Streptamine, O-6-amino-6-deoxy-alpha-D-glucopyranosyl-(1-4)-O-(3-deoxy-4-C-methyl-3-(methylamino)-beta-L-arabinopyranosyl-(1-6))-2-deoxy-",L-Glutamine,1.0,0.0,3,1.0,0.0,4,0.6617647058823529,0.1522570857927945,6,0.8587290564479393,0.0001707015559941,13,3,True,+,0.0075873898509101695
"D-Streptamine, O-6-amino-6-deoxy-alpha-D-glucopyranosyl-(1-4)-O-(3-deoxy-4-C-methyl-3-(methylamino)-beta-L-arabinopyranosyl-(1-6))-2-deoxy-",N-Methyl-1-[(trimethylsilyl)oxy]-1-{4-[(trimethylsilyl)oxy]phenyl}propan-2-amine,0.5,0.6666666666666667,3,1.0,0.0,4,0.632455532033676,0.367544467966324,4,0.8246035061165514,0.0017894598527492,11,3,True,+,0.028919832262062906
"D-Streptamine, O-6-amino-6-deoxy-alpha-D-glucopyranosyl-(1-4)-O-(3-deoxy-4-C-methyl-3-(methylamino)-beta-L-arabinopyranosyl-(1-6))-2-deoxy-",Suberic acid,,,0,0.7999999999999999,0.2,4,0.8116794499134278,0.0498575851013404,6,0.8119520447995153,0.0013378130424867,12,2,True,+,0.024174406706990975
"D-Streptamine, O-6-amino-6-deoxy-alpha-D-glucopyranosyl-(1-4)-O-(3-deoxy-4-C-methyl-3-(methylamino)-beta-L-arabinopyranosyl-(1-6))-2-deoxy-",Triethyl citrate,,,3,1.0,0.0,4,0.316227766016838,0.683772233983162,4,0.8940187095017519,0.0002059236499502,11,2,True,+,0.00817254791834962
Durapan,"Hymexazole, tert-butyldimethylsilyl ether",,,0,0.8999999999999998,0.0373860734684987,5,0.942857142857143,0.004804664723032,6,0.9071817764981586,4.634685136516254e-05,12,2,True,+,0.003381571211869501
Durapan,"Kojic acid, bis(tert-butyldimethylsilyl) ether",,,0,0.7,0.1881204043741872,5,1.0,0.0,6,0.8441343943477072,0.0005542616819347,12,2,True,+,0.01443111853047823
Durapan,Methanesulfonic acid,,,0,0.8999999999999998,0.0373860734684987,5,0.942857142857143,0.004804664723032,6,0.9790209790209792,3.0898013985487064e-08,12,2,True,+,1.838194155105823e-05
Durapan,Methylthiouracil,,,0,1.0,1.4042654220543672e-24,5,0.942857142857143,0.004804664723032,6,0.9492133645984592,2.4427417276402135e-06,12,2,True,+,0.0005903801412990441
Durapan,Pinosylvin,,,0,1.0,1.4042654220543672e-24,5,0.942857142857143,0.004804664723032,6,0.9702291586486096,1.752000592146004e-07,12,2,True,+,7.970572105680703e-05
Formamide,Hexanoic acid,1.0,0.0,3,1.0,0.0,5,0.8088235294117647,0.0513290631996743,6,0.8068202655508974,0.0004879230445202,14,3,True,+,0.01310276675805287
Formamide,Isonicotinic Acid,0.5,0.6666666666666667,3,0.8207826816681234,0.0885870053135437,5,0.8382352941176471,0.0371352152452676,6,0.7364272241256488,0.002667548472829,14,3,True,+,0.03619442085764822
Formamide,Oxalic acid,0.8660254037844387,0.3333333333333332,3,0.7029594915666376,0.1854348935679761,5,0.6470588235294118,0.1648687156523507,6,0.7079563738566325,0.0046101642516896,14,3,True,+,0.04820880792281076
Frangulin,Glycerol,0.8660254037844387,0.3333333333333332,3,1.0,0.0,4,0.948683298050514,0.0513167019494861,4,0.9539575687667284,5.281374357274314e-06,11,3,True,+,0.0009203795124574074
Frangulin,Hexacosanoic acid,,,0,1.0,0.0,4,0.8333333333333335,0.1666666666666665,4,0.8776799450195786,0.0008428553839887,10,2,True,+,0.01825950571363755
Frangulin,Isopropyl palmitate,0.8660254037844387,0.3333333333333332,3,1.0,0.0,4,1.0,0.0,4,0.951947572508676,6.382364606867324e-06,11,3,True,+,0.0009492539974906132
Frangulin,L-Glutamine,1.0,0.0,3,1.0,0.0,4,0.7378647873726218,0.2621352126273781,4,0.8767123287671235,0.0003963439517492,11,3,True,+,0.011655224801628566
Frangulin,L-Tryptophan,0.8660254037844387,0.3333333333333332,3,1.0,0.0,4,0.632455532033676,0.367544467966324,4,0.9244875463786182,4.686707295125997e-05,11,3,True,+,0.0033875695533181743
Frangulin,N-Methyl-1-[(trimethylsilyl)oxy]-1-{4-[(trimethylsilyl)oxy]phenyl}propan-2-amine,0.5,0.6666666666666667,3,1.0,0.0,3,0.8660254037844387,0.3333333333333332,3,0.8954053273686235,0.0010985258735882,9,3,True,+,0.021508858497040855
Glycerol,Hexacosanoic acid,,,0,1.0,0.0,4,0.8207826816681233,0.0885870053135438,5,0.8229906803851704,0.001860105083778,11,2,True,+,0.029540149318150008
Glycerol,Norketamine,0.5000000000000001,0.6666666666666667,3,0.8999999999999998,0.0373860734684987,5,0.7944613465542746,0.0590275999253266,6,0.7179527333106321,0.0038319755427856,14,3,True,+,0.043778726603467905
Glycerol,Triethyl citrate,,,3,0.8999999999999998,0.0373860734684987,5,1.0,0.0,4,0.9129676923743528,3.393065838634519e-05,12,2,True,+,0.0027623127574736175
Glycine,"Glycine, tert.-butyldimethylsilyl ester",1.0,0.0,3,1.0,0.0,4,0.6029411764705883,0.2051842687767145,6,0.9182860716531996,9.462986272060915e-06,13,3,True,+,0.001255091807122852
Glycine,L-Glutamine,1.0,0.0,3,0.7999999999999999,0.2,4,0.4264705882352941,0.3990767479136982,6,0.7506954009593274,0.0031074777663152,13,3,True,+,0.039014988708898954
"Glycine, tert.-butyldimethylsilyl ester",L-Glutamine,1.0,0.0,3,0.6668859288553503,0.2188939813132315,5,0.0294117647058823,0.9558950742926928,6,0.7719731525806797,0.0012166973691321,14,3,True,+,0.022784352186120245
Glycolic acid,N-Ethylamphetamine,-1.0,0.0,3,-0.8660254037844387,0.3333333333333332,3,-0.6029411764705883,0.2051842687767145,6,-0.756183745583039,0.0044302418035262,12,3,True,-,0.047780549771779694
Glycolic acid,Oxalic acid,0.8660254037844387,0.3333333333333332,3,0.5270462766947299,0.3614548502018728,5,0.8823529411764706,0.0199470791776918,6,0.7183705184274486,0.0038018616136535,14,3,True,+,0.04373877944734512
Glycolic acid,"Phenol, 2,4-bis(1-methyl-1-phenylethyl)-",0.5,0.6666666666666667,3,0.8999999999999998,0.0373860734684987,5,0.7826908981308054,0.065703848071589,6,0.705299731738352,0.0048364365774015,14,3,True,+,0.0492819505792137
Guanosine,N-Acetyl-L-alanine,,,0,-0.948683298050514,0.0513167019494861,4,-0.7999999999999999,0.2,4,-0.8445378151260505,0.0041753252969769,9,2,True,-,0.04586926966877748
Heptanoic acid,Isopropylamine,-0.5,0.6666666666666667,3,-0.9746794344808964,0.0048182304681985,5,-0.9276336570439174,0.0076658441874731,6,-0.9170376425296732,3.929062766604831e-06,14,3,True,-,0.0008440936510256045
Heptanoic acid,Oxalic acid,0.8660254037844387,0.3333333333333332,3,0.4596273598704939,0.4360974341130982,5,0.8676470588235294,0.0251167184001627,6,0.7405167524676195,0.0024524421135678,14,3,True,+,0.03499481052829034
Heptanoic acid,Salsoline,0.5,0.6666666666666667,3,0.6315789473684211,0.2530804245544157,5,0.2108185106778919,0.7891814893221081,4,0.7535257980071765,0.0046542799703916,12,3,True,+,0.04844710806326869
Heptylamine,Hexacosanoic acid,,,0,1.0,0.0,3,0.632455532033676,0.367544467966324,4,0.8902439024390245,0.0030392955684888,8,2,True,+,0.038532543238112504
Heptylamine,"Kojic acid, bis(tert-butyldimethylsilyl) ether",,,0,1.0,0.0,4,0.8999999999999998,0.0373860734684987,5,0.8776799450195786,0.0008428553839887,10,2,True,+,0.01825950571363755
Heptylamine,L-Tryptophan,,,0,1.0,0.0,4,0.7,0.1881204043741872,5,0.8353813836471727,0.002620705797353,10,2,True,+,0.03588634734830751
Heptylamine,N-Methyl-1-[(trimethylsilyl)oxy]-1-{4-[(trimethylsilyl)oxy]phenyl}propan-2-amine,,,0,1.0,0.0,4,1.0,0.0,3,0.9157291161525718,0.0014031743248924,8,2,True,+,0.02489025281816014
Heptylamine,Yangonin,,,0,1.0,0.0,4,0.6668859288553501,0.2188939813132316,5,0.9143773643235332,0.0002118343066383,10,2,True,+,0.008358808813982715
Hexacosanoic acid,Iminodiacetic acid,,,0,0.948683298050514,0.0513167019494861,4,0.5000000000000001,0.3910022189557705,5,0.7954044005957233,0.003420814500749,11,2,True,+,0.04145388230944496
Hexacosanoic acid,Isopropyl palmitate,,,0,1.0,0.0,4,0.5526315789473686,0.3340347107115182,5,0.908048376402632,0.0001109813330533,11,2,True,+,0.005502113011757835
Hexacosanoic acid,L-Alanine,,,0,1.0,0.0,4,0.3947368421052632,0.5107810387958468,5,0.9287380862447172,3.633794268469576e-05,11,2,True,+,0.002841364001293357
Hexacosanoic acid,L-Glutamine,,,0,1.0,0.0,4,0.4616902584383193,0.4337661561690278,5,0.8945048239787219,0.0002018534514602,11,2,True,+,0.00817254791834962
Hexacosanoic acid,L-Tryptophan,,,0,1.0,0.0,4,0.6668859288553503,0.2188939813132315,5,0.8758643833149438,0.0004082394223105,11,2,True,+,0.011825182367600775
Hexacosanoic acid,N-Caffeoyl-O-methyltyramine,,,0,0.7999999999999999,0.2,4,0.5000000000000001,0.3910022189557705,5,0.8800041657100524,0.0007828784411434,10,2,True,+,0.017704040537435836
Hexacosanoic acid,Niacin,,,0,1.0,0.0,4,0.948683298050514,0.0513167019494861,4,0.9693433955458752,3.723977716134171e-06,10,2,True,+,0.0008228926759023336
Hexacosanoic acid,N-Methyl-1-[(trimethylsilyl)oxy]-1-{4-[(trimethylsilyl)oxy]phenyl}propan-2-amine,,,0,1.0,0.0,3,1.0,0.0,3,0.9221722216732094,0.0011108173578061,8,2,True,+,0.021639953262650825
Hexacosanoic acid,Norketamine,,,0,1.0,0.0,4,0.9473684210526316,0.0143795336199305,5,0.9538131672109804,5.35519499102448e-06,11,2,True,+,0.0009203795124574074
Hexacosanoic acid,Triethyl citrate,,,0,1.0,0.0,4,1.0,0.0,3,0.9620338802378728,3.382854472184289e-05,9,2,True,+,0.0027623127574736175
Hexacosanoic acid,Yangonin,,,0,1.0,0.0,3,0.9210526315789476,0.0263105196855779,5,0.898148148148148,0.0004156808177307,10,2,True,+,0.0119512098302202
Hexanoic acid,Isonicotinic Acid,0.5,0.6666666666666667,3,0.8207826816681234,0.0885870053135437,5,0.7647058823529412,0.0765316507225726,6,0.7074902689096291,0.004649251572139,14,3,True,+,0.04844710806326869
Hexanoic acid,Pentanoic acid,0.5,0.6666666666666667,3,0.9210526315789476,0.0263105196855779,5,0.753702346348183,0.0835232813732598,6,0.7355166063400707,0.0027174135237091,14,3,True,+,0.03649272916627427
"Hymexazole, tert-butyldimethylsilyl ether",Isobutanol,-0.5,0.6666666666666667,3,-0.632455532033676,0.367544467966324,4,-0.8857142857142858,0.0188454810495626,6,-0.8455180456774771,0.0002717650935311,13,3,True,-,0.009685858218292754
"Hymexazole, tert-butyldimethylsilyl ether",Ketamine,0.5,0.6666666666666667,3,0.7,0.1881204043741872,5,0.6377481392176932,0.1730711102412597,6,0.7364453981229505,0.0026665606799044,14,3,True,+,0.03619442085764822
"Hymexazole, tert-butyldimethylsilyl ether","Kojic acid, bis(tert-butyldimethylsilyl) ether",1.0,0.0,3,0.8999999999999998,0.0373860734684987,5,0.942857142857143,0.004804664723032,6,0.8590308370044053,8.304141142151455e-05,14,3,True,+,0.0046204480283021125
"Hymexazole, tert-butyldimethylsilyl ether",Methanesulfonic acid,,,0,1.0,1.4042654220543672e-24,5,0.8285714285714287,0.0415626822157433,6,0.896837162045589,3.2687991209053245e-05,13,2,True,+,0.0027325606300921826
"Hymexazole, tert-butyldimethylsilyl ether",Methylthiouracil,,,0,0.8999999999999998,0.0373860734684987,5,1.0,0.0,6,0.9449035812672176,1.140730522509137e-06,13,2,True,+,0.00038358303743850716
"Hymexazole, tert-butyldimethylsilyl ether",Phenoxyethanol,0.5,0.6666666666666667,3,0.8999999999999998,0.0373860734684987,5,0.7826908981308054,0.065703848071589,6,0.7373086397515166,0.0026199733947232,14,3,True,+,0.03588634734830751
"Hymexazole, tert-butyldimethylsilyl ether",Pinosylvin,,,0,0.8999999999999998,0.0373860734684987,5,0.8857142857142858,0.0188454810495626,6,0.8666666666666669,0.0002641858090738,12,2,True,+,0.009592549518200794
Hypoxanthine,Ketamine,1.0,0.0,3,0.7,0.1881204043741872,5,0.5507824838698261,0.2573693316225744,6,0.7109743542780966,0.0043632623852397,14,3,True,+,0.04726256482835272
Hypoxanthine,"Propanoic acid, 3-[(tert-butyldimethylsilyl)oxy]-2-methyl-",0.5,0.6666666666666667,3,0.7999999999999999,0.2,4,0.6667366910003157,0.1480897994403527,6,0.7351731131257672,0.004192318062779,13,3,True,+,0.045990621131252185
Iminodiacetic acid,Isopropyl palmitate,0.8660254037844387,0.3333333333333332,3,0.8720815992723809,0.0538542177275421,5,0.5882352941176471,0.21941787095461,6,0.8557163983024546,9.475144140127287e-05,14,3,True,+,0.005124529005576534
Iminodiacetic acid,L-Alanine,0.8660254037844387,0.3333333333333332,3,0.7631578947368421,0.1333391195318062,5,0.25,0.6328125,6,0.7949021757590984,0.0006797162168,14,3,True,+,0.016143410287430514
Iminodiacetic acid,L-Glutamine,0.5,0.6666666666666667,3,0.8720815992723809,0.0538542177275421,5,0.5882352941176471,0.21941787095461,6,0.8546065197054346,9.89598243435684e-05,14,3,True,+,0.0052421594621449175
Iminodiacetic acid,N-Caffeoyl-O-methyltyramine,,,0,0.7181848464596079,0.1717953049079889,5,0.7205882352941176,0.1061994326277223,6,0.8124008327340118,0.0013229897435025,12,2,True,+,0.02401878562499609
Iminodiacetic acid,Niacin,0.5,0.6666666666666667,3,0.6155870112510925,0.2689977701158222,5,0.5263157894736843,0.3622454811898449,5,0.7669969307944691,0.0022167935406059,13,3,True,+,0.03290725766419584
Iminodiacetic acid,Norketamine,0.8660254037844387,0.3333333333333332,3,0.8720815992723809,0.0538542177275421,5,0.3433218245652559,0.5052509134635046,6,0.8350102441764962,0.0002020791402971,14,3,True,+,0.00817254791834962
Iminodiacetic acid,Suberic acid,,,0,0.9746794344808964,0.0048182304681985,5,0.7247137945655605,0.1032428046237076,6,0.8808999456220439,6.978464498137771e-05,13,2,True,+,0.004216519095984182
Iminodiacetic acid,Triethyl citrate,,,3,0.8720815992723809,0.0538542177275421,5,0.3999999999999999,0.6,4,0.7517730496453902,0.0048066358062579,12,2,True,+,0.04917264725608281
Isobutanol,"Kojic acid, bis(tert-butyldimethylsilyl) ether",-0.5,0.6666666666666667,3,-0.316227766016838,0.683772233983162,4,-0.7714285714285715,0.0723965014577259,6,-0.7958628260292077,0.0011372364761568,13,3,True,-,0.021880083314234966
Isobutanol,Methanesulfonic acid,,,0,-0.632455532033676,0.367544467966324,4,-0.7142857142857143,0.1107871720116617,6,-0.7578994022883042,0.0042900269474019,12,2,True,-,0.04666535641519872
Isobutanol,Methylthiouracil,,,0,-0.948683298050514,0.0513167019494861,4,-0.8857142857142858,0.0188454810495626,6,-0.8541313718020874,0.0004049919153919,12,2,True,-,0.011786890797036029
Isonicotinic Acid,Levulinic acid,0.8660254037844387,0.3333333333333332,3,0.9746794344808964,0.0048182304681985,5,0.7015706849811751,0.1203010183307567,6,0.7244135735610743,0.0033866952511418,14,3,True,+,0.04145388230944496
Isopropyl palmitate,L-Alanine,0.5000000000000001,0.6666666666666667,3,0.9746794344808964,0.0048182304681985,5,0.8823529411764706,0.0199470791776918,6,0.9302331285486264,1.43072528292775e-06,14,3,True,+,0.0004426091735265287
Isopropyl palmitate,L-Glutamine,0.8660254037844387,0.3333333333333332,3,1.0,1.4042654220543672e-24,5,0.7941176470588236,0.0592178913087725,6,0.926829268292683,1.8898453761499576e-06,14,3,True,+,0.0005348448318671265
Isopropyl palmitate,L-Tryptophan,0.5000000000000001,0.6666666666666667,3,1.0,1.4042654220543672e-24,5,0.6087595874350709,0.1996601894603625,6,0.9001115421832563,1.1528122003911945e-05,14,3,True,+,0.0014616146816107372
Isopropyl palmitate,N-Caffeoyl-O-methyltyramine,,,0,0.8999999999999998,0.0373860734684987,5,0.4264705882352941,0.3990767479136982,6,0.8430348208422004,0.0005729729611467,12,2,True,+,0.014673420137445622
Isopropyl palmitate,Norketamine,0.5000000000000001,0.6666666666666667,3,1.0,1.4042654220543672e-24,5,0.8508410434878082,0.0317133178221968,6,0.9543524521920635,1.1833979372066833e-07,14,3,True,+,6.101599764237659e-05
Isopropyl palmitate,Suberic acid,,,0,0.7999999999999999,0.1040880386618278,5,0.5797710356524485,0.2277839567150159,6,0.8257332495721823,0.0005065081676219,13,2,True,+,0.01346457683437944
Isopropyl palmitate,Triethyl citrate,,,3,1.0,1.4042654220543672e-24,5,0.7999999999999999,0.2,4,0.874337652656179,0.0001991040583548,12,2,True,+,0.00817254791834962
Isopropyl palmitate,Yangonin,0.8660254037844387,0.3333333333333332,3,1.0,0.0,4,0.823529411764706,0.0439649908406268,6,0.8030520900164437,0.0009476548717622,13,3,True,+,0.01925396990100081
Isopropylamine,N-Acetyl-L-alanine,-0.5,0.6666666666666667,3,-0.4103913408340616,0.4925357817027975,5,-0.3714285714285715,0.4684781341107871,6,-0.7060777791141872,0.0047692884302506,14,3,True,-,0.049116116323936754
Isopropylamine,Oxalic acid,-0.8660254037844387,0.3333333333333332,3,-0.6324555320336759,0.2522154963555042,5,-0.8406680016960503,0.0360575728451592,6,-0.8184864674211152,0.0003449413087453,14,3,True,-,0.01097850239438745
Ketamine,Malic acid,0.5,0.6666666666666667,3,0.4999999999999999,0.3910022189557705,5,0.9856107606091624,0.0003090856678496,6,0.8372221368134596,0.0001873054121214,14,3,True,+,0.007915956597524084
Ketamine,Methylthiouracil,,,0,0.8999999999999998,0.0373860734684987,5,0.6377481392176932,0.1730711102412597,6,0.7281728495252512,0.004767892565935,13,2,True,+,0.049116116323936754
Ketamine,Phenoxyethanol,1.0,0.0,3,0.6,0.2847569798652937,5,0.8823529411764706,0.0199470791776918,6,0.734743251552777,0.0027603373542983,14,3,True,+,0.03664878823476367
"Kojic acid, bis(tert-butyldimethylsilyl) ether",Methanesulfonic acid,,,0,0.8999999999999998,0.0373860734684987,5,0.942857142857143,0.004804664723032,6,0.896837162045589,3.2687991209053245e-05,13,2,True,+,0.0027325606300921826
"Kojic acid, bis(tert-butyldimethylsilyl) ether",Methylthiouracil,,,0,0.7,0.1881204043741872,5,0.942857142857143,0.004804664723032,6,0.8595041322314051,0.0001658723046235,13,2,True,+,0.007481630435471281
"Kojic acid, bis(tert-butyldimethylsilyl) ether",Pinosylvin,,,0,0.7,0.1881204043741872,5,0.942857142857143,0.004804664723032,6,0.775438596491228,0.0030413901795291,12,2,True,+,0.038532543238112504
L-Alanine,N-Caffeoyl-O-methyltyramine,,,0,0.8720815992723809,0.0538542177275421,5,0.0294117647058823,0.9558950742926928,6,0.8309859154929576,0.0008117809098681,12,2,True,+,0.017969211579667507
L-Alanine,Niacin,0.8660254037844387,0.3333333333333332,3,0.9746794344808964,0.0048182304681985,5,0.368421052631579,0.5417509057946893,5,0.9004157990241881,2.7110450253752782e-05,13,3,True,+,0.002492999501763641
L-Alanine,Norketamine,1.0,0.0,3,0.9746794344808964,0.0048182304681985,5,0.7612788283838284,0.0786795997400257,6,0.9088015977557844,6.807552147835548e-06,14,3,True,+,0.0009933888360633986
L-Alanine,Suberic acid,,,0,0.6668859288553503,0.2188939813132315,5,0.4638168285219587,0.3541642984362307,6,0.726897243184389,0.0048790193877157,13,2,True,+,0.04958519835031961
L-Alanine,Triethyl citrate,,,3,0.9746794344808964,0.0048182304681985,5,0.6000000000000001,0.3999999999999999,4,0.8904649231960869,0.0001030475302158,12,2,True,+,0.005348789252946289
L-Alanine,Vanillylmandelic acid,,,0,0.9746794344808964,0.0048182304681985,5,0.3590924232298039,0.5528147466433505,5,0.8195756977883173,0.0037059023073436,10,2,True,+,0.04323439472599181
Leucylglycine,Xylazine,,,0,-0.5642880936468347,0.3217233358243002,5,-0.6571428571428573,0.1561749271137023,6,-0.7795717577784099,0.0027925289933494,12,2,True,-,0.03668278953265882
Levulinic acid,Suberic acid,,,0,0.9746794344808964,0.0048182304681985,5,0.4707919090691997,0.3459864778341723,6,0.7628477471216917,0.0024216824604904,13,2,True,+,0.034993792992988326
L-Glutamine,L-Tryptophan,0.8660254037844387,0.3333333333333332,3,1.0,1.4042654220543672e-24,5,0.2898855178262242,0.5773517870348748,6,0.7880138038842319,0.0008155150329019,14,3,True,+,0.017969211579667507
L-Glutamine,N-Caffeoyl-O-methyltyramine,,,0,0.8999999999999998,0.0373860734684987,5,0.1470588235294117,0.7810019336454305,6,0.8056587400345548,0.0015594391025491,12,2,True,+,0.02668296906883792
L-Glutamine,N-Methyl-1-[(trimethylsilyl)oxy]-1-{4-[(trimethylsilyl)oxy]phenyl}propan-2-amine,0.5,0.6666666666666667,3,1.0,0.0,4,0.948683298050514,0.0513167019494861,4,0.9266445023146868,4.126774661400521e-05,11,3,True,+,0.0030688918491607337
L-Glutamine,Suberic acid,,,0,0.7999999999999999,0.1040880386618278,5,0.4928053803045812,0.3206325828658273,6,0.7441281210549984,0.0035359550771924,13,2,True,+,0.04220227865278707
L-Glutamine,Triethyl citrate,,,3,1.0,1.4042654220543672e-24,5,0.7378647873726218,0.2621352126273781,4,0.7801418439716312,0.0027594613345123,12,2,True,+,0.03664878823476367
L-Glutamine,Yangonin,1.0,0.0,3,1.0,0.0,4,0.6176470588235294,0.1913418481579481,6,0.812760837218715,0.0007320895310493,13,3,True,+,0.016792040612159463
"L-Histidine, N,1-bis(tert-butyldimethylsilyl)-",Propanoic acid,,,0,0.8660254037844387,0.3333333333333332,3,0.1025978352085154,0.8695979205185651,5,0.8396699217865644,0.0046278389706522,9,2,True,+,0.048301898244297044
Lignoceric acid,Myristic acid,1.0,0.0,3,0.7,0.1881204043741872,5,0.5075192189225523,0.3040834952652882,6,0.7820815600343534,0.0009491341677682,14,3,True,+,0.01925396990100081
Lignoceric acid,Pipecolic acid,1.0,0.0,3,0.7378647873726218,0.154618523128449,5,0.6957252427829381,0.124789337440287,6,0.7193374557172706,0.0037328775462611,14,3,True,+,0.04334846087505007
Lignoceric acid,Suberic acid,,,0,0.8999999999999998,0.0373860734684987,5,0.6957252427829381,0.124789337440287,6,0.8567493112947658,0.0001835469858827,13,2,True,+,0.007799738400092318
L-Leucine,L-Tryptophan,0.8660254037844387,0.3333333333333332,3,0.8720815992723809,0.0538542177275421,5,0.7714285714285715,0.0723965014577259,6,0.7541717680205796,0.0018315441645391,14,3,True,+,0.029376840801602765
"l-Norvaline, n-propargyloxycarbonyl-, isohexyl ester",L-Tryptophan,,,0,-0.7999999999999999,0.2,4,-0.8999999999999998,0.0373860734684987,5,-0.8379244074402946,0.0024704837863686,10,2,True,-,0.0350789564397579
"l-Norvaline, n-propargyloxycarbonyl-, isohexyl ester",Mevalonolactone,,,0,0.7999999999999999,0.2,4,0.8999999999999998,0.0373860734684987,5,0.8206724839680872,0.0036217056383665,10,2,True,+,0.04296053896798545
"l-Norvaline, n-propargyloxycarbonyl-, isohexyl ester",Picolinic acid,,,0,0.7745966692414834,0.2254033307585165,4,0.8207826816681233,0.0885870053135438,5,0.8105953122876886,0.0044489686691069,10,2,True,+,0.047780549771779694
"l-Norvaline, n-propargyloxycarbonyl-, isohexyl ester",Xylazine,,,0,-1.0,0.0,4,-1.0,1.4042654220543672e-24,5,-0.8165175795129878,0.0039480717916799,10,2,True,-,0.04425273512587296
L-Tryptophan,N-Methyl-1-[(trimethylsilyl)oxy]-1-{4-[(trimethylsilyl)oxy]phenyl}propan-2-amine,0.8660254037844387,0.3333333333333332,3,1.0,0.0,4,0.6000000000000001,0.3999999999999999,4,0.9360828182033074,2.251470273629779e-05,11,3,True,+,0.0022294272178582327
L-Tryptophan,Triethyl citrate,,,3,1.0,1.4042654220543672e-24,5,0.7999999999999999,0.2,4,0.8206052020952354,0.0010735719360485,12,2,True,+,0.02128553450139973
L-Tryptophan,Yangonin,0.8660254037844387,0.3333333333333332,3,1.0,0.0,4,0.8406680016960503,0.0360575728451592,6,0.856947750576403,0.0001822257422062,13,3,True,+,0.007799738400092318
L-Tyrosine,L-Valine,1.0,0.0,3,0.6000000000000001,0.3999999999999999,4,0.9746794344808964,0.0048182304681985,5,0.8368794326241137,0.0006869405263455,12,3,True,+,0.016148322281933424
L-Valine,"Propanoic acid, 3-[(tert-butyldimethylsilyl)oxy]-2-methyl-",1.0,0.0,3,1.0,0.0,4,0.9276336570439176,0.0076658441874731,6,0.8365683066041214,0.000363776813746,13,3,True,+,0.011121483960418349
Malic acid,Thymol,1.0,0.0,3,1.0,0.0,4,0.4103913408340616,0.4925357817027975,5,0.7521979982125381,0.004769356524344,12,3,True,+,0.049116116323936754
Malic acid,Uracil,1.0,0.0,3,0.6155870112510925,0.2689977701158222,5,0.9276336570439176,0.0076658441874731,6,0.8663031023163763,6.14367912759157e-05,14,3,True,+,0.003959601197732767
Methanesulfonic acid,Methylthiouracil,,,0,0.8999999999999998,0.0373860734684987,5,0.8285714285714287,0.0415626822157433,6,0.9326006071578364,3.3743777396188004e-06,13,2,True,+,0.0007888278580560107
Methanesulfonic acid,Phenoxyethanol,,,0,0.8999999999999998,0.0373860734684987,5,0.753702346348183,0.0835232813732598,6,0.765843126397633,0.0022723583149908,13,2,True,+,0.03341144336148069
Methanesulfonic acid,Pinosylvin,,,0,0.8999999999999998,0.0373860734684987,5,0.8857142857142858,0.0188454810495626,6,0.938705467573384,6.144233588143186e-06,12,2,True,+,0.0009492539974906132
Methanesulfonic acid,Xylazine,,,0,0.9746794344808964,0.0048182304681985,5,0.7714285714285715,0.0723965014577259,6,0.7617991586574864,0.0024757220592317,13,2,True,+,0.0350789564397579
Methylthiouracil,Phenoxyethanol,,,0,0.7,0.1881204043741872,5,0.7826908981308054,0.065703848071589,6,0.7682765928912803,0.0021564122043522,13,2,True,+,0.03219631658003845
Methylthiouracil,Pinosylvin,,,0,1.0,1.4042654220543672e-24,5,0.8857142857142858,0.0188454810495626,6,0.9017543859649124,6.100195611088065e-05,12,2,True,+,0.003959601197732767
Monocaproin,"N,N-Dimethyl-2-aminoethanol",1.0,0.0,3,0.7999999999999999,0.2,4,0.5,0.6666666666666667,3,0.8159662759974773,0.0039929050067422,10,3,True,+,0.04449730161692245
Myristic acid,Pipecolic acid,1.0,0.0,3,0.9486832980505138,0.013846832988859,5,0.7356123579206245,0.0956107807382796,6,0.9346628101131436,9.74670511597403e-07,14,3,True,+,0.0003426409880315598
Myristic acid,Suberic acid,,,0,0.4999999999999999,0.3910022189557705,5,0.7356123579206245,0.0956107807382796,6,0.7980704941426283,0.0010761111960237,13,2,True,+,0.02128553450139973
N-Acetyl-L-alanine,Suberic acid,,,0,0.6668859288553503,0.2188939813132315,5,0.8285714285714287,0.0415626822157433,6,0.7503455413516272,0.0031292339742582,13,2,True,+,0.03909773110971392
"Naringenin 4',7-dimethylether",Trimethylolpropane,,,0,1.0,0.0,3,0.948683298050514,0.0513167019494861,4,0.9454545454545454,0.0012958069437342,7,2,True,+,0.02380468147943065
N-Caffeoyl-O-methyltyramine,Niacin,,,0,0.7999999999999999,0.1040880386618278,5,0.131578947368421,0.8329531569240444,5,0.823394495412844,0.0018422249532942,11,2,True,+,0.029376840801602765
N-Caffeoyl-O-methyltyramine,N-Methyl-1-[(trimethylsilyl)oxy]-1-{4-[(trimethylsilyl)oxy]phenyl}propan-2-amine,,,0,0.7999999999999999,0.2,4,0.7999999999999999,0.2,4,0.8499999999999999,0.0037047773275858,9,2,True,+,0.04323439472599181
N-Caffeoyl-O-methyltyramine,Norketamine,,,0,0.8999999999999998,0.0373860734684987,5,0.3433218245652559,0.5052509134635046,6,0.7950579671393635,0.0019952689931446,12,2,True,+,0.030756441106912835
Niacin,Norketamine,0.8660254037844387,0.3333333333333332,3,0.8999999999999998,0.0373860734684987,5,0.7105263157894738,0.1786189192398146,5,0.904307412075938,2.1941350838136445e-05,13,3,True,+,0.002203823472495419
Niacin,"Propanoic acid, dimethyl(isopropyl)silyl ester",,,0,0.8999999999999998,0.0373860734684987,5,0.8207826816681234,0.0885870053135437,5,0.7899625734105961,0.0038173876554122,11,2,True,+,0.04373877944734512
Niacin,Triethyl citrate,,,3,0.8999999999999998,0.0373860734684987,5,1.0,0.0,3,0.862421616015649,0.0006354341943852,11,2,True,+,0.015430433745576221
Niacin,Vanillylmandelic acid,,,0,0.8999999999999998,0.0373860734684987,5,0.6000000000000001,0.3999999999999999,4,0.8613445378151262,0.0028462432629332,9,2,True,+,0.03720359647888303
N-Methyl-1-[(trimethylsilyl)oxy]-1-{4-[(trimethylsilyl)oxy]phenyl}propan-2-amine,Propylene glycol,0.5,0.6666666666666667,3,0.7999999999999999,0.2,4,0.632455532033676,0.367544467966324,4,0.7917806714964324,0.0036813000552519,11,3,True,+,0.04323439472599181
N-Methyl-1-[(trimethylsilyl)oxy]-1-{4-[(trimethylsilyl)oxy]phenyl}propan-2-amine,Suberic acid,,,0,0.7999999999999999,0.2,4,0.7999999999999999,0.2,4,0.8145934285312865,0.004106131521831,10,2,True,+,0.045302170028303786
N-Methyl-1-[(trimethylsilyl)oxy]-1-{4-[(trimethylsilyl)oxy]phenyl}propan-2-amine,Tetrahydro-solasodine triacetate,0.8660254037844387,0.3333333333333332,3,0.7999999999999999,0.2,4,0.7999999999999999,0.2,4,0.7808300581110516,0.0045580292718289,11,3,True,+,0.0480273746538051
N-Methyl-1-[(trimethylsilyl)oxy]-1-{4-[(trimethylsilyl)oxy]phenyl}propan-2-amine,Yangonin,0.5,0.6666666666666667,3,1.0,0.0,4,0.948683298050514,0.0513167019494861,4,0.8833160092416846,0.0003124515602143,11,3,True,+,0.010378361194744577
Norketamine,Triethyl citrate,,,3,1.0,1.4042654220543672e-24,5,0.8944271909999159,0.1055728090000841,4,0.8896853490214529,0.0001066224583391,12,2,True,+,0.005497453951963997
Octacosanol,Phenoxyethanol,,,0,-0.5,0.6666666666666667,3,-1.0,0.0,4,-0.8734939759036143,0.0045933584238803,8,2,True,-,0.04813690250716835
Phenol,"Propanoic acid, 3-[(tert-butyldimethylsilyl)oxy]-2-methyl-",-1.0,0.0,3,-0.3999999999999999,0.6,4,-0.6155870112510925,0.2689977701158222,5,-0.769772717796943,0.0034095411140234,12,3,True,-,0.04145388230944496
Phenol,Uracil,-1.0,0.0,3,-0.4103913408340616,0.4925357817027975,5,-0.8999999999999998,0.0373860734684987,5,-0.7665775105268955,0.0022368680180931,13,3,True,-,0.033078273904267756
Phenoxyethanol,Pinosylvin,,,0,0.7,0.1881204043741872,5,0.6087595874350709,0.1996601894603625,6,0.755712942129419,0.0044693182198508,12,2,True,+,0.047780549771779694
Pipecolic acid,Suberic acid,,,0,0.5797509043642028,0.3055749188472382,5,1.0,0.0,6,0.7817709386634646,0.0015944952921448,13,2,True,+,0.027102915581204135
Pipecolic acid,Supraene,,,0,0.316227766016838,0.683772233983162,4,0.7999999999999999,0.1040880386618278,5,0.8219263769590016,0.0019078517267601,11,2,True,+,0.030051578930270086
"Propanoic acid, 3-[(tert-butyldimethylsilyl)oxy]-2-methyl-",Uracil,1.0,0.0,3,0.948683298050514,0.0513167019494861,4,0.088235294117647,0.8679905353144718,6,0.7302911549689268,0.0045876710416215,13,3,True,+,0.04813690250716835
"Propanoic acid, dimethyl(isopropyl)silyl ester",Vanillylmandelic acid,,,0,1.0,1.4042654220543672e-24,5,0.4999999999999999,0.3910022189557705,5,0.8475609756097562,0.0019571459921232,10,2,True,+,0.030488173050990386
Propanoic acid,Synephrine,,,0,1.0,0.0,3,0.6668859288553503,0.2188939813132315,5,0.8954053273686235,0.0010985258735882,9,2,True,+,0.021508858497040855
Stearic acid,Triethyl citrate,,,3,0.8999999999999998,0.0373860734684987,5,0.5,0.6666666666666667,3,0.8919752354936633,0.0002237208180539,11,2,True,+,0.008608242820044092
Tetrahydro-solasodine triacetate,Yangonin,0.8660254037844387,0.3333333333333332,3,0.7999999999999999,0.2,4,0.6667366910003157,0.1480897994403527,6,0.8146619134028369,0.0006948335053671,13,3,True,+,0.01623517320395514
