n1,n2,csf_dir,brain_dir,predicted_sign
ENSMUSG00000000290-S,4-tert-Butyldimethylsiloxy-3-penten-2-one,,-1.0,
ENSMUSG00000000290-S,7-Hydroxy-4-(methoxymethyl)coumarin,,-1.0,
ENSMUSG00000000290-S,L-(+)-Threose,,-1.0,
ENSMUSG00000000290-S,tert-butyl(dimethyl)silyl-2-([tert-butyl(dimethyl)silyl]oxy)hex-2-enoate,,-1.0,
ENSMUSG00000000308-S,3-(4-Methoxyphenyl)coumarin,,1.0,
ENSMUSG00000000308-S,7-Hydroxy-4-(methoxymethyl)coumarin,,1.0,
ENSMUSG00000000308-S,L-(+)-Threose,,1.0,
ENSMUSG00000000530-S,L-Threonine,1.0,-1.0,-1
ENSMUSG00000000732-S,L-(+)-Threose,,1.0,
ENSMUSG00000000732-S,L-Val-L-Leu,,1.0,
ENSMUSG00000000732-S,tert-butyl(dimethyl)silyl-2-([tert-butyl(dimethyl)silyl]oxy)hex-2-enoate,,1.0,
ENSMUSG00000000782-S,L-Val-L-Leu,,-1.0,
ENSMUSG00000000792-S,3-(4-Methoxyphenyl)coumarin,,1.0,
ENSMUSG00000000792-S,L-(+)-Threose,,1.0,
ENSMUSG00000000792-S,L-Val-L-Leu,,1.0,
ENSMUSG00000000823-S,7-Hydroxy-4-(methoxymethyl)coumarin,,-1.0,
ENSMUSG00000000826-S,3-(4-Methoxyphenyl)coumarin,,1.0,
ENSMUSG00000000826-S,7-Hydroxy-4-(methoxymethyl)coumarin,,1.0,
ENSMUSG00000000826-S,L-(+)-Threose,,1.0,
ENSMUSG00000001016-S,3-(4-Methoxyphenyl)coumarin,,-1.0,
ENSMUSG00000001016-S,6-Methyluracil,1.0,-1.0,-1
ENSMUSG00000001016-S,tert-butyl(dimethyl)silyl-2-([tert-butyl(dimethyl)silyl]oxy)hex-2-enoate,,-1.0,
ENSMUSG00000001089-S,3-(4-Methoxyphenyl)coumarin,,1.0,
ENSMUSG00000001098-S,7-Hydroxy-4-(methoxymethyl)coumarin,,1.0,
ENSMUSG00000001098-S,L-Val-L-Leu,,1.0,
ENSMUSG00000001270-S,7-Hydroxy-4-(methoxymethyl)coumarin,,-1.0,
ENSMUSG00000001300-S,3-(4-Methoxyphenyl)coumarin,,-1.0,
ENSMUSG00000001300-S,"9Z-Octadecenoic acid, (2S)-3-[(hydroxymercaptophosphinyl)oxy]-2-methoxypropyl ester",,-1.0,
ENSMUSG00000001552-S,"1-(4-Methoxyphenyl)-4,6-dimethyl-2(1H)-pyrimidinone",-1.0,-1.0,1
ENSMUSG00000001552-S,"2(5H)-Furanone, 4-(hydroxymethyl)",,-1.0,
ENSMUSG00000001552-S,3-(4-Methoxyphenyl)coumarin,,-1.0,
ENSMUSG00000001552-S,tert-butyl(dimethyl)silyl-2-([tert-butyl(dimethyl)silyl]oxy)hex-2-enoate,,-1.0,
ENSMUSG00000001642-S,4-tert-Butyldimethylsiloxy-3-penten-2-one,,-1.0,
ENSMUSG00000001642-S,L-(+)-Threose,,-1.0,
ENSMUSG00000001763-S,3-(4-Methoxyphenyl)coumarin,,1.0,
ENSMUSG00000001763-S,L-(+)-Threose,,1.0,
ENSMUSG00000001763-S,L-Val-L-Leu,,1.0,
ENSMUSG00000001946-S,"2-Butene-1,4-diol",,-1.0,
ENSMUSG00000001946-S,L-Threonine,1.0,-1.0,-1
ENSMUSG00000001946-S,Propanoic acid,,-1.0,
ENSMUSG00000001964-S,3-(4-Methoxyphenyl)coumarin,,1.0,
ENSMUSG00000001964-S,Octanoic acid,,1.0,
ENSMUSG00000001964-S,Sulindac,,1.0,
ENSMUSG00000001964-S,tert-butyl(dimethyl)silyl-2-([tert-butyl(dimethyl)silyl]oxy)hex-2-enoate,,1.0,
ENSMUSG00000002012-S,3-(4-Methoxyphenyl)coumarin,,1.0,
ENSMUSG00000002012-S,L-(+)-Threose,,1.0,
ENSMUSG00000002031-S,4-tert-Butyldimethylsiloxy-3-penten-2-one,,1.0,
ENSMUSG00000002031-S,tert-butyl(dimethyl)silyl-2-([tert-butyl(dimethyl)silyl]oxy)hex-2-enoate,,1.0,
ENSMUSG00000002109-S,3-(4-Methoxyphenyl)coumarin,,-1.0,
ENSMUSG00000002109-S,tert-butyl(dimethyl)silyl-2-([tert-butyl(dimethyl)silyl]oxy)hex-2-enoate,,-1.0,
ENSMUSG00000002210-S,L-(+)-Threose,,-1.0,
ENSMUSG00000002210-S,L-Val-L-Leu,,-1.0,
ENSMUSG00000002266-S,4-tert-Butyldimethylsiloxy-3-penten-2-one,,1.0,
ENSMUSG00000002266-S,7-Hydroxy-4-(methoxymethyl)coumarin,,1.0,
ENSMUSG00000002459-S,"2-Methylcyclohexylamine, tert.-butyldimethylsilyl ether",,-1.0,
ENSMUSG00000002459-S,3-(4-Methoxyphenyl)coumarin,,-1.0,
ENSMUSG00000002459-S,7-Hydroxy-4-(methoxymethyl)coumarin,,-1.0,
ENSMUSG00000002459-S,Adipoyl-L-carnitine,,-1.0,
ENSMUSG00000002459-S,L-(+)-Threose,,-1.0,
ENSMUSG00000002500-S,Benzeneacetic acid,,-1.0,
ENSMUSG00000002797-S,4-tert-Butyldimethylsiloxy-3-penten-2-one,,1.0,
ENSMUSG00000002797-S,tert-butyl(dimethyl)silyl-2-([tert-butyl(dimethyl)silyl]oxy)hex-2-enoate,,1.0,
ENSMUSG00000002968-S,3-(4-Methoxyphenyl)coumarin,,-1.0,
ENSMUSG00000002968-S,L-(+)-Threose,,-1.0,
ENSMUSG00000002996-S,4-tert-Butyldimethylsiloxy-3-penten-2-one,,-1.0,
ENSMUSG00000002996-S,7-Hydroxy-4-(methoxymethyl)coumarin,,-1.0,
ENSMUSG00000002996-S,tert-butyl(dimethyl)silyl-2-([tert-butyl(dimethyl)silyl]oxy)hex-2-enoate,,-1.0,
ENSMUSG00000003198-S,Benzeneacetic acid,,-1.0,
ENSMUSG00000003198-S,L-Val-L-Leu,,-1.0,
ENSMUSG00000003402-S,3-(4-Methoxyphenyl)coumarin,,1.0,
ENSMUSG00000003402-S,L-(+)-Threose,,1.0,
ENSMUSG00000003436-S,7-Hydroxy-4-(methoxymethyl)coumarin,,1.0,
ENSMUSG00000003500-S,3-(4-Methoxyphenyl)coumarin,,-1.0,
ENSMUSG00000003500-S,7-Hydroxy-4-(methoxymethyl)coumarin,,-1.0,
ENSMUSG00000003657-S,L-Val-L-Leu,,1.0,
ENSMUSG00000003657-S,tert-butyl(dimethyl)silyl-2-([tert-butyl(dimethyl)silyl]oxy)hex-2-enoate,,1.0,
ENSMUSG00000003808-S,3-(4-Methoxyphenyl)coumarin,,1.0,
ENSMUSG00000003808-S,L-(+)-Threose,,1.0,
ENSMUSG00000004071-S,7-Hydroxy-4-(methoxymethyl)coumarin,,1.0,
ENSMUSG00000004071-S,alpha-Hydroxyisobutyric acid,,1.0,
ENSMUSG00000004071-S,Cyclooctylamine,-1.0,1.0,-1
ENSMUSG00000004071-S,L-(+)-Threose,,1.0,
ENSMUSG00000004266-S,Butachlor ESA,1.0,-1.0,-1
ENSMUSG00000004266-S,Lignoceric acid,1.0,-1.0,-1
ENSMUSG00000004266-S,L-Val-L-Leu,,-1.0,
ENSMUSG00000004266-S,Octanoic acid,,-1.0,
ENSMUSG00000004266-S,tert-butyl(dimethyl)silyl-2-([tert-butyl(dimethyl)silyl]oxy)hex-2-enoate,,-1.0,
ENSMUSG00000004508-S,Ethanolamine,,-1.0,
ENSMUSG00000004508-S,L-Val-L-Leu,,-1.0,
ENSMUSG00000004508-S,tert-butyl(dimethyl)silyl-2-([tert-butyl(dimethyl)silyl]oxy)hex-2-enoate,,-1.0,
ENSMUSG00000004530-S,2-Cyanobenzaldehyde,,1.0,
ENSMUSG00000004530-S,4-tert-Butyldimethylsiloxy-3-penten-2-one,,1.0,
ENSMUSG00000004530-S,L-Val-L-Leu,,1.0,
ENSMUSG00000004530-S,Octanoic acid,,1.0,
ENSMUSG00000004929-S,"3,4,5-Trimethoxyamphetamine",,1.0,
ENSMUSG00000004929-S,3-(4-Methoxyphenyl)coumarin,,1.0,
ENSMUSG00000004929-S,L-(+)-Threose,,1.0,
ENSMUSG00000004947-S,4-tert-Butyldimethylsiloxy-3-penten-2-one,,-1.0,
ENSMUSG00000004947-S,L-(+)-Threose,,-1.0,
ENSMUSG00000004947-S,L-Val-L-Leu,,-1.0,
ENSMUSG00000005087-S,Benzeneacetic acid,,-1.0,
ENSMUSG00000005087-S,L-Val-L-Leu,,-1.0,
ENSMUSG00000005087-S,tert-butyl(dimethyl)silyl-2-([tert-butyl(dimethyl)silyl]oxy)hex-2-enoate,,-1.0,
ENSMUSG00000005267-S,3-(4-Methoxyphenyl)coumarin,,-1.0,
ENSMUSG00000005267-S,L-(+)-Threose,,-1.0,
ENSMUSG00000005267-S,tert-butyl(dimethyl)silyl-2-([tert-butyl(dimethyl)silyl]oxy)hex-2-enoate,,-1.0,
ENSMUSG00000005268-S,4-tert-Butyldimethylsiloxy-3-penten-2-one,,1.0,
ENSMUSG00000005268-S,tert-butyl(dimethyl)silyl-2-([tert-butyl(dimethyl)silyl]oxy)hex-2-enoate,,1.0,
ENSMUSG00000005360-S,3-(4-Methoxyphenyl)coumarin,,1.0,
ENSMUSG00000005360-S,Ethanolamine,,1.0,
ENSMUSG00000005360-S,tert-butyl(dimethyl)silyl-2-([tert-butyl(dimethyl)silyl]oxy)hex-2-enoate,,1.0,
ENSMUSG00000005506-S,3-(4-Methoxyphenyl)coumarin,,-1.0,
ENSMUSG00000006235-S,L-Val-L-Leu,,-1.0,
ENSMUSG00000006235-S,Myristic acid,1.0,-1.0,-1
ENSMUSG00000006235-S,tert-butyl(dimethyl)silyl-2-([tert-butyl(dimethyl)silyl]oxy)hex-2-enoate,,-1.0,
ENSMUSG00000006471-S,3-(4-Methoxyphenyl)coumarin,,1.0,
ENSMUSG00000006575-S,"2-Methylcyclohexanol, (Z)",,1.0,
ENSMUSG00000006575-S,3-(4-Methoxyphenyl)coumarin,,1.0,
ENSMUSG00000006575-S,L-Val-L-Leu,,1.0,
ENSMUSG00000006587-S,L-(+)-Threose,,-1.0,
ENSMUSG00000006587-S,L-Val-L-Leu,,-1.0,
ENSMUSG00000006587-S,tert-butyl(dimethyl)silyl-2-([tert-butyl(dimethyl)silyl]oxy)hex-2-enoate,,-1.0,
ENSMUSG00000006673-S,Benzeneacetic acid,,1.0,
ENSMUSG00000006673-S,L-(+)-Threose,,1.0,
ENSMUSG00000006850-S,7-Hydroxy-4-(methoxymethyl)coumarin,,-1.0,
ENSMUSG00000006941-S,"2,4-Di-tert-butylphenol",-1.0,1.0,-1
ENSMUSG00000006941-S,alpha-Hydroxyisobutyric acid,,1.0,
ENSMUSG00000006941-S,L-(+)-Threose,,1.0,
ENSMUSG00000007888-S,Benzophenone,1.0,1.0,1
ENSMUSG00000007888-S,L-(+)-Threose,,1.0,
ENSMUSG00000009894-S,3-(4-Methoxyphenyl)coumarin,,1.0,
ENSMUSG00000009894-S,L-Val-L-Leu,,1.0,
ENSMUSG00000010025-S,3-(4-Methoxyphenyl)coumarin,,1.0,
ENSMUSG00000010025-S,Glycolic acid,,1.0,
ENSMUSG00000010025-S,L-(+)-Threose,,1.0,
ENSMUSG00000010025-S,tert-butyl(dimethyl)silyl-2-([tert-butyl(dimethyl)silyl]oxy)hex-2-enoate,,1.0,
ENSMUSG00000011306-S,3-(4-Methoxyphenyl)coumarin,,1.0,
ENSMUSG00000011306-S,L-(+)-Threose,,1.0,
ENSMUSG00000011306-S,tert-butyl(dimethyl)silyl-2-([tert-butyl(dimethyl)silyl]oxy)hex-2-enoate,,1.0,
ENSMUSG00000011752-S,Benzeneacetic acid,,1.0,
ENSMUSG00000011752-S,L-Val-L-Leu,,1.0,
ENSMUSG00000011752-S,tert-butyl(dimethyl)silyl-2-([tert-butyl(dimethyl)silyl]oxy)hex-2-enoate,,1.0,
ENSMUSG00000012848-S,4-tert-Butyldimethylsiloxy-3-penten-2-one,,1.0,
ENSMUSG00000012848-S,7-Hydroxy-4-(methoxymethyl)coumarin,,1.0,
ENSMUSG00000012848-S,Octanoic acid,,1.0,
ENSMUSG00000013698-S,3-(4-Methoxyphenyl)coumarin,,1.0,
ENSMUSG00000013698-S,L-(+)-Threose,,1.0,
ENSMUSG00000013698-S,Phenol,,1.0,
ENSMUSG00000013736-S,3-(4-Methoxyphenyl)coumarin,,-1.0,
ENSMUSG00000013736-S,L-(+)-Threose,,-1.0,
ENSMUSG00000014767-S,7-Hydroxy-4-(methoxymethyl)coumarin,,-1.0,
ENSMUSG00000014767-S,L-Val-L-Leu,,-1.0,
ENSMUSG00000015342-S,L-(+)-Threose,,1.0,
ENSMUSG00000015342-S,L-Val-L-Leu,,1.0,
ENSMUSG00000015342-S,tert-butyl(dimethyl)silyl-2-([tert-butyl(dimethyl)silyl]oxy)hex-2-enoate,,1.0,
ENSMUSG00000015377-S,3-(4-Methoxyphenyl)coumarin,,-1.0,
ENSMUSG00000015377-S,7-Hydroxy-4-(methoxymethyl)coumarin,,-1.0,
ENSMUSG00000015377-S,L-(+)-Threose,,-1.0,
ENSMUSG00000015405-S,L-Val-L-Leu,,-1.0,
ENSMUSG00000015405-S,tert-butyl(dimethyl)silyl-2-([tert-butyl(dimethyl)silyl]oxy)hex-2-enoate,,-1.0,
ENSMUSG00000015668-S,3-(4-Methoxyphenyl)coumarin,,-1.0,
ENSMUSG00000015668-S,4-Methylvaleric acid,,-1.0,
ENSMUSG00000015668-S,L-(+)-Threose,,-1.0,
ENSMUSG00000015668-S,L-Val-L-Leu,,-1.0,
ENSMUSG00000015843-S,"3,4-Methylenedioxyamphetamine",1.0,-1.0,-1
ENSMUSG00000015937-S,Benzeneacetic acid,,1.0,
ENSMUSG00000015937-S,L-(+)-Threose,,1.0,
ENSMUSG00000015937-S,"Naringenin 4',7-dimethylether",1.0,1.0,1
ENSMUSG00000016087-S,3-(4-Methoxyphenyl)coumarin,,-1.0,
ENSMUSG00000016087-S,7-Hydroxy-4-(methoxymethyl)coumarin,,-1.0,
ENSMUSG00000016087-S,L-(+)-Threose,,-1.0,
ENSMUSG00000016087-S,L-Val-L-Leu,,-1.0,
ENSMUSG00000016386-S,3-(4-Methoxyphenyl)coumarin,,-1.0,
ENSMUSG00000016386-S,L-(+)-Threose,,-1.0,
ENSMUSG00000016541-S,"(2R)-Pyrrolidine-1,2-dicarboxylic acid, bis(tert-butyldimethylsilyl) ester",,1.0,
ENSMUSG00000016541-S,3-(4-Methoxyphenyl)coumarin,,1.0,
ENSMUSG00000016541-S,3-Hydroxymethyl-2-trimethylsilyloxypentane,,1.0,
ENSMUSG00000016541-S,7-Hydroxy-4-(methoxymethyl)coumarin,,1.0,
ENSMUSG00000016541-S,"Erythrono-1,4-lactone",-1.0,1.0,-1
ENSMUSG00000016541-S,L-(+)-Threose,,1.0,
ENSMUSG00000016541-S,L-Val-L-Leu,,1.0,
ENSMUSG00000016833-S,2-Cyanobenzaldehyde,,-1.0,
ENSMUSG00000016833-S,4-tert-Butyldimethylsiloxy-3-penten-2-one,,-1.0,
ENSMUSG00000016833-S,7-Hydroxy-4-(methoxymethyl)coumarin,,-1.0,
ENSMUSG00000016833-S,L-Val-L-Leu,,-1.0,
ENSMUSG00000016933-S,2-Cyanobenzaldehyde,,-1.0,
ENSMUSG00000016933-S,4-tert-Butyldimethylsiloxy-3-penten-2-one,,-1.0,
ENSMUSG00000016933-S,L-Val-L-Leu,,-1.0,
ENSMUSG00000017491-S,3-(4-Methoxyphenyl)coumarin,,-1.0,
ENSMUSG00000017491-S,"3,4-Methylenedioxyamphetamine",1.0,-1.0,-1
ENSMUSG00000018411-S,"2-Methylcyclohexanol, (Z)",,1.0,
ENSMUSG00000018411-S,3-(4-Methoxyphenyl)coumarin,,1.0,
ENSMUSG00000018411-S,L-(+)-Threose,,1.0,
ENSMUSG00000018411-S,L-Val-L-Leu,,1.0,
ENSMUSG00000018412-S,3-(4-Methoxyphenyl)coumarin,,-1.0,
ENSMUSG00000018412-S,Lupinine,,-1.0,
ENSMUSG00000018412-S,tert-butyl(dimethyl)silyl-2-([tert-butyl(dimethyl)silyl]oxy)hex-2-enoate,,-1.0,
ENSMUSG00000018574-S,Benzeneacetic acid,,1.0,
ENSMUSG00000018574-S,L-Val-L-Leu,,1.0,
ENSMUSG00000018574-S,tert-butyl(dimethyl)silyl-2-([tert-butyl(dimethyl)silyl]oxy)hex-2-enoate,,1.0,
ENSMUSG00000018809-S,4-tert-Butyldimethylsiloxy-3-penten-2-one,,-1.0,
ENSMUSG00000018809-S,7-Hydroxy-4-(methoxymethyl)coumarin,,-1.0,
ENSMUSG00000018858-S,"2-Methylcyclohexylamine, tert.-butyldimethylsilyl ether",,1.0,
ENSMUSG00000018858-S,3-(4-Methoxyphenyl)coumarin,,1.0,
ENSMUSG00000018858-S,Adipoyl-L-carnitine,,1.0,
ENSMUSG00000018858-S,L-(+)-Threose,,1.0,
ENSMUSG00000018920-S,3-(4-Methoxyphenyl)coumarin,,1.0,
ENSMUSG00000018920-S,7-Hydroxy-4-(methoxymethyl)coumarin,,1.0,
ENSMUSG00000018920-S,Levulinic acid,,1.0,
ENSMUSG00000018995-S,3-(4-Methoxyphenyl)coumarin,,-1.0,
ENSMUSG00000018995-S,7-Hydroxy-4-(methoxymethyl)coumarin,,-1.0,
ENSMUSG00000019146-S,4-tert-Butyldimethylsiloxy-3-penten-2-one,,-1.0,
ENSMUSG00000019146-S,7-Hydroxy-4-(methoxymethyl)coumarin,,-1.0,
ENSMUSG00000019146-S,tert-butyl(dimethyl)silyl-2-([tert-butyl(dimethyl)silyl]oxy)hex-2-enoate,,-1.0,
ENSMUSG00000019158-S,"2,4-Di-tert-butylphenol",-1.0,1.0,-1
ENSMUSG00000019188-S,3-(4-Methoxyphenyl)coumarin,,1.0,
ENSMUSG00000019188-S,L-(+)-Threose,,1.0,
ENSMUSG00000019820-S,3-(4-Methoxyphenyl)coumarin,,-1.0,
ENSMUSG00000019820-S,L-(+)-Threose,,-1.0,
ENSMUSG00000019820-S,L-Val-L-Leu,,-1.0,
ENSMUSG00000019820-S,Xylazine,-1.0,-1.0,1
ENSMUSG00000019843-S,3-(4-Methoxyphenyl)coumarin,,1.0,
ENSMUSG00000019843-S,L-(+)-Threose,,1.0,
ENSMUSG00000019843-S,tert-butyl(dimethyl)silyl-2-([tert-butyl(dimethyl)silyl]oxy)hex-2-enoate,,1.0,
ENSMUSG00000019872-S,L-(+)-Threose,,1.0,
ENSMUSG00000019951-S,"2,4-Di-tert-butylphenol",-1.0,-1.0,1
ENSMUSG00000019951-S,4-tert-Butyldimethylsiloxy-3-penten-2-one,,-1.0,
ENSMUSG00000019951-S,7-Hydroxy-4-(methoxymethyl)coumarin,,-1.0,
ENSMUSG00000019951-S,Octacosanol,,-1.0,
ENSMUSG00000019984-S,"2,4-Di-tert-butylphenol",-1.0,1.0,-1
ENSMUSG00000019984-S,7-Hydroxy-4-(methoxymethyl)coumarin,,1.0,
ENSMUSG00000019984-S,Ethanolamine,,1.0,
ENSMUSG00000019984-S,L-Val-L-Leu,,1.0,
ENSMUSG00000019984-S,Octacosanol,,1.0,
ENSMUSG00000020014-S,4-tert-Butyldimethylsiloxy-3-penten-2-one,,-1.0,
ENSMUSG00000020014-S,L-(+)-Threose,,-1.0,
ENSMUSG00000020015-S,3-(4-Methoxyphenyl)coumarin,,-1.0,
ENSMUSG00000020015-S,7-Hydroxy-4-(methoxymethyl)coumarin,,-1.0,
ENSMUSG00000020015-S,L-(+)-Threose,,-1.0,
ENSMUSG00000020015-S,Octacosanol,,-1.0,
ENSMUSG00000020111-S,3-(4-Methoxyphenyl)coumarin,,-1.0,
ENSMUSG00000020111-S,L-(+)-Threose,,-1.0,
ENSMUSG00000020111-S,tert-butyl(dimethyl)silyl-2-([tert-butyl(dimethyl)silyl]oxy)hex-2-enoate,,-1.0,
ENSMUSG00000020163-S,3-(4-Methoxyphenyl)coumarin,,1.0,
ENSMUSG00000020163-S,L-(+)-Threose,,1.0,
ENSMUSG00000020163-S,tert-butyl(dimethyl)silyl-2-([tert-butyl(dimethyl)silyl]oxy)hex-2-enoate,,1.0,
ENSMUSG00000020189-S,3-(4-Methoxyphenyl)coumarin,,-1.0,
ENSMUSG00000020189-S,L-Val-L-Leu,,-1.0,
ENSMUSG00000020193-S,"5-Ethyl-1,3-dioxane-5-methanol, tert-butyldimethylsilyl ether",,1.0,
ENSMUSG00000020193-S,L-(+)-Threose,,1.0,
ENSMUSG00000020193-S,L-Val-L-Leu,,1.0,
ENSMUSG00000020193-S,Supraene,,1.0,
ENSMUSG00000020193-S,tert-butyl(dimethyl)silyl-2-([tert-butyl(dimethyl)silyl]oxy)hex-2-enoate,,1.0,
ENSMUSG00000020218-S,4-tert-Butyldimethylsiloxy-3-penten-2-one,,1.0,
ENSMUSG00000020218-S,7-Hydroxy-4-(methoxymethyl)coumarin,,1.0,
ENSMUSG00000020218-S,tert-butyl(dimethyl)silyl-2-([tert-butyl(dimethyl)silyl]oxy)hex-2-enoate,,1.0,
ENSMUSG00000020220-S,"2-Methylcyclohexylamine, tert.-butyldimethylsilyl ether",,1.0,
ENSMUSG00000020220-S,3-(4-Methoxyphenyl)coumarin,,1.0,
ENSMUSG00000020220-S,L-(+)-Threose,,1.0,
ENSMUSG00000020220-S,Sulindac,,1.0,
ENSMUSG00000020220-S,tert-butyl(dimethyl)silyl-2-([tert-butyl(dimethyl)silyl]oxy)hex-2-enoate,,1.0,
ENSMUSG00000020238-S,3-(4-Methoxyphenyl)coumarin,,-1.0,
ENSMUSG00000020238-S,L-(+)-Threose,,-1.0,
ENSMUSG00000020238-S,tert-butyl(dimethyl)silyl-2-([tert-butyl(dimethyl)silyl]oxy)hex-2-enoate,,-1.0,
ENSMUSG00000020261-S,4-tert-Butyldimethylsiloxy-3-penten-2-one,,1.0,
ENSMUSG00000020261-S,L-Val-L-Leu,,1.0,
ENSMUSG00000020381-S,4-tert-Butyldimethylsiloxy-3-penten-2-one,,1.0,
ENSMUSG00000020381-S,L-Val-L-Leu,,1.0,
ENSMUSG00000020589-S,4-tert-Butyldimethylsiloxy-3-penten-2-one,,-1.0,
ENSMUSG00000020589-S,L-(+)-Threose,,-1.0,
ENSMUSG00000020589-S,tert-butyl(dimethyl)silyl-2-([tert-butyl(dimethyl)silyl]oxy)hex-2-enoate,,-1.0,
ENSMUSG00000020605-S,3-(4-Methoxyphenyl)coumarin,,1.0,
ENSMUSG00000020605-S,L-(+)-Threose,,1.0,
ENSMUSG00000020605-S,Lactic acid,,1.0,
ENSMUSG00000020605-S,tert-butyl(dimethyl)silyl-2-([tert-butyl(dimethyl)silyl]oxy)hex-2-enoate,,1.0,
ENSMUSG00000020610-S,4-tert-Butyldimethylsiloxy-3-penten-2-one,,1.0,
ENSMUSG00000020610-S,7-Hydroxy-4-(methoxymethyl)coumarin,,1.0,
ENSMUSG00000020610-S,Azelaic acid,-1.0,1.0,-1
ENSMUSG00000020610-S,Octanoic acid,,1.0,
ENSMUSG00000020610-S,Tromethamine,,1.0,
ENSMUSG00000020623-S,2-Methyl-3-pentanol,-1.0,1.0,-1
ENSMUSG00000020623-S,4-tert-Butyldimethylsiloxy-3-penten-2-one,,1.0,
ENSMUSG00000020623-S,7-Hydroxy-4-(methoxymethyl)coumarin,,1.0,
ENSMUSG00000020642-S,3-(4-Methoxyphenyl)coumarin,,-1.0,
ENSMUSG00000020672-S,4-tert-Butyldimethylsiloxy-3-penten-2-one,,-1.0,
ENSMUSG00000020672-S,7-Hydroxy-4-(methoxymethyl)coumarin,,-1.0,
ENSMUSG00000020695-S,3-(4-Methoxyphenyl)coumarin,,-1.0,
ENSMUSG00000020708-S,3-(4-Methoxyphenyl)coumarin,,1.0,
ENSMUSG00000020708-S,L-(+)-Threose,,1.0,
ENSMUSG00000020708-S,Phenol,,1.0,
ENSMUSG00000020718-S,4-tert-Butyldimethylsiloxy-3-penten-2-one,,-1.0,
ENSMUSG00000020718-S,L-(+)-Threose,,-1.0,
ENSMUSG00000020718-S,tert-butyl(dimethyl)silyl-2-([tert-butyl(dimethyl)silyl]oxy)hex-2-enoate,,-1.0,
ENSMUSG00000020720-S,3-(4-Methoxyphenyl)coumarin,,1.0,
ENSMUSG00000020720-S,Palmitic Acid,,1.0,
ENSMUSG00000020723-S,L-(+)-Threose,,-1.0,
ENSMUSG00000020806-S,4-tert-Butyldimethylsiloxy-3-penten-2-one,,1.0,
ENSMUSG00000020811-S,3-(4-Methoxyphenyl)coumarin,,1.0,
ENSMUSG00000020811-S,L-(+)-Threose,,1.0,
ENSMUSG00000020811-S,tert-butyl(dimethyl)silyl-2-([tert-butyl(dimethyl)silyl]oxy)hex-2-enoate,,1.0,
ENSMUSG00000020823-S,"2-Methylcyclohexylamine, tert.-butyldimethylsilyl ether",,-1.0,
ENSMUSG00000020823-S,3-(4-Methoxyphenyl)coumarin,,-1.0,
ENSMUSG00000020823-S,7-Hydroxy-4-(methoxymethyl)coumarin,,-1.0,
ENSMUSG00000020823-S,Adipoyl-L-carnitine,,-1.0,
ENSMUSG00000020823-S,L-(+)-Threose,,-1.0,
ENSMUSG00000020941-S,4-tert-Butyldimethylsiloxy-3-penten-2-one,,-1.0,
ENSMUSG00000020941-S,tert-butyl(dimethyl)silyl-2-([tert-butyl(dimethyl)silyl]oxy)hex-2-enoate,,-1.0,
ENSMUSG00000020953-S,3-(4-Methoxyphenyl)coumarin,,-1.0,
ENSMUSG00000020953-S,L-(+)-Threose,,-1.0,
ENSMUSG00000020953-S,L-Val-L-Leu,,-1.0,
ENSMUSG00000021115-S,"3,4-Methylenedioxyamphetamine",1.0,-1.0,-1
ENSMUSG00000021115-S,4-tert-Butyldimethylsiloxy-3-penten-2-one,,-1.0,
ENSMUSG00000021115-S,L-(+)-Threose,,-1.0,
ENSMUSG00000021115-S,L-Val-L-Leu,,-1.0,
ENSMUSG00000021124-S,3-(4-Methoxyphenyl)coumarin,,-1.0,
ENSMUSG00000021124-S,L-(+)-Threose,,-1.0,
ENSMUSG00000021124-S,tert-butyl(dimethyl)silyl-2-([tert-butyl(dimethyl)silyl]oxy)hex-2-enoate,,-1.0,
ENSMUSG00000021130-S,3-(4-Methoxyphenyl)coumarin,,1.0,
ENSMUSG00000021130-S,L-Val-L-Leu,,1.0,
ENSMUSG00000021265-S,2-Cyanobenzaldehyde,,1.0,
ENSMUSG00000021265-S,4-tert-Butyldimethylsiloxy-3-penten-2-one,,1.0,
ENSMUSG00000021265-S,L-Val-L-Leu,,1.0,
ENSMUSG00000021266-S,3-(4-Methoxyphenyl)coumarin,,1.0,
ENSMUSG00000021266-S,Palmitic Acid,,1.0,
ENSMUSG00000021285-S,4-tert-Butyldimethylsiloxy-3-penten-2-one,,1.0,
ENSMUSG00000021285-S,7-Hydroxy-4-(methoxymethyl)coumarin,,1.0,
ENSMUSG00000021285-S,Octanoic acid,,1.0,
ENSMUSG00000021285-S,tert-butyl(dimethyl)silyl-2-([tert-butyl(dimethyl)silyl]oxy)hex-2-enoate,,1.0,
ENSMUSG00000021376-S,"3,4-Methylenedioxyamphetamine",1.0,-1.0,-1
ENSMUSG00000021376-S,4-tert-Butyldimethylsiloxy-3-penten-2-one,,-1.0,
ENSMUSG00000021376-S,tert-butyl(dimethyl)silyl-2-([tert-butyl(dimethyl)silyl]oxy)hex-2-enoate,,-1.0,
ENSMUSG00000021379-S,3-(4-Methoxyphenyl)coumarin,,-1.0,
ENSMUSG00000021451-S,4-tert-Butyldimethylsiloxy-3-penten-2-one,,1.0,
ENSMUSG00000021451-S,7-Hydroxy-4-(methoxymethyl)coumarin,,1.0,
ENSMUSG00000021451-S,tert-butyl(dimethyl)silyl-2-([tert-butyl(dimethyl)silyl]oxy)hex-2-enoate,,1.0,
ENSMUSG00000021461-S,3-(4-Methoxyphenyl)coumarin,,-1.0,
ENSMUSG00000021461-S,7-Hydroxy-4-(methoxymethyl)coumarin,,-1.0,
ENSMUSG00000021461-S,Adipoyl-L-carnitine,,-1.0,
ENSMUSG00000021481-S,3-(4-Methoxyphenyl)coumarin,,-1.0,
ENSMUSG00000021481-S,L-(+)-Threose,,-1.0,
ENSMUSG00000021500-S,7-Hydroxy-4-(methoxymethyl)coumarin,,-1.0,
ENSMUSG00000021500-S,Benzophenone,1.0,-1.0,-1
ENSMUSG00000021500-S,L-(+)-Threose,,-1.0,
ENSMUSG00000021606-S,"2-Methylcyclohexylamine, tert.-butyldimethylsilyl ether",,1.0,
ENSMUSG00000021606-S,7-Hydroxy-4-(methoxymethyl)coumarin,,1.0,
ENSMUSG00000021606-S,L-(+)-Threose,,1.0,
ENSMUSG00000021606-S,L-Threonine,1.0,1.0,1
ENSMUSG00000021662-S,"2-Methylcyclohexylamine, tert.-butyldimethylsilyl ether",,1.0,
ENSMUSG00000021662-S,3-(4-Methoxyphenyl)coumarin,,1.0,
ENSMUSG00000021662-S,L-(+)-Threose,,1.0,
ENSMUSG00000021662-S,L-Val-L-Leu,,1.0,
ENSMUSG00000021704-S,1-Octadecanol,-1.0,-1.0,1
ENSMUSG00000021704-S,4-tert-Butyldimethylsiloxy-3-penten-2-one,,-1.0,
ENSMUSG00000021704-S,L-Lysine,,-1.0,
ENSMUSG00000021704-S,Lupinine,,-1.0,
ENSMUSG00000021704-S,L-Val-L-Leu,,-1.0,
ENSMUSG00000021991-S,3-(4-Methoxyphenyl)coumarin,,-1.0,
ENSMUSG00000021991-S,L-Val-L-Leu,,-1.0,
ENSMUSG00000022003-S,"2,4-Di-tert-butylphenol",-1.0,1.0,-1
ENSMUSG00000022003-S,4-tert-Butyldimethylsiloxy-3-penten-2-one,,1.0,
ENSMUSG00000022075-S,4-tert-Butyldimethylsiloxy-3-penten-2-one,,-1.0,
ENSMUSG00000022075-S,L-Lysine,,-1.0,
ENSMUSG00000022075-S,L-Val-L-Leu,,-1.0,
ENSMUSG00000022131-S,4-tert-Butyldimethylsiloxy-3-penten-2-one,,-1.0,
ENSMUSG00000022131-S,7-Hydroxy-4-(methoxymethyl)coumarin,,-1.0,
ENSMUSG00000022131-S,tert-butyl(dimethyl)silyl-2-([tert-butyl(dimethyl)silyl]oxy)hex-2-enoate,,-1.0,
ENSMUSG00000022178-S,L-(+)-Threose,,-1.0,
ENSMUSG00000022185-S,"2,4-Di-tert-butylphenol",-1.0,1.0,-1
ENSMUSG00000022185-S,4-tert-Butyldimethylsiloxy-3-penten-2-one,,1.0,
ENSMUSG00000022185-S,7-Hydroxy-4-(methoxymethyl)coumarin,,1.0,
ENSMUSG00000022185-S,tert-butyl(dimethyl)silyl-2-([tert-butyl(dimethyl)silyl]oxy)hex-2-enoate,,1.0,
ENSMUSG00000022194-S,3-(4-Methoxyphenyl)coumarin,,-1.0,
ENSMUSG00000022194-S,tert-butyl(dimethyl)silyl-2-([tert-butyl(dimethyl)silyl]oxy)hex-2-enoate,,-1.0,
ENSMUSG00000022195-S,4-tert-Butyldimethylsiloxy-3-penten-2-one,,-1.0,
ENSMUSG00000022195-S,7-Hydroxy-4-(methoxymethyl)coumarin,,-1.0,
ENSMUSG00000022195-S,tert-butyl(dimethyl)silyl-2-([tert-butyl(dimethyl)silyl]oxy)hex-2-enoate,,-1.0,
ENSMUSG00000022257-S,3-(4-Methoxyphenyl)coumarin,,1.0,
ENSMUSG00000022257-S,L-Val-L-Leu,,1.0,
ENSMUSG00000022299-S,3-(4-Methoxyphenyl)coumarin,,-1.0,
ENSMUSG00000022299-S,7-Hydroxy-4-(methoxymethyl)coumarin,,-1.0,
ENSMUSG00000022299-S,tert-butyl(dimethyl)silyl-2-([tert-butyl(dimethyl)silyl]oxy)hex-2-enoate,,-1.0,
ENSMUSG00000022307-S,3-(4-Methoxyphenyl)coumarin,,1.0,
ENSMUSG00000022307-S,L-Val-L-Leu,,1.0,
ENSMUSG00000022339-S,4-tert-Butyldimethylsiloxy-3-penten-2-one,,-1.0,
ENSMUSG00000022339-S,Lupinine,,-1.0,
ENSMUSG00000022339-S,L-Val-L-Leu,,-1.0,
ENSMUSG00000022365-S,4-tert-Butyldimethylsiloxy-3-penten-2-one,,1.0,
ENSMUSG00000022365-S,tert-butyl(dimethyl)silyl-2-([tert-butyl(dimethyl)silyl]oxy)hex-2-enoate,,1.0,
ENSMUSG00000022436-S,4-tert-Butyldimethylsiloxy-3-penten-2-one,,-1.0,
ENSMUSG00000022436-S,tert-butyl(dimethyl)silyl-2-([tert-butyl(dimethyl)silyl]oxy)hex-2-enoate,,-1.0,
ENSMUSG00000022439-S,3-(4-Methoxyphenyl)coumarin,,1.0,
ENSMUSG00000022439-S,L-Val-L-Leu,,1.0,
ENSMUSG00000022474-S,3-(4-Methoxyphenyl)coumarin,,1.0,
ENSMUSG00000022474-S,7-Hydroxy-4-(methoxymethyl)coumarin,,1.0,
ENSMUSG00000022474-S,L-(+)-Threose,,1.0,
ENSMUSG00000022577-S,3-(4-Methoxyphenyl)coumarin,,1.0,
ENSMUSG00000022577-S,L-(+)-Threose,,1.0,
ENSMUSG00000022587-S,"2-Methylcyclohexanol, (Z)",,1.0,
ENSMUSG00000022587-S,3-(4-Methoxyphenyl)coumarin,,1.0,
ENSMUSG00000022587-S,L-Val-L-Leu,,1.0,
ENSMUSG00000022619-S,4-tert-Butyldimethylsiloxy-3-penten-2-one,,1.0,
ENSMUSG00000022619-S,Octanoic acid,,1.0,
ENSMUSG00000022751-S,3-(4-Methoxyphenyl)coumarin,,-1.0,
ENSMUSG00000022751-S,L-(+)-Threose,,-1.0,
ENSMUSG00000022752-S,"2-Methylcyclohexylamine, tert.-butyldimethylsilyl ether",,-1.0,
ENSMUSG00000022752-S,3-(4-Methoxyphenyl)coumarin,,-1.0,
ENSMUSG00000022752-S,L-(+)-Threose,,-1.0,
ENSMUSG00000022752-S,L-Val-L-Leu,,-1.0,
ENSMUSG00000022774-S,3-(4-Methoxyphenyl)coumarin,,1.0,
ENSMUSG00000022840-S,3-(4-Methoxyphenyl)coumarin,,-1.0,
ENSMUSG00000022840-S,L-(+)-Threose,,-1.0,
ENSMUSG00000022840-S,L-Val-L-Leu,,-1.0,
ENSMUSG00000022844-S,7-Hydroxy-4-(methoxymethyl)coumarin,,-1.0,
ENSMUSG00000022864-S,4-tert-Butyldimethylsiloxy-3-penten-2-one,,1.0,
ENSMUSG00000022864-S,Lupinine,,1.0,
ENSMUSG00000022864-S,L-Val-L-Leu,,1.0,
ENSMUSG00000022865-S,3-(4-Methoxyphenyl)coumarin,,-1.0,
ENSMUSG00000022865-S,L-(+)-Threose,,-1.0,
ENSMUSG00000022865-S,tert-butyl(dimethyl)silyl-2-([tert-butyl(dimethyl)silyl]oxy)hex-2-enoate,,-1.0,
ENSMUSG00000022956-S,3-(4-Methoxyphenyl)coumarin,,1.0,
ENSMUSG00000022956-S,L-(+)-Threose,,1.0,
ENSMUSG00000022956-S,L-Val-L-Leu,,1.0,
ENSMUSG00000022995-S,3-(4-Methoxyphenyl)coumarin,,1.0,
ENSMUSG00000022995-S,L-Val-L-Leu,,1.0,
ENSMUSG00000023055-S,L-(+)-Threose,,-1.0,
ENSMUSG00000023055-S,L-Val-L-Leu,,-1.0,
ENSMUSG00000023055-S,tert-butyl(dimethyl)silyl-2-([tert-butyl(dimethyl)silyl]oxy)hex-2-enoate,,-1.0,
ENSMUSG00000023055-S,Uracil,1.0,-1.0,-1
ENSMUSG00000023206-S,3-(4-Methoxyphenyl)coumarin,,-1.0,
ENSMUSG00000023206-S,7-Hydroxy-4-(methoxymethyl)coumarin,,-1.0,
ENSMUSG00000023206-S,L-(+)-Threose,,-1.0,
ENSMUSG00000023206-S,L-Val-L-Leu,,-1.0,
ENSMUSG00000023249-S,3-(4-Methoxyphenyl)coumarin,,-1.0,
ENSMUSG00000023249-S,L-(+)-Threose,,-1.0,
ENSMUSG00000023249-S,tert-butyl(dimethyl)silyl-2-([tert-butyl(dimethyl)silyl]oxy)hex-2-enoate,,-1.0,
ENSMUSG00000023411-S,3-(4-Methoxyphenyl)coumarin,,-1.0,
ENSMUSG00000023411-S,L-(+)-Threose,,-1.0,
ENSMUSG00000023800-S,4-tert-Butyldimethylsiloxy-3-penten-2-one,,-1.0,
ENSMUSG00000023800-S,7-Hydroxy-4-(methoxymethyl)coumarin,,-1.0,
ENSMUSG00000023800-S,Adipoyl-L-carnitine,,-1.0,
ENSMUSG00000023919-S,"2,4-Di-tert-butylphenol",-1.0,1.0,-1
ENSMUSG00000023919-S,3-(4-Methoxyphenyl)coumarin,,1.0,
ENSMUSG00000023921-S,4-tert-Butyldimethylsiloxy-3-penten-2-one,,-1.0,
ENSMUSG00000023921-S,7-Hydroxy-4-(methoxymethyl)coumarin,,-1.0,
ENSMUSG00000023972-S,3-(4-Methoxyphenyl)coumarin,,-1.0,
ENSMUSG00000023972-S,"Oxymorphone, bis(trimethylsilyl) ether",,-1.0,
ENSMUSG00000024030-S,4-tert-Butyldimethylsiloxy-3-penten-2-one,,-1.0,
ENSMUSG00000024030-S,7-Hydroxy-4-(methoxymethyl)coumarin,,-1.0,
ENSMUSG00000024030-S,Sulindac,,-1.0,
ENSMUSG00000024030-S,tert-butyl(dimethyl)silyl-2-([tert-butyl(dimethyl)silyl]oxy)hex-2-enoate,,-1.0,
ENSMUSG00000024052-S,3-(4-Methoxyphenyl)coumarin,,1.0,
ENSMUSG00000024052-S,7-Hydroxy-4-(methoxymethyl)coumarin,,1.0,
ENSMUSG00000024052-S,L-(+)-Threose,,1.0,
ENSMUSG00000024077-S,3-(4-Methoxyphenyl)coumarin,,-1.0,
ENSMUSG00000024077-S,L-(+)-Threose,,-1.0,
ENSMUSG00000024077-S,L-Val-L-Leu,,-1.0,
ENSMUSG00000024151-S,3-(4-Methoxyphenyl)coumarin,,1.0,
ENSMUSG00000024151-S,L-(+)-Threose,,1.0,
ENSMUSG00000024151-S,L-Val-L-Leu,,1.0,
ENSMUSG00000024220-S,4-tert-Butyldimethylsiloxy-3-penten-2-one,,-1.0,
ENSMUSG00000024220-S,7-Hydroxy-4-(methoxymethyl)coumarin,,-1.0,
ENSMUSG00000024220-S,tert-butyl(dimethyl)silyl-2-([tert-butyl(dimethyl)silyl]oxy)hex-2-enoate,,-1.0,
ENSMUSG00000024277-S,3-(4-Methoxyphenyl)coumarin,,-1.0,
ENSMUSG00000024277-S,L-(+)-Threose,,-1.0,
ENSMUSG00000024277-S,tert-butyl(dimethyl)silyl-2-([tert-butyl(dimethyl)silyl]oxy)hex-2-enoate,,-1.0,
ENSMUSG00000024346-S,4-tert-Butyldimethylsiloxy-3-penten-2-one,,1.0,
ENSMUSG00000024346-S,7-Hydroxy-4-(methoxymethyl)coumarin,,1.0,
ENSMUSG00000024346-S,tert-butyl(dimethyl)silyl-2-([tert-butyl(dimethyl)silyl]oxy)hex-2-enoate,,1.0,
ENSMUSG00000024349-S,L-Val-L-Leu,,-1.0,
ENSMUSG00000024349-S,tert-butyl(dimethyl)silyl-2-([tert-butyl(dimethyl)silyl]oxy)hex-2-enoate,,-1.0,
ENSMUSG00000024424-S,3-(4-Methoxyphenyl)coumarin,,1.0,
ENSMUSG00000024424-S,L-(+)-Threose,,1.0,
ENSMUSG00000024426-S,3-(4-Methoxyphenyl)coumarin,,1.0,
ENSMUSG00000024426-S,7-Hydroxy-4-(methoxymethyl)coumarin,,1.0,
ENSMUSG00000024426-S,L-(+)-Threose,,1.0,
ENSMUSG00000024436-S,"2-Butenoic acid, 3-[(tert-butyldimethylsilyl)oxy]",-1.0,-1.0,1
ENSMUSG00000024436-S,4-tert-Butyldimethylsiloxy-3-penten-2-one,,-1.0,
ENSMUSG00000024436-S,7-Hydroxy-4-(methoxymethyl)coumarin,,-1.0,
ENSMUSG00000024436-S,L-(+)-Threose,,-1.0,
ENSMUSG00000024436-S,Methylthiouracil,1.0,-1.0,-1
ENSMUSG00000024436-S,tert-butyl(dimethyl)silyl-2-([tert-butyl(dimethyl)silyl]oxy)hex-2-enoate,,-1.0,
ENSMUSG00000024457-S,4-tert-Butyldimethylsiloxy-3-penten-2-one,,1.0,
ENSMUSG00000024457-S,L-(+)-Threose,,1.0,
ENSMUSG00000024556-S,7-Hydroxy-4-(methoxymethyl)coumarin,,-1.0,
ENSMUSG00000024563-S,L-(+)-Threose,,1.0,
ENSMUSG00000024583-S,7-Hydroxy-4-(methoxymethyl)coumarin,,1.0,
ENSMUSG00000024598-S,3-(4-Methoxyphenyl)coumarin,,1.0,
ENSMUSG00000024598-S,7-Hydroxy-4-(methoxymethyl)coumarin,,1.0,
ENSMUSG00000024598-S,L-(+)-Threose,,1.0,
ENSMUSG00000024614-S,4-tert-Butyldimethylsiloxy-3-penten-2-one,,-1.0,
ENSMUSG00000024614-S,Butanedioic acid,,-1.0,
ENSMUSG00000024614-S,L-(+)-Threose,,-1.0,
ENSMUSG00000024614-S,Pipecolic acid,1.0,-1.0,-1
ENSMUSG00000024614-S,Suberic acid,1.0,-1.0,-1
ENSMUSG00000024614-S,tert-butyl(dimethyl)silyl-2-([tert-butyl(dimethyl)silyl]oxy)hex-2-enoate,,-1.0,
ENSMUSG00000024647-S,4-tert-Butyldimethylsiloxy-3-penten-2-one,,1.0,
ENSMUSG00000024647-S,tert-butyl(dimethyl)silyl-2-([tert-butyl(dimethyl)silyl]oxy)hex-2-enoate,,1.0,
ENSMUSG00000024683-S,4-tert-Butyldimethylsiloxy-3-penten-2-one,,-1.0,
ENSMUSG00000024683-S,7-Hydroxy-4-(methoxymethyl)coumarin,,-1.0,
ENSMUSG00000024683-S,tert-butyl(dimethyl)silyl-2-([tert-butyl(dimethyl)silyl]oxy)hex-2-enoate,,-1.0,
ENSMUSG00000024764-S,7-Hydroxy-4-(methoxymethyl)coumarin,,-1.0,
ENSMUSG00000024766-S,"5-Nonanol, tert-butyldimethylsilyl ether",-1.0,-1.0,1
ENSMUSG00000024766-S,Lupinine,,-1.0,
ENSMUSG00000024766-S,L-Val-L-Leu,,-1.0,
ENSMUSG00000024766-S,tert-butyl(dimethyl)silyl-2-([tert-butyl(dimethyl)silyl]oxy)hex-2-enoate,,-1.0,
ENSMUSG00000024776-S,4-tert-Butyldimethylsiloxy-3-penten-2-one,,1.0,
ENSMUSG00000024776-S,L-Val-L-Leu,,1.0,
ENSMUSG00000024855-S,3-(4-Methoxyphenyl)coumarin,,-1.0,
ENSMUSG00000024855-S,L-(+)-Threose,,-1.0,
ENSMUSG00000024867-S,4-tert-Butyldimethylsiloxy-3-penten-2-one,,1.0,
ENSMUSG00000024867-S,7-Hydroxy-4-(methoxymethyl)coumarin,,1.0,
ENSMUSG00000024871-S,4-tert-Butyldimethylsiloxy-3-penten-2-one,,-1.0,
ENSMUSG00000024871-S,tert-butyl(dimethyl)silyl-2-([tert-butyl(dimethyl)silyl]oxy)hex-2-enoate,,-1.0,
ENSMUSG00000024875-S,3-(4-Methoxyphenyl)coumarin,,-1.0,
ENSMUSG00000024875-S,7-Hydroxy-4-(methoxymethyl)coumarin,,-1.0,
ENSMUSG00000024924-S,3-(4-Methoxyphenyl)coumarin,,-1.0,
ENSMUSG00000024924-S,7-Hydroxy-4-(methoxymethyl)coumarin,,-1.0,
ENSMUSG00000024948-S,Citramalic acid,-1.0,-1.0,1
ENSMUSG00000024948-S,L-Glutamine,,-1.0,
ENSMUSG00000024948-S,L-Val-L-Leu,,-1.0,
ENSMUSG00000024948-S,Octanoic acid,,-1.0,
ENSMUSG00000024948-S,tert-butyl(dimethyl)silyl-2-([tert-butyl(dimethyl)silyl]oxy)hex-2-enoate,,-1.0,
ENSMUSG00000024966-S,3-(4-Methoxyphenyl)coumarin,,1.0,
ENSMUSG00000024966-S,L-(+)-Threose,,1.0,
ENSMUSG00000025066-S,4-tert-Butyldimethylsiloxy-3-penten-2-one,,1.0,
ENSMUSG00000025066-S,tert-butyl(dimethyl)silyl-2-([tert-butyl(dimethyl)silyl]oxy)hex-2-enoate,,1.0,
ENSMUSG00000025147-S,"2-Methylcyclohexanol, (Z)",,1.0,
ENSMUSG00000025198-S,3-(4-Methoxyphenyl)coumarin,,-1.0,
ENSMUSG00000025198-S,L-(+)-Threose,,-1.0,
ENSMUSG00000025198-S,L-Val-L-Leu,,-1.0,
ENSMUSG00000025231-S,3-(4-Methoxyphenyl)coumarin,,-1.0,
ENSMUSG00000025231-S,L-(+)-Threose,,-1.0,
ENSMUSG00000025231-S,tert-butyl(dimethyl)silyl-2-([tert-butyl(dimethyl)silyl]oxy)hex-2-enoate,,-1.0,
ENSMUSG00000025266-S,3-(4-Methoxyphenyl)coumarin,,1.0,
ENSMUSG00000025266-S,L-(+)-Threose,,1.0,
ENSMUSG00000025266-S,L-Val-L-Leu,,1.0,
ENSMUSG00000025266-S,Myristic acid,1.0,1.0,1
ENSMUSG00000025266-S,Pipecolic acid,1.0,1.0,1
ENSMUSG00000025401-S,4-tert-Butyldimethylsiloxy-3-penten-2-one,,-1.0,
ENSMUSG00000025401-S,L-Val-L-Leu,,-1.0,
ENSMUSG00000025425-S,3-(4-Methoxyphenyl)coumarin,,1.0,
ENSMUSG00000025425-S,L-Val-L-Leu,,1.0,
ENSMUSG00000025468-S,4-tert-Butyldimethylsiloxy-3-penten-2-one,,1.0,
ENSMUSG00000025468-S,7-Hydroxy-4-(methoxymethyl)coumarin,,1.0,
ENSMUSG00000025468-S,tert-butyl(dimethyl)silyl-2-([tert-butyl(dimethyl)silyl]oxy)hex-2-enoate,,1.0,
ENSMUSG00000025475-S,4-tert-Butyldimethylsiloxy-3-penten-2-one,,1.0,
ENSMUSG00000025475-S,L-Val-L-Leu,,1.0,
ENSMUSG00000025481-S,4-tert-Butyldimethylsiloxy-3-penten-2-one,,-1.0,
ENSMUSG00000025481-S,L-Val-L-Leu,,-1.0,
ENSMUSG00000025485-S,"2-Methylcyclohexanol, (Z)",,1.0,
ENSMUSG00000025485-S,3-(4-Methoxyphenyl)coumarin,,1.0,
ENSMUSG00000025485-S,L-(+)-Threose,,1.0,
ENSMUSG00000025485-S,L-Val-L-Leu,,1.0,
ENSMUSG00000025613-S,7-Hydroxy-4-(methoxymethyl)coumarin,,1.0,
ENSMUSG00000025613-S,L-Val-L-Leu,,1.0,
ENSMUSG00000025613-S,Sulindac,,1.0,
ENSMUSG00000025613-S,tert-butyl(dimethyl)silyl-2-([tert-butyl(dimethyl)silyl]oxy)hex-2-enoate,,1.0,
ENSMUSG00000025665-S,3-(4-Methoxyphenyl)coumarin,,1.0,
ENSMUSG00000025665-S,L-Val-L-Leu,,1.0,
ENSMUSG00000025738-S,3-(4-Methoxyphenyl)coumarin,,-1.0,
ENSMUSG00000025738-S,7-Hydroxy-4-(methoxymethyl)coumarin,,-1.0,
ENSMUSG00000025738-S,L-(+)-Threose,,-1.0,
ENSMUSG00000025873-S,Lupinine,,1.0,
ENSMUSG00000025873-S,L-Val-L-Leu,,1.0,
ENSMUSG00000025873-S,tert-butyl(dimethyl)silyl-2-([tert-butyl(dimethyl)silyl]oxy)hex-2-enoate,,1.0,
ENSMUSG00000025894-S,3-(4-Methoxyphenyl)coumarin,,1.0,
ENSMUSG00000025894-S,L-Val-L-Leu,,1.0,
ENSMUSG00000025934-S,3-(4-Methoxyphenyl)coumarin,,-1.0,
ENSMUSG00000025934-S,"5-Ethyl-1,3-dioxane-5-methanol, tert-butyldimethylsilyl ether",,-1.0,
ENSMUSG00000025934-S,tert-butyl(dimethyl)silyl-2-([tert-butyl(dimethyl)silyl]oxy)hex-2-enoate,,-1.0,
ENSMUSG00000025937-S,Palmitic Acid,,-1.0,
ENSMUSG00000025938-S,4-tert-Butyldimethylsiloxy-3-penten-2-one,,-1.0,
ENSMUSG00000025938-S,tert-butyl(dimethyl)silyl-2-([tert-butyl(dimethyl)silyl]oxy)hex-2-enoate,,-1.0,
ENSMUSG00000025997-S,7-Hydroxy-4-(methoxymethyl)coumarin,,1.0,
ENSMUSG00000025997-S,Benzeneacetic acid,,1.0,
ENSMUSG00000026029-S,4-tert-Butyldimethylsiloxy-3-penten-2-one,,-1.0,
ENSMUSG00000026029-S,7-Hydroxy-4-(methoxymethyl)coumarin,,-1.0,
ENSMUSG00000026087-S,"2,6-di-tert-Butyl-4-(dimethylaminomethyl)phenol",,1.0,
ENSMUSG00000026087-S,7-Hydroxy-4-(methoxymethyl)coumarin,,1.0,
ENSMUSG00000026087-S,L-Val-L-Leu,,1.0,
ENSMUSG00000026135-S,3-(4-Methoxyphenyl)coumarin,,-1.0,
ENSMUSG00000026135-S,Lupinine,,-1.0,
ENSMUSG00000026135-S,tert-butyl(dimethyl)silyl-2-([tert-butyl(dimethyl)silyl]oxy)hex-2-enoate,,-1.0,
ENSMUSG00000026259-S,Lupinine,,-1.0,
ENSMUSG00000026259-S,L-Val-L-Leu,,-1.0,
ENSMUSG00000026259-S,tert-butyl(dimethyl)silyl-2-([tert-butyl(dimethyl)silyl]oxy)hex-2-enoate,,-1.0,
ENSMUSG00000026277-S,4-tert-Butyldimethylsiloxy-3-penten-2-one,,1.0,
ENSMUSG00000026277-S,7-Hydroxy-4-(methoxymethyl)coumarin,,1.0,
ENSMUSG00000026277-S,tert-butyl(dimethyl)silyl-2-([tert-butyl(dimethyl)silyl]oxy)hex-2-enoate,,1.0,
ENSMUSG00000026317-S,L-Threonine,1.0,-1.0,-1
ENSMUSG00000026355-S,3-(4-Methoxyphenyl)coumarin,,1.0,
ENSMUSG00000026355-S,tert-butyl(dimethyl)silyl-2-([tert-butyl(dimethyl)silyl]oxy)hex-2-enoate,,1.0,
ENSMUSG00000026360-S,3-(4-Methoxyphenyl)coumarin,,-1.0,
ENSMUSG00000026360-S,"l-Norvaline, n-propargyloxycarbonyl-, isohexyl ester",1.0,-1.0,-1
ENSMUSG00000026360-S,L-Val-L-Leu,,-1.0,
ENSMUSG00000026360-S,Xylazine,-1.0,-1.0,1
ENSMUSG00000026433-S,L-Val-L-Leu,,1.0,
ENSMUSG00000026483-S,3-(4-Methoxyphenyl)coumarin,,-1.0,
ENSMUSG00000026483-S,L-(+)-Threose,,-1.0,
ENSMUSG00000026634-S,7-Hydroxy-4-(methoxymethyl)coumarin,,-1.0,
ENSMUSG00000026659-S,3-Hydroxymethyl-2-trimethylsilyloxypentane,,-1.0,
ENSMUSG00000026659-S,7-Hydroxy-4-(methoxymethyl)coumarin,,-1.0,
ENSMUSG00000026659-S,L-Val-L-Leu,,-1.0,
ENSMUSG00000026659-S,tert-butyl(dimethyl)silyl-2-([tert-butyl(dimethyl)silyl]oxy)hex-2-enoate,,-1.0,
ENSMUSG00000026712-S,2-Hexanol,-1.0,-1.0,1
ENSMUSG00000026712-S,Benzeneacetic acid,,-1.0,
ENSMUSG00000026781-S,3-(4-Methoxyphenyl)coumarin,,-1.0,
ENSMUSG00000026781-S,L-(+)-Threose,,-1.0,
ENSMUSG00000026782-S,3-(4-Methoxyphenyl)coumarin,,-1.0,
ENSMUSG00000026782-S,4-Methylvaleric acid,,-1.0,
ENSMUSG00000026782-S,Adipoyl-L-carnitine,,-1.0,
ENSMUSG00000026782-S,L-(+)-Threose,,-1.0,
ENSMUSG00000026782-S,L-Lysine,,-1.0,
ENSMUSG00000026782-S,Methyl lactate,,-1.0,
ENSMUSG00000026787-S,3-(4-Methoxyphenyl)coumarin,,-1.0,
ENSMUSG00000026787-S,L-Val-L-Leu,,-1.0,
ENSMUSG00000026806-S,3-(4-Methoxyphenyl)coumarin,,-1.0,
ENSMUSG00000026806-S,7-Hydroxy-4-(methoxymethyl)coumarin,,-1.0,
ENSMUSG00000026806-S,Methanesulfonic acid,1.0,-1.0,-1
ENSMUSG00000026918-S,4-tert-Butyldimethylsiloxy-3-penten-2-one,,1.0,
ENSMUSG00000026918-S,L-(+)-Threose,,1.0,
ENSMUSG00000026918-S,tert-butyl(dimethyl)silyl-2-([tert-butyl(dimethyl)silyl]oxy)hex-2-enoate,,1.0,
ENSMUSG00000026970-S,3-(4-Methoxyphenyl)coumarin,,-1.0,
ENSMUSG00000026970-S,7-Hydroxy-4-(methoxymethyl)coumarin,,-1.0,
ENSMUSG00000026970-S,L-(+)-Threose,,-1.0,
ENSMUSG00000026970-S,N-Ethyldiethanolamine,,-1.0,
ENSMUSG00000026988-S,5-Azacytosine,1.0,-1.0,-1
ENSMUSG00000027160-S,"2,4-Di-tert-butylphenol",-1.0,-1.0,1
ENSMUSG00000027160-S,3-(4-Methoxyphenyl)coumarin,,-1.0,
ENSMUSG00000027160-S,tert-butyl(dimethyl)silyl-2-([tert-butyl(dimethyl)silyl]oxy)hex-2-enoate,,-1.0,
ENSMUSG00000027187-S,4-tert-Butyldimethylsiloxy-3-penten-2-one,,1.0,
ENSMUSG00000027187-S,Lupinine,,1.0,
ENSMUSG00000027187-S,L-Val-L-Leu,,1.0,
ENSMUSG00000027298-S,L-(+)-Threose,,-1.0,
ENSMUSG00000027298-S,L-Val-L-Leu,,-1.0,
ENSMUSG00000027357-S,L-Val-L-Leu,,1.0,
ENSMUSG00000027357-S,tert-butyl(dimethyl)silyl-2-([tert-butyl(dimethyl)silyl]oxy)hex-2-enoate,,1.0,
ENSMUSG00000027395-S,"3,4-Methylenedioxyamphetamine",1.0,-1.0,-1
ENSMUSG00000027395-S,4-tert-Butyldimethylsiloxy-3-penten-2-one,,-1.0,
ENSMUSG00000027395-S,L-(+)-Threose,,-1.0,
ENSMUSG00000027395-S,L-Val-L-Leu,,-1.0,
ENSMUSG00000027395-S,Malic acid,1.0,-1.0,-1
ENSMUSG00000027395-S,Uracil,1.0,-1.0,-1
ENSMUSG00000027405-S,4-tert-Butyldimethylsiloxy-3-penten-2-one,,1.0,
ENSMUSG00000027405-S,7-Hydroxy-4-(methoxymethyl)coumarin,,1.0,
ENSMUSG00000027405-S,tert-butyl(dimethyl)silyl-2-([tert-butyl(dimethyl)silyl]oxy)hex-2-enoate,,1.0,
ENSMUSG00000027408-S,7-Hydroxy-4-(methoxymethyl)coumarin,,1.0,
ENSMUSG00000027408-S,L-(+)-Threose,,1.0,
ENSMUSG00000027499-S,Benzeneacetic acid,,1.0,
ENSMUSG00000027499-S,L-Val-L-Leu,,1.0,
ENSMUSG00000027499-S,tert-butyl(dimethyl)silyl-2-([tert-butyl(dimethyl)silyl]oxy)hex-2-enoate,,1.0,
ENSMUSG00000027534-S,L-Val-L-Leu,,1.0,
ENSMUSG00000027655-S,3-(4-Methoxyphenyl)coumarin,,-1.0,
ENSMUSG00000027655-S,Lupinine,,-1.0,
ENSMUSG00000027655-S,tert-butyl(dimethyl)silyl-2-([tert-butyl(dimethyl)silyl]oxy)hex-2-enoate,,-1.0,
ENSMUSG00000027710-S,4-tert-Butyldimethylsiloxy-3-penten-2-one,,1.0,
ENSMUSG00000027710-S,L-Val-L-Leu,,1.0,
ENSMUSG00000027716-S,3-(4-Methoxyphenyl)coumarin,,-1.0,
ENSMUSG00000027716-S,L-Val-L-Leu,,-1.0,
ENSMUSG00000027827-S,3-(4-Methoxyphenyl)coumarin,,-1.0,
ENSMUSG00000027827-S,L-Val-L-Leu,,-1.0,
ENSMUSG00000027827-S,Xylazine,-1.0,-1.0,1
ENSMUSG00000027854-S,"(2,5-Dimethoxyphenyl)acetone",1.0,-1.0,-1
ENSMUSG00000027854-S,3-(4-Methoxyphenyl)coumarin,,-1.0,
ENSMUSG00000027854-S,7-Hydroxy-4-(methoxymethyl)coumarin,,-1.0,
ENSMUSG00000027854-S,L-(+)-Threose,,-1.0,
ENSMUSG00000027861-S,3-(4-Methoxyphenyl)coumarin,,-1.0,
ENSMUSG00000027861-S,7-Hydroxy-4-(methoxymethyl)coumarin,,-1.0,
ENSMUSG00000027861-S,L-(+)-Threose,,-1.0,
ENSMUSG00000027861-S,L-Val-L-Leu,,-1.0,
ENSMUSG00000027882-S,3-(4-Methoxyphenyl)coumarin,,-1.0,
ENSMUSG00000027882-S,L-(+)-Threose,,-1.0,
ENSMUSG00000027905-S,3-(4-Methoxyphenyl)coumarin,,-1.0,
ENSMUSG00000027905-S,L-(+)-Threose,,-1.0,
ENSMUSG00000027952-S,L-Val-L-Leu,,1.0,
ENSMUSG00000027952-S,Sulindac,,1.0,
ENSMUSG00000027952-S,tert-butyl(dimethyl)silyl-2-([tert-butyl(dimethyl)silyl]oxy)hex-2-enoate,,1.0,
ENSMUSG00000028007-S,4-tert-Butyldimethylsiloxy-3-penten-2-one,,-1.0,
ENSMUSG00000028007-S,L-Val-L-Leu,,-1.0,
ENSMUSG00000028033-S,4-tert-Butyldimethylsiloxy-3-penten-2-one,,-1.0,
ENSMUSG00000028033-S,7-Hydroxy-4-(methoxymethyl)coumarin,,-1.0,
ENSMUSG00000028033-S,tert-butyl(dimethyl)silyl-2-([tert-butyl(dimethyl)silyl]oxy)hex-2-enoate,,-1.0,
ENSMUSG00000028082-S,3-(4-Methoxyphenyl)coumarin,,1.0,
ENSMUSG00000028099-S,7-Hydroxy-4-(methoxymethyl)coumarin,,-1.0,
ENSMUSG00000028295-S,L-Val-L-Leu,,-1.0,
ENSMUSG00000028295-S,tert-butyl(dimethyl)silyl-2-([tert-butyl(dimethyl)silyl]oxy)hex-2-enoate,,-1.0,
ENSMUSG00000028345-S,3-(4-Methoxyphenyl)coumarin,,1.0,
ENSMUSG00000028345-S,Lupinine,,1.0,
ENSMUSG00000028345-S,tert-butyl(dimethyl)silyl-2-([tert-butyl(dimethyl)silyl]oxy)hex-2-enoate,,1.0,
ENSMUSG00000028423-S,L-Val-L-Leu,,-1.0,
ENSMUSG00000028423-S,tert-butyl(dimethyl)silyl-2-([tert-butyl(dimethyl)silyl]oxy)hex-2-enoate,,-1.0,
ENSMUSG00000028445-S,3-(4-Methoxyphenyl)coumarin,,1.0,
ENSMUSG00000028445-S,7-Hydroxy-4-(methoxymethyl)coumarin,,1.0,
ENSMUSG00000028445-S,L-(+)-Threose,,1.0,
ENSMUSG00000028469-S,3-(4-Methoxyphenyl)coumarin,,1.0,
ENSMUSG00000028469-S,L-(+)-Threose,,1.0,
ENSMUSG00000028532-S,3-(4-Methoxyphenyl)coumarin,,1.0,
ENSMUSG00000028532-S,7-Hydroxy-4-(methoxymethyl)coumarin,,1.0,
ENSMUSG00000028532-S,L-(+)-Threose,,1.0,
ENSMUSG00000028532-S,L-Val-L-Leu,,1.0,
ENSMUSG00000028545-S,4-tert-Butyldimethylsiloxy-3-penten-2-one,,1.0,
ENSMUSG00000028545-S,tert-butyl(dimethyl)silyl-2-([tert-butyl(dimethyl)silyl]oxy)hex-2-enoate,,1.0,
ENSMUSG00000028622-S,3-(4-Methoxyphenyl)coumarin,,1.0,
ENSMUSG00000028622-S,L-(+)-Threose,,1.0,
ENSMUSG00000028622-S,L-Val-L-Leu,,1.0,
ENSMUSG00000028637-S,4-tert-Butyldimethylsiloxy-3-penten-2-one,,-1.0,
ENSMUSG00000028637-S,L-Val-L-Leu,,-1.0,
ENSMUSG00000028747-S,7-Hydroxy-4-(methoxymethyl)coumarin,,-1.0,
ENSMUSG00000028792-S,3-(4-Methoxyphenyl)coumarin,,1.0,
ENSMUSG00000028792-S,7-Hydroxy-4-(methoxymethyl)coumarin,,1.0,
ENSMUSG00000028792-S,tert-butyl(dimethyl)silyl-2-([tert-butyl(dimethyl)silyl]oxy)hex-2-enoate,,1.0,
ENSMUSG00000028847-S,3-(4-Methoxyphenyl)coumarin,,1.0,
ENSMUSG00000028869-S,4-tert-Butyldimethylsiloxy-3-penten-2-one,,-1.0,
ENSMUSG00000028869-S,tert-butyl(dimethyl)silyl-2-([tert-butyl(dimethyl)silyl]oxy)hex-2-enoate,,-1.0,
ENSMUSG00000028932-S,4-tert-Butyldimethylsiloxy-3-penten-2-one,,1.0,
ENSMUSG00000028937-S,3-(4-Methoxyphenyl)coumarin,,1.0,
ENSMUSG00000028937-S,"6-Aminocaproic acid, N-(tert.-butyldimethylsilyl)",1.0,1.0,1
ENSMUSG00000028937-S,L-(+)-Threose,,1.0,
ENSMUSG00000028937-S,"Propanoic acid, dimethyl(isopropyl)silyl ester",,1.0,
ENSMUSG00000028988-S,"2,4-Di-tert-butylphenol",-1.0,1.0,-1
ENSMUSG00000028988-S,4-tert-Butyldimethylsiloxy-3-penten-2-one,,1.0,
ENSMUSG00000028988-S,Aceturic acid,,1.0,
ENSMUSG00000028988-S,L-Val-L-Leu,,1.0,
ENSMUSG00000028988-S,Octanoic acid,,1.0,
ENSMUSG00000028992-S,4-tert-Butyldimethylsiloxy-3-penten-2-one,,1.0,
ENSMUSG00000028992-S,7-Hydroxy-4-(methoxymethyl)coumarin,,1.0,
ENSMUSG00000028992-S,tert-butyl(dimethyl)silyl-2-([tert-butyl(dimethyl)silyl]oxy)hex-2-enoate,,1.0,
ENSMUSG00000029009-S,Benzeneacetic acid,,-1.0,
ENSMUSG00000029009-S,L-Threonine,1.0,-1.0,-1
ENSMUSG00000029060-S,L-Val-L-Leu,,-1.0,
ENSMUSG00000029060-S,tert-butyl(dimethyl)silyl-2-([tert-butyl(dimethyl)silyl]oxy)hex-2-enoate,,-1.0,
ENSMUSG00000029147-S,7-Hydroxy-4-(methoxymethyl)coumarin,,-1.0,
ENSMUSG00000029165-S,"3,4-Methylenedioxyamphetamine",1.0,-1.0,-1
ENSMUSG00000029211-S,3-(4-Methoxyphenyl)coumarin,,-1.0,
ENSMUSG00000029211-S,L-(+)-Threose,,-1.0,
ENSMUSG00000029211-S,L-Val-L-Leu,,-1.0,
ENSMUSG00000029211-S,Xylazine,-1.0,-1.0,1
ENSMUSG00000029217-S,L-Val-L-Leu,,-1.0,
ENSMUSG00000029307-S,3-(4-Methoxyphenyl)coumarin,,-1.0,
ENSMUSG00000029307-S,L-(+)-Threose,,-1.0,
ENSMUSG00000029307-S,tert-butyl(dimethyl)silyl-2-([tert-butyl(dimethyl)silyl]oxy)hex-2-enoate,,-1.0,
ENSMUSG00000029352-S,3-(4-Methoxyphenyl)coumarin,,1.0,
ENSMUSG00000029376-S,2-Cyanobenzaldehyde,,1.0,
ENSMUSG00000029376-S,3-Buten-2-one,-1.0,1.0,-1
ENSMUSG00000029376-S,4-tert-Butyldimethylsiloxy-3-penten-2-one,,1.0,
ENSMUSG00000029376-S,L-Val-L-Leu,,1.0,
ENSMUSG00000029376-S,Triethyl citrate,,1.0,
ENSMUSG00000029557-S,L-(+)-Threose,,-1.0,
ENSMUSG00000029557-S,L-Val-L-Leu,,-1.0,
ENSMUSG00000029755-S,3-(4-Methoxyphenyl)coumarin,,-1.0,
ENSMUSG00000029763-S,Adipoyl-L-carnitine,,1.0,
ENSMUSG00000029763-S,L-Val-L-Leu,,1.0,
ENSMUSG00000029775-S,3-(4-Methoxyphenyl)coumarin,,1.0,
ENSMUSG00000029775-S,7-Hydroxy-4-(methoxymethyl)coumarin,,1.0,
ENSMUSG00000029775-S,L-(+)-Threose,,1.0,
ENSMUSG00000029823-S,4-tert-Butyldimethylsiloxy-3-penten-2-one,,-1.0,
ENSMUSG00000029823-S,7-Hydroxy-4-(methoxymethyl)coumarin,,-1.0,
ENSMUSG00000029823-S,tert-butyl(dimethyl)silyl-2-([tert-butyl(dimethyl)silyl]oxy)hex-2-enoate,,-1.0,
ENSMUSG00000029922-S,"2-Methylcyclohexylamine, tert.-butyldimethylsilyl ether",,-1.0,
ENSMUSG00000029922-S,3-(4-Methoxyphenyl)coumarin,,-1.0,
ENSMUSG00000029922-S,L-(+)-Threose,,-1.0,
ENSMUSG00000029922-S,L-Val-L-Leu,,-1.0,
ENSMUSG00000029999-S,3-(4-Methoxyphenyl)coumarin,,-1.0,
ENSMUSG00000029999-S,7-Hydroxy-4-(methoxymethyl)coumarin,,-1.0,
ENSMUSG00000030058-S,3-(4-Methoxyphenyl)coumarin,,1.0,
ENSMUSG00000030058-S,L-(+)-Threose,,1.0,
ENSMUSG00000030265-S,4-tert-Butyldimethylsiloxy-3-penten-2-one,,1.0,
ENSMUSG00000030265-S,L-Val-L-Leu,,1.0,
ENSMUSG00000030265-S,Octanoic acid,,1.0,
ENSMUSG00000030282-S,3-(4-Methoxyphenyl)coumarin,,1.0,
ENSMUSG00000030282-S,L-(+)-Threose,,1.0,
ENSMUSG00000030282-S,L-Val-L-Leu,,1.0,
ENSMUSG00000030323-S,3-(4-Methoxyphenyl)coumarin,,1.0,
ENSMUSG00000030323-S,L-Val-L-Leu,,1.0,
ENSMUSG00000030346-S,"2-Methylcyclohexylamine, tert.-butyldimethylsilyl ether",,1.0,
ENSMUSG00000030346-S,3-(4-Methoxyphenyl)coumarin,,1.0,
ENSMUSG00000030346-S,5-Oxohexanoic Acid,-1.0,1.0,-1
ENSMUSG00000030346-S,L-(+)-Threose,,1.0,
ENSMUSG00000030346-S,L-Val-L-Leu,,1.0,
ENSMUSG00000030357-S,3-(4-Methoxyphenyl)coumarin,,1.0,
ENSMUSG00000030357-S,7-Hydroxy-4-(methoxymethyl)coumarin,,1.0,
ENSMUSG00000030357-S,Azelaic acid,-1.0,1.0,-1
ENSMUSG00000030357-S,L-(+)-Threose,,1.0,
ENSMUSG00000030469-S,L-(+)-Threose,,1.0,
ENSMUSG00000030469-S,L-Val-L-Leu,,1.0,
ENSMUSG00000030691-S,"3,4-Methylenedioxyamphetamine",1.0,-1.0,-1
ENSMUSG00000030731-S,3-(4-Methoxyphenyl)coumarin,,-1.0,
ENSMUSG00000030731-S,L-(+)-Threose,,-1.0,
ENSMUSG00000030770-S,4-tert-Butyldimethylsiloxy-3-penten-2-one,,1.0,
ENSMUSG00000030770-S,7-Hydroxy-4-(methoxymethyl)coumarin,,1.0,
ENSMUSG00000030770-S,tert-butyl(dimethyl)silyl-2-([tert-butyl(dimethyl)silyl]oxy)hex-2-enoate,,1.0,
ENSMUSG00000030786-S,3-(4-Methoxyphenyl)coumarin,,-1.0,
ENSMUSG00000030805-S,7-Hydroxy-4-(methoxymethyl)coumarin,,-1.0,
ENSMUSG00000030805-S,Palmitic Acid,,-1.0,
ENSMUSG00000030846-S,Dodecanoic acid,1.0,1.0,1
ENSMUSG00000030846-S,L-Val-L-Leu,,1.0,
ENSMUSG00000030846-S,Pentanoic acid,-1.0,1.0,-1
ENSMUSG00000030982-S,3-(4-Methoxyphenyl)coumarin,,1.0,
ENSMUSG00000030982-S,L-(+)-Threose,,1.0,
ENSMUSG00000030982-S,L-Norleucine,,1.0,
ENSMUSG00000030982-S,tert-butyl(dimethyl)silyl-2-([tert-butyl(dimethyl)silyl]oxy)hex-2-enoate,,1.0,
ENSMUSG00000030990-S,Benzeneacetic acid,,-1.0,
ENSMUSG00000030990-S,L-Threonine,1.0,-1.0,-1
ENSMUSG00000031090-S,4-tert-Butyldimethylsiloxy-3-penten-2-one,,1.0,
ENSMUSG00000031090-S,7-Hydroxy-4-(methoxymethyl)coumarin,,1.0,
ENSMUSG00000031090-S,tert-butyl(dimethyl)silyl-2-([tert-butyl(dimethyl)silyl]oxy)hex-2-enoate,,1.0,
ENSMUSG00000031134-S,3-(4-Methoxyphenyl)coumarin,,-1.0,
ENSMUSG00000031134-S,7-Hydroxy-4-(methoxymethyl)coumarin,,-1.0,
ENSMUSG00000031158-S,4-tert-Butyldimethylsiloxy-3-penten-2-one,,-1.0,
ENSMUSG00000031158-S,tert-butyl(dimethyl)silyl-2-([tert-butyl(dimethyl)silyl]oxy)hex-2-enoate,,-1.0,
ENSMUSG00000031242-S,4-tert-Butyldimethylsiloxy-3-penten-2-one,,1.0,
ENSMUSG00000031242-S,tert-butyl(dimethyl)silyl-2-([tert-butyl(dimethyl)silyl]oxy)hex-2-enoate,,1.0,
ENSMUSG00000031309-S,4-tert-Butyldimethylsiloxy-3-penten-2-one,,-1.0,
ENSMUSG00000031309-S,7-Hydroxy-4-(methoxymethyl)coumarin,,-1.0,
ENSMUSG00000031309-S,Adipoyl-L-carnitine,,-1.0,
ENSMUSG00000031309-S,Norephedrine,,-1.0,
ENSMUSG00000031371-S,3-(4-Methoxyphenyl)coumarin,,1.0,
ENSMUSG00000031371-S,3-Heptanol,1.0,1.0,1
ENSMUSG00000031371-S,L-(+)-Threose,,1.0,
ENSMUSG00000031371-S,tert-butyl(dimethyl)silyl-2-([tert-butyl(dimethyl)silyl]oxy)hex-2-enoate,,1.0,
ENSMUSG00000031429-S,L-Val-L-Leu,,1.0,
ENSMUSG00000031429-S,tert-butyl(dimethyl)silyl-2-([tert-butyl(dimethyl)silyl]oxy)hex-2-enoate,,1.0,
ENSMUSG00000031432-S,3-(4-Methoxyphenyl)coumarin,,1.0,
ENSMUSG00000031432-S,Azelaic acid,-1.0,1.0,-1
ENSMUSG00000031432-S,L-(+)-Threose,,1.0,
ENSMUSG00000031485-S,3-(4-Methoxyphenyl)coumarin,,1.0,
ENSMUSG00000031485-S,Lupinine,,1.0,
ENSMUSG00000031485-S,tert-butyl(dimethyl)silyl-2-([tert-butyl(dimethyl)silyl]oxy)hex-2-enoate,,1.0,
ENSMUSG00000031503-S,7-Hydroxy-4-(methoxymethyl)coumarin,,1.0,
ENSMUSG00000031529-S,L-(+)-Threose,,1.0,
ENSMUSG00000031532-S,"2,4-Di-tert-butylphenol",-1.0,1.0,-1
ENSMUSG00000031636-S,3-(4-Methoxyphenyl)coumarin,,-1.0,
ENSMUSG00000031753-S,4-tert-Butyldimethylsiloxy-3-penten-2-one,,1.0,
ENSMUSG00000031753-S,"Propanoic acid, 3-[(tert-butyldimethylsilyl)oxy]-2-methyl-",,1.0,
ENSMUSG00000031753-S,tert-butyl(dimethyl)silyl-2-([tert-butyl(dimethyl)silyl]oxy)hex-2-enoate,,1.0,
ENSMUSG00000031772-S,Xylazine,-1.0,1.0,-1
ENSMUSG00000031776-S,4-tert-Butyldimethylsiloxy-3-penten-2-one,,1.0,
ENSMUSG00000031776-S,7-Hydroxy-4-(methoxymethyl)coumarin,,1.0,
ENSMUSG00000031776-S,tert-butyl(dimethyl)silyl-2-([tert-butyl(dimethyl)silyl]oxy)hex-2-enoate,,1.0,
ENSMUSG00000031812-S,"2-Methylcyclohexanol, (Z)",,1.0,
ENSMUSG00000031812-S,3-(4-Methoxyphenyl)coumarin,,1.0,
ENSMUSG00000031812-S,L-Val-L-Leu,,1.0,
ENSMUSG00000031962-S,4-tert-Butyldimethylsiloxy-3-penten-2-one,,-1.0,
ENSMUSG00000031962-S,L-(+)-Threose,,-1.0,
ENSMUSG00000031962-S,tert-butyl(dimethyl)silyl-2-([tert-butyl(dimethyl)silyl]oxy)hex-2-enoate,,-1.0,
ENSMUSG00000031970-S,L-Val-L-Leu,,1.0,
ENSMUSG00000031970-S,tert-butyl(dimethyl)silyl-2-([tert-butyl(dimethyl)silyl]oxy)hex-2-enoate,,1.0,
ENSMUSG00000032120-S,L-Threonine,1.0,-1.0,-1
ENSMUSG00000032258-S,L-Val-L-Leu,,-1.0,
ENSMUSG00000032258-S,Octacosanol,,-1.0,
ENSMUSG00000032300-S,2-Cyanobenzaldehyde,,1.0,
ENSMUSG00000032300-S,4-tert-Butyldimethylsiloxy-3-penten-2-one,,1.0,
ENSMUSG00000032300-S,L-Val-L-Leu,,1.0,
ENSMUSG00000032334-S,3-(4-Methoxyphenyl)coumarin,,1.0,
ENSMUSG00000032334-S,L-Val-L-Leu,,1.0,
ENSMUSG00000032336-S,4-tert-Butyldimethylsiloxy-3-penten-2-one,,-1.0,
ENSMUSG00000032336-S,Adipoyl-L-carnitine,,-1.0,
ENSMUSG00000032336-S,L-(+)-Threose,,-1.0,
ENSMUSG00000032350-S,4-tert-Butyldimethylsiloxy-3-penten-2-one,,-1.0,
ENSMUSG00000032350-S,Butanedioic acid,,-1.0,
ENSMUSG00000032350-S,L-(+)-Threose,,-1.0,
ENSMUSG00000032350-S,Lignoceric acid,1.0,-1.0,-1
ENSMUSG00000032350-S,tert-butyl(dimethyl)silyl-2-([tert-butyl(dimethyl)silyl]oxy)hex-2-enoate,,-1.0,
ENSMUSG00000032415-S,Benzeneacetic acid,,-1.0,
ENSMUSG00000032435-S,3-(4-Methoxyphenyl)coumarin,,1.0,
ENSMUSG00000032435-S,7-Hydroxy-4-(methoxymethyl)coumarin,,1.0,
ENSMUSG00000032435-S,L-(+)-Threose,,1.0,
ENSMUSG00000032456-S,3-(4-Methoxyphenyl)coumarin,,-1.0,
ENSMUSG00000032485-S,3-(4-Methoxyphenyl)coumarin,,-1.0,
ENSMUSG00000032485-S,4-Methylvaleric acid,,-1.0,
ENSMUSG00000032485-S,5-Oxohexanoic Acid,-1.0,-1.0,1
ENSMUSG00000032485-S,7-Hydroxy-4-(methoxymethyl)coumarin,,-1.0,
ENSMUSG00000032485-S,L-(+)-Threose,,-1.0,
ENSMUSG00000032485-S,L-Val-L-Leu,,-1.0,
ENSMUSG00000032513-S,4-tert-Butyldimethylsiloxy-3-penten-2-one,,1.0,
ENSMUSG00000032513-S,7-Hydroxy-4-(methoxymethyl)coumarin,,1.0,
ENSMUSG00000032513-S,tert-butyl(dimethyl)silyl-2-([tert-butyl(dimethyl)silyl]oxy)hex-2-enoate,,1.0,
ENSMUSG00000032534-S,7-Hydroxy-4-(methoxymethyl)coumarin,,-1.0,
ENSMUSG00000032534-S,Benzeneacetic acid,,-1.0,
ENSMUSG00000032567-S,3-(4-Methoxyphenyl)coumarin,,-1.0,
ENSMUSG00000032567-S,L-(+)-Threose,,-1.0,
ENSMUSG00000032567-S,Norephedrine,,-1.0,
ENSMUSG00000032567-S,tert-butyl(dimethyl)silyl-2-([tert-butyl(dimethyl)silyl]oxy)hex-2-enoate,,-1.0,
ENSMUSG00000032572-S,3-(4-Methoxyphenyl)coumarin,,-1.0,
ENSMUSG00000032572-S,L-(+)-Threose,,-1.0,
ENSMUSG00000032572-S,L-Val-L-Leu,,-1.0,
ENSMUSG00000032586-S,L-(+)-Threose,,-1.0,
ENSMUSG00000032586-S,L-Val-L-Leu,,-1.0,
ENSMUSG00000032586-S,tert-butyl(dimethyl)silyl-2-([tert-butyl(dimethyl)silyl]oxy)hex-2-enoate,,-1.0,
ENSMUSG00000032586-S,Uracil,1.0,-1.0,-1
ENSMUSG00000032594-S,4-tert-Butyldimethylsiloxy-3-penten-2-one,,1.0,
ENSMUSG00000032594-S,7-Hydroxy-4-(methoxymethyl)coumarin,,1.0,
ENSMUSG00000032594-S,Octanoic acid,,1.0,
ENSMUSG00000032594-S,tert-butyl(dimethyl)silyl-2-([tert-butyl(dimethyl)silyl]oxy)hex-2-enoate,,1.0,
ENSMUSG00000032598-S,"2,4,4'-Trihydroxybenzophenone",,1.0,
ENSMUSG00000032598-S,3-(4-Methoxyphenyl)coumarin,,1.0,
ENSMUSG00000032598-S,7-Hydroxy-4-(methoxymethyl)coumarin,,1.0,
ENSMUSG00000032598-S,Adenine,,1.0,
ENSMUSG00000032598-S,Hexacosanoic acid,1.0,1.0,1
ENSMUSG00000032598-S,L-(+)-Threose,,1.0,
ENSMUSG00000032599-S,3-(4-Methoxyphenyl)coumarin,,1.0,
ENSMUSG00000032599-S,L-(+)-Threose,,1.0,
ENSMUSG00000032599-S,tert-butyl(dimethyl)silyl-2-([tert-butyl(dimethyl)silyl]oxy)hex-2-enoate,,1.0,
ENSMUSG00000032604-S,4-tert-Butyldimethylsiloxy-3-penten-2-one,,-1.0,
ENSMUSG00000032604-S,L-(+)-Threose,,-1.0,
ENSMUSG00000032604-S,L-Val-L-Leu,,-1.0,
ENSMUSG00000032604-S,Uracil,1.0,-1.0,-1
ENSMUSG00000032698-S,3-(4-Methoxyphenyl)coumarin,,-1.0,
ENSMUSG00000032698-S,4-Methylvaleric acid,,-1.0,
ENSMUSG00000032698-S,Adipoyl-L-carnitine,,-1.0,
ENSMUSG00000032698-S,L-(+)-Threose,,-1.0,
ENSMUSG00000032698-S,Norephedrine,,-1.0,
ENSMUSG00000032757-S,3-(4-Methoxyphenyl)coumarin,,1.0,
ENSMUSG00000032757-S,L-(+)-Threose,,1.0,
ENSMUSG00000032777-S,3-(4-Methoxyphenyl)coumarin,,-1.0,
ENSMUSG00000032777-S,Isopropylamine,-1.0,-1.0,1
ENSMUSG00000032777-S,tert-butyl(dimethyl)silyl-2-([tert-butyl(dimethyl)silyl]oxy)hex-2-enoate,,-1.0,
ENSMUSG00000032786-S,4-tert-Butyldimethylsiloxy-3-penten-2-one,,-1.0,
ENSMUSG00000032786-S,7-Hydroxy-4-(methoxymethyl)coumarin,,-1.0,
ENSMUSG00000032968-S,"(2,5-Dimethoxyphenyl)acetone",1.0,-1.0,-1
ENSMUSG00000032968-S,3-(4-Methoxyphenyl)coumarin,,-1.0,
ENSMUSG00000032968-S,L-(+)-Threose,,-1.0,
ENSMUSG00000033054-S,4-tert-Butyldimethylsiloxy-3-penten-2-one,,1.0,
ENSMUSG00000033054-S,L-Val-L-Leu,,1.0,
ENSMUSG00000033063-S,"2-Butene-1,4-diol",,-1.0,
ENSMUSG00000033063-S,3-(4-Methoxyphenyl)coumarin,,-1.0,
ENSMUSG00000033063-S,L-Val-L-Leu,,-1.0,
ENSMUSG00000033152-S,"2,4-Di-tert-butylphenol",-1.0,1.0,-1
ENSMUSG00000033253-S,4-tert-Butyldimethylsiloxy-3-penten-2-one,,-1.0,
ENSMUSG00000033253-S,tert-butyl(dimethyl)silyl-2-([tert-butyl(dimethyl)silyl]oxy)hex-2-enoate,,-1.0,
ENSMUSG00000033365-S,Lupinine,,-1.0,
ENSMUSG00000033365-S,L-Val-L-Leu,,-1.0,
ENSMUSG00000033365-S,tert-butyl(dimethyl)silyl-2-([tert-butyl(dimethyl)silyl]oxy)hex-2-enoate,,-1.0,
ENSMUSG00000033373-S,3-(4-Methoxyphenyl)coumarin,,-1.0,
ENSMUSG00000033373-S,L-(+)-Threose,,-1.0,
ENSMUSG00000033417-S,4-tert-Butyldimethylsiloxy-3-penten-2-one,,1.0,
ENSMUSG00000033417-S,tert-butyl(dimethyl)silyl-2-([tert-butyl(dimethyl)silyl]oxy)hex-2-enoate,,1.0,
ENSMUSG00000033629-S,"(2R)-Pyrrolidine-1,2-dicarboxylic acid, bis(tert-butyldimethylsilyl) ester",,1.0,
ENSMUSG00000033629-S,3-(4-Methoxyphenyl)coumarin,,1.0,
ENSMUSG00000033629-S,7-Hydroxy-4-(methoxymethyl)coumarin,,1.0,
ENSMUSG00000033629-S,L-(+)-Threose,,1.0,
ENSMUSG00000033629-S,L-Val-L-Leu,,1.0,
ENSMUSG00000033658-S,Benzeneacetic acid,,1.0,
ENSMUSG00000033658-S,Benzyl alcohol,1.0,1.0,1
ENSMUSG00000033658-S,Hexanoic acid,1.0,1.0,1
ENSMUSG00000033658-S,Isonicotinic Acid,,1.0,
ENSMUSG00000033658-S,L-Val-L-Leu,,1.0,
ENSMUSG00000033717-S,3-(4-Methoxyphenyl)coumarin,,1.0,
ENSMUSG00000033721-S,4-tert-Butyldimethylsiloxy-3-penten-2-one,,1.0,
ENSMUSG00000033721-S,7-Hydroxy-4-(methoxymethyl)coumarin,,1.0,
ENSMUSG00000033721-S,tert-butyl(dimethyl)silyl-2-([tert-butyl(dimethyl)silyl]oxy)hex-2-enoate,,1.0,
ENSMUSG00000033735-S,4-tert-Butyldimethylsiloxy-3-penten-2-one,,1.0,
ENSMUSG00000033910-S,3-(4-Methoxyphenyl)coumarin,,-1.0,
ENSMUSG00000033910-S,Aniline,1.0,-1.0,-1
ENSMUSG00000033910-S,L-(+)-Threose,,-1.0,
ENSMUSG00000033916-S,Adipoyl-L-carnitine,,-1.0,
ENSMUSG00000033916-S,L-Val-L-Leu,,-1.0,
ENSMUSG00000033960-S,3-(4-Methoxyphenyl)coumarin,,-1.0,
ENSMUSG00000033960-S,"3,4-Methylenedioxyamphetamine",1.0,-1.0,-1
ENSMUSG00000033960-S,L-Val-L-Leu,,-1.0,
ENSMUSG00000034055-S,3-(4-Methoxyphenyl)coumarin,,1.0,
ENSMUSG00000034055-S,L-(+)-Threose,,1.0,
ENSMUSG00000034064-S,3-(4-Methoxyphenyl)coumarin,,1.0,
ENSMUSG00000034064-S,L-(+)-Threose,,1.0,
ENSMUSG00000034154-S,4-tert-Butyldimethylsiloxy-3-penten-2-one,,-1.0,
ENSMUSG00000034156-S,4-tert-Butyldimethylsiloxy-3-penten-2-one,,-1.0,
ENSMUSG00000034156-S,L-(+)-Threose,,-1.0,
ENSMUSG00000034156-S,Octacosanol,,-1.0,
ENSMUSG00000034402-S,3-(4-Methoxyphenyl)coumarin,,-1.0,
ENSMUSG00000034402-S,L-(+)-Threose,,-1.0,
ENSMUSG00000034532-S,L-Threonine,1.0,1.0,1
ENSMUSG00000034532-S,Octanoic acid,,1.0,
ENSMUSG00000034848-S,3-(4-Methoxyphenyl)coumarin,,1.0,
ENSMUSG00000034848-S,7-Hydroxy-4-(methoxymethyl)coumarin,,1.0,
ENSMUSG00000034892-S,4-tert-Butyldimethylsiloxy-3-penten-2-one,,1.0,
ENSMUSG00000034892-S,Lupinine,,1.0,
ENSMUSG00000034892-S,L-Val-L-Leu,,1.0,
ENSMUSG00000034919-S,7-Hydroxy-4-(methoxymethyl)coumarin,,-1.0,
ENSMUSG00000035007-S,4-tert-Butyldimethylsiloxy-3-penten-2-one,,-1.0,
ENSMUSG00000035007-S,tert-butyl(dimethyl)silyl-2-([tert-butyl(dimethyl)silyl]oxy)hex-2-enoate,,-1.0,
ENSMUSG00000035021-S,"3,4-Methylenedioxyamphetamine",1.0,-1.0,-1
ENSMUSG00000035021-S,4-tert-Butyldimethylsiloxy-3-penten-2-one,,-1.0,
ENSMUSG00000035021-S,tert-butyl(dimethyl)silyl-2-([tert-butyl(dimethyl)silyl]oxy)hex-2-enoate,,-1.0,
ENSMUSG00000035151-S,L-Val-L-Leu,,1.0,
ENSMUSG00000035151-S,tert-butyl(dimethyl)silyl-2-([tert-butyl(dimethyl)silyl]oxy)hex-2-enoate,,1.0,
ENSMUSG00000035208-S,Adipoyl-L-carnitine,,-1.0,
ENSMUSG00000035208-S,L-Val-L-Leu,,-1.0,
ENSMUSG00000035208-S,Propanoic acid,,-1.0,
ENSMUSG00000035274-S,L-(+)-Threose,,-1.0,
ENSMUSG00000035277-S,3-(4-Methoxyphenyl)coumarin,,-1.0,
ENSMUSG00000035278-S,3-(4-Methoxyphenyl)coumarin,,1.0,
ENSMUSG00000035278-S,L-(+)-Threose,,1.0,
ENSMUSG00000035278-S,Lactic acid,,1.0,
ENSMUSG00000035278-S,tert-butyl(dimethyl)silyl-2-([tert-butyl(dimethyl)silyl]oxy)hex-2-enoate,,1.0,
ENSMUSG00000035397-S,"l-Norvaline, n-propargyloxycarbonyl-, isohexyl ester",1.0,-1.0,-1
ENSMUSG00000035397-S,Xylazine,-1.0,-1.0,1
ENSMUSG00000035495-S,3-(4-Methoxyphenyl)coumarin,,1.0,
ENSMUSG00000035495-S,Monocaproin,,1.0,
ENSMUSG00000035495-S,tert-butyl(dimethyl)silyl-2-([tert-butyl(dimethyl)silyl]oxy)hex-2-enoate,,1.0,
ENSMUSG00000035595-S,L-(+)-Threose,,-1.0,
ENSMUSG00000035601-S,7-Hydroxy-4-(methoxymethyl)coumarin,,-1.0,
ENSMUSG00000035686-S,4-tert-Butyldimethylsiloxy-3-penten-2-one,,1.0,
ENSMUSG00000035686-S,L-(+)-Threose,,1.0,
ENSMUSG00000035686-S,tert-butyl(dimethyl)silyl-2-([tert-butyl(dimethyl)silyl]oxy)hex-2-enoate,,1.0,
ENSMUSG00000035776-S,3-Hydroxymethyl-2-trimethylsilyloxypentane,,1.0,
ENSMUSG00000035776-S,7-Hydroxy-4-(methoxymethyl)coumarin,,1.0,
ENSMUSG00000035776-S,"9Z-Octadecenoic acid, (2S)-3-[(hydroxymercaptophosphinyl)oxy]-2-methoxypropyl ester",,1.0,
ENSMUSG00000035776-S,Benzeneacetic acid,,1.0,
ENSMUSG00000035776-S,L-Val-L-Leu,,1.0,
ENSMUSG00000035863-S,4-tert-Butyldimethylsiloxy-3-penten-2-one,,-1.0,
ENSMUSG00000035863-S,7-Hydroxy-4-(methoxymethyl)coumarin,,-1.0,
ENSMUSG00000035863-S,Octanoic acid,,-1.0,
ENSMUSG00000035914-S,Benzeneacetic acid,,-1.0,
ENSMUSG00000035914-S,L-(+)-Threose,,-1.0,
ENSMUSG00000035914-S,L-Val-L-Leu,,-1.0,
ENSMUSG00000035967-S,4-tert-Butyldimethylsiloxy-3-penten-2-one,,-1.0,
ENSMUSG00000035967-S,L-(+)-Threose,,-1.0,
ENSMUSG00000036053-S,3-(4-Methoxyphenyl)coumarin,,1.0,
ENSMUSG00000036053-S,7-Hydroxy-4-(methoxymethyl)coumarin,,1.0,
ENSMUSG00000036053-S,Durapan,1.0,1.0,1
ENSMUSG00000036053-S,Methanesulfonic acid,1.0,1.0,1
ENSMUSG00000036053-S,Pinosylvin,1.0,1.0,1
ENSMUSG00000036114-S,4-tert-Butyldimethylsiloxy-3-penten-2-one,,1.0,
ENSMUSG00000036114-S,7-Hydroxy-4-(methoxymethyl)coumarin,,1.0,
ENSMUSG00000036114-S,tert-butyl(dimethyl)silyl-2-([tert-butyl(dimethyl)silyl]oxy)hex-2-enoate,,1.0,
ENSMUSG00000036169-S,4-tert-Butyldimethylsiloxy-3-penten-2-one,,1.0,
ENSMUSG00000036169-S,L-Val-L-Leu,,1.0,
ENSMUSG00000036199-S,3-(4-Methoxyphenyl)coumarin,,1.0,
ENSMUSG00000036199-S,7-Hydroxy-4-(methoxymethyl)coumarin,,1.0,
ENSMUSG00000036199-S,Adipoyl-L-carnitine,,1.0,
ENSMUSG00000036225-S,3-(4-Methoxyphenyl)coumarin,,-1.0,
ENSMUSG00000036225-S,Octacosanol,,-1.0,
ENSMUSG00000036381-S,3-(4-Methoxyphenyl)coumarin,,1.0,
ENSMUSG00000036381-S,7-Hydroxy-4-(methoxymethyl)coumarin,,1.0,
ENSMUSG00000036381-S,L-(+)-Threose,,1.0,
ENSMUSG00000036501-S,4-tert-Butyldimethylsiloxy-3-penten-2-one,,1.0,
ENSMUSG00000036501-S,7-Hydroxy-4-(methoxymethyl)coumarin,,1.0,
ENSMUSG00000036501-S,tert-butyl(dimethyl)silyl-2-([tert-butyl(dimethyl)silyl]oxy)hex-2-enoate,,1.0,
ENSMUSG00000036632-S,7-Hydroxy-4-(methoxymethyl)coumarin,,1.0,
ENSMUSG00000036632-S,Octanoic acid,,1.0,
ENSMUSG00000036698-S,L-Threonine,1.0,1.0,1
ENSMUSG00000036949-S,3-(4-Methoxyphenyl)coumarin,,-1.0,
ENSMUSG00000036949-S,4-Methylvaleric acid,,-1.0,
ENSMUSG00000036949-S,L-(+)-Threose,,-1.0,
ENSMUSG00000036949-S,tert-butyl(dimethyl)silyl-2-([tert-butyl(dimethyl)silyl]oxy)hex-2-enoate,,-1.0,
ENSMUSG00000036966-S,3-(4-Methoxyphenyl)coumarin,,1.0,
ENSMUSG00000036966-S,L-(+)-Threose,,1.0,
ENSMUSG00000036966-S,L-Val-L-Leu,,1.0,
ENSMUSG00000037139-S,3-(4-Methoxyphenyl)coumarin,,-1.0,
ENSMUSG00000037148-S,4-tert-Butyldimethylsiloxy-3-penten-2-one,,-1.0,
ENSMUSG00000037148-S,Octanoic acid,,-1.0,
ENSMUSG00000037185-S,"2,5-Dimethoxyphenol",-1.0,-1.0,1
ENSMUSG00000037185-S,L-(+)-Threose,,-1.0,
ENSMUSG00000037185-S,L-Val-L-Leu,,-1.0,
ENSMUSG00000037266-S,4-tert-Butyldimethylsiloxy-3-penten-2-one,,-1.0,
ENSMUSG00000037266-S,7-Hydroxy-4-(methoxymethyl)coumarin,,-1.0,
ENSMUSG00000037266-S,L-(+)-Threose,,-1.0,
ENSMUSG00000037266-S,tert-butyl(dimethyl)silyl-2-([tert-butyl(dimethyl)silyl]oxy)hex-2-enoate,,-1.0,
ENSMUSG00000037474-S,3-(4-Methoxyphenyl)coumarin,,-1.0,
ENSMUSG00000037474-S,L-(+)-Threose,,-1.0,
ENSMUSG00000037474-S,L-Val-L-Leu,,-1.0,
ENSMUSG00000037553-S,4-tert-Butyldimethylsiloxy-3-penten-2-one,,-1.0,
ENSMUSG00000037553-S,tert-butyl(dimethyl)silyl-2-([tert-butyl(dimethyl)silyl]oxy)hex-2-enoate,,-1.0,
ENSMUSG00000037570-S,7-Hydroxy-4-(methoxymethyl)coumarin,,-1.0,
ENSMUSG00000037601-S,"2,6-di-tert-Butyl-4-(dimethylaminomethyl)phenol",,1.0,
ENSMUSG00000037601-S,L-Val-L-Leu,,1.0,
ENSMUSG00000037697-S,3-(4-Methoxyphenyl)coumarin,,-1.0,
ENSMUSG00000037697-S,L-(+)-Threose,,-1.0,
ENSMUSG00000037791-S,L-Val-L-Leu,,-1.0,
ENSMUSG00000037815-S,L-Val-L-Leu,,-1.0,
ENSMUSG00000037815-S,tert-butyl(dimethyl)silyl-2-([tert-butyl(dimethyl)silyl]oxy)hex-2-enoate,,-1.0,
ENSMUSG00000037936-S,3-(4-Methoxyphenyl)coumarin,,-1.0,
ENSMUSG00000037936-S,L-Val-L-Leu,,-1.0,
ENSMUSG00000038034-S,2-Cyanobenzaldehyde,,-1.0,
ENSMUSG00000038034-S,"2-Methylcyclohexanol, (Z)",,-1.0,
ENSMUSG00000038034-S,4-tert-Butyldimethylsiloxy-3-penten-2-one,,-1.0,
ENSMUSG00000038034-S,L-Val-L-Leu,,-1.0,
ENSMUSG00000038034-S,Octanoic acid,,-1.0,
ENSMUSG00000038034-S,"Propanoic acid, dimethyl(isopropyl)silyl ester",,-1.0,
ENSMUSG00000038042-S,"2,4-Di-tert-butylphenol",-1.0,1.0,-1
ENSMUSG00000038042-S,3-(4-Methoxyphenyl)coumarin,,1.0,
ENSMUSG00000038042-S,tert-butyl(dimethyl)silyl-2-([tert-butyl(dimethyl)silyl]oxy)hex-2-enoate,,1.0,
ENSMUSG00000038046-S,4-tert-Butyldimethylsiloxy-3-penten-2-one,,-1.0,
ENSMUSG00000038046-S,7-Hydroxy-4-(methoxymethyl)coumarin,,-1.0,
ENSMUSG00000038046-S,L-Val-L-Leu,,-1.0,
ENSMUSG00000038065-S,"2-Methylcyclohexanol, (Z)",,1.0,
ENSMUSG00000038065-S,3-(4-Methoxyphenyl)coumarin,,1.0,
ENSMUSG00000038065-S,L-Val-L-Leu,,1.0,
ENSMUSG00000038115-S,4-tert-Butyldimethylsiloxy-3-penten-2-one,,-1.0,
ENSMUSG00000038115-S,7-Hydroxy-4-(methoxymethyl)coumarin,,-1.0,
ENSMUSG00000038115-S,Adipoyl-L-carnitine,,-1.0,
ENSMUSG00000038115-S,Octacosanol,,-1.0,
ENSMUSG00000038115-S,Stearic acid,,-1.0,
ENSMUSG00000038168-S,4-tert-Butyldimethylsiloxy-3-penten-2-one,,-1.0,
ENSMUSG00000038168-S,7-Hydroxy-4-(methoxymethyl)coumarin,,-1.0,
ENSMUSG00000038168-S,L-(+)-Threose,,-1.0,
ENSMUSG00000038168-S,tert-butyl(dimethyl)silyl-2-([tert-butyl(dimethyl)silyl]oxy)hex-2-enoate,,-1.0,
ENSMUSG00000038365-S,3-(4-Methoxyphenyl)coumarin,,1.0,
ENSMUSG00000038365-S,7-Hydroxy-4-(methoxymethyl)coumarin,,1.0,
ENSMUSG00000038374-S,3-(4-Methoxyphenyl)coumarin,,1.0,
ENSMUSG00000038374-S,Palmitic Acid,,1.0,
ENSMUSG00000038374-S,tert-butyl(dimethyl)silyl-2-([tert-butyl(dimethyl)silyl]oxy)hex-2-enoate,,1.0,
ENSMUSG00000038503-S,3-(4-Methoxyphenyl)coumarin,,1.0,
ENSMUSG00000038503-S,tert-butyl(dimethyl)silyl-2-([tert-butyl(dimethyl)silyl]oxy)hex-2-enoate,,1.0,
ENSMUSG00000038524-S,3-(4-Methoxyphenyl)coumarin,,1.0,
ENSMUSG00000038524-S,L-Val-L-Leu,,1.0,
ENSMUSG00000038563-S,Butyric Acid,1.0,-1.0,-1
ENSMUSG00000038563-S,L-Val-L-Leu,,-1.0,
ENSMUSG00000038564-S,"2-Methylcyclohexylamine, tert.-butyldimethylsilyl ether",,1.0,
ENSMUSG00000038564-S,4-tert-Butyldimethylsiloxy-3-penten-2-one,,1.0,
ENSMUSG00000038564-S,7-Hydroxy-4-(methoxymethyl)coumarin,,1.0,
ENSMUSG00000038564-S,L-(+)-Threose,,1.0,
ENSMUSG00000038564-S,tert-butyl(dimethyl)silyl-2-([tert-butyl(dimethyl)silyl]oxy)hex-2-enoate,,1.0,
ENSMUSG00000038602-S,L-Val-L-Leu,,-1.0,
ENSMUSG00000038602-S,tert-butyl(dimethyl)silyl-2-([tert-butyl(dimethyl)silyl]oxy)hex-2-enoate,,-1.0,
ENSMUSG00000038665-S,L-Valine,,-1.0,
ENSMUSG00000038665-S,Xylazine,-1.0,-1.0,1
ENSMUSG00000038677-S,Benzeneacetic acid,,-1.0,
ENSMUSG00000038773-S,4-tert-Butyldimethylsiloxy-3-penten-2-one,,-1.0,
ENSMUSG00000038773-S,Octacosanol,,-1.0,
ENSMUSG00000038780-S,Trimethylolpropane,1.0,-1.0,-1
ENSMUSG00000038884-S,4-tert-Butyldimethylsiloxy-3-penten-2-one,,-1.0,
ENSMUSG00000038884-S,7-Hydroxy-4-(methoxymethyl)coumarin,,-1.0,
ENSMUSG00000038884-S,L-(+)-Threose,,-1.0,
ENSMUSG00000038884-S,Norephedrine,,-1.0,
ENSMUSG00000038884-S,tert-butyl(dimethyl)silyl-2-([tert-butyl(dimethyl)silyl]oxy)hex-2-enoate,,-1.0,
ENSMUSG00000038894-S,3-(4-Methoxyphenyl)coumarin,,1.0,
ENSMUSG00000038894-S,7-Hydroxy-4-(methoxymethyl)coumarin,,1.0,
ENSMUSG00000038894-S,L-(+)-Threose,,1.0,
ENSMUSG00000038970-S,4-tert-Butyldimethylsiloxy-3-penten-2-one,,-1.0,
ENSMUSG00000038970-S,7-Hydroxy-4-(methoxymethyl)coumarin,,-1.0,
ENSMUSG00000038970-S,tert-butyl(dimethyl)silyl-2-([tert-butyl(dimethyl)silyl]oxy)hex-2-enoate,,-1.0,
ENSMUSG00000038984-S,4-Methylvaleric acid,,-1.0,
ENSMUSG00000038984-S,4-tert-Butyldimethylsiloxy-3-penten-2-one,,-1.0,
ENSMUSG00000038984-S,Adipoyl-L-carnitine,,-1.0,
ENSMUSG00000038984-S,Lupinine,,-1.0,
ENSMUSG00000038984-S,Methyl lactate,,-1.0,
ENSMUSG00000039202-S,3-(4-Methoxyphenyl)coumarin,,-1.0,
ENSMUSG00000039202-S,Hexacosanoic acid,1.0,-1.0,-1
ENSMUSG00000039202-S,L-(+)-Threose,,-1.0,
ENSMUSG00000039375-S,4-tert-Butyldimethylsiloxy-3-penten-2-one,,-1.0,
ENSMUSG00000039375-S,Adipoyl-L-carnitine,,-1.0,
ENSMUSG00000039375-S,Lupinine,,-1.0,
ENSMUSG00000039611-S,"2-Methylcyclohexanol, (Z)",,1.0,
ENSMUSG00000039611-S,3-(4-Methoxyphenyl)coumarin,,1.0,
ENSMUSG00000039611-S,L-(+)-Threose,,1.0,
ENSMUSG00000039611-S,L-Val-L-Leu,,1.0,
ENSMUSG00000039629-S,3-(4-Methoxyphenyl)coumarin,,-1.0,
ENSMUSG00000039629-S,"l-Norvaline, n-propargyloxycarbonyl-, isohexyl ester",1.0,-1.0,-1
ENSMUSG00000039629-S,L-Val-L-Leu,,-1.0,
ENSMUSG00000039637-S,"(2,5-Dimethoxyphenyl)acetone",1.0,-1.0,-1
ENSMUSG00000039637-S,3-(4-Methoxyphenyl)coumarin,,-1.0,
ENSMUSG00000039637-S,L-(+)-Threose,,-1.0,
ENSMUSG00000039637-S,tert-butyl(dimethyl)silyl-2-([tert-butyl(dimethyl)silyl]oxy)hex-2-enoate,,-1.0,
ENSMUSG00000039715-S,4-tert-Butyldimethylsiloxy-3-penten-2-one,,-1.0,
ENSMUSG00000039715-S,7-Hydroxy-4-(methoxymethyl)coumarin,,-1.0,
ENSMUSG00000039715-S,Monocaproin,,-1.0,
ENSMUSG00000039715-S,tert-butyl(dimethyl)silyl-2-([tert-butyl(dimethyl)silyl]oxy)hex-2-enoate,,-1.0,
ENSMUSG00000039716-S,"2-Methylcyclohexylamine, tert.-butyldimethylsilyl ether",,-1.0,
ENSMUSG00000039716-S,3-(4-Methoxyphenyl)coumarin,,-1.0,
ENSMUSG00000039716-S,L-(+)-Threose,,-1.0,
ENSMUSG00000039771-S,"2,6-di-tert-Butyl-4-(dimethylaminomethyl)phenol",,1.0,
ENSMUSG00000039771-S,7-Hydroxy-4-(methoxymethyl)coumarin,,1.0,
ENSMUSG00000039771-S,L-Val-L-Leu,,1.0,
ENSMUSG00000039804-S,4-tert-Butyldimethylsiloxy-3-penten-2-one,,1.0,
ENSMUSG00000039804-S,Adipoyl-L-carnitine,,1.0,
ENSMUSG00000039804-S,L-(+)-Threose,,1.0,
ENSMUSG00000039804-S,Supraene,,1.0,
ENSMUSG00000039954-S,3-(4-Methoxyphenyl)coumarin,,-1.0,
ENSMUSG00000039960-S,"(2R)-Pyrrolidine-1,2-dicarboxylic acid, bis(tert-butyldimethylsilyl) ester",,1.0,
ENSMUSG00000039960-S,7-Hydroxy-4-(methoxymethyl)coumarin,,1.0,
ENSMUSG00000039960-S,"Erythrono-1,4-lactone",-1.0,1.0,-1
ENSMUSG00000039960-S,L-Val-L-Leu,,1.0,
ENSMUSG00000039960-S,Sulindac,,1.0,
ENSMUSG00000039960-S,tert-butyl(dimethyl)silyl-2-([tert-butyl(dimethyl)silyl]oxy)hex-2-enoate,,1.0,
ENSMUSG00000039982-S,7-Hydroxy-4-(methoxymethyl)coumarin,,1.0,
ENSMUSG00000040055-S,L-(+)-Threose,,1.0,
ENSMUSG00000040055-S,L-Val-L-Leu,,1.0,
ENSMUSG00000040055-S,tert-butyl(dimethyl)silyl-2-([tert-butyl(dimethyl)silyl]oxy)hex-2-enoate,,1.0,
ENSMUSG00000040112-S,"2-Methylcyclohexylamine, tert.-butyldimethylsilyl ether",,1.0,
ENSMUSG00000040112-S,3-(4-Methoxyphenyl)coumarin,,1.0,
ENSMUSG00000040112-S,L-(+)-Threose,,1.0,
ENSMUSG00000040219-S,3-(4-Methoxyphenyl)coumarin,,-1.0,
ENSMUSG00000040219-S,7-Hydroxy-4-(methoxymethyl)coumarin,,-1.0,
ENSMUSG00000040219-S,L-(+)-Threose,,-1.0,
ENSMUSG00000040219-S,Leucylglycine,,-1.0,
ENSMUSG00000040236-S,"2,6-di-tert-Butyl-4-(dimethylaminomethyl)phenol",,1.0,
ENSMUSG00000040236-S,7-Hydroxy-4-(methoxymethyl)coumarin,,1.0,
ENSMUSG00000040236-S,L-Val-L-Leu,,1.0,
ENSMUSG00000040272-S,3-(4-Methoxyphenyl)coumarin,,-1.0,
ENSMUSG00000040272-S,L-Val-L-Leu,,-1.0,
ENSMUSG00000040289-S,"2-Methylcyclohexylamine, tert.-butyldimethylsilyl ether",,-1.0,
ENSMUSG00000040289-S,3-(4-Methoxyphenyl)coumarin,,-1.0,
ENSMUSG00000040289-S,L-(+)-Threose,,-1.0,
ENSMUSG00000040380-S,4-tert-Butyldimethylsiloxy-3-penten-2-one,,-1.0,
ENSMUSG00000040380-S,L-Val-L-Leu,,-1.0,
ENSMUSG00000040659-S,4-tert-Butyldimethylsiloxy-3-penten-2-one,,1.0,
ENSMUSG00000040659-S,tert-butyl(dimethyl)silyl-2-([tert-butyl(dimethyl)silyl]oxy)hex-2-enoate,,1.0,
ENSMUSG00000040759-S,3-(4-Methoxyphenyl)coumarin,,1.0,
ENSMUSG00000040759-S,7-Hydroxy-4-(methoxymethyl)coumarin,,1.0,
ENSMUSG00000040850-S,L-Val-L-Leu,,-1.0,
ENSMUSG00000040850-S,tert-butyl(dimethyl)silyl-2-([tert-butyl(dimethyl)silyl]oxy)hex-2-enoate,,-1.0,
ENSMUSG00000040875-S,3-(4-Methoxyphenyl)coumarin,,-1.0,
ENSMUSG00000040875-S,L-(+)-Threose,,-1.0,
ENSMUSG00000040875-S,L-Val-L-Leu,,-1.0,
ENSMUSG00000040875-S,Phytanic acid,,-1.0,
ENSMUSG00000040913-S,Lupinine,,-1.0,
ENSMUSG00000040913-S,L-Val-L-Leu,,-1.0,
ENSMUSG00000040913-S,tert-butyl(dimethyl)silyl-2-([tert-butyl(dimethyl)silyl]oxy)hex-2-enoate,,-1.0,
ENSMUSG00000041236-S,3-(4-Methoxyphenyl)coumarin,,1.0,
ENSMUSG00000041261-S,3-(4-Methoxyphenyl)coumarin,,-1.0,
ENSMUSG00000041261-S,7-Hydroxy-4-(methoxymethyl)coumarin,,-1.0,
ENSMUSG00000041261-S,L-(+)-Threose,,-1.0,
ENSMUSG00000041261-S,Octacosanol,,-1.0,
ENSMUSG00000041272-S,4-tert-Butyldimethylsiloxy-3-penten-2-one,,1.0,
ENSMUSG00000041272-S,tert-butyl(dimethyl)silyl-2-([tert-butyl(dimethyl)silyl]oxy)hex-2-enoate,,1.0,
ENSMUSG00000041298-S,3-(4-Methoxyphenyl)coumarin,,1.0,
ENSMUSG00000041298-S,L-Val-L-Leu,,1.0,
ENSMUSG00000041354-S,7-Hydroxy-4-(methoxymethyl)coumarin,,-1.0,
ENSMUSG00000041380-S,3-(4-Methoxyphenyl)coumarin,,-1.0,
ENSMUSG00000041380-S,L-(+)-Threose,,-1.0,
ENSMUSG00000041380-S,tert-butyl(dimethyl)silyl-2-([tert-butyl(dimethyl)silyl]oxy)hex-2-enoate,,-1.0,
ENSMUSG00000041439-S,4-tert-Butyldimethylsiloxy-3-penten-2-one,,1.0,
ENSMUSG00000041439-S,L-(+)-Threose,,1.0,
ENSMUSG00000041439-S,L-Val-L-Leu,,1.0,
ENSMUSG00000041488-S,4-tert-Butyldimethylsiloxy-3-penten-2-one,,-1.0,
ENSMUSG00000041488-S,7-Hydroxy-4-(methoxymethyl)coumarin,,-1.0,
ENSMUSG00000041488-S,tert-butyl(dimethyl)silyl-2-([tert-butyl(dimethyl)silyl]oxy)hex-2-enoate,,-1.0,
ENSMUSG00000041515-S,3-(4-Methoxyphenyl)coumarin,,-1.0,
ENSMUSG00000041515-S,7-Hydroxy-4-(methoxymethyl)coumarin,,-1.0,
ENSMUSG00000041515-S,L-(+)-Threose,,-1.0,
ENSMUSG00000041528-S,3-(4-Methoxyphenyl)coumarin,,-1.0,
ENSMUSG00000041528-S,L-(+)-Threose,,-1.0,
ENSMUSG00000041528-S,L-Val-L-Leu,,-1.0,
ENSMUSG00000041608-S,3-(4-Methoxyphenyl)coumarin,,-1.0,
ENSMUSG00000041710-S,L-Val-L-Leu,,1.0,
ENSMUSG00000041710-S,tert-butyl(dimethyl)silyl-2-([tert-butyl(dimethyl)silyl]oxy)hex-2-enoate,,1.0,
ENSMUSG00000041712-S,3-(4-Methoxyphenyl)coumarin,,-1.0,
ENSMUSG00000041712-S,L-(+)-Threose,,-1.0,
ENSMUSG00000041712-S,tert-butyl(dimethyl)silyl-2-([tert-butyl(dimethyl)silyl]oxy)hex-2-enoate,,-1.0,
ENSMUSG00000041911-S,"3,4-Methylenedioxyamphetamine",1.0,1.0,1
ENSMUSG00000041911-S,4-tert-Butyldimethylsiloxy-3-penten-2-one,,1.0,
ENSMUSG00000041911-S,tert-butyl(dimethyl)silyl-2-([tert-butyl(dimethyl)silyl]oxy)hex-2-enoate,,1.0,
ENSMUSG00000041992-S,Benzeneacetic acid,,1.0,
ENSMUSG00000041992-S,L-(+)-Threose,,1.0,
ENSMUSG00000041992-S,L-Val-L-Leu,,1.0,
ENSMUSG00000042063-S,L-(+)-Threose,,1.0,
ENSMUSG00000042063-S,L-Val-L-Leu,,1.0,
ENSMUSG00000042063-S,Supraene,,1.0,
ENSMUSG00000042063-S,tert-butyl(dimethyl)silyl-2-([tert-butyl(dimethyl)silyl]oxy)hex-2-enoate,,1.0,
ENSMUSG00000042202-S,4-tert-Butyldimethylsiloxy-3-penten-2-one,,-1.0,
ENSMUSG00000042202-S,Sulindac,,-1.0,
ENSMUSG00000042202-S,tert-butyl(dimethyl)silyl-2-([tert-butyl(dimethyl)silyl]oxy)hex-2-enoate,,-1.0,
ENSMUSG00000042203-S,3-(4-Methoxyphenyl)coumarin,,1.0,
ENSMUSG00000042203-S,L-(+)-Threose,,1.0,
ENSMUSG00000042216-S,3-(4-Methoxyphenyl)coumarin,,1.0,
ENSMUSG00000042216-S,L-(+)-Threose,,1.0,
ENSMUSG00000042216-S,L-Val-L-Leu,,1.0,
ENSMUSG00000042258-S,3-(4-Methoxyphenyl)coumarin,,-1.0,
ENSMUSG00000042258-S,6-Oxoheptanoic acid,,-1.0,
ENSMUSG00000042258-S,L-(+)-Threose,,-1.0,
ENSMUSG00000042258-S,L-Val-L-Leu,,-1.0,
ENSMUSG00000042312-S,3-(4-Methoxyphenyl)coumarin,,-1.0,
ENSMUSG00000042312-S,7-Hydroxy-4-(methoxymethyl)coumarin,,-1.0,
ENSMUSG00000042312-S,Methanesulfonic acid,1.0,-1.0,-1
ENSMUSG00000042350-S,3-(4-Methoxyphenyl)coumarin,,-1.0,
ENSMUSG00000042350-S,Adipoyl-L-carnitine,,-1.0,
ENSMUSG00000042350-S,Octanoic acid,,-1.0,
ENSMUSG00000042359-S,3-(4-Methoxyphenyl)coumarin,,1.0,
ENSMUSG00000042359-S,L-(+)-Threose,,1.0,
ENSMUSG00000042359-S,L-Val-L-Leu,,1.0,
ENSMUSG00000042417-S,7-Hydroxy-4-(methoxymethyl)coumarin,,-1.0,
ENSMUSG00000042510-S,2-Butoxyethanol,1.0,-1.0,-1
ENSMUSG00000042510-S,3-(4-Methoxyphenyl)coumarin,,-1.0,
ENSMUSG00000042510-S,7-Hydroxy-4-(methoxymethyl)coumarin,,-1.0,
ENSMUSG00000042510-S,L-(+)-Threose,,-1.0,
ENSMUSG00000042510-S,L-Val-L-Leu,,-1.0,
ENSMUSG00000042510-S,Trimethylolpropane,1.0,-1.0,-1
ENSMUSG00000042644-S,3-(4-Methoxyphenyl)coumarin,,-1.0,
ENSMUSG00000042854-S,4-tert-Butyldimethylsiloxy-3-penten-2-one,,1.0,
ENSMUSG00000042854-S,7-Hydroxy-4-(methoxymethyl)coumarin,,1.0,
ENSMUSG00000042942-S,"2-Methylcyclohexylamine, tert.-butyldimethylsilyl ether",,1.0,
ENSMUSG00000042942-S,3-(4-Methoxyphenyl)coumarin,,1.0,
ENSMUSG00000042942-S,7-Hydroxy-4-(methoxymethyl)coumarin,,1.0,
ENSMUSG00000042942-S,L-(+)-Threose,,1.0,
ENSMUSG00000043207-S,L-Val-L-Leu,,1.0,
ENSMUSG00000043207-S,tert-butyl(dimethyl)silyl-2-([tert-butyl(dimethyl)silyl]oxy)hex-2-enoate,,1.0,
ENSMUSG00000043311-S,"2-Butene-1,4-diol",,-1.0,
ENSMUSG00000043311-S,2-Cyanobenzaldehyde,,-1.0,
ENSMUSG00000043311-S,4-tert-Butyldimethylsiloxy-3-penten-2-one,,-1.0,
ENSMUSG00000043311-S,L-Val-L-Leu,,-1.0,
ENSMUSG00000043388-S,3-(4-Methoxyphenyl)coumarin,,1.0,
ENSMUSG00000043388-S,7-Hydroxy-4-(methoxymethyl)coumarin,,1.0,
ENSMUSG00000043388-S,L-(+)-Threose,,1.0,
ENSMUSG00000043909-S,3-(4-Methoxyphenyl)coumarin,,1.0,
ENSMUSG00000043909-S,tert-butyl(dimethyl)silyl-2-([tert-butyl(dimethyl)silyl]oxy)hex-2-enoate,,1.0,
ENSMUSG00000043924-S,3-(4-Methoxyphenyl)coumarin,,-1.0,
ENSMUSG00000043924-S,L-Val-L-Leu,,-1.0,
ENSMUSG00000044149-S,3-(4-Methoxyphenyl)coumarin,,1.0,
ENSMUSG00000044149-S,7-Hydroxy-4-(methoxymethyl)coumarin,,1.0,
ENSMUSG00000044149-S,L-(+)-Threose,,1.0,
ENSMUSG00000044348-S,3-(4-Methoxyphenyl)coumarin,,-1.0,
ENSMUSG00000044499-S,Benzeneacetic acid,,-1.0,
ENSMUSG00000044499-S,L-Val-L-Leu,,-1.0,
ENSMUSG00000044501-S,3-(4-Methoxyphenyl)coumarin,,1.0,
ENSMUSG00000044501-S,L-(+)-Threose,,1.0,
ENSMUSG00000044700-S,3-(4-Methoxyphenyl)coumarin,,-1.0,
ENSMUSG00000044700-S,tert-butyl(dimethyl)silyl-2-([tert-butyl(dimethyl)silyl]oxy)hex-2-enoate,,-1.0,
ENSMUSG00000044709-S,7-Hydroxy-4-(methoxymethyl)coumarin,,1.0,
ENSMUSG00000044709-S,L-Val-L-Leu,,1.0,
ENSMUSG00000044709-S,tert-butyl(dimethyl)silyl-2-([tert-butyl(dimethyl)silyl]oxy)hex-2-enoate,,1.0,
ENSMUSG00000045027-S,3-(4-Methoxyphenyl)coumarin,,-1.0,
ENSMUSG00000045027-S,3-Amino-5-methylisoxazole,,-1.0,
ENSMUSG00000045027-S,L-(+)-Threose,,-1.0,
ENSMUSG00000045027-S,tert-butyl(dimethyl)silyl-2-([tert-butyl(dimethyl)silyl]oxy)hex-2-enoate,,-1.0,
ENSMUSG00000045062-S,L-Val-L-Leu,,-1.0,
ENSMUSG00000045107-S,L-Val-L-Leu,,1.0,
ENSMUSG00000045136-S,4-tert-Butyldimethylsiloxy-3-penten-2-one,,1.0,
ENSMUSG00000045136-S,Octanoic acid,,1.0,
ENSMUSG00000045237-S,L-(+)-Threose,,1.0,
ENSMUSG00000045275-S,4-tert-Butyldimethylsiloxy-3-penten-2-one,,-1.0,
ENSMUSG00000045275-S,tert-butyl(dimethyl)silyl-2-([tert-butyl(dimethyl)silyl]oxy)hex-2-enoate,,-1.0,
ENSMUSG00000045573-S,3-(4-Methoxyphenyl)coumarin,,-1.0,
ENSMUSG00000045573-S,Adipoyl-L-carnitine,,-1.0,
ENSMUSG00000045672-S,"1-(1-Hydroxybutyl)-2,5-dimethoxybenzene",,-1.0,
ENSMUSG00000045672-S,3-(4-Methoxyphenyl)coumarin,,-1.0,
ENSMUSG00000045672-S,7-Hydroxy-4-(methoxymethyl)coumarin,,-1.0,
ENSMUSG00000045672-S,L-(+)-Threose,,-1.0,
ENSMUSG00000045672-S,L-Val-L-Leu,,-1.0,
ENSMUSG00000045690-S,"2,4-Di-tert-butylphenol",-1.0,-1.0,1
ENSMUSG00000045690-S,4-tert-Butyldimethylsiloxy-3-penten-2-one,,-1.0,
ENSMUSG00000045690-S,Lupinine,,-1.0,
ENSMUSG00000045690-S,L-Val-L-Leu,,-1.0,
ENSMUSG00000045731-S,"2-Methylcyclohexylamine, tert.-butyldimethylsilyl ether",,1.0,
ENSMUSG00000045731-S,4-tert-Butyldimethylsiloxy-3-penten-2-one,,1.0,
ENSMUSG00000045731-S,L-(+)-Threose,,1.0,
ENSMUSG00000045731-S,tert-butyl(dimethyl)silyl-2-([tert-butyl(dimethyl)silyl]oxy)hex-2-enoate,,1.0,
ENSMUSG00000045838-S,3-(4-Methoxyphenyl)coumarin,,1.0,
ENSMUSG00000045838-S,L-Val-L-Leu,,1.0,
ENSMUSG00000045948-S,3-(4-Methoxyphenyl)coumarin,,1.0,
ENSMUSG00000045948-S,L-(+)-Threose,,1.0,
ENSMUSG00000045948-S,Phenol,,1.0,
ENSMUSG00000045948-S,tert-butyl(dimethyl)silyl-2-([tert-butyl(dimethyl)silyl]oxy)hex-2-enoate,,1.0,
ENSMUSG00000046109-S,4-tert-Butyldimethylsiloxy-3-penten-2-one,,-1.0,
ENSMUSG00000046109-S,tert-butyl(dimethyl)silyl-2-([tert-butyl(dimethyl)silyl]oxy)hex-2-enoate,,-1.0,
ENSMUSG00000046178-S,7-Hydroxy-4-(methoxymethyl)coumarin,,1.0,
ENSMUSG00000046191-S,3-(4-Methoxyphenyl)coumarin,,-1.0,
ENSMUSG00000046280-S,"5-Chlorovaleric acid, nonyl ester",,-1.0,
ENSMUSG00000046280-S,7-Hydroxy-4-(methoxymethyl)coumarin,,-1.0,
ENSMUSG00000046280-S,Benzeneacetic acid,,-1.0,
ENSMUSG00000046480-S,3-(4-Methoxyphenyl)coumarin,,-1.0,
ENSMUSG00000046480-S,L-(+)-Threose,,-1.0,
ENSMUSG00000046561-S,3-(4-Methoxyphenyl)coumarin,,1.0,
ENSMUSG00000046561-S,L-(+)-Threose,,1.0,
ENSMUSG00000046613-S,2-Cyanobenzaldehyde,,-1.0,
ENSMUSG00000046613-S,4-tert-Butyldimethylsiloxy-3-penten-2-one,,-1.0,
ENSMUSG00000046613-S,L-Val-L-Leu,,-1.0,
ENSMUSG00000046785-S,"3,4-Methylenedioxyamphetamine",1.0,1.0,1
ENSMUSG00000046785-S,L-Valine,,1.0,
ENSMUSG00000047085-S,2-Cyanobenzaldehyde,,-1.0,
ENSMUSG00000047085-S,4-tert-Butyldimethylsiloxy-3-penten-2-one,,-1.0,
ENSMUSG00000047085-S,L-Val-L-Leu,,-1.0,
ENSMUSG00000047181-S,"1-(1-Hydroxybutyl)-2,5-dimethoxybenzene",,1.0,
ENSMUSG00000047181-S,4-tert-Butyldimethylsiloxy-3-penten-2-one,,1.0,
ENSMUSG00000047181-S,7-Hydroxy-4-(methoxymethyl)coumarin,,1.0,
ENSMUSG00000047307-S,4-tert-Butyldimethylsiloxy-3-penten-2-one,,-1.0,
ENSMUSG00000047307-S,7-Hydroxy-4-(methoxymethyl)coumarin,,-1.0,
ENSMUSG00000047368-S,4-tert-Butyldimethylsiloxy-3-penten-2-one,,1.0,
ENSMUSG00000047368-S,7-Hydroxy-4-(methoxymethyl)coumarin,,1.0,
ENSMUSG00000047368-S,Octacosanol,,1.0,
ENSMUSG00000047539-S,"2,4-Di-tert-butylphenol",-1.0,1.0,-1
ENSMUSG00000047539-S,4-tert-Butyldimethylsiloxy-3-penten-2-one,,1.0,
ENSMUSG00000047539-S,tert-butyl(dimethyl)silyl-2-([tert-butyl(dimethyl)silyl]oxy)hex-2-enoate,,1.0,
ENSMUSG00000047591-S,3-(4-Methoxyphenyl)coumarin,,-1.0,
ENSMUSG00000047591-S,L-(+)-Threose,,-1.0,
ENSMUSG00000047591-S,L-Val-L-Leu,,-1.0,
ENSMUSG00000047604-S,3-(4-Methoxyphenyl)coumarin,,1.0,
ENSMUSG00000047604-S,L-Val-L-Leu,,1.0,
ENSMUSG00000047649-S,4-tert-Butyldimethylsiloxy-3-penten-2-one,,-1.0,
ENSMUSG00000047649-S,7-Hydroxy-4-(methoxymethyl)coumarin,,-1.0,
ENSMUSG00000047935-S,4-tert-Butyldimethylsiloxy-3-penten-2-one,,-1.0,
ENSMUSG00000047935-S,L-(+)-Threose,,-1.0,
ENSMUSG00000047935-S,tert-butyl(dimethyl)silyl-2-([tert-butyl(dimethyl)silyl]oxy)hex-2-enoate,,-1.0,
ENSMUSG00000048038-S,"2-Butene-1,4-diol",,-1.0,
ENSMUSG00000048038-S,3-(4-Methoxyphenyl)coumarin,,-1.0,
ENSMUSG00000048038-S,L-(+)-Threose,,-1.0,
ENSMUSG00000048038-S,L-Val-L-Leu,,-1.0,
ENSMUSG00000048126-S,4-tert-Butyldimethylsiloxy-3-penten-2-one,,1.0,
ENSMUSG00000048126-S,L-Val-L-Leu,,1.0,
ENSMUSG00000048186-S,7-Hydroxy-4-(methoxymethyl)coumarin,,-1.0,
ENSMUSG00000048186-S,L-Val-L-Leu,,-1.0,
ENSMUSG00000048186-S,tert-butyl(dimethyl)silyl-2-([tert-butyl(dimethyl)silyl]oxy)hex-2-enoate,,-1.0,
ENSMUSG00000048218-S,4-tert-Butyldimethylsiloxy-3-penten-2-one,,1.0,
ENSMUSG00000048218-S,7-Hydroxy-4-(methoxymethyl)coumarin,,1.0,
ENSMUSG00000048546-S,"2,4-Di-tert-butylphenol",-1.0,1.0,-1
ENSMUSG00000048546-S,3-(4-Methoxyphenyl)coumarin,,1.0,
ENSMUSG00000048546-S,tert-butyl(dimethyl)silyl-2-([tert-butyl(dimethyl)silyl]oxy)hex-2-enoate,,1.0,
ENSMUSG00000048782-S,3-(4-Methoxyphenyl)coumarin,,-1.0,
ENSMUSG00000048782-S,L-(+)-Threose,,-1.0,
ENSMUSG00000048782-S,tert-butyl(dimethyl)silyl-2-([tert-butyl(dimethyl)silyl]oxy)hex-2-enoate,,-1.0,
ENSMUSG00000049047-S,4-tert-Butyldimethylsiloxy-3-penten-2-one,,1.0,
ENSMUSG00000049047-S,tert-butyl(dimethyl)silyl-2-([tert-butyl(dimethyl)silyl]oxy)hex-2-enoate,,1.0,
ENSMUSG00000049124-S,3-(4-Methoxyphenyl)coumarin,,1.0,
ENSMUSG00000049124-S,L-(+)-Threose,,1.0,
ENSMUSG00000049124-S,L-Val-L-Leu,,1.0,
ENSMUSG00000049643-S,"2,3-Dihydroxybutanoic acid",-1.0,1.0,-1
ENSMUSG00000049643-S,3-(4-Methoxyphenyl)coumarin,,1.0,
ENSMUSG00000049643-S,7-Hydroxy-4-(methoxymethyl)coumarin,,1.0,
ENSMUSG00000050002-S,3-(4-Methoxyphenyl)coumarin,,1.0,
ENSMUSG00000050002-S,tert-butyl(dimethyl)silyl-2-([tert-butyl(dimethyl)silyl]oxy)hex-2-enoate,,1.0,
ENSMUSG00000050240-S,4-tert-Butyldimethylsiloxy-3-penten-2-one,,-1.0,
ENSMUSG00000050240-S,Octacosanol,,-1.0,
ENSMUSG00000050272-S,4-tert-Butyldimethylsiloxy-3-penten-2-one,,1.0,
ENSMUSG00000050272-S,tert-butyl(dimethyl)silyl-2-([tert-butyl(dimethyl)silyl]oxy)hex-2-enoate,,1.0,
ENSMUSG00000050315-S,7-Hydroxy-4-(methoxymethyl)coumarin,,-1.0,
ENSMUSG00000050473-S,4-tert-Butyldimethylsiloxy-3-penten-2-one,,-1.0,
ENSMUSG00000050473-S,L-Val-L-Leu,,-1.0,
ENSMUSG00000050549-S,4-tert-Butyldimethylsiloxy-3-penten-2-one,,-1.0,
ENSMUSG00000050549-S,Octanoic acid,,-1.0,
ENSMUSG00000050552-S,7-Hydroxy-4-(methoxymethyl)coumarin,,1.0,
ENSMUSG00000050587-S,4-tert-Butyldimethylsiloxy-3-penten-2-one,,-1.0,
ENSMUSG00000050587-S,7-Hydroxy-4-(methoxymethyl)coumarin,,-1.0,
ENSMUSG00000050587-S,Adipoyl-L-carnitine,,-1.0,
ENSMUSG00000050711-S,3-(4-Methoxyphenyl)coumarin,,1.0,
ENSMUSG00000050711-S,7-Hydroxy-4-(methoxymethyl)coumarin,,1.0,
ENSMUSG00000050973-S,3-(4-Methoxyphenyl)coumarin,,-1.0,
ENSMUSG00000050973-S,7-Hydroxy-4-(methoxymethyl)coumarin,,-1.0,
ENSMUSG00000050973-S,L-(+)-Threose,,-1.0,
ENSMUSG00000051451-S,3-(4-Methoxyphenyl)coumarin,,-1.0,
ENSMUSG00000051451-S,tert-butyl(dimethyl)silyl-2-([tert-butyl(dimethyl)silyl]oxy)hex-2-enoate,,-1.0,
ENSMUSG00000051615-S,L-Val-L-Leu,,1.0,
ENSMUSG00000051674-S,"2,4-Di-tert-butylphenol",-1.0,1.0,-1
ENSMUSG00000051674-S,4-tert-Butyldimethylsiloxy-3-penten-2-one,,1.0,
ENSMUSG00000051674-S,L-(+)-Threose,,1.0,
ENSMUSG00000051674-S,Sulindac,,1.0,
ENSMUSG00000051674-S,tert-butyl(dimethyl)silyl-2-([tert-butyl(dimethyl)silyl]oxy)hex-2-enoate,,1.0,
ENSMUSG00000051811-S,4-tert-Butyldimethylsiloxy-3-penten-2-one,,-1.0,
ENSMUSG00000051811-S,L-(+)-Threose,,-1.0,
ENSMUSG00000051811-S,tert-butyl(dimethyl)silyl-2-([tert-butyl(dimethyl)silyl]oxy)hex-2-enoate,,-1.0,
ENSMUSG00000052336-S,3-(4-Methoxyphenyl)coumarin,,-1.0,
ENSMUSG00000052336-S,L-(+)-Threose,,-1.0,
ENSMUSG00000052336-S,tert-butyl(dimethyl)silyl-2-([tert-butyl(dimethyl)silyl]oxy)hex-2-enoate,,-1.0,
ENSMUSG00000052593-S,4-tert-Butyldimethylsiloxy-3-penten-2-one,,-1.0,
ENSMUSG00000052593-S,Octanoic acid,,-1.0,
ENSMUSG00000052593-S,tert-butyl(dimethyl)silyl-2-([tert-butyl(dimethyl)silyl]oxy)hex-2-enoate,,-1.0,
ENSMUSG00000052712-S,4-tert-Butyldimethylsiloxy-3-penten-2-one,,-1.0,
ENSMUSG00000052712-S,tert-butyl(dimethyl)silyl-2-([tert-butyl(dimethyl)silyl]oxy)hex-2-enoate,,-1.0,
ENSMUSG00000052848-S,3-(4-Methoxyphenyl)coumarin,,1.0,
ENSMUSG00000052848-S,7-Hydroxy-4-(methoxymethyl)coumarin,,1.0,
ENSMUSG00000053063-S,3-(4-Methoxyphenyl)coumarin,,-1.0,
ENSMUSG00000053063-S,L-(+)-Threose,,-1.0,
ENSMUSG00000053063-S,L-Val-L-Leu,,-1.0,
ENSMUSG00000053192-S,7-Hydroxy-4-(methoxymethyl)coumarin,,1.0,
ENSMUSG00000053192-S,L-Val-L-Leu,,1.0,
ENSMUSG00000053916-S,Benzeneacetic acid,,1.0,
ENSMUSG00000053916-S,L-(+)-Threose,,1.0,
ENSMUSG00000053916-S,L-Val-L-Leu,,1.0,
ENSMUSG00000053980-S,3-(4-Methoxyphenyl)coumarin,,-1.0,
ENSMUSG00000054162-S,3-(4-Methoxyphenyl)coumarin,,-1.0,
ENSMUSG00000054162-S,L-Val-L-Leu,,-1.0,
ENSMUSG00000054484-S,4-tert-Butyldimethylsiloxy-3-penten-2-one,,1.0,
ENSMUSG00000054484-S,6-Oxoheptanoic acid,,1.0,
ENSMUSG00000054484-S,Lupinine,,1.0,
ENSMUSG00000054484-S,L-Val-L-Leu,,1.0,
ENSMUSG00000054690-S,L-(+)-Threose,,-1.0,
ENSMUSG00000055003-S,3-(4-Methoxyphenyl)coumarin,,-1.0,
ENSMUSG00000055003-S,7-Hydroxy-4-(methoxymethyl)coumarin,,-1.0,
ENSMUSG00000055003-S,Durapan,1.0,-1.0,-1
ENSMUSG00000055003-S,Methanesulfonic acid,1.0,-1.0,-1
ENSMUSG00000055003-S,Pinosylvin,1.0,-1.0,-1
ENSMUSG00000055214-S,4-tert-Butyldimethylsiloxy-3-penten-2-one,,-1.0,
ENSMUSG00000055214-S,tert-butyl(dimethyl)silyl-2-([tert-butyl(dimethyl)silyl]oxy)hex-2-enoate,,-1.0,
ENSMUSG00000055692-S,7-Hydroxy-4-(methoxymethyl)coumarin,,-1.0,
ENSMUSG00000055692-S,L-Val-L-Leu,,-1.0,
ENSMUSG00000055692-S,tert-butyl(dimethyl)silyl-2-([tert-butyl(dimethyl)silyl]oxy)hex-2-enoate,,-1.0,
ENSMUSG00000055760-S,3-(4-Methoxyphenyl)coumarin,,-1.0,
ENSMUSG00000055760-S,7-Hydroxy-4-(methoxymethyl)coumarin,,-1.0,
ENSMUSG00000055760-S,Hexacosanoic acid,1.0,-1.0,-1
ENSMUSG00000055760-S,L-(+)-Threose,,-1.0,
ENSMUSG00000056004-S,Benzeneacetic acid,,-1.0,
ENSMUSG00000056004-S,L-Val-L-Leu,,-1.0,
ENSMUSG00000056069-S,Dodecanoic acid,1.0,-1.0,-1
ENSMUSG00000056069-S,Lupinine,,-1.0,
ENSMUSG00000056069-S,L-Val-L-Leu,,-1.0,
ENSMUSG00000056069-S,tert-butyl(dimethyl)silyl-2-([tert-butyl(dimethyl)silyl]oxy)hex-2-enoate,,-1.0,
ENSMUSG00000056076-S,"2,5-Dimethoxyphenol",-1.0,-1.0,1
ENSMUSG00000056076-S,3-(4-Methoxyphenyl)coumarin,,-1.0,
ENSMUSG00000056076-S,L-(+)-Threose,,-1.0,
ENSMUSG00000056076-S,tert-butyl(dimethyl)silyl-2-([tert-butyl(dimethyl)silyl]oxy)hex-2-enoate,,-1.0,
ENSMUSG00000056091-S,4-tert-Butyldimethylsiloxy-3-penten-2-one,,-1.0,
ENSMUSG00000056091-S,Sulindac,,-1.0,
ENSMUSG00000056091-S,tert-butyl(dimethyl)silyl-2-([tert-butyl(dimethyl)silyl]oxy)hex-2-enoate,,-1.0,
ENSMUSG00000056145-S,3-(4-Methoxyphenyl)coumarin,,1.0,
ENSMUSG00000056145-S,L-(+)-Threose,,1.0,
ENSMUSG00000056687-S,L-Val-L-Leu,,-1.0,
ENSMUSG00000056687-S,tert-butyl(dimethyl)silyl-2-([tert-butyl(dimethyl)silyl]oxy)hex-2-enoate,,-1.0,
ENSMUSG00000057098-S,7-Hydroxy-4-(methoxymethyl)coumarin,,-1.0,
ENSMUSG00000057132-S,4-tert-Butyldimethylsiloxy-3-penten-2-one,,1.0,
ENSMUSG00000057132-S,L-Val-L-Leu,,1.0,
ENSMUSG00000057457-S,4-tert-Butyldimethylsiloxy-3-penten-2-one,,-1.0,
ENSMUSG00000057457-S,tert-butyl(dimethyl)silyl-2-([tert-butyl(dimethyl)silyl]oxy)hex-2-enoate,,-1.0,
ENSMUSG00000057969-S,4-tert-Butyldimethylsiloxy-3-penten-2-one,,-1.0,
ENSMUSG00000057969-S,L-Val-L-Leu,,-1.0,
ENSMUSG00000058260-S,4-tert-Butyldimethylsiloxy-3-penten-2-one,,-1.0,
ENSMUSG00000058260-S,tert-butyl(dimethyl)silyl-2-([tert-butyl(dimethyl)silyl]oxy)hex-2-enoate,,-1.0,
ENSMUSG00000058498-S,7-Hydroxy-4-(methoxymethyl)coumarin,,-1.0,
ENSMUSG00000058498-S,Benzeneacetic acid,,-1.0,
ENSMUSG00000058669-S,3-(4-Methoxyphenyl)coumarin,,-1.0,
ENSMUSG00000058669-S,L-(+)-Threose,,-1.0,
ENSMUSG00000059534-S,L-Val-L-Leu,,1.0,
ENSMUSG00000059534-S,tert-butyl(dimethyl)silyl-2-([tert-butyl(dimethyl)silyl]oxy)hex-2-enoate,,1.0,
ENSMUSG00000059751-S,4-tert-Butyldimethylsiloxy-3-penten-2-one,,1.0,
ENSMUSG00000059751-S,L-Val-L-Leu,,1.0,
ENSMUSG00000060862-S,L-(+)-Threose,,1.0,
ENSMUSG00000060862-S,Trimethylolpropane,1.0,1.0,1
ENSMUSG00000060988-S,3-(4-Methoxyphenyl)coumarin,,-1.0,
ENSMUSG00000060988-S,L-Val-L-Leu,,-1.0,
ENSMUSG00000061207-S,3-(4-Methoxyphenyl)coumarin,,1.0,
ENSMUSG00000061207-S,tert-butyl(dimethyl)silyl-2-([tert-butyl(dimethyl)silyl]oxy)hex-2-enoate,,1.0,
ENSMUSG00000061666-S,3-(4-Methoxyphenyl)coumarin,,1.0,
ENSMUSG00000061666-S,tert-butyl(dimethyl)silyl-2-([tert-butyl(dimethyl)silyl]oxy)hex-2-enoate,,1.0,
ENSMUSG00000062198-S,2-Butoxyethanol,1.0,-1.0,-1
ENSMUSG00000062198-S,3-(4-Methoxyphenyl)coumarin,,-1.0,
ENSMUSG00000062198-S,L-(+)-Threose,,-1.0,
ENSMUSG00000062198-S,L-Val-L-Leu,,-1.0,
ENSMUSG00000062296-S,3-(4-Methoxyphenyl)coumarin,,-1.0,
ENSMUSG00000062296-S,7-Hydroxy-4-(methoxymethyl)coumarin,,-1.0,
ENSMUSG00000062580-S,"5-Ethyl-1,3-dioxane-5-methanol, tert-butyldimethylsilyl ether",,1.0,
ENSMUSG00000062580-S,L-Val-L-Leu,,1.0,
ENSMUSG00000062580-S,tert-butyl(dimethyl)silyl-2-([tert-butyl(dimethyl)silyl]oxy)hex-2-enoate,,1.0,
ENSMUSG00000062761-S,7-Hydroxy-4-(methoxymethyl)coumarin,,1.0,
ENSMUSG00000062761-S,alpha-Hydroxyisobutyric acid,,1.0,
ENSMUSG00000062761-S,L-(+)-Threose,,1.0,
ENSMUSG00000062761-S,Supraene,,1.0,
ENSMUSG00000062778-S,3-(4-Methoxyphenyl)coumarin,,-1.0,
ENSMUSG00000062867-S,L-Val-L-Leu,,1.0,
ENSMUSG00000062867-S,tert-butyl(dimethyl)silyl-2-([tert-butyl(dimethyl)silyl]oxy)hex-2-enoate,,1.0,
ENSMUSG00000062908-S,4-tert-Butyldimethylsiloxy-3-penten-2-one,,-1.0,
ENSMUSG00000062908-S,"9Z-Octadecenoic acid, (2S)-3-[(hydroxymercaptophosphinyl)oxy]-2-methoxypropyl ester",,-1.0,
ENSMUSG00000062908-S,L-(+)-Threose,,-1.0,
ENSMUSG00000062961-S,3-(4-Methoxyphenyl)coumarin,,1.0,
ENSMUSG00000062961-S,7-Hydroxy-4-(methoxymethyl)coumarin,,1.0,
ENSMUSG00000062961-S,tert-butyl(dimethyl)silyl-2-([tert-butyl(dimethyl)silyl]oxy)hex-2-enoate,,1.0,
ENSMUSG00000063019-S,3-(4-Methoxyphenyl)coumarin,,1.0,
ENSMUSG00000063450-S,Benzeneacetic acid,,1.0,
ENSMUSG00000063450-S,L-(+)-Threose,,1.0,
ENSMUSG00000063511-S,7-Hydroxy-4-(methoxymethyl)coumarin,,-1.0,
ENSMUSG00000063511-S,Benzeneacetic acid,,-1.0,
ENSMUSG00000063576-S,3-(4-Methoxyphenyl)coumarin,,1.0,
ENSMUSG00000063600-S,"3,4-Methylenedioxyamphetamine",1.0,1.0,1
ENSMUSG00000063600-S,4-tert-Butyldimethylsiloxy-3-penten-2-one,,1.0,
ENSMUSG00000063600-S,L-(+)-Threose,,1.0,
ENSMUSG00000063600-S,L-Val-L-Leu,,1.0,
ENSMUSG00000063600-S,Prostaglandin,,1.0,
ENSMUSG00000063873-S,3-(4-Methoxyphenyl)coumarin,,1.0,
ENSMUSG00000063873-S,L-(+)-Threose,,1.0,
ENSMUSG00000063875-S,4-tert-Butyldimethylsiloxy-3-penten-2-one,,-1.0,
ENSMUSG00000064325-S,3-(4-Methoxyphenyl)coumarin,,-1.0,
ENSMUSG00000064325-S,L-(+)-Threose,,-1.0,
ENSMUSG00000064325-S,tert-butyl(dimethyl)silyl-2-([tert-butyl(dimethyl)silyl]oxy)hex-2-enoate,,-1.0,
ENSMUSG00000064341-S,Lupinine,,-1.0,
ENSMUSG00000064341-S,L-Val-L-Leu,,-1.0,
ENSMUSG00000064341-S,tert-butyl(dimethyl)silyl-2-([tert-butyl(dimethyl)silyl]oxy)hex-2-enoate,,-1.0,
ENSMUSG00000064370-S,1-Octadecanol,-1.0,-1.0,1
ENSMUSG00000064370-S,4-tert-Butyldimethylsiloxy-3-penten-2-one,,-1.0,
ENSMUSG00000064370-S,L-Lysine,,-1.0,
ENSMUSG00000064370-S,Lupinine,,-1.0,
ENSMUSG00000064370-S,L-Val-L-Leu,,-1.0,
ENSMUSG00000064370-S,Methyl lactate,,-1.0,
ENSMUSG00000064370-S,Norephedrine,,-1.0,
ENSMUSG00000065979-S,3-(4-Methoxyphenyl)coumarin,,-1.0,
ENSMUSG00000065979-S,L-(+)-Threose,,-1.0,
ENSMUSG00000066090-S,1-Octadecanol,-1.0,-1.0,1
ENSMUSG00000066090-S,4-tert-Butyldimethylsiloxy-3-penten-2-one,,-1.0,
ENSMUSG00000066090-S,L-Val-L-Leu,,-1.0,
ENSMUSG00000066129-S,Benzeneacetic acid,,1.0,
ENSMUSG00000066129-S,Hexanoic acid,1.0,1.0,1
ENSMUSG00000066129-S,L-Val-L-Leu,,1.0,
ENSMUSG00000066129-S,tert-butyl(dimethyl)silyl-2-([tert-butyl(dimethyl)silyl]oxy)hex-2-enoate,,1.0,
ENSMUSG00000066233-S,7-Hydroxy-4-(methoxymethyl)coumarin,,-1.0,
ENSMUSG00000066705-S,3-(4-Methoxyphenyl)coumarin,,1.0,
ENSMUSG00000066705-S,L-Val-L-Leu,,1.0,
ENSMUSG00000066842-S,4-tert-Butyldimethylsiloxy-3-penten-2-one,,-1.0,
ENSMUSG00000066842-S,7-Hydroxy-4-(methoxymethyl)coumarin,,-1.0,
ENSMUSG00000066842-S,tert-butyl(dimethyl)silyl-2-([tert-butyl(dimethyl)silyl]oxy)hex-2-enoate,,-1.0,
ENSMUSG00000067071-S,L-(+)-Threose,,1.0,
ENSMUSG00000067071-S,Supraene,,1.0,
ENSMUSG00000067795-S,L-(+)-Threose,,1.0,
ENSMUSG00000067873-S,L-(+)-Threose,,-1.0,
ENSMUSG00000068015-S,4-tert-Butyldimethylsiloxy-3-penten-2-one,,1.0,
ENSMUSG00000068015-S,tert-butyl(dimethyl)silyl-2-([tert-butyl(dimethyl)silyl]oxy)hex-2-enoate,,1.0,
ENSMUSG00000068079-S,4-tert-Butyldimethylsiloxy-3-penten-2-one,,1.0,
ENSMUSG00000068079-S,tert-butyl(dimethyl)silyl-2-([tert-butyl(dimethyl)silyl]oxy)hex-2-enoate,,1.0,
ENSMUSG00000069237-S,Butyric Acid,1.0,1.0,1
ENSMUSG00000069237-S,L-Val-L-Leu,,1.0,
ENSMUSG00000069581-S,3-(4-Methoxyphenyl)coumarin,,-1.0,
ENSMUSG00000069581-S,Azelaic acid,-1.0,-1.0,1
ENSMUSG00000070462-S,4-tert-Butyldimethylsiloxy-3-penten-2-one,,-1.0,
ENSMUSG00000070462-S,tert-butyl(dimethyl)silyl-2-([tert-butyl(dimethyl)silyl]oxy)hex-2-enoate,,-1.0,
ENSMUSG00000070639-S,4-tert-Butyldimethylsiloxy-3-penten-2-one,,-1.0,
ENSMUSG00000070639-S,7-Hydroxy-4-(methoxymethyl)coumarin,,-1.0,
ENSMUSG00000070639-S,tert-butyl(dimethyl)silyl-2-([tert-butyl(dimethyl)silyl]oxy)hex-2-enoate,,-1.0,
ENSMUSG00000070687-S,4-tert-Butyldimethylsiloxy-3-penten-2-one,,-1.0,
ENSMUSG00000070687-S,tert-butyl(dimethyl)silyl-2-([tert-butyl(dimethyl)silyl]oxy)hex-2-enoate,,-1.0,
ENSMUSG00000071042-S,7-Hydroxy-4-(methoxymethyl)coumarin,,-1.0,
ENSMUSG00000071042-S,Benzeneacetic acid,,-1.0,
ENSMUSG00000071253-S,3-(4-Methoxyphenyl)coumarin,,-1.0,
ENSMUSG00000071253-S,7-Hydroxy-4-(methoxymethyl)coumarin,,-1.0,
ENSMUSG00000071266-S,7-Hydroxy-4-(methoxymethyl)coumarin,,-1.0,
ENSMUSG00000071456-S,4-tert-Butyldimethylsiloxy-3-penten-2-one,,-1.0,
ENSMUSG00000071456-S,tert-butyl(dimethyl)silyl-2-([tert-butyl(dimethyl)silyl]oxy)hex-2-enoate,,-1.0,
ENSMUSG00000071632-S,7-Hydroxy-4-(methoxymethyl)coumarin,,-1.0,
ENSMUSG00000071661-S,"2-Methylcyclohexylamine, tert.-butyldimethylsilyl ether",,-1.0,
ENSMUSG00000071661-S,3-(4-Methoxyphenyl)coumarin,,-1.0,
ENSMUSG00000071661-S,L-(+)-Threose,,-1.0,
ENSMUSG00000071661-S,L-Val-L-Leu,,-1.0,
ENSMUSG00000071757-S,3-(4-Methoxyphenyl)coumarin,,1.0,
ENSMUSG00000071757-S,"Oxymorphone, bis(trimethylsilyl) ether",,1.0,
ENSMUSG00000072487-S,L-Val-L-Leu,,-1.0,
ENSMUSG00000072487-S,tert-butyl(dimethyl)silyl-2-([tert-butyl(dimethyl)silyl]oxy)hex-2-enoate,,-1.0,
ENSMUSG00000073424-S,"3,4-Methylenedioxyamphetamine",1.0,-1.0,-1
ENSMUSG00000073424-S,4-tert-Butyldimethylsiloxy-3-penten-2-one,,-1.0,
ENSMUSG00000073424-S,L-(+)-Threose,,-1.0,
ENSMUSG00000073427-S,2-Cyanobenzaldehyde,,-1.0,
ENSMUSG00000073427-S,4-tert-Butyldimethylsiloxy-3-penten-2-one,,-1.0,
ENSMUSG00000073427-S,7-Hydroxy-4-(methoxymethyl)coumarin,,-1.0,
ENSMUSG00000073427-S,L-Val-L-Leu,,-1.0,
ENSMUSG00000073805-S,3-(4-Methoxyphenyl)coumarin,,1.0,
ENSMUSG00000073805-S,L-Val-L-Leu,,1.0,
ENSMUSG00000073805-S,Xylazine,-1.0,1.0,-1
ENSMUSG00000073968-S,L-Threonine,1.0,-1.0,-1
ENSMUSG00000074238-S,"2-Methylcyclohexylamine, tert.-butyldimethylsilyl ether",,-1.0,
ENSMUSG00000074238-S,3-(4-Methoxyphenyl)coumarin,,-1.0,
ENSMUSG00000074238-S,7-Hydroxy-4-(methoxymethyl)coumarin,,-1.0,
ENSMUSG00000074238-S,Adipoyl-L-carnitine,,-1.0,
ENSMUSG00000074238-S,L-(+)-Threose,,-1.0,
ENSMUSG00000074406-S,3-(4-Methoxyphenyl)coumarin,,1.0,
ENSMUSG00000074406-S,L-(+)-Threose,,1.0,
ENSMUSG00000074461-S,4-tert-Butyldimethylsiloxy-3-penten-2-one,,-1.0,
ENSMUSG00000074591-S,4-tert-Butyldimethylsiloxy-3-penten-2-one,,-1.0,
ENSMUSG00000074591-S,Adipoyl-L-carnitine,,-1.0,
ENSMUSG00000074591-S,L-Lysine,,-1.0,
ENSMUSG00000074591-S,Lupinine,,-1.0,
ENSMUSG00000074591-S,Methyl lactate,,-1.0,
ENSMUSG00000074682-S,3-(4-Methoxyphenyl)coumarin,,1.0,
ENSMUSG00000074682-S,7-Hydroxy-4-(methoxymethyl)coumarin,,1.0,
ENSMUSG00000074886-S,"Hymexazole, tert-butyldimethylsilyl ether",1.0,1.0,1
ENSMUSG00000074886-S,L-(+)-Threose,,1.0,
ENSMUSG00000074886-S,"N,N-Dimethyl-2-aminoethanol",1.0,1.0,1
ENSMUSG00000075514-S,4-Aminobutanoic acid,,-1.0,
ENSMUSG00000075514-S,L-(+)-Threose,,-1.0,
ENSMUSG00000075514-S,L-Val-L-Leu,,-1.0,
ENSMUSG00000075514-S,Prostaglandin,,-1.0,
ENSMUSG00000075514-S,tert-butyl(dimethyl)silyl-2-([tert-butyl(dimethyl)silyl]oxy)hex-2-enoate,,-1.0,
ENSMUSG00000075514-S,Vanillylmandelic acid,-1.0,-1.0,1
ENSMUSG00000076435-S,4-tert-Butyldimethylsiloxy-3-penten-2-one,,-1.0,
ENSMUSG00000076435-S,7-Hydroxy-4-(methoxymethyl)coumarin,,-1.0,
ENSMUSG00000076435-S,tert-butyl(dimethyl)silyl-2-([tert-butyl(dimethyl)silyl]oxy)hex-2-enoate,,-1.0,
ENSMUSG00000078307-S,3-(4-Methoxyphenyl)coumarin,,-1.0,
ENSMUSG00000078307-S,7-Hydroxy-4-(methoxymethyl)coumarin,,-1.0,
ENSMUSG00000078307-S,L-(+)-Threose,,-1.0,
ENSMUSG00000078572-S,3-(4-Methoxyphenyl)coumarin,,-1.0,
ENSMUSG00000078627-S,2-Furoic acid,,-1.0,
ENSMUSG00000078627-S,3-(4-Methoxyphenyl)coumarin,,-1.0,
ENSMUSG00000078627-S,"3,5-Dimethylphenol",,-1.0,
ENSMUSG00000078627-S,Isopropylamine,-1.0,-1.0,1
ENSMUSG00000078627-S,tert-butyl(dimethyl)silyl-2-([tert-butyl(dimethyl)silyl]oxy)hex-2-enoate,,-1.0,
ENSMUSG00000078676-S,L-Threonine,1.0,1.0,1
ENSMUSG00000078676-S,m-Toluic acid,,1.0,
ENSMUSG00000078908-S,4-tert-Butyldimethylsiloxy-3-penten-2-one,,-1.0,
ENSMUSG00000078908-S,L-Val-L-Leu,,-1.0,
ENSMUSG00000079037-S,4-tert-Butyldimethylsiloxy-3-penten-2-one,,1.0,
ENSMUSG00000079037-S,tert-butyl(dimethyl)silyl-2-([tert-butyl(dimethyl)silyl]oxy)hex-2-enoate,,1.0,
ENSMUSG00000079056-S,3-(4-Methoxyphenyl)coumarin,,-1.0,
ENSMUSG00000079056-S,7-Hydroxy-4-(methoxymethyl)coumarin,,-1.0,
ENSMUSG00000079434-S,7-Hydroxy-4-(methoxymethyl)coumarin,,-1.0,
ENSMUSG00000079434-S,L-(+)-Threose,,-1.0,
ENSMUSG00000079469-S,2-Cyanobenzaldehyde,,-1.0,
ENSMUSG00000079469-S,4-tert-Butyldimethylsiloxy-3-penten-2-one,,-1.0,
ENSMUSG00000079469-S,7-Hydroxy-4-(methoxymethyl)coumarin,,-1.0,
ENSMUSG00000079469-S,L-Val-L-Leu,,-1.0,
ENSMUSG00000080316-S,4-tert-Butyldimethylsiloxy-3-penten-2-one,,-1.0,
ENSMUSG00000080316-S,7-Hydroxy-4-(methoxymethyl)coumarin,,-1.0,
ENSMUSG00000080316-S,tert-butyl(dimethyl)silyl-2-([tert-butyl(dimethyl)silyl]oxy)hex-2-enoate,,-1.0,
ENSMUSG00000082396-S,3-(4-Methoxyphenyl)coumarin,,-1.0,
ENSMUSG00000082396-S,3-Methyl-3-buten-1-ol,,-1.0,
ENSMUSG00000082396-S,L-(+)-Threose,,-1.0,
ENSMUSG00000084291-S,L-Threonine,1.0,-1.0,-1
ENSMUSG00000085287-S,3-(4-Methoxyphenyl)coumarin,,-1.0,
ENSMUSG00000085287-S,Adipoyl-L-carnitine,,-1.0,
ENSMUSG00000085396-S,2-Cyanobenzaldehyde,,-1.0,
ENSMUSG00000085396-S,4-tert-Butyldimethylsiloxy-3-penten-2-one,,-1.0,
ENSMUSG00000085396-S,L-Val-L-Leu,,-1.0,
ENSMUSG00000086022-S,4-tert-Butyldimethylsiloxy-3-penten-2-one,,1.0,
ENSMUSG00000086022-S,tert-butyl(dimethyl)silyl-2-([tert-butyl(dimethyl)silyl]oxy)hex-2-enoate,,1.0,
ENSMUSG00000086290-S,7-Hydroxy-4-(methoxymethyl)coumarin,,1.0,
ENSMUSG00000086324-S,4-tert-Butyldimethylsiloxy-3-penten-2-one,,1.0,
ENSMUSG00000086324-S,L-(+)-Threose,,1.0,
ENSMUSG00000087260-S,Palmitic Acid,,1.0,
ENSMUSG00000087461-S,7-Hydroxy-4-(methoxymethyl)coumarin,,-1.0,
ENSMUSG00000087651-S,L-(+)-Threose,,1.0,
ENSMUSG00000087651-S,L-Val-L-Leu,,1.0,
ENSMUSG00000087674-S,4-tert-Butyldimethylsiloxy-3-penten-2-one,,-1.0,
ENSMUSG00000087674-S,7-Hydroxy-4-(methoxymethyl)coumarin,,-1.0,
ENSMUSG00000087674-S,N-Ethyldiethanolamine,,-1.0,
ENSMUSG00000087674-S,Thymol,-1.0,-1.0,1
ENSMUSG00000089840-S,3-(4-Methoxyphenyl)coumarin,,1.0,
ENSMUSG00000089840-S,L-(+)-Threose,,1.0,
ENSMUSG00000089997-S,4-tert-Butyldimethylsiloxy-3-penten-2-one,,-1.0,
ENSMUSG00000089997-S,7-Hydroxy-4-(methoxymethyl)coumarin,,-1.0,
ENSMUSG00000089997-S,tert-butyl(dimethyl)silyl-2-([tert-butyl(dimethyl)silyl]oxy)hex-2-enoate,,-1.0,
ENSMUSG00000090015-S,7-Hydroxy-4-(methoxymethyl)coumarin,,1.0,
ENSMUSG00000090050-S,"3,4-Methylenedioxyamphetamine",1.0,-1.0,-1
ENSMUSG00000090050-S,Benzeneacetic acid,,-1.0,
ENSMUSG00000090050-S,L-Valine,,-1.0,
ENSMUSG00000090523-S,"3,4-Methylenedioxyamphetamine",1.0,1.0,1
ENSMUSG00000090935-S,3-(4-Methoxyphenyl)coumarin,,1.0,
ENSMUSG00000090935-S,L-(+)-Threose,,1.0,
ENSMUSG00000090935-S,tert-butyl(dimethyl)silyl-2-([tert-butyl(dimethyl)silyl]oxy)hex-2-enoate,,1.0,
ENSMUSG00000091742-S,3-(4-Methoxyphenyl)coumarin,,1.0,
ENSMUSG00000091742-S,L-(+)-Threose,,1.0,
ENSMUSG00000091742-S,L-Val-L-Leu,,1.0,
ENSMUSG00000092090-S,L-Valine,,-1.0,
ENSMUSG00000093677-S,"3,4-Methylenedioxyamphetamine",1.0,1.0,1
ENSMUSG00000093677-S,4-tert-Butyldimethylsiloxy-3-penten-2-one,,1.0,
ENSMUSG00000093677-S,N-Acetylaspartic acid,-1.0,1.0,-1
ENSMUSG00000093677-S,tert-butyl(dimethyl)silyl-2-([tert-butyl(dimethyl)silyl]oxy)hex-2-enoate,,1.0,
ENSMUSG00000093858-S,7-Hydroxy-4-(methoxymethyl)coumarin,,-1.0,
ENSMUSG00000094595-S,Benzeneacetic acid,,-1.0,
ENSMUSG00000094732-S,4-tert-Butyldimethylsiloxy-3-penten-2-one,,-1.0,
ENSMUSG00000094732-S,L-Val-L-Leu,,-1.0,
ENSMUSG00000096883-S,2-Butoxyethanol,1.0,-1.0,-1
ENSMUSG00000096883-S,3-(4-Methoxyphenyl)coumarin,,-1.0,
ENSMUSG00000096883-S,7-Hydroxy-4-(methoxymethyl)coumarin,,-1.0,
ENSMUSG00000096883-S,L-(+)-Threose,,-1.0,
ENSMUSG00000096883-S,L-Val-L-Leu,,-1.0,
ENSMUSG00000096974-S,4-tert-Butyldimethylsiloxy-3-penten-2-one,,-1.0,
ENSMUSG00000096974-S,Lupinine,,-1.0,
ENSMUSG00000096974-S,L-Val-L-Leu,,-1.0,
ENSMUSG00000097023-S,2-Cyanobenzaldehyde,,-1.0,
ENSMUSG00000097023-S,"2-Methylcyclohexylamine, tert.-butyldimethylsilyl ether",,-1.0,
ENSMUSG00000097023-S,4-tert-Butyldimethylsiloxy-3-penten-2-one,,-1.0,
ENSMUSG00000097023-S,L-(+)-Threose,,-1.0,
ENSMUSG00000097023-S,L-Val-L-Leu,,-1.0,
ENSMUSG00000097061-S,3-Amino-5-methylisoxazole,,-1.0,
ENSMUSG00000097061-S,4-tert-Butyldimethylsiloxy-3-penten-2-one,,-1.0,
ENSMUSG00000097061-S,tert-butyl(dimethyl)silyl-2-([tert-butyl(dimethyl)silyl]oxy)hex-2-enoate,,-1.0,
ENSMUSG00000097063-S,3-(4-Methoxyphenyl)coumarin,,-1.0,
ENSMUSG00000097333-S,3-(4-Methoxyphenyl)coumarin,,1.0,
ENSMUSG00000097333-S,L-(+)-Threose,,1.0,
ENSMUSG00000097333-S,tert-butyl(dimethyl)silyl-2-([tert-butyl(dimethyl)silyl]oxy)hex-2-enoate,,1.0,
ENSMUSG00000097385-S,4-tert-Butyldimethylsiloxy-3-penten-2-one,,-1.0,
ENSMUSG00000097385-S,Lupinine,,-1.0,
ENSMUSG00000097385-S,L-Val-L-Leu,,-1.0,
ENSMUSG00000097385-S,Prostaglandin,,-1.0,
ENSMUSG00000097466-S,3-(4-Methoxyphenyl)coumarin,,-1.0,
ENSMUSG00000097604-S,3-(4-Methoxyphenyl)coumarin,,-1.0,
ENSMUSG00000097604-S,L-Val-L-Leu,,-1.0,
ENSMUSG00000097652-S,L-Threonine,1.0,-1.0,-1
ENSMUSG00000097806-S,7-Hydroxy-4-(methoxymethyl)coumarin,,-1.0,
ENSMUSG00000098113-S,3-(4-Methoxyphenyl)coumarin,,-1.0,
ENSMUSG00000098113-S,tert-butyl(dimethyl)silyl-2-([tert-butyl(dimethyl)silyl]oxy)hex-2-enoate,,-1.0,
ENSMUSG00000098449-S,3-(4-Methoxyphenyl)coumarin,,-1.0,
ENSMUSG00000098449-S,L-(+)-Threose,,-1.0,
ENSMUSG00000098729-S,2-Cyanobenzaldehyde,,-1.0,
ENSMUSG00000098729-S,4-tert-Butyldimethylsiloxy-3-penten-2-one,,-1.0,
ENSMUSG00000098729-S,7-Hydroxy-4-(methoxymethyl)coumarin,,-1.0,
ENSMUSG00000098729-S,L-Val-L-Leu,,-1.0,
ENSMUSG00000099471-S,4-tert-Butyldimethylsiloxy-3-penten-2-one,,1.0,
ENSMUSG00000099471-S,tert-butyl(dimethyl)silyl-2-([tert-butyl(dimethyl)silyl]oxy)hex-2-enoate,,1.0,
ENSMUSG00000099625-S,7-Hydroxy-4-(methoxymethyl)coumarin,,1.0,
ENSMUSG00000100680-S,L-(+)-Threose,,-1.0,
ENSMUSG00000102543-S,7-Hydroxy-4-(methoxymethyl)coumarin,,-1.0,
ENSMUSG00000102543-S,L-(+)-Threose,,-1.0,
ENSMUSG00000102556-S,"3,4-Methylenedioxyamphetamine",1.0,-1.0,-1
ENSMUSG00000102556-S,4-tert-Butyldimethylsiloxy-3-penten-2-one,,-1.0,
ENSMUSG00000102556-S,tert-butyl(dimethyl)silyl-2-([tert-butyl(dimethyl)silyl]oxy)hex-2-enoate,,-1.0,
ENSMUSG00000103038-S,3-(4-Methoxyphenyl)coumarin,,-1.0,
ENSMUSG00000103038-S,tert-butyl(dimethyl)silyl-2-([tert-butyl(dimethyl)silyl]oxy)hex-2-enoate,,-1.0,
ENSMUSG00000103427-S,3-(4-Methoxyphenyl)coumarin,,1.0,
ENSMUSG00000103427-S,7-Hydroxy-4-(methoxymethyl)coumarin,,1.0,
ENSMUSG00000103427-S,L-(+)-Threose,,1.0,
ENSMUSG00000103567-S,7-Hydroxy-4-(methoxymethyl)coumarin,,-1.0,
ENSMUSG00000103567-S,Benzeneacetic acid,,-1.0,
ENSMUSG00000103731-S,3-(4-Methoxyphenyl)coumarin,,-1.0,
ENSMUSG00000103731-S,Octanoic acid,,-1.0,
ENSMUSG00000103793-S,3-(4-Methoxyphenyl)coumarin,,-1.0,
ENSMUSG00000103793-S,L-(+)-Threose,,-1.0,
ENSMUSG00000103793-S,tert-butyl(dimethyl)silyl-2-([tert-butyl(dimethyl)silyl]oxy)hex-2-enoate,,-1.0,
ENSMUSG00000103916-S,3-(4-Methoxyphenyl)coumarin,,1.0,
ENSMUSG00000103916-S,L-(+)-Threose,,1.0,
ENSMUSG00000103983-S,3-(4-Methoxyphenyl)coumarin,,-1.0,
ENSMUSG00000103983-S,L-(+)-Threose,,-1.0,
ENSMUSG00000103983-S,tert-butyl(dimethyl)silyl-2-([tert-butyl(dimethyl)silyl]oxy)hex-2-enoate,,-1.0,
ENSMUSG00000104204-S,4-tert-Butyldimethylsiloxy-3-penten-2-one,,1.0,
ENSMUSG00000104204-S,L-(+)-Threose,,1.0,
ENSMUSG00000104204-S,L-Val-L-Leu,,1.0,
ENSMUSG00000104508-S,"3,4,5-Trimethoxyamphetamine",,-1.0,
ENSMUSG00000104508-S,3-(4-Methoxyphenyl)coumarin,,-1.0,
ENSMUSG00000104508-S,Hypoxanthine,1.0,-1.0,-1
ENSMUSG00000104508-S,L-(+)-Threose,,-1.0,
ENSMUSG00000104586-S,3-(4-Methoxyphenyl)coumarin,,1.0,
ENSMUSG00000104586-S,L-Val-L-Leu,,1.0,
ENSMUSG00000104735-S,"2,2'-Bipyridine",-1.0,1.0,-1
ENSMUSG00000104735-S,4-tert-Butyldimethylsiloxy-3-penten-2-one,,1.0,
ENSMUSG00000104735-S,L-Val-L-Leu,,1.0,
ENSMUSG00000105137-S,7-Hydroxy-4-(methoxymethyl)coumarin,,-1.0,
ENSMUSG00000105434-S,3-(4-Methoxyphenyl)coumarin,,1.0,
ENSMUSG00000105434-S,"3,4-Methylenedioxyamphetamine",1.0,1.0,1
ENSMUSG00000105434-S,L-Val-L-Leu,,1.0,
ENSMUSG00000105584-S,7-Hydroxy-4-(methoxymethyl)coumarin,,1.0,
ENSMUSG00000105584-S,Benzeneacetic acid,,1.0,
ENSMUSG00000105601-S,L-Val-L-Leu,,-1.0,
ENSMUSG00000106019-S,"1-(1-Hydroxybutyl)-2,5-dimethoxybenzene",,-1.0,
ENSMUSG00000106019-S,7-Hydroxy-4-(methoxymethyl)coumarin,,-1.0,
ENSMUSG00000106032-S,3-(4-Methoxyphenyl)coumarin,,-1.0,
ENSMUSG00000106032-S,L-Val-L-Leu,,-1.0,
ENSMUSG00000106093-S,"2-Butene-1,4-diol",,-1.0,
ENSMUSG00000106093-S,4-tert-Butyldimethylsiloxy-3-penten-2-one,,-1.0,
ENSMUSG00000106093-S,L-Val-L-Leu,,-1.0,
ENSMUSG00000106767-S,3-(4-Methoxyphenyl)coumarin,,-1.0,
ENSMUSG00000106767-S,7-Hydroxy-4-(methoxymethyl)coumarin,,-1.0,
ENSMUSG00000107278-S,4-tert-Butyldimethylsiloxy-3-penten-2-one,,1.0,
