n1,n2,VECPAC_r,LPS_r,DSS_r,pooled_r,predicted_sign,model_agreement_pooled_sign,model_agreement_pred_sign,pooled_pred_agreement_sign,all_sign_agreement
ENSMUSG00000000290-S,"1,2-Cinnolinedicarboxylic acid, 1,2,3,5,6,7,8,8a-octahydro-4-trimethylsilyloxy-, diethyl ester",,,,-1.0,,1,-1,-1,-1
ENSMUSG00000000290-S,4-tert-Butyldimethylsiloxy-3-penten-2-one,,1.0,,1.0,,1,-1,-1,-1
ENSMUSG00000000290-S,5-Nitroso-8-quinolinol,,,,1.0,,1,-1,-1,-1
ENSMUSG00000000290-S,7-Hydroxy-4-(methoxymethyl)coumarin,,-1.0,,-1.0,,1,-1,-1,-1
ENSMUSG00000000290-S,L-(+)-Threose,,-1.0,,-1.0,,1,-1,-1,-1
ENSMUSG00000000290-S,"l-Leucine, n-butoxycarbonyl-N-methyl-, hexadecyl ester",,,,-1.0,,1,-1,-1,-1
ENSMUSG00000000290-S,tert-butyl(dimethyl)silyl-2-([tert-butyl(dimethyl)silyl]oxy)hex-2-enoate,,-1.0,,-1.0,,1,-1,-1,-1
ENSMUSG00000000308-S,"1,2-Cinnolinedicarboxylic acid, 1,2,3,5,6,7,8,8a-octahydro-4-trimethylsilyloxy-, diethyl ester",,,,-1.0,,1,-1,-1,-1
ENSMUSG00000000308-S,"1-Pentene, 1,3-diphenyl-1-(trimethylsilyloxy)-",,,,1.0,,1,-1,-1,-1
ENSMUSG00000000308-S,3-(4-Methoxyphenyl)coumarin,,1.0,,1.0,,1,-1,-1,-1
ENSMUSG00000000308-S,7-Hydroxy-4-(methoxymethyl)coumarin,,-1.0,,-1.0,,1,-1,-1,-1
ENSMUSG00000000308-S,Diclofenac,,,,1.0,,1,-1,-1,-1
ENSMUSG00000000308-S,L-(+)-Threose,,-1.0,,-1.0,,1,-1,-1,-1
ENSMUSG00000000308-S,L-Pyroglutamic acid,,,,1.0,,1,-1,-1,-1
ENSMUSG00000000308-S,L-Serine,,,,1.0,,1,-1,-1,-1
ENSMUSG00000000308-S,Phenol,,-0.6000000000000001,-0.5,-0.9285714285714288,,1,-1,-1,-1
ENSMUSG00000000530-S,"1,2-Cinnolinedicarboxylic acid, 1,2,3,5,6,7,8,8a-octahydro-4-trimethylsilyloxy-, diethyl ester",,,,-1.0,,1,-1,-1,-1
ENSMUSG00000000530-S,2-Ethyl-1-butanol,,,,1.0,,1,-1,-1,-1
ENSMUSG00000000530-S,2-Norbornanemethanol,,,,-1.0,,1,-1,-1,-1
ENSMUSG00000000530-S,5-Nitroso-8-quinolinol,,,,1.0,,1,-1,-1,-1
ENSMUSG00000000530-S,"l-Leucine, n-butoxycarbonyl-N-methyl-, hexadecyl ester",,,,-1.0,,1,-1,-1,-1
ENSMUSG00000000530-S,L-Threonine,,1.0,,1.0,-1.0,1,-1,-1,-1
ENSMUSG00000000732-S,2-Norbornanemethanol,,,,-1.0,,1,-1,-1,-1
ENSMUSG00000000732-S,L-(+)-Threose,,-1.0,,-1.0,,1,-1,-1,-1
ENSMUSG00000000732-S,L-Ornithine,,,,-1.0,,1,-1,-1,-1
ENSMUSG00000000732-S,L-Val-L-Leu,,1.0,,1.0,,1,-1,-1,-1
ENSMUSG00000000732-S,tert-butyl(dimethyl)silyl-2-([tert-butyl(dimethyl)silyl]oxy)hex-2-enoate,,1.0,,1.0,,1,-1,-1,-1
ENSMUSG00000000782-S,"1-Pentene, 1,3-diphenyl-1-(trimethylsilyloxy)-",,,,1.0,,1,-1,-1,-1
ENSMUSG00000000782-S,2-Buten-1-ol,,,,1.0,,1,-1,-1,-1
ENSMUSG00000000782-S,"Benzene, 1-ethyl-3,5-dimethyl",,,,1.0,,1,-1,-1,-1
ENSMUSG00000000782-S,"l-Leucine, n-butoxycarbonyl-N-methyl-, hexadecyl ester",,,,-1.0,,1,-1,-1,-1
ENSMUSG00000000782-S,L-Ornithine,,,,1.0,,1,-1,-1,-1
ENSMUSG00000000782-S,L-Val-L-Leu,,-1.0,,-1.0,,1,-1,-1,-1
ENSMUSG00000000792-S,2-Buten-1-ol,,,,-1.0,,1,-1,-1,-1
ENSMUSG00000000792-S,3-(4-Methoxyphenyl)coumarin,,1.0,,1.0,,1,-1,-1,-1
ENSMUSG00000000792-S,5-Nitroso-8-quinolinol,,,,-1.0,,1,-1,-1,-1
ENSMUSG00000000792-S,L-(+)-Threose,,-1.0,,-1.0,,1,-1,-1,-1
ENSMUSG00000000792-S,"l-Leucine, n-butoxycarbonyl-N-methyl-, hexadecyl ester",,,,1.0,,1,-1,-1,-1
ENSMUSG00000000792-S,L-Val-L-Leu,,-1.0,,-1.0,,1,-1,-1,-1
ENSMUSG00000000823-S,"1,2-Cinnolinedicarboxylic acid, 1,2,3,5,6,7,8,8a-octahydro-4-trimethylsilyloxy-, diethyl ester",,,,-1.0,,1,-1,-1,-1
ENSMUSG00000000823-S,5-Nitroso-8-quinolinol,,,,1.0,,1,-1,-1,-1
ENSMUSG00000000823-S,7-Hydroxy-4-(methoxymethyl)coumarin,,-1.0,,-1.0,,1,-1,-1,-1
ENSMUSG00000000823-S,"l-Leucine, n-butoxycarbonyl-N-methyl-, hexadecyl ester",,,,-1.0,,1,-1,-1,-1
ENSMUSG00000000826-S,"1,2-Bis(trimethylsiloxy)cyclohexene",,,,-1.0,,1,-1,-1,-1
ENSMUSG00000000826-S,"1-Pentene, 1,3-diphenyl-1-(trimethylsilyloxy)-",,,,1.0,,1,-1,-1,-1
ENSMUSG00000000826-S,3-(4-Methoxyphenyl)coumarin,,1.0,,1.0,,1,-1,-1,-1
ENSMUSG00000000826-S,7-Hydroxy-4-(methoxymethyl)coumarin,,-1.0,,-1.0,,1,-1,-1,-1
ENSMUSG00000000826-S,L-(+)-Threose,,-1.0,,-1.0,,1,-1,-1,-1
ENSMUSG00000001016-S,"1,2-Cinnolinedicarboxylic acid, 1,2,3,5,6,7,8,8a-octahydro-4-trimethylsilyloxy-, diethyl ester",,,,-1.0,,1,-1,-1,-1
ENSMUSG00000001016-S,"2,4-Imidazolidinedione, 5,5-dimethyl",,0.8720815992723809,1.0,0.8954053273686237,-1.0,1,-1,-1,-1
ENSMUSG00000001016-S,3-(4-Methoxyphenyl)coumarin,,-1.0,,-1.0,,1,-1,-1,-1
ENSMUSG00000001016-S,5-Nitroso-8-quinolinol,,,,1.0,,1,-1,-1,-1
ENSMUSG00000001016-S,6-Methyluracil,,0.8720815992723809,1.0,0.9244023874976196,-1.0,1,-1,-1,-1
ENSMUSG00000001016-S,"l-Leucine, n-butoxycarbonyl-N-methyl-, hexadecyl ester",,,,-1.0,,1,-1,-1,-1
ENSMUSG00000001016-S,L-Ornithine,,,,1.0,,1,-1,-1,-1
ENSMUSG00000001016-S,tert-butyl(dimethyl)silyl-2-([tert-butyl(dimethyl)silyl]oxy)hex-2-enoate,,-1.0,,-1.0,,1,-1,-1,-1
ENSMUSG00000001089-S,"1-Pentene, 1,3-diphenyl-1-(trimethylsilyloxy)-",,,,1.0,,1,-1,-1,-1
ENSMUSG00000001089-S,"2,4-Dimethoxybenzaldoxime",,,,-1.0,,1,-1,-1,-1
ENSMUSG00000001089-S,3-(4-Methoxyphenyl)coumarin,,1.0,,1.0,,1,-1,-1,-1
ENSMUSG00000001089-S,L-Glutamic acid,,,,-1.0,,1,-1,-1,-1
ENSMUSG00000001089-S,"l-Leucine, n-butoxycarbonyl-N-methyl-, hexadecyl ester",,,,1.0,,1,-1,-1,-1
ENSMUSG00000001089-S,L-Ornithine,,,,-1.0,,1,-1,-1,-1
ENSMUSG00000001098-S,"1,2-Bis(trimethylsiloxy)cyclohexene",,,,-1.0,,1,-1,-1,-1
ENSMUSG00000001098-S,"1-Pentene, 1,3-diphenyl-1-(trimethylsilyloxy)-",,,,1.0,,1,-1,-1,-1
ENSMUSG00000001098-S,7-Hydroxy-4-(methoxymethyl)coumarin,,1.0,,1.0,,1,-1,-1,-1
ENSMUSG00000001098-S,Chlorobenzilate,,,,-1.0,,1,-1,-1,-1
ENSMUSG00000001098-S,Diclofenac,,,,-1.0,,1,-1,-1,-1
ENSMUSG00000001098-S,L-Glutamic acid,,,,-1.0,,1,-1,-1,-1
ENSMUSG00000001098-S,L-Val-L-Leu,,1.0,,1.0,,1,-1,-1,-1
ENSMUSG00000001270-S,"1,2-Cinnolinedicarboxylic acid, 1,2,3,5,6,7,8,8a-octahydro-4-trimethylsilyloxy-, diethyl ester",,,,-1.0,,1,-1,-1,-1
ENSMUSG00000001270-S,"1-Pentene, 1,3-diphenyl-1-(trimethylsilyloxy)-",,,,1.0,,1,-1,-1,-1
ENSMUSG00000001270-S,2-Norbornanemethanol,,,,-1.0,,1,-1,-1,-1
ENSMUSG00000001270-S,7-Hydroxy-4-(methoxymethyl)coumarin,,-1.0,,-1.0,,1,-1,-1,-1
ENSMUSG00000001270-S,"l-Leucine, n-butoxycarbonyl-N-methyl-, hexadecyl ester",,,,-1.0,,1,-1,-1,-1
ENSMUSG00000001300-S,3-(4-Methoxyphenyl)coumarin,,-1.0,,-1.0,,1,-1,-1,-1
ENSMUSG00000001300-S,"4,5-Dihydro-1H-pyrazole",,,,1.0,,1,-1,-1,-1
ENSMUSG00000001300-S,"9Z-Octadecenoic acid, (2S)-3-[(hydroxymercaptophosphinyl)oxy]-2-methoxypropyl ester",,-1.0,,-1.0,,1,-1,-1,-1
ENSMUSG00000001300-S,Diclofenac,,,,-1.0,,1,-1,-1,-1
ENSMUSG00000001300-S,L-Serine,,,,-1.0,,1,-1,-1,-1
ENSMUSG00000001552-S,"1-(4-Methoxyphenyl)-4,6-dimethyl-2(1H)-pyrimidinone",,-0.8999999999999998,-1.0,-0.9833333333333332,1.0,1,-1,-1,-1
ENSMUSG00000001552-S,"1,2-Cinnolinedicarboxylic acid, 1,2,3,5,6,7,8,8a-octahydro-4-trimethylsilyloxy-, diethyl ester",,,,-1.0,,1,-1,-1,-1
ENSMUSG00000001552-S,"2(5H)-Furanone, 4-(hydroxymethyl)",,-0.8720815992723809,-0.5,-0.9372466978064098,,1,-1,-1,-1
ENSMUSG00000001552-S,"2,4-Dimethoxybenzaldoxime",,,,-1.0,,1,-1,-1,-1
ENSMUSG00000001552-S,3-(4-Methoxyphenyl)coumarin,,-1.0,,-1.0,,1,-1,-1,-1
ENSMUSG00000001552-S,5-Nitroso-8-quinolinol,,,,1.0,,1,-1,-1,-1
ENSMUSG00000001552-S,"Benzene, 1-ethyl-3,5-dimethyl",,,,-1.0,,1,-1,-1,-1
ENSMUSG00000001552-S,"l-Leucine, n-butoxycarbonyl-N-methyl-, hexadecyl ester",,,,-1.0,,1,-1,-1,-1
ENSMUSG00000001552-S,L-Serine,,,,-1.0,,1,-1,-1,-1
ENSMUSG00000001552-S,tert-butyl(dimethyl)silyl-2-([tert-butyl(dimethyl)silyl]oxy)hex-2-enoate,,-1.0,,-1.0,,1,-1,-1,-1
ENSMUSG00000001642-S,"2,4,6-Cycloheptatrien-1-one",,,,1.0,-1.0,1,-1,-1,-1
ENSMUSG00000001642-S,4-tert-Butyldimethylsiloxy-3-penten-2-one,,1.0,,1.0,,1,-1,-1,-1
ENSMUSG00000001642-S,Diclofenac,,,,-1.0,,1,-1,-1,-1
ENSMUSG00000001642-S,L-(+)-Threose,,-1.0,,-1.0,,1,-1,-1,-1
ENSMUSG00000001642-S,"l-Leucine, n-butoxycarbonyl-N-methyl-, hexadecyl ester",,,,-1.0,,1,-1,-1,-1
ENSMUSG00000001763-S,"1,2-Cinnolinedicarboxylic acid, 1,2,3,5,6,7,8,8a-octahydro-4-trimethylsilyloxy-, diethyl ester",,,,-1.0,,1,-1,-1,-1
ENSMUSG00000001763-S,"1-Pentene, 1,3-diphenyl-1-(trimethylsilyloxy)-",,,,1.0,,1,-1,-1,-1
ENSMUSG00000001763-S,"2,4-Dimethoxybenzaldoxime",,,,-1.0,,1,-1,-1,-1
ENSMUSG00000001763-S,2-Buten-1-ol,,,,-1.0,,1,-1,-1,-1
ENSMUSG00000001763-S,3-(4-Methoxyphenyl)coumarin,,1.0,,1.0,,1,-1,-1,-1
ENSMUSG00000001763-S,L-(+)-Threose,,-1.0,,-1.0,,1,-1,-1,-1
ENSMUSG00000001763-S,"l-Leucine, n-butoxycarbonyl-N-methyl-, hexadecyl ester",,,,1.0,,1,-1,-1,-1
ENSMUSG00000001763-S,L-Val-L-Leu,,-1.0,,-1.0,,1,-1,-1,-1
ENSMUSG00000001946-S,"2-Butene-1,4-diol",,1.0,,0.9856107606091624,,1,-1,-1,-1
ENSMUSG00000001946-S,5-Nitroso-8-quinolinol,,,,1.0,,1,-1,-1,-1
ENSMUSG00000001946-S,"Benzene, 1-ethyl-3,5-dimethyl",,,,1.0,,1,-1,-1,-1
ENSMUSG00000001946-S,"l-Leucine, n-butoxycarbonyl-N-methyl-, hexadecyl ester",,,,-1.0,,1,-1,-1,-1
ENSMUSG00000001946-S,L-Threonine,,1.0,,1.0,-1.0,1,-1,-1,-1
ENSMUSG00000001946-S,Propanoic acid,,-1.0,,-1.0,,1,-1,-1,-1
ENSMUSG00000001964-S,"2,4-Dimethoxybenzaldoxime",,,,-1.0,,1,-1,-1,-1
ENSMUSG00000001964-S,3-(4-Methoxyphenyl)coumarin,,-1.0,,-1.0,,1,-1,-1,-1
ENSMUSG00000001964-S,5-Nitroso-8-quinolinol,,,,-1.0,,1,-1,-1,-1
ENSMUSG00000001964-S,L-Ornithine,,,,-1.0,,1,-1,-1,-1
ENSMUSG00000001964-S,Octanoic acid,,-1.0,,-1.0,,1,-1,-1,-1
ENSMUSG00000001964-S,Sulindac,,-1.0,,-1.0,,1,-1,-1,-1
ENSMUSG00000001964-S,tert-butyl(dimethyl)silyl-2-([tert-butyl(dimethyl)silyl]oxy)hex-2-enoate,,-1.0,,-1.0,,1,-1,-1,-1
ENSMUSG00000002012-S,3-(4-Methoxyphenyl)coumarin,,1.0,,1.0,,1,-1,-1,-1
ENSMUSG00000002012-S,5-Nitroso-8-quinolinol,,,,-1.0,,1,-1,-1,-1
ENSMUSG00000002012-S,"Benzene, 1-ethyl-3,5-dimethyl",,,,-1.0,,1,-1,-1,-1
ENSMUSG00000002012-S,Diclofenac,,,,1.0,,1,-1,-1,-1
ENSMUSG00000002012-S,L-(+)-Threose,,-1.0,,-1.0,,1,-1,-1,-1
ENSMUSG00000002012-S,"l-Leucine, n-butoxycarbonyl-N-methyl-, hexadecyl ester",,,,1.0,,1,-1,-1,-1
ENSMUSG00000002012-S,L-Serine,,,,1.0,,1,-1,-1,-1
ENSMUSG00000002031-S,"1,2-Bis(trimethylsiloxy)cyclohexene",,,,-1.0,,1,-1,-1,-1
ENSMUSG00000002031-S,"1,2-Cinnolinedicarboxylic acid, 1,2,3,5,6,7,8,8a-octahydro-4-trimethylsilyloxy-, diethyl ester",,,,-1.0,,1,-1,-1,-1
ENSMUSG00000002031-S,"3,3-Dimethylacrylic acid",,,,1.0,,1,-1,-1,-1
ENSMUSG00000002031-S,4-tert-Butyldimethylsiloxy-3-penten-2-one,,1.0,,1.0,,1,-1,-1,-1
ENSMUSG00000002031-S,L-Ornithine,,,,1.0,,1,-1,-1,-1
ENSMUSG00000002031-S,tert-butyl(dimethyl)silyl-2-([tert-butyl(dimethyl)silyl]oxy)hex-2-enoate,,-1.0,,-1.0,,1,-1,-1,-1
ENSMUSG00000002032-S,"2,4-Dimethoxybenzaldoxime",,,,-1.0,,1,-1,-1,-1
ENSMUSG00000002032-S,5-Nitroso-8-quinolinol,,,,1.0,,1,-1,-1,-1
ENSMUSG00000002032-S,"l-Leucine, n-butoxycarbonyl-N-methyl-, hexadecyl ester",,,,-1.0,,1,-1,-1,-1
ENSMUSG00000002032-S,L-Serine,,,,-1.0,,1,-1,-1,-1
ENSMUSG00000002109-S,"1,2-Cinnolinedicarboxylic acid, 1,2,3,5,6,7,8,8a-octahydro-4-trimethylsilyloxy-, diethyl ester",,,,-1.0,,1,-1,-1,-1
ENSMUSG00000002109-S,3-(4-Methoxyphenyl)coumarin,,-1.0,,-1.0,,1,-1,-1,-1
ENSMUSG00000002109-S,5-Nitroso-8-quinolinol,,,,1.0,,1,-1,-1,-1
ENSMUSG00000002109-S,"l-Leucine, n-butoxycarbonyl-N-methyl-, hexadecyl ester",,,,-1.0,,1,-1,-1,-1
ENSMUSG00000002109-S,L-Ornithine,,,,1.0,,1,-1,-1,-1
ENSMUSG00000002109-S,tert-butyl(dimethyl)silyl-2-([tert-butyl(dimethyl)silyl]oxy)hex-2-enoate,,-1.0,,-1.0,,1,-1,-1,-1
ENSMUSG00000002210-S,2-Ethyl-1-butanol,,,,1.0,,1,-1,-1,-1
ENSMUSG00000002210-S,5-Nitroso-8-quinolinol,,,,1.0,,1,-1,-1,-1
ENSMUSG00000002210-S,L-(+)-Threose,,-1.0,,-1.0,,1,-1,-1,-1
ENSMUSG00000002210-S,"l-Leucine, n-butoxycarbonyl-N-methyl-, hexadecyl ester",,,,-1.0,,1,-1,-1,-1
ENSMUSG00000002210-S,L-Val-L-Leu,,1.0,,1.0,,1,-1,-1,-1
ENSMUSG00000002266-S,"1-Pentene, 1,3-diphenyl-1-(trimethylsilyloxy)-",,,,-1.0,,1,-1,-1,-1
ENSMUSG00000002266-S,2-Norbornanemethanol,,,,1.0,,1,-1,-1,-1
ENSMUSG00000002266-S,4-tert-Butyldimethylsiloxy-3-penten-2-one,,-1.0,,-1.0,,1,-1,-1,-1
ENSMUSG00000002266-S,7-Hydroxy-4-(methoxymethyl)coumarin,,-1.0,,-1.0,,1,-1,-1,-1
ENSMUSG00000002266-S,"l-Leucine, n-butoxycarbonyl-N-methyl-, hexadecyl ester",,,,1.0,,1,-1,-1,-1
ENSMUSG00000002393-S,"1-Pentene, 1,3-diphenyl-1-(trimethylsilyloxy)-",,,,1.0,,1,-1,-1,-1
ENSMUSG00000002393-S,5-Nitroso-8-quinolinol,,,,-1.0,,1,-1,-1,-1
ENSMUSG00000002393-S,"l-Leucine, n-butoxycarbonyl-N-methyl-, hexadecyl ester",,,,1.0,,1,-1,-1,-1
ENSMUSG00000002459-S,"1,2-Cinnolinedicarboxylic acid, 1,2,3,5,6,7,8,8a-octahydro-4-trimethylsilyloxy-, diethyl ester",,,,-1.0,,1,-1,-1,-1
ENSMUSG00000002459-S,"1-Pentene, 1,3-diphenyl-1-(trimethylsilyloxy)-",,,,1.0,,1,-1,-1,-1
ENSMUSG00000002459-S,2-Ethyl-1-butanol,,,,1.0,,1,-1,-1,-1
ENSMUSG00000002459-S,"2-Methylcyclohexylamine, tert.-butyldimethylsilyl ether",,1.0,,1.0,,1,-1,-1,-1
ENSMUSG00000002459-S,2-Norbornanemethanol,,,,-1.0,,1,-1,-1,-1
ENSMUSG00000002459-S,3-(4-Methoxyphenyl)coumarin,,-1.0,,-1.0,,1,-1,-1,-1
ENSMUSG00000002459-S,7-Hydroxy-4-(methoxymethyl)coumarin,,1.0,,1.0,,1,-1,-1,-1
ENSMUSG00000002459-S,Adipoyl-L-carnitine,,1.0,,1.0,,1,-1,-1,-1
ENSMUSG00000002459-S,Chlorobenzilate,,,,-1.0,,1,-1,-1,-1
ENSMUSG00000002459-S,L-(+)-Threose,,1.0,,1.0,,1,-1,-1,-1
ENSMUSG00000002459-S,"l-Leucine, n-butoxycarbonyl-N-methyl-, hexadecyl ester",,,,-1.0,,1,-1,-1,-1
ENSMUSG00000002500-S,"1,2-Cinnolinedicarboxylic acid, 1,2,3,5,6,7,8,8a-octahydro-4-trimethylsilyloxy-, diethyl ester",,,,-1.0,,1,-1,-1,-1
ENSMUSG00000002500-S,"2,4-Dimethoxybenzaldoxime",,,,1.0,,1,-1,-1,-1
ENSMUSG00000002500-S,2-Ethyl-1-butanol,,,,1.0,,1,-1,-1,-1
ENSMUSG00000002500-S,6-Nitroveratryl alcohol,,,,-1.0,,1,-1,-1,-1
ENSMUSG00000002500-S,"Benzene, 1-ethyl-3,5-dimethyl",,,,1.0,,1,-1,-1,-1
ENSMUSG00000002500-S,Benzeneacetic acid,,-1.0,,-1.0,,1,-1,-1,-1
ENSMUSG00000002500-S,L-Serine,,,,1.0,,1,-1,-1,-1
ENSMUSG00000002732-S,"1,2-Bis(trimethylsiloxy)cyclohexene",,,,1.0,,1,-1,-1,-1
ENSMUSG00000002732-S,"1,2-Cinnolinedicarboxylic acid, 1,2,3,5,6,7,8,8a-octahydro-4-trimethylsilyloxy-, diethyl ester",,,,-1.0,,1,-1,-1,-1
ENSMUSG00000002732-S,"1-Pentene, 1,3-diphenyl-1-(trimethylsilyloxy)-",,,,1.0,,1,-1,-1,-1
ENSMUSG00000002732-S,"2,4-Dimethoxybenzaldoxime",,,,-1.0,,1,-1,-1,-1
ENSMUSG00000002732-S,6-Nitroveratryl alcohol,,,,1.0,,1,-1,-1,-1
ENSMUSG00000002732-S,L-Ornithine,,,,-1.0,,1,-1,-1,-1
ENSMUSG00000002732-S,Sarcosine,,,,1.0,,1,-1,-1,-1
ENSMUSG00000002797-S,"1,2-Cinnolinedicarboxylic acid, 1,2,3,5,6,7,8,8a-octahydro-4-trimethylsilyloxy-, diethyl ester",,,,-1.0,,1,-1,-1,-1
ENSMUSG00000002797-S,2-Norbornanemethanol,,,,-1.0,,1,-1,-1,-1
ENSMUSG00000002797-S,"4,5-Dihydro-1H-pyrazole",,,,1.0,,1,-1,-1,-1
ENSMUSG00000002797-S,4-tert-Butyldimethylsiloxy-3-penten-2-one,,-1.0,,-1.0,,1,-1,-1,-1
ENSMUSG00000002797-S,tert-butyl(dimethyl)silyl-2-([tert-butyl(dimethyl)silyl]oxy)hex-2-enoate,,1.0,,1.0,,1,-1,-1,-1
ENSMUSG00000002968-S,2-Ethyl-1-butanol,,,,1.0,,1,-1,-1,-1
ENSMUSG00000002968-S,3-(4-Methoxyphenyl)coumarin,,1.0,,1.0,,1,-1,-1,-1
ENSMUSG00000002968-S,L-(+)-Threose,,-1.0,,-1.0,,1,-1,-1,-1
ENSMUSG00000002968-S,"l-Leucine, n-butoxycarbonyl-N-methyl-, hexadecyl ester",,,,-1.0,,1,-1,-1,-1
ENSMUSG00000002996-S,"1-Pentene, 1,3-diphenyl-1-(trimethylsilyloxy)-",,,,1.0,,1,-1,-1,-1
ENSMUSG00000002996-S,4-tert-Butyldimethylsiloxy-3-penten-2-one,,1.0,,1.0,,1,-1,-1,-1
ENSMUSG00000002996-S,5-Nitroso-8-quinolinol,,,,1.0,,1,-1,-1,-1
ENSMUSG00000002996-S,7-Hydroxy-4-(methoxymethyl)coumarin,,1.0,,1.0,,1,-1,-1,-1
ENSMUSG00000002996-S,"l-Leucine, n-butoxycarbonyl-N-methyl-, hexadecyl ester",,,,-1.0,,1,-1,-1,-1
ENSMUSG00000002996-S,L-Ornithine,,,,1.0,,1,-1,-1,-1
ENSMUSG00000002996-S,tert-butyl(dimethyl)silyl-2-([tert-butyl(dimethyl)silyl]oxy)hex-2-enoate,,-1.0,,-1.0,,1,-1,-1,-1
ENSMUSG00000003198-S,"1,2-Bis(trimethylsiloxy)cyclohexene",,,,1.0,,1,-1,-1,-1
ENSMUSG00000003198-S,"Benzene, 1-ethyl-3,5-dimethyl",,,,1.0,,1,-1,-1,-1
ENSMUSG00000003198-S,Benzeneacetic acid,,-1.0,,-1.0,,1,-1,-1,-1
ENSMUSG00000003198-S,Diclofenac,,,,1.0,,1,-1,-1,-1
ENSMUSG00000003198-S,L-Ornithine,,,,-1.0,,1,-1,-1,-1
ENSMUSG00000003198-S,L-Val-L-Leu,,-1.0,,-1.0,,1,-1,-1,-1
ENSMUSG00000003402-S,"1,2-Bis(trimethylsiloxy)cyclohexene",,,,-1.0,,1,-1,-1,-1
ENSMUSG00000003402-S,"1-Pentene, 1,3-diphenyl-1-(trimethylsilyloxy)-",,,,1.0,,1,-1,-1,-1
ENSMUSG00000003402-S,3-(4-Methoxyphenyl)coumarin,,1.0,,1.0,,1,-1,-1,-1
ENSMUSG00000003402-S,L-(+)-Threose,,-1.0,,-1.0,,1,-1,-1,-1
ENSMUSG00000003402-S,L-Glutamic acid,,,,-1.0,,1,-1,-1,-1
ENSMUSG00000003436-S,2-Buten-1-ol,,,,-1.0,,1,-1,-1,-1
ENSMUSG00000003436-S,2-Norbornanemethanol,,,,1.0,,1,-1,-1,-1
ENSMUSG00000003436-S,5-Nitroso-8-quinolinol,,,,-1.0,,1,-1,-1,-1
ENSMUSG00000003436-S,7-Hydroxy-4-(methoxymethyl)coumarin,,1.0,,1.0,,1,-1,-1,-1
ENSMUSG00000003436-S,"Benzene, 1-ethyl-3,5-dimethyl",,,,1.0,,1,-1,-1,-1
ENSMUSG00000003436-S,"l-Leucine, n-butoxycarbonyl-N-methyl-, hexadecyl ester",,,,1.0,,1,-1,-1,-1
ENSMUSG00000003500-S,"1-Pentene, 1,3-diphenyl-1-(trimethylsilyloxy)-",,,,1.0,,1,-1,-1,-1
ENSMUSG00000003500-S,3-(4-Methoxyphenyl)coumarin,,1.0,,1.0,,1,-1,-1,-1
ENSMUSG00000003500-S,"4,5-Dihydro-1H-pyrazole",,,,1.0,,1,-1,-1,-1
ENSMUSG00000003500-S,7-Hydroxy-4-(methoxymethyl)coumarin,,1.0,,1.0,,1,-1,-1,-1
ENSMUSG00000003500-S,L-Glutamic acid,,,,-1.0,,1,-1,-1,-1
ENSMUSG00000003657-S,2-Buten-1-ol,,,,-1.0,,1,-1,-1,-1
ENSMUSG00000003657-S,2-Norbornanemethanol,,,,1.0,,1,-1,-1,-1
ENSMUSG00000003657-S,"3,3-Dimethylacrylic acid",,,,-1.0,,1,-1,-1,-1
ENSMUSG00000003657-S,5-Nitroso-8-quinolinol,,,,-1.0,,1,-1,-1,-1
ENSMUSG00000003657-S,"Benzene, 1-ethyl-3,5-dimethyl",,,,1.0,,1,-1,-1,-1
ENSMUSG00000003657-S,"l-Leucine, n-butoxycarbonyl-N-methyl-, hexadecyl ester",,,,1.0,,1,-1,-1,-1
ENSMUSG00000003657-S,L-Val-L-Leu,,-1.0,,-1.0,,1,-1,-1,-1
ENSMUSG00000003657-S,tert-butyl(dimethyl)silyl-2-([tert-butyl(dimethyl)silyl]oxy)hex-2-enoate,,-1.0,,-1.0,,1,-1,-1,-1
ENSMUSG00000003808-S,"1-Pentene, 1,3-diphenyl-1-(trimethylsilyloxy)-",,,,1.0,,1,-1,-1,-1
ENSMUSG00000003808-S,3-(4-Methoxyphenyl)coumarin,,1.0,,1.0,,1,-1,-1,-1
ENSMUSG00000003808-S,"4,5-Dihydro-1H-pyrazole",,,,1.0,,1,-1,-1,-1
ENSMUSG00000003808-S,L-(+)-Threose,,-1.0,,-1.0,,1,-1,-1,-1
ENSMUSG00000004071-S,"2,5-Dimethoxyphenol",,-0.7,-1.0,-0.903773601456181,-1.0,1,1,1,1
ENSMUSG00000004071-S,7-Hydroxy-4-(methoxymethyl)coumarin,,-1.0,,-1.0,,1,-1,-1,-1
ENSMUSG00000004071-S,alpha-Hydroxyisobutyric acid,,-1.0,,-1.0,,1,-1,-1,-1
ENSMUSG00000004071-S,Cyclooctylamine,,-0.8999999999999998,-1.0,-0.9288784237188524,-1.0,1,1,1,1
ENSMUSG00000004071-S,Diclofenac,,,,-1.0,,1,-1,-1,-1
ENSMUSG00000004071-S,L-(+)-Threose,,-1.0,,-1.0,,1,-1,-1,-1
ENSMUSG00000004071-S,"l-Leucine, n-butoxycarbonyl-N-methyl-, hexadecyl ester",,,,-1.0,,1,-1,-1,-1
ENSMUSG00000004071-S,"Naringenin 4',7-dimethylether",,-0.9746794344808964,-1.0,-0.9221722216732094,1.0,1,-1,-1,-1
ENSMUSG00000004266-S,2-Norbornanemethanol,,,,1.0,,1,-1,-1,-1
ENSMUSG00000004266-S,"4,5-Dihydro-1H-pyrazole",,,,1.0,,1,-1,-1,-1
ENSMUSG00000004266-S,Butachlor ESA,,-1.0,-1.0,-0.9642857142857144,-1.0,1,1,1,1
ENSMUSG00000004266-S,Diclofenac,,,,-1.0,,1,-1,-1,-1
ENSMUSG00000004266-S,L-Glutamine,,-0.7999999999999999,-1.0,-0.9,,1,-1,-1,-1
ENSMUSG00000004266-S,Lignoceric acid,,-0.8999999999999998,-1.0,-0.9166666666666666,-1.0,1,1,1,1
ENSMUSG00000004266-S,L-Ornithine,,,,1.0,,1,-1,-1,-1
ENSMUSG00000004266-S,L-Val-L-Leu,,-1.0,,-1.0,,1,-1,-1,-1
ENSMUSG00000004266-S,Octanoic acid,,-1.0,,-1.0,,1,-1,-1,-1
ENSMUSG00000004266-S,tert-butyl(dimethyl)silyl-2-([tert-butyl(dimethyl)silyl]oxy)hex-2-enoate,,-1.0,,-1.0,,1,-1,-1,-1
ENSMUSG00000004508-S,"1,2-Bis(trimethylsiloxy)cyclohexene",,,,1.0,,1,-1,-1,-1
ENSMUSG00000004508-S,"1,2-Cinnolinedicarboxylic acid, 1,2,3,5,6,7,8,8a-octahydro-4-trimethylsilyloxy-, diethyl ester",,,,-1.0,,1,-1,-1,-1
ENSMUSG00000004508-S,Ethanolamine,,-0.8999999999999998,-0.8660254037844387,-0.9623515200690814,,1,-1,-1,-1
ENSMUSG00000004508-S,L-Serine,,,,1.0,,1,-1,-1,-1
ENSMUSG00000004508-S,L-Val-L-Leu,,-1.0,,-1.0,,1,-1,-1,-1
ENSMUSG00000004508-S,tert-butyl(dimethyl)silyl-2-([tert-butyl(dimethyl)silyl]oxy)hex-2-enoate,,-1.0,,-1.0,,1,-1,-1,-1
ENSMUSG00000004530-S,2-Cyanobenzaldehyde,,-1.0,,-1.0,,1,-1,-1,-1
ENSMUSG00000004530-S,4-tert-Butyldimethylsiloxy-3-penten-2-one,,-1.0,,-1.0,,1,-1,-1,-1
ENSMUSG00000004530-S,Diclofenac,,,,-1.0,,1,-1,-1,-1
ENSMUSG00000004530-S,"l-Leucine, n-butoxycarbonyl-N-methyl-, hexadecyl ester",,,,-1.0,,1,-1,-1,-1
ENSMUSG00000004530-S,L-Val-L-Leu,,-1.0,,-1.0,,1,-1,-1,-1
ENSMUSG00000004530-S,Octanoic acid,,-1.0,,-1.0,,1,-1,-1,-1
ENSMUSG00000004929-S,"3,4,5-Trimethoxyamphetamine",,0.7999999999999999,0.5,0.9166666666666666,,1,-1,-1,-1
ENSMUSG00000004929-S,3-(4-Methoxyphenyl)coumarin,,1.0,,1.0,,1,-1,-1,-1
ENSMUSG00000004929-S,"Benzene, 1-ethyl-3,5-dimethyl",,,,-1.0,,1,-1,-1,-1
ENSMUSG00000004929-S,L-(+)-Threose,,-1.0,,-1.0,,1,-1,-1,-1
ENSMUSG00000004947-S,2-Norbornanemethanol,,,,-1.0,,1,-1,-1,-1
ENSMUSG00000004947-S,"4,5-Dihydro-1H-pyrazole",,,,1.0,,1,-1,-1,-1
ENSMUSG00000004947-S,4-tert-Butyldimethylsiloxy-3-penten-2-one,,1.0,,1.0,,1,-1,-1,-1
ENSMUSG00000004947-S,"Benzene, 1-ethyl-3,5-dimethyl",,,,-1.0,,1,-1,-1,-1
ENSMUSG00000004947-S,Diclofenac,,,,-1.0,,1,-1,-1,-1
ENSMUSG00000004947-S,L-(+)-Threose,,-1.0,,-1.0,,1,-1,-1,-1
ENSMUSG00000004947-S,L-Val-L-Leu,,1.0,,1.0,,1,-1,-1,-1
ENSMUSG00000005087-S,"1,2-Cinnolinedicarboxylic acid, 1,2,3,5,6,7,8,8a-octahydro-4-trimethylsilyloxy-, diethyl ester",,,,-1.0,,1,-1,-1,-1
ENSMUSG00000005087-S,2-Norbornanemethanol,,,,1.0,,1,-1,-1,-1
ENSMUSG00000005087-S,5-Nitroso-8-quinolinol,,,,1.0,,1,-1,-1,-1
ENSMUSG00000005087-S,"Benzene, 1-ethyl-3,5-dimethyl",,,,1.0,,1,-1,-1,-1
ENSMUSG00000005087-S,Benzeneacetic acid,,-1.0,,-1.0,,1,-1,-1,-1
ENSMUSG00000005087-S,"l-Leucine, n-butoxycarbonyl-N-methyl-, hexadecyl ester",,,,-1.0,,1,-1,-1,-1
ENSMUSG00000005087-S,L-Serine,,,,-1.0,,1,-1,-1,-1
ENSMUSG00000005087-S,L-Val-L-Leu,,-1.0,,-1.0,,1,-1,-1,-1
ENSMUSG00000005087-S,tert-butyl(dimethyl)silyl-2-([tert-butyl(dimethyl)silyl]oxy)hex-2-enoate,,-1.0,,-1.0,,1,-1,-1,-1
ENSMUSG00000005267-S,"1,2-Bis(trimethylsiloxy)cyclohexene",,,,1.0,,1,-1,-1,-1
ENSMUSG00000005267-S,"1,2-Cinnolinedicarboxylic acid, 1,2,3,5,6,7,8,8a-octahydro-4-trimethylsilyloxy-, diethyl ester",,,,-1.0,,1,-1,-1,-1
ENSMUSG00000005267-S,"1-Pentene, 1,3-diphenyl-1-(trimethylsilyloxy)-",,,,1.0,,1,-1,-1,-1
ENSMUSG00000005267-S,3-(4-Methoxyphenyl)coumarin,,-1.0,,-1.0,,1,-1,-1,-1
ENSMUSG00000005267-S,6-Nitroveratryl alcohol,,,,1.0,,1,-1,-1,-1
ENSMUSG00000005267-S,L-(+)-Threose,,1.0,,1.0,,1,-1,-1,-1
ENSMUSG00000005267-S,tert-butyl(dimethyl)silyl-2-([tert-butyl(dimethyl)silyl]oxy)hex-2-enoate,,-1.0,,-1.0,,1,-1,-1,-1
ENSMUSG00000005268-S,"2,4-Dimethoxybenzaldoxime",,,,1.0,,1,-1,-1,-1
ENSMUSG00000005268-S,"3,3-Dimethylacrylic acid",,,,-1.0,,1,-1,-1,-1
ENSMUSG00000005268-S,"4,5-Dihydro-1H-pyrazole",,,,-1.0,,1,-1,-1,-1
ENSMUSG00000005268-S,4-tert-Butyldimethylsiloxy-3-penten-2-one,,-1.0,,-1.0,,1,-1,-1,-1
ENSMUSG00000005268-S,L-Serine,,,,1.0,,1,-1,-1,-1
ENSMUSG00000005268-S,tert-butyl(dimethyl)silyl-2-([tert-butyl(dimethyl)silyl]oxy)hex-2-enoate,,1.0,,1.0,,1,-1,-1,-1
ENSMUSG00000005360-S,"1,2-Cinnolinedicarboxylic acid, 1,2,3,5,6,7,8,8a-octahydro-4-trimethylsilyloxy-, diethyl ester",,,,-1.0,,1,-1,-1,-1
ENSMUSG00000005360-S,3-(4-Methoxyphenyl)coumarin,,-1.0,,-1.0,,1,-1,-1,-1
ENSMUSG00000005360-S,Chlorobenzilate,,,,-1.0,,1,-1,-1,-1
ENSMUSG00000005360-S,Ethanolamine,,-0.7999999999999999,0.0,-0.9372466978064098,,1,-1,-1,-1
ENSMUSG00000005360-S,L-Serine,,,,1.0,,1,-1,-1,-1
ENSMUSG00000005360-S,tert-butyl(dimethyl)silyl-2-([tert-butyl(dimethyl)silyl]oxy)hex-2-enoate,,-1.0,,-1.0,,1,-1,-1,-1
ENSMUSG00000005506-S,"1,2-Cinnolinedicarboxylic acid, 1,2,3,5,6,7,8,8a-octahydro-4-trimethylsilyloxy-, diethyl ester",,,,-1.0,,1,-1,-1,-1
ENSMUSG00000005506-S,2-Ethyl-1-butanol,,,,1.0,,1,-1,-1,-1
ENSMUSG00000005506-S,3-(4-Methoxyphenyl)coumarin,,-1.0,,-1.0,,1,-1,-1,-1
ENSMUSG00000005506-S,"Benzene, 1-ethyl-3,5-dimethyl",,,,1.0,,1,-1,-1,-1
ENSMUSG00000005506-S,"l-Leucine, n-butoxycarbonyl-N-methyl-, hexadecyl ester",,,,-1.0,,1,-1,-1,-1
ENSMUSG00000006235-S,"2,4-Dimethoxybenzaldoxime",,,,1.0,,1,-1,-1,-1
ENSMUSG00000006235-S,5-Nitroso-8-quinolinol,,,,1.0,,1,-1,-1,-1
ENSMUSG00000006235-S,"Benzene, 1-ethyl-3,5-dimethyl",,,,1.0,,1,-1,-1,-1
ENSMUSG00000006235-S,"l-Leucine, n-butoxycarbonyl-N-methyl-, hexadecyl ester",,,,-1.0,,1,-1,-1,-1
ENSMUSG00000006235-S,L-Val-L-Leu,,1.0,,1.0,,1,-1,-1,-1
ENSMUSG00000006235-S,Myristic acid,,0.8207826816681233,1.0,0.9205101496312952,-1.0,1,-1,-1,-1
ENSMUSG00000006235-S,Pipecolic acid,,0.7,0.8660254037844387,0.8954053273686237,-1.0,1,-1,-1,-1
ENSMUSG00000006235-S,tert-butyl(dimethyl)silyl-2-([tert-butyl(dimethyl)silyl]oxy)hex-2-enoate,,1.0,,1.0,,1,-1,-1,-1
ENSMUSG00000006471-S,"1,2-Bis(trimethylsiloxy)cyclohexene",,,,-1.0,,1,-1,-1,-1
ENSMUSG00000006471-S,3-(4-Methoxyphenyl)coumarin,,1.0,,1.0,,1,-1,-1,-1
ENSMUSG00000006471-S,L-Ornithine,,,,1.0,,1,-1,-1,-1
ENSMUSG00000006575-S,"1-Pentene, 1,3-diphenyl-1-(trimethylsilyloxy)-",,,,1.0,,1,-1,-1,-1
ENSMUSG00000006575-S,"2-Methylcyclohexanol, (Z)",,-0.8999999999999998,-0.8660254037844387,-0.9193570532194486,,1,-1,-1,-1
ENSMUSG00000006575-S,3-(4-Methoxyphenyl)coumarin,,1.0,,1.0,,1,-1,-1,-1
ENSMUSG00000006575-S,"4,5-Dihydro-1H-pyrazole",,,,1.0,,1,-1,-1,-1
ENSMUSG00000006575-S,L-Glutamic acid,,,,-1.0,,1,-1,-1,-1
ENSMUSG00000006575-S,L-Val-L-Leu,,-1.0,,-1.0,,1,-1,-1,-1
ENSMUSG00000006587-S,"1,2-Bis(trimethylsiloxy)cyclohexene",,,,-1.0,,1,-1,-1,-1
ENSMUSG00000006587-S,"1-Pentene, 1,3-diphenyl-1-(trimethylsilyloxy)-",,,,-1.0,,1,-1,-1,-1
ENSMUSG00000006587-S,2-Norbornanemethanol,,,,-1.0,,1,-1,-1,-1
ENSMUSG00000006587-S,5-Nitroso-8-quinolinol,,,,-1.0,,1,-1,-1,-1
ENSMUSG00000006587-S,"Benzene, 1-ethyl-3,5-dimethyl",,,,-1.0,,1,-1,-1,-1
ENSMUSG00000006587-S,L-(+)-Threose,,-1.0,,-1.0,,1,-1,-1,-1
ENSMUSG00000006587-S,L-Val-L-Leu,,1.0,,1.0,,1,-1,-1,-1
ENSMUSG00000006587-S,tert-butyl(dimethyl)silyl-2-([tert-butyl(dimethyl)silyl]oxy)hex-2-enoate,,1.0,,1.0,,1,-1,-1,-1
ENSMUSG00000006673-S,"2,4-Dimethoxybenzaldoxime",,,,-1.0,,1,-1,-1,-1
ENSMUSG00000006673-S,2-Buten-1-ol,,,,-1.0,,1,-1,-1,-1
ENSMUSG00000006673-S,5-Nitroso-8-quinolinol,,,,-1.0,,1,-1,-1,-1
ENSMUSG00000006673-S,"Benzene, 1-ethyl-3,5-dimethyl",,,,-1.0,,1,-1,-1,-1
ENSMUSG00000006673-S,Benzeneacetic acid,,1.0,,1.0,,1,-1,-1,-1
ENSMUSG00000006673-S,L-(+)-Threose,,-1.0,,-1.0,,1,-1,-1,-1
ENSMUSG00000006673-S,"l-Leucine, n-butoxycarbonyl-N-methyl-, hexadecyl ester",,,,1.0,,1,-1,-1,-1
ENSMUSG00000006673-S,L-Ornithine,,,,-1.0,,1,-1,-1,-1
ENSMUSG00000006850-S,"1,2-Bis(trimethylsiloxy)cyclohexene",,,,1.0,,1,-1,-1,-1
ENSMUSG00000006850-S,"1-Pentene, 1,3-diphenyl-1-(trimethylsilyloxy)-",,,,-1.0,,1,-1,-1,-1
ENSMUSG00000006850-S,"2,4-Dimethoxybenzaldoxime",,,,1.0,,1,-1,-1,-1
ENSMUSG00000006850-S,7-Hydroxy-4-(methoxymethyl)coumarin,,-1.0,,-1.0,,1,-1,-1,-1
ENSMUSG00000006850-S,Diclofenac,,,,1.0,,1,-1,-1,-1
ENSMUSG00000006850-S,L-Serine,,,,1.0,,1,-1,-1,-1
ENSMUSG00000006941-S,"2,4-Di-tert-butylphenol",,,-1.0,-1.0,-1.0,1,1,1,1
ENSMUSG00000006941-S,alpha-Hydroxyisobutyric acid,,-0.8999999999999998,,-0.9642857142857144,,1,-1,-1,-1
ENSMUSG00000006941-S,Butanedioic acid,,-0.8999999999999998,-1.0,-0.8984341422975738,,1,-1,-1,-1
ENSMUSG00000006941-S,L-(+)-Threose,,-1.0,,-1.0,,1,-1,-1,-1
ENSMUSG00000006941-S,L-Glutamic acid,,,,-1.0,,1,-1,-1,-1
ENSMUSG00000006941-S,"l-Leucine, n-butoxycarbonyl-N-methyl-, hexadecyl ester",,,,1.0,,1,-1,-1,-1
ENSMUSG00000006941-S,L-Serine,,,,1.0,,1,-1,-1,-1
ENSMUSG00000007888-S,"1-Pentene, 1,3-diphenyl-1-(trimethylsilyloxy)-",,,,-1.0,,1,-1,-1,-1
ENSMUSG00000007888-S,2-Buten-1-ol,,,,-1.0,,1,-1,-1,-1
ENSMUSG00000007888-S,2-Norbornanemethanol,,,,1.0,,1,-1,-1,-1
ENSMUSG00000007888-S,Benzophenone,,-0.9746794344808964,-1.0,-0.9694893700057864,1.0,1,-1,-1,-1
ENSMUSG00000007888-S,L-(+)-Threose,,-1.0,,-1.0,,1,-1,-1,-1
ENSMUSG00000007888-S,"l-Leucine, n-butoxycarbonyl-N-methyl-, hexadecyl ester",,,,1.0,,1,-1,-1,-1
ENSMUSG00000008489-S,"1,2-Cinnolinedicarboxylic acid, 1,2,3,5,6,7,8,8a-octahydro-4-trimethylsilyloxy-, diethyl ester",,,,1.0,,1,-1,-1,-1
ENSMUSG00000008489-S,2-Ethyl-1-butanol,,,,-1.0,,1,-1,-1,-1
ENSMUSG00000008489-S,5-Nitroso-8-quinolinol,,,,-1.0,,1,-1,-1,-1
ENSMUSG00000008489-S,"l-Leucine, n-butoxycarbonyl-N-methyl-, hexadecyl ester",,,,1.0,,1,-1,-1,-1
ENSMUSG00000009894-S,"1,2-Cinnolinedicarboxylic acid, 1,2,3,5,6,7,8,8a-octahydro-4-trimethylsilyloxy-, diethyl ester",,,,-1.0,,1,-1,-1,-1
ENSMUSG00000009894-S,"1-Pentene, 1,3-diphenyl-1-(trimethylsilyloxy)-",,,,1.0,,1,-1,-1,-1
ENSMUSG00000009894-S,"2,4-Dimethoxybenzaldoxime",,,,-1.0,,1,-1,-1,-1
ENSMUSG00000009894-S,3-(4-Methoxyphenyl)coumarin,,1.0,,1.0,,1,-1,-1,-1
ENSMUSG00000009894-S,Diclofenac,,,,1.0,,1,-1,-1,-1
ENSMUSG00000009894-S,L-Glutamic acid,,,,-1.0,,1,-1,-1,-1
ENSMUSG00000009894-S,"l-Leucine, n-butoxycarbonyl-N-methyl-, hexadecyl ester",,,,1.0,,1,-1,-1,-1
ENSMUSG00000009894-S,L-Ornithine,,,,-1.0,,1,-1,-1,-1
ENSMUSG00000009894-S,L-Val-L-Leu,,-1.0,,-1.0,,1,-1,-1,-1
ENSMUSG00000010025-S,3-(4-Methoxyphenyl)coumarin,,-1.0,,-1.0,,1,-1,-1,-1
ENSMUSG00000010025-S,Diclofenac,,,,-1.0,,1,-1,-1,-1
ENSMUSG00000010025-S,Glycolic acid,,-1.0,-1.0,-0.9166666666666666,,1,-1,-1,-1
ENSMUSG00000010025-S,L-(+)-Threose,,1.0,,1.0,,1,-1,-1,-1
ENSMUSG00000010025-S,"l-Leucine, n-butoxycarbonyl-N-methyl-, hexadecyl ester",,,,-1.0,,1,-1,-1,-1
ENSMUSG00000010025-S,L-Ornithine,,,,1.0,,1,-1,-1,-1
ENSMUSG00000010025-S,tert-butyl(dimethyl)silyl-2-([tert-butyl(dimethyl)silyl]oxy)hex-2-enoate,,-1.0,,-1.0,,1,-1,-1,-1
ENSMUSG00000011306-S,"1-Pentene, 1,3-diphenyl-1-(trimethylsilyloxy)-",,,,1.0,,1,-1,-1,-1
ENSMUSG00000011306-S,"2,4-Dimethoxybenzaldoxime",,,,-1.0,,1,-1,-1,-1
ENSMUSG00000011306-S,3-(4-Methoxyphenyl)coumarin,,-1.0,,-1.0,,1,-1,-1,-1
ENSMUSG00000011306-S,"4,5-Dihydro-1H-pyrazole",,,,1.0,,1,-1,-1,-1
ENSMUSG00000011306-S,Chlorobenzilate,,,,-1.0,,1,-1,-1,-1
ENSMUSG00000011306-S,L-(+)-Threose,,1.0,,1.0,,1,-1,-1,-1
ENSMUSG00000011306-S,L-Serine,,,,-1.0,,1,-1,-1,-1
ENSMUSG00000011306-S,tert-butyl(dimethyl)silyl-2-([tert-butyl(dimethyl)silyl]oxy)hex-2-enoate,,-1.0,,-1.0,,1,-1,-1,-1
ENSMUSG00000011752-S,"1,2-Cinnolinedicarboxylic acid, 1,2,3,5,6,7,8,8a-octahydro-4-trimethylsilyloxy-, diethyl ester",,,,1.0,,1,-1,-1,-1
ENSMUSG00000011752-S,2-Norbornanemethanol,,,,-1.0,,1,-1,-1,-1
ENSMUSG00000011752-S,5-Nitroso-8-quinolinol,,,,-1.0,,1,-1,-1,-1
ENSMUSG00000011752-S,"Benzene, 1-ethyl-3,5-dimethyl",,,,-1.0,,1,-1,-1,-1
ENSMUSG00000011752-S,Benzeneacetic acid,,1.0,,1.0,,1,-1,-1,-1
ENSMUSG00000011752-S,"l-Leucine, n-butoxycarbonyl-N-methyl-, hexadecyl ester",,,,1.0,,1,-1,-1,-1
ENSMUSG00000011752-S,L-Serine,,,,1.0,,1,-1,-1,-1
ENSMUSG00000011752-S,L-Val-L-Leu,,1.0,,1.0,,1,-1,-1,-1
ENSMUSG00000011752-S,tert-butyl(dimethyl)silyl-2-([tert-butyl(dimethyl)silyl]oxy)hex-2-enoate,,1.0,,1.0,,1,-1,-1,-1
ENSMUSG00000012848-S,"1,2-Bis(trimethylsiloxy)cyclohexene",,,,1.0,,1,-1,-1,-1
ENSMUSG00000012848-S,"1,2-Cinnolinedicarboxylic acid, 1,2,3,5,6,7,8,8a-octahydro-4-trimethylsilyloxy-, diethyl ester",,,,-1.0,,1,-1,-1,-1
ENSMUSG00000012848-S,"1-Pentene, 1,3-diphenyl-1-(trimethylsilyloxy)-",,,,1.0,,1,-1,-1,-1
ENSMUSG00000012848-S,4-tert-Butyldimethylsiloxy-3-penten-2-one,,-1.0,,-1.0,,1,-1,-1,-1
ENSMUSG00000012848-S,7-Hydroxy-4-(methoxymethyl)coumarin,,-1.0,,-1.0,,1,-1,-1,-1
ENSMUSG00000012848-S,L-Pyroglutamic acid,,,,1.0,,1,-1,-1,-1
ENSMUSG00000012848-S,L-Serine,,,,1.0,,1,-1,-1,-1
ENSMUSG00000012848-S,Octanoic acid,,-1.0,,-1.0,,1,-1,-1,-1
ENSMUSG00000013698-S,"1,2-Bis(trimethylsiloxy)cyclohexene",,,,-1.0,,1,-1,-1,-1
ENSMUSG00000013698-S,"1,2-Cinnolinedicarboxylic acid, 1,2,3,5,6,7,8,8a-octahydro-4-trimethylsilyloxy-, diethyl ester",,,,-1.0,,1,-1,-1,-1
ENSMUSG00000013698-S,"1-Pentene, 1,3-diphenyl-1-(trimethylsilyloxy)-",,,,1.0,,1,-1,-1,-1
ENSMUSG00000013698-S,3-(4-Methoxyphenyl)coumarin,,1.0,,1.0,,1,-1,-1,-1
ENSMUSG00000013698-S,L-(+)-Threose,,-1.0,,-1.0,,1,-1,-1,-1
ENSMUSG00000013698-S,Phenol,,-0.7999999999999999,-1.0,-0.9523809523809524,,1,-1,-1,-1
ENSMUSG00000013736-S,"2,4-Dimethoxybenzaldoxime",,,,1.0,,1,-1,-1,-1
ENSMUSG00000013736-S,3-(4-Methoxyphenyl)coumarin,,-1.0,,-1.0,,1,-1,-1,-1
ENSMUSG00000013736-S,L-(+)-Threose,,1.0,,1.0,,1,-1,-1,-1
ENSMUSG00000013736-S,L-Ornithine,,,,1.0,,1,-1,-1,-1
ENSMUSG00000013736-S,Sarcosine,,,,-1.0,,1,-1,-1,-1
ENSMUSG00000014767-S,"1-Pentene, 1,3-diphenyl-1-(trimethylsilyloxy)-",,,,1.0,,1,-1,-1,-1
ENSMUSG00000014767-S,"3,3-Dimethylacrylic acid",,,,1.0,,1,-1,-1,-1
ENSMUSG00000014767-S,"4,5-Dihydro-1H-pyrazole",,,,1.0,,1,-1,-1,-1
ENSMUSG00000014767-S,7-Hydroxy-4-(methoxymethyl)coumarin,,1.0,,1.0,,1,-1,-1,-1
ENSMUSG00000014767-S,L-Glutamic acid,,,,-1.0,,1,-1,-1,-1
ENSMUSG00000014767-S,L-Val-L-Leu,,1.0,,1.0,,1,-1,-1,-1
ENSMUSG00000015133-S,"1,2-Cinnolinedicarboxylic acid, 1,2,3,5,6,7,8,8a-octahydro-4-trimethylsilyloxy-, diethyl ester",,,,-1.0,,1,-1,-1,-1
ENSMUSG00000015133-S,"3,3-Dimethylacrylic acid",,,,1.0,,1,-1,-1,-1
ENSMUSG00000015133-S,"l-Leucine, n-butoxycarbonyl-N-methyl-, hexadecyl ester",,,,-1.0,,1,-1,-1,-1
ENSMUSG00000015342-S,"1,2-Cinnolinedicarboxylic acid, 1,2,3,5,6,7,8,8a-octahydro-4-trimethylsilyloxy-, diethyl ester",,,,-1.0,,1,-1,-1,-1
ENSMUSG00000015342-S,"2,4-Dimethoxybenzaldoxime",,,,1.0,,1,-1,-1,-1
ENSMUSG00000015342-S,2-Norbornanemethanol,,,,-1.0,,1,-1,-1,-1
ENSMUSG00000015342-S,L-(+)-Threose,,-1.0,,-1.0,,1,-1,-1,-1
ENSMUSG00000015342-S,L-Serine,,,,1.0,,1,-1,-1,-1
ENSMUSG00000015342-S,L-Val-L-Leu,,1.0,,1.0,,1,-1,-1,-1
ENSMUSG00000015342-S,tert-butyl(dimethyl)silyl-2-([tert-butyl(dimethyl)silyl]oxy)hex-2-enoate,,1.0,,1.0,,1,-1,-1,-1
ENSMUSG00000015377-S,"1,2-Cinnolinedicarboxylic acid, 1,2,3,5,6,7,8,8a-octahydro-4-trimethylsilyloxy-, diethyl ester",,,,1.0,,1,-1,-1,-1
ENSMUSG00000015377-S,2-Buten-1-ol,,,,1.0,,1,-1,-1,-1
ENSMUSG00000015377-S,3-(4-Methoxyphenyl)coumarin,,1.0,,1.0,,1,-1,-1,-1
ENSMUSG00000015377-S,5-Nitroso-8-quinolinol,,,,1.0,,1,-1,-1,-1
ENSMUSG00000015377-S,7-Hydroxy-4-(methoxymethyl)coumarin,,-1.0,,-1.0,,1,-1,-1,-1
ENSMUSG00000015377-S,L-(+)-Threose,,-1.0,,-1.0,,1,-1,-1,-1
ENSMUSG00000015377-S,"l-Leucine, n-butoxycarbonyl-N-methyl-, hexadecyl ester",,,,-1.0,,1,-1,-1,-1
ENSMUSG00000015405-S,2-Buten-1-ol,,,,1.0,,1,-1,-1,-1
ENSMUSG00000015405-S,2-Norbornanemethanol,,,,1.0,,1,-1,-1,-1
ENSMUSG00000015405-S,5-Nitroso-8-quinolinol,,,,1.0,,1,-1,-1,-1
ENSMUSG00000015405-S,"Benzene, 1-ethyl-3,5-dimethyl",,,,1.0,,1,-1,-1,-1
ENSMUSG00000015405-S,"l-Leucine, n-butoxycarbonyl-N-methyl-, hexadecyl ester",,,,-1.0,,1,-1,-1,-1
ENSMUSG00000015405-S,L-Val-L-Leu,,-1.0,,-1.0,,1,-1,-1,-1
ENSMUSG00000015405-S,tert-butyl(dimethyl)silyl-2-([tert-butyl(dimethyl)silyl]oxy)hex-2-enoate,,-1.0,,-1.0,,1,-1,-1,-1
ENSMUSG00000015668-S,"1,2-Bis(trimethylsiloxy)cyclohexene",,,,1.0,,1,-1,-1,-1
ENSMUSG00000015668-S,"1,2-Cinnolinedicarboxylic acid, 1,2,3,5,6,7,8,8a-octahydro-4-trimethylsilyloxy-, diethyl ester",,,,-1.0,,1,-1,-1,-1
ENSMUSG00000015668-S,2-Ethyl-1-butanol,,,,1.0,,1,-1,-1,-1
ENSMUSG00000015668-S,2-Norbornanemethanol,,,,-1.0,,1,-1,-1,-1
ENSMUSG00000015668-S,3-(4-Methoxyphenyl)coumarin,,-1.0,,-1.0,,1,-1,-1,-1
ENSMUSG00000015668-S,4-Methylvaleric acid,,1.0,1.0,0.9761904761904764,,1,-1,-1,-1
ENSMUSG00000015668-S,Diclofenac,,,,1.0,,1,-1,-1,-1
ENSMUSG00000015668-S,L-(+)-Threose,,1.0,,1.0,,1,-1,-1,-1
ENSMUSG00000015668-S,L-Pyroglutamic acid,,,,1.0,,1,-1,-1,-1
ENSMUSG00000015668-S,L-Serine,,,,1.0,,1,-1,-1,-1
ENSMUSG00000015668-S,L-Val-L-Leu,,1.0,,1.0,,1,-1,-1,-1
ENSMUSG00000015843-S,"1,2-Cinnolinedicarboxylic acid, 1,2,3,5,6,7,8,8a-octahydro-4-trimethylsilyloxy-, diethyl ester",,,,-1.0,,1,-1,-1,-1
ENSMUSG00000015843-S,2-Norbornanemethanol,,,,-1.0,,1,-1,-1,-1
ENSMUSG00000015843-S,"3,4-Methylenedioxyamphetamine",,1.0,,1.0,-1.0,1,-1,-1,-1
ENSMUSG00000015843-S,5-Nitroso-8-quinolinol,,,,1.0,,1,-1,-1,-1
ENSMUSG00000015843-S,"l-Leucine, n-butoxycarbonyl-N-methyl-, hexadecyl ester",,,,-1.0,,1,-1,-1,-1
ENSMUSG00000015937-S,"2,4-Dimethoxybenzaldoxime",,,,-1.0,,1,-1,-1,-1
ENSMUSG00000015937-S,Benzeneacetic acid,,1.0,,1.0,,1,-1,-1,-1
ENSMUSG00000015937-S,L-(+)-Threose,,-1.0,,-1.0,,1,-1,-1,-1
ENSMUSG00000015937-S,L-Ornithine,,,,-1.0,,1,-1,-1,-1
ENSMUSG00000015937-S,"Naringenin 4',7-dimethylether",,-0.9746794344808964,-1.0,-0.9700772721497396,1.0,1,-1,-1,-1
ENSMUSG00000016087-S,3-(4-Methoxyphenyl)coumarin,,-1.0,,-1.0,,1,-1,-1,-1
ENSMUSG00000016087-S,5-Nitroso-8-quinolinol,,,,-1.0,,1,-1,-1,-1
ENSMUSG00000016087-S,7-Hydroxy-4-(methoxymethyl)coumarin,,1.0,,1.0,,1,-1,-1,-1
ENSMUSG00000016087-S,L-(+)-Threose,,1.0,,1.0,,1,-1,-1,-1
ENSMUSG00000016087-S,"l-Leucine, n-butoxycarbonyl-N-methyl-, hexadecyl ester",,,,1.0,,1,-1,-1,-1
ENSMUSG00000016087-S,L-Val-L-Leu,,1.0,,1.0,,1,-1,-1,-1
ENSMUSG00000016386-S,"1,2-Cinnolinedicarboxylic acid, 1,2,3,5,6,7,8,8a-octahydro-4-trimethylsilyloxy-, diethyl ester",,,,-1.0,,1,-1,-1,-1
ENSMUSG00000016386-S,3-(4-Methoxyphenyl)coumarin,,-1.0,,-1.0,,1,-1,-1,-1
ENSMUSG00000016386-S,5-Nitroso-8-quinolinol,,,,1.0,,1,-1,-1,-1
ENSMUSG00000016386-S,"Benzene, 1-ethyl-3,5-dimethyl",,,,1.0,,1,-1,-1,-1
ENSMUSG00000016386-S,L-(+)-Threose,,1.0,,1.0,,1,-1,-1,-1
ENSMUSG00000016386-S,"l-Leucine, n-butoxycarbonyl-N-methyl-, hexadecyl ester",,,,-1.0,,1,-1,-1,-1
ENSMUSG00000016541-S,"(2R)-Pyrrolidine-1,2-dicarboxylic acid, bis(tert-butyldimethylsilyl) ester",,-0.8999999999999998,-1.0,-0.95,,1,-1,-1,-1
ENSMUSG00000016541-S,"1,2-Bis(trimethylsiloxy)cyclohexene",,,,-1.0,,1,-1,-1,-1
ENSMUSG00000016541-S,3-(4-Methoxyphenyl)coumarin,,1.0,,1.0,,1,-1,-1,-1
ENSMUSG00000016541-S,3-Hydroxymethyl-2-trimethylsilyloxypentane,,-1.0,,-1.0,,1,-1,-1,-1
ENSMUSG00000016541-S,5-Nitroso-8-quinolinol,,,,-1.0,,1,-1,-1,-1
ENSMUSG00000016541-S,7-Hydroxy-4-(methoxymethyl)coumarin,,-1.0,,-1.0,,1,-1,-1,-1
ENSMUSG00000016541-S,"Benzene, 1-ethyl-3,5-dimethyl",,,,-1.0,,1,-1,-1,-1
ENSMUSG00000016541-S,"Erythrono-1,4-lactone",,-0.7,-1.0,-0.9456149718939671,-1.0,1,1,1,1
ENSMUSG00000016541-S,L-(+)-Threose,,-1.0,,-1.0,,1,-1,-1,-1
ENSMUSG00000016541-S,L-Ornithine,,,,1.0,,1,-1,-1,-1
ENSMUSG00000016541-S,L-Val-L-Leu,,-1.0,,-1.0,,1,-1,-1,-1
ENSMUSG00000016833-S,"1,2-Cinnolinedicarboxylic acid, 1,2,3,5,6,7,8,8a-octahydro-4-trimethylsilyloxy-, diethyl ester",,,,-1.0,,1,-1,-1,-1
ENSMUSG00000016833-S,2-Cyanobenzaldehyde,,-1.0,,-1.0,,1,-1,-1,-1
ENSMUSG00000016833-S,4-tert-Butyldimethylsiloxy-3-penten-2-one,,-1.0,,-1.0,,1,-1,-1,-1
ENSMUSG00000016833-S,7-Hydroxy-4-(methoxymethyl)coumarin,,-1.0,,-1.0,,1,-1,-1,-1
ENSMUSG00000016833-S,"l-Leucine, n-butoxycarbonyl-N-methyl-, hexadecyl ester",,,,-1.0,,1,-1,-1,-1
ENSMUSG00000016833-S,L-Val-L-Leu,,-1.0,,-1.0,,1,-1,-1,-1
ENSMUSG00000016933-S,"1-Pentene, 1,3-diphenyl-1-(trimethylsilyloxy)-",,,,1.0,,1,-1,-1,-1
ENSMUSG00000016933-S,2-Cyanobenzaldehyde,,-1.0,,-1.0,,1,-1,-1,-1
ENSMUSG00000016933-S,4-tert-Butyldimethylsiloxy-3-penten-2-one,,-1.0,,-1.0,,1,-1,-1,-1
ENSMUSG00000016933-S,"l-Leucine, n-butoxycarbonyl-N-methyl-, hexadecyl ester",,,,-1.0,,1,-1,-1,-1
ENSMUSG00000016933-S,L-Ornithine,,,,1.0,,1,-1,-1,-1
ENSMUSG00000016933-S,L-Val-L-Leu,,-1.0,,-1.0,,1,-1,-1,-1
ENSMUSG00000017491-S,"1,2-Bis(trimethylsiloxy)cyclohexene",,,,1.0,,1,-1,-1,-1
ENSMUSG00000017491-S,"1,2-Cinnolinedicarboxylic acid, 1,2,3,5,6,7,8,8a-octahydro-4-trimethylsilyloxy-, diethyl ester",,,,-1.0,,1,-1,-1,-1
ENSMUSG00000017491-S,2-Norbornanemethanol,,,,-1.0,,1,-1,-1,-1
ENSMUSG00000017491-S,3-(4-Methoxyphenyl)coumarin,,-1.0,,-1.0,,1,-1,-1,-1
ENSMUSG00000017491-S,"3,4-Methylenedioxyamphetamine",,1.0,,1.0,-1.0,1,-1,-1,-1
ENSMUSG00000017491-S,5-Nitroso-8-quinolinol,,,,1.0,,1,-1,-1,-1
ENSMUSG00000017491-S,Diclofenac,,,,1.0,,1,-1,-1,-1
ENSMUSG00000017491-S,L-Pyroglutamic acid,,,,1.0,,1,-1,-1,-1
ENSMUSG00000017491-S,L-Serine,,,,1.0,,1,-1,-1,-1
ENSMUSG00000018411-S,"2-Methylcyclohexanol, (Z)",,-0.8999999999999998,-0.8660254037844387,-0.9534073144497984,,1,-1,-1,-1
ENSMUSG00000018411-S,3-(4-Methoxyphenyl)coumarin,,1.0,,1.0,,1,-1,-1,-1
ENSMUSG00000018411-S,"4,5-Dihydro-1H-pyrazole",,,,1.0,,1,-1,-1,-1
ENSMUSG00000018411-S,L-(+)-Threose,,-1.0,,-1.0,,1,-1,-1,-1
ENSMUSG00000018411-S,L-Ornithine,,,,1.0,,1,-1,-1,-1
ENSMUSG00000018411-S,L-Val-L-Leu,,-1.0,,-1.0,,1,-1,-1,-1
ENSMUSG00000018412-S,"1,2-Cinnolinedicarboxylic acid, 1,2,3,5,6,7,8,8a-octahydro-4-trimethylsilyloxy-, diethyl ester",,,,-1.0,,1,-1,-1,-1
ENSMUSG00000018412-S,"1-Pentene, 1,3-diphenyl-1-(trimethylsilyloxy)-",,,,1.0,,1,-1,-1,-1
ENSMUSG00000018412-S,2-Ethyl-1-butanol,,,,1.0,,1,-1,-1,-1
ENSMUSG00000018412-S,2-Norbornanemethanol,,,,-1.0,,1,-1,-1,-1
ENSMUSG00000018412-S,3-(4-Methoxyphenyl)coumarin,,1.0,,1.0,,1,-1,-1,-1
ENSMUSG00000018412-S,"l-Leucine, n-butoxycarbonyl-N-methyl-, hexadecyl ester",,,,-1.0,,1,-1,-1,-1
ENSMUSG00000018412-S,Lupinine,,1.0,,1.0,,1,-1,-1,-1
ENSMUSG00000018412-S,tert-butyl(dimethyl)silyl-2-([tert-butyl(dimethyl)silyl]oxy)hex-2-enoate,,1.0,,1.0,,1,-1,-1,-1
ENSMUSG00000018574-S,"1-Pentene, 1,3-diphenyl-1-(trimethylsilyloxy)-",,,,1.0,,1,-1,-1,-1
ENSMUSG00000018574-S,Benzeneacetic acid,,-1.0,,-1.0,,1,-1,-1,-1
ENSMUSG00000018574-S,"l-Leucine, n-butoxycarbonyl-N-methyl-, hexadecyl ester",,,,1.0,,1,-1,-1,-1
ENSMUSG00000018574-S,L-Val-L-Leu,,-1.0,,-1.0,,1,-1,-1,-1
ENSMUSG00000018574-S,tert-butyl(dimethyl)silyl-2-([tert-butyl(dimethyl)silyl]oxy)hex-2-enoate,,-1.0,,-1.0,,1,-1,-1,-1
ENSMUSG00000018809-S,"3,3-Dimethylacrylic acid",,,,1.0,,1,-1,-1,-1
ENSMUSG00000018809-S,"4,5-Dihydro-1H-pyrazole",,,,1.0,,1,-1,-1,-1
ENSMUSG00000018809-S,4-tert-Butyldimethylsiloxy-3-penten-2-one,,1.0,,1.0,,1,-1,-1,-1
ENSMUSG00000018809-S,7-Hydroxy-4-(methoxymethyl)coumarin,,1.0,,1.0,,1,-1,-1,-1
ENSMUSG00000018809-S,"Benzene, 1-ethyl-3,5-dimethyl",,,,1.0,,1,-1,-1,-1
ENSMUSG00000018809-S,L-Glutamic acid,,,,-1.0,,1,-1,-1,-1
ENSMUSG00000018858-S,"1,2-Cinnolinedicarboxylic acid, 1,2,3,5,6,7,8,8a-octahydro-4-trimethylsilyloxy-, diethyl ester",,,,-1.0,,1,-1,-1,-1
ENSMUSG00000018858-S,"1-Pentene, 1,3-diphenyl-1-(trimethylsilyloxy)-",,,,1.0,,1,-1,-1,-1
ENSMUSG00000018858-S,"2-Methylcyclohexylamine, tert.-butyldimethylsilyl ether",,1.0,,1.0,,1,-1,-1,-1
ENSMUSG00000018858-S,2-Norbornanemethanol,,,,-1.0,,1,-1,-1,-1
ENSMUSG00000018858-S,3-(4-Methoxyphenyl)coumarin,,-1.0,,-1.0,,1,-1,-1,-1
ENSMUSG00000018858-S,Adipoyl-L-carnitine,,1.0,,1.0,,1,-1,-1,-1
ENSMUSG00000018858-S,Chlorobenzilate,,,,-1.0,,1,-1,-1,-1
ENSMUSG00000018858-S,Diclofenac,,,,1.0,,1,-1,-1,-1
ENSMUSG00000018858-S,L-(+)-Threose,,1.0,,1.0,,1,-1,-1,-1
ENSMUSG00000018858-S,L-Serine,,,,1.0,,1,-1,-1,-1
ENSMUSG00000018920-S,"2',3'-Di-O-acetyladenosine",,,,1.0,,1,-1,-1,-1
ENSMUSG00000018920-S,3-(4-Methoxyphenyl)coumarin,,1.0,,1.0,,1,-1,-1,-1
ENSMUSG00000018920-S,7-Hydroxy-4-(methoxymethyl)coumarin,,1.0,,1.0,,1,-1,-1,-1
ENSMUSG00000018920-S,Diclofenac,,,,1.0,,1,-1,-1,-1
ENSMUSG00000018920-S,Levulinic acid,,0.8720815992723809,1.0,0.9534240678392276,,1,-1,-1,-1
ENSMUSG00000018920-S,L-Ornithine,,,,-1.0,,1,-1,-1,-1
ENSMUSG00000018995-S,"1,2-Cinnolinedicarboxylic acid, 1,2,3,5,6,7,8,8a-octahydro-4-trimethylsilyloxy-, diethyl ester",,,,-1.0,,1,-1,-1,-1
ENSMUSG00000018995-S,"2,4-Dimethoxybenzaldoxime",,,,1.0,,1,-1,-1,-1
ENSMUSG00000018995-S,3-(4-Methoxyphenyl)coumarin,,-1.0,,-1.0,,1,-1,-1,-1
ENSMUSG00000018995-S,7-Hydroxy-4-(methoxymethyl)coumarin,,-1.0,,-1.0,,1,-1,-1,-1
ENSMUSG00000018995-S,"l-Leucine, n-butoxycarbonyl-N-methyl-, hexadecyl ester",,,,-1.0,,1,-1,-1,-1
ENSMUSG00000019146-S,"1,2-Cinnolinedicarboxylic acid, 1,2,3,5,6,7,8,8a-octahydro-4-trimethylsilyloxy-, diethyl ester",,,,-1.0,,1,-1,-1,-1
ENSMUSG00000019146-S,2-Ethyl-1-butanol,,,,1.0,,1,-1,-1,-1
ENSMUSG00000019146-S,4-tert-Butyldimethylsiloxy-3-penten-2-one,,1.0,,1.0,,1,-1,-1,-1
ENSMUSG00000019146-S,7-Hydroxy-4-(methoxymethyl)coumarin,,1.0,,1.0,,1,-1,-1,-1
ENSMUSG00000019146-S,"l-Leucine, n-butoxycarbonyl-N-methyl-, hexadecyl ester",,,,-1.0,,1,-1,-1,-1
ENSMUSG00000019146-S,tert-butyl(dimethyl)silyl-2-([tert-butyl(dimethyl)silyl]oxy)hex-2-enoate,,-1.0,,-1.0,,1,-1,-1,-1
ENSMUSG00000019158-S,"2,4-Dimethoxybenzaldoxime",,,,-1.0,,1,-1,-1,-1
ENSMUSG00000019158-S,"2,4-Di-tert-butylphenol",,,-1.0,-1.0,-1.0,1,1,1,1
ENSMUSG00000019158-S,Butanedioic acid,,-0.7999999999999999,-1.0,-0.8984341422975738,,1,-1,-1,-1
ENSMUSG00000019158-S,L-Glutamic acid,,,,-1.0,,1,-1,-1,-1
ENSMUSG00000019158-S,"l-Leucine, n-butoxycarbonyl-N-methyl-, hexadecyl ester",,,,1.0,,1,-1,-1,-1
ENSMUSG00000019158-S,L-Ornithine,,,,-1.0,,1,-1,-1,-1
ENSMUSG00000019188-S,"1,2-Bis(trimethylsiloxy)cyclohexene",,,,1.0,,1,-1,-1,-1
ENSMUSG00000019188-S,"1-Pentene, 1,3-diphenyl-1-(trimethylsilyloxy)-",,,,1.0,,1,-1,-1,-1
ENSMUSG00000019188-S,2-Ethyl-1-butanol,,,,1.0,,1,-1,-1,-1
ENSMUSG00000019188-S,3-(4-Methoxyphenyl)coumarin,,1.0,,1.0,,1,-1,-1,-1
ENSMUSG00000019188-S,L-(+)-Threose,,-1.0,,-1.0,,1,-1,-1,-1
ENSMUSG00000019188-S,L-Pyroglutamic acid,,,,1.0,,1,-1,-1,-1
ENSMUSG00000019188-S,L-Serine,,,,1.0,,1,-1,-1,-1
ENSMUSG00000019820-S,2-Norbornanemethanol,,,,-1.0,,1,-1,-1,-1
ENSMUSG00000019820-S,3-(4-Methoxyphenyl)coumarin,,-1.0,,-1.0,,1,-1,-1,-1
ENSMUSG00000019820-S,L-(+)-Threose,,1.0,,1.0,,1,-1,-1,-1
ENSMUSG00000019820-S,"l-Leucine, n-butoxycarbonyl-N-methyl-, hexadecyl ester",,,,-1.0,,1,-1,-1,-1
ENSMUSG00000019820-S,L-Val-L-Leu,,1.0,,1.0,,1,-1,-1,-1
ENSMUSG00000019820-S,Xylazine,,0.8999999999999998,1.0,0.9288784237188524,1.0,1,1,1,1
ENSMUSG00000019843-S,"1,2-Bis(trimethylsiloxy)cyclohexene",,,,-1.0,,1,-1,-1,-1
ENSMUSG00000019843-S,2-Ethyl-1-butanol,,,,-1.0,,1,-1,-1,-1
ENSMUSG00000019843-S,2-Norbornanemethanol,,,,1.0,,1,-1,-1,-1
ENSMUSG00000019843-S,3-(4-Methoxyphenyl)coumarin,,-1.0,,-1.0,,1,-1,-1,-1
ENSMUSG00000019843-S,L-(+)-Threose,,1.0,,1.0,,1,-1,-1,-1
ENSMUSG00000019843-S,L-Serine,,,,-1.0,,1,-1,-1,-1
ENSMUSG00000019843-S,tert-butyl(dimethyl)silyl-2-([tert-butyl(dimethyl)silyl]oxy)hex-2-enoate,,-1.0,,-1.0,,1,-1,-1,-1
ENSMUSG00000019872-S,"1,2-Cinnolinedicarboxylic acid, 1,2,3,5,6,7,8,8a-octahydro-4-trimethylsilyloxy-, diethyl ester",,,,-1.0,,1,-1,-1,-1
ENSMUSG00000019872-S,"2,4-Dimethoxybenzaldoxime",,,,-1.0,,1,-1,-1,-1
ENSMUSG00000019872-S,L-(+)-Threose,,-1.0,,-1.0,,1,-1,-1,-1
ENSMUSG00000019872-S,L-Ornithine,,,,-1.0,,1,-1,-1,-1
ENSMUSG00000019872-S,"Naringenin 4',7-dimethylether",,-0.9746794344808964,-0.5,-0.934148484292342,1.0,1,-1,-1,-1
ENSMUSG00000019872-S,Sarcosine,,,,1.0,,1,-1,-1,-1
ENSMUSG00000019951-S,"2,4-Di-tert-butylphenol",,,-1.0,-1.0,1.0,1,-1,-1,-1
ENSMUSG00000019951-S,2-Norbornanemethanol,,,,-1.0,,1,-1,-1,-1
ENSMUSG00000019951-S,4-tert-Butyldimethylsiloxy-3-penten-2-one,,1.0,,1.0,,1,-1,-1,-1
ENSMUSG00000019951-S,7-Hydroxy-4-(methoxymethyl)coumarin,,1.0,,1.0,,1,-1,-1,-1
ENSMUSG00000019951-S,L-Glutamic acid,,,,-1.0,,1,-1,-1,-1
ENSMUSG00000019951-S,"l-Leucine, n-butoxycarbonyl-N-methyl-, hexadecyl ester",,,,1.0,,1,-1,-1,-1
ENSMUSG00000019951-S,L-Serine,,,,1.0,,1,-1,-1,-1
ENSMUSG00000019951-S,Octacosanol,,-1.0,,-1.0,,1,-1,-1,-1
ENSMUSG00000019984-S,"2,4-Di-tert-butylphenol",,,-1.0,-1.0,-1.0,1,1,1,1
ENSMUSG00000019984-S,2-Norbornanemethanol,,,,-1.0,,1,-1,-1,-1
ENSMUSG00000019984-S,7-Hydroxy-4-(methoxymethyl)coumarin,,-1.0,,-1.0,,1,-1,-1,-1
ENSMUSG00000019984-S,Ethanolamine,,-0.8999999999999998,0.0,-0.9539832459815244,,1,-1,-1,-1
ENSMUSG00000019984-S,"l-Leucine, n-butoxycarbonyl-N-methyl-, hexadecyl ester",,,,1.0,,1,-1,-1,-1
ENSMUSG00000019984-S,L-Pyroglutamic acid,,,,1.0,,1,-1,-1,-1
ENSMUSG00000019984-S,L-Serine,,,,1.0,,1,-1,-1,-1
ENSMUSG00000019984-S,L-Val-L-Leu,,-1.0,,-1.0,,1,-1,-1,-1
ENSMUSG00000019984-S,Octacosanol,,-1.0,,-1.0,,1,-1,-1,-1
ENSMUSG00000020014-S,"1,2-Bis(trimethylsiloxy)cyclohexene",,,,-1.0,,1,-1,-1,-1
ENSMUSG00000020014-S,"3,3-Dimethylacrylic acid",,,,1.0,,1,-1,-1,-1
ENSMUSG00000020014-S,4-tert-Butyldimethylsiloxy-3-penten-2-one,,1.0,,1.0,,1,-1,-1,-1
ENSMUSG00000020014-S,5-Nitroso-8-quinolinol,,,,-1.0,,1,-1,-1,-1
ENSMUSG00000020014-S,Chlorobenzilate,,,,-1.0,,1,-1,-1,-1
ENSMUSG00000020014-S,L-(+)-Threose,,-1.0,,-1.0,,1,-1,-1,-1
ENSMUSG00000020014-S,L-Ornithine,,,,1.0,,1,-1,-1,-1
ENSMUSG00000020015-S,2-Norbornanemethanol,,,,-1.0,,1,-1,-1,-1
ENSMUSG00000020015-S,3-(4-Methoxyphenyl)coumarin,,-1.0,,-1.0,,1,-1,-1,-1
ENSMUSG00000020015-S,7-Hydroxy-4-(methoxymethyl)coumarin,,1.0,,1.0,,1,-1,-1,-1
ENSMUSG00000020015-S,Chlorobenzilate,,,,-1.0,,1,-1,-1,-1
ENSMUSG00000020015-S,L-(+)-Threose,,1.0,,1.0,,1,-1,-1,-1
ENSMUSG00000020015-S,L-Glutamic acid,,,,-1.0,,1,-1,-1,-1
ENSMUSG00000020015-S,"l-Leucine, n-butoxycarbonyl-N-methyl-, hexadecyl ester",,,,1.0,,1,-1,-1,-1
ENSMUSG00000020015-S,L-Serine,,,,1.0,,1,-1,-1,-1
ENSMUSG00000020015-S,Octacosanol,,-1.0,,-1.0,,1,-1,-1,-1
ENSMUSG00000020111-S,"1-Pentene, 1,3-diphenyl-1-(trimethylsilyloxy)-",,,,1.0,,1,-1,-1,-1
ENSMUSG00000020111-S,2-Ethyl-1-butanol,,,,1.0,,1,-1,-1,-1
ENSMUSG00000020111-S,2-Norbornanemethanol,,,,-1.0,,1,-1,-1,-1
ENSMUSG00000020111-S,3-(4-Methoxyphenyl)coumarin,,1.0,,1.0,,1,-1,-1,-1
ENSMUSG00000020111-S,Diclofenac,,,,1.0,,1,-1,-1,-1
ENSMUSG00000020111-S,L-(+)-Threose,,-1.0,,-1.0,,1,-1,-1,-1
ENSMUSG00000020111-S,L-Pyroglutamic acid,,,,1.0,,1,-1,-1,-1
ENSMUSG00000020111-S,L-Serine,,,,1.0,,1,-1,-1,-1
ENSMUSG00000020111-S,tert-butyl(dimethyl)silyl-2-([tert-butyl(dimethyl)silyl]oxy)hex-2-enoate,,1.0,,1.0,,1,-1,-1,-1
ENSMUSG00000020142-S,"1,2-Bis(trimethylsiloxy)cyclohexene",,,,-1.0,,1,-1,-1,-1
ENSMUSG00000020142-S,"2,4-Dimethoxybenzaldoxime",,,,-1.0,,1,-1,-1,-1
ENSMUSG00000020142-S,"3,3-Dimethylacrylic acid",,,,1.0,,1,-1,-1,-1
ENSMUSG00000020142-S,Chlorobenzilate,,,,-1.0,,1,-1,-1,-1
ENSMUSG00000020142-S,Diclofenac,,,,-1.0,,1,-1,-1,-1
ENSMUSG00000020142-S,L-Serine,,,,-1.0,,1,-1,-1,-1
ENSMUSG00000020163-S,"1,2-Cinnolinedicarboxylic acid, 1,2,3,5,6,7,8,8a-octahydro-4-trimethylsilyloxy-, diethyl ester",,,,-1.0,,1,-1,-1,-1
ENSMUSG00000020163-S,"1-Pentene, 1,3-diphenyl-1-(trimethylsilyloxy)-",,,,1.0,,1,-1,-1,-1
ENSMUSG00000020163-S,2-Ethyl-1-butanol,,,,1.0,,1,-1,-1,-1
ENSMUSG00000020163-S,2-Norbornanemethanol,,,,-1.0,,1,-1,-1,-1
ENSMUSG00000020163-S,3-(4-Methoxyphenyl)coumarin,,1.0,,1.0,,1,-1,-1,-1
ENSMUSG00000020163-S,L-(+)-Threose,,-1.0,,-1.0,,1,-1,-1,-1
ENSMUSG00000020163-S,L-Pyroglutamic acid,,,,1.0,,1,-1,-1,-1
ENSMUSG00000020163-S,L-Serine,,,,1.0,,1,-1,-1,-1
ENSMUSG00000020163-S,Phenol,,-0.7999999999999999,-0.5,-0.9285714285714288,,1,-1,-1,-1
ENSMUSG00000020163-S,tert-butyl(dimethyl)silyl-2-([tert-butyl(dimethyl)silyl]oxy)hex-2-enoate,,1.0,,1.0,,1,-1,-1,-1
ENSMUSG00000020178-S,2-Buten-1-ol,,,,1.0,,1,-1,-1,-1
ENSMUSG00000020178-S,2-Ethyl-1-butanol,,,,1.0,,1,-1,-1,-1
ENSMUSG00000020178-S,2-Norbornanemethanol,,,,-1.0,,1,-1,-1,-1
ENSMUSG00000020178-S,5-Nitroso-8-quinolinol,,,,1.0,,1,-1,-1,-1
ENSMUSG00000020178-S,"l-Leucine, n-butoxycarbonyl-N-methyl-, hexadecyl ester",,,,-1.0,,1,-1,-1,-1
ENSMUSG00000020189-S,"1,2-Bis(trimethylsiloxy)cyclohexene",,,,1.0,,1,-1,-1,-1
ENSMUSG00000020189-S,"1,2-Cinnolinedicarboxylic acid, 1,2,3,5,6,7,8,8a-octahydro-4-trimethylsilyloxy-, diethyl ester",,,,-1.0,,1,-1,-1,-1
ENSMUSG00000020189-S,"2,4-Dimethoxybenzaldoxime",,,,1.0,,1,-1,-1,-1
ENSMUSG00000020189-S,3-(4-Methoxyphenyl)coumarin,,-1.0,,-1.0,,1,-1,-1,-1
ENSMUSG00000020189-S,"Benzene, 1-ethyl-3,5-dimethyl",,,,1.0,,1,-1,-1,-1
ENSMUSG00000020189-S,Diclofenac,,,,1.0,,1,-1,-1,-1
ENSMUSG00000020189-S,L-Serine,,,,1.0,,1,-1,-1,-1
ENSMUSG00000020189-S,L-Val-L-Leu,,1.0,,1.0,,1,-1,-1,-1
ENSMUSG00000020193-S,"1,2-Bis(trimethylsiloxy)cyclohexene",,,,1.0,,1,-1,-1,-1
ENSMUSG00000020193-S,2-Norbornanemethanol,,,,-1.0,,1,-1,-1,-1
ENSMUSG00000020193-S,"5-Ethyl-1,3-dioxane-5-methanol, tert-butyldimethylsilyl ether",,1.0,,1.0,,1,-1,-1,-1
ENSMUSG00000020193-S,L-(+)-Threose,,-1.0,,-1.0,,1,-1,-1,-1
ENSMUSG00000020193-S,L-Serine,,,,1.0,,1,-1,-1,-1
ENSMUSG00000020193-S,L-Val-L-Leu,,1.0,,1.0,,1,-1,-1,-1
ENSMUSG00000020193-S,Supraene,,-1.0,,-0.9642857142857144,,1,-1,-1,-1
ENSMUSG00000020193-S,tert-butyl(dimethyl)silyl-2-([tert-butyl(dimethyl)silyl]oxy)hex-2-enoate,,1.0,,1.0,,1,-1,-1,-1
ENSMUSG00000020218-S,"1,2-Cinnolinedicarboxylic acid, 1,2,3,5,6,7,8,8a-octahydro-4-trimethylsilyloxy-, diethyl ester",,,,1.0,,1,-1,-1,-1
ENSMUSG00000020218-S,"3,3-Dimethylacrylic acid",,,,-1.0,,1,-1,-1,-1
ENSMUSG00000020218-S,4-tert-Butyldimethylsiloxy-3-penten-2-one,,-1.0,,-1.0,,1,-1,-1,-1
ENSMUSG00000020218-S,7-Hydroxy-4-(methoxymethyl)coumarin,,-1.0,,-1.0,,1,-1,-1,-1
ENSMUSG00000020218-S,"l-Leucine, n-butoxycarbonyl-N-methyl-, hexadecyl ester",,,,1.0,,1,-1,-1,-1
ENSMUSG00000020218-S,tert-butyl(dimethyl)silyl-2-([tert-butyl(dimethyl)silyl]oxy)hex-2-enoate,,1.0,,1.0,,1,-1,-1,-1
ENSMUSG00000020220-S,"1-Pentene, 1,3-diphenyl-1-(trimethylsilyloxy)-",,,,1.0,,1,-1,-1,-1
ENSMUSG00000020220-S,"2-Methylcyclohexylamine, tert.-butyldimethylsilyl ether",,1.0,,1.0,,1,-1,-1,-1
ENSMUSG00000020220-S,3-(4-Methoxyphenyl)coumarin,,-1.0,,-1.0,,1,-1,-1,-1
ENSMUSG00000020220-S,Diclofenac,,,,-1.0,,1,-1,-1,-1
ENSMUSG00000020220-S,L-(+)-Threose,,1.0,,1.0,,1,-1,-1,-1
ENSMUSG00000020220-S,"l-Leucine, n-butoxycarbonyl-N-methyl-, hexadecyl ester",,,,-1.0,,1,-1,-1,-1
ENSMUSG00000020220-S,Sulindac,,-1.0,,-1.0,,1,-1,-1,-1
ENSMUSG00000020220-S,tert-butyl(dimethyl)silyl-2-([tert-butyl(dimethyl)silyl]oxy)hex-2-enoate,,-1.0,,-1.0,,1,-1,-1,-1
ENSMUSG00000020238-S,"1-Pentene, 1,3-diphenyl-1-(trimethylsilyloxy)-",,,,1.0,,1,-1,-1,-1
ENSMUSG00000020238-S,2-Ethyl-1-butanol,,,,1.0,,1,-1,-1,-1
ENSMUSG00000020238-S,2-Norbornanemethanol,,,,-1.0,,1,-1,-1,-1
ENSMUSG00000020238-S,3-(4-Methoxyphenyl)coumarin,,1.0,,1.0,,1,-1,-1,-1
ENSMUSG00000020238-S,L-(+)-Threose,,-1.0,,-1.0,,1,-1,-1,-1
ENSMUSG00000020238-S,"l-Leucine, n-butoxycarbonyl-N-methyl-, hexadecyl ester",,,,-1.0,,1,-1,-1,-1
ENSMUSG00000020238-S,tert-butyl(dimethyl)silyl-2-([tert-butyl(dimethyl)silyl]oxy)hex-2-enoate,,1.0,,1.0,,1,-1,-1,-1
ENSMUSG00000020261-S,"1,2-Bis(trimethylsiloxy)cyclohexene",,,,-1.0,,1,-1,-1,-1
ENSMUSG00000020261-S,"1-Pentene, 1,3-diphenyl-1-(trimethylsilyloxy)-",,,,1.0,,1,-1,-1,-1
ENSMUSG00000020261-S,"2,4-Dimethoxybenzaldoxime",,,,-1.0,,1,-1,-1,-1
ENSMUSG00000020261-S,4-tert-Butyldimethylsiloxy-3-penten-2-one,,-1.0,,-1.0,,1,-1,-1,-1
ENSMUSG00000020261-S,Diclofenac,,,,-1.0,,1,-1,-1,-1
ENSMUSG00000020261-S,L-Serine,,,,-1.0,,1,-1,-1,-1
ENSMUSG00000020261-S,L-Val-L-Leu,,-1.0,,-1.0,,1,-1,-1,-1
ENSMUSG00000020381-S,"1,2-Bis(trimethylsiloxy)cyclohexene",,,,1.0,,1,-1,-1,-1
ENSMUSG00000020381-S,"1,2-Cinnolinedicarboxylic acid, 1,2,3,5,6,7,8,8a-octahydro-4-trimethylsilyloxy-, diethyl ester",,,,-1.0,,1,-1,-1,-1
ENSMUSG00000020381-S,"2,4-Dimethoxybenzaldoxime",,,,-1.0,,1,-1,-1,-1
ENSMUSG00000020381-S,4-tert-Butyldimethylsiloxy-3-penten-2-one,,-1.0,,-1.0,,1,-1,-1,-1
ENSMUSG00000020381-S,Diclofenac,,,,1.0,,1,-1,-1,-1
ENSMUSG00000020381-S,L-Ornithine,,,,-1.0,,1,-1,-1,-1
ENSMUSG00000020381-S,L-Val-L-Leu,,-1.0,,-1.0,,1,-1,-1,-1
ENSMUSG00000020589-S,"1,2-Bis(trimethylsiloxy)cyclohexene",,,,-1.0,,1,-1,-1,-1
ENSMUSG00000020589-S,"1,2-Cinnolinedicarboxylic acid, 1,2,3,5,6,7,8,8a-octahydro-4-trimethylsilyloxy-, diethyl ester",,,,-1.0,,1,-1,-1,-1
ENSMUSG00000020589-S,4-tert-Butyldimethylsiloxy-3-penten-2-one,,1.0,,1.0,,1,-1,-1,-1
ENSMUSG00000020589-S,L-(+)-Threose,,-1.0,,-1.0,,1,-1,-1,-1
ENSMUSG00000020589-S,L-Glutamic acid,,,,-1.0,,1,-1,-1,-1
ENSMUSG00000020589-S,tert-butyl(dimethyl)silyl-2-([tert-butyl(dimethyl)silyl]oxy)hex-2-enoate,,-1.0,,-1.0,,1,-1,-1,-1
ENSMUSG00000020605-S,"1,2-Cinnolinedicarboxylic acid, 1,2,3,5,6,7,8,8a-octahydro-4-trimethylsilyloxy-, diethyl ester",,,,-1.0,,1,-1,-1,-1
ENSMUSG00000020605-S,2-Norbornanemethanol,,,,-1.0,,1,-1,-1,-1
ENSMUSG00000020605-S,3-(4-Methoxyphenyl)coumarin,,1.0,,1.0,,1,-1,-1,-1
ENSMUSG00000020605-S,5-Nitroso-8-quinolinol,,,,-1.0,,1,-1,-1,-1
ENSMUSG00000020605-S,L-(+)-Threose,,-1.0,,-1.0,,1,-1,-1,-1
ENSMUSG00000020605-S,Lactic acid,,-0.9746794344808964,,-0.9518763181059628,,1,-1,-1,-1
ENSMUSG00000020605-S,"l-Leucine, n-butoxycarbonyl-N-methyl-, hexadecyl ester",,,,1.0,,1,-1,-1,-1
ENSMUSG00000020605-S,L-Serine,,,,1.0,,1,-1,-1,-1
ENSMUSG00000020605-S,tert-butyl(dimethyl)silyl-2-([tert-butyl(dimethyl)silyl]oxy)hex-2-enoate,,1.0,,1.0,,1,-1,-1,-1
ENSMUSG00000020610-S,"1-Pentene, 1,3-diphenyl-1-(trimethylsilyloxy)-",,,,1.0,,1,-1,-1,-1
ENSMUSG00000020610-S,4-tert-Butyldimethylsiloxy-3-penten-2-one,,-1.0,,-1.0,,1,-1,-1,-1
ENSMUSG00000020610-S,7-Hydroxy-4-(methoxymethyl)coumarin,,-1.0,,-1.0,,1,-1,-1,-1
ENSMUSG00000020610-S,Azelaic acid,,-0.8720815992723809,-1.0,-0.979088068244196,-1.0,1,1,1,1
ENSMUSG00000020610-S,"l-Leucine, n-butoxycarbonyl-N-methyl-, hexadecyl ester",,,,1.0,,1,-1,-1,-1
ENSMUSG00000020610-S,L-Pyroglutamic acid,,,,1.0,,1,-1,-1,-1
ENSMUSG00000020610-S,L-Serine,,,,1.0,,1,-1,-1,-1
ENSMUSG00000020610-S,Octanoic acid,,-1.0,,-1.0,,1,-1,-1,-1
ENSMUSG00000020610-S,Tromethamine,,-1.0,,-0.9642857142857144,,1,-1,-1,-1
ENSMUSG00000020623-S,2-Methyl-3-pentanol,,-1.0,,-1.0,-1.0,1,1,1,1
ENSMUSG00000020623-S,4-tert-Butyldimethylsiloxy-3-penten-2-one,,-1.0,,-1.0,,1,-1,-1,-1
ENSMUSG00000020623-S,5-Nitroso-8-quinolinol,,,,1.0,,1,-1,-1,-1
ENSMUSG00000020623-S,7-Hydroxy-4-(methoxymethyl)coumarin,,-1.0,,-1.0,,1,-1,-1,-1
ENSMUSG00000020623-S,Diclofenac,,,,-1.0,,1,-1,-1,-1
ENSMUSG00000020623-S,"l-Leucine, n-butoxycarbonyl-N-methyl-, hexadecyl ester",,,,-1.0,,1,-1,-1,-1
ENSMUSG00000020635-S,"1,2-Bis(trimethylsiloxy)cyclohexene",,,,-1.0,,1,-1,-1,-1
ENSMUSG00000020635-S,"1-Pentene, 1,3-diphenyl-1-(trimethylsilyloxy)-",,,,1.0,,1,-1,-1,-1
ENSMUSG00000020635-S,"2,4-Dimethoxybenzaldoxime",,,,-1.0,,1,-1,-1,-1
ENSMUSG00000020635-S,Diclofenac,,,,-1.0,,1,-1,-1,-1
ENSMUSG00000020635-S,L-Serine,,,,-1.0,,1,-1,-1,-1
ENSMUSG00000020642-S,"1,2-Cinnolinedicarboxylic acid, 1,2,3,5,6,7,8,8a-octahydro-4-trimethylsilyloxy-, diethyl ester",,,,-1.0,,1,-1,-1,-1
ENSMUSG00000020642-S,3-(4-Methoxyphenyl)coumarin,,-1.0,,-1.0,,1,-1,-1,-1
ENSMUSG00000020642-S,"Benzene, 1-ethyl-3,5-dimethyl",,,,1.0,,1,-1,-1,-1
ENSMUSG00000020642-S,Chlorobenzilate,,,,-1.0,,1,-1,-1,-1
ENSMUSG00000020642-S,"l-Leucine, n-butoxycarbonyl-N-methyl-, hexadecyl ester",,,,-1.0,,1,-1,-1,-1
ENSMUSG00000020672-S,4-tert-Butyldimethylsiloxy-3-penten-2-one,,1.0,,1.0,,1,-1,-1,-1
ENSMUSG00000020672-S,6-Nitroveratryl alcohol,,,,1.0,,1,-1,-1,-1
ENSMUSG00000020672-S,7-Hydroxy-4-(methoxymethyl)coumarin,,1.0,,1.0,,1,-1,-1,-1
ENSMUSG00000020672-S,"Benzene, 1-ethyl-3,5-dimethyl",,,,1.0,,1,-1,-1,-1
ENSMUSG00000020672-S,Diclofenac,,,,-1.0,,1,-1,-1,-1
ENSMUSG00000020672-S,"l-Leucine, n-butoxycarbonyl-N-methyl-, hexadecyl ester",,,,-1.0,,1,-1,-1,-1
ENSMUSG00000020672-S,L-Serine,,,,-1.0,,1,-1,-1,-1
ENSMUSG00000020695-S,"2,4-Dimethoxybenzaldoxime",,,,-1.0,,1,-1,-1,-1
ENSMUSG00000020695-S,3-(4-Methoxyphenyl)coumarin,,1.0,,1.0,,1,-1,-1,-1
ENSMUSG00000020695-S,"4,5-Dihydro-1H-pyrazole",,,,-1.0,,1,-1,-1,-1
ENSMUSG00000020695-S,5-Nitroso-8-quinolinol,,,,-1.0,,1,-1,-1,-1
ENSMUSG00000020695-S,L-Ornithine,,,,-1.0,,1,-1,-1,-1
ENSMUSG00000020708-S,"1,2-Cinnolinedicarboxylic acid, 1,2,3,5,6,7,8,8a-octahydro-4-trimethylsilyloxy-, diethyl ester",,,,-1.0,,1,-1,-1,-1
ENSMUSG00000020708-S,"1-Pentene, 1,3-diphenyl-1-(trimethylsilyloxy)-",,,,1.0,,1,-1,-1,-1
ENSMUSG00000020708-S,2-Ethyl-1-butanol,,,,1.0,,1,-1,-1,-1
ENSMUSG00000020708-S,3-(4-Methoxyphenyl)coumarin,,1.0,,1.0,,1,-1,-1,-1
ENSMUSG00000020708-S,Diclofenac,,,,1.0,,1,-1,-1,-1
ENSMUSG00000020708-S,L-(+)-Threose,,-1.0,,-1.0,,1,-1,-1,-1
ENSMUSG00000020708-S,L-Pyroglutamic acid,,,,1.0,,1,-1,-1,-1
ENSMUSG00000020708-S,L-Serine,,,,1.0,,1,-1,-1,-1
ENSMUSG00000020708-S,Phenol,,-0.7999999999999999,-0.5,-0.9523809523809524,,1,-1,-1,-1
ENSMUSG00000020718-S,"1,2-Cinnolinedicarboxylic acid, 1,2,3,5,6,7,8,8a-octahydro-4-trimethylsilyloxy-, diethyl ester",,,,1.0,,1,-1,-1,-1
ENSMUSG00000020718-S,4-tert-Butyldimethylsiloxy-3-penten-2-one,,-1.0,,-1.0,,1,-1,-1,-1
ENSMUSG00000020718-S,"Benzene, 1-ethyl-3,5-dimethyl",,,,1.0,,1,-1,-1,-1
ENSMUSG00000020718-S,L-(+)-Threose,,1.0,,1.0,,1,-1,-1,-1
ENSMUSG00000020718-S,L-Ornithine,,,,1.0,,1,-1,-1,-1
ENSMUSG00000020718-S,Sarcosine,,,,-1.0,,1,-1,-1,-1
ENSMUSG00000020718-S,tert-butyl(dimethyl)silyl-2-([tert-butyl(dimethyl)silyl]oxy)hex-2-enoate,,1.0,,1.0,,1,-1,-1,-1
ENSMUSG00000020720-S,"1,2-Bis(trimethylsiloxy)cyclohexene",,,,1.0,,1,-1,-1,-1
ENSMUSG00000020720-S,"1,2-Cinnolinedicarboxylic acid, 1,2,3,5,6,7,8,8a-octahydro-4-trimethylsilyloxy-, diethyl ester",,,,-1.0,,1,-1,-1,-1
ENSMUSG00000020720-S,"1-Pentene, 1,3-diphenyl-1-(trimethylsilyloxy)-",,,,1.0,,1,-1,-1,-1
ENSMUSG00000020720-S,3-(4-Methoxyphenyl)coumarin,,1.0,,1.0,,1,-1,-1,-1
ENSMUSG00000020720-S,L-Serine,,,,1.0,,1,-1,-1,-1
ENSMUSG00000020720-S,Palmitic Acid,,1.0,,1.0,,1,-1,-1,-1
ENSMUSG00000020723-S,"1,2-Bis(trimethylsiloxy)cyclohexene",,,,1.0,,1,-1,-1,-1
ENSMUSG00000020723-S,"1-Pentene, 1,3-diphenyl-1-(trimethylsilyloxy)-",,,,1.0,,1,-1,-1,-1
ENSMUSG00000020723-S,2-Ethyl-1-butanol,,,,1.0,,1,-1,-1,-1
ENSMUSG00000020723-S,2-Norbornanemethanol,,,,-1.0,,1,-1,-1,-1
ENSMUSG00000020723-S,Diclofenac,,,,1.0,,1,-1,-1,-1
ENSMUSG00000020723-S,L-(+)-Threose,,1.0,,1.0,,1,-1,-1,-1
ENSMUSG00000020723-S,L-Pyroglutamic acid,,,,1.0,,1,-1,-1,-1
ENSMUSG00000020723-S,L-Serine,,,,1.0,,1,-1,-1,-1
ENSMUSG00000020723-S,"Propanoic acid, 3-[(tert-butyldimethylsilyl)oxy]-2-methyl-",,0.7999999999999999,,0.9285714285714288,,1,-1,-1,-1
ENSMUSG00000020806-S,4-tert-Butyldimethylsiloxy-3-penten-2-one,,-1.0,,-1.0,,1,-1,-1,-1
ENSMUSG00000020811-S,"1,2-Bis(trimethylsiloxy)cyclohexene",,,,1.0,,1,-1,-1,-1
ENSMUSG00000020811-S,"1,2-Cinnolinedicarboxylic acid, 1,2,3,5,6,7,8,8a-octahydro-4-trimethylsilyloxy-, diethyl ester",,,,-1.0,,1,-1,-1,-1
ENSMUSG00000020811-S,2-Ethyl-1-butanol,,,,1.0,,1,-1,-1,-1
ENSMUSG00000020811-S,2-Norbornanemethanol,,,,-1.0,,1,-1,-1,-1
ENSMUSG00000020811-S,3-(4-Methoxyphenyl)coumarin,,1.0,,1.0,,1,-1,-1,-1
ENSMUSG00000020811-S,Diclofenac,,,,1.0,,1,-1,-1,-1
ENSMUSG00000020811-S,L-(+)-Threose,,-1.0,,-1.0,,1,-1,-1,-1
ENSMUSG00000020811-S,L-Pyroglutamic acid,,,,1.0,,1,-1,-1,-1
ENSMUSG00000020811-S,L-Serine,,,,1.0,,1,-1,-1,-1
ENSMUSG00000020811-S,Phenol,,-1.0,-0.5,-0.9285714285714288,,1,-1,-1,-1
ENSMUSG00000020811-S,tert-butyl(dimethyl)silyl-2-([tert-butyl(dimethyl)silyl]oxy)hex-2-enoate,,1.0,,1.0,,1,-1,-1,-1
ENSMUSG00000020823-S,"1,2-Cinnolinedicarboxylic acid, 1,2,3,5,6,7,8,8a-octahydro-4-trimethylsilyloxy-, diethyl ester",,,,-1.0,,1,-1,-1,-1
ENSMUSG00000020823-S,2-Ethyl-1-butanol,,,,1.0,,1,-1,-1,-1
ENSMUSG00000020823-S,"2-Methylcyclohexylamine, tert.-butyldimethylsilyl ether",,1.0,,1.0,,1,-1,-1,-1
ENSMUSG00000020823-S,2-Norbornanemethanol,,,,-1.0,,1,-1,-1,-1
ENSMUSG00000020823-S,3-(4-Methoxyphenyl)coumarin,,-1.0,,-1.0,,1,-1,-1,-1
ENSMUSG00000020823-S,7-Hydroxy-4-(methoxymethyl)coumarin,,1.0,,1.0,,1,-1,-1,-1
ENSMUSG00000020823-S,Adipoyl-L-carnitine,,1.0,,1.0,,1,-1,-1,-1
ENSMUSG00000020823-S,L-(+)-Threose,,1.0,,1.0,,1,-1,-1,-1
ENSMUSG00000020823-S,"l-Leucine, n-butoxycarbonyl-N-methyl-, hexadecyl ester",,,,-1.0,,1,-1,-1,-1
ENSMUSG00000020941-S,"1,2-Bis(trimethylsiloxy)cyclohexene",,,,-1.0,,1,-1,-1,-1
ENSMUSG00000020941-S,"2,4-Dimethoxybenzaldoxime",,,,-1.0,,1,-1,-1,-1
ENSMUSG00000020941-S,2-Norbornanemethanol,,,,1.0,,1,-1,-1,-1
ENSMUSG00000020941-S,4-tert-Butyldimethylsiloxy-3-penten-2-one,,1.0,,1.0,,1,-1,-1,-1
ENSMUSG00000020941-S,Diclofenac,,,,-1.0,,1,-1,-1,-1
ENSMUSG00000020941-S,L-Serine,,,,-1.0,,1,-1,-1,-1
ENSMUSG00000020941-S,tert-butyl(dimethyl)silyl-2-([tert-butyl(dimethyl)silyl]oxy)hex-2-enoate,,-1.0,,-1.0,,1,-1,-1,-1
ENSMUSG00000020953-S,"1,2-Cinnolinedicarboxylic acid, 1,2,3,5,6,7,8,8a-octahydro-4-trimethylsilyloxy-, diethyl ester",,,,-1.0,,1,-1,-1,-1
ENSMUSG00000020953-S,"1-Pentene, 1,3-diphenyl-1-(trimethylsilyloxy)-",,,,1.0,,1,-1,-1,-1
ENSMUSG00000020953-S,2-Norbornanemethanol,,,,-1.0,,1,-1,-1,-1
ENSMUSG00000020953-S,3-(4-Methoxyphenyl)coumarin,,-1.0,,-1.0,,1,-1,-1,-1
ENSMUSG00000020953-S,5-Nitroso-8-quinolinol,,,,1.0,,1,-1,-1,-1
ENSMUSG00000020953-S,L-(+)-Threose,,1.0,,1.0,,1,-1,-1,-1
ENSMUSG00000020953-S,"l-Leucine, n-butoxycarbonyl-N-methyl-, hexadecyl ester",,,,-1.0,,1,-1,-1,-1
ENSMUSG00000020953-S,L-Val-L-Leu,,1.0,,1.0,,1,-1,-1,-1
ENSMUSG00000021115-S,2-Norbornanemethanol,,,,-1.0,,1,-1,-1,-1
ENSMUSG00000021115-S,"3,3-Dimethylacrylic acid",,,,1.0,,1,-1,-1,-1
ENSMUSG00000021115-S,"3,4-Methylenedioxyamphetamine",,1.0,,1.0,-1.0,1,-1,-1,-1
ENSMUSG00000021115-S,4-tert-Butyldimethylsiloxy-3-penten-2-one,,1.0,,1.0,,1,-1,-1,-1
ENSMUSG00000021115-S,5-Nitroso-8-quinolinol,,,,1.0,,1,-1,-1,-1
ENSMUSG00000021115-S,"Benzene, 1-ethyl-3,5-dimethyl",,,,-1.0,,1,-1,-1,-1
ENSMUSG00000021115-S,L-(+)-Threose,,-1.0,,-1.0,,1,-1,-1,-1
ENSMUSG00000021115-S,"l-Leucine, n-butoxycarbonyl-N-methyl-, hexadecyl ester",,,,-1.0,,1,-1,-1,-1
ENSMUSG00000021115-S,L-Val-L-Leu,,1.0,,1.0,,1,-1,-1,-1
ENSMUSG00000021124-S,"1,2-Bis(trimethylsiloxy)cyclohexene",,,,1.0,,1,-1,-1,-1
ENSMUSG00000021124-S,"1,2-Cinnolinedicarboxylic acid, 1,2,3,5,6,7,8,8a-octahydro-4-trimethylsilyloxy-, diethyl ester",,,,-1.0,,1,-1,-1,-1
ENSMUSG00000021124-S,"1-Pentene, 1,3-diphenyl-1-(trimethylsilyloxy)-",,,,1.0,,1,-1,-1,-1
ENSMUSG00000021124-S,2-Ethyl-1-butanol,,,,1.0,,1,-1,-1,-1
ENSMUSG00000021124-S,2-Norbornanemethanol,,,,-1.0,,1,-1,-1,-1
ENSMUSG00000021124-S,3-(4-Methoxyphenyl)coumarin,,1.0,,1.0,,1,-1,-1,-1
ENSMUSG00000021124-S,Diclofenac,,,,1.0,,1,-1,-1,-1
ENSMUSG00000021124-S,L-(+)-Threose,,-1.0,,-1.0,,1,-1,-1,-1
ENSMUSG00000021124-S,L-Pyroglutamic acid,,,,1.0,,1,-1,-1,-1
ENSMUSG00000021124-S,L-Serine,,,,1.0,,1,-1,-1,-1
ENSMUSG00000021124-S,tert-butyl(dimethyl)silyl-2-([tert-butyl(dimethyl)silyl]oxy)hex-2-enoate,,1.0,,1.0,,1,-1,-1,-1
ENSMUSG00000021130-S,"1,2-Cinnolinedicarboxylic acid, 1,2,3,5,6,7,8,8a-octahydro-4-trimethylsilyloxy-, diethyl ester",,,,-1.0,,1,-1,-1,-1
ENSMUSG00000021130-S,"1-Pentene, 1,3-diphenyl-1-(trimethylsilyloxy)-",,,,1.0,,1,-1,-1,-1
ENSMUSG00000021130-S,3-(4-Methoxyphenyl)coumarin,,1.0,,1.0,,1,-1,-1,-1
ENSMUSG00000021130-S,"l-Leucine, n-butoxycarbonyl-N-methyl-, hexadecyl ester",,,,-1.0,,1,-1,-1,-1
ENSMUSG00000021130-S,L-Ornithine,,,,1.0,,1,-1,-1,-1
ENSMUSG00000021130-S,L-Val-L-Leu,,-1.0,,-1.0,,1,-1,-1,-1
ENSMUSG00000021265-S,"1,2-Cinnolinedicarboxylic acid, 1,2,3,5,6,7,8,8a-octahydro-4-trimethylsilyloxy-, diethyl ester",,,,-1.0,,1,-1,-1,-1
ENSMUSG00000021265-S,"1-Pentene, 1,3-diphenyl-1-(trimethylsilyloxy)-",,,,1.0,,1,-1,-1,-1
ENSMUSG00000021265-S,2-Cyanobenzaldehyde,,-1.0,,-1.0,,1,-1,-1,-1
ENSMUSG00000021265-S,4-tert-Butyldimethylsiloxy-3-penten-2-one,,-1.0,,-1.0,,1,-1,-1,-1
ENSMUSG00000021265-S,Diclofenac,,,,1.0,,1,-1,-1,-1
ENSMUSG00000021265-S,L-Glutamic acid,,,,-1.0,,1,-1,-1,-1
ENSMUSG00000021265-S,"l-Leucine, n-butoxycarbonyl-N-methyl-, hexadecyl ester",,,,1.0,,1,-1,-1,-1
ENSMUSG00000021265-S,L-Serine,,,,1.0,,1,-1,-1,-1
ENSMUSG00000021265-S,L-Val-L-Leu,,-1.0,,-1.0,,1,-1,-1,-1
ENSMUSG00000021266-S,"1,2-Cinnolinedicarboxylic acid, 1,2,3,5,6,7,8,8a-octahydro-4-trimethylsilyloxy-, diethyl ester",,,,-1.0,,1,-1,-1,-1
ENSMUSG00000021266-S,"1-Pentene, 1,3-diphenyl-1-(trimethylsilyloxy)-",,,,1.0,,1,-1,-1,-1
ENSMUSG00000021266-S,3-(4-Methoxyphenyl)coumarin,,1.0,,1.0,,1,-1,-1,-1
ENSMUSG00000021266-S,Azelaic acid,,-0.8207826816681233,0.5,-0.903773601456181,-1.0,1,1,1,1
ENSMUSG00000021266-S,L-Serine,,,,1.0,,1,-1,-1,-1
ENSMUSG00000021266-S,Palmitic Acid,,1.0,,1.0,,1,-1,-1,-1
ENSMUSG00000021285-S,"1,2-Cinnolinedicarboxylic acid, 1,2,3,5,6,7,8,8a-octahydro-4-trimethylsilyloxy-, diethyl ester",,,,1.0,,1,-1,-1,-1
ENSMUSG00000021285-S,4-tert-Butyldimethylsiloxy-3-penten-2-one,,-1.0,,-1.0,,1,-1,-1,-1
ENSMUSG00000021285-S,7-Hydroxy-4-(methoxymethyl)coumarin,,-1.0,,-1.0,,1,-1,-1,-1
ENSMUSG00000021285-S,Diclofenac,,,,-1.0,,1,-1,-1,-1
ENSMUSG00000021285-S,Octanoic acid,,-1.0,,-1.0,,1,-1,-1,-1
ENSMUSG00000021285-S,tert-butyl(dimethyl)silyl-2-([tert-butyl(dimethyl)silyl]oxy)hex-2-enoate,,1.0,,1.0,,1,-1,-1,-1
ENSMUSG00000021376-S,"1,2-Bis(trimethylsiloxy)cyclohexene",,,,1.0,,1,-1,-1,-1
ENSMUSG00000021376-S,"2,4-Dimethoxybenzaldoxime",,,,1.0,,1,-1,-1,-1
ENSMUSG00000021376-S,"3,4-Methylenedioxyamphetamine",,1.0,,1.0,-1.0,1,-1,-1,-1
ENSMUSG00000021376-S,4-tert-Butyldimethylsiloxy-3-penten-2-one,,-1.0,,-1.0,,1,-1,-1,-1
ENSMUSG00000021376-S,5-Nitroso-8-quinolinol,,,,1.0,,1,-1,-1,-1
ENSMUSG00000021376-S,"Benzene, 1-ethyl-3,5-dimethyl",,,,1.0,,1,-1,-1,-1
ENSMUSG00000021376-S,Diclofenac,,,,1.0,,1,-1,-1,-1
ENSMUSG00000021376-S,L-Pyroglutamic acid,,,,1.0,,1,-1,-1,-1
ENSMUSG00000021376-S,L-Serine,,,,1.0,,1,-1,-1,-1
ENSMUSG00000021376-S,tert-butyl(dimethyl)silyl-2-([tert-butyl(dimethyl)silyl]oxy)hex-2-enoate,,1.0,,1.0,,1,-1,-1,-1
ENSMUSG00000021379-S,"1,2-Cinnolinedicarboxylic acid, 1,2,3,5,6,7,8,8a-octahydro-4-trimethylsilyloxy-, diethyl ester",,,,-1.0,,1,-1,-1,-1
ENSMUSG00000021379-S,"2,4,6-Cycloheptatrien-1-one",,,,1.0,-1.0,1,-1,-1,-1
ENSMUSG00000021379-S,2-Norbornanemethanol,,,,-1.0,,1,-1,-1,-1
ENSMUSG00000021379-S,3-(4-Methoxyphenyl)coumarin,,-1.0,,-1.0,,1,-1,-1,-1
ENSMUSG00000021379-S,"Benzene, 1-ethyl-3,5-dimethyl",,,,-1.0,,1,-1,-1,-1
ENSMUSG00000021379-S,"l-Leucine, n-butoxycarbonyl-N-methyl-, hexadecyl ester",,,,-1.0,,1,-1,-1,-1
ENSMUSG00000021451-S,"1,2-Bis(trimethylsiloxy)cyclohexene",,,,1.0,,1,-1,-1,-1
ENSMUSG00000021451-S,"1,2-Cinnolinedicarboxylic acid, 1,2,3,5,6,7,8,8a-octahydro-4-trimethylsilyloxy-, diethyl ester",,,,-1.0,,1,-1,-1,-1
ENSMUSG00000021451-S,"1-Pentene, 1,3-diphenyl-1-(trimethylsilyloxy)-",,,,1.0,,1,-1,-1,-1
ENSMUSG00000021451-S,4-tert-Butyldimethylsiloxy-3-penten-2-one,,1.0,,1.0,,1,-1,-1,-1
ENSMUSG00000021451-S,6-Nitroveratryl alcohol,,,,1.0,,1,-1,-1,-1
ENSMUSG00000021451-S,7-Hydroxy-4-(methoxymethyl)coumarin,,1.0,,1.0,,1,-1,-1,-1
ENSMUSG00000021451-S,L-Serine,,,,1.0,,1,-1,-1,-1
ENSMUSG00000021451-S,tert-butyl(dimethyl)silyl-2-([tert-butyl(dimethyl)silyl]oxy)hex-2-enoate,,-1.0,,-1.0,,1,-1,-1,-1
ENSMUSG00000021461-S,"1,2-Cinnolinedicarboxylic acid, 1,2,3,5,6,7,8,8a-octahydro-4-trimethylsilyloxy-, diethyl ester",,,,-1.0,,1,-1,-1,-1
ENSMUSG00000021461-S,2-Norbornanemethanol,,,,-1.0,,1,-1,-1,-1
ENSMUSG00000021461-S,3-(4-Methoxyphenyl)coumarin,,-1.0,,-1.0,,1,-1,-1,-1
ENSMUSG00000021461-S,5-Nitroso-8-quinolinol,,,,1.0,,1,-1,-1,-1
ENSMUSG00000021461-S,7-Hydroxy-4-(methoxymethyl)coumarin,,-1.0,,-1.0,,1,-1,-1,-1
ENSMUSG00000021461-S,Adipoyl-L-carnitine,,1.0,,1.0,,1,-1,-1,-1
ENSMUSG00000021461-S,"l-Leucine, n-butoxycarbonyl-N-methyl-, hexadecyl ester",,,,-1.0,,1,-1,-1,-1
ENSMUSG00000021481-S,3-(4-Methoxyphenyl)coumarin,,-1.0,,-1.0,,1,-1,-1,-1
ENSMUSG00000021481-S,"3,3-Dimethylacrylic acid",,,,1.0,,1,-1,-1,-1
ENSMUSG00000021481-S,"4,5-Dihydro-1H-pyrazole",,,,1.0,,1,-1,-1,-1
ENSMUSG00000021481-S,L-(+)-Threose,,1.0,,1.0,,1,-1,-1,-1
ENSMUSG00000021500-S,"1,2-Cinnolinedicarboxylic acid, 1,2,3,5,6,7,8,8a-octahydro-4-trimethylsilyloxy-, diethyl ester",,,,-1.0,,1,-1,-1,-1
ENSMUSG00000021500-S,"1-Pentene, 1,3-diphenyl-1-(trimethylsilyloxy)-",,,,1.0,,1,-1,-1,-1
ENSMUSG00000021500-S,2-Norbornanemethanol,,,,-1.0,,1,-1,-1,-1
ENSMUSG00000021500-S,7-Hydroxy-4-(methoxymethyl)coumarin,,1.0,,1.0,,1,-1,-1,-1
ENSMUSG00000021500-S,Benzophenone,,1.0,1.0,0.9581010095306072,-1.0,1,-1,-1,-1
ENSMUSG00000021500-S,L-(+)-Threose,,1.0,,1.0,,1,-1,-1,-1
ENSMUSG00000021500-S,"l-Leucine, n-butoxycarbonyl-N-methyl-, hexadecyl ester",,,,-1.0,,1,-1,-1,-1
ENSMUSG00000021536-S,"1,2-Bis(trimethylsiloxy)cyclohexene",,,,-1.0,,1,-1,-1,-1
ENSMUSG00000021536-S,"1-Pentene, 1,3-diphenyl-1-(trimethylsilyloxy)-",,,,1.0,,1,-1,-1,-1
ENSMUSG00000021536-S,"2,4-Dimethoxybenzaldoxime",,,,-1.0,,1,-1,-1,-1
ENSMUSG00000021536-S,"3,3-Dimethylacrylic acid",,,,1.0,,1,-1,-1,-1
ENSMUSG00000021536-S,Diclofenac,,,,-1.0,,1,-1,-1,-1
ENSMUSG00000021536-S,L-Serine,,,,-1.0,,1,-1,-1,-1
ENSMUSG00000021606-S,"1,2-Bis(trimethylsiloxy)cyclohexene",,,,1.0,,1,-1,-1,-1
ENSMUSG00000021606-S,"1-Pentene, 1,3-diphenyl-1-(trimethylsilyloxy)-",,,,1.0,,1,-1,-1,-1
ENSMUSG00000021606-S,2-Ethyl-1-butanol,,,,1.0,,1,-1,-1,-1
ENSMUSG00000021606-S,"2-Methylcyclohexylamine, tert.-butyldimethylsilyl ether",,1.0,,1.0,,1,-1,-1,-1
ENSMUSG00000021606-S,2-Norbornanemethanol,,,,-1.0,,1,-1,-1,-1
ENSMUSG00000021606-S,5-Oxohexanoic Acid,,0.8207826816681233,1.0,0.903773601456181,-1.0,1,-1,-1,-1
ENSMUSG00000021606-S,7-Hydroxy-4-(methoxymethyl)coumarin,,1.0,,1.0,,1,-1,-1,-1
ENSMUSG00000021606-S,L-(+)-Threose,,1.0,,1.0,,1,-1,-1,-1
ENSMUSG00000021606-S,L-Serine,,,,1.0,,1,-1,-1,-1
ENSMUSG00000021606-S,L-Threonine,,1.0,,1.0,1.0,1,1,1,1
ENSMUSG00000021662-S,"2,4-Dimethoxybenzaldoxime",,,,-1.0,,1,-1,-1,-1
ENSMUSG00000021662-S,2-Ethyl-1-butanol,,,,-1.0,,1,-1,-1,-1
ENSMUSG00000021662-S,"2-Methylcyclohexylamine, tert.-butyldimethylsilyl ether",,-1.0,,-1.0,,1,-1,-1,-1
ENSMUSG00000021662-S,2-Norbornanemethanol,,,,1.0,,1,-1,-1,-1
ENSMUSG00000021662-S,3-(4-Methoxyphenyl)coumarin,,1.0,,1.0,,1,-1,-1,-1
ENSMUSG00000021662-S,5-Nitroso-8-quinolinol,,,,1.0,,1,-1,-1,-1
ENSMUSG00000021662-S,Glycerol,,-0.8999999999999998,-0.5,-0.8954053273686237,1.0,1,-1,-1,-1
ENSMUSG00000021662-S,L-(+)-Threose,,-1.0,,-1.0,,1,-1,-1,-1
ENSMUSG00000021662-S,L-Serine,,,,-1.0,,1,-1,-1,-1
ENSMUSG00000021662-S,L-Val-L-Leu,,-1.0,,-1.0,,1,-1,-1,-1
ENSMUSG00000021704-S,"1,2-Cinnolinedicarboxylic acid, 1,2,3,5,6,7,8,8a-octahydro-4-trimethylsilyloxy-, diethyl ester",,,,-1.0,,1,-1,-1,-1
ENSMUSG00000021704-S,1-Octadecanol,,1.0,,1.0,1.0,1,1,1,1
ENSMUSG00000021704-S,2-Norbornanemethanol,,,,-1.0,,1,-1,-1,-1
ENSMUSG00000021704-S,4-tert-Butyldimethylsiloxy-3-penten-2-one,,1.0,,1.0,,1,-1,-1,-1
ENSMUSG00000021704-S,5-Nitroso-8-quinolinol,,,,1.0,,1,-1,-1,-1
ENSMUSG00000021704-S,"l-Leucine, n-butoxycarbonyl-N-methyl-, hexadecyl ester",,,,-1.0,,1,-1,-1,-1
ENSMUSG00000021704-S,L-Lysine,,1.0,1.0,0.95,,1,-1,-1,-1
ENSMUSG00000021704-S,Lupinine,,1.0,,1.0,,1,-1,-1,-1
ENSMUSG00000021704-S,L-Val-L-Leu,,1.0,,1.0,,1,-1,-1,-1
ENSMUSG00000021721-S,"2,4-Dimethoxybenzaldoxime",,,,-1.0,,1,-1,-1,-1
ENSMUSG00000021721-S,2-Ethyl-1-butanol,,,,-1.0,,1,-1,-1,-1
ENSMUSG00000021721-S,"3,3-Dimethylacrylic acid",,,,1.0,,1,-1,-1,-1
ENSMUSG00000021721-S,"4,5-Dihydro-1H-pyrazole",,,,1.0,,1,-1,-1,-1
ENSMUSG00000021721-S,L-Serine,,,,-1.0,,1,-1,-1,-1
ENSMUSG00000021806-S,"1,2-Cinnolinedicarboxylic acid, 1,2,3,5,6,7,8,8a-octahydro-4-trimethylsilyloxy-, diethyl ester",,,,1.0,,1,-1,-1,-1
ENSMUSG00000021806-S,2-Buten-1-ol,,,,1.0,,1,-1,-1,-1
ENSMUSG00000021806-S,2-Norbornanemethanol,,,,1.0,,1,-1,-1,-1
ENSMUSG00000021806-S,5-Nitroso-8-quinolinol,,,,1.0,,1,-1,-1,-1
ENSMUSG00000021806-S,"l-Leucine, n-butoxycarbonyl-N-methyl-, hexadecyl ester",,,,-1.0,,1,-1,-1,-1
ENSMUSG00000021991-S,"1,2-Bis(trimethylsiloxy)cyclohexene",,,,1.0,,1,-1,-1,-1
ENSMUSG00000021991-S,"1,2-Cinnolinedicarboxylic acid, 1,2,3,5,6,7,8,8a-octahydro-4-trimethylsilyloxy-, diethyl ester",,,,-1.0,,1,-1,-1,-1
ENSMUSG00000021991-S,"2,4-Dimethoxybenzaldoxime",,,,1.0,,1,-1,-1,-1
ENSMUSG00000021991-S,2-Ethyl-1-butanol,,,,1.0,,1,-1,-1,-1
ENSMUSG00000021991-S,2-Norbornanemethanol,,,,-1.0,,1,-1,-1,-1
ENSMUSG00000021991-S,3-(4-Methoxyphenyl)coumarin,,-1.0,,-1.0,,1,-1,-1,-1
ENSMUSG00000021991-S,5-Nitroso-8-quinolinol,,,,1.0,,1,-1,-1,-1
ENSMUSG00000021991-S,Diclofenac,,,,1.0,,1,-1,-1,-1
ENSMUSG00000021991-S,L-Pyroglutamic acid,,,,1.0,,1,-1,-1,-1
ENSMUSG00000021991-S,L-Serine,,,,1.0,,1,-1,-1,-1
ENSMUSG00000021991-S,L-Val-L-Leu,,1.0,,1.0,,1,-1,-1,-1
ENSMUSG00000022003-S,"2,4-Di-tert-butylphenol",,,-1.0,-1.0,-1.0,1,1,1,1
ENSMUSG00000022003-S,4-tert-Butyldimethylsiloxy-3-penten-2-one,,1.0,,1.0,,1,-1,-1,-1
ENSMUSG00000022003-S,5-Nitroso-8-quinolinol,,,,-1.0,,1,-1,-1,-1
ENSMUSG00000022003-S,"Benzene, 1-ethyl-3,5-dimethyl",,,,1.0,,1,-1,-1,-1
ENSMUSG00000022003-S,"l-Leucine, n-butoxycarbonyl-N-methyl-, hexadecyl ester",,,,1.0,,1,-1,-1,-1
ENSMUSG00000022003-S,L-Ornithine,,,,-1.0,,1,-1,-1,-1
ENSMUSG00000022075-S,"1,2-Cinnolinedicarboxylic acid, 1,2,3,5,6,7,8,8a-octahydro-4-trimethylsilyloxy-, diethyl ester",,,,-1.0,,1,-1,-1,-1
ENSMUSG00000022075-S,2-Norbornanemethanol,,,,-1.0,,1,-1,-1,-1
ENSMUSG00000022075-S,4-tert-Butyldimethylsiloxy-3-penten-2-one,,1.0,,1.0,,1,-1,-1,-1
ENSMUSG00000022075-S,"l-Leucine, n-butoxycarbonyl-N-methyl-, hexadecyl ester",,,,-1.0,,1,-1,-1,-1
ENSMUSG00000022075-S,L-Lysine,,0.8999999999999998,1.0,0.9333333333333332,,1,-1,-1,-1
ENSMUSG00000022075-S,L-Val-L-Leu,,1.0,,1.0,,1,-1,-1,-1
ENSMUSG00000022103-S,"2,4-Dimethoxybenzaldoxime",,,,-1.0,,1,-1,-1,-1
ENSMUSG00000022103-S,"3,3-Dimethylacrylic acid",,,,1.0,,1,-1,-1,-1
ENSMUSG00000022103-S,"4,5-Dihydro-1H-pyrazole",,,,1.0,,1,-1,-1,-1
ENSMUSG00000022103-S,Chlorobenzilate,,,,-1.0,,1,-1,-1,-1
ENSMUSG00000022103-S,L-Serine,,,,-1.0,,1,-1,-1,-1
ENSMUSG00000022131-S,2-Norbornanemethanol,,,,1.0,,1,-1,-1,-1
ENSMUSG00000022131-S,"3,3-Dimethylacrylic acid",,,,1.0,,1,-1,-1,-1
ENSMUSG00000022131-S,4-tert-Butyldimethylsiloxy-3-penten-2-one,,1.0,,1.0,,1,-1,-1,-1
ENSMUSG00000022131-S,7-Hydroxy-4-(methoxymethyl)coumarin,,1.0,,1.0,,1,-1,-1,-1
ENSMUSG00000022131-S,"Benzene, 1-ethyl-3,5-dimethyl",,,,1.0,,1,-1,-1,-1
ENSMUSG00000022131-S,"l-Leucine, n-butoxycarbonyl-N-methyl-, hexadecyl ester",,,,-1.0,,1,-1,-1,-1
ENSMUSG00000022131-S,L-Ornithine,,,,1.0,,1,-1,-1,-1
ENSMUSG00000022131-S,Sarcosine,,,,-1.0,,1,-1,-1,-1
ENSMUSG00000022131-S,tert-butyl(dimethyl)silyl-2-([tert-butyl(dimethyl)silyl]oxy)hex-2-enoate,,-1.0,,-1.0,,1,-1,-1,-1
ENSMUSG00000022178-S,"3,3-Dimethylacrylic acid",,,,1.0,,1,-1,-1,-1
ENSMUSG00000022178-S,"Benzene, 1-ethyl-3,5-dimethyl",,,,-1.0,,1,-1,-1,-1
ENSMUSG00000022178-S,L-(+)-Threose,,-1.0,,-1.0,,1,-1,-1,-1
ENSMUSG00000022185-S,"2,4-Di-tert-butylphenol",,,1.0,1.0,-1.0,1,-1,-1,-1
ENSMUSG00000022185-S,2-Norbornanemethanol,,,,-1.0,,1,-1,-1,-1
ENSMUSG00000022185-S,4-tert-Butyldimethylsiloxy-3-penten-2-one,,-1.0,,-1.0,,1,-1,-1,-1
ENSMUSG00000022185-S,5-Nitroso-8-quinolinol,,,,1.0,,1,-1,-1,-1
ENSMUSG00000022185-S,7-Hydroxy-4-(methoxymethyl)coumarin,,-1.0,,-1.0,,1,-1,-1,-1
ENSMUSG00000022185-S,"Benzene, 1-ethyl-3,5-dimethyl",,,,-1.0,,1,-1,-1,-1
ENSMUSG00000022185-S,Hypoxanthine,,0.7999999999999999,1.0,0.9,1.0,1,1,1,1
ENSMUSG00000022185-S,"l-Leucine, n-butoxycarbonyl-N-methyl-, hexadecyl ester",,,,-1.0,,1,-1,-1,-1
ENSMUSG00000022185-S,tert-butyl(dimethyl)silyl-2-([tert-butyl(dimethyl)silyl]oxy)hex-2-enoate,,1.0,,1.0,,1,-1,-1,-1
ENSMUSG00000022194-S,2-Norbornanemethanol,,,,1.0,,1,-1,-1,-1
ENSMUSG00000022194-S,3-(4-Methoxyphenyl)coumarin,,-1.0,,-1.0,,1,-1,-1,-1
ENSMUSG00000022194-S,"3,3-Dimethylacrylic acid",,,,1.0,,1,-1,-1,-1
ENSMUSG00000022194-S,5-Nitroso-8-quinolinol,,,,1.0,,1,-1,-1,-1
ENSMUSG00000022194-S,"l-Leucine, n-butoxycarbonyl-N-methyl-, hexadecyl ester",,,,-1.0,,1,-1,-1,-1
ENSMUSG00000022194-S,L-Ornithine,,,,1.0,,1,-1,-1,-1
ENSMUSG00000022194-S,tert-butyl(dimethyl)silyl-2-([tert-butyl(dimethyl)silyl]oxy)hex-2-enoate,,-1.0,,-1.0,,1,-1,-1,-1
ENSMUSG00000022195-S,"3,3-Dimethylacrylic acid",,,,1.0,,1,-1,-1,-1
ENSMUSG00000022195-S,"4,5-Dihydro-1H-pyrazole",,,,1.0,,1,-1,-1,-1
ENSMUSG00000022195-S,4-tert-Butyldimethylsiloxy-3-penten-2-one,,1.0,,1.0,,1,-1,-1,-1
ENSMUSG00000022195-S,7-Hydroxy-4-(methoxymethyl)coumarin,,1.0,,1.0,,1,-1,-1,-1
ENSMUSG00000022195-S,"Benzene, 1-ethyl-3,5-dimethyl",,,,-1.0,,1,-1,-1,-1
ENSMUSG00000022195-S,Diclofenac,,,,-1.0,,1,-1,-1,-1
ENSMUSG00000022195-S,L-Ornithine,,,,1.0,,1,-1,-1,-1
ENSMUSG00000022195-S,tert-butyl(dimethyl)silyl-2-([tert-butyl(dimethyl)silyl]oxy)hex-2-enoate,,-1.0,,-1.0,,1,-1,-1,-1
ENSMUSG00000022257-S,"1-Pentene, 1,3-diphenyl-1-(trimethylsilyloxy)-",,,,1.0,,1,-1,-1,-1
ENSMUSG00000022257-S,"2,4-Dimethoxybenzaldoxime",,,,-1.0,,1,-1,-1,-1
ENSMUSG00000022257-S,3-(4-Methoxyphenyl)coumarin,,1.0,,1.0,,1,-1,-1,-1
ENSMUSG00000022257-S,L-Glutamic acid,,,,-1.0,,1,-1,-1,-1
ENSMUSG00000022257-S,"l-Leucine, n-butoxycarbonyl-N-methyl-, hexadecyl ester",,,,1.0,,1,-1,-1,-1
ENSMUSG00000022257-S,L-Ornithine,,,,-1.0,,1,-1,-1,-1
ENSMUSG00000022257-S,L-Val-L-Leu,,-1.0,,-1.0,,1,-1,-1,-1
ENSMUSG00000022299-S,3-(4-Methoxyphenyl)coumarin,,1.0,,1.0,,1,-1,-1,-1
ENSMUSG00000022299-S,7-Hydroxy-4-(methoxymethyl)coumarin,,1.0,,1.0,,1,-1,-1,-1
ENSMUSG00000022299-S,L-Ornithine,,,,1.0,,1,-1,-1,-1
ENSMUSG00000022299-S,tert-butyl(dimethyl)silyl-2-([tert-butyl(dimethyl)silyl]oxy)hex-2-enoate,,1.0,,1.0,,1,-1,-1,-1
ENSMUSG00000022307-S,"2,4-Dimethoxybenzaldoxime",,,,-1.0,,1,-1,-1,-1
ENSMUSG00000022307-S,3-(4-Methoxyphenyl)coumarin,,1.0,,1.0,,1,-1,-1,-1
ENSMUSG00000022307-S,"l-Leucine, n-butoxycarbonyl-N-methyl-, hexadecyl ester",,,,1.0,,1,-1,-1,-1
ENSMUSG00000022307-S,L-Val-L-Leu,,-1.0,,-1.0,,1,-1,-1,-1
ENSMUSG00000022339-S,"1,2-Bis(trimethylsiloxy)cyclohexene",,,,1.0,,1,-1,-1,-1
ENSMUSG00000022339-S,"1-Pentene, 1,3-diphenyl-1-(trimethylsilyloxy)-",,,,1.0,,1,-1,-1,-1
ENSMUSG00000022339-S,"2,4-Dimethoxybenzaldoxime",,,,1.0,,1,-1,-1,-1
ENSMUSG00000022339-S,2-Norbornanemethanol,,,,-1.0,,1,-1,-1,-1
ENSMUSG00000022339-S,4-tert-Butyldimethylsiloxy-3-penten-2-one,,1.0,,1.0,,1,-1,-1,-1
ENSMUSG00000022339-S,5-Nitroso-8-quinolinol,,,,1.0,,1,-1,-1,-1
ENSMUSG00000022339-S,Diclofenac,,,,1.0,,1,-1,-1,-1
ENSMUSG00000022339-S,L-Pyroglutamic acid,,,,1.0,,1,-1,-1,-1
ENSMUSG00000022339-S,L-Serine,,,,1.0,,1,-1,-1,-1
ENSMUSG00000022339-S,Lupinine,,1.0,,1.0,,1,-1,-1,-1
ENSMUSG00000022339-S,L-Val-L-Leu,,1.0,,1.0,,1,-1,-1,-1
ENSMUSG00000022365-S,"1,2-Bis(trimethylsiloxy)cyclohexene",,,,-1.0,,1,-1,-1,-1
ENSMUSG00000022365-S,"1-Pentene, 1,3-diphenyl-1-(trimethylsilyloxy)-",,,,1.0,,1,-1,-1,-1
ENSMUSG00000022365-S,"2,4-Dimethoxybenzaldoxime",,,,-1.0,,1,-1,-1,-1
ENSMUSG00000022365-S,4-tert-Butyldimethylsiloxy-3-penten-2-one,,1.0,,1.0,,1,-1,-1,-1
ENSMUSG00000022365-S,Chlorobenzilate,,,,-1.0,,1,-1,-1,-1
ENSMUSG00000022365-S,Diclofenac,,,,-1.0,,1,-1,-1,-1
ENSMUSG00000022365-S,L-Serine,,,,-1.0,,1,-1,-1,-1
ENSMUSG00000022365-S,tert-butyl(dimethyl)silyl-2-([tert-butyl(dimethyl)silyl]oxy)hex-2-enoate,,-1.0,,-1.0,,1,-1,-1,-1
ENSMUSG00000022436-S,"1-Pentene, 1,3-diphenyl-1-(trimethylsilyloxy)-",,,,1.0,,1,-1,-1,-1
ENSMUSG00000022436-S,"2,4-Dimethoxybenzaldoxime",,,,-1.0,,1,-1,-1,-1
ENSMUSG00000022436-S,"3,3-Dimethylacrylic acid",,,,1.0,,1,-1,-1,-1
ENSMUSG00000022436-S,4-tert-Butyldimethylsiloxy-3-penten-2-one,,1.0,,1.0,,1,-1,-1,-1
ENSMUSG00000022436-S,5-Nitroso-8-quinolinol,,,,1.0,,1,-1,-1,-1
ENSMUSG00000022436-S,"l-Leucine, n-butoxycarbonyl-N-methyl-, hexadecyl ester",,,,-1.0,,1,-1,-1,-1
ENSMUSG00000022436-S,L-Serine,,,,-1.0,,1,-1,-1,-1
ENSMUSG00000022436-S,tert-butyl(dimethyl)silyl-2-([tert-butyl(dimethyl)silyl]oxy)hex-2-enoate,,-1.0,,-1.0,,1,-1,-1,-1
ENSMUSG00000022439-S,"1,2-Bis(trimethylsiloxy)cyclohexene",,,,1.0,,1,-1,-1,-1
ENSMUSG00000022439-S,"1-Pentene, 1,3-diphenyl-1-(trimethylsilyloxy)-",,,,1.0,,1,-1,-1,-1
ENSMUSG00000022439-S,"2,4-Dimethoxybenzaldoxime",,,,-1.0,,1,-1,-1,-1
ENSMUSG00000022439-S,3-(4-Methoxyphenyl)coumarin,,1.0,,1.0,,1,-1,-1,-1
ENSMUSG00000022439-S,Diclofenac,,,,1.0,,1,-1,-1,-1
ENSMUSG00000022439-S,L-Val-L-Leu,,-1.0,,-1.0,,1,-1,-1,-1
ENSMUSG00000022474-S,"1,2-Bis(trimethylsiloxy)cyclohexene",,,,1.0,,1,-1,-1,-1
ENSMUSG00000022474-S,"1,2-Cinnolinedicarboxylic acid, 1,2,3,5,6,7,8,8a-octahydro-4-trimethylsilyloxy-, diethyl ester",,,,-1.0,,1,-1,-1,-1
ENSMUSG00000022474-S,"1-Pentene, 1,3-diphenyl-1-(trimethylsilyloxy)-",,,,1.0,,1,-1,-1,-1
ENSMUSG00000022474-S,3-(4-Methoxyphenyl)coumarin,,1.0,,1.0,,1,-1,-1,-1
ENSMUSG00000022474-S,7-Hydroxy-4-(methoxymethyl)coumarin,,-1.0,,-1.0,,1,-1,-1,-1
ENSMUSG00000022474-S,Diclofenac,,,,1.0,,1,-1,-1,-1
ENSMUSG00000022474-S,L-(+)-Threose,,-1.0,,-1.0,,1,-1,-1,-1
ENSMUSG00000022474-S,L-Pyroglutamic acid,,,,1.0,,1,-1,-1,-1
ENSMUSG00000022474-S,L-Serine,,,,1.0,,1,-1,-1,-1
ENSMUSG00000022577-S,"1,2-Bis(trimethylsiloxy)cyclohexene",,,,-1.0,,1,-1,-1,-1
ENSMUSG00000022577-S,3-(4-Methoxyphenyl)coumarin,,1.0,,1.0,,1,-1,-1,-1
ENSMUSG00000022577-S,5-Nitroso-8-quinolinol,,,,-1.0,,1,-1,-1,-1
ENSMUSG00000022577-S,"Benzene, 1-ethyl-3,5-dimethyl",,,,-1.0,,1,-1,-1,-1
ENSMUSG00000022577-S,L-(+)-Threose,,-1.0,,-1.0,,1,-1,-1,-1
ENSMUSG00000022587-S,"1-Pentene, 1,3-diphenyl-1-(trimethylsilyloxy)-",,,,1.0,,1,-1,-1,-1
ENSMUSG00000022587-S,"2,4-Dimethoxybenzaldoxime",,,,-1.0,,1,-1,-1,-1
ENSMUSG00000022587-S,"2-Methylcyclohexanol, (Z)",,-0.8999999999999998,-0.8660254037844387,-0.927869618527036,,1,-1,-1,-1
ENSMUSG00000022587-S,3-(4-Methoxyphenyl)coumarin,,1.0,,1.0,,1,-1,-1,-1
ENSMUSG00000022587-S,"4,5-Dihydro-1H-pyrazole",,,,1.0,,1,-1,-1,-1
ENSMUSG00000022587-S,L-Serine,,,,-1.0,,1,-1,-1,-1
ENSMUSG00000022587-S,L-Val-L-Leu,,-1.0,,-1.0,,1,-1,-1,-1
ENSMUSG00000022619-S,"1,2-Cinnolinedicarboxylic acid, 1,2,3,5,6,7,8,8a-octahydro-4-trimethylsilyloxy-, diethyl ester",,,,1.0,,1,-1,-1,-1
ENSMUSG00000022619-S,"2,4,6-Cycloheptatrien-1-one",,,,-1.0,1.0,1,-1,-1,-1
ENSMUSG00000022619-S,"2,4-Dimethoxybenzaldoxime",,,,-1.0,,1,-1,-1,-1
ENSMUSG00000022619-S,4-tert-Butyldimethylsiloxy-3-penten-2-one,,-1.0,,-1.0,,1,-1,-1,-1
ENSMUSG00000022619-S,"l-Leucine, n-butoxycarbonyl-N-methyl-, hexadecyl ester",,,,1.0,,1,-1,-1,-1
ENSMUSG00000022619-S,Octanoic acid,,-1.0,,-1.0,,1,-1,-1,-1
ENSMUSG00000022751-S,3-(4-Methoxyphenyl)coumarin,,-1.0,,-1.0,,1,-1,-1,-1
ENSMUSG00000022751-S,"Benzene, 1-ethyl-3,5-dimethyl",,,,1.0,,1,-1,-1,-1
ENSMUSG00000022751-S,L-(+)-Threose,,1.0,,1.0,,1,-1,-1,-1
ENSMUSG00000022751-S,"l-Leucine, n-butoxycarbonyl-N-methyl-, hexadecyl ester",,,,-1.0,,1,-1,-1,-1
ENSMUSG00000022752-S,"1,2-Bis(trimethylsiloxy)cyclohexene",,,,1.0,,1,-1,-1,-1
ENSMUSG00000022752-S,"1,2-Cinnolinedicarboxylic acid, 1,2,3,5,6,7,8,8a-octahydro-4-trimethylsilyloxy-, diethyl ester",,,,-1.0,,1,-1,-1,-1
ENSMUSG00000022752-S,2-Ethyl-1-butanol,,,,1.0,,1,-1,-1,-1
ENSMUSG00000022752-S,"2-Methylcyclohexylamine, tert.-butyldimethylsilyl ether",,1.0,,1.0,,1,-1,-1,-1
ENSMUSG00000022752-S,2-Norbornanemethanol,,,,-1.0,,1,-1,-1,-1
ENSMUSG00000022752-S,3-(4-Methoxyphenyl)coumarin,,-1.0,,-1.0,,1,-1,-1,-1
ENSMUSG00000022752-S,Diclofenac,,,,1.0,,1,-1,-1,-1
ENSMUSG00000022752-S,L-(+)-Threose,,1.0,,1.0,,1,-1,-1,-1
ENSMUSG00000022752-S,L-Pyroglutamic acid,,,,1.0,,1,-1,-1,-1
ENSMUSG00000022752-S,L-Serine,,,,1.0,,1,-1,-1,-1
ENSMUSG00000022752-S,L-Val-L-Leu,,1.0,,1.0,,1,-1,-1,-1
ENSMUSG00000022752-S,Xylazine,,0.8999999999999998,1.0,0.8954053273686237,1.0,1,1,1,1
ENSMUSG00000022774-S,"1,2-Bis(trimethylsiloxy)cyclohexene",,,,-1.0,,1,-1,-1,-1
ENSMUSG00000022774-S,"2,4-Dimethoxybenzaldoxime",,,,1.0,,1,-1,-1,-1
ENSMUSG00000022774-S,3-(4-Methoxyphenyl)coumarin,,-1.0,,-1.0,,1,-1,-1,-1
ENSMUSG00000022774-S,"3,3-Dimethylacrylic acid",,,,1.0,,1,-1,-1,-1
ENSMUSG00000022774-S,L-Ornithine,,,,1.0,,1,-1,-1,-1
ENSMUSG00000022774-S,Sarcosine,,,,-1.0,,1,-1,-1,-1
ENSMUSG00000022840-S,"1,2-Cinnolinedicarboxylic acid, 1,2,3,5,6,7,8,8a-octahydro-4-trimethylsilyloxy-, diethyl ester",,,,-1.0,,1,-1,-1,-1
ENSMUSG00000022840-S,2-Ethyl-1-butanol,,,,1.0,,1,-1,-1,-1
ENSMUSG00000022840-S,2-Norbornanemethanol,,,,-1.0,,1,-1,-1,-1
ENSMUSG00000022840-S,3-(4-Methoxyphenyl)coumarin,,-1.0,,-1.0,,1,-1,-1,-1
ENSMUSG00000022840-S,4-Methylvaleric acid,,1.0,1.0,0.9285714285714288,,1,-1,-1,-1
ENSMUSG00000022840-S,L-(+)-Threose,,1.0,,1.0,,1,-1,-1,-1
ENSMUSG00000022840-S,"l-Leucine, n-butoxycarbonyl-N-methyl-, hexadecyl ester",,,,-1.0,,1,-1,-1,-1
ENSMUSG00000022840-S,L-Val-L-Leu,,1.0,,1.0,,1,-1,-1,-1
ENSMUSG00000022844-S,"1,2-Cinnolinedicarboxylic acid, 1,2,3,5,6,7,8,8a-octahydro-4-trimethylsilyloxy-, diethyl ester",,,,-1.0,,1,-1,-1,-1
ENSMUSG00000022844-S,"1-Pentene, 1,3-diphenyl-1-(trimethylsilyloxy)-",,,,1.0,,1,-1,-1,-1
ENSMUSG00000022844-S,2-Ethyl-1-butanol,,,,1.0,,1,-1,-1,-1
ENSMUSG00000022844-S,7-Hydroxy-4-(methoxymethyl)coumarin,,1.0,,1.0,,1,-1,-1,-1
ENSMUSG00000022844-S,Chlorobenzilate,,,,-1.0,,1,-1,-1,-1
ENSMUSG00000022844-S,"l-Leucine, n-butoxycarbonyl-N-methyl-, hexadecyl ester",,,,-1.0,,1,-1,-1,-1
ENSMUSG00000022864-S,2-Ethyl-1-butanol,,,,1.0,,1,-1,-1,-1
ENSMUSG00000022864-S,2-Norbornanemethanol,,,,-1.0,,1,-1,-1,-1
ENSMUSG00000022864-S,4-tert-Butyldimethylsiloxy-3-penten-2-one,,1.0,,1.0,,1,-1,-1,-1
ENSMUSG00000022864-S,Diclofenac,,,,-1.0,,1,-1,-1,-1
ENSMUSG00000022864-S,"l-Leucine, n-butoxycarbonyl-N-methyl-, hexadecyl ester",,,,-1.0,,1,-1,-1,-1
ENSMUSG00000022864-S,Lupinine,,1.0,,1.0,,1,-1,-1,-1
ENSMUSG00000022864-S,L-Val-L-Leu,,1.0,,1.0,,1,-1,-1,-1
ENSMUSG00000022865-S,"1,2-Bis(trimethylsiloxy)cyclohexene",,,,1.0,,1,-1,-1,-1
ENSMUSG00000022865-S,2-Norbornanemethanol,,,,1.0,,1,-1,-1,-1
ENSMUSG00000022865-S,3-(4-Methoxyphenyl)coumarin,,-1.0,,-1.0,,1,-1,-1,-1
ENSMUSG00000022865-S,"Benzene, 1-ethyl-3,5-dimethyl",,,,1.0,,1,-1,-1,-1
ENSMUSG00000022865-S,Diclofenac,,,,1.0,,1,-1,-1,-1
ENSMUSG00000022865-S,L-(+)-Threose,,1.0,,1.0,,1,-1,-1,-1
ENSMUSG00000022865-S,tert-butyl(dimethyl)silyl-2-([tert-butyl(dimethyl)silyl]oxy)hex-2-enoate,,-1.0,,-1.0,,1,-1,-1,-1
ENSMUSG00000022956-S,"1,2-Bis(trimethylsiloxy)cyclohexene",,,,1.0,,1,-1,-1,-1
ENSMUSG00000022956-S,3-(4-Methoxyphenyl)coumarin,,1.0,,1.0,,1,-1,-1,-1
ENSMUSG00000022956-S,Aceturic acid,,-0.7999999999999999,,-0.9285714285714288,,1,-1,-1,-1
ENSMUSG00000022956-S,L-(+)-Threose,,-1.0,,-1.0,,1,-1,-1,-1
ENSMUSG00000022956-S,L-Serine,,,,1.0,,1,-1,-1,-1
ENSMUSG00000022956-S,L-Val-L-Leu,,-1.0,,-1.0,,1,-1,-1,-1
ENSMUSG00000022995-S,"1,2-Bis(trimethylsiloxy)cyclohexene",,,,-1.0,,1,-1,-1,-1
ENSMUSG00000022995-S,"1-Pentene, 1,3-diphenyl-1-(trimethylsilyloxy)-",,,,-1.0,,1,-1,-1,-1
ENSMUSG00000022995-S,"2,4-Dimethoxybenzaldoxime",,,,1.0,,1,-1,-1,-1
ENSMUSG00000022995-S,3-(4-Methoxyphenyl)coumarin,,-1.0,,-1.0,,1,-1,-1,-1
ENSMUSG00000022995-S,6-Nitroveratryl alcohol,,,,-1.0,,1,-1,-1,-1
ENSMUSG00000022995-S,Diclofenac,,,,-1.0,,1,-1,-1,-1
ENSMUSG00000022995-S,L-Val-L-Leu,,1.0,,1.0,,1,-1,-1,-1
ENSMUSG00000023055-S,"1,2-Cinnolinedicarboxylic acid, 1,2,3,5,6,7,8,8a-octahydro-4-trimethylsilyloxy-, diethyl ester",,,,-1.0,,1,-1,-1,-1
ENSMUSG00000023055-S,2-Norbornanemethanol,,,,-1.0,,1,-1,-1,-1
ENSMUSG00000023055-S,"4,5-Dihydro-1H-pyrazole",,,,1.0,,1,-1,-1,-1
ENSMUSG00000023055-S,Chlorobenzilate,,,,-1.0,,1,-1,-1,-1
ENSMUSG00000023055-S,L-(+)-Threose,,-1.0,,-1.0,,1,-1,-1,-1
ENSMUSG00000023055-S,L-Val-L-Leu,,1.0,,1.0,,1,-1,-1,-1
ENSMUSG00000023055-S,tert-butyl(dimethyl)silyl-2-([tert-butyl(dimethyl)silyl]oxy)hex-2-enoate,,1.0,,1.0,,1,-1,-1,-1
ENSMUSG00000023055-S,Uracil,,0.9746794344808964,0.5,0.94120970363394,-1.0,1,-1,-1,-1
ENSMUSG00000023206-S,"1,2-Cinnolinedicarboxylic acid, 1,2,3,5,6,7,8,8a-octahydro-4-trimethylsilyloxy-, diethyl ester",,,,-1.0,,1,-1,-1,-1
ENSMUSG00000023206-S,"1-Pentene, 1,3-diphenyl-1-(trimethylsilyloxy)-",,,,1.0,,1,-1,-1,-1
ENSMUSG00000023206-S,3-(4-Methoxyphenyl)coumarin,,-1.0,,-1.0,,1,-1,-1,-1
ENSMUSG00000023206-S,7-Hydroxy-4-(methoxymethyl)coumarin,,1.0,,1.0,,1,-1,-1,-1
ENSMUSG00000023206-S,"Benzene, 1-ethyl-3,5-dimethyl",,,,1.0,,1,-1,-1,-1
ENSMUSG00000023206-S,L-(+)-Threose,,1.0,,1.0,,1,-1,-1,-1
ENSMUSG00000023206-S,"l-Leucine, n-butoxycarbonyl-N-methyl-, hexadecyl ester",,,,-1.0,,1,-1,-1,-1
ENSMUSG00000023206-S,L-Val-L-Leu,,1.0,,1.0,,1,-1,-1,-1
ENSMUSG00000023249-S,"1,2-Bis(trimethylsiloxy)cyclohexene",,,,-1.0,,1,-1,-1,-1
ENSMUSG00000023249-S,"1-Pentene, 1,3-diphenyl-1-(trimethylsilyloxy)-",,,,-1.0,,1,-1,-1,-1
ENSMUSG00000023249-S,2-Norbornanemethanol,,,,-1.0,,1,-1,-1,-1
ENSMUSG00000023249-S,3-(4-Methoxyphenyl)coumarin,,1.0,,1.0,,1,-1,-1,-1
ENSMUSG00000023249-S,5-Nitroso-8-quinolinol,,,,-1.0,,1,-1,-1,-1
ENSMUSG00000023249-S,"Benzene, 1-ethyl-3,5-dimethyl",,,,-1.0,,1,-1,-1,-1
ENSMUSG00000023249-S,L-(+)-Threose,,-1.0,,-1.0,,1,-1,-1,-1
ENSMUSG00000023249-S,tert-butyl(dimethyl)silyl-2-([tert-butyl(dimethyl)silyl]oxy)hex-2-enoate,,1.0,,1.0,,1,-1,-1,-1
ENSMUSG00000023411-S,"1,2-Cinnolinedicarboxylic acid, 1,2,3,5,6,7,8,8a-octahydro-4-trimethylsilyloxy-, diethyl ester",,,,1.0,,1,-1,-1,-1
ENSMUSG00000023411-S,"1-Pentene, 1,3-diphenyl-1-(trimethylsilyloxy)-",,,,-1.0,,1,-1,-1,-1
ENSMUSG00000023411-S,3-(4-Methoxyphenyl)coumarin,,1.0,,1.0,,1,-1,-1,-1
ENSMUSG00000023411-S,"Benzene, 1-ethyl-3,5-dimethyl",,,,-1.0,,1,-1,-1,-1
ENSMUSG00000023411-S,Chlorobenzilate,,,,1.0,,1,-1,-1,-1
ENSMUSG00000023411-S,L-(+)-Threose,,-1.0,,-1.0,,1,-1,-1,-1
ENSMUSG00000023411-S,L-Glutamic acid,,,,1.0,,1,-1,-1,-1
ENSMUSG00000023411-S,"l-Leucine, n-butoxycarbonyl-N-methyl-, hexadecyl ester",,,,-1.0,,1,-1,-1,-1
ENSMUSG00000023411-S,L-Ornithine,,,,1.0,,1,-1,-1,-1
ENSMUSG00000023411-S,Sarcosine,,,,-1.0,,1,-1,-1,-1
ENSMUSG00000023800-S,"1,2-Cinnolinedicarboxylic acid, 1,2,3,5,6,7,8,8a-octahydro-4-trimethylsilyloxy-, diethyl ester",,,,-1.0,,1,-1,-1,-1
ENSMUSG00000023800-S,2-Ethyl-1-butanol,,,,1.0,,1,-1,-1,-1
ENSMUSG00000023800-S,2-Norbornanemethanol,,,,-1.0,,1,-1,-1,-1
ENSMUSG00000023800-S,4-tert-Butyldimethylsiloxy-3-penten-2-one,,1.0,,1.0,,1,-1,-1,-1
ENSMUSG00000023800-S,7-Hydroxy-4-(methoxymethyl)coumarin,,1.0,,1.0,,1,-1,-1,-1
ENSMUSG00000023800-S,Adipoyl-L-carnitine,,1.0,,1.0,,1,-1,-1,-1
ENSMUSG00000023800-S,Chlorobenzilate,,,,-1.0,,1,-1,-1,-1
ENSMUSG00000023800-S,"l-Leucine, n-butoxycarbonyl-N-methyl-, hexadecyl ester",,,,-1.0,,1,-1,-1,-1
ENSMUSG00000023919-S,"2,4-Di-tert-butylphenol",,,-1.0,-1.0,-1.0,1,1,1,1
ENSMUSG00000023919-S,3-(4-Methoxyphenyl)coumarin,,-1.0,,-1.0,,1,-1,-1,-1
ENSMUSG00000023919-S,"l-Leucine, n-butoxycarbonyl-N-methyl-, hexadecyl ester",,,,1.0,,1,-1,-1,-1
ENSMUSG00000023921-S,"1,2-Bis(trimethylsiloxy)cyclohexene",,,,-1.0,,1,-1,-1,-1
ENSMUSG00000023921-S,"1,2-Cinnolinedicarboxylic acid, 1,2,3,5,6,7,8,8a-octahydro-4-trimethylsilyloxy-, diethyl ester",,,,1.0,,1,-1,-1,-1
ENSMUSG00000023921-S,4-tert-Butyldimethylsiloxy-3-penten-2-one,,-1.0,,-1.0,,1,-1,-1,-1
ENSMUSG00000023921-S,7-Hydroxy-4-(methoxymethyl)coumarin,,-1.0,,-1.0,,1,-1,-1,-1
ENSMUSG00000023921-S,"Benzene, 1-ethyl-3,5-dimethyl",,,,-1.0,,1,-1,-1,-1
ENSMUSG00000023972-S,"1,2-Cinnolinedicarboxylic acid, 1,2,3,5,6,7,8,8a-octahydro-4-trimethylsilyloxy-, diethyl ester",,,,-1.0,,1,-1,-1,-1
ENSMUSG00000023972-S,2-Norbornanemethanol,,,,-1.0,,1,-1,-1,-1
ENSMUSG00000023972-S,3-(4-Methoxyphenyl)coumarin,,-1.0,,-1.0,,1,-1,-1,-1
ENSMUSG00000023972-S,5-Nitroso-8-quinolinol,,,,1.0,,1,-1,-1,-1
ENSMUSG00000023972-S,"l-Leucine, n-butoxycarbonyl-N-methyl-, hexadecyl ester",,,,-1.0,,1,-1,-1,-1
ENSMUSG00000023972-S,"Oxymorphone, bis(trimethylsilyl) ether",,0.9746794344808964,,0.95150257112482,,1,-1,-1,-1
ENSMUSG00000024030-S,"1-Pentene, 1,3-diphenyl-1-(trimethylsilyloxy)-",,,,1.0,,1,-1,-1,-1
ENSMUSG00000024030-S,4-tert-Butyldimethylsiloxy-3-penten-2-one,,1.0,,1.0,,1,-1,-1,-1
ENSMUSG00000024030-S,7-Hydroxy-4-(methoxymethyl)coumarin,,1.0,,1.0,,1,-1,-1,-1
ENSMUSG00000024030-S,L-Serine,,,,1.0,,1,-1,-1,-1
ENSMUSG00000024030-S,Sulindac,,-1.0,,-1.0,,1,-1,-1,-1
ENSMUSG00000024030-S,tert-butyl(dimethyl)silyl-2-([tert-butyl(dimethyl)silyl]oxy)hex-2-enoate,,-1.0,,-1.0,,1,-1,-1,-1
ENSMUSG00000024052-S,"1,2-Bis(trimethylsiloxy)cyclohexene",,,,-1.0,,1,-1,-1,-1
ENSMUSG00000024052-S,"1,2-Cinnolinedicarboxylic acid, 1,2,3,5,6,7,8,8a-octahydro-4-trimethylsilyloxy-, diethyl ester",,,,1.0,,1,-1,-1,-1
ENSMUSG00000024052-S,"2,4-Dimethoxybenzaldoxime",,,,-1.0,,1,-1,-1,-1
ENSMUSG00000024052-S,3-(4-Methoxyphenyl)coumarin,,1.0,,1.0,,1,-1,-1,-1
ENSMUSG00000024052-S,5-Nitroso-8-quinolinol,,,,-1.0,,1,-1,-1,-1
ENSMUSG00000024052-S,7-Hydroxy-4-(methoxymethyl)coumarin,,-1.0,,-1.0,,1,-1,-1,-1
ENSMUSG00000024052-S,"Benzene, 1-ethyl-3,5-dimethyl",,,,-1.0,,1,-1,-1,-1
ENSMUSG00000024052-S,L-(+)-Threose,,-1.0,,-1.0,,1,-1,-1,-1
ENSMUSG00000024052-S,L-Serine,,,,-1.0,,1,-1,-1,-1
ENSMUSG00000024077-S,"1,2-Bis(trimethylsiloxy)cyclohexene",,,,1.0,,1,-1,-1,-1
ENSMUSG00000024077-S,"1,2-Cinnolinedicarboxylic acid, 1,2,3,5,6,7,8,8a-octahydro-4-trimethylsilyloxy-, diethyl ester",,,,-1.0,,1,-1,-1,-1
ENSMUSG00000024077-S,2-Norbornanemethanol,,,,-1.0,,1,-1,-1,-1
ENSMUSG00000024077-S,3-(4-Methoxyphenyl)coumarin,,-1.0,,-1.0,,1,-1,-1,-1
ENSMUSG00000024077-S,5-Nitroso-8-quinolinol,,,,1.0,,1,-1,-1,-1
ENSMUSG00000024077-S,Diclofenac,,,,1.0,,1,-1,-1,-1
ENSMUSG00000024077-S,L-(+)-Threose,,1.0,,1.0,,1,-1,-1,-1
ENSMUSG00000024077-S,L-Pyroglutamic acid,,,,1.0,,1,-1,-1,-1
ENSMUSG00000024077-S,L-Serine,,,,1.0,,1,-1,-1,-1
ENSMUSG00000024077-S,L-Val-L-Leu,,1.0,,1.0,,1,-1,-1,-1
ENSMUSG00000024122-S,"1,2-Cinnolinedicarboxylic acid, 1,2,3,5,6,7,8,8a-octahydro-4-trimethylsilyloxy-, diethyl ester",,,,-1.0,,1,-1,-1,-1
ENSMUSG00000024122-S,2-Ethyl-1-butanol,,,,1.0,,1,-1,-1,-1
ENSMUSG00000024122-S,"l-Leucine, n-butoxycarbonyl-N-methyl-, hexadecyl ester",,,,-1.0,,1,-1,-1,-1
ENSMUSG00000024151-S,"1,2-Cinnolinedicarboxylic acid, 1,2,3,5,6,7,8,8a-octahydro-4-trimethylsilyloxy-, diethyl ester",,,,-1.0,,1,-1,-1,-1
ENSMUSG00000024151-S,"1-Pentene, 1,3-diphenyl-1-(trimethylsilyloxy)-",,,,1.0,,1,-1,-1,-1
ENSMUSG00000024151-S,"2,4-Dimethoxybenzaldoxime",,,,-1.0,,1,-1,-1,-1
ENSMUSG00000024151-S,3-(4-Methoxyphenyl)coumarin,,1.0,,1.0,,1,-1,-1,-1
ENSMUSG00000024151-S,5-Nitroso-8-quinolinol,,,,-1.0,,1,-1,-1,-1
ENSMUSG00000024151-S,L-(+)-Threose,,-1.0,,-1.0,,1,-1,-1,-1
ENSMUSG00000024151-S,L-Ornithine,,,,-1.0,,1,-1,-1,-1
ENSMUSG00000024151-S,L-Val-L-Leu,,-1.0,,-1.0,,1,-1,-1,-1
ENSMUSG00000024151-S,Sarcosine,,,,1.0,,1,-1,-1,-1
ENSMUSG00000024220-S,4-tert-Butyldimethylsiloxy-3-penten-2-one,,-1.0,,-1.0,,1,-1,-1,-1
ENSMUSG00000024220-S,7-Hydroxy-4-(methoxymethyl)coumarin,,-1.0,,-1.0,,1,-1,-1,-1
ENSMUSG00000024220-S,"Benzene, 1-ethyl-3,5-dimethyl",,,,1.0,,1,-1,-1,-1
ENSMUSG00000024220-S,tert-butyl(dimethyl)silyl-2-([tert-butyl(dimethyl)silyl]oxy)hex-2-enoate,,1.0,,1.0,,1,-1,-1,-1
ENSMUSG00000024277-S,"1,2-Cinnolinedicarboxylic acid, 1,2,3,5,6,7,8,8a-octahydro-4-trimethylsilyloxy-, diethyl ester",,,,1.0,,1,-1,-1,-1
ENSMUSG00000024277-S,"1-Pentene, 1,3-diphenyl-1-(trimethylsilyloxy)-",,,,-1.0,,1,-1,-1,-1
ENSMUSG00000024277-S,3-(4-Methoxyphenyl)coumarin,,1.0,,1.0,,1,-1,-1,-1
ENSMUSG00000024277-S,5-Nitroso-8-quinolinol,,,,1.0,,1,-1,-1,-1
ENSMUSG00000024277-S,L-(+)-Threose,,-1.0,,-1.0,,1,-1,-1,-1
ENSMUSG00000024277-S,tert-butyl(dimethyl)silyl-2-([tert-butyl(dimethyl)silyl]oxy)hex-2-enoate,,1.0,,1.0,,1,-1,-1,-1
ENSMUSG00000024346-S,"1,2-Cinnolinedicarboxylic acid, 1,2,3,5,6,7,8,8a-octahydro-4-trimethylsilyloxy-, diethyl ester",,,,1.0,,1,-1,-1,-1
ENSMUSG00000024346-S,"1-Octanol, 2-butyl-",,-0.9746794344808964,-0.5,-0.8907877552249789,,1,-1,-1,-1
ENSMUSG00000024346-S,2-Norbornanemethanol,,,,-1.0,,1,-1,-1,-1
ENSMUSG00000024346-S,4-tert-Butyldimethylsiloxy-3-penten-2-one,,-1.0,,-1.0,,1,-1,-1,-1
ENSMUSG00000024346-S,5-Nitroso-8-quinolinol,,,,-1.0,,1,-1,-1,-1
ENSMUSG00000024346-S,7-Hydroxy-4-(methoxymethyl)coumarin,,-1.0,,-1.0,,1,-1,-1,-1
ENSMUSG00000024346-S,"l-Leucine, n-butoxycarbonyl-N-methyl-, hexadecyl ester",,,,1.0,,1,-1,-1,-1
ENSMUSG00000024346-S,L-Serine,,,,1.0,,1,-1,-1,-1
ENSMUSG00000024346-S,tert-butyl(dimethyl)silyl-2-([tert-butyl(dimethyl)silyl]oxy)hex-2-enoate,,1.0,,1.0,,1,-1,-1,-1
ENSMUSG00000024349-S,"1,2-Cinnolinedicarboxylic acid, 1,2,3,5,6,7,8,8a-octahydro-4-trimethylsilyloxy-, diethyl ester",,,,-1.0,,1,-1,-1,-1
ENSMUSG00000024349-S,2-Norbornanemethanol,,,,-1.0,,1,-1,-1,-1
ENSMUSG00000024349-S,L-Serine,,,,1.0,,1,-1,-1,-1
ENSMUSG00000024349-S,L-Val-L-Leu,,1.0,,1.0,,1,-1,-1,-1
ENSMUSG00000024349-S,tert-butyl(dimethyl)silyl-2-([tert-butyl(dimethyl)silyl]oxy)hex-2-enoate,,1.0,,1.0,,1,-1,-1,-1
ENSMUSG00000024424-S,3-(4-Methoxyphenyl)coumarin,,1.0,,1.0,,1,-1,-1,-1
ENSMUSG00000024424-S,5-Nitroso-8-quinolinol,,,,-1.0,,1,-1,-1,-1
ENSMUSG00000024424-S,Adenine,,-1.0,-1.0,-0.9285714285714288,,1,-1,-1,-1
ENSMUSG00000024424-S,"Benzene, 1-ethyl-3,5-dimethyl",,,,-1.0,,1,-1,-1,-1
ENSMUSG00000024424-S,L-(+)-Threose,,-1.0,,-1.0,,1,-1,-1,-1
ENSMUSG00000024424-S,"l-Leucine, n-butoxycarbonyl-N-methyl-, hexadecyl ester",,,,1.0,,1,-1,-1,-1
ENSMUSG00000024426-S,3-(4-Methoxyphenyl)coumarin,,1.0,,1.0,,1,-1,-1,-1
ENSMUSG00000024426-S,5-Nitroso-8-quinolinol,,,,-1.0,,1,-1,-1,-1
ENSMUSG00000024426-S,7-Hydroxy-4-(methoxymethyl)coumarin,,-1.0,,-1.0,,1,-1,-1,-1
ENSMUSG00000024426-S,Azelaic acid,,-0.8207826816681233,-0.5,-0.8954053273686237,-1.0,1,1,1,1
ENSMUSG00000024426-S,L-(+)-Threose,,-1.0,,-1.0,,1,-1,-1,-1
ENSMUSG00000024426-S,L-Serine,,,,1.0,,1,-1,-1,-1
ENSMUSG00000024436-S,"1,2-Cinnolinedicarboxylic acid, 1,2,3,5,6,7,8,8a-octahydro-4-trimethylsilyloxy-, diethyl ester",,,,1.0,,1,-1,-1,-1
ENSMUSG00000024436-S,"2-Butenoic acid, 3-[(tert-butyldimethylsilyl)oxy]",,0.7999999999999999,0.5,0.9243697478991596,1.0,1,1,1,1
ENSMUSG00000024436-S,4-tert-Butyldimethylsiloxy-3-penten-2-one,,-1.0,,-1.0,,1,-1,-1,-1
ENSMUSG00000024436-S,7-Hydroxy-4-(methoxymethyl)coumarin,,1.0,,1.0,,1,-1,-1,-1
ENSMUSG00000024436-S,Chlorobenzilate,,,,1.0,,1,-1,-1,-1
ENSMUSG00000024436-S,L-(+)-Threose,,1.0,,1.0,,1,-1,-1,-1
ENSMUSG00000024436-S,L-Ornithine,,,,1.0,,1,-1,-1,-1
ENSMUSG00000024436-S,Methylthiouracil,,-1.0,-1.0,-0.9761904761904764,-1.0,1,1,1,1
ENSMUSG00000024436-S,tert-butyl(dimethyl)silyl-2-([tert-butyl(dimethyl)silyl]oxy)hex-2-enoate,,1.0,,1.0,,1,-1,-1,-1
ENSMUSG00000024457-S,"1,2-Cinnolinedicarboxylic acid, 1,2,3,5,6,7,8,8a-octahydro-4-trimethylsilyloxy-, diethyl ester",,,,-1.0,,1,-1,-1,-1
ENSMUSG00000024457-S,"1-Pentene, 1,3-diphenyl-1-(trimethylsilyloxy)-",,,,1.0,,1,-1,-1,-1
ENSMUSG00000024457-S,4-tert-Butyldimethylsiloxy-3-penten-2-one,,-1.0,,-1.0,,1,-1,-1,-1
ENSMUSG00000024457-S,L-(+)-Threose,,1.0,,1.0,,1,-1,-1,-1
ENSMUSG00000024457-S,L-Ornithine,,,,-1.0,,1,-1,-1,-1
ENSMUSG00000024457-S,Sarcosine,,,,1.0,,1,-1,-1,-1
ENSMUSG00000024556-S,"1-Pentene, 1,3-diphenyl-1-(trimethylsilyloxy)-",,,,1.0,,1,-1,-1,-1
ENSMUSG00000024556-S,2-Buten-1-ol,,,,1.0,,1,-1,-1,-1
ENSMUSG00000024556-S,2-Norbornanemethanol,,,,-1.0,,1,-1,-1,-1
ENSMUSG00000024556-S,5-Nitroso-8-quinolinol,,,,1.0,,1,-1,-1,-1
ENSMUSG00000024556-S,7-Hydroxy-4-(methoxymethyl)coumarin,,-1.0,,-1.0,,1,-1,-1,-1
ENSMUSG00000024556-S,"l-Leucine, n-butoxycarbonyl-N-methyl-, hexadecyl ester",,,,-1.0,,1,-1,-1,-1
ENSMUSG00000024563-S,"1,2-Bis(trimethylsiloxy)cyclohexene",,,,-1.0,,1,-1,-1,-1
ENSMUSG00000024563-S,"1-Pentene, 1,3-diphenyl-1-(trimethylsilyloxy)-",,,,-1.0,,1,-1,-1,-1
ENSMUSG00000024563-S,2-Norbornanemethanol,,,,1.0,,1,-1,-1,-1
ENSMUSG00000024563-S,L-(+)-Threose,,-1.0,,-1.0,,1,-1,-1,-1
ENSMUSG00000024563-S,L-Ornithine,,,,1.0,,1,-1,-1,-1
ENSMUSG00000024583-S,"1,2-Cinnolinedicarboxylic acid, 1,2,3,5,6,7,8,8a-octahydro-4-trimethylsilyloxy-, diethyl ester",,,,-1.0,,1,-1,-1,-1
ENSMUSG00000024583-S,"1-Pentene, 1,3-diphenyl-1-(trimethylsilyloxy)-",,,,1.0,,1,-1,-1,-1
ENSMUSG00000024583-S,"2,4-Dimethoxybenzaldoxime",,,,-1.0,,1,-1,-1,-1
ENSMUSG00000024583-S,2-Butenedioic acid,,1.0,1.0,0.9221722216732094,,1,-1,-1,-1
ENSMUSG00000024583-S,7-Hydroxy-4-(methoxymethyl)coumarin,,1.0,,1.0,,1,-1,-1,-1
ENSMUSG00000024583-S,L-Glutamic acid,,,,-1.0,,1,-1,-1,-1
ENSMUSG00000024583-S,"l-Leucine, n-butoxycarbonyl-N-methyl-, hexadecyl ester",,,,1.0,,1,-1,-1,-1
ENSMUSG00000024583-S,L-Ornithine,,,,-1.0,,1,-1,-1,-1
ENSMUSG00000024598-S,"1,2-Cinnolinedicarboxylic acid, 1,2,3,5,6,7,8,8a-octahydro-4-trimethylsilyloxy-, diethyl ester",,,,-1.0,,1,-1,-1,-1
ENSMUSG00000024598-S,"1-Pentene, 1,3-diphenyl-1-(trimethylsilyloxy)-",,,,1.0,,1,-1,-1,-1
ENSMUSG00000024598-S,3-(4-Methoxyphenyl)coumarin,,-1.0,,-1.0,,1,-1,-1,-1
ENSMUSG00000024598-S,"3,3-Dimethylacrylic acid",,,,1.0,,1,-1,-1,-1
ENSMUSG00000024598-S,5-Nitroso-8-quinolinol,,,,1.0,,1,-1,-1,-1
ENSMUSG00000024598-S,7-Hydroxy-4-(methoxymethyl)coumarin,,1.0,,1.0,,1,-1,-1,-1
ENSMUSG00000024598-S,"Benzene, 1-ethyl-3,5-dimethyl",,,,1.0,,1,-1,-1,-1
ENSMUSG00000024598-S,L-(+)-Threose,,1.0,,1.0,,1,-1,-1,-1
ENSMUSG00000024598-S,"l-Leucine, n-butoxycarbonyl-N-methyl-, hexadecyl ester",,,,-1.0,,1,-1,-1,-1
ENSMUSG00000024614-S,"1,2-Bis(trimethylsiloxy)cyclohexene",,,,1.0,,1,-1,-1,-1
ENSMUSG00000024614-S,"2,4-Dimethoxybenzaldoxime",,,,1.0,,1,-1,-1,-1
ENSMUSG00000024614-S,"2-Cyclohexen-1-one, 3-methyl-",,0.8999999999999998,1.0,0.9,1.0,1,1,1,1
ENSMUSG00000024614-S,2-Hydroxy-3-methylbutyric acid,,1.0,1.0,0.8954053273686237,-1.0,1,-1,-1,-1
ENSMUSG00000024614-S,4-tert-Butyldimethylsiloxy-3-penten-2-one,,-1.0,,-1.0,,1,-1,-1,-1
ENSMUSG00000024614-S,5-Nitroso-8-quinolinol,,,,1.0,,1,-1,-1,-1
ENSMUSG00000024614-S,"Benzene, 1-ethyl-3,5-dimethyl",,,,1.0,,1,-1,-1,-1
ENSMUSG00000024614-S,Butanedioic acid,,1.0,1.0,0.966240492659655,,1,-1,-1,-1
ENSMUSG00000024614-S,Diclofenac,,,,1.0,,1,-1,-1,-1
ENSMUSG00000024614-S,L-(+)-Threose,,1.0,,1.0,,1,-1,-1,-1
ENSMUSG00000024614-S,L-Pyroglutamic acid,,,,1.0,,1,-1,-1,-1
ENSMUSG00000024614-S,L-Serine,,,,1.0,,1,-1,-1,-1
ENSMUSG00000024614-S,Myristic acid,,0.6668859288553501,0.5,0.8954053273686237,-1.0,1,-1,-1,-1
ENSMUSG00000024614-S,Pipecolic acid,,1.0,0.8660254037844387,0.9539832459815244,-1.0,1,-1,-1,-1
ENSMUSG00000024614-S,Suberic acid,,1.0,1.0,0.9166666666666666,-1.0,1,-1,-1,-1
ENSMUSG00000024614-S,tert-butyl(dimethyl)silyl-2-([tert-butyl(dimethyl)silyl]oxy)hex-2-enoate,,1.0,,1.0,,1,-1,-1,-1
ENSMUSG00000024647-S,"1,2-Bis(trimethylsiloxy)cyclohexene",,,,-1.0,,1,-1,-1,-1
ENSMUSG00000024647-S,"1-Pentene, 1,3-diphenyl-1-(trimethylsilyloxy)-",,,,1.0,,1,-1,-1,-1
ENSMUSG00000024647-S,"2,4-Dimethoxybenzaldoxime",,,,-1.0,,1,-1,-1,-1
ENSMUSG00000024647-S,2-Norbornanemethanol,,,,1.0,,1,-1,-1,-1
ENSMUSG00000024647-S,"3,3-Dimethylacrylic acid",,,,1.0,,1,-1,-1,-1
ENSMUSG00000024647-S,4-tert-Butyldimethylsiloxy-3-penten-2-one,,1.0,,1.0,,1,-1,-1,-1
ENSMUSG00000024647-S,"Benzene, 1-ethyl-3,5-dimethyl",,,,1.0,,1,-1,-1,-1
ENSMUSG00000024647-S,Chlorobenzilate,,,,-1.0,,1,-1,-1,-1
ENSMUSG00000024647-S,Diclofenac,,,,-1.0,,1,-1,-1,-1
ENSMUSG00000024647-S,L-Serine,,,,-1.0,,1,-1,-1,-1
ENSMUSG00000024647-S,tert-butyl(dimethyl)silyl-2-([tert-butyl(dimethyl)silyl]oxy)hex-2-enoate,,-1.0,,-1.0,,1,-1,-1,-1
ENSMUSG00000024683-S,"1-Pentene, 1,3-diphenyl-1-(trimethylsilyloxy)-",,,,1.0,,1,-1,-1,-1
ENSMUSG00000024683-S,2-Norbornanemethanol,,,,-1.0,,1,-1,-1,-1
ENSMUSG00000024683-S,4-tert-Butyldimethylsiloxy-3-penten-2-one,,-1.0,,-1.0,,1,-1,-1,-1
ENSMUSG00000024683-S,7-Hydroxy-4-(methoxymethyl)coumarin,,-1.0,,-1.0,,1,-1,-1,-1
ENSMUSG00000024683-S,"l-Leucine, n-butoxycarbonyl-N-methyl-, hexadecyl ester",,,,-1.0,,1,-1,-1,-1
ENSMUSG00000024683-S,tert-butyl(dimethyl)silyl-2-([tert-butyl(dimethyl)silyl]oxy)hex-2-enoate,,1.0,,1.0,,1,-1,-1,-1
ENSMUSG00000024764-S,"1,2-Cinnolinedicarboxylic acid, 1,2,3,5,6,7,8,8a-octahydro-4-trimethylsilyloxy-, diethyl ester",,,,-1.0,,1,-1,-1,-1
ENSMUSG00000024764-S,2-Norbornanemethanol,,,,-1.0,,1,-1,-1,-1
ENSMUSG00000024764-S,5-Nitroso-8-quinolinol,,,,1.0,,1,-1,-1,-1
ENSMUSG00000024764-S,7-Hydroxy-4-(methoxymethyl)coumarin,,-1.0,,-1.0,,1,-1,-1,-1
ENSMUSG00000024764-S,"l-Leucine, n-butoxycarbonyl-N-methyl-, hexadecyl ester",,,,-1.0,,1,-1,-1,-1
ENSMUSG00000024766-S,"1,2-Bis(trimethylsiloxy)cyclohexene",,,,1.0,,1,-1,-1,-1
ENSMUSG00000024766-S,"1-Pentene, 1,3-diphenyl-1-(trimethylsilyloxy)-",,,,1.0,,1,-1,-1,-1
ENSMUSG00000024766-S,"2,4-Dimethoxybenzaldoxime",,,,1.0,,1,-1,-1,-1
ENSMUSG00000024766-S,2-Hydroxy-3-methylbutyric acid,,0.7,1.0,0.8954053273686237,-1.0,1,-1,-1,-1
ENSMUSG00000024766-S,2-Norbornanemethanol,,,,-1.0,,1,-1,-1,-1
ENSMUSG00000024766-S,"5-Nonanol, tert-butyldimethylsilyl ether",,0.9486832980505138,1.0,0.9496133617021004,1.0,1,1,1,1
ENSMUSG00000024766-S,6-Nitroveratryl alcohol,,,,1.0,,1,-1,-1,-1
ENSMUSG00000024766-S,Diclofenac,,,,1.0,,1,-1,-1,-1
ENSMUSG00000024766-S,L-Pyroglutamic acid,,,,1.0,,1,-1,-1,-1
ENSMUSG00000024766-S,L-Serine,,,,1.0,,1,-1,-1,-1
ENSMUSG00000024766-S,Lupinine,,1.0,,1.0,,1,-1,-1,-1
ENSMUSG00000024766-S,L-Val-L-Leu,,1.0,,1.0,,1,-1,-1,-1
ENSMUSG00000024766-S,tert-butyl(dimethyl)silyl-2-([tert-butyl(dimethyl)silyl]oxy)hex-2-enoate,,1.0,,1.0,,1,-1,-1,-1
ENSMUSG00000024776-S,"1,2-Bis(trimethylsiloxy)cyclohexene",,,,1.0,,1,-1,-1,-1
ENSMUSG00000024776-S,"1-Pentene, 1,3-diphenyl-1-(trimethylsilyloxy)-",,,,1.0,,1,-1,-1,-1
ENSMUSG00000024776-S,4-tert-Butyldimethylsiloxy-3-penten-2-one,,-1.0,,-1.0,,1,-1,-1,-1
ENSMUSG00000024776-S,L-Ornithine,,,,-1.0,,1,-1,-1,-1
ENSMUSG00000024776-S,L-Val-L-Leu,,-1.0,,-1.0,,1,-1,-1,-1
ENSMUSG00000024855-S,"1,2-Bis(trimethylsiloxy)cyclohexene",,,,-1.0,,1,-1,-1,-1
ENSMUSG00000024855-S,3-(4-Methoxyphenyl)coumarin,,1.0,,1.0,,1,-1,-1,-1
ENSMUSG00000024855-S,L-(+)-Threose,,-1.0,,-1.0,,1,-1,-1,-1
ENSMUSG00000024867-S,2-Buten-1-ol,,,,-1.0,,1,-1,-1,-1
ENSMUSG00000024867-S,4-tert-Butyldimethylsiloxy-3-penten-2-one,,1.0,,1.0,,1,-1,-1,-1
ENSMUSG00000024867-S,5-Nitroso-8-quinolinol,,,,-1.0,,1,-1,-1,-1
ENSMUSG00000024867-S,7-Hydroxy-4-(methoxymethyl)coumarin,,1.0,,1.0,,1,-1,-1,-1
ENSMUSG00000024867-S,"l-Leucine, n-butoxycarbonyl-N-methyl-, hexadecyl ester",,,,1.0,,1,-1,-1,-1
ENSMUSG00000024871-S,"1,2-Cinnolinedicarboxylic acid, 1,2,3,5,6,7,8,8a-octahydro-4-trimethylsilyloxy-, diethyl ester",,,,-1.0,,1,-1,-1,-1
ENSMUSG00000024871-S,"2,4-Dimethoxybenzaldoxime",,,,1.0,,1,-1,-1,-1
ENSMUSG00000024871-S,2-Buten-1-ol,,,,-1.0,,1,-1,-1,-1
ENSMUSG00000024871-S,2-Norbornanemethanol,,,,-1.0,,1,-1,-1,-1
ENSMUSG00000024871-S,4-tert-Butyldimethylsiloxy-3-penten-2-one,,-1.0,,-1.0,,1,-1,-1,-1
ENSMUSG00000024871-S,5-Nitroso-8-quinolinol,,,,-1.0,,1,-1,-1,-1
ENSMUSG00000024871-S,"Benzene, 1-ethyl-3,5-dimethyl",,,,-1.0,,1,-1,-1,-1
ENSMUSG00000024871-S,"l-Leucine, n-butoxycarbonyl-N-methyl-, hexadecyl ester",,,,1.0,,1,-1,-1,-1
ENSMUSG00000024871-S,L-Serine,,,,1.0,,1,-1,-1,-1
ENSMUSG00000024871-S,tert-butyl(dimethyl)silyl-2-([tert-butyl(dimethyl)silyl]oxy)hex-2-enoate,,1.0,,1.0,,1,-1,-1,-1
ENSMUSG00000024875-S,2-Norbornanemethanol,,,,-1.0,,1,-1,-1,-1
ENSMUSG00000024875-S,3-(4-Methoxyphenyl)coumarin,,-1.0,,-1.0,,1,-1,-1,-1
ENSMUSG00000024875-S,5-Nitroso-8-quinolinol,,,,1.0,,1,-1,-1,-1
ENSMUSG00000024875-S,7-Hydroxy-4-(methoxymethyl)coumarin,,-1.0,,-1.0,,1,-1,-1,-1
ENSMUSG00000024875-S,Diclofenac,,,,-1.0,,1,-1,-1,-1
ENSMUSG00000024875-S,"l-Leucine, n-butoxycarbonyl-N-methyl-, hexadecyl ester",,,,-1.0,,1,-1,-1,-1
ENSMUSG00000024924-S,"1,2-Bis(trimethylsiloxy)cyclohexene",,,,1.0,,1,-1,-1,-1
ENSMUSG00000024924-S,"1,2-Cinnolinedicarboxylic acid, 1,2,3,5,6,7,8,8a-octahydro-4-trimethylsilyloxy-, diethyl ester",,,,-1.0,,1,-1,-1,-1
ENSMUSG00000024924-S,"2,4-Dimethoxybenzaldoxime",,,,1.0,,1,-1,-1,-1
ENSMUSG00000024924-S,3-(4-Methoxyphenyl)coumarin,,-1.0,,-1.0,,1,-1,-1,-1
ENSMUSG00000024924-S,5-Nitroso-8-quinolinol,,,,1.0,,1,-1,-1,-1
ENSMUSG00000024924-S,7-Hydroxy-4-(methoxymethyl)coumarin,,-1.0,,-1.0,,1,-1,-1,-1
ENSMUSG00000024924-S,"Benzene, 1-ethyl-3,5-dimethyl",,,,1.0,,1,-1,-1,-1
ENSMUSG00000024924-S,Diclofenac,,,,1.0,,1,-1,-1,-1
ENSMUSG00000024924-S,L-Pyroglutamic acid,,,,1.0,,1,-1,-1,-1
ENSMUSG00000024924-S,L-Serine,,,,1.0,,1,-1,-1,-1
ENSMUSG00000024948-S,"1-Pentene, 1,3-diphenyl-1-(trimethylsilyloxy)-",,,,-1.0,,1,-1,-1,-1
ENSMUSG00000024948-S,2-Norbornanemethanol,,,,1.0,,1,-1,-1,-1
ENSMUSG00000024948-S,2-Pentadecanone,,-0.6708203932499368,-1.0,-0.8938193572966859,1.0,1,-1,-1,-1
ENSMUSG00000024948-S,Citramalic acid,,-0.948683298050514,-1.0,-0.9700772721497396,1.0,1,-1,-1,-1
ENSMUSG00000024948-S,Diclofenac,,,,-1.0,,1,-1,-1,-1
ENSMUSG00000024948-S,"Dodecanoic acid, 1-methylethyl ester",,-0.7,-1.0,-0.8954053273686237,,1,-1,-1,-1
ENSMUSG00000024948-S,L-Alanine,,-0.8207826816681233,-0.8660254037844387,-0.8907877552249789,,1,-1,-1,-1
ENSMUSG00000024948-S,L-Glutamine,,-0.7999999999999999,-1.0,-0.9166666666666666,,1,-1,-1,-1
ENSMUSG00000024948-S,L-Ornithine,,,,1.0,,1,-1,-1,-1
ENSMUSG00000024948-S,L-Val-L-Leu,,-1.0,,-1.0,,1,-1,-1,-1
ENSMUSG00000024948-S,Octanoic acid,,-1.0,,-1.0,,1,-1,-1,-1
ENSMUSG00000024948-S,tert-butyl(dimethyl)silyl-2-([tert-butyl(dimethyl)silyl]oxy)hex-2-enoate,,-1.0,,-1.0,,1,-1,-1,-1
ENSMUSG00000024966-S,3-(4-Methoxyphenyl)coumarin,,1.0,,1.0,,1,-1,-1,-1
ENSMUSG00000024966-S,5-Nitroso-8-quinolinol,,,,-1.0,,1,-1,-1,-1
ENSMUSG00000024966-S,L-(+)-Threose,,-1.0,,-1.0,,1,-1,-1,-1
ENSMUSG00000024966-S,"l-Leucine, n-butoxycarbonyl-N-methyl-, hexadecyl ester",,,,1.0,,1,-1,-1,-1
ENSMUSG00000024966-S,L-Serine,,,,1.0,,1,-1,-1,-1
ENSMUSG00000025066-S,4-tert-Butyldimethylsiloxy-3-penten-2-one,,-1.0,,-1.0,,1,-1,-1,-1
ENSMUSG00000025066-S,tert-butyl(dimethyl)silyl-2-([tert-butyl(dimethyl)silyl]oxy)hex-2-enoate,,1.0,,1.0,,1,-1,-1,-1
ENSMUSG00000025147-S,"1-Pentene, 1,3-diphenyl-1-(trimethylsilyloxy)-",,,,1.0,,1,-1,-1,-1
ENSMUSG00000025147-S,"2-Methylcyclohexanol, (Z)",,-0.7,-0.8660254037844387,-0.9193570532194486,,1,-1,-1,-1
ENSMUSG00000025147-S,"4,5-Dihydro-1H-pyrazole",,,,1.0,,1,-1,-1,-1
ENSMUSG00000025147-S,L-Ornithine,,,,1.0,,1,-1,-1,-1
ENSMUSG00000025147-S,Sarcosine,,,,-1.0,,1,-1,-1,-1
ENSMUSG00000025198-S,"1,2-Bis(trimethylsiloxy)cyclohexene",,,,1.0,,1,-1,-1,-1
ENSMUSG00000025198-S,"1,2-Cinnolinedicarboxylic acid, 1,2,3,5,6,7,8,8a-octahydro-4-trimethylsilyloxy-, diethyl ester",,,,-1.0,,1,-1,-1,-1
ENSMUSG00000025198-S,"2,4-Dimethoxybenzaldoxime",,,,1.0,,1,-1,-1,-1
ENSMUSG00000025198-S,2-Norbornanemethanol,,,,-1.0,,1,-1,-1,-1
ENSMUSG00000025198-S,3-(4-Methoxyphenyl)coumarin,,-1.0,,-1.0,,1,-1,-1,-1
ENSMUSG00000025198-S,4-Methylvaleric acid,,1.0,1.0,0.9285714285714288,,1,-1,-1,-1
ENSMUSG00000025198-S,Diclofenac,,,,1.0,,1,-1,-1,-1
ENSMUSG00000025198-S,L-(+)-Threose,,1.0,,1.0,,1,-1,-1,-1
ENSMUSG00000025198-S,L-Pyroglutamic acid,,,,1.0,,1,-1,-1,-1
ENSMUSG00000025198-S,L-Serine,,,,1.0,,1,-1,-1,-1
ENSMUSG00000025198-S,L-Val-L-Leu,,1.0,,1.0,,1,-1,-1,-1
ENSMUSG00000025231-S,"1,2-Bis(trimethylsiloxy)cyclohexene",,,,-1.0,,1,-1,-1,-1
ENSMUSG00000025231-S,2-Norbornanemethanol,,,,-1.0,,1,-1,-1,-1
ENSMUSG00000025231-S,3-(4-Methoxyphenyl)coumarin,,1.0,,1.0,,1,-1,-1,-1
ENSMUSG00000025231-S,L-(+)-Threose,,-1.0,,-1.0,,1,-1,-1,-1
ENSMUSG00000025231-S,tert-butyl(dimethyl)silyl-2-([tert-butyl(dimethyl)silyl]oxy)hex-2-enoate,,1.0,,1.0,,1,-1,-1,-1
ENSMUSG00000025266-S,"2,4-Dimethoxybenzaldoxime",,,,-1.0,,1,-1,-1,-1
ENSMUSG00000025266-S,3-(4-Methoxyphenyl)coumarin,,1.0,,1.0,,1,-1,-1,-1
ENSMUSG00000025266-S,5-Nitroso-8-quinolinol,,,,-1.0,,1,-1,-1,-1
ENSMUSG00000025266-S,"Benzene, 1-ethyl-3,5-dimethyl",,,,-1.0,,1,-1,-1,-1
ENSMUSG00000025266-S,L-(+)-Threose,,-1.0,,-1.0,,1,-1,-1,-1
ENSMUSG00000025266-S,"l-Leucine, n-butoxycarbonyl-N-methyl-, hexadecyl ester",,,,1.0,,1,-1,-1,-1
ENSMUSG00000025266-S,L-Val-L-Leu,,-1.0,,-1.0,,1,-1,-1,-1
ENSMUSG00000025266-S,Myristic acid,,-0.9746794344808964,-1.0,-0.9623515200690814,1.0,1,-1,-1,-1
ENSMUSG00000025266-S,Pipecolic acid,,-0.7,-0.8660254037844387,-0.9205101496312952,1.0,1,-1,-1,-1
ENSMUSG00000025401-S,"1-(2,4-Dimethoxyphenyl)-propan-2-one",,0.948683298050514,1.0,0.933734939759036,-1.0,1,-1,-1,-1
ENSMUSG00000025401-S,2-Norbornanemethanol,,,,-1.0,,1,-1,-1,-1
ENSMUSG00000025401-S,4-tert-Butyldimethylsiloxy-3-penten-2-one,,1.0,,1.0,,1,-1,-1,-1
ENSMUSG00000025401-S,5-Nitroso-8-quinolinol,,,,1.0,,1,-1,-1,-1
ENSMUSG00000025401-S,"l-Leucine, n-butoxycarbonyl-N-methyl-, hexadecyl ester",,,,-1.0,,1,-1,-1,-1
ENSMUSG00000025401-S,L-Val-L-Leu,,1.0,,1.0,,1,-1,-1,-1
ENSMUSG00000025410-S,"1,2-Bis(trimethylsiloxy)cyclohexene",,,,-1.0,,1,-1,-1,-1
ENSMUSG00000025410-S,"1-Pentene, 1,3-diphenyl-1-(trimethylsilyloxy)-",,,,1.0,,1,-1,-1,-1
ENSMUSG00000025410-S,Diclofenac,,,,-1.0,,1,-1,-1,-1
ENSMUSG00000025410-S,L-Glutamic acid,,,,-1.0,,1,-1,-1,-1
ENSMUSG00000025425-S,"1,2-Bis(trimethylsiloxy)cyclohexene",,,,-1.0,,1,-1,-1,-1
ENSMUSG00000025425-S,"1-Pentene, 1,3-diphenyl-1-(trimethylsilyloxy)-",,,,1.0,,1,-1,-1,-1
ENSMUSG00000025425-S,"2,4-Dimethoxybenzaldoxime",,,,-1.0,,1,-1,-1,-1
ENSMUSG00000025425-S,3-(4-Methoxyphenyl)coumarin,,1.0,,1.0,,1,-1,-1,-1
ENSMUSG00000025425-S,Diclofenac,,,,-1.0,,1,-1,-1,-1
ENSMUSG00000025425-S,L-Serine,,,,-1.0,,1,-1,-1,-1
ENSMUSG00000025425-S,L-Val-L-Leu,,-1.0,,-1.0,,1,-1,-1,-1
ENSMUSG00000025468-S,"1,2-Bis(trimethylsiloxy)cyclohexene",,,,1.0,,1,-1,-1,-1
ENSMUSG00000025468-S,"1-Pentene, 1,3-diphenyl-1-(trimethylsilyloxy)-",,,,1.0,,1,-1,-1,-1
ENSMUSG00000025468-S,2-Norbornanemethanol,,,,-1.0,,1,-1,-1,-1
ENSMUSG00000025468-S,4-tert-Butyldimethylsiloxy-3-penten-2-one,,-1.0,,-1.0,,1,-1,-1,-1
ENSMUSG00000025468-S,7-Hydroxy-4-(methoxymethyl)coumarin,,-1.0,,-1.0,,1,-1,-1,-1
ENSMUSG00000025468-S,Diclofenac,,,,1.0,,1,-1,-1,-1
ENSMUSG00000025468-S,L-Pyroglutamic acid,,,,1.0,,1,-1,-1,-1
ENSMUSG00000025468-S,L-Serine,,,,1.0,,1,-1,-1,-1
ENSMUSG00000025468-S,tert-butyl(dimethyl)silyl-2-([tert-butyl(dimethyl)silyl]oxy)hex-2-enoate,,1.0,,1.0,,1,-1,-1,-1
ENSMUSG00000025475-S,"2,4,6-Cycloheptatrien-1-one",,,,-1.0,1.0,1,-1,-1,-1
ENSMUSG00000025475-S,2-Norbornanemethanol,,,,1.0,,1,-1,-1,-1
ENSMUSG00000025475-S,4-tert-Butyldimethylsiloxy-3-penten-2-one,,-1.0,,-1.0,,1,-1,-1,-1
ENSMUSG00000025475-S,"Benzene, 1-ethyl-3,5-dimethyl",,,,1.0,,1,-1,-1,-1
ENSMUSG00000025475-S,Diclofenac,,,,1.0,,1,-1,-1,-1
ENSMUSG00000025475-S,"l-Leucine, n-butoxycarbonyl-N-methyl-, hexadecyl ester",,,,1.0,,1,-1,-1,-1
ENSMUSG00000025475-S,L-Val-L-Leu,,-1.0,,-1.0,,1,-1,-1,-1
ENSMUSG00000025481-S,"1-Pentene, 1,3-diphenyl-1-(trimethylsilyloxy)-",,,,-1.0,,1,-1,-1,-1
ENSMUSG00000025481-S,"4,5-Dihydro-1H-pyrazole",,,,-1.0,,1,-1,-1,-1
ENSMUSG00000025481-S,4-tert-Butyldimethylsiloxy-3-penten-2-one,,-1.0,,-1.0,,1,-1,-1,-1
ENSMUSG00000025481-S,6-Nitroveratryl alcohol,,,,-1.0,,1,-1,-1,-1
ENSMUSG00000025481-S,"Benzene, 1-ethyl-3,5-dimethyl",,,,-1.0,,1,-1,-1,-1
ENSMUSG00000025481-S,L-Val-L-Leu,,-1.0,,-1.0,,1,-1,-1,-1
ENSMUSG00000025485-S,"2-Methylcyclohexanol, (Z)",,-0.8999999999999998,-0.8660254037844387,-0.9534073144497984,,1,-1,-1,-1
ENSMUSG00000025485-S,3-(4-Methoxyphenyl)coumarin,,1.0,,1.0,,1,-1,-1,-1
ENSMUSG00000025485-S,"4,5-Dihydro-1H-pyrazole",,,,1.0,,1,-1,-1,-1
ENSMUSG00000025485-S,L-(+)-Threose,,-1.0,,-1.0,,1,-1,-1,-1
ENSMUSG00000025485-S,Lignoceric acid,,-0.6,-1.0,-0.9,1.0,1,-1,-1,-1
ENSMUSG00000025485-S,L-Ornithine,,,,1.0,,1,-1,-1,-1
ENSMUSG00000025485-S,L-Val-L-Leu,,-1.0,,-1.0,,1,-1,-1,-1
ENSMUSG00000025613-S,"1,2-Bis(trimethylsiloxy)cyclohexene",,,,-1.0,,1,-1,-1,-1
ENSMUSG00000025613-S,7-Hydroxy-4-(methoxymethyl)coumarin,,-1.0,,-1.0,,1,-1,-1,-1
ENSMUSG00000025613-S,"Erythrono-1,4-lactone",,-1.0,-1.0,-0.8954053273686237,-1.0,1,1,1,1
ENSMUSG00000025613-S,L-Val-L-Leu,,-1.0,,-1.0,,1,-1,-1,-1
ENSMUSG00000025613-S,Sulindac,,-1.0,,-1.0,,1,-1,-1,-1
ENSMUSG00000025613-S,tert-butyl(dimethyl)silyl-2-([tert-butyl(dimethyl)silyl]oxy)hex-2-enoate,,-1.0,,-1.0,,1,-1,-1,-1
ENSMUSG00000025665-S,"1,2-Cinnolinedicarboxylic acid, 1,2,3,5,6,7,8,8a-octahydro-4-trimethylsilyloxy-, diethyl ester",,,,-1.0,,1,-1,-1,-1
ENSMUSG00000025665-S,"2,4-Dimethoxybenzaldoxime",,,,1.0,,1,-1,-1,-1
ENSMUSG00000025665-S,2-Norbornanemethanol,,,,-1.0,,1,-1,-1,-1
ENSMUSG00000025665-S,3-(4-Methoxyphenyl)coumarin,,-1.0,,-1.0,,1,-1,-1,-1
ENSMUSG00000025665-S,5-Nitroso-8-quinolinol,,,,-1.0,,1,-1,-1,-1
ENSMUSG00000025665-S,Chlorobenzilate,,,,-1.0,,1,-1,-1,-1
ENSMUSG00000025665-S,"l-Leucine, n-butoxycarbonyl-N-methyl-, hexadecyl ester",,,,1.0,,1,-1,-1,-1
ENSMUSG00000025665-S,L-Serine,,,,1.0,,1,-1,-1,-1
ENSMUSG00000025665-S,L-Val-L-Leu,,1.0,,1.0,,1,-1,-1,-1
ENSMUSG00000025738-S,"1,2-Cinnolinedicarboxylic acid, 1,2,3,5,6,7,8,8a-octahydro-4-trimethylsilyloxy-, diethyl ester",,,,-1.0,,1,-1,-1,-1
ENSMUSG00000025738-S,2-Norbornanemethanol,,,,-1.0,,1,-1,-1,-1
ENSMUSG00000025738-S,3-(4-Methoxyphenyl)coumarin,,-1.0,,-1.0,,1,-1,-1,-1
ENSMUSG00000025738-S,7-Hydroxy-4-(methoxymethyl)coumarin,,1.0,,1.0,,1,-1,-1,-1
ENSMUSG00000025738-S,L-(+)-Threose,,1.0,,1.0,,1,-1,-1,-1
ENSMUSG00000025738-S,"l-Leucine, n-butoxycarbonyl-N-methyl-, hexadecyl ester",,,,-1.0,,1,-1,-1,-1
ENSMUSG00000025873-S,"1-Pentene, 1,3-diphenyl-1-(trimethylsilyloxy)-",,,,-1.0,,1,-1,-1,-1
ENSMUSG00000025873-S,2-Buten-1-ol,,,,-1.0,,1,-1,-1,-1
ENSMUSG00000025873-S,2-Norbornanemethanol,,,,1.0,,1,-1,-1,-1
ENSMUSG00000025873-S,5-Nitroso-8-quinolinol,,,,-1.0,,1,-1,-1,-1
ENSMUSG00000025873-S,"l-Leucine, n-butoxycarbonyl-N-methyl-, hexadecyl ester",,,,1.0,,1,-1,-1,-1
ENSMUSG00000025873-S,Lupinine,,-1.0,,-1.0,,1,-1,-1,-1
ENSMUSG00000025873-S,L-Val-L-Leu,,-1.0,,-1.0,,1,-1,-1,-1
ENSMUSG00000025873-S,tert-butyl(dimethyl)silyl-2-([tert-butyl(dimethyl)silyl]oxy)hex-2-enoate,,-1.0,,-1.0,,1,-1,-1,-1
ENSMUSG00000025894-S,"1,2-Cinnolinedicarboxylic acid, 1,2,3,5,6,7,8,8a-octahydro-4-trimethylsilyloxy-, diethyl ester",,,,-1.0,,1,-1,-1,-1
ENSMUSG00000025894-S,"2,4-Dimethoxybenzaldoxime",,,,1.0,,1,-1,-1,-1
ENSMUSG00000025894-S,2-Norbornanemethanol,,,,-1.0,,1,-1,-1,-1
ENSMUSG00000025894-S,3-(4-Methoxyphenyl)coumarin,,-1.0,,-1.0,,1,-1,-1,-1
ENSMUSG00000025894-S,L-Serine,,,,1.0,,1,-1,-1,-1
ENSMUSG00000025894-S,L-Val-L-Leu,,1.0,,1.0,,1,-1,-1,-1
ENSMUSG00000025934-S,"1,2-Bis(trimethylsiloxy)cyclohexene",,,,1.0,,1,-1,-1,-1
ENSMUSG00000025934-S,2-Norbornanemethanol,,,,-1.0,,1,-1,-1,-1
ENSMUSG00000025934-S,3-(4-Methoxyphenyl)coumarin,,1.0,,1.0,,1,-1,-1,-1
ENSMUSG00000025934-S,"3,3-Dimethylacrylic acid",,,,-1.0,,1,-1,-1,-1
ENSMUSG00000025934-S,"5-Ethyl-1,3-dioxane-5-methanol, tert-butyldimethylsilyl ether",,1.0,,1.0,,1,-1,-1,-1
ENSMUSG00000025934-S,5-Nitroso-8-quinolinol,,,,1.0,,1,-1,-1,-1
ENSMUSG00000025934-S,L-Pyroglutamic acid,,,,1.0,,1,-1,-1,-1
ENSMUSG00000025934-S,L-Serine,,,,1.0,,1,-1,-1,-1
ENSMUSG00000025934-S,tert-butyl(dimethyl)silyl-2-([tert-butyl(dimethyl)silyl]oxy)hex-2-enoate,,1.0,,1.0,,1,-1,-1,-1
ENSMUSG00000025937-S,"1,2-Bis(trimethylsiloxy)cyclohexene",,,,1.0,,1,-1,-1,-1
ENSMUSG00000025937-S,"1,2-Cinnolinedicarboxylic acid, 1,2,3,5,6,7,8,8a-octahydro-4-trimethylsilyloxy-, diethyl ester",,,,-1.0,,1,-1,-1,-1
ENSMUSG00000025937-S,5-Nitroso-8-quinolinol,,,,1.0,,1,-1,-1,-1
ENSMUSG00000025937-S,L-Serine,,,,1.0,,1,-1,-1,-1
ENSMUSG00000025937-S,Palmitic Acid,,1.0,,1.0,,1,-1,-1,-1
ENSMUSG00000025938-S,"1-Pentene, 1,3-diphenyl-1-(trimethylsilyloxy)-",,,,-1.0,,1,-1,-1,-1
ENSMUSG00000025938-S,2-Norbornanemethanol,,,,1.0,,1,-1,-1,-1
ENSMUSG00000025938-S,4-tert-Butyldimethylsiloxy-3-penten-2-one,,1.0,,1.0,,1,-1,-1,-1
ENSMUSG00000025938-S,5-Nitroso-8-quinolinol,,,,1.0,,1,-1,-1,-1
ENSMUSG00000025938-S,L-Ornithine,,,,1.0,,1,-1,-1,-1
ENSMUSG00000025938-S,tert-butyl(dimethyl)silyl-2-([tert-butyl(dimethyl)silyl]oxy)hex-2-enoate,,-1.0,,-1.0,,1,-1,-1,-1
ENSMUSG00000025997-S,"2,4-Dimethoxybenzaldoxime",,,,1.0,,1,-1,-1,-1
ENSMUSG00000025997-S,5-Nitroso-8-quinolinol,,,,-1.0,,1,-1,-1,-1
ENSMUSG00000025997-S,7-Hydroxy-4-(methoxymethyl)coumarin,,-1.0,,-1.0,,1,-1,-1,-1
ENSMUSG00000025997-S,Benzeneacetic acid,,-1.0,,-1.0,,1,-1,-1,-1
ENSMUSG00000025997-S,Diclofenac,,,,1.0,,1,-1,-1,-1
ENSMUSG00000025997-S,"l-Leucine, n-butoxycarbonyl-N-methyl-, hexadecyl ester",,,,1.0,,1,-1,-1,-1
ENSMUSG00000025997-S,L-Serine,,,,1.0,,1,-1,-1,-1
ENSMUSG00000026029-S,"1-Pentene, 1,3-diphenyl-1-(trimethylsilyloxy)-",,,,1.0,,1,-1,-1,-1
ENSMUSG00000026029-S,"3,3-Dimethylacrylic acid",,,,1.0,,1,-1,-1,-1
ENSMUSG00000026029-S,4-tert-Butyldimethylsiloxy-3-penten-2-one,,1.0,,1.0,,1,-1,-1,-1
ENSMUSG00000026029-S,7-Hydroxy-4-(methoxymethyl)coumarin,,1.0,,1.0,,1,-1,-1,-1
ENSMUSG00000026029-S,"Benzene, 1-ethyl-3,5-dimethyl",,,,1.0,,1,-1,-1,-1
ENSMUSG00000026029-S,"l-Leucine, n-butoxycarbonyl-N-methyl-, hexadecyl ester",,,,-1.0,,1,-1,-1,-1
ENSMUSG00000026087-S,"1,2-Bis(trimethylsiloxy)cyclohexene",,,,1.0,,1,-1,-1,-1
ENSMUSG00000026087-S,"1,2-Cinnolinedicarboxylic acid, 1,2,3,5,6,7,8,8a-octahydro-4-trimethylsilyloxy-, diethyl ester",,,,-1.0,,1,-1,-1,-1
ENSMUSG00000026087-S,"1-Pentene, 1,3-diphenyl-1-(trimethylsilyloxy)-",,,,1.0,,1,-1,-1,-1
ENSMUSG00000026087-S,"2,6-di-tert-Butyl-4-(dimethylaminomethyl)phenol",,1.0,,1.0,,1,-1,-1,-1
ENSMUSG00000026087-S,2-Ethyl-1-butanol,,,,1.0,,1,-1,-1,-1
ENSMUSG00000026087-S,7-Hydroxy-4-(methoxymethyl)coumarin,,1.0,,1.0,,1,-1,-1,-1
ENSMUSG00000026087-S,Diclofenac,,,,1.0,,1,-1,-1,-1
ENSMUSG00000026087-S,L-Serine,,,,1.0,,1,-1,-1,-1
ENSMUSG00000026087-S,L-Val-L-Leu,,1.0,,1.0,,1,-1,-1,-1
ENSMUSG00000026135-S,"1-Pentene, 1,3-diphenyl-1-(trimethylsilyloxy)-",,,,1.0,,1,-1,-1,-1
ENSMUSG00000026135-S,2-Ethyl-1-butanol,,,,1.0,,1,-1,-1,-1
ENSMUSG00000026135-S,2-Norbornanemethanol,,,,-1.0,,1,-1,-1,-1
ENSMUSG00000026135-S,3-(4-Methoxyphenyl)coumarin,,1.0,,1.0,,1,-1,-1,-1
ENSMUSG00000026135-S,"l-Leucine, n-butoxycarbonyl-N-methyl-, hexadecyl ester",,,,-1.0,,1,-1,-1,-1
ENSMUSG00000026135-S,Lupinine,,1.0,,1.0,,1,-1,-1,-1
ENSMUSG00000026135-S,tert-butyl(dimethyl)silyl-2-([tert-butyl(dimethyl)silyl]oxy)hex-2-enoate,,1.0,,1.0,,1,-1,-1,-1
ENSMUSG00000026259-S,"1,2-Cinnolinedicarboxylic acid, 1,2,3,5,6,7,8,8a-octahydro-4-trimethylsilyloxy-, diethyl ester",,,,-1.0,,1,-1,-1,-1
ENSMUSG00000026259-S,"1-Pentene, 1,3-diphenyl-1-(trimethylsilyloxy)-",,,,1.0,,1,-1,-1,-1
ENSMUSG00000026259-S,2-Ethyl-1-butanol,,,,1.0,,1,-1,-1,-1
ENSMUSG00000026259-S,2-Norbornanemethanol,,,,-1.0,,1,-1,-1,-1
ENSMUSG00000026259-S,"l-Leucine, n-butoxycarbonyl-N-methyl-, hexadecyl ester",,,,-1.0,,1,-1,-1,-1
ENSMUSG00000026259-S,Lupinine,,1.0,,1.0,,1,-1,-1,-1
ENSMUSG00000026259-S,L-Val-L-Leu,,1.0,,1.0,,1,-1,-1,-1
ENSMUSG00000026259-S,tert-butyl(dimethyl)silyl-2-([tert-butyl(dimethyl)silyl]oxy)hex-2-enoate,,1.0,,1.0,,1,-1,-1,-1
ENSMUSG00000026277-S,"1,2-Cinnolinedicarboxylic acid, 1,2,3,5,6,7,8,8a-octahydro-4-trimethylsilyloxy-, diethyl ester",,,,-1.0,,1,-1,-1,-1
ENSMUSG00000026277-S,2-Ethyl-1-butanol,,,,1.0,,1,-1,-1,-1
ENSMUSG00000026277-S,4-tert-Butyldimethylsiloxy-3-penten-2-one,,1.0,,1.0,,1,-1,-1,-1
ENSMUSG00000026277-S,7-Hydroxy-4-(methoxymethyl)coumarin,,1.0,,1.0,,1,-1,-1,-1
ENSMUSG00000026277-S,"l-Leucine, n-butoxycarbonyl-N-methyl-, hexadecyl ester",,,,-1.0,,1,-1,-1,-1
ENSMUSG00000026277-S,tert-butyl(dimethyl)silyl-2-([tert-butyl(dimethyl)silyl]oxy)hex-2-enoate,,-1.0,,-1.0,,1,-1,-1,-1
ENSMUSG00000026317-S,"1,2-Bis(trimethylsiloxy)cyclohexene",,,,-1.0,,1,-1,-1,-1
ENSMUSG00000026317-S,Diclofenac,,,,-1.0,,1,-1,-1,-1
ENSMUSG00000026317-S,L-Threonine,,1.0,,1.0,-1.0,1,-1,-1,-1
ENSMUSG00000026355-S,"1,2-Cinnolinedicarboxylic acid, 1,2,3,5,6,7,8,8a-octahydro-4-trimethylsilyloxy-, diethyl ester",,,,-1.0,,1,-1,-1,-1
ENSMUSG00000026355-S,2-Buten-1-ol,,,,-1.0,,1,-1,-1,-1
ENSMUSG00000026355-S,2-Norbornanemethanol,,,,1.0,,1,-1,-1,-1
ENSMUSG00000026355-S,3-(4-Methoxyphenyl)coumarin,,-1.0,,-1.0,,1,-1,-1,-1
ENSMUSG00000026355-S,tert-butyl(dimethyl)silyl-2-([tert-butyl(dimethyl)silyl]oxy)hex-2-enoate,,-1.0,,-1.0,,1,-1,-1,-1
ENSMUSG00000026360-S,"1,2-Cinnolinedicarboxylic acid, 1,2,3,5,6,7,8,8a-octahydro-4-trimethylsilyloxy-, diethyl ester",,,,-1.0,,1,-1,-1,-1
ENSMUSG00000026360-S,2-Ethyl-1-butanol,,,,1.0,,1,-1,-1,-1
ENSMUSG00000026360-S,3-(4-Methoxyphenyl)coumarin,,-1.0,,-1.0,,1,-1,-1,-1
ENSMUSG00000026360-S,"Benzene, 1-ethyl-3,5-dimethyl",,,,1.0,,1,-1,-1,-1
ENSMUSG00000026360-S,"l-Leucine, n-butoxycarbonyl-N-methyl-, hexadecyl ester",,,,-1.0,,1,-1,-1,-1
ENSMUSG00000026360-S,"l-Norvaline, n-propargyloxycarbonyl-, isohexyl ester",,-1.0,,-1.0,-1.0,1,1,1,1
ENSMUSG00000026360-S,L-Val-L-Leu,,1.0,,1.0,,1,-1,-1,-1
ENSMUSG00000026360-S,Xylazine,,1.0,1.0,0.9958246164193104,1.0,1,1,1,1
ENSMUSG00000026433-S,2-Buten-1-ol,,,,-1.0,,1,-1,-1,-1
ENSMUSG00000026433-S,5-Nitroso-8-quinolinol,,,,-1.0,,1,-1,-1,-1
ENSMUSG00000026433-S,"Benzene, 1-ethyl-3,5-dimethyl",,,,-1.0,,1,-1,-1,-1
ENSMUSG00000026433-S,"l-Leucine, n-butoxycarbonyl-N-methyl-, hexadecyl ester",,,,1.0,,1,-1,-1,-1
ENSMUSG00000026433-S,L-Ornithine,,,,-1.0,,1,-1,-1,-1
ENSMUSG00000026433-S,L-Val-L-Leu,,1.0,,1.0,,1,-1,-1,-1
ENSMUSG00000026483-S,"1,2-Cinnolinedicarboxylic acid, 1,2,3,5,6,7,8,8a-octahydro-4-trimethylsilyloxy-, diethyl ester",,,,-1.0,,1,-1,-1,-1
ENSMUSG00000026483-S,"1-Pentene, 1,3-diphenyl-1-(trimethylsilyloxy)-",,,,1.0,,1,-1,-1,-1
ENSMUSG00000026483-S,3-(4-Methoxyphenyl)coumarin,,-1.0,,-1.0,,1,-1,-1,-1
ENSMUSG00000026483-S,"Benzene, 1-ethyl-3,5-dimethyl",,,,1.0,,1,-1,-1,-1
ENSMUSG00000026483-S,L-(+)-Threose,,1.0,,1.0,,1,-1,-1,-1
ENSMUSG00000026483-S,"l-Leucine, n-butoxycarbonyl-N-methyl-, hexadecyl ester",,,,-1.0,,1,-1,-1,-1
ENSMUSG00000026634-S,"1,2-Cinnolinedicarboxylic acid, 1,2,3,5,6,7,8,8a-octahydro-4-trimethylsilyloxy-, diethyl ester",,,,-1.0,,1,-1,-1,-1
ENSMUSG00000026634-S,"1-Pentene, 1,3-diphenyl-1-(trimethylsilyloxy)-",,,,1.0,,1,-1,-1,-1
ENSMUSG00000026634-S,2-Ethyl-1-butanol,,,,1.0,,1,-1,-1,-1
ENSMUSG00000026634-S,7-Hydroxy-4-(methoxymethyl)coumarin,,1.0,,1.0,,1,-1,-1,-1
ENSMUSG00000026634-S,"l-Leucine, n-butoxycarbonyl-N-methyl-, hexadecyl ester",,,,-1.0,,1,-1,-1,-1
ENSMUSG00000026659-S,3-Hydroxymethyl-2-trimethylsilyloxypentane,,1.0,,1.0,,1,-1,-1,-1
ENSMUSG00000026659-S,7-Hydroxy-4-(methoxymethyl)coumarin,,1.0,,1.0,,1,-1,-1,-1
ENSMUSG00000026659-S,"Benzene, 1-ethyl-3,5-dimethyl",,,,1.0,,1,-1,-1,-1
ENSMUSG00000026659-S,"l-Leucine, n-butoxycarbonyl-N-methyl-, hexadecyl ester",,,,-1.0,,1,-1,-1,-1
ENSMUSG00000026659-S,L-Val-L-Leu,,1.0,,1.0,,1,-1,-1,-1
ENSMUSG00000026659-S,tert-butyl(dimethyl)silyl-2-([tert-butyl(dimethyl)silyl]oxy)hex-2-enoate,,1.0,,1.0,,1,-1,-1,-1
ENSMUSG00000026712-S,"1,2-Bis(trimethylsiloxy)cyclohexene",,,,-1.0,,1,-1,-1,-1
ENSMUSG00000026712-S,"1,2-Cinnolinedicarboxylic acid, 1,2,3,5,6,7,8,8a-octahydro-4-trimethylsilyloxy-, diethyl ester",,,,1.0,,1,-1,-1,-1
ENSMUSG00000026712-S,"2,4-Dimethoxybenzaldoxime",,,,-1.0,,1,-1,-1,-1
ENSMUSG00000026712-S,2-Hexanol,,0.8660254037844387,1.0,0.9910312089651148,1.0,1,1,1,1
ENSMUSG00000026712-S,2-Norbornanemethanol,,,,1.0,,1,-1,-1,-1
ENSMUSG00000026712-S,Benzeneacetic acid,,1.0,,1.0,,1,-1,-1,-1
ENSMUSG00000026712-S,Diclofenac,,,,-1.0,,1,-1,-1,-1
ENSMUSG00000026712-S,L-Serine,,,,-1.0,,1,-1,-1,-1
ENSMUSG00000026781-S,"1,2-Cinnolinedicarboxylic acid, 1,2,3,5,6,7,8,8a-octahydro-4-trimethylsilyloxy-, diethyl ester",,,,1.0,,1,-1,-1,-1
ENSMUSG00000026781-S,"1-Pentene, 1,3-diphenyl-1-(trimethylsilyloxy)-",,,,-1.0,,1,-1,-1,-1
ENSMUSG00000026781-S,2-Norbornanemethanol,,,,1.0,,1,-1,-1,-1
ENSMUSG00000026781-S,3-(4-Methoxyphenyl)coumarin,,1.0,,1.0,,1,-1,-1,-1
ENSMUSG00000026781-S,Chlorobenzilate,,,,1.0,,1,-1,-1,-1
ENSMUSG00000026781-S,L-(+)-Threose,,-1.0,,-1.0,,1,-1,-1,-1
ENSMUSG00000026781-S,L-Ornithine,,,,1.0,,1,-1,-1,-1
ENSMUSG00000026781-S,Sarcosine,,,,-1.0,,1,-1,-1,-1
ENSMUSG00000026782-S,"1,2-Cinnolinedicarboxylic acid, 1,2,3,5,6,7,8,8a-octahydro-4-trimethylsilyloxy-, diethyl ester",,,,-1.0,,1,-1,-1,-1
ENSMUSG00000026782-S,2-Norbornanemethanol,,,,-1.0,,1,-1,-1,-1
ENSMUSG00000026782-S,3-(4-Methoxyphenyl)coumarin,,-1.0,,-1.0,,1,-1,-1,-1
ENSMUSG00000026782-S,4-Methylvaleric acid,,1.0,1.0,0.9761904761904764,,1,-1,-1,-1
ENSMUSG00000026782-S,Adipoyl-L-carnitine,,1.0,,1.0,,1,-1,-1,-1
ENSMUSG00000026782-S,L-(+)-Threose,,1.0,,1.0,,1,-1,-1,-1
ENSMUSG00000026782-S,"l-Leucine, n-butoxycarbonyl-N-methyl-, hexadecyl ester",,,,-1.0,,1,-1,-1,-1
ENSMUSG00000026782-S,L-Lysine,,0.7999999999999999,1.0,0.9333333333333332,,1,-1,-1,-1
ENSMUSG00000026782-S,Methyl lactate,,0.8999999999999998,1.0,0.9700772721497396,,1,-1,-1,-1
ENSMUSG00000026787-S,"1,2-Cinnolinedicarboxylic acid, 1,2,3,5,6,7,8,8a-octahydro-4-trimethylsilyloxy-, diethyl ester",,,,-1.0,,1,-1,-1,-1
ENSMUSG00000026787-S,"2,4-Dimethoxybenzaldoxime",,,,1.0,,1,-1,-1,-1
ENSMUSG00000026787-S,2-Ethyl-1-butanol,,,,1.0,,1,-1,-1,-1
ENSMUSG00000026787-S,2-Norbornanemethanol,,,,-1.0,,1,-1,-1,-1
ENSMUSG00000026787-S,3-(4-Methoxyphenyl)coumarin,,-1.0,,-1.0,,1,-1,-1,-1
ENSMUSG00000026787-S,L-Serine,,,,1.0,,1,-1,-1,-1
ENSMUSG00000026787-S,L-Val-L-Leu,,1.0,,1.0,,1,-1,-1,-1
ENSMUSG00000026806-S,"1,2-Cinnolinedicarboxylic acid, 1,2,3,5,6,7,8,8a-octahydro-4-trimethylsilyloxy-, diethyl ester",,,,-1.0,,1,-1,-1,-1
ENSMUSG00000026806-S,2-Norbornanemethanol,,,,-1.0,,1,-1,-1,-1
ENSMUSG00000026806-S,3-(4-Methoxyphenyl)coumarin,,-1.0,,-1.0,,1,-1,-1,-1
ENSMUSG00000026806-S,5-Nitroso-8-quinolinol,,,,1.0,,1,-1,-1,-1
ENSMUSG00000026806-S,7-Hydroxy-4-(methoxymethyl)coumarin,,-1.0,,-1.0,,1,-1,-1,-1
ENSMUSG00000026806-S,Chlorobenzilate,,,,-1.0,,1,-1,-1,-1
ENSMUSG00000026806-S,"l-Leucine, n-butoxycarbonyl-N-methyl-, hexadecyl ester",,,,-1.0,,1,-1,-1,-1
ENSMUSG00000026806-S,Methanesulfonic acid,,1.0,1.0,0.9523809523809524,-1.0,1,-1,-1,-1
ENSMUSG00000026918-S,"1,2-Bis(trimethylsiloxy)cyclohexene",,,,-1.0,,1,-1,-1,-1
ENSMUSG00000026918-S,2-Buten-1-ol,,,,-1.0,,1,-1,-1,-1
ENSMUSG00000026918-S,4-tert-Butyldimethylsiloxy-3-penten-2-one,,-1.0,,-1.0,,1,-1,-1,-1
ENSMUSG00000026918-S,"Benzene, 1-ethyl-3,5-dimethyl",,,,1.0,,1,-1,-1,-1
ENSMUSG00000026918-S,Diclofenac,,,,-1.0,,1,-1,-1,-1
ENSMUSG00000026918-S,L-(+)-Threose,,1.0,,1.0,,1,-1,-1,-1
ENSMUSG00000026918-S,L-Serine,,,,-1.0,,1,-1,-1,-1
ENSMUSG00000026918-S,tert-butyl(dimethyl)silyl-2-([tert-butyl(dimethyl)silyl]oxy)hex-2-enoate,,1.0,,1.0,,1,-1,-1,-1
ENSMUSG00000026970-S,"1,2-Cinnolinedicarboxylic acid, 1,2,3,5,6,7,8,8a-octahydro-4-trimethylsilyloxy-, diethyl ester",,,,-1.0,,1,-1,-1,-1
ENSMUSG00000026970-S,2-Norbornanemethanol,,,,-1.0,,1,-1,-1,-1
ENSMUSG00000026970-S,3-(4-Methoxyphenyl)coumarin,,-1.0,,-1.0,,1,-1,-1,-1
ENSMUSG00000026970-S,7-Hydroxy-4-(methoxymethyl)coumarin,,1.0,,1.0,,1,-1,-1,-1
ENSMUSG00000026970-S,L-(+)-Threose,,1.0,,1.0,,1,-1,-1,-1
ENSMUSG00000026970-S,"l-Leucine, n-butoxycarbonyl-N-methyl-, hexadecyl ester",,,,-1.0,,1,-1,-1,-1
ENSMUSG00000026970-S,N-Ethyldiethanolamine,,0.8999999999999998,1.0,0.9288784237188524,,1,-1,-1,-1
ENSMUSG00000026988-S,2-Furoic acid,,-1.0,-1.0,-0.9549937104572924,,1,-1,-1,-1
ENSMUSG00000026988-S,2-Norbornanemethanol,,,,1.0,,1,-1,-1,-1
ENSMUSG00000026988-S,5-Azacytosine,,-0.6668859288553501,-1.0,-0.9159987294294596,-1.0,1,1,1,1
ENSMUSG00000026988-S,"Dodecanoic acid, 1-methylethyl ester",,-0.6,-1.0,-0.912141875543738,,1,-1,-1,-1
ENSMUSG00000026988-S,L-Ornithine,,,,1.0,,1,-1,-1,-1
ENSMUSG00000027009-S,"2,4-Dimethoxybenzaldoxime",,,,-1.0,,1,-1,-1,-1
ENSMUSG00000027009-S,2-Ethyl-1-butanol,,,,-1.0,,1,-1,-1,-1
ENSMUSG00000027009-S,2-Norbornanemethanol,,,,1.0,,1,-1,-1,-1
ENSMUSG00000027009-S,L-Serine,,,,-1.0,,1,-1,-1,-1
ENSMUSG00000027160-S,"2,4-Di-tert-butylphenol",,,1.0,1.0,1.0,1,1,1,1
ENSMUSG00000027160-S,2-Norbornanemethanol,,,,-1.0,,1,-1,-1,-1
ENSMUSG00000027160-S,3-(4-Methoxyphenyl)coumarin,,1.0,,1.0,,1,-1,-1,-1
ENSMUSG00000027160-S,DL-Glyceraldehyde,,0.8999999999999998,0.8660254037844387,0.8984341422975738,,1,-1,-1,-1
ENSMUSG00000027160-S,"l-Leucine, n-butoxycarbonyl-N-methyl-, hexadecyl ester",,,,-1.0,,1,-1,-1,-1
ENSMUSG00000027160-S,tert-butyl(dimethyl)silyl-2-([tert-butyl(dimethyl)silyl]oxy)hex-2-enoate,,1.0,,1.0,,1,-1,-1,-1
ENSMUSG00000027185-S,"1,2-Cinnolinedicarboxylic acid, 1,2,3,5,6,7,8,8a-octahydro-4-trimethylsilyloxy-, diethyl ester",,,,1.0,,1,-1,-1,-1
ENSMUSG00000027185-S,"1-Pentene, 1,3-diphenyl-1-(trimethylsilyloxy)-",,,,-1.0,,1,-1,-1,-1
ENSMUSG00000027185-S,2-Buten-1-ol,,,,1.0,,1,-1,-1,-1
ENSMUSG00000027185-S,2-Ethyl-1-butanol,,,,1.0,,1,-1,-1,-1
ENSMUSG00000027185-S,5-Nitroso-8-quinolinol,,,,1.0,,1,-1,-1,-1
ENSMUSG00000027185-S,"l-Leucine, n-butoxycarbonyl-N-methyl-, hexadecyl ester",,,,-1.0,,1,-1,-1,-1
ENSMUSG00000027187-S,"1,2-Cinnolinedicarboxylic acid, 1,2,3,5,6,7,8,8a-octahydro-4-trimethylsilyloxy-, diethyl ester",,,,-1.0,,1,-1,-1,-1
ENSMUSG00000027187-S,2-Norbornanemethanol,,,,-1.0,,1,-1,-1,-1
ENSMUSG00000027187-S,"4,5-Dihydro-1H-pyrazole",,,,1.0,,1,-1,-1,-1
ENSMUSG00000027187-S,4-tert-Butyldimethylsiloxy-3-penten-2-one,,1.0,,1.0,,1,-1,-1,-1
ENSMUSG00000027187-S,Lupinine,,1.0,,1.0,,1,-1,-1,-1
ENSMUSG00000027187-S,L-Val-L-Leu,,1.0,,1.0,,1,-1,-1,-1
ENSMUSG00000027298-S,"1,2-Cinnolinedicarboxylic acid, 1,2,3,5,6,7,8,8a-octahydro-4-trimethylsilyloxy-, diethyl ester",,,,-1.0,,1,-1,-1,-1
ENSMUSG00000027298-S,"4,5-Dihydro-1H-pyrazole",,,,1.0,,1,-1,-1,-1
ENSMUSG00000027298-S,Chlorobenzilate,,,,-1.0,,1,-1,-1,-1
ENSMUSG00000027298-S,L-(+)-Threose,,-1.0,,-1.0,,1,-1,-1,-1
ENSMUSG00000027298-S,L-Val-L-Leu,,1.0,,1.0,,1,-1,-1,-1
ENSMUSG00000027301-S,"1,2-Cinnolinedicarboxylic acid, 1,2,3,5,6,7,8,8a-octahydro-4-trimethylsilyloxy-, diethyl ester",,,,1.0,,1,-1,-1,-1
ENSMUSG00000027301-S,"2',5'-Dimethoxypropiophenone",,0.8944271909999159,1.0,0.9002588542100831,-1.0,1,-1,-1,-1
ENSMUSG00000027301-S,5-Nitroso-8-quinolinol,,,,-1.0,,1,-1,-1,-1
ENSMUSG00000027301-S,"l-Leucine, n-butoxycarbonyl-N-methyl-, hexadecyl ester",,,,1.0,,1,-1,-1,-1
ENSMUSG00000027357-S,2-Norbornanemethanol,,,,-1.0,,1,-1,-1,-1
ENSMUSG00000027357-S,6-Nitroveratryl alcohol,,,,1.0,,1,-1,-1,-1
ENSMUSG00000027357-S,"Benzene, 1-ethyl-3,5-dimethyl",,,,-1.0,,1,-1,-1,-1
ENSMUSG00000027357-S,L-Val-L-Leu,,1.0,,1.0,,1,-1,-1,-1
ENSMUSG00000027357-S,tert-butyl(dimethyl)silyl-2-([tert-butyl(dimethyl)silyl]oxy)hex-2-enoate,,1.0,,1.0,,1,-1,-1,-1
ENSMUSG00000027395-S,"1,2-Cinnolinedicarboxylic acid, 1,2,3,5,6,7,8,8a-octahydro-4-trimethylsilyloxy-, diethyl ester",,,,-1.0,,1,-1,-1,-1
ENSMUSG00000027395-S,2-Norbornanemethanol,,,,-1.0,,1,-1,-1,-1
ENSMUSG00000027395-S,"3,4-Methylenedioxyamphetamine",,1.0,,1.0,-1.0,1,-1,-1,-1
ENSMUSG00000027395-S,4-tert-Butyldimethylsiloxy-3-penten-2-one,,1.0,,1.0,,1,-1,-1,-1
ENSMUSG00000027395-S,5-Nitroso-8-quinolinol,,,,1.0,,1,-1,-1,-1
ENSMUSG00000027395-S,L-(+)-Threose,,-1.0,,-1.0,,1,-1,-1,-1
ENSMUSG00000027395-S,"l-Leucine, n-butoxycarbonyl-N-methyl-, hexadecyl ester",,,,-1.0,,1,-1,-1,-1
ENSMUSG00000027395-S,L-Val-L-Leu,,1.0,,1.0,,1,-1,-1,-1
ENSMUSG00000027395-S,Malic acid,,1.0,1.0,0.9288784237188524,-1.0,1,-1,-1,-1
ENSMUSG00000027395-S,Uracil,,0.9746794344808964,0.5,0.94120970363394,-1.0,1,-1,-1,-1
ENSMUSG00000027405-S,"1,2-Cinnolinedicarboxylic acid, 1,2,3,5,6,7,8,8a-octahydro-4-trimethylsilyloxy-, diethyl ester",,,,1.0,,1,-1,-1,-1
ENSMUSG00000027405-S,2-Norbornanemethanol,,,,-1.0,,1,-1,-1,-1
ENSMUSG00000027405-S,4-tert-Butyldimethylsiloxy-3-penten-2-one,,-1.0,,-1.0,,1,-1,-1,-1
ENSMUSG00000027405-S,5-Nitroso-8-quinolinol,,,,1.0,,1,-1,-1,-1
ENSMUSG00000027405-S,7-Hydroxy-4-(methoxymethyl)coumarin,,-1.0,,-1.0,,1,-1,-1,-1
ENSMUSG00000027405-S,"Benzene, 1-ethyl-3,5-dimethyl",,,,-1.0,,1,-1,-1,-1
ENSMUSG00000027405-S,Diclofenac,,,,-1.0,,1,-1,-1,-1
ENSMUSG00000027405-S,tert-butyl(dimethyl)silyl-2-([tert-butyl(dimethyl)silyl]oxy)hex-2-enoate,,1.0,,1.0,,1,-1,-1,-1
ENSMUSG00000027408-S,2-Buten-1-ol,,,,-1.0,,1,-1,-1,-1
ENSMUSG00000027408-S,"3,3-Dimethylacrylic acid",,,,-1.0,,1,-1,-1,-1
ENSMUSG00000027408-S,5-Nitroso-8-quinolinol,,,,-1.0,,1,-1,-1,-1
ENSMUSG00000027408-S,7-Hydroxy-4-(methoxymethyl)coumarin,,1.0,,1.0,,1,-1,-1,-1
ENSMUSG00000027408-S,"Benzene, 1-ethyl-3,5-dimethyl",,,,1.0,,1,-1,-1,-1
ENSMUSG00000027408-S,L-(+)-Threose,,1.0,,1.0,,1,-1,-1,-1
ENSMUSG00000027408-S,L-Glutamic acid,,,,-1.0,,1,-1,-1,-1
ENSMUSG00000027408-S,"l-Leucine, n-butoxycarbonyl-N-methyl-, hexadecyl ester",,,,1.0,,1,-1,-1,-1
ENSMUSG00000027408-S,L-Ornithine,,,,-1.0,,1,-1,-1,-1
ENSMUSG00000027408-S,Urea,,-0.6155870112510925,-1.0,-0.9075630252100844,,1,-1,-1,-1
ENSMUSG00000027499-S,2-Buten-1-ol,,,,-1.0,,1,-1,-1,-1
ENSMUSG00000027499-S,2-Norbornanemethanol,,,,-1.0,,1,-1,-1,-1
ENSMUSG00000027499-S,Aconitic acid,,0.7999999999999999,1.0,0.9,-1.0,1,-1,-1,-1
ENSMUSG00000027499-S,Benzeneacetic acid,,1.0,,1.0,,1,-1,-1,-1
ENSMUSG00000027499-S,"l-Leucine, n-butoxycarbonyl-N-methyl-, hexadecyl ester",,,,1.0,,1,-1,-1,-1
ENSMUSG00000027499-S,L-Pyroglutamic acid,,,,1.0,,1,-1,-1,-1
ENSMUSG00000027499-S,L-Serine,,,,1.0,,1,-1,-1,-1
ENSMUSG00000027499-S,L-Val-L-Leu,,1.0,,1.0,,1,-1,-1,-1
ENSMUSG00000027499-S,tert-butyl(dimethyl)silyl-2-([tert-butyl(dimethyl)silyl]oxy)hex-2-enoate,,1.0,,1.0,,1,-1,-1,-1
ENSMUSG00000027534-S,"1-Pentene, 1,3-diphenyl-1-(trimethylsilyloxy)-",,,,1.0,,1,-1,-1,-1
ENSMUSG00000027534-S,"3,3-Dimethylacrylic acid",,,,1.0,,1,-1,-1,-1
ENSMUSG00000027534-S,5-Nitroso-8-quinolinol,,,,1.0,,1,-1,-1,-1
ENSMUSG00000027534-S,Diclofenac,,,,-1.0,,1,-1,-1,-1
ENSMUSG00000027534-S,"l-Leucine, n-butoxycarbonyl-N-methyl-, hexadecyl ester",,,,-1.0,,1,-1,-1,-1
ENSMUSG00000027534-S,L-Val-L-Leu,,1.0,,1.0,,1,-1,-1,-1
ENSMUSG00000027655-S,"1-Pentene, 1,3-diphenyl-1-(trimethylsilyloxy)-",,,,-1.0,,1,-1,-1,-1
ENSMUSG00000027655-S,2-Ethyl-1-butanol,,,,-1.0,,1,-1,-1,-1
ENSMUSG00000027655-S,2-Norbornanemethanol,,,,1.0,,1,-1,-1,-1
ENSMUSG00000027655-S,3-(4-Methoxyphenyl)coumarin,,-1.0,,-1.0,,1,-1,-1,-1
ENSMUSG00000027655-S,5-Nitroso-8-quinolinol,,,,1.0,,1,-1,-1,-1
ENSMUSG00000027655-S,L-Ornithine,,,,1.0,,1,-1,-1,-1
ENSMUSG00000027655-S,Lupinine,,-1.0,,-1.0,,1,-1,-1,-1
ENSMUSG00000027655-S,Sarcosine,,,,-1.0,,1,-1,-1,-1
ENSMUSG00000027655-S,tert-butyl(dimethyl)silyl-2-([tert-butyl(dimethyl)silyl]oxy)hex-2-enoate,,-1.0,,-1.0,,1,-1,-1,-1
ENSMUSG00000027710-S,"1,2-Bis(trimethylsiloxy)cyclohexene",,,,1.0,,1,-1,-1,-1
ENSMUSG00000027710-S,"2,4-Dimethoxybenzaldoxime",,,,1.0,,1,-1,-1,-1
ENSMUSG00000027710-S,4-tert-Butyldimethylsiloxy-3-penten-2-one,,1.0,,1.0,,1,-1,-1,-1
ENSMUSG00000027710-S,6-Nitroveratryl alcohol,,,,1.0,,1,-1,-1,-1
ENSMUSG00000027710-S,"Benzene, 1-ethyl-3,5-dimethyl",,,,1.0,,1,-1,-1,-1
ENSMUSG00000027710-S,L-Pyroglutamic acid,,,,1.0,,1,-1,-1,-1
ENSMUSG00000027710-S,L-Serine,,,,1.0,,1,-1,-1,-1
ENSMUSG00000027710-S,L-Val-L-Leu,,1.0,,1.0,,1,-1,-1,-1
ENSMUSG00000027710-S,Myristic acid,,0.9746794344808964,1.0,0.912141875543738,1.0,1,1,1,1
ENSMUSG00000027716-S,"1,2-Bis(trimethylsiloxy)cyclohexene",,,,-1.0,,1,-1,-1,-1
ENSMUSG00000027716-S,"2,4-Dimethoxybenzaldoxime",,,,1.0,,1,-1,-1,-1
ENSMUSG00000027716-S,3-(4-Methoxyphenyl)coumarin,,-1.0,,-1.0,,1,-1,-1,-1
ENSMUSG00000027716-S,"3,3-Dimethylacrylic acid",,,,1.0,,1,-1,-1,-1
ENSMUSG00000027716-S,5-Nitroso-8-quinolinol,,,,-1.0,,1,-1,-1,-1
ENSMUSG00000027716-S,Diclofenac,,,,-1.0,,1,-1,-1,-1
ENSMUSG00000027716-S,L-Val-L-Leu,,1.0,,1.0,,1,-1,-1,-1
ENSMUSG00000027827-S,"1,2-Cinnolinedicarboxylic acid, 1,2,3,5,6,7,8,8a-octahydro-4-trimethylsilyloxy-, diethyl ester",,,,-1.0,,1,-1,-1,-1
ENSMUSG00000027827-S,2-Ethyl-1-butanol,,,,1.0,,1,-1,-1,-1
ENSMUSG00000027827-S,2-Norbornanemethanol,,,,-1.0,,1,-1,-1,-1
ENSMUSG00000027827-S,3-(4-Methoxyphenyl)coumarin,,-1.0,,-1.0,,1,-1,-1,-1
ENSMUSG00000027827-S,5-Nitroso-8-quinolinol,,,,1.0,,1,-1,-1,-1
ENSMUSG00000027827-S,Chlorobenzilate,,,,-1.0,,1,-1,-1,-1
ENSMUSG00000027827-S,"l-Leucine, n-butoxycarbonyl-N-methyl-, hexadecyl ester",,,,-1.0,,1,-1,-1,-1
ENSMUSG00000027827-S,L-Val-L-Leu,,1.0,,1.0,,1,-1,-1,-1
ENSMUSG00000027827-S,Xylazine,,1.0,1.0,0.9372466978064098,1.0,1,1,1,1
ENSMUSG00000027854-S,"(2,5-Dimethoxyphenyl)acetone",,-1.0,-0.5,-0.9288784237188524,-1.0,1,1,1,1
ENSMUSG00000027854-S,3-(4-Methoxyphenyl)coumarin,,1.0,,1.0,,1,-1,-1,-1
ENSMUSG00000027854-S,5-Nitroso-8-quinolinol,,,,1.0,,1,-1,-1,-1
ENSMUSG00000027854-S,7-Hydroxy-4-(methoxymethyl)coumarin,,-1.0,,-1.0,,1,-1,-1,-1
ENSMUSG00000027854-S,"Benzene, 1-ethyl-3,5-dimethyl",,,,-1.0,,1,-1,-1,-1
ENSMUSG00000027854-S,L-(+)-Threose,,-1.0,,-1.0,,1,-1,-1,-1
ENSMUSG00000027854-S,"l-Leucine, n-butoxycarbonyl-N-methyl-, hexadecyl ester",,,,-1.0,,1,-1,-1,-1
ENSMUSG00000027861-S,"1-Pentene, 1,3-diphenyl-1-(trimethylsilyloxy)-",,,,1.0,,1,-1,-1,-1
ENSMUSG00000027861-S,2-Butoxyethanol,,1.0,1.0,0.912141875543738,-1.0,1,-1,-1,-1
ENSMUSG00000027861-S,2-Norbornanemethanol,,,,-1.0,,1,-1,-1,-1
ENSMUSG00000027861-S,3-(4-Methoxyphenyl)coumarin,,-1.0,,-1.0,,1,-1,-1,-1
ENSMUSG00000027861-S,7-Hydroxy-4-(methoxymethyl)coumarin,,1.0,,1.0,,1,-1,-1,-1
ENSMUSG00000027861-S,L-(+)-Threose,,1.0,,1.0,,1,-1,-1,-1
ENSMUSG00000027861-S,"l-Leucine, n-butoxycarbonyl-N-methyl-, hexadecyl ester",,,,-1.0,,1,-1,-1,-1
ENSMUSG00000027861-S,L-Val-L-Leu,,1.0,,1.0,,1,-1,-1,-1
ENSMUSG00000027882-S,"1,2-Cinnolinedicarboxylic acid, 1,2,3,5,6,7,8,8a-octahydro-4-trimethylsilyloxy-, diethyl ester",,,,-1.0,,1,-1,-1,-1
ENSMUSG00000027882-S,3-(4-Methoxyphenyl)coumarin,,-1.0,,-1.0,,1,-1,-1,-1
ENSMUSG00000027882-S,"4,5-Dihydro-1H-pyrazole",,,,1.0,,1,-1,-1,-1
ENSMUSG00000027882-S,"Benzene, 1-ethyl-3,5-dimethyl",,,,1.0,,1,-1,-1,-1
ENSMUSG00000027882-S,L-(+)-Threose,,1.0,,1.0,,1,-1,-1,-1
ENSMUSG00000027882-S,Xylazine,,0.7999999999999999,0.5,0.903773601456181,1.0,1,1,1,1
ENSMUSG00000027896-S,5-Nitroso-8-quinolinol,,,,-1.0,,1,-1,-1,-1
ENSMUSG00000027905-S,"1,2-Cinnolinedicarboxylic acid, 1,2,3,5,6,7,8,8a-octahydro-4-trimethylsilyloxy-, diethyl ester",,,,-1.0,,1,-1,-1,-1
ENSMUSG00000027905-S,2-Ethyl-1-butanol,,,,1.0,,1,-1,-1,-1
ENSMUSG00000027905-S,3-(4-Methoxyphenyl)coumarin,,-1.0,,-1.0,,1,-1,-1,-1
ENSMUSG00000027905-S,"Benzene, 1-ethyl-3,5-dimethyl",,,,1.0,,1,-1,-1,-1
ENSMUSG00000027905-S,L-(+)-Threose,,1.0,,1.0,,1,-1,-1,-1
ENSMUSG00000027905-S,"l-Leucine, n-butoxycarbonyl-N-methyl-, hexadecyl ester",,,,-1.0,,1,-1,-1,-1
ENSMUSG00000027905-S,Xylazine,,0.7999999999999999,1.0,0.912141875543738,1.0,1,1,1,1
ENSMUSG00000027952-S,"2,4-Dimethoxybenzaldoxime",,,,-1.0,,1,-1,-1,-1
ENSMUSG00000027952-S,Aceturic acid,,-0.7,,-0.9285714285714288,,1,-1,-1,-1
ENSMUSG00000027952-S,L-Glutamic acid,,,,-1.0,,1,-1,-1,-1
ENSMUSG00000027952-S,"l-Leucine, n-butoxycarbonyl-N-methyl-, hexadecyl ester",,,,1.0,,1,-1,-1,-1
ENSMUSG00000027952-S,L-Ornithine,,,,-1.0,,1,-1,-1,-1
ENSMUSG00000027952-S,L-Val-L-Leu,,-1.0,,-1.0,,1,-1,-1,-1
ENSMUSG00000027952-S,Sulindac,,-1.0,,-1.0,,1,-1,-1,-1
ENSMUSG00000027952-S,tert-butyl(dimethyl)silyl-2-([tert-butyl(dimethyl)silyl]oxy)hex-2-enoate,,-1.0,,-1.0,,1,-1,-1,-1
ENSMUSG00000028007-S,"1,2-Bis(trimethylsiloxy)cyclohexene",,,,-1.0,,1,-1,-1,-1
ENSMUSG00000028007-S,"2,4-Dimethoxybenzaldoxime",,,,1.0,,1,-1,-1,-1
ENSMUSG00000028007-S,4-tert-Butyldimethylsiloxy-3-penten-2-one,,1.0,,1.0,,1,-1,-1,-1
ENSMUSG00000028007-S,Diclofenac,,,,-1.0,,1,-1,-1,-1
ENSMUSG00000028007-S,L-Val-L-Leu,,1.0,,1.0,,1,-1,-1,-1
ENSMUSG00000028033-S,"1,2-Bis(trimethylsiloxy)cyclohexene",,,,1.0,,1,-1,-1,-1
ENSMUSG00000028033-S,"1,2-Cinnolinedicarboxylic acid, 1,2,3,5,6,7,8,8a-octahydro-4-trimethylsilyloxy-, diethyl ester",,,,-1.0,,1,-1,-1,-1
ENSMUSG00000028033-S,2-Ethyl-1-butanol,,,,1.0,,1,-1,-1,-1
ENSMUSG00000028033-S,4-tert-Butyldimethylsiloxy-3-penten-2-one,,1.0,,1.0,,1,-1,-1,-1
ENSMUSG00000028033-S,7-Hydroxy-4-(methoxymethyl)coumarin,,1.0,,1.0,,1,-1,-1,-1
ENSMUSG00000028033-S,L-Serine,,,,1.0,,1,-1,-1,-1
ENSMUSG00000028033-S,tert-butyl(dimethyl)silyl-2-([tert-butyl(dimethyl)silyl]oxy)hex-2-enoate,,-1.0,,-1.0,,1,-1,-1,-1
ENSMUSG00000028082-S,3-(4-Methoxyphenyl)coumarin,,1.0,,1.0,,1,-1,-1,-1
ENSMUSG00000028082-S,"3,3-Dimethylacrylic acid",,,,-1.0,,1,-1,-1,-1
ENSMUSG00000028082-S,Diclofenac,,,,1.0,,1,-1,-1,-1
ENSMUSG00000028082-S,L-Glutamic acid,,,,-1.0,,1,-1,-1,-1
ENSMUSG00000028082-S,"l-Leucine, n-butoxycarbonyl-N-methyl-, hexadecyl ester",,,,1.0,,1,-1,-1,-1
ENSMUSG00000028082-S,L-Ornithine,,,,-1.0,,1,-1,-1,-1
ENSMUSG00000028099-S,"1-Pentene, 1,3-diphenyl-1-(trimethylsilyloxy)-",,,,1.0,,1,-1,-1,-1
ENSMUSG00000028099-S,"4,5-Dihydro-1H-pyrazole",,,,1.0,,1,-1,-1,-1
ENSMUSG00000028099-S,7-Hydroxy-4-(methoxymethyl)coumarin,,1.0,,1.0,,1,-1,-1,-1
ENSMUSG00000028099-S,Diclofenac,,,,-1.0,,1,-1,-1,-1
ENSMUSG00000028099-S,L-Glutamic acid,,,,-1.0,,1,-1,-1,-1
ENSMUSG00000028295-S,2-Norbornanemethanol,,,,1.0,,1,-1,-1,-1
ENSMUSG00000028295-S,5-Nitroso-8-quinolinol,,,,1.0,,1,-1,-1,-1
ENSMUSG00000028295-S,"Benzene, 1-ethyl-3,5-dimethyl",,,,1.0,,1,-1,-1,-1
ENSMUSG00000028295-S,Diclofenac,,,,-1.0,,1,-1,-1,-1
ENSMUSG00000028295-S,"l-Leucine, n-butoxycarbonyl-N-methyl-, hexadecyl ester",,,,-1.0,,1,-1,-1,-1
ENSMUSG00000028295-S,L-Serine,,,,-1.0,,1,-1,-1,-1
ENSMUSG00000028295-S,L-Val-L-Leu,,-1.0,,-1.0,,1,-1,-1,-1
ENSMUSG00000028295-S,tert-butyl(dimethyl)silyl-2-([tert-butyl(dimethyl)silyl]oxy)hex-2-enoate,,-1.0,,-1.0,,1,-1,-1,-1
ENSMUSG00000028345-S,"1,2-Cinnolinedicarboxylic acid, 1,2,3,5,6,7,8,8a-octahydro-4-trimethylsilyloxy-, diethyl ester",,,,1.0,,1,-1,-1,-1
ENSMUSG00000028345-S,2-Norbornanemethanol,,,,-1.0,,1,-1,-1,-1
ENSMUSG00000028345-S,3-(4-Methoxyphenyl)coumarin,,1.0,,1.0,,1,-1,-1,-1
ENSMUSG00000028345-S,DL-Glyceraldehyde,,0.8999999999999998,-0.8660254037844387,0.8984341422975738,,1,-1,-1,-1
ENSMUSG00000028345-S,Lupinine,,1.0,,1.0,,1,-1,-1,-1
ENSMUSG00000028345-S,tert-butyl(dimethyl)silyl-2-([tert-butyl(dimethyl)silyl]oxy)hex-2-enoate,,1.0,,1.0,,1,-1,-1,-1
ENSMUSG00000028423-S,"1,2-Bis(trimethylsiloxy)cyclohexene",,,,1.0,,1,-1,-1,-1
ENSMUSG00000028423-S,Allylescaline,,-0.6668859288553501,-0.5,-0.8907877552249789,,1,-1,-1,-1
ENSMUSG00000028423-S,Diclofenac,,,,1.0,,1,-1,-1,-1
ENSMUSG00000028423-S,L-Serine,,,,1.0,,1,-1,-1,-1
ENSMUSG00000028423-S,L-Val-L-Leu,,-1.0,,-1.0,,1,-1,-1,-1
ENSMUSG00000028423-S,tert-butyl(dimethyl)silyl-2-([tert-butyl(dimethyl)silyl]oxy)hex-2-enoate,,-1.0,,-1.0,,1,-1,-1,-1
ENSMUSG00000028445-S,"1,2-Bis(trimethylsiloxy)cyclohexene",,,,-1.0,,1,-1,-1,-1
ENSMUSG00000028445-S,3-(4-Methoxyphenyl)coumarin,,1.0,,1.0,,1,-1,-1,-1
ENSMUSG00000028445-S,7-Hydroxy-4-(methoxymethyl)coumarin,,-1.0,,-1.0,,1,-1,-1,-1
ENSMUSG00000028445-S,L-(+)-Threose,,-1.0,,-1.0,,1,-1,-1,-1
ENSMUSG00000028469-S,"1,2-Cinnolinedicarboxylic acid, 1,2,3,5,6,7,8,8a-octahydro-4-trimethylsilyloxy-, diethyl ester",,,,1.0,,1,-1,-1,-1
ENSMUSG00000028469-S,3-(4-Methoxyphenyl)coumarin,,1.0,,1.0,,1,-1,-1,-1
ENSMUSG00000028469-S,"Benzene, 1-ethyl-3,5-dimethyl",,,,-1.0,,1,-1,-1,-1
ENSMUSG00000028469-S,L-(+)-Threose,,-1.0,,-1.0,,1,-1,-1,-1
ENSMUSG00000028469-S,L-Ornithine,,,,1.0,,1,-1,-1,-1
ENSMUSG00000028469-S,Sarcosine,,,,-1.0,,1,-1,-1,-1
ENSMUSG00000028532-S,"1-Pentene, 1,3-diphenyl-1-(trimethylsilyloxy)-",,,,-1.0,,1,-1,-1,-1
ENSMUSG00000028532-S,3-(4-Methoxyphenyl)coumarin,,1.0,,1.0,,1,-1,-1,-1
ENSMUSG00000028532-S,"4,5-Dihydro-1H-pyrazole",,,,-1.0,,1,-1,-1,-1
ENSMUSG00000028532-S,7-Hydroxy-4-(methoxymethyl)coumarin,,-1.0,,-1.0,,1,-1,-1,-1
ENSMUSG00000028532-S,"Benzene, 1-ethyl-3,5-dimethyl",,,,-1.0,,1,-1,-1,-1
ENSMUSG00000028532-S,Chlorobenzilate,,,,1.0,,1,-1,-1,-1
ENSMUSG00000028532-S,L-(+)-Threose,,-1.0,,-1.0,,1,-1,-1,-1
ENSMUSG00000028532-S,L-Glutamic acid,,,,1.0,,1,-1,-1,-1
ENSMUSG00000028532-S,L-Val-L-Leu,,-1.0,,-1.0,,1,-1,-1,-1
ENSMUSG00000028545-S,"1,2-Cinnolinedicarboxylic acid, 1,2,3,5,6,7,8,8a-octahydro-4-trimethylsilyloxy-, diethyl ester",,,,1.0,,1,-1,-1,-1
ENSMUSG00000028545-S,"1-Pentene, 1,3-diphenyl-1-(trimethylsilyloxy)-",,,,-1.0,,1,-1,-1,-1
ENSMUSG00000028545-S,"2,4-Dimethoxybenzaldoxime",,,,-1.0,,1,-1,-1,-1
ENSMUSG00000028545-S,2-Ethyl-1-butanol,,,,-1.0,,1,-1,-1,-1
ENSMUSG00000028545-S,2-Norbornanemethanol,,,,1.0,,1,-1,-1,-1
ENSMUSG00000028545-S,4-tert-Butyldimethylsiloxy-3-penten-2-one,,1.0,,1.0,,1,-1,-1,-1
ENSMUSG00000028545-S,6-Nitroveratryl alcohol,,,,1.0,,1,-1,-1,-1
ENSMUSG00000028545-S,L-Serine,,,,-1.0,,1,-1,-1,-1
ENSMUSG00000028545-S,tert-butyl(dimethyl)silyl-2-([tert-butyl(dimethyl)silyl]oxy)hex-2-enoate,,-1.0,,-1.0,,1,-1,-1,-1
ENSMUSG00000028622-S,"1,2-Cinnolinedicarboxylic acid, 1,2,3,5,6,7,8,8a-octahydro-4-trimethylsilyloxy-, diethyl ester",,,,-1.0,,1,-1,-1,-1
ENSMUSG00000028622-S,"2,4-Dimethoxybenzaldoxime",,,,-1.0,,1,-1,-1,-1
ENSMUSG00000028622-S,3-(4-Methoxyphenyl)coumarin,,1.0,,1.0,,1,-1,-1,-1
ENSMUSG00000028622-S,L-(+)-Threose,,-1.0,,-1.0,,1,-1,-1,-1
ENSMUSG00000028622-S,L-Ornithine,,,,-1.0,,1,-1,-1,-1
ENSMUSG00000028622-S,L-Val-L-Leu,,-1.0,,-1.0,,1,-1,-1,-1
ENSMUSG00000028637-S,2-Norbornanemethanol,,,,-1.0,,1,-1,-1,-1
ENSMUSG00000028637-S,"3,3-Dimethylacrylic acid",,,,1.0,,1,-1,-1,-1
ENSMUSG00000028637-S,"4,5-Dihydro-1H-pyrazole",,,,1.0,,1,-1,-1,-1
ENSMUSG00000028637-S,4-tert-Butyldimethylsiloxy-3-penten-2-one,,1.0,,1.0,,1,-1,-1,-1
ENSMUSG00000028637-S,5-Nitroso-8-quinolinol,,,,1.0,,1,-1,-1,-1
ENSMUSG00000028637-S,"Benzene, 1-ethyl-3,5-dimethyl",,,,-1.0,,1,-1,-1,-1
ENSMUSG00000028637-S,L-Val-L-Leu,,1.0,,1.0,,1,-1,-1,-1
ENSMUSG00000028747-S,"1,2-Cinnolinedicarboxylic acid, 1,2,3,5,6,7,8,8a-octahydro-4-trimethylsilyloxy-, diethyl ester",,,,1.0,,1,-1,-1,-1
ENSMUSG00000028747-S,2-Norbornanemethanol,,,,1.0,,1,-1,-1,-1
ENSMUSG00000028747-S,7-Hydroxy-4-(methoxymethyl)coumarin,,1.0,,1.0,,1,-1,-1,-1
ENSMUSG00000028747-S,"Benzene, 1-ethyl-3,5-dimethyl",,,,1.0,,1,-1,-1,-1
ENSMUSG00000028747-S,L-Ornithine,,,,1.0,,1,-1,-1,-1
ENSMUSG00000028747-S,Sarcosine,,,,-1.0,,1,-1,-1,-1
ENSMUSG00000028792-S,"1,2-Cinnolinedicarboxylic acid, 1,2,3,5,6,7,8,8a-octahydro-4-trimethylsilyloxy-, diethyl ester",,,,1.0,,1,-1,-1,-1
ENSMUSG00000028792-S,2-Norbornanemethanol,,,,-1.0,,1,-1,-1,-1
ENSMUSG00000028792-S,3-(4-Methoxyphenyl)coumarin,,1.0,,1.0,,1,-1,-1,-1
ENSMUSG00000028792-S,7-Hydroxy-4-(methoxymethyl)coumarin,,1.0,,1.0,,1,-1,-1,-1
ENSMUSG00000028792-S,Diclofenac,,,,-1.0,,1,-1,-1,-1
ENSMUSG00000028792-S,"l-Leucine, n-butoxycarbonyl-N-methyl-, hexadecyl ester",,,,-1.0,,1,-1,-1,-1
ENSMUSG00000028792-S,tert-butyl(dimethyl)silyl-2-([tert-butyl(dimethyl)silyl]oxy)hex-2-enoate,,1.0,,1.0,,1,-1,-1,-1
ENSMUSG00000028847-S,3-(4-Methoxyphenyl)coumarin,,1.0,,1.0,,1,-1,-1,-1
ENSMUSG00000028847-S,L-Ornithine,,,,1.0,,1,-1,-1,-1
ENSMUSG00000028869-S,"1,2-Cinnolinedicarboxylic acid, 1,2,3,5,6,7,8,8a-octahydro-4-trimethylsilyloxy-, diethyl ester",,,,1.0,,1,-1,-1,-1
ENSMUSG00000028869-S,2-Norbornanemethanol,,,,-1.0,,1,-1,-1,-1
ENSMUSG00000028869-S,4-tert-Butyldimethylsiloxy-3-penten-2-one,,-1.0,,-1.0,,1,-1,-1,-1
ENSMUSG00000028869-S,tert-butyl(dimethyl)silyl-2-([tert-butyl(dimethyl)silyl]oxy)hex-2-enoate,,1.0,,1.0,,1,-1,-1,-1
ENSMUSG00000028932-S,"1,2-Cinnolinedicarboxylic acid, 1,2,3,5,6,7,8,8a-octahydro-4-trimethylsilyloxy-, diethyl ester",,,,-1.0,,1,-1,-1,-1
ENSMUSG00000028932-S,"1-Pentene, 1,3-diphenyl-1-(trimethylsilyloxy)-",,,,1.0,,1,-1,-1,-1
ENSMUSG00000028932-S,4-tert-Butyldimethylsiloxy-3-penten-2-one,,-1.0,,-1.0,,1,-1,-1,-1
ENSMUSG00000028932-S,"l-Leucine, n-butoxycarbonyl-N-methyl-, hexadecyl ester",,,,-1.0,,1,-1,-1,-1
ENSMUSG00000028937-S,"1,2-Bis(trimethylsiloxy)cyclohexene",,,,-1.0,,1,-1,-1,-1
ENSMUSG00000028937-S,"2,4-Dimethoxybenzaldoxime",,,,-1.0,,1,-1,-1,-1
ENSMUSG00000028937-S,3-(4-Methoxyphenyl)coumarin,,1.0,,1.0,,1,-1,-1,-1
ENSMUSG00000028937-S,"6-Aminocaproic acid, N-(tert.-butyldimethylsilyl)",,-1.0,-0.8660254037844387,-0.9518763181059628,1.0,1,-1,-1,-1
ENSMUSG00000028937-S,Diclofenac,,,,-1.0,,1,-1,-1,-1
ENSMUSG00000028937-S,L-(+)-Threose,,-1.0,,-1.0,,1,-1,-1,-1
ENSMUSG00000028937-S,L-Serine,,,,-1.0,,1,-1,-1,-1
ENSMUSG00000028937-S,"Propanoic acid, dimethyl(isopropyl)silyl ester",,-1.0,-1.0,-0.9940297973880048,,1,-1,-1,-1
ENSMUSG00000028988-S,"2,4-Dimethoxybenzaldoxime",,,,-1.0,,1,-1,-1,-1
ENSMUSG00000028988-S,"2,4-Di-tert-butylphenol",,,-1.0,-1.0,-1.0,1,1,1,1
ENSMUSG00000028988-S,4-tert-Butyldimethylsiloxy-3-penten-2-one,,-1.0,,-1.0,,1,-1,-1,-1
ENSMUSG00000028988-S,Aceturic acid,,-0.8999999999999998,,-0.9761904761904764,,1,-1,-1,-1
ENSMUSG00000028988-S,L-Glutamic acid,,,,-1.0,,1,-1,-1,-1
ENSMUSG00000028988-S,"l-Leucine, n-butoxycarbonyl-N-methyl-, hexadecyl ester",,,,1.0,,1,-1,-1,-1
ENSMUSG00000028988-S,L-Ornithine,,,,-1.0,,1,-1,-1,-1
ENSMUSG00000028988-S,L-Val-L-Leu,,-1.0,,-1.0,,1,-1,-1,-1
ENSMUSG00000028988-S,Octanoic acid,,-1.0,,-1.0,,1,-1,-1,-1
ENSMUSG00000028992-S,"1,2-Cinnolinedicarboxylic acid, 1,2,3,5,6,7,8,8a-octahydro-4-trimethylsilyloxy-, diethyl ester",,,,1.0,,1,-1,-1,-1
ENSMUSG00000028992-S,2-Buten-1-ol,,,,1.0,,1,-1,-1,-1
ENSMUSG00000028992-S,4-tert-Butyldimethylsiloxy-3-penten-2-one,,-1.0,,-1.0,,1,-1,-1,-1
ENSMUSG00000028992-S,5-Nitroso-8-quinolinol,,,,1.0,,1,-1,-1,-1
ENSMUSG00000028992-S,7-Hydroxy-4-(methoxymethyl)coumarin,,-1.0,,-1.0,,1,-1,-1,-1
ENSMUSG00000028992-S,L-Ornithine,,,,1.0,,1,-1,-1,-1
ENSMUSG00000028992-S,tert-butyl(dimethyl)silyl-2-([tert-butyl(dimethyl)silyl]oxy)hex-2-enoate,,1.0,,1.0,,1,-1,-1,-1
ENSMUSG00000029009-S,"1,2-Bis(trimethylsiloxy)cyclohexene",,,,1.0,,1,-1,-1,-1
ENSMUSG00000029009-S,"1-Pentene, 1,3-diphenyl-1-(trimethylsilyloxy)-",,,,1.0,,1,-1,-1,-1
ENSMUSG00000029009-S,"2,4-Dimethoxybenzaldoxime",,,,-1.0,,1,-1,-1,-1
ENSMUSG00000029009-S,6-Nitroveratryl alcohol,,,,1.0,,1,-1,-1,-1
ENSMUSG00000029009-S,Benzeneacetic acid,,1.0,,1.0,,1,-1,-1,-1
ENSMUSG00000029009-S,Diclofenac,,,,1.0,,1,-1,-1,-1
ENSMUSG00000029009-S,L-Threonine,,-1.0,,-1.0,-1.0,1,1,1,1
ENSMUSG00000029060-S,"1,2-Cinnolinedicarboxylic acid, 1,2,3,5,6,7,8,8a-octahydro-4-trimethylsilyloxy-, diethyl ester",,,,-1.0,,1,-1,-1,-1
ENSMUSG00000029060-S,"1-Pentene, 1,3-diphenyl-1-(trimethylsilyloxy)-",,,,1.0,,1,-1,-1,-1
ENSMUSG00000029060-S,2-Norbornanemethanol,,,,-1.0,,1,-1,-1,-1
ENSMUSG00000029060-S,"4,5-Dihydro-1H-pyrazole",,,,1.0,,1,-1,-1,-1
ENSMUSG00000029060-S,Chlorobenzilate,,,,-1.0,,1,-1,-1,-1
ENSMUSG00000029060-S,L-Val-L-Leu,,1.0,,1.0,,1,-1,-1,-1
ENSMUSG00000029060-S,tert-butyl(dimethyl)silyl-2-([tert-butyl(dimethyl)silyl]oxy)hex-2-enoate,,1.0,,1.0,,1,-1,-1,-1
ENSMUSG00000029147-S,"1,2-Cinnolinedicarboxylic acid, 1,2,3,5,6,7,8,8a-octahydro-4-trimethylsilyloxy-, diethyl ester",,,,-1.0,,1,-1,-1,-1
ENSMUSG00000029147-S,"1-Pentene, 1,3-diphenyl-1-(trimethylsilyloxy)-",,,,1.0,,1,-1,-1,-1
ENSMUSG00000029147-S,7-Hydroxy-4-(methoxymethyl)coumarin,,-1.0,,-1.0,,1,-1,-1,-1
ENSMUSG00000029147-S,"Benzene, 1-ethyl-3,5-dimethyl",,,,1.0,,1,-1,-1,-1
ENSMUSG00000029147-S,"l-Leucine, n-butoxycarbonyl-N-methyl-, hexadecyl ester",,,,-1.0,,1,-1,-1,-1
ENSMUSG00000029165-S,2-Norbornanemethanol,,,,-1.0,,1,-1,-1,-1
ENSMUSG00000029165-S,"3,4-Methylenedioxyamphetamine",,1.0,,1.0,-1.0,1,-1,-1,-1
ENSMUSG00000029165-S,5-Nitroso-8-quinolinol,,,,1.0,,1,-1,-1,-1
ENSMUSG00000029165-S,"Benzene, 1-ethyl-3,5-dimethyl",,,,-1.0,,1,-1,-1,-1
ENSMUSG00000029165-S,"l-Leucine, n-butoxycarbonyl-N-methyl-, hexadecyl ester",,,,-1.0,,1,-1,-1,-1
ENSMUSG00000029165-S,N-Acetylaspartic acid,,0.3999999999999999,1.0,0.9285714285714288,1.0,1,1,1,1
ENSMUSG00000029211-S,3-(4-Methoxyphenyl)coumarin,,-1.0,,-1.0,,1,-1,-1,-1
ENSMUSG00000029211-S,5-Nitroso-8-quinolinol,,,,1.0,,1,-1,-1,-1
ENSMUSG00000029211-S,"Benzene, 1-ethyl-3,5-dimethyl",,,,1.0,,1,-1,-1,-1
ENSMUSG00000029211-S,L-(+)-Threose,,1.0,,1.0,,1,-1,-1,-1
ENSMUSG00000029211-S,"l-Leucine, n-butoxycarbonyl-N-methyl-, hexadecyl ester",,,,-1.0,,1,-1,-1,-1
ENSMUSG00000029211-S,L-Val-L-Leu,,1.0,,1.0,,1,-1,-1,-1
ENSMUSG00000029211-S,Xylazine,,0.8999999999999998,1.0,0.9288784237188524,1.0,1,1,1,1
ENSMUSG00000029217-S,Benzyl alcohol,,-0.9746794344808964,-0.8660254037844387,-0.8929573793613736,-1.0,1,1,1,1
ENSMUSG00000029217-S,Hexanoic acid,,-0.9473684210526316,-0.8660254037844387,-0.896765317230787,-1.0,1,1,1,1
ENSMUSG00000029217-S,L-Val-L-Leu,,-1.0,,-1.0,,1,-1,-1,-1
ENSMUSG00000029307-S,"1,2-Bis(trimethylsiloxy)cyclohexene",,,,-1.0,,1,-1,-1,-1
ENSMUSG00000029307-S,"2,4-Dimethoxybenzaldoxime",,,,-1.0,,1,-1,-1,-1
ENSMUSG00000029307-S,2-Norbornanemethanol,,,,1.0,,1,-1,-1,-1
ENSMUSG00000029307-S,3-(4-Methoxyphenyl)coumarin,,-1.0,,-1.0,,1,-1,-1,-1
ENSMUSG00000029307-S,"Benzene, 1-ethyl-3,5-dimethyl",,,,1.0,,1,-1,-1,-1
ENSMUSG00000029307-S,Chlorobenzilate,,,,-1.0,,1,-1,-1,-1
ENSMUSG00000029307-S,Diclofenac,,,,-1.0,,1,-1,-1,-1
ENSMUSG00000029307-S,L-(+)-Threose,,1.0,,1.0,,1,-1,-1,-1
ENSMUSG00000029307-S,L-Serine,,,,-1.0,,1,-1,-1,-1
ENSMUSG00000029307-S,tert-butyl(dimethyl)silyl-2-([tert-butyl(dimethyl)silyl]oxy)hex-2-enoate,,-1.0,,-1.0,,1,-1,-1,-1
ENSMUSG00000029352-S,"1,2-Cinnolinedicarboxylic acid, 1,2,3,5,6,7,8,8a-octahydro-4-trimethylsilyloxy-, diethyl ester",,,,1.0,,1,-1,-1,-1
ENSMUSG00000029352-S,2-Norbornanemethanol,,,,1.0,,1,-1,-1,-1
ENSMUSG00000029352-S,3-(4-Methoxyphenyl)coumarin,,1.0,,1.0,,1,-1,-1,-1
ENSMUSG00000029352-S,5-Nitroso-8-quinolinol,,,,1.0,,1,-1,-1,-1
ENSMUSG00000029352-S,"l-Leucine, n-butoxycarbonyl-N-methyl-, hexadecyl ester",,,,-1.0,,1,-1,-1,-1
ENSMUSG00000029376-S,"1,2-Cinnolinedicarboxylic acid, 1,2,3,5,6,7,8,8a-octahydro-4-trimethylsilyloxy-, diethyl ester",,,,-1.0,,1,-1,-1,-1
ENSMUSG00000029376-S,2-Buten-1-ol,,,,-1.0,,1,-1,-1,-1
ENSMUSG00000029376-S,2-Cyanobenzaldehyde,,1.0,,1.0,,1,-1,-1,-1
ENSMUSG00000029376-S,2-Norbornanemethanol,,,,-1.0,,1,-1,-1,-1
ENSMUSG00000029376-S,3-Buten-2-one,,0.8999999999999998,1.0,0.9166666666666666,-1.0,1,-1,-1,-1
ENSMUSG00000029376-S,4-tert-Butyldimethylsiloxy-3-penten-2-one,,1.0,,1.0,,1,-1,-1,-1
ENSMUSG00000029376-S,5-Nitroso-8-quinolinol,,,,-1.0,,1,-1,-1,-1
ENSMUSG00000029376-S,L-Ornithine,,,,-1.0,,1,-1,-1,-1
ENSMUSG00000029376-S,L-Val-L-Leu,,1.0,,1.0,,1,-1,-1,-1
ENSMUSG00000029376-S,Sarcosine,,,,1.0,,1,-1,-1,-1
ENSMUSG00000029376-S,Triethyl citrate,,1.0,1.0,0.9642857142857144,,1,-1,-1,-1
ENSMUSG00000029557-S,"Benzene, 1-ethyl-3,5-dimethyl",,,,1.0,,1,-1,-1,-1
ENSMUSG00000029557-S,Formamide,,-0.9746794344808964,-1.0,-0.8945864409239054,-1.0,1,1,1,1
ENSMUSG00000029557-S,L-(+)-Threose,,1.0,,1.0,,1,-1,-1,-1
ENSMUSG00000029557-S,L-Ornithine,,,,1.0,,1,-1,-1,-1
ENSMUSG00000029557-S,L-Val-L-Leu,,-1.0,,-1.0,,1,-1,-1,-1
ENSMUSG00000029716-S,"1,2-Cinnolinedicarboxylic acid, 1,2,3,5,6,7,8,8a-octahydro-4-trimethylsilyloxy-, diethyl ester",,,,-1.0,,1,-1,-1,-1
ENSMUSG00000029716-S,"1-Pentene, 1,3-diphenyl-1-(trimethylsilyloxy)-",,,,1.0,,1,-1,-1,-1
ENSMUSG00000029716-S,"Benzene, 1-ethyl-3,5-dimethyl",,,,1.0,,1,-1,-1,-1
ENSMUSG00000029716-S,"l-Leucine, n-butoxycarbonyl-N-methyl-, hexadecyl ester",,,,-1.0,,1,-1,-1,-1
ENSMUSG00000029755-S,"2,4-Dimethoxybenzaldoxime",,,,1.0,,1,-1,-1,-1
ENSMUSG00000029755-S,3-(4-Methoxyphenyl)coumarin,,-1.0,,-1.0,,1,-1,-1,-1
ENSMUSG00000029755-S,"4,5-Dihydro-1H-pyrazole",,,,1.0,,1,-1,-1,-1
ENSMUSG00000029755-S,5-Nitroso-8-quinolinol,,,,1.0,,1,-1,-1,-1
ENSMUSG00000029763-S,"1,2-Cinnolinedicarboxylic acid, 1,2,3,5,6,7,8,8a-octahydro-4-trimethylsilyloxy-, diethyl ester",,,,-1.0,,1,-1,-1,-1
ENSMUSG00000029763-S,2-Norbornanemethanol,,,,-1.0,,1,-1,-1,-1
ENSMUSG00000029763-S,Adipoyl-L-carnitine,,1.0,,1.0,,1,-1,-1,-1
ENSMUSG00000029763-S,"l-Leucine, n-butoxycarbonyl-N-methyl-, hexadecyl ester",,,,-1.0,,1,-1,-1,-1
ENSMUSG00000029763-S,L-Val-L-Leu,,-1.0,,-1.0,,1,-1,-1,-1
ENSMUSG00000029775-S,"1,2-Cinnolinedicarboxylic acid, 1,2,3,5,6,7,8,8a-octahydro-4-trimethylsilyloxy-, diethyl ester",,,,-1.0,,1,-1,-1,-1
ENSMUSG00000029775-S,"1-Pentene, 1,3-diphenyl-1-(trimethylsilyloxy)-",,,,1.0,,1,-1,-1,-1
ENSMUSG00000029775-S,2-Buten-1-ol,,,,-1.0,,1,-1,-1,-1
ENSMUSG00000029775-S,3-(4-Methoxyphenyl)coumarin,,1.0,,1.0,,1,-1,-1,-1
ENSMUSG00000029775-S,5-Nitroso-8-quinolinol,,,,-1.0,,1,-1,-1,-1
ENSMUSG00000029775-S,7-Hydroxy-4-(methoxymethyl)coumarin,,-1.0,,-1.0,,1,-1,-1,-1
ENSMUSG00000029775-S,Azelaic acid,,-0.9746794344808964,1.0,-0.903773601456181,-1.0,1,1,1,1
ENSMUSG00000029775-S,L-(+)-Threose,,-1.0,,-1.0,,1,-1,-1,-1
ENSMUSG00000029775-S,L-Serine,,,,1.0,,1,-1,-1,-1
ENSMUSG00000029823-S,"1,2-Cinnolinedicarboxylic acid, 1,2,3,5,6,7,8,8a-octahydro-4-trimethylsilyloxy-, diethyl ester",,,,1.0,,1,-1,-1,-1
ENSMUSG00000029823-S,2-Buten-1-ol,,,,1.0,,1,-1,-1,-1
ENSMUSG00000029823-S,4-tert-Butyldimethylsiloxy-3-penten-2-one,,-1.0,,-1.0,,1,-1,-1,-1
ENSMUSG00000029823-S,5-Nitroso-8-quinolinol,,,,1.0,,1,-1,-1,-1
ENSMUSG00000029823-S,7-Hydroxy-4-(methoxymethyl)coumarin,,-1.0,,-1.0,,1,-1,-1,-1
ENSMUSG00000029823-S,L-Glutamic acid,,,,1.0,,1,-1,-1,-1
ENSMUSG00000029823-S,"l-Leucine, n-butoxycarbonyl-N-methyl-, hexadecyl ester",,,,-1.0,,1,-1,-1,-1
ENSMUSG00000029823-S,L-Ornithine,,,,1.0,,1,-1,-1,-1
ENSMUSG00000029823-S,Sarcosine,,,,-1.0,,1,-1,-1,-1
ENSMUSG00000029823-S,tert-butyl(dimethyl)silyl-2-([tert-butyl(dimethyl)silyl]oxy)hex-2-enoate,,1.0,,1.0,,1,-1,-1,-1
ENSMUSG00000029922-S,"1,2-Bis(trimethylsiloxy)cyclohexene",,,,1.0,,1,-1,-1,-1
ENSMUSG00000029922-S,"1,2-Cinnolinedicarboxylic acid, 1,2,3,5,6,7,8,8a-octahydro-4-trimethylsilyloxy-, diethyl ester",,,,-1.0,,1,-1,-1,-1
ENSMUSG00000029922-S,2-Ethyl-1-butanol,,,,1.0,,1,-1,-1,-1
ENSMUSG00000029922-S,"2-Methylcyclohexylamine, tert.-butyldimethylsilyl ether",,1.0,,1.0,,1,-1,-1,-1
ENSMUSG00000029922-S,2-Norbornanemethanol,,,,-1.0,,1,-1,-1,-1
ENSMUSG00000029922-S,3-(4-Methoxyphenyl)coumarin,,-1.0,,-1.0,,1,-1,-1,-1
ENSMUSG00000029922-S,Chlorobenzilate,,,,-1.0,,1,-1,-1,-1
ENSMUSG00000029922-S,Diclofenac,,,,1.0,,1,-1,-1,-1
ENSMUSG00000029922-S,L-(+)-Threose,,1.0,,1.0,,1,-1,-1,-1
ENSMUSG00000029922-S,L-Pyroglutamic acid,,,,1.0,,1,-1,-1,-1
ENSMUSG00000029922-S,L-Serine,,,,1.0,,1,-1,-1,-1
ENSMUSG00000029922-S,L-Val-L-Leu,,1.0,,1.0,,1,-1,-1,-1
ENSMUSG00000029999-S,"1,2-Bis(trimethylsiloxy)cyclohexene",,,,1.0,,1,-1,-1,-1
ENSMUSG00000029999-S,"1,2-Cinnolinedicarboxylic acid, 1,2,3,5,6,7,8,8a-octahydro-4-trimethylsilyloxy-, diethyl ester",,,,-1.0,,1,-1,-1,-1
ENSMUSG00000029999-S,"2,4-Dimethoxybenzaldoxime",,,,1.0,,1,-1,-1,-1
ENSMUSG00000029999-S,3-(4-Methoxyphenyl)coumarin,,-1.0,,-1.0,,1,-1,-1,-1
ENSMUSG00000029999-S,5-Nitroso-8-quinolinol,,,,1.0,,1,-1,-1,-1
ENSMUSG00000029999-S,7-Hydroxy-4-(methoxymethyl)coumarin,,-1.0,,-1.0,,1,-1,-1,-1
ENSMUSG00000029999-S,"Benzene, 1-ethyl-3,5-dimethyl",,,,1.0,,1,-1,-1,-1
ENSMUSG00000029999-S,Diclofenac,,,,1.0,,1,-1,-1,-1
ENSMUSG00000029999-S,L-Pyroglutamic acid,,,,1.0,,1,-1,-1,-1
ENSMUSG00000029999-S,L-Serine,,,,1.0,,1,-1,-1,-1
ENSMUSG00000030058-S,"1,2-Cinnolinedicarboxylic acid, 1,2,3,5,6,7,8,8a-octahydro-4-trimethylsilyloxy-, diethyl ester",,,,-1.0,,1,-1,-1,-1
ENSMUSG00000030058-S,"1-Pentene, 1,3-diphenyl-1-(trimethylsilyloxy)-",,,,1.0,,1,-1,-1,-1
ENSMUSG00000030058-S,2-Ethyl-1-butanol,,,,1.0,,1,-1,-1,-1
ENSMUSG00000030058-S,3-(4-Methoxyphenyl)coumarin,,1.0,,1.0,,1,-1,-1,-1
ENSMUSG00000030058-S,L-(+)-Threose,,-1.0,,-1.0,,1,-1,-1,-1
ENSMUSG00000030058-S,"l-Leucine, n-butoxycarbonyl-N-methyl-, hexadecyl ester",,,,-1.0,,1,-1,-1,-1
ENSMUSG00000030265-S,"1-Pentene, 1,3-diphenyl-1-(trimethylsilyloxy)-",,,,1.0,,1,-1,-1,-1
ENSMUSG00000030265-S,"2,3-Butanediol, O-(trimethylsilyl)-, monoacetate",,-0.7999999999999999,-0.8660254037844387,-0.9271050693011064,,1,-1,-1,-1
ENSMUSG00000030265-S,"2,4-Dimethoxybenzaldoxime",,,,-1.0,,1,-1,-1,-1
ENSMUSG00000030265-S,"2-Methylcyclohexanol, (Z)",,-0.8999999999999998,-0.8660254037844387,-0.8938193572966859,,1,-1,-1,-1
ENSMUSG00000030265-S,"4,5-Dihydro-1H-pyrazole",,,,1.0,,1,-1,-1,-1
ENSMUSG00000030265-S,4-tert-Butyldimethylsiloxy-3-penten-2-one,,-1.0,,-1.0,,1,-1,-1,-1
ENSMUSG00000030265-S,Diclofenac,,,,-1.0,,1,-1,-1,-1
ENSMUSG00000030265-S,L-Serine,,,,-1.0,,1,-1,-1,-1
ENSMUSG00000030265-S,L-Val-L-Leu,,-1.0,,-1.0,,1,-1,-1,-1
ENSMUSG00000030265-S,Octanoic acid,,-1.0,,-1.0,,1,-1,-1,-1
ENSMUSG00000030282-S,"1,2-Bis(trimethylsiloxy)cyclohexene",,,,-1.0,,1,-1,-1,-1
ENSMUSG00000030282-S,3-(4-Methoxyphenyl)coumarin,,1.0,,1.0,,1,-1,-1,-1
ENSMUSG00000030282-S,Butanedioic acid,,-0.7,-1.0,-0.8984341422975738,,1,-1,-1,-1
ENSMUSG00000030282-S,Diclofenac,,,,-1.0,,1,-1,-1,-1
ENSMUSG00000030282-S,L-(+)-Threose,,-1.0,,-1.0,,1,-1,-1,-1
ENSMUSG00000030282-S,L-Ornithine,,,,1.0,,1,-1,-1,-1
ENSMUSG00000030282-S,L-Val-L-Leu,,-1.0,,-1.0,,1,-1,-1,-1
ENSMUSG00000030323-S,"2,4-Dimethoxybenzaldoxime",,,,-1.0,,1,-1,-1,-1
ENSMUSG00000030323-S,3-(4-Methoxyphenyl)coumarin,,1.0,,1.0,,1,-1,-1,-1
ENSMUSG00000030323-S,"3,3-Dimethylacrylic acid",,,,-1.0,,1,-1,-1,-1
ENSMUSG00000030323-S,5-Nitroso-8-quinolinol,,,,-1.0,,1,-1,-1,-1
ENSMUSG00000030323-S,"l-Leucine, n-butoxycarbonyl-N-methyl-, hexadecyl ester",,,,1.0,,1,-1,-1,-1
ENSMUSG00000030323-S,L-Val-L-Leu,,-1.0,,-1.0,,1,-1,-1,-1
ENSMUSG00000030346-S,"1,2-Bis(trimethylsiloxy)cyclohexene",,,,-1.0,,1,-1,-1,-1
ENSMUSG00000030346-S,"1,2-Cinnolinedicarboxylic acid, 1,2,3,5,6,7,8,8a-octahydro-4-trimethylsilyloxy-, diethyl ester",,,,1.0,,1,-1,-1,-1
ENSMUSG00000030346-S,"1-Pentene, 1,3-diphenyl-1-(trimethylsilyloxy)-",,,,-1.0,,1,-1,-1,-1
ENSMUSG00000030346-S,2-Ethyl-1-butanol,,,,-1.0,,1,-1,-1,-1
ENSMUSG00000030346-S,"2-Methylcyclohexylamine, tert.-butyldimethylsilyl ether",,-1.0,,-1.0,,1,-1,-1,-1
ENSMUSG00000030346-S,2-Norbornanemethanol,,,,1.0,,1,-1,-1,-1
ENSMUSG00000030346-S,3-(4-Methoxyphenyl)coumarin,,1.0,,1.0,,1,-1,-1,-1
ENSMUSG00000030346-S,5-Oxohexanoic Acid,,-0.9473684210526316,-0.5,-0.9243697478991596,-1.0,1,1,1,1
ENSMUSG00000030346-S,L-(+)-Threose,,-1.0,,-1.0,,1,-1,-1,-1
ENSMUSG00000030346-S,L-Serine,,,,-1.0,,1,-1,-1,-1
ENSMUSG00000030346-S,L-Val-L-Leu,,-1.0,,-1.0,,1,-1,-1,-1
ENSMUSG00000030350-S,"1-Pentene, 1,3-diphenyl-1-(trimethylsilyloxy)-",,,,1.0,,1,-1,-1,-1
ENSMUSG00000030350-S,"l-Leucine, n-butoxycarbonyl-N-methyl-, hexadecyl ester",,,,-1.0,,1,-1,-1,-1
ENSMUSG00000030357-S,"1,2-Cinnolinedicarboxylic acid, 1,2,3,5,6,7,8,8a-octahydro-4-trimethylsilyloxy-, diethyl ester",,,,-1.0,,1,-1,-1,-1
ENSMUSG00000030357-S,"1-Pentene, 1,3-diphenyl-1-(trimethylsilyloxy)-",,,,1.0,,1,-1,-1,-1
ENSMUSG00000030357-S,3-(4-Methoxyphenyl)coumarin,,1.0,,1.0,,1,-1,-1,-1
ENSMUSG00000030357-S,7-Hydroxy-4-(methoxymethyl)coumarin,,-1.0,,-1.0,,1,-1,-1,-1
ENSMUSG00000030357-S,Azelaic acid,,-0.9746794344808964,0.5,-0.9288784237188524,-1.0,1,1,1,1
ENSMUSG00000030357-S,L-(+)-Threose,,-1.0,,-1.0,,1,-1,-1,-1
ENSMUSG00000030357-S,L-Pyroglutamic acid,,,,1.0,,1,-1,-1,-1
ENSMUSG00000030357-S,L-Serine,,,,1.0,,1,-1,-1,-1
ENSMUSG00000030469-S,"1,2-Cinnolinedicarboxylic acid, 1,2,3,5,6,7,8,8a-octahydro-4-trimethylsilyloxy-, diethyl ester",,,,-1.0,,1,-1,-1,-1
ENSMUSG00000030469-S,2-Buten-1-ol,,,,-1.0,,1,-1,-1,-1
ENSMUSG00000030469-S,5-Nitroso-8-quinolinol,,,,-1.0,,1,-1,-1,-1
ENSMUSG00000030469-S,"Benzene, 1-ethyl-3,5-dimethyl",,,,-1.0,,1,-1,-1,-1
ENSMUSG00000030469-S,L-(+)-Threose,,-1.0,,-1.0,,1,-1,-1,-1
ENSMUSG00000030469-S,"l-Leucine, n-butoxycarbonyl-N-methyl-, hexadecyl ester",,,,1.0,,1,-1,-1,-1
ENSMUSG00000030469-S,L-Ornithine,,,,-1.0,,1,-1,-1,-1
ENSMUSG00000030469-S,L-Val-L-Leu,,1.0,,1.0,,1,-1,-1,-1
ENSMUSG00000030469-S,Sarcosine,,,,1.0,,1,-1,-1,-1
ENSMUSG00000030606-S,5-Nitroso-8-quinolinol,,,,-1.0,,1,-1,-1,-1
ENSMUSG00000030606-S,L-Ornithine,,,,-1.0,,1,-1,-1,-1
ENSMUSG00000030691-S,"2,4-Dimethoxybenzaldoxime",,,,1.0,,1,-1,-1,-1
ENSMUSG00000030691-S,"3,4-Methylenedioxyamphetamine",,1.0,,1.0,-1.0,1,-1,-1,-1
ENSMUSG00000030691-S,5-Nitroso-8-quinolinol,,,,1.0,,1,-1,-1,-1
ENSMUSG00000030691-S,"l-Leucine, n-butoxycarbonyl-N-methyl-, hexadecyl ester",,,,-1.0,,1,-1,-1,-1
ENSMUSG00000030731-S,"1,2-Bis(trimethylsiloxy)cyclohexene",,,,1.0,,1,-1,-1,-1
ENSMUSG00000030731-S,"1-Pentene, 1,3-diphenyl-1-(trimethylsilyloxy)-",,,,1.0,,1,-1,-1,-1
ENSMUSG00000030731-S,3-(4-Methoxyphenyl)coumarin,,1.0,,1.0,,1,-1,-1,-1
ENSMUSG00000030731-S,L-(+)-Threose,,-1.0,,-1.0,,1,-1,-1,-1
ENSMUSG00000030731-S,L-Serine,,,,1.0,,1,-1,-1,-1
ENSMUSG00000030770-S,"1-Pentene, 1,3-diphenyl-1-(trimethylsilyloxy)-",,,,1.0,,1,-1,-1,-1
ENSMUSG00000030770-S,"3,3-Dimethylacrylic acid",,,,1.0,,1,-1,-1,-1
ENSMUSG00000030770-S,"4,5-Dihydro-1H-pyrazole",,,,1.0,,1,-1,-1,-1
ENSMUSG00000030770-S,4-tert-Butyldimethylsiloxy-3-penten-2-one,,1.0,,1.0,,1,-1,-1,-1
ENSMUSG00000030770-S,7-Hydroxy-4-(methoxymethyl)coumarin,,1.0,,1.0,,1,-1,-1,-1
ENSMUSG00000030770-S,Diclofenac,,,,-1.0,,1,-1,-1,-1
ENSMUSG00000030770-S,L-Ornithine,,,,1.0,,1,-1,-1,-1
ENSMUSG00000030770-S,tert-butyl(dimethyl)silyl-2-([tert-butyl(dimethyl)silyl]oxy)hex-2-enoate,,-1.0,,-1.0,,1,-1,-1,-1
ENSMUSG00000030786-S,"1,2-Cinnolinedicarboxylic acid, 1,2,3,5,6,7,8,8a-octahydro-4-trimethylsilyloxy-, diethyl ester",,,,-1.0,,1,-1,-1,-1
ENSMUSG00000030786-S,"2,4-Dimethoxybenzaldoxime",,,,1.0,,1,-1,-1,-1
ENSMUSG00000030786-S,3-(4-Methoxyphenyl)coumarin,,-1.0,,-1.0,,1,-1,-1,-1
ENSMUSG00000030786-S,"l-Leucine, n-butoxycarbonyl-N-methyl-, hexadecyl ester",,,,1.0,,1,-1,-1,-1
ENSMUSG00000030786-S,L-Serine,,,,1.0,,1,-1,-1,-1
ENSMUSG00000030805-S,"1,2-Bis(trimethylsiloxy)cyclohexene",,,,1.0,,1,-1,-1,-1
ENSMUSG00000030805-S,"1,2-Cinnolinedicarboxylic acid, 1,2,3,5,6,7,8,8a-octahydro-4-trimethylsilyloxy-, diethyl ester",,,,-1.0,,1,-1,-1,-1
ENSMUSG00000030805-S,"1-Pentene, 1,3-diphenyl-1-(trimethylsilyloxy)-",,,,1.0,,1,-1,-1,-1
ENSMUSG00000030805-S,2-Ethyl-1-butanol,,,,1.0,,1,-1,-1,-1
ENSMUSG00000030805-S,7-Hydroxy-4-(methoxymethyl)coumarin,,1.0,,1.0,,1,-1,-1,-1
ENSMUSG00000030805-S,L-Serine,,,,1.0,,1,-1,-1,-1
ENSMUSG00000030805-S,Palmitic Acid,,1.0,,1.0,,1,-1,-1,-1
ENSMUSG00000030846-S,"1,2-Bis(trimethylsiloxy)cyclohexene",,,,1.0,,1,-1,-1,-1
ENSMUSG00000030846-S,"1-Pentene, 1,3-diphenyl-1-(trimethylsilyloxy)-",,,,1.0,,1,-1,-1,-1
ENSMUSG00000030846-S,6-Nitroveratryl alcohol,,,,1.0,,1,-1,-1,-1
ENSMUSG00000030846-S,Butyric Acid,,0.8207826816681233,1.0,0.8991914132931392,1.0,1,1,1,1
ENSMUSG00000030846-S,Diclofenac,,,,1.0,,1,-1,-1,-1
ENSMUSG00000030846-S,Dodecanoic acid,,0.8999999999999998,1.0,0.9452234092780888,1.0,1,1,1,1
ENSMUSG00000030846-S,L-Pyroglutamic acid,,,,1.0,,1,-1,-1,-1
ENSMUSG00000030846-S,L-Serine,,,,1.0,,1,-1,-1,-1
ENSMUSG00000030846-S,L-Val-L-Leu,,1.0,,1.0,,1,-1,-1,-1
ENSMUSG00000030846-S,Pentanoic acid,,1.0,1.0,0.9456149718939671,-1.0,1,-1,-1,-1
ENSMUSG00000030982-S,"1,2-Bis(trimethylsiloxy)cyclohexene",,,,1.0,,1,-1,-1,-1
ENSMUSG00000030982-S,"1,2-Cinnolinedicarboxylic acid, 1,2,3,5,6,7,8,8a-octahydro-4-trimethylsilyloxy-, diethyl ester",,,,-1.0,,1,-1,-1,-1
ENSMUSG00000030982-S,3-(4-Methoxyphenyl)coumarin,,-1.0,,-1.0,,1,-1,-1,-1
ENSMUSG00000030982-S,L-(+)-Threose,,1.0,,1.0,,1,-1,-1,-1
ENSMUSG00000030982-S,L-Norleucine,,-1.0,,-1.0,,1,-1,-1,-1
ENSMUSG00000030982-S,L-Ornithine,,,,-1.0,,1,-1,-1,-1
ENSMUSG00000030982-S,tert-butyl(dimethyl)silyl-2-([tert-butyl(dimethyl)silyl]oxy)hex-2-enoate,,-1.0,,-1.0,,1,-1,-1,-1
ENSMUSG00000030990-S,"1-Pentene, 1,3-diphenyl-1-(trimethylsilyloxy)-",,,,-1.0,,1,-1,-1,-1
ENSMUSG00000030990-S,"2,4-Dimethoxybenzaldoxime",,,,1.0,,1,-1,-1,-1
ENSMUSG00000030990-S,Benzeneacetic acid,,-1.0,,-1.0,,1,-1,-1,-1
ENSMUSG00000030990-S,Diclofenac,,,,-1.0,,1,-1,-1,-1
ENSMUSG00000030990-S,L-Threonine,,1.0,,1.0,-1.0,1,-1,-1,-1
ENSMUSG00000031090-S,"1-Pentene, 1,3-diphenyl-1-(trimethylsilyloxy)-",,,,1.0,,1,-1,-1,-1
ENSMUSG00000031090-S,2-Buten-1-ol,,,,1.0,,1,-1,-1,-1
ENSMUSG00000031090-S,2-Norbornanemethanol,,,,1.0,,1,-1,-1,-1
ENSMUSG00000031090-S,4-tert-Butyldimethylsiloxy-3-penten-2-one,,1.0,,1.0,,1,-1,-1,-1
ENSMUSG00000031090-S,5-Nitroso-8-quinolinol,,,,1.0,,1,-1,-1,-1
ENSMUSG00000031090-S,7-Hydroxy-4-(methoxymethyl)coumarin,,1.0,,1.0,,1,-1,-1,-1
ENSMUSG00000031090-S,"Benzene, 1-ethyl-3,5-dimethyl",,,,1.0,,1,-1,-1,-1
ENSMUSG00000031090-S,"l-Leucine, n-butoxycarbonyl-N-methyl-, hexadecyl ester",,,,-1.0,,1,-1,-1,-1
ENSMUSG00000031090-S,L-Ornithine,,,,1.0,,1,-1,-1,-1
ENSMUSG00000031090-S,tert-butyl(dimethyl)silyl-2-([tert-butyl(dimethyl)silyl]oxy)hex-2-enoate,,-1.0,,-1.0,,1,-1,-1,-1
ENSMUSG00000031134-S,"1,2-Cinnolinedicarboxylic acid, 1,2,3,5,6,7,8,8a-octahydro-4-trimethylsilyloxy-, diethyl ester",,,,-1.0,,1,-1,-1,-1
ENSMUSG00000031134-S,3-(4-Methoxyphenyl)coumarin,,-1.0,,-1.0,,1,-1,-1,-1
ENSMUSG00000031134-S,7-Hydroxy-4-(methoxymethyl)coumarin,,-1.0,,-1.0,,1,-1,-1,-1
ENSMUSG00000031134-S,"Benzene, 1-ethyl-3,5-dimethyl",,,,1.0,,1,-1,-1,-1
ENSMUSG00000031134-S,Chlorobenzilate,,,,-1.0,,1,-1,-1,-1
ENSMUSG00000031134-S,"l-Leucine, n-butoxycarbonyl-N-methyl-, hexadecyl ester",,,,-1.0,,1,-1,-1,-1
ENSMUSG00000031134-S,Xylazine,,0.7,1.0,0.8954053273686237,1.0,1,1,1,1
ENSMUSG00000031158-S,2-Norbornanemethanol,,,,-1.0,,1,-1,-1,-1
ENSMUSG00000031158-S,4-tert-Butyldimethylsiloxy-3-penten-2-one,,-1.0,,-1.0,,1,-1,-1,-1
ENSMUSG00000031158-S,5-Nitroso-8-quinolinol,,,,-1.0,,1,-1,-1,-1
ENSMUSG00000031158-S,Diclofenac,,,,1.0,,1,-1,-1,-1
ENSMUSG00000031158-S,"l-Leucine, n-butoxycarbonyl-N-methyl-, hexadecyl ester",,,,1.0,,1,-1,-1,-1
ENSMUSG00000031158-S,L-Serine,,,,1.0,,1,-1,-1,-1
ENSMUSG00000031158-S,tert-butyl(dimethyl)silyl-2-([tert-butyl(dimethyl)silyl]oxy)hex-2-enoate,,1.0,,1.0,,1,-1,-1,-1
ENSMUSG00000031242-S,"2,4-Dimethoxybenzaldoxime",,,,-1.0,,1,-1,-1,-1
ENSMUSG00000031242-S,4-tert-Butyldimethylsiloxy-3-penten-2-one,,1.0,,1.0,,1,-1,-1,-1
ENSMUSG00000031242-S,5-Nitroso-8-quinolinol,,,,-1.0,,1,-1,-1,-1
ENSMUSG00000031242-S,tert-butyl(dimethyl)silyl-2-([tert-butyl(dimethyl)silyl]oxy)hex-2-enoate,,-1.0,,-1.0,,1,-1,-1,-1
ENSMUSG00000031309-S,"1,2-Cinnolinedicarboxylic acid, 1,2,3,5,6,7,8,8a-octahydro-4-trimethylsilyloxy-, diethyl ester",,,,-1.0,,1,-1,-1,-1
ENSMUSG00000031309-S,"1-Pentene, 1,3-diphenyl-1-(trimethylsilyloxy)-",,,,1.0,,1,-1,-1,-1
ENSMUSG00000031309-S,2-Norbornanemethanol,,,,-1.0,,1,-1,-1,-1
ENSMUSG00000031309-S,4-tert-Butyldimethylsiloxy-3-penten-2-one,,1.0,,1.0,,1,-1,-1,-1
ENSMUSG00000031309-S,7-Hydroxy-4-(methoxymethyl)coumarin,,1.0,,1.0,,1,-1,-1,-1
ENSMUSG00000031309-S,Adipoyl-L-carnitine,,1.0,,1.0,,1,-1,-1,-1
ENSMUSG00000031309-S,"l-Leucine, n-butoxycarbonyl-N-methyl-, hexadecyl ester",,,,-1.0,,1,-1,-1,-1
ENSMUSG00000031309-S,Norephedrine,,1.0,1.0,1.0,,1,-1,-1,-1
ENSMUSG00000031371-S,2-Norbornanemethanol,,,,1.0,,1,-1,-1,-1
ENSMUSG00000031371-S,3-(4-Methoxyphenyl)coumarin,,-1.0,,-1.0,,1,-1,-1,-1
ENSMUSG00000031371-S,3-Heptanol,,-0.8999999999999998,-0.5,-0.9288784237188524,1.0,1,-1,-1,-1
ENSMUSG00000031371-S,5-Nitroso-8-quinolinol,,,,-1.0,,1,-1,-1,-1
ENSMUSG00000031371-S,"Benzene, 1-ethyl-3,5-dimethyl",,,,1.0,,1,-1,-1,-1
ENSMUSG00000031371-S,L-(+)-Threose,,1.0,,1.0,,1,-1,-1,-1
ENSMUSG00000031371-S,tert-butyl(dimethyl)silyl-2-([tert-butyl(dimethyl)silyl]oxy)hex-2-enoate,,-1.0,,-1.0,,1,-1,-1,-1
ENSMUSG00000031429-S,"2,5-Dimethoxyphenol",,-0.7999999999999999,-1.0,-0.903773601456181,-1.0,1,1,1,1
ENSMUSG00000031429-S,2-Norbornanemethanol,,,,-1.0,,1,-1,-1,-1
ENSMUSG00000031429-S,5-Nitroso-8-quinolinol,,,,1.0,,1,-1,-1,-1
ENSMUSG00000031429-S,Diclofenac,,,,-1.0,,1,-1,-1,-1
ENSMUSG00000031429-S,"l-Leucine, n-butoxycarbonyl-N-methyl-, hexadecyl ester",,,,-1.0,,1,-1,-1,-1
ENSMUSG00000031429-S,L-Val-L-Leu,,1.0,,1.0,,1,-1,-1,-1
ENSMUSG00000031429-S,tert-butyl(dimethyl)silyl-2-([tert-butyl(dimethyl)silyl]oxy)hex-2-enoate,,1.0,,1.0,,1,-1,-1,-1
ENSMUSG00000031432-S,"1-Pentene, 1,3-diphenyl-1-(trimethylsilyloxy)-",,,,1.0,,1,-1,-1,-1
ENSMUSG00000031432-S,3-(4-Methoxyphenyl)coumarin,,1.0,,1.0,,1,-1,-1,-1
ENSMUSG00000031432-S,Azelaic acid,,-0.8207826816681233,-0.5,-0.9372466978064098,-1.0,1,1,1,1
ENSMUSG00000031432-S,L-(+)-Threose,,-1.0,,-1.0,,1,-1,-1,-1
ENSMUSG00000031432-S,"l-Leucine, n-butoxycarbonyl-N-methyl-, hexadecyl ester",,,,1.0,,1,-1,-1,-1
ENSMUSG00000031432-S,L-Pyroglutamic acid,,,,1.0,,1,-1,-1,-1
ENSMUSG00000031432-S,L-Serine,,,,1.0,,1,-1,-1,-1
ENSMUSG00000031485-S,"1,2-Bis(trimethylsiloxy)cyclohexene",,,,1.0,,1,-1,-1,-1
ENSMUSG00000031485-S,"1-Pentene, 1,3-diphenyl-1-(trimethylsilyloxy)-",,,,1.0,,1,-1,-1,-1
ENSMUSG00000031485-S,2-Norbornanemethanol,,,,-1.0,,1,-1,-1,-1
ENSMUSG00000031485-S,3-(4-Methoxyphenyl)coumarin,,1.0,,1.0,,1,-1,-1,-1
ENSMUSG00000031485-S,L-Pyroglutamic acid,,,,1.0,,1,-1,-1,-1
ENSMUSG00000031485-S,L-Serine,,,,1.0,,1,-1,-1,-1
ENSMUSG00000031485-S,Lupinine,,1.0,,1.0,,1,-1,-1,-1
ENSMUSG00000031485-S,tert-butyl(dimethyl)silyl-2-([tert-butyl(dimethyl)silyl]oxy)hex-2-enoate,,1.0,,1.0,,1,-1,-1,-1
ENSMUSG00000031503-S,"3,3-Dimethylacrylic acid",,,,1.0,,1,-1,-1,-1
ENSMUSG00000031503-S,"4,5-Dihydro-1H-pyrazole",,,,1.0,,1,-1,-1,-1
ENSMUSG00000031503-S,7-Hydroxy-4-(methoxymethyl)coumarin,,1.0,,1.0,,1,-1,-1,-1
ENSMUSG00000031503-S,L-Glutamic acid,,,,-1.0,,1,-1,-1,-1
ENSMUSG00000031529-S,"1,2-Bis(trimethylsiloxy)cyclohexene",,,,-1.0,,1,-1,-1,-1
ENSMUSG00000031529-S,"1,2-Cinnolinedicarboxylic acid, 1,2,3,5,6,7,8,8a-octahydro-4-trimethylsilyloxy-, diethyl ester",,,,1.0,,1,-1,-1,-1
ENSMUSG00000031529-S,"2',3'-Di-O-acetyladenosine",,,,-1.0,,1,-1,-1,-1
ENSMUSG00000031529-S,"2,4-Dimethoxybenzaldoxime",,,,1.0,,1,-1,-1,-1
ENSMUSG00000031529-S,"Benzene, 1-ethyl-3,5-dimethyl",,,,1.0,,1,-1,-1,-1
ENSMUSG00000031529-S,Diclofenac,,,,-1.0,,1,-1,-1,-1
ENSMUSG00000031529-S,L-(+)-Threose,,1.0,,1.0,,1,-1,-1,-1
ENSMUSG00000031529-S,L-Ornithine,,,,1.0,,1,-1,-1,-1
ENSMUSG00000031532-S,"1-Pentene, 1,3-diphenyl-1-(trimethylsilyloxy)-",,,,1.0,,1,-1,-1,-1
ENSMUSG00000031532-S,"2,4-Di-tert-butylphenol",,,-1.0,-1.0,-1.0,1,1,1,1
ENSMUSG00000031532-S,L-Glutamic acid,,,,-1.0,,1,-1,-1,-1
ENSMUSG00000031532-S,"l-Leucine, n-butoxycarbonyl-N-methyl-, hexadecyl ester",,,,1.0,,1,-1,-1,-1
ENSMUSG00000031532-S,L-Serine,,,,1.0,,1,-1,-1,-1
ENSMUSG00000031636-S,3-(4-Methoxyphenyl)coumarin,,1.0,,1.0,,1,-1,-1,-1
ENSMUSG00000031636-S,L-Glutamic acid,,,,-1.0,,1,-1,-1,-1
ENSMUSG00000031753-S,2-Ethyl-1-butanol,,,,1.0,,1,-1,-1,-1
ENSMUSG00000031753-S,2-Norbornanemethanol,,,,-1.0,,1,-1,-1,-1
ENSMUSG00000031753-S,4-tert-Butyldimethylsiloxy-3-penten-2-one,,-1.0,,-1.0,,1,-1,-1,-1
ENSMUSG00000031753-S,"l-Leucine, n-butoxycarbonyl-N-methyl-, hexadecyl ester",,,,-1.0,,1,-1,-1,-1
ENSMUSG00000031753-S,"Propanoic acid, 3-[(tert-butyldimethylsilyl)oxy]-2-methyl-",,1.0,,0.9523809523809524,,1,-1,-1,-1
ENSMUSG00000031753-S,tert-butyl(dimethyl)silyl-2-([tert-butyl(dimethyl)silyl]oxy)hex-2-enoate,,1.0,,1.0,,1,-1,-1,-1
ENSMUSG00000031772-S,2-Ethyl-1-butanol,,,,-1.0,,1,-1,-1,-1
ENSMUSG00000031772-S,2-Norbornanemethanol,,,,1.0,,1,-1,-1,-1
ENSMUSG00000031772-S,"l-Leucine, n-butoxycarbonyl-N-methyl-, hexadecyl ester",,,,1.0,,1,-1,-1,-1
ENSMUSG00000031772-S,Xylazine,,-0.8999999999999998,-1.0,-0.9539832459815244,-1.0,1,1,1,1
ENSMUSG00000031776-S,"1,2-Bis(trimethylsiloxy)cyclohexene",,,,-1.0,,1,-1,-1,-1
ENSMUSG00000031776-S,"1,2-Cinnolinedicarboxylic acid, 1,2,3,5,6,7,8,8a-octahydro-4-trimethylsilyloxy-, diethyl ester",,,,-1.0,,1,-1,-1,-1
ENSMUSG00000031776-S,4-tert-Butyldimethylsiloxy-3-penten-2-one,,1.0,,1.0,,1,-1,-1,-1
ENSMUSG00000031776-S,7-Hydroxy-4-(methoxymethyl)coumarin,,1.0,,1.0,,1,-1,-1,-1
ENSMUSG00000031776-S,L-Glutamic acid,,,,-1.0,,1,-1,-1,-1
ENSMUSG00000031776-S,tert-butyl(dimethyl)silyl-2-([tert-butyl(dimethyl)silyl]oxy)hex-2-enoate,,-1.0,,-1.0,,1,-1,-1,-1
ENSMUSG00000031812-S,"1-Pentene, 1,3-diphenyl-1-(trimethylsilyloxy)-",,,,1.0,,1,-1,-1,-1
ENSMUSG00000031812-S,"2-Methylcyclohexanol, (Z)",,-0.8999999999999998,-0.8660254037844387,-0.9193570532194486,,1,-1,-1,-1
ENSMUSG00000031812-S,3-(4-Methoxyphenyl)coumarin,,1.0,,1.0,,1,-1,-1,-1
ENSMUSG00000031812-S,"4,5-Dihydro-1H-pyrazole",,,,1.0,,1,-1,-1,-1
ENSMUSG00000031812-S,L-Glutamic acid,,,,-1.0,,1,-1,-1,-1
ENSMUSG00000031812-S,L-Val-L-Leu,,-1.0,,-1.0,,1,-1,-1,-1
ENSMUSG00000031962-S,"1,2-Cinnolinedicarboxylic acid, 1,2,3,5,6,7,8,8a-octahydro-4-trimethylsilyloxy-, diethyl ester",,,,-1.0,,1,-1,-1,-1
ENSMUSG00000031962-S,"2,4-Dimethoxybenzaldoxime",,,,-1.0,,1,-1,-1,-1
ENSMUSG00000031962-S,4-tert-Butyldimethylsiloxy-3-penten-2-one,,1.0,,1.0,,1,-1,-1,-1
ENSMUSG00000031962-S,5-Nitroso-8-quinolinol,,,,-1.0,,1,-1,-1,-1
ENSMUSG00000031962-S,Diclofenac,,,,1.0,,1,-1,-1,-1
ENSMUSG00000031962-S,L-(+)-Threose,,-1.0,,-1.0,,1,-1,-1,-1
ENSMUSG00000031962-S,L-Glutamic acid,,,,-1.0,,1,-1,-1,-1
ENSMUSG00000031962-S,"l-Leucine, n-butoxycarbonyl-N-methyl-, hexadecyl ester",,,,1.0,,1,-1,-1,-1
ENSMUSG00000031962-S,L-Ornithine,,,,-1.0,,1,-1,-1,-1
ENSMUSG00000031962-S,tert-butyl(dimethyl)silyl-2-([tert-butyl(dimethyl)silyl]oxy)hex-2-enoate,,-1.0,,-1.0,,1,-1,-1,-1
ENSMUSG00000031970-S,"1,2-Cinnolinedicarboxylic acid, 1,2,3,5,6,7,8,8a-octahydro-4-trimethylsilyloxy-, diethyl ester",,,,-1.0,,1,-1,-1,-1
ENSMUSG00000031970-S,"1-Pentene, 1,3-diphenyl-1-(trimethylsilyloxy)-",,,,1.0,,1,-1,-1,-1
ENSMUSG00000031970-S,"2,4-Dimethoxybenzaldoxime",,,,1.0,,1,-1,-1,-1
ENSMUSG00000031970-S,2-Buten-1-ol,,,,-1.0,,1,-1,-1,-1
ENSMUSG00000031970-S,2-Ethyl-1-butanol,,,,1.0,,1,-1,-1,-1
ENSMUSG00000031970-S,2-Norbornanemethanol,,,,-1.0,,1,-1,-1,-1
ENSMUSG00000031970-S,5-Nitroso-8-quinolinol,,,,-1.0,,1,-1,-1,-1
ENSMUSG00000031970-S,Chlorobenzilate,,,,-1.0,,1,-1,-1,-1
ENSMUSG00000031970-S,L-Serine,,,,1.0,,1,-1,-1,-1
ENSMUSG00000031970-S,L-Val-L-Leu,,1.0,,1.0,,1,-1,-1,-1
ENSMUSG00000031970-S,tert-butyl(dimethyl)silyl-2-([tert-butyl(dimethyl)silyl]oxy)hex-2-enoate,,1.0,,1.0,,1,-1,-1,-1
ENSMUSG00000032120-S,"1,2-Cinnolinedicarboxylic acid, 1,2,3,5,6,7,8,8a-octahydro-4-trimethylsilyloxy-, diethyl ester",,,,-1.0,,1,-1,-1,-1
ENSMUSG00000032120-S,2-Ethyl-1-butanol,,,,1.0,,1,-1,-1,-1
ENSMUSG00000032120-S,2-Norbornanemethanol,,,,-1.0,,1,-1,-1,-1
ENSMUSG00000032120-S,5-Nitroso-8-quinolinol,,,,1.0,,1,-1,-1,-1
ENSMUSG00000032120-S,"l-Leucine, n-butoxycarbonyl-N-methyl-, hexadecyl ester",,,,-1.0,,1,-1,-1,-1
ENSMUSG00000032120-S,L-Threonine,,1.0,,1.0,-1.0,1,-1,-1,-1
ENSMUSG00000032258-S,"1,2-Cinnolinedicarboxylic acid, 1,2,3,5,6,7,8,8a-octahydro-4-trimethylsilyloxy-, diethyl ester",,,,1.0,,1,-1,-1,-1
ENSMUSG00000032258-S,2-Buten-1-ol,,,,1.0,,1,-1,-1,-1
ENSMUSG00000032258-S,2-Norbornanemethanol,,,,1.0,,1,-1,-1,-1
ENSMUSG00000032258-S,5-Nitroso-8-quinolinol,,,,1.0,,1,-1,-1,-1
ENSMUSG00000032258-S,L-Glutamic acid,,,,1.0,,1,-1,-1,-1
ENSMUSG00000032258-S,"l-Leucine, n-butoxycarbonyl-N-methyl-, hexadecyl ester",,,,-1.0,,1,-1,-1,-1
ENSMUSG00000032258-S,L-Ornithine,,,,1.0,,1,-1,-1,-1
ENSMUSG00000032258-S,L-Val-L-Leu,,1.0,,1.0,,1,-1,-1,-1
ENSMUSG00000032258-S,Octacosanol,,1.0,,1.0,,1,-1,-1,-1
ENSMUSG00000032258-S,Sarcosine,,,,-1.0,,1,-1,-1,-1
ENSMUSG00000032300-S,"1,2-Cinnolinedicarboxylic acid, 1,2,3,5,6,7,8,8a-octahydro-4-trimethylsilyloxy-, diethyl ester",,,,-1.0,,1,-1,-1,-1
ENSMUSG00000032300-S,2-Cyanobenzaldehyde,,-1.0,,-1.0,,1,-1,-1,-1
ENSMUSG00000032300-S,4-tert-Butyldimethylsiloxy-3-penten-2-one,,-1.0,,-1.0,,1,-1,-1,-1
ENSMUSG00000032300-S,5-Nitroso-8-quinolinol,,,,1.0,,1,-1,-1,-1
ENSMUSG00000032300-S,"l-Leucine, n-butoxycarbonyl-N-methyl-, hexadecyl ester",,,,-1.0,,1,-1,-1,-1
ENSMUSG00000032300-S,L-Ornithine,,,,1.0,,1,-1,-1,-1
ENSMUSG00000032300-S,L-Val-L-Leu,,-1.0,,-1.0,,1,-1,-1,-1
ENSMUSG00000032334-S,"1,2-Cinnolinedicarboxylic acid, 1,2,3,5,6,7,8,8a-octahydro-4-trimethylsilyloxy-, diethyl ester",,,,-1.0,,1,-1,-1,-1
ENSMUSG00000032334-S,"1-Pentene, 1,3-diphenyl-1-(trimethylsilyloxy)-",,,,1.0,,1,-1,-1,-1
ENSMUSG00000032334-S,"2,4-Dimethoxybenzaldoxime",,,,-1.0,,1,-1,-1,-1
ENSMUSG00000032334-S,3-(4-Methoxyphenyl)coumarin,,1.0,,1.0,,1,-1,-1,-1
ENSMUSG00000032334-S,"l-Leucine, n-butoxycarbonyl-N-methyl-, hexadecyl ester",,,,-1.0,,1,-1,-1,-1
ENSMUSG00000032334-S,L-Serine,,,,-1.0,,1,-1,-1,-1
ENSMUSG00000032334-S,L-Val-L-Leu,,-1.0,,-1.0,,1,-1,-1,-1
ENSMUSG00000032336-S,"1,2-Cinnolinedicarboxylic acid, 1,2,3,5,6,7,8,8a-octahydro-4-trimethylsilyloxy-, diethyl ester",,,,-1.0,,1,-1,-1,-1
ENSMUSG00000032336-S,2-Ethyl-1-butanol,,,,1.0,,1,-1,-1,-1
ENSMUSG00000032336-S,2-Norbornanemethanol,,,,-1.0,,1,-1,-1,-1
ENSMUSG00000032336-S,4-tert-Butyldimethylsiloxy-3-penten-2-one,,1.0,,1.0,,1,-1,-1,-1
ENSMUSG00000032336-S,Adipoyl-L-carnitine,,1.0,,1.0,,1,-1,-1,-1
ENSMUSG00000032336-S,Chlorobenzilate,,,,-1.0,,1,-1,-1,-1
ENSMUSG00000032336-S,Cholesterol,,0.7,1.0,0.9,-1.0,1,-1,-1,-1
ENSMUSG00000032336-S,L-(+)-Threose,,-1.0,,-1.0,,1,-1,-1,-1
ENSMUSG00000032336-S,"l-Leucine, n-butoxycarbonyl-N-methyl-, hexadecyl ester",,,,-1.0,,1,-1,-1,-1
ENSMUSG00000032336-S,Uracil,,0.8207826816681233,1.0,0.9075950713612994,-1.0,1,-1,-1,-1
ENSMUSG00000032350-S,"1,2-Bis(trimethylsiloxy)cyclohexene",,,,1.0,,1,-1,-1,-1
ENSMUSG00000032350-S,"2,4-Dimethoxybenzaldoxime",,,,1.0,,1,-1,-1,-1
ENSMUSG00000032350-S,4-tert-Butyldimethylsiloxy-3-penten-2-one,,-1.0,,-1.0,,1,-1,-1,-1
ENSMUSG00000032350-S,Butanedioic acid,,1.0,1.0,0.966240492659655,,1,-1,-1,-1
ENSMUSG00000032350-S,Diclofenac,,,,1.0,,1,-1,-1,-1
ENSMUSG00000032350-S,L-(+)-Threose,,1.0,,1.0,,1,-1,-1,-1
ENSMUSG00000032350-S,Lignoceric acid,,0.8999999999999998,1.0,0.9333333333333332,-1.0,1,-1,-1,-1
ENSMUSG00000032350-S,L-Serine,,,,1.0,,1,-1,-1,-1
ENSMUSG00000032350-S,Pipecolic acid,,1.0,0.8660254037844387,0.903773601456181,-1.0,1,-1,-1,-1
ENSMUSG00000032350-S,tert-butyl(dimethyl)silyl-2-([tert-butyl(dimethyl)silyl]oxy)hex-2-enoate,,1.0,,1.0,,1,-1,-1,-1
ENSMUSG00000032409-S,2-Ethyl-1-butanol,,,,1.0,,1,-1,-1,-1
ENSMUSG00000032409-S,2-Norbornanemethanol,,,,-1.0,,1,-1,-1,-1
ENSMUSG00000032409-S,"l-Leucine, n-butoxycarbonyl-N-methyl-, hexadecyl ester",,,,-1.0,,1,-1,-1,-1
ENSMUSG00000032409-S,Xylazine,,0.8999999999999998,1.0,0.8954053273686237,1.0,1,1,1,1
ENSMUSG00000032415-S,"1-Pentene, 1,3-diphenyl-1-(trimethylsilyloxy)-",,,,1.0,,1,-1,-1,-1
ENSMUSG00000032415-S,"2,4-Dimethoxybenzaldoxime",,,,-1.0,,1,-1,-1,-1
ENSMUSG00000032415-S,"4-[2-(4,7-Dimethoxy-2H-1,3-benzodioxol-5-yl)ethenyl]-2-methoxyphenol",,0.8207826816681233,1.0,0.8954053273686237,,1,-1,-1,-1
ENSMUSG00000032415-S,5-Nitroso-8-quinolinol,,,,-1.0,,1,-1,-1,-1
ENSMUSG00000032415-S,Benzeneacetic acid,,1.0,,1.0,,1,-1,-1,-1
ENSMUSG00000032415-S,Diclofenac,,,,1.0,,1,-1,-1,-1
ENSMUSG00000032435-S,"1-Pentene, 1,3-diphenyl-1-(trimethylsilyloxy)-",,,,1.0,,1,-1,-1,-1
ENSMUSG00000032435-S,"2,4-Dimethoxybenzaldoxime",,,,1.0,,1,-1,-1,-1
ENSMUSG00000032435-S,3-(4-Methoxyphenyl)coumarin,,-1.0,,-1.0,,1,-1,-1,-1
ENSMUSG00000032435-S,"4,5-Dihydro-1H-pyrazole",,,,1.0,,1,-1,-1,-1
ENSMUSG00000032435-S,6-Nitroveratryl alcohol,,,,1.0,,1,-1,-1,-1
ENSMUSG00000032435-S,7-Hydroxy-4-(methoxymethyl)coumarin,,1.0,,1.0,,1,-1,-1,-1
ENSMUSG00000032435-S,"Benzene, 1-ethyl-3,5-dimethyl",,,,1.0,,1,-1,-1,-1
ENSMUSG00000032435-S,Diclofenac,,,,-1.0,,1,-1,-1,-1
ENSMUSG00000032435-S,L-(+)-Threose,,1.0,,1.0,,1,-1,-1,-1
ENSMUSG00000032435-S,L-Ornithine,,,,1.0,,1,-1,-1,-1
ENSMUSG00000032456-S,"1,2-Cinnolinedicarboxylic acid, 1,2,3,5,6,7,8,8a-octahydro-4-trimethylsilyloxy-, diethyl ester",,,,-1.0,,1,-1,-1,-1
ENSMUSG00000032456-S,2-Ethyl-1-butanol,,,,1.0,,1,-1,-1,-1
ENSMUSG00000032456-S,2-Norbornanemethanol,,,,-1.0,,1,-1,-1,-1
ENSMUSG00000032456-S,3-(4-Methoxyphenyl)coumarin,,-1.0,,-1.0,,1,-1,-1,-1
ENSMUSG00000032456-S,Chlorobenzilate,,,,-1.0,,1,-1,-1,-1
ENSMUSG00000032456-S,"l-Leucine, n-butoxycarbonyl-N-methyl-, hexadecyl ester",,,,-1.0,,1,-1,-1,-1
ENSMUSG00000032485-S,"1,2-Cinnolinedicarboxylic acid, 1,2,3,5,6,7,8,8a-octahydro-4-trimethylsilyloxy-, diethyl ester",,,,-1.0,,1,-1,-1,-1
ENSMUSG00000032485-S,"1-Pentene, 1,3-diphenyl-1-(trimethylsilyloxy)-",,,,1.0,,1,-1,-1,-1
ENSMUSG00000032485-S,2-Norbornanemethanol,,,,-1.0,,1,-1,-1,-1
ENSMUSG00000032485-S,3-(4-Methoxyphenyl)coumarin,,-1.0,,-1.0,,1,-1,-1,-1
ENSMUSG00000032485-S,4-Methylvaleric acid,,0.7999999999999999,1.0,0.9523809523809524,,1,-1,-1,-1
ENSMUSG00000032485-S,5-Oxohexanoic Acid,,0.9746794344808964,0.5,0.9288784237188524,1.0,1,1,1,1
ENSMUSG00000032485-S,7-Hydroxy-4-(methoxymethyl)coumarin,,1.0,,1.0,,1,-1,-1,-1
ENSMUSG00000032485-S,L-(+)-Threose,,1.0,,1.0,,1,-1,-1,-1
ENSMUSG00000032485-S,"l-Leucine, n-butoxycarbonyl-N-methyl-, hexadecyl ester",,,,-1.0,,1,-1,-1,-1
ENSMUSG00000032485-S,L-Lysine,,0.6,1.0,0.9,,1,-1,-1,-1
ENSMUSG00000032485-S,L-Val-L-Leu,,1.0,,1.0,,1,-1,-1,-1
ENSMUSG00000032513-S,"1,2-Bis(trimethylsiloxy)cyclohexene",,,,1.0,,1,-1,-1,-1
ENSMUSG00000032513-S,"1,2-Cinnolinedicarboxylic acid, 1,2,3,5,6,7,8,8a-octahydro-4-trimethylsilyloxy-, diethyl ester",,,,-1.0,,1,-1,-1,-1
ENSMUSG00000032513-S,"1-Pentene, 1,3-diphenyl-1-(trimethylsilyloxy)-",,,,1.0,,1,-1,-1,-1
ENSMUSG00000032513-S,2-Ethyl-1-butanol,,,,1.0,,1,-1,-1,-1
ENSMUSG00000032513-S,4-tert-Butyldimethylsiloxy-3-penten-2-one,,1.0,,1.0,,1,-1,-1,-1
ENSMUSG00000032513-S,7-Hydroxy-4-(methoxymethyl)coumarin,,1.0,,1.0,,1,-1,-1,-1
ENSMUSG00000032513-S,Diclofenac,,,,1.0,,1,-1,-1,-1
ENSMUSG00000032513-S,L-Serine,,,,1.0,,1,-1,-1,-1
ENSMUSG00000032513-S,tert-butyl(dimethyl)silyl-2-([tert-butyl(dimethyl)silyl]oxy)hex-2-enoate,,-1.0,,-1.0,,1,-1,-1,-1
ENSMUSG00000032534-S,"2,4-Dimethoxybenzaldoxime",,,,1.0,,1,-1,-1,-1
ENSMUSG00000032534-S,2-Buten-1-ol,,,,1.0,,1,-1,-1,-1
ENSMUSG00000032534-S,5-Nitroso-8-quinolinol,,,,1.0,,1,-1,-1,-1
ENSMUSG00000032534-S,7-Hydroxy-4-(methoxymethyl)coumarin,,-1.0,,-1.0,,1,-1,-1,-1
ENSMUSG00000032534-S,"Benzene, 1-ethyl-3,5-dimethyl",,,,1.0,,1,-1,-1,-1
ENSMUSG00000032534-S,Benzeneacetic acid,,-1.0,,-1.0,,1,-1,-1,-1
ENSMUSG00000032534-S,Chlorobenzilate,,,,1.0,,1,-1,-1,-1
ENSMUSG00000032534-S,"l-Leucine, n-butoxycarbonyl-N-methyl-, hexadecyl ester",,,,-1.0,,1,-1,-1,-1
ENSMUSG00000032567-S,"1,2-Cinnolinedicarboxylic acid, 1,2,3,5,6,7,8,8a-octahydro-4-trimethylsilyloxy-, diethyl ester",,,,-1.0,,1,-1,-1,-1
ENSMUSG00000032567-S,2-Norbornanemethanol,,,,-1.0,,1,-1,-1,-1
ENSMUSG00000032567-S,3-(4-Methoxyphenyl)coumarin,,1.0,,1.0,,1,-1,-1,-1
ENSMUSG00000032567-S,"Benzene, 1-ethyl-3,5-dimethyl",,,,-1.0,,1,-1,-1,-1
ENSMUSG00000032567-S,L-(+)-Threose,,-1.0,,-1.0,,1,-1,-1,-1
ENSMUSG00000032567-S,"l-Leucine, n-butoxycarbonyl-N-methyl-, hexadecyl ester",,,,-1.0,,1,-1,-1,-1
ENSMUSG00000032567-S,Norephedrine,,1.0,1.0,1.0,,1,-1,-1,-1
ENSMUSG00000032567-S,tert-butyl(dimethyl)silyl-2-([tert-butyl(dimethyl)silyl]oxy)hex-2-enoate,,1.0,,1.0,,1,-1,-1,-1
ENSMUSG00000032572-S,"1,2-Cinnolinedicarboxylic acid, 1,2,3,5,6,7,8,8a-octahydro-4-trimethylsilyloxy-, diethyl ester",,,,-1.0,,1,-1,-1,-1
ENSMUSG00000032572-S,3-(4-Methoxyphenyl)coumarin,,1.0,,1.0,,1,-1,-1,-1
ENSMUSG00000032572-S,5-Nitroso-8-quinolinol,,,,1.0,,1,-1,-1,-1
ENSMUSG00000032572-S,L-(+)-Threose,,-1.0,,-1.0,,1,-1,-1,-1
ENSMUSG00000032572-S,"l-Leucine, n-butoxycarbonyl-N-methyl-, hexadecyl ester",,,,-1.0,,1,-1,-1,-1
ENSMUSG00000032572-S,L-Ornithine,,,,1.0,,1,-1,-1,-1
ENSMUSG00000032572-S,L-Val-L-Leu,,-1.0,,-1.0,,1,-1,-1,-1
ENSMUSG00000032572-S,N-Acetyl-L-alanine,,-1.0,-0.5,-0.9,-1.0,1,1,1,1
ENSMUSG00000032586-S,2-Ethyl-1-butanol,,,,1.0,,1,-1,-1,-1
ENSMUSG00000032586-S,2-Norbornanemethanol,,,,-1.0,,1,-1,-1,-1
ENSMUSG00000032586-S,L-(+)-Threose,,-1.0,,-1.0,,1,-1,-1,-1
ENSMUSG00000032586-S,"l-Leucine, n-butoxycarbonyl-N-methyl-, hexadecyl ester",,,,-1.0,,1,-1,-1,-1
ENSMUSG00000032586-S,L-Val-L-Leu,,1.0,,1.0,,1,-1,-1,-1
ENSMUSG00000032586-S,tert-butyl(dimethyl)silyl-2-([tert-butyl(dimethyl)silyl]oxy)hex-2-enoate,,1.0,,1.0,,1,-1,-1,-1
ENSMUSG00000032586-S,Uracil,,0.9746794344808964,1.0,0.94120970363394,-1.0,1,-1,-1,-1
ENSMUSG00000032594-S,"1,2-Cinnolinedicarboxylic acid, 1,2,3,5,6,7,8,8a-octahydro-4-trimethylsilyloxy-, diethyl ester",,,,-1.0,,1,-1,-1,-1
ENSMUSG00000032594-S,2-Norbornanemethanol,,,,-1.0,,1,-1,-1,-1
ENSMUSG00000032594-S,4-tert-Butyldimethylsiloxy-3-penten-2-one,,-1.0,,-1.0,,1,-1,-1,-1
ENSMUSG00000032594-S,7-Hydroxy-4-(methoxymethyl)coumarin,,-1.0,,-1.0,,1,-1,-1,-1
ENSMUSG00000032594-S,L-Pyroglutamic acid,,,,1.0,,1,-1,-1,-1
ENSMUSG00000032594-S,L-Serine,,,,1.0,,1,-1,-1,-1
ENSMUSG00000032594-S,Octanoic acid,,-1.0,,-1.0,,1,-1,-1,-1
ENSMUSG00000032594-S,tert-butyl(dimethyl)silyl-2-([tert-butyl(dimethyl)silyl]oxy)hex-2-enoate,,1.0,,1.0,,1,-1,-1,-1
ENSMUSG00000032598-S,"1,2-Cinnolinedicarboxylic acid, 1,2,3,5,6,7,8,8a-octahydro-4-trimethylsilyloxy-, diethyl ester",,,,-1.0,,1,-1,-1,-1
ENSMUSG00000032598-S,"2,4,4'-Trihydroxybenzophenone",,1.0,1.0,0.9205101496312952,,1,-1,-1,-1
ENSMUSG00000032598-S,2-Norbornanemethanol,,,,-1.0,,1,-1,-1,-1
ENSMUSG00000032598-S,3-(4-Methoxyphenyl)coumarin,,-1.0,,-1.0,,1,-1,-1,-1
ENSMUSG00000032598-S,5-Nitroso-8-quinolinol,,,,1.0,,1,-1,-1,-1
ENSMUSG00000032598-S,7-Hydroxy-4-(methoxymethyl)coumarin,,1.0,,1.0,,1,-1,-1,-1
ENSMUSG00000032598-S,Adenine,,0.8999999999999998,1.0,0.9761904761904764,,1,-1,-1,-1
ENSMUSG00000032598-S,Hexacosanoic acid,,0.9746794344808964,,0.981980506061966,1.0,1,1,1,1
ENSMUSG00000032598-S,L-(+)-Threose,,1.0,,1.0,,1,-1,-1,-1
ENSMUSG00000032598-S,"l-Leucine, n-butoxycarbonyl-N-methyl-, hexadecyl ester",,,,-1.0,,1,-1,-1,-1
ENSMUSG00000032598-S,Thymol,,0.8720815992723809,,0.9221722216732094,-1.0,1,-1,-1,-1
ENSMUSG00000032599-S,"1-Pentene, 1,3-diphenyl-1-(trimethylsilyloxy)-",,,,1.0,,1,-1,-1,-1
ENSMUSG00000032599-S,2-Norbornanemethanol,,,,-1.0,,1,-1,-1,-1
ENSMUSG00000032599-S,3-(4-Methoxyphenyl)coumarin,,1.0,,1.0,,1,-1,-1,-1
ENSMUSG00000032599-S,"4,5-Dihydro-1H-pyrazole",,,,1.0,,1,-1,-1,-1
ENSMUSG00000032599-S,L-(+)-Threose,,-1.0,,-1.0,,1,-1,-1,-1
ENSMUSG00000032599-S,tert-butyl(dimethyl)silyl-2-([tert-butyl(dimethyl)silyl]oxy)hex-2-enoate,,1.0,,1.0,,1,-1,-1,-1
ENSMUSG00000032604-S,"1,2-Cinnolinedicarboxylic acid, 1,2,3,5,6,7,8,8a-octahydro-4-trimethylsilyloxy-, diethyl ester",,,,-1.0,,1,-1,-1,-1
ENSMUSG00000032604-S,2-Norbornanemethanol,,,,-1.0,,1,-1,-1,-1
ENSMUSG00000032604-S,"4,5-Dihydro-1H-pyrazole",,,,1.0,,1,-1,-1,-1
ENSMUSG00000032604-S,4-tert-Butyldimethylsiloxy-3-penten-2-one,,1.0,,1.0,,1,-1,-1,-1
ENSMUSG00000032604-S,"Benzene, 1-ethyl-3,5-dimethyl",,,,-1.0,,1,-1,-1,-1
ENSMUSG00000032604-S,L-(+)-Threose,,-1.0,,-1.0,,1,-1,-1,-1
ENSMUSG00000032604-S,L-Val-L-Leu,,1.0,,1.0,,1,-1,-1,-1
ENSMUSG00000032604-S,Uracil,,0.9746794344808964,0.5,0.9244023874976196,-1.0,1,-1,-1,-1
ENSMUSG00000032698-S,"1,2-Cinnolinedicarboxylic acid, 1,2,3,5,6,7,8,8a-octahydro-4-trimethylsilyloxy-, diethyl ester",,,,-1.0,,1,-1,-1,-1
ENSMUSG00000032698-S,2-Norbornanemethanol,,,,-1.0,,1,-1,-1,-1
ENSMUSG00000032698-S,3-(4-Methoxyphenyl)coumarin,,-1.0,,-1.0,,1,-1,-1,-1
ENSMUSG00000032698-S,4-Methylvaleric acid,,1.0,1.0,0.9523809523809524,,1,-1,-1,-1
ENSMUSG00000032698-S,5-Nitroso-8-quinolinol,,,,1.0,,1,-1,-1,-1
ENSMUSG00000032698-S,Adipoyl-L-carnitine,,1.0,,1.0,,1,-1,-1,-1
ENSMUSG00000032698-S,L-(+)-Threose,,1.0,,1.0,,1,-1,-1,-1
ENSMUSG00000032698-S,"l-Leucine, n-butoxycarbonyl-N-methyl-, hexadecyl ester",,,,-1.0,,1,-1,-1,-1
ENSMUSG00000032698-S,Methyl lactate,,0.8999999999999998,1.0,0.934148484292342,,1,-1,-1,-1
ENSMUSG00000032698-S,Norephedrine,,0.5,1.0,0.9642857142857144,,1,-1,-1,-1
ENSMUSG00000032698-S,Thymol,,0.8720815992723809,,0.9221722216732094,1.0,1,1,1,1
ENSMUSG00000032757-S,"1,2-Cinnolinedicarboxylic acid, 1,2,3,5,6,7,8,8a-octahydro-4-trimethylsilyloxy-, diethyl ester",,,,-1.0,,1,-1,-1,-1
ENSMUSG00000032757-S,2-Norbornanemethanol,,,,-1.0,,1,-1,-1,-1
ENSMUSG00000032757-S,3-(4-Methoxyphenyl)coumarin,,-1.0,,-1.0,,1,-1,-1,-1
ENSMUSG00000032757-S,L-(+)-Threose,,1.0,,1.0,,1,-1,-1,-1
ENSMUSG00000032757-S,L-Ornithine,,,,-1.0,,1,-1,-1,-1
ENSMUSG00000032757-S,Sarcosine,,,,1.0,,1,-1,-1,-1
ENSMUSG00000032777-S,2-Furoic acid,,-1.0,-1.0,-0.9549937104572924,,1,-1,-1,-1
ENSMUSG00000032777-S,2-Norbornanemethanol,,,,1.0,,1,-1,-1,-1
ENSMUSG00000032777-S,3-(4-Methoxyphenyl)coumarin,,-1.0,,-1.0,,1,-1,-1,-1
ENSMUSG00000032777-S,"3,3-Dimethylacrylic acid",,,,1.0,,1,-1,-1,-1
ENSMUSG00000032777-S,"4,5-Dihydro-1H-pyrazole",,,,1.0,,1,-1,-1,-1
ENSMUSG00000032777-S,Isopropylamine,,1.0,1.0,0.95,1.0,1,1,1,1
ENSMUSG00000032777-S,L-Ornithine,,,,1.0,,1,-1,-1,-1
ENSMUSG00000032777-S,Sarcosine,,,,-1.0,,1,-1,-1,-1
ENSMUSG00000032777-S,tert-butyl(dimethyl)silyl-2-([tert-butyl(dimethyl)silyl]oxy)hex-2-enoate,,-1.0,,-1.0,,1,-1,-1,-1
ENSMUSG00000032786-S,"1,2-Cinnolinedicarboxylic acid, 1,2,3,5,6,7,8,8a-octahydro-4-trimethylsilyloxy-, diethyl ester",,,,-1.0,,1,-1,-1,-1
ENSMUSG00000032786-S,4-tert-Butyldimethylsiloxy-3-penten-2-one,,-1.0,,-1.0,,1,-1,-1,-1
ENSMUSG00000032786-S,5-Nitroso-8-quinolinol,,,,1.0,,1,-1,-1,-1
ENSMUSG00000032786-S,7-Hydroxy-4-(methoxymethyl)coumarin,,-1.0,,-1.0,,1,-1,-1,-1
ENSMUSG00000032786-S,"l-Leucine, n-butoxycarbonyl-N-methyl-, hexadecyl ester",,,,-1.0,,1,-1,-1,-1
ENSMUSG00000032946-S,"1,2-Cinnolinedicarboxylic acid, 1,2,3,5,6,7,8,8a-octahydro-4-trimethylsilyloxy-, diethyl ester",,,,-1.0,,1,-1,-1,-1
ENSMUSG00000032946-S,2-Ethyl-1-butanol,,,,1.0,,1,-1,-1,-1
ENSMUSG00000032946-S,2-Norbornanemethanol,,,,-1.0,,1,-1,-1,-1
ENSMUSG00000032946-S,5-Nitroso-8-quinolinol,,,,1.0,,1,-1,-1,-1
ENSMUSG00000032946-S,"l-Leucine, n-butoxycarbonyl-N-methyl-, hexadecyl ester",,,,-1.0,,1,-1,-1,-1
ENSMUSG00000032946-S,Xylazine,,0.8999999999999998,1.0,0.912141875543738,1.0,1,1,1,1
ENSMUSG00000032968-S,"(2,5-Dimethoxyphenyl)acetone",,-0.8999999999999998,-1.0,-0.9288784237188524,-1.0,1,1,1,1
ENSMUSG00000032968-S,"1,2-Cinnolinedicarboxylic acid, 1,2,3,5,6,7,8,8a-octahydro-4-trimethylsilyloxy-, diethyl ester",,,,1.0,,1,-1,-1,-1
ENSMUSG00000032968-S,"1-Pentene, 1,3-diphenyl-1-(trimethylsilyloxy)-",,,,-1.0,,1,-1,-1,-1
ENSMUSG00000032968-S,2-Buten-1-ol,,,,1.0,,1,-1,-1,-1
ENSMUSG00000032968-S,2-Propyl-1-pentanol,,-0.7999999999999999,-0.5,-0.903773601456181,-1.0,1,1,1,1
ENSMUSG00000032968-S,3-(4-Methoxyphenyl)coumarin,,1.0,,1.0,,1,-1,-1,-1
ENSMUSG00000032968-S,5-Nitroso-8-quinolinol,,,,1.0,,1,-1,-1,-1
ENSMUSG00000032968-S,"6,7,4'-Trihydroxyisoflavone",,-0.7181848464596079,-1.0,-0.8954053273686237,,1,-1,-1,-1
ENSMUSG00000032968-S,"Benzene, 1-ethyl-3,5-dimethyl",,,,-1.0,,1,-1,-1,-1
ENSMUSG00000032968-S,L-(+)-Threose,,-1.0,,-1.0,,1,-1,-1,-1
ENSMUSG00000032968-S,L-Ornithine,,,,1.0,,1,-1,-1,-1
ENSMUSG00000033054-S,"1,2-Cinnolinedicarboxylic acid, 1,2,3,5,6,7,8,8a-octahydro-4-trimethylsilyloxy-, diethyl ester",,,,1.0,,1,-1,-1,-1
ENSMUSG00000033054-S,"2,4-Dimethoxybenzaldoxime",,,,1.0,,1,-1,-1,-1
ENSMUSG00000033054-S,4-tert-Butyldimethylsiloxy-3-penten-2-one,,1.0,,1.0,,1,-1,-1,-1
ENSMUSG00000033054-S,Diclofenac,,,,-1.0,,1,-1,-1,-1
ENSMUSG00000033054-S,"l-Leucine, n-butoxycarbonyl-N-methyl-, hexadecyl ester",,,,-1.0,,1,-1,-1,-1
ENSMUSG00000033054-S,L-Val-L-Leu,,1.0,,1.0,,1,-1,-1,-1
ENSMUSG00000033063-S,"1,2-Bis(trimethylsiloxy)cyclohexene",,,,-1.0,,1,-1,-1,-1
ENSMUSG00000033063-S,"1-Pentene, 1,3-diphenyl-1-(trimethylsilyloxy)-",,,,1.0,,1,-1,-1,-1
ENSMUSG00000033063-S,"2-Butene-1,4-diol",,-1.0,,-0.9856107606091624,,1,-1,-1,-1
ENSMUSG00000033063-S,3-(4-Methoxyphenyl)coumarin,,1.0,,1.0,,1,-1,-1,-1
ENSMUSG00000033063-S,Allylescaline,,-0.6668859288553501,-1.0,-0.8907877552249789,,1,-1,-1,-1
ENSMUSG00000033063-S,L-Glutamic acid,,,,-1.0,,1,-1,-1,-1
ENSMUSG00000033063-S,L-Val-L-Leu,,-1.0,,-1.0,,1,-1,-1,-1
ENSMUSG00000033152-S,"2,4-Dimethoxybenzaldoxime",,,,-1.0,,1,-1,-1,-1
ENSMUSG00000033152-S,"2,4-Di-tert-butylphenol",,,-1.0,-1.0,-1.0,1,1,1,1
ENSMUSG00000033152-S,5-Nitroso-8-quinolinol,,,,-1.0,,1,-1,-1,-1
ENSMUSG00000033152-S,"l-Leucine, n-butoxycarbonyl-N-methyl-, hexadecyl ester",,,,1.0,,1,-1,-1,-1
ENSMUSG00000033152-S,L-Ornithine,,,,-1.0,,1,-1,-1,-1
ENSMUSG00000033253-S,2-Ethyl-1-butanol,,,,1.0,,1,-1,-1,-1
ENSMUSG00000033253-S,4-tert-Butyldimethylsiloxy-3-penten-2-one,,-1.0,,-1.0,,1,-1,-1,-1
ENSMUSG00000033253-S,5-Nitroso-8-quinolinol,,,,1.0,,1,-1,-1,-1
ENSMUSG00000033253-S,"l-Leucine, n-butoxycarbonyl-N-methyl-, hexadecyl ester",,,,-1.0,,1,-1,-1,-1
ENSMUSG00000033253-S,tert-butyl(dimethyl)silyl-2-([tert-butyl(dimethyl)silyl]oxy)hex-2-enoate,,1.0,,1.0,,1,-1,-1,-1
ENSMUSG00000033365-S,"1-Pentene, 1,3-diphenyl-1-(trimethylsilyloxy)-",,,,1.0,,1,-1,-1,-1
ENSMUSG00000033365-S,2-Norbornanemethanol,,,,-1.0,,1,-1,-1,-1
ENSMUSG00000033365-S,"4,5-Dihydro-1H-pyrazole",,,,1.0,,1,-1,-1,-1
ENSMUSG00000033365-S,Lupinine,,1.0,,1.0,,1,-1,-1,-1
ENSMUSG00000033365-S,L-Val-L-Leu,,1.0,,1.0,,1,-1,-1,-1
ENSMUSG00000033365-S,tert-butyl(dimethyl)silyl-2-([tert-butyl(dimethyl)silyl]oxy)hex-2-enoate,,1.0,,1.0,,1,-1,-1,-1
ENSMUSG00000033373-S,"1-Pentene, 1,3-diphenyl-1-(trimethylsilyloxy)-",,,,1.0,,1,-1,-1,-1
ENSMUSG00000033373-S,2-Ethyl-1-butanol,,,,1.0,,1,-1,-1,-1
ENSMUSG00000033373-S,3-(4-Methoxyphenyl)coumarin,,1.0,,1.0,,1,-1,-1,-1
ENSMUSG00000033373-S,L-(+)-Threose,,-1.0,,-1.0,,1,-1,-1,-1
ENSMUSG00000033373-S,"l-Leucine, n-butoxycarbonyl-N-methyl-, hexadecyl ester",,,,-1.0,,1,-1,-1,-1
ENSMUSG00000033417-S,"1,2-Cinnolinedicarboxylic acid, 1,2,3,5,6,7,8,8a-octahydro-4-trimethylsilyloxy-, diethyl ester",,,,-1.0,,1,-1,-1,-1
ENSMUSG00000033417-S,4-tert-Butyldimethylsiloxy-3-penten-2-one,,1.0,,1.0,,1,-1,-1,-1
ENSMUSG00000033417-S,Chlorobenzilate,,,,-1.0,,1,-1,-1,-1
ENSMUSG00000033417-S,"l-Leucine, n-butoxycarbonyl-N-methyl-, hexadecyl ester",,,,-1.0,,1,-1,-1,-1
ENSMUSG00000033417-S,tert-butyl(dimethyl)silyl-2-([tert-butyl(dimethyl)silyl]oxy)hex-2-enoate,,-1.0,,-1.0,,1,-1,-1,-1
ENSMUSG00000033629-S,"(2R)-Pyrrolidine-1,2-dicarboxylic acid, bis(tert-butyldimethylsilyl) ester",,-0.8999999999999998,-1.0,-0.9333333333333332,,1,-1,-1,-1
ENSMUSG00000033629-S,"1,2-Bis(trimethylsiloxy)cyclohexene",,,,-1.0,,1,-1,-1,-1
ENSMUSG00000033629-S,3-(4-Methoxyphenyl)coumarin,,1.0,,1.0,,1,-1,-1,-1
ENSMUSG00000033629-S,7-Hydroxy-4-(methoxymethyl)coumarin,,-1.0,,-1.0,,1,-1,-1,-1
ENSMUSG00000033629-S,L-(+)-Threose,,-1.0,,-1.0,,1,-1,-1,-1
ENSMUSG00000033629-S,L-Val-L-Leu,,-1.0,,-1.0,,1,-1,-1,-1
ENSMUSG00000033658-S,"2-(Ethylamino)ethanol, N-acetyl",,-0.9746794344808964,-1.0,-0.9062808776752196,,1,-1,-1,-1
ENSMUSG00000033658-S,Benzeneacetic acid,,-1.0,,-1.0,,1,-1,-1,-1
ENSMUSG00000033658-S,Benzyl alcohol,,-1.0,-1.0,-0.9496133617021004,1.0,1,-1,-1,-1
ENSMUSG00000033658-S,Diclofenac,,,,-1.0,,1,-1,-1,-1
ENSMUSG00000033658-S,Formamide,,-0.9746794344808964,-1.0,-0.9114654303752998,1.0,1,-1,-1,-1
ENSMUSG00000033658-S,Hexanoic acid,,-0.8720815992723809,-1.0,-0.9283444198266944,1.0,1,-1,-1,-1
ENSMUSG00000033658-S,Isonicotinic Acid,,-0.9746794344808964,-1.0,-0.961919879757386,,1,-1,-1,-1
ENSMUSG00000033658-S,L-Serine,,,,-1.0,,1,-1,-1,-1
ENSMUSG00000033658-S,L-Val-L-Leu,,-1.0,,-1.0,,1,-1,-1,-1
ENSMUSG00000033717-S,"1,2-Bis(trimethylsiloxy)cyclohexene",,,,-1.0,,1,-1,-1,-1
ENSMUSG00000033717-S,"1,2-Cinnolinedicarboxylic acid, 1,2,3,5,6,7,8,8a-octahydro-4-trimethylsilyloxy-, diethyl ester",,,,1.0,,1,-1,-1,-1
ENSMUSG00000033717-S,"2,4-Dimethoxybenzaldoxime",,,,-1.0,,1,-1,-1,-1
ENSMUSG00000033717-S,3-(4-Methoxyphenyl)coumarin,,1.0,,1.0,,1,-1,-1,-1
ENSMUSG00000033717-S,Diclofenac,,,,-1.0,,1,-1,-1,-1
ENSMUSG00000033717-S,L-Serine,,,,-1.0,,1,-1,-1,-1
ENSMUSG00000033721-S,"1,2-Bis(trimethylsiloxy)cyclohexene",,,,-1.0,,1,-1,-1,-1
ENSMUSG00000033721-S,"1,2-Cinnolinedicarboxylic acid, 1,2,3,5,6,7,8,8a-octahydro-4-trimethylsilyloxy-, diethyl ester",,,,1.0,,1,-1,-1,-1
ENSMUSG00000033721-S,"2,4-Dimethoxybenzaldoxime",,,,1.0,,1,-1,-1,-1
ENSMUSG00000033721-S,4-tert-Butyldimethylsiloxy-3-penten-2-one,,-1.0,,-1.0,,1,-1,-1,-1
ENSMUSG00000033721-S,7-Hydroxy-4-(methoxymethyl)coumarin,,-1.0,,-1.0,,1,-1,-1,-1
ENSMUSG00000033721-S,L-Ornithine,,,,1.0,,1,-1,-1,-1
ENSMUSG00000033721-S,Sarcosine,,,,-1.0,,1,-1,-1,-1
ENSMUSG00000033721-S,tert-butyl(dimethyl)silyl-2-([tert-butyl(dimethyl)silyl]oxy)hex-2-enoate,,1.0,,1.0,,1,-1,-1,-1
ENSMUSG00000033735-S,"1-Pentene, 1,3-diphenyl-1-(trimethylsilyloxy)-",,,,1.0,,1,-1,-1,-1
ENSMUSG00000033735-S,"4,5-Dihydro-1H-pyrazole",,,,1.0,,1,-1,-1,-1
ENSMUSG00000033735-S,4-tert-Butyldimethylsiloxy-3-penten-2-one,,-1.0,,-1.0,,1,-1,-1,-1
ENSMUSG00000033735-S,L-Glutamic acid,,,,-1.0,,1,-1,-1,-1
ENSMUSG00000033910-S,"1,2-Cinnolinedicarboxylic acid, 1,2,3,5,6,7,8,8a-octahydro-4-trimethylsilyloxy-, diethyl ester",,,,-1.0,,1,-1,-1,-1
ENSMUSG00000033910-S,"2,4-Dimethoxybenzaldoxime",,,,1.0,,1,-1,-1,-1
ENSMUSG00000033910-S,3-(4-Methoxyphenyl)coumarin,,-1.0,,-1.0,,1,-1,-1,-1
ENSMUSG00000033910-S,Aniline,,1.0,1.0,0.9288784237188524,-1.0,1,-1,-1,-1
ENSMUSG00000033910-S,"Benzene, 1-ethyl-3,5-dimethyl",,,,1.0,,1,-1,-1,-1
ENSMUSG00000033910-S,Glycerol,,1.0,0.5,0.912141875543738,-1.0,1,-1,-1,-1
ENSMUSG00000033910-S,L-(+)-Threose,,1.0,,1.0,,1,-1,-1,-1
ENSMUSG00000033910-S,L-Pyroglutamic acid,,,,1.0,,1,-1,-1,-1
ENSMUSG00000033910-S,L-Serine,,,,1.0,,1,-1,-1,-1
ENSMUSG00000033916-S,"1,2-Cinnolinedicarboxylic acid, 1,2,3,5,6,7,8,8a-octahydro-4-trimethylsilyloxy-, diethyl ester",,,,-1.0,,1,-1,-1,-1
ENSMUSG00000033916-S,"1-Pentene, 1,3-diphenyl-1-(trimethylsilyloxy)-",,,,1.0,,1,-1,-1,-1
ENSMUSG00000033916-S,2-Norbornanemethanol,,,,-1.0,,1,-1,-1,-1
ENSMUSG00000033916-S,Adipoyl-L-carnitine,,1.0,,1.0,,1,-1,-1,-1
ENSMUSG00000033916-S,"l-Leucine, n-butoxycarbonyl-N-methyl-, hexadecyl ester",,,,-1.0,,1,-1,-1,-1
ENSMUSG00000033916-S,L-Val-L-Leu,,-1.0,,-1.0,,1,-1,-1,-1
ENSMUSG00000033960-S,"1,2-Cinnolinedicarboxylic acid, 1,2,3,5,6,7,8,8a-octahydro-4-trimethylsilyloxy-, diethyl ester",,,,-1.0,,1,-1,-1,-1
ENSMUSG00000033960-S,3-(4-Methoxyphenyl)coumarin,,-1.0,,-1.0,,1,-1,-1,-1
ENSMUSG00000033960-S,"3,4-Methylenedioxyamphetamine",,1.0,,1.0,-1.0,1,-1,-1,-1
ENSMUSG00000033960-S,5-Nitroso-8-quinolinol,,,,1.0,,1,-1,-1,-1
ENSMUSG00000033960-S,"Benzene, 1-ethyl-3,5-dimethyl",,,,1.0,,1,-1,-1,-1
ENSMUSG00000033960-S,"l-Leucine, n-butoxycarbonyl-N-methyl-, hexadecyl ester",,,,-1.0,,1,-1,-1,-1
ENSMUSG00000033960-S,L-Val-L-Leu,,1.0,,1.0,,1,-1,-1,-1
ENSMUSG00000034055-S,"1,2-Bis(trimethylsiloxy)cyclohexene",,,,1.0,,1,-1,-1,-1
ENSMUSG00000034055-S,"1,2-Cinnolinedicarboxylic acid, 1,2,3,5,6,7,8,8a-octahydro-4-trimethylsilyloxy-, diethyl ester",,,,-1.0,,1,-1,-1,-1
ENSMUSG00000034055-S,"1-Pentene, 1,3-diphenyl-1-(trimethylsilyloxy)-",,,,1.0,,1,-1,-1,-1
ENSMUSG00000034055-S,"2,4,4'-Trihydroxybenzophenone",,0.7999999999999999,1.0,0.903773601456181,,1,-1,-1,-1
ENSMUSG00000034055-S,2-Norbornanemethanol,,,,-1.0,,1,-1,-1,-1
ENSMUSG00000034055-S,3-(4-Methoxyphenyl)coumarin,,-1.0,,-1.0,,1,-1,-1,-1
ENSMUSG00000034055-S,Diclofenac,,,,1.0,,1,-1,-1,-1
ENSMUSG00000034055-S,L-(+)-Threose,,1.0,,1.0,,1,-1,-1,-1
ENSMUSG00000034055-S,L-Serine,,,,1.0,,1,-1,-1,-1
ENSMUSG00000034064-S,3-(4-Methoxyphenyl)coumarin,,1.0,,1.0,,1,-1,-1,-1
ENSMUSG00000034064-S,5-Nitroso-8-quinolinol,,,,-1.0,,1,-1,-1,-1
ENSMUSG00000034064-S,L-(+)-Threose,,-1.0,,-1.0,,1,-1,-1,-1
ENSMUSG00000034064-S,"l-Leucine, n-butoxycarbonyl-N-methyl-, hexadecyl ester",,,,1.0,,1,-1,-1,-1
ENSMUSG00000034064-S,L-Serine,,,,1.0,,1,-1,-1,-1
ENSMUSG00000034154-S,2-Norbornanemethanol,,,,1.0,,1,-1,-1,-1
ENSMUSG00000034154-S,4-tert-Butyldimethylsiloxy-3-penten-2-one,,-1.0,,-1.0,,1,-1,-1,-1
ENSMUSG00000034154-S,"Benzene, 1-ethyl-3,5-dimethyl",,,,1.0,,1,-1,-1,-1
ENSMUSG00000034154-S,"Cyclopentaneacetic acid, 3-oxo-2-pentyl-, methyl ester",,-1.0,-0.5,-0.8954053273686237,,1,-1,-1,-1
ENSMUSG00000034154-S,L-Ornithine,,,,1.0,,1,-1,-1,-1
ENSMUSG00000034156-S,"1,2-Cinnolinedicarboxylic acid, 1,2,3,5,6,7,8,8a-octahydro-4-trimethylsilyloxy-, diethyl ester",,,,1.0,,1,-1,-1,-1
ENSMUSG00000034156-S,2-Buten-1-ol,,,,1.0,,1,-1,-1,-1
ENSMUSG00000034156-S,2-Norbornanemethanol,,,,1.0,,1,-1,-1,-1
ENSMUSG00000034156-S,4-tert-Butyldimethylsiloxy-3-penten-2-one,,-1.0,,-1.0,,1,-1,-1,-1
ENSMUSG00000034156-S,5-Nitroso-8-quinolinol,,,,1.0,,1,-1,-1,-1
ENSMUSG00000034156-S,L-(+)-Threose,,1.0,,1.0,,1,-1,-1,-1
ENSMUSG00000034156-S,"l-Leucine, n-butoxycarbonyl-N-methyl-, hexadecyl ester",,,,-1.0,,1,-1,-1,-1
ENSMUSG00000034156-S,L-Ornithine,,,,1.0,,1,-1,-1,-1
ENSMUSG00000034156-S,Octacosanol,,1.0,,1.0,,1,-1,-1,-1
ENSMUSG00000034402-S,"1,2-Bis(trimethylsiloxy)cyclohexene",,,,-1.0,,1,-1,-1,-1
ENSMUSG00000034402-S,"1-Pentene, 1,3-diphenyl-1-(trimethylsilyloxy)-",,,,-1.0,,1,-1,-1,-1
ENSMUSG00000034402-S,2-Norbornanemethanol,,,,1.0,,1,-1,-1,-1
ENSMUSG00000034402-S,3-(4-Methoxyphenyl)coumarin,,1.0,,1.0,,1,-1,-1,-1
ENSMUSG00000034402-S,6-Nitroveratryl alcohol,,,,-1.0,,1,-1,-1,-1
ENSMUSG00000034402-S,Diclofenac,,,,-1.0,,1,-1,-1,-1
ENSMUSG00000034402-S,L-(+)-Threose,,-1.0,,-1.0,,1,-1,-1,-1
ENSMUSG00000034402-S,L-Ornithine,,,,1.0,,1,-1,-1,-1
ENSMUSG00000034532-S,2-Norbornanemethanol,,,,-1.0,,1,-1,-1,-1
ENSMUSG00000034532-S,5-Nitroso-8-quinolinol,,,,-1.0,,1,-1,-1,-1
ENSMUSG00000034532-S,"Benzene, 1-ethyl-3,5-dimethyl",,,,-1.0,,1,-1,-1,-1
ENSMUSG00000034532-S,"l-Leucine, n-butoxycarbonyl-N-methyl-, hexadecyl ester",,,,1.0,,1,-1,-1,-1
ENSMUSG00000034532-S,L-Ornithine,,,,-1.0,,1,-1,-1,-1
ENSMUSG00000034532-S,L-Threonine,,1.0,,1.0,1.0,1,1,1,1
ENSMUSG00000034532-S,Mevalonolactone,,-0.8999999999999998,-0.8660254037844387,-0.912141875543738,-1.0,1,1,1,1
ENSMUSG00000034532-S,Octanoic acid,,-1.0,,-1.0,,1,-1,-1,-1
ENSMUSG00000034848-S,"2,4,6-Cycloheptatrien-1-one",,,,1.0,1.0,1,1,1,1
ENSMUSG00000034848-S,"2,4-Dimethoxybenzaldoxime",,,,1.0,,1,-1,-1,-1
ENSMUSG00000034848-S,3-(4-Methoxyphenyl)coumarin,,-1.0,,-1.0,,1,-1,-1,-1
ENSMUSG00000034848-S,7-Hydroxy-4-(methoxymethyl)coumarin,,-1.0,,-1.0,,1,-1,-1,-1
ENSMUSG00000034848-S,L-Glutamic acid,,,,1.0,,1,-1,-1,-1
ENSMUSG00000034848-S,"l-Leucine, n-butoxycarbonyl-N-methyl-, hexadecyl ester",,,,-1.0,,1,-1,-1,-1
ENSMUSG00000034848-S,L-Ornithine,,,,1.0,,1,-1,-1,-1
ENSMUSG00000034892-S,"1-Pentene, 1,3-diphenyl-1-(trimethylsilyloxy)-",,,,1.0,,1,-1,-1,-1
ENSMUSG00000034892-S,2-Ethyl-1-butanol,,,,1.0,,1,-1,-1,-1
ENSMUSG00000034892-S,2-Norbornanemethanol,,,,-1.0,,1,-1,-1,-1
ENSMUSG00000034892-S,4-tert-Butyldimethylsiloxy-3-penten-2-one,,1.0,,1.0,,1,-1,-1,-1
ENSMUSG00000034892-S,5-Oxohexanoic Acid,,0.8720815992723809,1.0,0.912141875543738,-1.0,1,-1,-1,-1
ENSMUSG00000034892-S,Diclofenac,,,,-1.0,,1,-1,-1,-1
ENSMUSG00000034892-S,"l-Leucine, n-butoxycarbonyl-N-methyl-, hexadecyl ester",,,,-1.0,,1,-1,-1,-1
ENSMUSG00000034892-S,Lupinine,,1.0,,1.0,,1,-1,-1,-1
ENSMUSG00000034892-S,L-Val-L-Leu,,1.0,,1.0,,1,-1,-1,-1
ENSMUSG00000034919-S,"1-Pentene, 1,3-diphenyl-1-(trimethylsilyloxy)-",,,,1.0,,1,-1,-1,-1
ENSMUSG00000034919-S,5-Nitroso-8-quinolinol,,,,1.0,,1,-1,-1,-1
ENSMUSG00000034919-S,7-Hydroxy-4-(methoxymethyl)coumarin,,-1.0,,-1.0,,1,-1,-1,-1
ENSMUSG00000034919-S,"Benzene, 1-ethyl-3,5-dimethyl",,,,1.0,,1,-1,-1,-1
ENSMUSG00000034919-S,"l-Leucine, n-butoxycarbonyl-N-methyl-, hexadecyl ester",,,,-1.0,,1,-1,-1,-1
ENSMUSG00000034981-S,"1,2-Cinnolinedicarboxylic acid, 1,2,3,5,6,7,8,8a-octahydro-4-trimethylsilyloxy-, diethyl ester",,,,-1.0,,1,-1,-1,-1
ENSMUSG00000034981-S,"1-Pentene, 1,3-diphenyl-1-(trimethylsilyloxy)-",,,,1.0,,1,-1,-1,-1
ENSMUSG00000034981-S,"2,4-Dimethoxybenzaldoxime",,,,-1.0,,1,-1,-1,-1
ENSMUSG00000034981-S,Chlorobenzilate,,,,-1.0,,1,-1,-1,-1
ENSMUSG00000034981-S,"l-Leucine, n-butoxycarbonyl-N-methyl-, hexadecyl ester",,,,1.0,,1,-1,-1,-1
ENSMUSG00000035007-S,2-Ethyl-1-butanol,,,,1.0,,1,-1,-1,-1
ENSMUSG00000035007-S,2-Norbornanemethanol,,,,-1.0,,1,-1,-1,-1
ENSMUSG00000035007-S,4-tert-Butyldimethylsiloxy-3-penten-2-one,,-1.0,,-1.0,,1,-1,-1,-1
ENSMUSG00000035007-S,5-Nitroso-8-quinolinol,,,,1.0,,1,-1,-1,-1
ENSMUSG00000035007-S,"Benzene, 1-ethyl-3,5-dimethyl",,,,-1.0,,1,-1,-1,-1
ENSMUSG00000035007-S,"l-Leucine, n-butoxycarbonyl-N-methyl-, hexadecyl ester",,,,-1.0,,1,-1,-1,-1
ENSMUSG00000035007-S,tert-butyl(dimethyl)silyl-2-([tert-butyl(dimethyl)silyl]oxy)hex-2-enoate,,1.0,,1.0,,1,-1,-1,-1
ENSMUSG00000035021-S,2-Buten-1-ol,,,,1.0,,1,-1,-1,-1
ENSMUSG00000035021-S,"3,4-Methylenedioxyamphetamine",,1.0,,1.0,-1.0,1,-1,-1,-1
ENSMUSG00000035021-S,4-tert-Butyldimethylsiloxy-3-penten-2-one,,-1.0,,-1.0,,1,-1,-1,-1
ENSMUSG00000035021-S,5-Nitroso-8-quinolinol,,,,1.0,,1,-1,-1,-1
ENSMUSG00000035021-S,"l-Leucine, n-butoxycarbonyl-N-methyl-, hexadecyl ester",,,,-1.0,,1,-1,-1,-1
ENSMUSG00000035021-S,tert-butyl(dimethyl)silyl-2-([tert-butyl(dimethyl)silyl]oxy)hex-2-enoate,,1.0,,1.0,,1,-1,-1,-1
ENSMUSG00000035151-S,2-Norbornanemethanol,,,,1.0,,1,-1,-1,-1
ENSMUSG00000035151-S,Diclofenac,,,,-1.0,,1,-1,-1,-1
ENSMUSG00000035151-S,"l-Leucine, n-butoxycarbonyl-N-methyl-, hexadecyl ester",,,,-1.0,,1,-1,-1,-1
ENSMUSG00000035151-S,L-Pyroglutamic acid,,,,-1.0,,1,-1,-1,-1
ENSMUSG00000035151-S,L-Serine,,,,-1.0,,1,-1,-1,-1
ENSMUSG00000035151-S,L-Val-L-Leu,,-1.0,,-1.0,,1,-1,-1,-1
ENSMUSG00000035151-S,tert-butyl(dimethyl)silyl-2-([tert-butyl(dimethyl)silyl]oxy)hex-2-enoate,,-1.0,,-1.0,,1,-1,-1,-1
ENSMUSG00000035208-S,"1,2-Cinnolinedicarboxylic acid, 1,2,3,5,6,7,8,8a-octahydro-4-trimethylsilyloxy-, diethyl ester",,,,1.0,,1,-1,-1,-1
ENSMUSG00000035208-S,2-Norbornanemethanol,,,,1.0,,1,-1,-1,-1
ENSMUSG00000035208-S,Adipoyl-L-carnitine,,-1.0,,-1.0,,1,-1,-1,-1
ENSMUSG00000035208-S,L-Ornithine,,,,1.0,,1,-1,-1,-1
ENSMUSG00000035208-S,L-Val-L-Leu,,1.0,,1.0,,1,-1,-1,-1
ENSMUSG00000035208-S,Propanoic acid,,1.0,,0.9856107606091624,,1,-1,-1,-1
ENSMUSG00000035208-S,Sarcosine,,,,-1.0,,1,-1,-1,-1
ENSMUSG00000035274-S,"1,2-Cinnolinedicarboxylic acid, 1,2,3,5,6,7,8,8a-octahydro-4-trimethylsilyloxy-, diethyl ester",,,,-1.0,,1,-1,-1,-1
ENSMUSG00000035274-S,"3,3-Dimethylacrylic acid",,,,1.0,,1,-1,-1,-1
ENSMUSG00000035274-S,"4,5-Dihydro-1H-pyrazole",,,,1.0,,1,-1,-1,-1
ENSMUSG00000035274-S,"Benzene, 1-ethyl-3,5-dimethyl",,,,-1.0,,1,-1,-1,-1
ENSMUSG00000035274-S,L-(+)-Threose,,-1.0,,-1.0,,1,-1,-1,-1
ENSMUSG00000035274-S,"N,N-Dimethyl-2-aminoethanol",,0.8999999999999998,,0.9221722216732094,-1.0,1,-1,-1,-1
ENSMUSG00000035277-S,"1,2-Cinnolinedicarboxylic acid, 1,2,3,5,6,7,8,8a-octahydro-4-trimethylsilyloxy-, diethyl ester",,,,-1.0,,1,-1,-1,-1
ENSMUSG00000035277-S,3-(4-Methoxyphenyl)coumarin,,-1.0,,-1.0,,1,-1,-1,-1
ENSMUSG00000035277-S,"Benzene, 1-ethyl-3,5-dimethyl",,,,1.0,,1,-1,-1,-1
ENSMUSG00000035277-S,L-Ornithine,,,,-1.0,,1,-1,-1,-1
ENSMUSG00000035277-S,Sarcosine,,,,1.0,,1,-1,-1,-1
ENSMUSG00000035278-S,"1,2-Cinnolinedicarboxylic acid, 1,2,3,5,6,7,8,8a-octahydro-4-trimethylsilyloxy-, diethyl ester",,,,-1.0,,1,-1,-1,-1
ENSMUSG00000035278-S,2-Ethyl-1-butanol,,,,1.0,,1,-1,-1,-1
ENSMUSG00000035278-S,2-Norbornanemethanol,,,,-1.0,,1,-1,-1,-1
ENSMUSG00000035278-S,3-(4-Methoxyphenyl)coumarin,,1.0,,1.0,,1,-1,-1,-1
ENSMUSG00000035278-S,L-(+)-Threose,,-1.0,,-1.0,,1,-1,-1,-1
ENSMUSG00000035278-S,Lactic acid,,-0.9746794344808964,,-0.9518763181059628,,1,-1,-1,-1
ENSMUSG00000035278-S,L-Pyroglutamic acid,,,,1.0,,1,-1,-1,-1
ENSMUSG00000035278-S,L-Serine,,,,1.0,,1,-1,-1,-1
ENSMUSG00000035278-S,tert-butyl(dimethyl)silyl-2-([tert-butyl(dimethyl)silyl]oxy)hex-2-enoate,,1.0,,1.0,,1,-1,-1,-1
ENSMUSG00000035397-S,"1,2-Cinnolinedicarboxylic acid, 1,2,3,5,6,7,8,8a-octahydro-4-trimethylsilyloxy-, diethyl ester",,,,-1.0,,1,-1,-1,-1
ENSMUSG00000035397-S,2-Ethyl-1-butanol,,,,1.0,,1,-1,-1,-1
ENSMUSG00000035397-S,"Benzene, 1-ethyl-3,5-dimethyl",,,,1.0,,1,-1,-1,-1
ENSMUSG00000035397-S,"l-Leucine, n-butoxycarbonyl-N-methyl-, hexadecyl ester",,,,-1.0,,1,-1,-1,-1
ENSMUSG00000035397-S,"l-Norvaline, n-propargyloxycarbonyl-, isohexyl ester",,-1.0,,-1.0,-1.0,1,1,1,1
ENSMUSG00000035397-S,Xylazine,,0.8999999999999998,1.0,0.9456149718939671,1.0,1,1,1,1
ENSMUSG00000035495-S,"1,2-Cinnolinedicarboxylic acid, 1,2,3,5,6,7,8,8a-octahydro-4-trimethylsilyloxy-, diethyl ester",,,,-1.0,,1,-1,-1,-1
ENSMUSG00000035495-S,3-(4-Methoxyphenyl)coumarin,,-1.0,,-1.0,,1,-1,-1,-1
ENSMUSG00000035495-S,"4,5-Dihydro-1H-pyrazole",,,,1.0,,1,-1,-1,-1
ENSMUSG00000035495-S,"Benzene, 1-ethyl-3,5-dimethyl",,,,-1.0,,1,-1,-1,-1
ENSMUSG00000035495-S,Chlorobenzilate,,,,-1.0,,1,-1,-1,-1
ENSMUSG00000035495-S,L-Ornithine,,,,1.0,,1,-1,-1,-1
ENSMUSG00000035495-S,Monocaproin,,1.0,,1.0,,1,-1,-1,-1
ENSMUSG00000035495-S,tert-butyl(dimethyl)silyl-2-([tert-butyl(dimethyl)silyl]oxy)hex-2-enoate,,-1.0,,-1.0,,1,-1,-1,-1
ENSMUSG00000035595-S,"Benzene, 1-ethyl-3,5-dimethyl",,,,1.0,,1,-1,-1,-1
ENSMUSG00000035595-S,L-(+)-Threose,,1.0,,1.0,,1,-1,-1,-1
ENSMUSG00000035601-S,"1,2-Bis(trimethylsiloxy)cyclohexene",,,,-1.0,,1,-1,-1,-1
ENSMUSG00000035601-S,"1,2-Cinnolinedicarboxylic acid, 1,2,3,5,6,7,8,8a-octahydro-4-trimethylsilyloxy-, diethyl ester",,,,1.0,,1,-1,-1,-1
ENSMUSG00000035601-S,"2,4-Dimethoxybenzaldoxime",,,,1.0,,1,-1,-1,-1
ENSMUSG00000035601-S,7-Hydroxy-4-(methoxymethyl)coumarin,,-1.0,,-1.0,,1,-1,-1,-1
ENSMUSG00000035601-S,L-Ornithine,,,,1.0,,1,-1,-1,-1
ENSMUSG00000035686-S,"4,5-Dihydro-1H-pyrazole",,,,1.0,,1,-1,-1,-1
ENSMUSG00000035686-S,4-tert-Butyldimethylsiloxy-3-penten-2-one,,1.0,,1.0,,1,-1,-1,-1
ENSMUSG00000035686-S,Chlorobenzilate,,,,-1.0,,1,-1,-1,-1
ENSMUSG00000035686-S,L-(+)-Threose,,-1.0,,-1.0,,1,-1,-1,-1
ENSMUSG00000035686-S,L-Ornithine,,,,1.0,,1,-1,-1,-1
ENSMUSG00000035686-S,Sarcosine,,,,-1.0,,1,-1,-1,-1
ENSMUSG00000035686-S,tert-butyl(dimethyl)silyl-2-([tert-butyl(dimethyl)silyl]oxy)hex-2-enoate,,-1.0,,-1.0,,1,-1,-1,-1
ENSMUSG00000035776-S,"1,2-Bis(trimethylsiloxy)cyclohexene",,,,-1.0,,1,-1,-1,-1
ENSMUSG00000035776-S,3-Hydroxymethyl-2-trimethylsilyloxypentane,,-1.0,,-1.0,,1,-1,-1,-1
ENSMUSG00000035776-S,5-Nitroso-8-quinolinol,,,,-1.0,,1,-1,-1,-1
ENSMUSG00000035776-S,7-Hydroxy-4-(methoxymethyl)coumarin,,-1.0,,-1.0,,1,-1,-1,-1
ENSMUSG00000035776-S,"9Z-Octadecenoic acid, (2S)-3-[(hydroxymercaptophosphinyl)oxy]-2-methoxypropyl ester",,-1.0,,-1.0,,1,-1,-1,-1
ENSMUSG00000035776-S,Benzeneacetic acid,,-1.0,,-1.0,,1,-1,-1,-1
ENSMUSG00000035776-S,L-Serine,,,,-1.0,,1,-1,-1,-1
ENSMUSG00000035776-S,L-Val-L-Leu,,-1.0,,-1.0,,1,-1,-1,-1
ENSMUSG00000035863-S,2-Buten-1-ol,,,,1.0,,1,-1,-1,-1
ENSMUSG00000035863-S,4-tert-Butyldimethylsiloxy-3-penten-2-one,,-1.0,,-1.0,,1,-1,-1,-1
ENSMUSG00000035863-S,7-Hydroxy-4-(methoxymethyl)coumarin,,-1.0,,-1.0,,1,-1,-1,-1
ENSMUSG00000035863-S,"l-Leucine, n-butoxycarbonyl-N-methyl-, hexadecyl ester",,,,-1.0,,1,-1,-1,-1
ENSMUSG00000035863-S,Octanoic acid,,-1.0,,-1.0,,1,-1,-1,-1
ENSMUSG00000035914-S,"1,2-Bis(trimethylsiloxy)cyclohexene",,,,-1.0,,1,-1,-1,-1
ENSMUSG00000035914-S,"1-Pentene, 1,3-diphenyl-1-(trimethylsilyloxy)-",,,,-1.0,,1,-1,-1,-1
ENSMUSG00000035914-S,"2,4-Dimethoxybenzaldoxime",,,,-1.0,,1,-1,-1,-1
ENSMUSG00000035914-S,2-Norbornanemethanol,,,,1.0,,1,-1,-1,-1
ENSMUSG00000035914-S,Benzeneacetic acid,,1.0,,1.0,,1,-1,-1,-1
ENSMUSG00000035914-S,Diclofenac,,,,-1.0,,1,-1,-1,-1
ENSMUSG00000035914-S,L-(+)-Threose,,-1.0,,-1.0,,1,-1,-1,-1
ENSMUSG00000035914-S,L-Serine,,,,-1.0,,1,-1,-1,-1
ENSMUSG00000035914-S,L-Val-L-Leu,,1.0,,1.0,,1,-1,-1,-1
ENSMUSG00000035967-S,"3,3-Dimethylacrylic acid",,,,1.0,,1,-1,-1,-1
ENSMUSG00000035967-S,4-tert-Butyldimethylsiloxy-3-penten-2-one,,1.0,,1.0,,1,-1,-1,-1
ENSMUSG00000035967-S,5-Nitroso-8-quinolinol,,,,1.0,,1,-1,-1,-1
ENSMUSG00000035967-S,L-(+)-Threose,,-1.0,,-1.0,,1,-1,-1,-1
ENSMUSG00000035967-S,"l-Leucine, n-butoxycarbonyl-N-methyl-, hexadecyl ester",,,,-1.0,,1,-1,-1,-1
ENSMUSG00000036053-S,"1,2-Bis(trimethylsiloxy)cyclohexene",,,,-1.0,,1,-1,-1,-1
ENSMUSG00000036053-S,"1,2-Cinnolinedicarboxylic acid, 1,2,3,5,6,7,8,8a-octahydro-4-trimethylsilyloxy-, diethyl ester",,,,1.0,,1,-1,-1,-1
ENSMUSG00000036053-S,2-Norbornanemethanol,,,,1.0,,1,-1,-1,-1
ENSMUSG00000036053-S,3-(4-Methoxyphenyl)coumarin,,1.0,,1.0,,1,-1,-1,-1
ENSMUSG00000036053-S,7-Hydroxy-4-(methoxymethyl)coumarin,,1.0,,1.0,,1,-1,-1,-1
ENSMUSG00000036053-S,Chlorobenzilate,,,,1.0,,1,-1,-1,-1
ENSMUSG00000036053-S,Diclofenac,,,,-1.0,,1,-1,-1,-1
ENSMUSG00000036053-S,Durapan,,-0.8999999999999998,-1.0,-0.9761904761904764,1.0,1,-1,-1,-1
ENSMUSG00000036053-S,L-Serine,,,,-1.0,,1,-1,-1,-1
ENSMUSG00000036053-S,Methanesulfonic acid,,-1.0,-1.0,-1.0,1.0,1,-1,-1,-1
ENSMUSG00000036053-S,Pinosylvin,,-0.8999999999999998,-1.0,-0.9700772721497396,1.0,1,-1,-1,-1
ENSMUSG00000036114-S,"1,2-Cinnolinedicarboxylic acid, 1,2,3,5,6,7,8,8a-octahydro-4-trimethylsilyloxy-, diethyl ester",,,,-1.0,,1,-1,-1,-1
ENSMUSG00000036114-S,"1-Pentene, 1,3-diphenyl-1-(trimethylsilyloxy)-",,,,1.0,,1,-1,-1,-1
ENSMUSG00000036114-S,2-Buten-1-ol,,,,-1.0,,1,-1,-1,-1
ENSMUSG00000036114-S,4-tert-Butyldimethylsiloxy-3-penten-2-one,,1.0,,1.0,,1,-1,-1,-1
ENSMUSG00000036114-S,7-Hydroxy-4-(methoxymethyl)coumarin,,1.0,,1.0,,1,-1,-1,-1
ENSMUSG00000036114-S,L-Glutamic acid,,,,-1.0,,1,-1,-1,-1
ENSMUSG00000036114-S,"l-Leucine, n-butoxycarbonyl-N-methyl-, hexadecyl ester",,,,1.0,,1,-1,-1,-1
ENSMUSG00000036114-S,L-Ornithine,,,,-1.0,,1,-1,-1,-1
ENSMUSG00000036114-S,Sarcosine,,,,1.0,,1,-1,-1,-1
ENSMUSG00000036114-S,tert-butyl(dimethyl)silyl-2-([tert-butyl(dimethyl)silyl]oxy)hex-2-enoate,,-1.0,,-1.0,,1,-1,-1,-1
ENSMUSG00000036169-S,4-tert-Butyldimethylsiloxy-3-penten-2-one,,-1.0,,-1.0,,1,-1,-1,-1
ENSMUSG00000036169-S,"Benzene, 1-ethyl-3,5-dimethyl",,,,-1.0,,1,-1,-1,-1
ENSMUSG00000036169-S,Diclofenac,,,,1.0,,1,-1,-1,-1
ENSMUSG00000036169-S,L-Val-L-Leu,,-1.0,,-1.0,,1,-1,-1,-1
ENSMUSG00000036199-S,"1,2-Cinnolinedicarboxylic acid, 1,2,3,5,6,7,8,8a-octahydro-4-trimethylsilyloxy-, diethyl ester",,,,-1.0,,1,-1,-1,-1
ENSMUSG00000036199-S,2-Norbornanemethanol,,,,-1.0,,1,-1,-1,-1
ENSMUSG00000036199-S,3-(4-Methoxyphenyl)coumarin,,-1.0,,-1.0,,1,-1,-1,-1
ENSMUSG00000036199-S,7-Hydroxy-4-(methoxymethyl)coumarin,,-1.0,,-1.0,,1,-1,-1,-1
ENSMUSG00000036199-S,Adipoyl-L-carnitine,,1.0,,1.0,,1,-1,-1,-1
ENSMUSG00000036199-S,Chlorobenzilate,,,,-1.0,,1,-1,-1,-1
ENSMUSG00000036199-S,Diclofenac,,,,1.0,,1,-1,-1,-1
ENSMUSG00000036199-S,L-Pyroglutamic acid,,,,1.0,,1,-1,-1,-1
ENSMUSG00000036199-S,L-Serine,,,,1.0,,1,-1,-1,-1
ENSMUSG00000036225-S,2-Norbornanemethanol,,,,-1.0,,1,-1,-1,-1
ENSMUSG00000036225-S,3-(4-Methoxyphenyl)coumarin,,-1.0,,-1.0,,1,-1,-1,-1
ENSMUSG00000036225-S,"4,5-Dihydro-1H-pyrazole",,,,1.0,,1,-1,-1,-1
ENSMUSG00000036225-S,Chlorobenzilate,,,,-1.0,,1,-1,-1,-1
ENSMUSG00000036225-S,L-Glutamic acid,,,,-1.0,,1,-1,-1,-1
ENSMUSG00000036225-S,Octacosanol,,-1.0,,-1.0,,1,-1,-1,-1
ENSMUSG00000036381-S,"1,2-Bis(trimethylsiloxy)cyclohexene",,,,-1.0,,1,-1,-1,-1
ENSMUSG00000036381-S,"1-Pentene, 1,3-diphenyl-1-(trimethylsilyloxy)-",,,,-1.0,,1,-1,-1,-1
ENSMUSG00000036381-S,3-(4-Methoxyphenyl)coumarin,,1.0,,1.0,,1,-1,-1,-1
ENSMUSG00000036381-S,6-Nitroveratryl alcohol,,,,-1.0,,1,-1,-1,-1
ENSMUSG00000036381-S,7-Hydroxy-4-(methoxymethyl)coumarin,,-1.0,,-1.0,,1,-1,-1,-1
ENSMUSG00000036381-S,"Benzene, 1-ethyl-3,5-dimethyl",,,,-1.0,,1,-1,-1,-1
ENSMUSG00000036381-S,L-(+)-Threose,,-1.0,,-1.0,,1,-1,-1,-1
ENSMUSG00000036501-S,"1,2-Cinnolinedicarboxylic acid, 1,2,3,5,6,7,8,8a-octahydro-4-trimethylsilyloxy-, diethyl ester",,,,1.0,,1,-1,-1,-1
ENSMUSG00000036501-S,"4,5-Dihydro-1H-pyrazole",,,,-1.0,,1,-1,-1,-1
ENSMUSG00000036501-S,4-tert-Butyldimethylsiloxy-3-penten-2-one,,-1.0,,-1.0,,1,-1,-1,-1
ENSMUSG00000036501-S,7-Hydroxy-4-(methoxymethyl)coumarin,,-1.0,,-1.0,,1,-1,-1,-1
ENSMUSG00000036501-S,Chlorobenzilate,,,,1.0,,1,-1,-1,-1
ENSMUSG00000036501-S,L-Glutamic acid,,,,1.0,,1,-1,-1,-1
ENSMUSG00000036501-S,tert-butyl(dimethyl)silyl-2-([tert-butyl(dimethyl)silyl]oxy)hex-2-enoate,,1.0,,1.0,,1,-1,-1,-1
ENSMUSG00000036632-S,2-Norbornanemethanol,,,,-1.0,,1,-1,-1,-1
ENSMUSG00000036632-S,5-Nitroso-8-quinolinol,,,,-1.0,,1,-1,-1,-1
ENSMUSG00000036632-S,7-Hydroxy-4-(methoxymethyl)coumarin,,-1.0,,-1.0,,1,-1,-1,-1
ENSMUSG00000036632-S,L-Ornithine,,,,-1.0,,1,-1,-1,-1
ENSMUSG00000036632-S,Octanoic acid,,-1.0,,-1.0,,1,-1,-1,-1
ENSMUSG00000036698-S,"1-Pentene, 1,3-diphenyl-1-(trimethylsilyloxy)-",,,,-1.0,,1,-1,-1,-1
ENSMUSG00000036698-S,L-Ornithine,,,,1.0,,1,-1,-1,-1
ENSMUSG00000036698-S,L-Threonine,,1.0,,1.0,1.0,1,1,1,1
ENSMUSG00000036949-S,"1,2-Cinnolinedicarboxylic acid, 1,2,3,5,6,7,8,8a-octahydro-4-trimethylsilyloxy-, diethyl ester",,,,-1.0,,1,-1,-1,-1
ENSMUSG00000036949-S,"2,4-Dimethoxybenzaldoxime",,,,-1.0,,1,-1,-1,-1
ENSMUSG00000036949-S,3-(4-Methoxyphenyl)coumarin,,-1.0,,-1.0,,1,-1,-1,-1
ENSMUSG00000036949-S,4-Methylvaleric acid,,1.0,1.0,0.9523809523809524,,1,-1,-1,-1
ENSMUSG00000036949-S,5-Nitroso-8-quinolinol,,,,1.0,,1,-1,-1,-1
ENSMUSG00000036949-S,L-(+)-Threose,,1.0,,1.0,,1,-1,-1,-1
ENSMUSG00000036949-S,"l-Leucine, n-butoxycarbonyl-N-methyl-, hexadecyl ester",,,,-1.0,,1,-1,-1,-1
ENSMUSG00000036949-S,L-Serine,,,,-1.0,,1,-1,-1,-1
ENSMUSG00000036949-S,tert-butyl(dimethyl)silyl-2-([tert-butyl(dimethyl)silyl]oxy)hex-2-enoate,,-1.0,,-1.0,,1,-1,-1,-1
ENSMUSG00000036966-S,"1,2-Cinnolinedicarboxylic acid, 1,2,3,5,6,7,8,8a-octahydro-4-trimethylsilyloxy-, diethyl ester",,,,-1.0,,1,-1,-1,-1
ENSMUSG00000036966-S,"1-Pentene, 1,3-diphenyl-1-(trimethylsilyloxy)-",,,,1.0,,1,-1,-1,-1
ENSMUSG00000036966-S,3-(4-Methoxyphenyl)coumarin,,1.0,,1.0,,1,-1,-1,-1
ENSMUSG00000036966-S,Aceturic acid,,-0.8999999999999998,,-0.9285714285714288,,1,-1,-1,-1
ENSMUSG00000036966-S,L-(+)-Threose,,-1.0,,-1.0,,1,-1,-1,-1
ENSMUSG00000036966-S,L-Glutamic acid,,,,-1.0,,1,-1,-1,-1
ENSMUSG00000036966-S,"l-Leucine, n-butoxycarbonyl-N-methyl-, hexadecyl ester",,,,1.0,,1,-1,-1,-1
ENSMUSG00000036966-S,L-Serine,,,,1.0,,1,-1,-1,-1
ENSMUSG00000036966-S,L-Val-L-Leu,,-1.0,,-1.0,,1,-1,-1,-1
ENSMUSG00000037139-S,"1,2-Bis(trimethylsiloxy)cyclohexene",,,,1.0,,1,-1,-1,-1
ENSMUSG00000037139-S,"1,2-Cinnolinedicarboxylic acid, 1,2,3,5,6,7,8,8a-octahydro-4-trimethylsilyloxy-, diethyl ester",,,,-1.0,,1,-1,-1,-1
ENSMUSG00000037139-S,3-(4-Methoxyphenyl)coumarin,,-1.0,,-1.0,,1,-1,-1,-1
ENSMUSG00000037139-S,"Benzene, 1-ethyl-3,5-dimethyl",,,,1.0,,1,-1,-1,-1
ENSMUSG00000037139-S,L-Ornithine,,,,-1.0,,1,-1,-1,-1
ENSMUSG00000037139-S,Sarcosine,,,,1.0,,1,-1,-1,-1
ENSMUSG00000037148-S,"1-Pentene, 1,3-diphenyl-1-(trimethylsilyloxy)-",,,,1.0,,1,-1,-1,-1
ENSMUSG00000037148-S,"4,5-Dihydro-1H-pyrazole",,,,1.0,,1,-1,-1,-1
ENSMUSG00000037148-S,4-tert-Butyldimethylsiloxy-3-penten-2-one,,-1.0,,-1.0,,1,-1,-1,-1
ENSMUSG00000037148-S,L-Glutamic acid,,,,-1.0,,1,-1,-1,-1
ENSMUSG00000037148-S,Octanoic acid,,-1.0,,-1.0,,1,-1,-1,-1
ENSMUSG00000037185-S,"1,2-Cinnolinedicarboxylic acid, 1,2,3,5,6,7,8,8a-octahydro-4-trimethylsilyloxy-, diethyl ester",,,,-1.0,,1,-1,-1,-1
ENSMUSG00000037185-S,"2,5-Dimethoxyphenol",,-1.0,-0.5,-0.9707197941566388,1.0,1,-1,-1,-1
ENSMUSG00000037185-S,2-Ethyl-1-butanol,,,,1.0,,1,-1,-1,-1
ENSMUSG00000037185-S,5-Nitroso-8-quinolinol,,,,1.0,,1,-1,-1,-1
ENSMUSG00000037185-S,L-(+)-Threose,,-1.0,,-1.0,,1,-1,-1,-1
ENSMUSG00000037185-S,"l-Leucine, n-butoxycarbonyl-N-methyl-, hexadecyl ester",,,,-1.0,,1,-1,-1,-1
ENSMUSG00000037185-S,L-Val-L-Leu,,1.0,,1.0,,1,-1,-1,-1
ENSMUSG00000037185-S,Uracil,,0.8207826816681233,0.5,0.8991914132931392,-1.0,1,-1,-1,-1
ENSMUSG00000037266-S,2-Norbornanemethanol,,,,1.0,,1,-1,-1,-1
ENSMUSG00000037266-S,"3,3-Dimethylacrylic acid",,,,1.0,,1,-1,-1,-1
ENSMUSG00000037266-S,4-tert-Butyldimethylsiloxy-3-penten-2-one,,1.0,,1.0,,1,-1,-1,-1
ENSMUSG00000037266-S,5-Nitroso-8-quinolinol,,,,1.0,,1,-1,-1,-1
ENSMUSG00000037266-S,7-Hydroxy-4-(methoxymethyl)coumarin,,-1.0,,-1.0,,1,-1,-1,-1
ENSMUSG00000037266-S,L-(+)-Threose,,-1.0,,-1.0,,1,-1,-1,-1
ENSMUSG00000037266-S,L-Glutamic acid,,,,1.0,,1,-1,-1,-1
ENSMUSG00000037266-S,"l-Leucine, n-butoxycarbonyl-N-methyl-, hexadecyl ester",,,,-1.0,,1,-1,-1,-1
ENSMUSG00000037266-S,L-Ornithine,,,,1.0,,1,-1,-1,-1
ENSMUSG00000037266-S,tert-butyl(dimethyl)silyl-2-([tert-butyl(dimethyl)silyl]oxy)hex-2-enoate,,-1.0,,-1.0,,1,-1,-1,-1
ENSMUSG00000037474-S,"1,2-Bis(trimethylsiloxy)cyclohexene",,,,-1.0,,1,-1,-1,-1
ENSMUSG00000037474-S,"2,4-Dimethoxybenzaldoxime",,,,-1.0,,1,-1,-1,-1
ENSMUSG00000037474-S,2-Buten-1-ol,,,,-1.0,,1,-1,-1,-1
ENSMUSG00000037474-S,3-(4-Methoxyphenyl)coumarin,,1.0,,1.0,,1,-1,-1,-1
ENSMUSG00000037474-S,Diclofenac,,,,-1.0,,1,-1,-1,-1
ENSMUSG00000037474-S,L-(+)-Threose,,-1.0,,-1.0,,1,-1,-1,-1
ENSMUSG00000037474-S,L-Serine,,,,-1.0,,1,-1,-1,-1
ENSMUSG00000037474-S,L-Val-L-Leu,,-1.0,,-1.0,,1,-1,-1,-1
ENSMUSG00000037553-S,2-Buten-1-ol,,,,1.0,,1,-1,-1,-1
ENSMUSG00000037553-S,2-Ethyl-1-butanol,,,,1.0,,1,-1,-1,-1
ENSMUSG00000037553-S,2-Norbornanemethanol,,,,-1.0,,1,-1,-1,-1
ENSMUSG00000037553-S,4-tert-Butyldimethylsiloxy-3-penten-2-one,,-1.0,,-1.0,,1,-1,-1,-1
ENSMUSG00000037553-S,5-Nitroso-8-quinolinol,,,,1.0,,1,-1,-1,-1
ENSMUSG00000037553-S,"l-Leucine, n-butoxycarbonyl-N-methyl-, hexadecyl ester",,,,-1.0,,1,-1,-1,-1
ENSMUSG00000037553-S,tert-butyl(dimethyl)silyl-2-([tert-butyl(dimethyl)silyl]oxy)hex-2-enoate,,1.0,,1.0,,1,-1,-1,-1
ENSMUSG00000037570-S,5-Nitroso-8-quinolinol,,,,1.0,,1,-1,-1,-1
ENSMUSG00000037570-S,7-Hydroxy-4-(methoxymethyl)coumarin,,-1.0,,-1.0,,1,-1,-1,-1
ENSMUSG00000037570-S,L-Ornithine,,,,1.0,,1,-1,-1,-1
ENSMUSG00000037601-S,"1,2-Bis(trimethylsiloxy)cyclohexene",,,,1.0,,1,-1,-1,-1
ENSMUSG00000037601-S,"1,2-Cinnolinedicarboxylic acid, 1,2,3,5,6,7,8,8a-octahydro-4-trimethylsilyloxy-, diethyl ester",,,,-1.0,,1,-1,-1,-1
ENSMUSG00000037601-S,"1-Pentene, 1,3-diphenyl-1-(trimethylsilyloxy)-",,,,1.0,,1,-1,-1,-1
ENSMUSG00000037601-S,"2,6-di-tert-Butyl-4-(dimethylaminomethyl)phenol",,1.0,,1.0,,1,-1,-1,-1
ENSMUSG00000037601-S,2-Ethyl-1-butanol,,,,1.0,,1,-1,-1,-1
ENSMUSG00000037601-S,Diclofenac,,,,1.0,,1,-1,-1,-1
ENSMUSG00000037601-S,L-Pyroglutamic acid,,,,1.0,,1,-1,-1,-1
ENSMUSG00000037601-S,L-Serine,,,,1.0,,1,-1,-1,-1
ENSMUSG00000037601-S,L-Val-L-Leu,,1.0,,1.0,,1,-1,-1,-1
ENSMUSG00000037697-S,2-Ethyl-1-butanol,,,,-1.0,,1,-1,-1,-1
ENSMUSG00000037697-S,2-Furoic acid,,-1.0,-1.0,-0.9549937104572924,,1,-1,-1,-1
ENSMUSG00000037697-S,3-(4-Methoxyphenyl)coumarin,,-1.0,,-1.0,,1,-1,-1,-1
ENSMUSG00000037697-S,"Benzene, 1-ethyl-3,5-dimethyl",,,,1.0,,1,-1,-1,-1
ENSMUSG00000037697-S,L-(+)-Threose,,1.0,,1.0,,1,-1,-1,-1
ENSMUSG00000037697-S,L-Ornithine,,,,1.0,,1,-1,-1,-1
ENSMUSG00000037791-S,"1-Pentene, 1,3-diphenyl-1-(trimethylsilyloxy)-",,,,-1.0,,1,-1,-1,-1
ENSMUSG00000037791-S,L-Ornithine,,,,1.0,,1,-1,-1,-1
ENSMUSG00000037791-S,L-Val-L-Leu,,-1.0,,-1.0,,1,-1,-1,-1
ENSMUSG00000037815-S,2-Buten-1-ol,,,,1.0,,1,-1,-1,-1
ENSMUSG00000037815-S,2-Norbornanemethanol,,,,1.0,,1,-1,-1,-1
ENSMUSG00000037815-S,5-Nitroso-8-quinolinol,,,,1.0,,1,-1,-1,-1
ENSMUSG00000037815-S,"l-Leucine, n-butoxycarbonyl-N-methyl-, hexadecyl ester",,,,-1.0,,1,-1,-1,-1
ENSMUSG00000037815-S,L-Ornithine,,,,1.0,,1,-1,-1,-1
ENSMUSG00000037815-S,L-Val-L-Leu,,-1.0,,-1.0,,1,-1,-1,-1
ENSMUSG00000037815-S,tert-butyl(dimethyl)silyl-2-([tert-butyl(dimethyl)silyl]oxy)hex-2-enoate,,-1.0,,-1.0,,1,-1,-1,-1
ENSMUSG00000037936-S,2-Ethyl-1-butanol,,,,1.0,,1,-1,-1,-1
ENSMUSG00000037936-S,2-Norbornanemethanol,,,,-1.0,,1,-1,-1,-1
ENSMUSG00000037936-S,3-(4-Methoxyphenyl)coumarin,,-1.0,,-1.0,,1,-1,-1,-1
ENSMUSG00000037936-S,5-Nitroso-8-quinolinol,,,,1.0,,1,-1,-1,-1
ENSMUSG00000037936-S,"l-Leucine, n-butoxycarbonyl-N-methyl-, hexadecyl ester",,,,-1.0,,1,-1,-1,-1
ENSMUSG00000037936-S,L-Val-L-Leu,,1.0,,1.0,,1,-1,-1,-1
ENSMUSG00000037936-S,Uracil,,0.8207826816681233,1.0,0.8907877552249789,-1.0,1,-1,-1,-1
ENSMUSG00000038034-S,2-Cyanobenzaldehyde,,-1.0,,-1.0,,1,-1,-1,-1
ENSMUSG00000038034-S,"2-Methylcyclohexanol, (Z)",,-0.8999999999999998,-0.8660254037844387,-0.927869618527036,,1,-1,-1,-1
ENSMUSG00000038034-S,4-tert-Butyldimethylsiloxy-3-penten-2-one,,-1.0,,-1.0,,1,-1,-1,-1
ENSMUSG00000038034-S,Diclofenac,,,,-1.0,,1,-1,-1,-1
ENSMUSG00000038034-S,L-Ornithine,,,,1.0,,1,-1,-1,-1
ENSMUSG00000038034-S,L-Val-L-Leu,,-1.0,,-1.0,,1,-1,-1,-1
ENSMUSG00000038034-S,Octanoic acid,,-1.0,,-1.0,,1,-1,-1,-1
ENSMUSG00000038034-S,"Propanoic acid, dimethyl(isopropyl)silyl ester",,-0.7999999999999999,-1.0,-0.9461247469114746,,1,-1,-1,-1
ENSMUSG00000038042-S,"2,4-Di-tert-butylphenol",,,1.0,1.0,-1.0,1,-1,-1,-1
ENSMUSG00000038042-S,2-Norbornanemethanol,,,,-1.0,,1,-1,-1,-1
ENSMUSG00000038042-S,3-(4-Methoxyphenyl)coumarin,,1.0,,1.0,,1,-1,-1,-1
ENSMUSG00000038042-S,"l-Leucine, n-butoxycarbonyl-N-methyl-, hexadecyl ester",,,,-1.0,,1,-1,-1,-1
ENSMUSG00000038042-S,tert-butyl(dimethyl)silyl-2-([tert-butyl(dimethyl)silyl]oxy)hex-2-enoate,,1.0,,1.0,,1,-1,-1,-1
ENSMUSG00000038046-S,"1,2-Cinnolinedicarboxylic acid, 1,2,3,5,6,7,8,8a-octahydro-4-trimethylsilyloxy-, diethyl ester",,,,-1.0,,1,-1,-1,-1
ENSMUSG00000038046-S,"1-Pentene, 1,3-diphenyl-1-(trimethylsilyloxy)-",,,,1.0,,1,-1,-1,-1
ENSMUSG00000038046-S,"2,4-Dimethoxybenzaldoxime",,,,1.0,,1,-1,-1,-1
ENSMUSG00000038046-S,2-Norbornanemethanol,,,,-1.0,,1,-1,-1,-1
ENSMUSG00000038046-S,4-tert-Butyldimethylsiloxy-3-penten-2-one,,1.0,,1.0,,1,-1,-1,-1
ENSMUSG00000038046-S,7-Hydroxy-4-(methoxymethyl)coumarin,,1.0,,1.0,,1,-1,-1,-1
ENSMUSG00000038046-S,L-Serine,,,,1.0,,1,-1,-1,-1
ENSMUSG00000038046-S,L-Val-L-Leu,,1.0,,1.0,,1,-1,-1,-1
ENSMUSG00000038065-S,"1-Pentene, 1,3-diphenyl-1-(trimethylsilyloxy)-",,,,1.0,,1,-1,-1,-1
ENSMUSG00000038065-S,"2-Methylcyclohexanol, (Z)",,-0.8999999999999998,-0.8660254037844387,-0.961919879757386,,1,-1,-1,-1
ENSMUSG00000038065-S,3-(4-Methoxyphenyl)coumarin,,1.0,,1.0,,1,-1,-1,-1
ENSMUSG00000038065-S,"4,5-Dihydro-1H-pyrazole",,,,1.0,,1,-1,-1,-1
ENSMUSG00000038065-S,L-Ornithine,,,,1.0,,1,-1,-1,-1
ENSMUSG00000038065-S,L-Val-L-Leu,,-1.0,,-1.0,,1,-1,-1,-1
ENSMUSG00000038115-S,"1,2-Cinnolinedicarboxylic acid, 1,2,3,5,6,7,8,8a-octahydro-4-trimethylsilyloxy-, diethyl ester",,,,-1.0,,1,-1,-1,-1
ENSMUSG00000038115-S,2-Buten-1-ol,,,,-1.0,,1,-1,-1,-1
ENSMUSG00000038115-S,2-Norbornanemethanol,,,,-1.0,,1,-1,-1,-1
ENSMUSG00000038115-S,4-tert-Butyldimethylsiloxy-3-penten-2-one,,1.0,,1.0,,1,-1,-1,-1
ENSMUSG00000038115-S,5-Nitroso-8-quinolinol,,,,-1.0,,1,-1,-1,-1
ENSMUSG00000038115-S,7-Hydroxy-4-(methoxymethyl)coumarin,,1.0,,1.0,,1,-1,-1,-1
ENSMUSG00000038115-S,Adipoyl-L-carnitine,,1.0,,1.0,,1,-1,-1,-1
ENSMUSG00000038115-S,Chlorobenzilate,,,,-1.0,,1,-1,-1,-1
ENSMUSG00000038115-S,L-Glutamic acid,,,,-1.0,,1,-1,-1,-1
ENSMUSG00000038115-S,"l-Leucine, n-butoxycarbonyl-N-methyl-, hexadecyl ester",,,,1.0,,1,-1,-1,-1
ENSMUSG00000038115-S,L-Ornithine,,,,-1.0,,1,-1,-1,-1
ENSMUSG00000038115-S,Octacosanol,,-1.0,,-1.0,,1,-1,-1,-1
ENSMUSG00000038115-S,Sarcosine,,,,1.0,,1,-1,-1,-1
ENSMUSG00000038115-S,Stearic acid,,1.0,0.5,0.9642857142857144,,1,-1,-1,-1
ENSMUSG00000038168-S,"1,2-Cinnolinedicarboxylic acid, 1,2,3,5,6,7,8,8a-octahydro-4-trimethylsilyloxy-, diethyl ester",,,,1.0,,1,-1,-1,-1
ENSMUSG00000038168-S,2-Buten-1-ol,,,,1.0,,1,-1,-1,-1
ENSMUSG00000038168-S,4-tert-Butyldimethylsiloxy-3-penten-2-one,,-1.0,,-1.0,,1,-1,-1,-1
ENSMUSG00000038168-S,7-Hydroxy-4-(methoxymethyl)coumarin,,1.0,,1.0,,1,-1,-1,-1
ENSMUSG00000038168-S,"Benzene, 1-ethyl-3,5-dimethyl",,,,1.0,,1,-1,-1,-1
ENSMUSG00000038168-S,L-(+)-Threose,,1.0,,1.0,,1,-1,-1,-1
ENSMUSG00000038168-S,"l-Leucine, n-butoxycarbonyl-N-methyl-, hexadecyl ester",,,,-1.0,,1,-1,-1,-1
ENSMUSG00000038168-S,tert-butyl(dimethyl)silyl-2-([tert-butyl(dimethyl)silyl]oxy)hex-2-enoate,,1.0,,1.0,,1,-1,-1,-1
ENSMUSG00000038365-S,"1,2-Cinnolinedicarboxylic acid, 1,2,3,5,6,7,8,8a-octahydro-4-trimethylsilyloxy-, diethyl ester",,,,-1.0,,1,-1,-1,-1
ENSMUSG00000038365-S,"2,4-Dimethoxybenzaldoxime",,,,1.0,,1,-1,-1,-1
ENSMUSG00000038365-S,3-(4-Methoxyphenyl)coumarin,,-1.0,,-1.0,,1,-1,-1,-1
ENSMUSG00000038365-S,5-Nitroso-8-quinolinol,,,,1.0,,1,-1,-1,-1
ENSMUSG00000038365-S,7-Hydroxy-4-(methoxymethyl)coumarin,,-1.0,,-1.0,,1,-1,-1,-1
ENSMUSG00000038365-S,"l-Leucine, n-butoxycarbonyl-N-methyl-, hexadecyl ester",,,,-1.0,,1,-1,-1,-1
ENSMUSG00000038374-S,"1-Pentene, 1,3-diphenyl-1-(trimethylsilyloxy)-",,,,1.0,,1,-1,-1,-1
ENSMUSG00000038374-S,2-Ethyl-1-butanol,,,,1.0,,1,-1,-1,-1
ENSMUSG00000038374-S,2-Norbornanemethanol,,,,-1.0,,1,-1,-1,-1
ENSMUSG00000038374-S,3-(4-Methoxyphenyl)coumarin,,1.0,,1.0,,1,-1,-1,-1
ENSMUSG00000038374-S,L-Pyroglutamic acid,,,,1.0,,1,-1,-1,-1
ENSMUSG00000038374-S,L-Serine,,,,1.0,,1,-1,-1,-1
ENSMUSG00000038374-S,Palmitic Acid,,1.0,,1.0,,1,-1,-1,-1
ENSMUSG00000038374-S,tert-butyl(dimethyl)silyl-2-([tert-butyl(dimethyl)silyl]oxy)hex-2-enoate,,1.0,,1.0,,1,-1,-1,-1
ENSMUSG00000038503-S,"1,2-Cinnolinedicarboxylic acid, 1,2,3,5,6,7,8,8a-octahydro-4-trimethylsilyloxy-, diethyl ester",,,,-1.0,,1,-1,-1,-1
ENSMUSG00000038503-S,2-Buten-1-ol,,,,-1.0,,1,-1,-1,-1
ENSMUSG00000038503-S,2-Norbornanemethanol,,,,1.0,,1,-1,-1,-1
ENSMUSG00000038503-S,3-(4-Methoxyphenyl)coumarin,,-1.0,,-1.0,,1,-1,-1,-1
ENSMUSG00000038503-S,5-Nitroso-8-quinolinol,,,,-1.0,,1,-1,-1,-1
ENSMUSG00000038503-S,"Benzene, 1-ethyl-3,5-dimethyl",,,,1.0,,1,-1,-1,-1
ENSMUSG00000038503-S,Chlorobenzilate,,,,-1.0,,1,-1,-1,-1
ENSMUSG00000038503-S,"l-Leucine, n-butoxycarbonyl-N-methyl-, hexadecyl ester",,,,1.0,,1,-1,-1,-1
ENSMUSG00000038503-S,tert-butyl(dimethyl)silyl-2-([tert-butyl(dimethyl)silyl]oxy)hex-2-enoate,,-1.0,,-1.0,,1,-1,-1,-1
ENSMUSG00000038524-S,"1,2-Cinnolinedicarboxylic acid, 1,2,3,5,6,7,8,8a-octahydro-4-trimethylsilyloxy-, diethyl ester",,,,1.0,,1,-1,-1,-1
ENSMUSG00000038524-S,3-(4-Methoxyphenyl)coumarin,,1.0,,1.0,,1,-1,-1,-1
ENSMUSG00000038524-S,L-Ornithine,,,,1.0,,1,-1,-1,-1
ENSMUSG00000038524-S,L-Val-L-Leu,,-1.0,,-1.0,,1,-1,-1,-1
ENSMUSG00000038524-S,Sarcosine,,,,-1.0,,1,-1,-1,-1
ENSMUSG00000038563-S,"1,2-Bis(trimethylsiloxy)cyclohexene",,,,-1.0,,1,-1,-1,-1
ENSMUSG00000038563-S,5-Nitroso-8-quinolinol,,,,-1.0,,1,-1,-1,-1
ENSMUSG00000038563-S,Butyric Acid,,-0.9746794344808964,-1.0,-0.94120970363394,-1.0,1,1,1,1
ENSMUSG00000038563-S,Diclofenac,,,,-1.0,,1,-1,-1,-1
ENSMUSG00000038563-S,Hexanoic acid,,-0.8720815992723809,-1.0,-0.9030259356496028,-1.0,1,1,1,1
ENSMUSG00000038563-S,L-Pyroglutamic acid,,,,-1.0,,1,-1,-1,-1
ENSMUSG00000038563-S,L-Serine,,,,-1.0,,1,-1,-1,-1
ENSMUSG00000038563-S,L-Val-L-Leu,,-1.0,,-1.0,,1,-1,-1,-1
ENSMUSG00000038564-S,2-Ethyl-1-butanol,,,,1.0,,1,-1,-1,-1
ENSMUSG00000038564-S,"2-Methylcyclohexylamine, tert.-butyldimethylsilyl ether",,1.0,,1.0,,1,-1,-1,-1
ENSMUSG00000038564-S,2-Norbornanemethanol,,,,-1.0,,1,-1,-1,-1
ENSMUSG00000038564-S,4-tert-Butyldimethylsiloxy-3-penten-2-one,,-1.0,,-1.0,,1,-1,-1,-1
ENSMUSG00000038564-S,7-Hydroxy-4-(methoxymethyl)coumarin,,1.0,,1.0,,1,-1,-1,-1
ENSMUSG00000038564-S,L-(+)-Threose,,1.0,,1.0,,1,-1,-1,-1
ENSMUSG00000038564-S,"l-Leucine, n-butoxycarbonyl-N-methyl-, hexadecyl ester",,,,-1.0,,1,-1,-1,-1
ENSMUSG00000038564-S,tert-butyl(dimethyl)silyl-2-([tert-butyl(dimethyl)silyl]oxy)hex-2-enoate,,1.0,,1.0,,1,-1,-1,-1
ENSMUSG00000038602-S,"1,2-Cinnolinedicarboxylic acid, 1,2,3,5,6,7,8,8a-octahydro-4-trimethylsilyloxy-, diethyl ester",,,,-1.0,,1,-1,-1,-1
ENSMUSG00000038602-S,2-Ethyl-1-butanol,,,,1.0,,1,-1,-1,-1
ENSMUSG00000038602-S,2-Norbornanemethanol,,,,-1.0,,1,-1,-1,-1
ENSMUSG00000038602-S,Diclofenac,,,,1.0,,1,-1,-1,-1
ENSMUSG00000038602-S,L-Pyroglutamic acid,,,,1.0,,1,-1,-1,-1
ENSMUSG00000038602-S,L-Serine,,,,1.0,,1,-1,-1,-1
ENSMUSG00000038602-S,L-Val-L-Leu,,1.0,,1.0,,1,-1,-1,-1
ENSMUSG00000038602-S,tert-butyl(dimethyl)silyl-2-([tert-butyl(dimethyl)silyl]oxy)hex-2-enoate,,1.0,,1.0,,1,-1,-1,-1
ENSMUSG00000038665-S,2-Ethyl-1-butanol,,,,1.0,,1,-1,-1,-1
ENSMUSG00000038665-S,5-Nitroso-8-quinolinol,,,,1.0,,1,-1,-1,-1
ENSMUSG00000038665-S,"Benzene, 1-ethyl-3,5-dimethyl",,,,1.0,,1,-1,-1,-1
ENSMUSG00000038665-S,"l-Leucine, n-butoxycarbonyl-N-methyl-, hexadecyl ester",,,,-1.0,,1,-1,-1,-1
ENSMUSG00000038665-S,L-Valine,,0.8999999999999998,1.0,0.9333333333333332,,1,-1,-1,-1
ENSMUSG00000038665-S,Xylazine,,0.8999999999999998,1.0,0.9539832459815244,1.0,1,1,1,1
ENSMUSG00000038677-S,"1,2-Bis(trimethylsiloxy)cyclohexene",,,,1.0,,1,-1,-1,-1
ENSMUSG00000038677-S,"2,4-Dimethoxybenzaldoxime",,,,1.0,,1,-1,-1,-1
ENSMUSG00000038677-S,2-Buten-1-ol,,,,1.0,,1,-1,-1,-1
ENSMUSG00000038677-S,2-Norbornanemethanol,,,,-1.0,,1,-1,-1,-1
ENSMUSG00000038677-S,5-Nitroso-8-quinolinol,,,,1.0,,1,-1,-1,-1
ENSMUSG00000038677-S,Benzeneacetic acid,,-1.0,,-1.0,,1,-1,-1,-1
ENSMUSG00000038677-S,Diclofenac,,,,1.0,,1,-1,-1,-1
ENSMUSG00000038677-S,L-Pyroglutamic acid,,,,1.0,,1,-1,-1,-1
ENSMUSG00000038677-S,L-Serine,,,,1.0,,1,-1,-1,-1
ENSMUSG00000038773-S,"1,2-Cinnolinedicarboxylic acid, 1,2,3,5,6,7,8,8a-octahydro-4-trimethylsilyloxy-, diethyl ester",,,,1.0,,1,-1,-1,-1
ENSMUSG00000038773-S,2-Buten-1-ol,,,,1.0,,1,-1,-1,-1
ENSMUSG00000038773-S,2-Norbornanemethanol,,,,1.0,,1,-1,-1,-1
ENSMUSG00000038773-S,4-tert-Butyldimethylsiloxy-3-penten-2-one,,-1.0,,-1.0,,1,-1,-1,-1
ENSMUSG00000038773-S,5-Nitroso-8-quinolinol,,,,1.0,,1,-1,-1,-1
ENSMUSG00000038773-S,"l-Leucine, n-butoxycarbonyl-N-methyl-, hexadecyl ester",,,,-1.0,,1,-1,-1,-1
ENSMUSG00000038773-S,L-Ornithine,,,,1.0,,1,-1,-1,-1
ENSMUSG00000038773-S,Octacosanol,,1.0,,1.0,,1,-1,-1,-1
ENSMUSG00000038773-S,Sarcosine,,,,-1.0,,1,-1,-1,-1
ENSMUSG00000038780-S,"1-Pentene, 1,3-diphenyl-1-(trimethylsilyloxy)-",,,,1.0,,1,-1,-1,-1
ENSMUSG00000038780-S,2-Norbornanemethanol,,,,-1.0,,1,-1,-1,-1
ENSMUSG00000038780-S,"l-Leucine, n-butoxycarbonyl-N-methyl-, hexadecyl ester",,,,-1.0,,1,-1,-1,-1
ENSMUSG00000038780-S,Trimethylolpropane,,1.0,,0.9856107606091624,-1.0,1,-1,-1,-1
ENSMUSG00000038884-S,2-Norbornanemethanol,,,,-1.0,,1,-1,-1,-1
ENSMUSG00000038884-S,4-tert-Butyldimethylsiloxy-3-penten-2-one,,-1.0,,-1.0,,1,-1,-1,-1
ENSMUSG00000038884-S,5-Nitroso-8-quinolinol,,,,1.0,,1,-1,-1,-1
ENSMUSG00000038884-S,7-Hydroxy-4-(methoxymethyl)coumarin,,1.0,,1.0,,1,-1,-1,-1
ENSMUSG00000038884-S,L-(+)-Threose,,1.0,,1.0,,1,-1,-1,-1
ENSMUSG00000038884-S,"l-Leucine, n-butoxycarbonyl-N-methyl-, hexadecyl ester",,,,-1.0,,1,-1,-1,-1
ENSMUSG00000038884-S,Norephedrine,,0.5,1.0,0.9642857142857144,,1,-1,-1,-1
ENSMUSG00000038884-S,tert-butyl(dimethyl)silyl-2-([tert-butyl(dimethyl)silyl]oxy)hex-2-enoate,,1.0,,1.0,,1,-1,-1,-1
ENSMUSG00000038894-S,"2,4-Dimethoxybenzaldoxime",,,,-1.0,,1,-1,-1,-1
ENSMUSG00000038894-S,2-Buten-1-ol,,,,-1.0,,1,-1,-1,-1
ENSMUSG00000038894-S,3-(4-Methoxyphenyl)coumarin,,1.0,,1.0,,1,-1,-1,-1
ENSMUSG00000038894-S,5-Nitroso-8-quinolinol,,,,-1.0,,1,-1,-1,-1
ENSMUSG00000038894-S,7-Hydroxy-4-(methoxymethyl)coumarin,,-1.0,,-1.0,,1,-1,-1,-1
ENSMUSG00000038894-S,"Benzene, 1-ethyl-3,5-dimethyl",,,,-1.0,,1,-1,-1,-1
ENSMUSG00000038894-S,L-(+)-Threose,,-1.0,,-1.0,,1,-1,-1,-1
ENSMUSG00000038894-S,"l-Leucine, n-butoxycarbonyl-N-methyl-, hexadecyl ester",,,,1.0,,1,-1,-1,-1
ENSMUSG00000038894-S,L-Ornithine,,,,-1.0,,1,-1,-1,-1
ENSMUSG00000038970-S,"1,2-Bis(trimethylsiloxy)cyclohexene",,,,1.0,,1,-1,-1,-1
ENSMUSG00000038970-S,"1,2-Cinnolinedicarboxylic acid, 1,2,3,5,6,7,8,8a-octahydro-4-trimethylsilyloxy-, diethyl ester",,,,-1.0,,1,-1,-1,-1
ENSMUSG00000038970-S,4-tert-Butyldimethylsiloxy-3-penten-2-one,,1.0,,1.0,,1,-1,-1,-1
ENSMUSG00000038970-S,6-Nitroveratryl alcohol,,,,1.0,,1,-1,-1,-1
ENSMUSG00000038970-S,7-Hydroxy-4-(methoxymethyl)coumarin,,1.0,,1.0,,1,-1,-1,-1
ENSMUSG00000038970-S,L-Serine,,,,1.0,,1,-1,-1,-1
ENSMUSG00000038970-S,tert-butyl(dimethyl)silyl-2-([tert-butyl(dimethyl)silyl]oxy)hex-2-enoate,,-1.0,,-1.0,,1,-1,-1,-1
ENSMUSG00000038984-S,"1,2-Bis(trimethylsiloxy)cyclohexene",,,,1.0,,1,-1,-1,-1
ENSMUSG00000038984-S,"1,2-Cinnolinedicarboxylic acid, 1,2,3,5,6,7,8,8a-octahydro-4-trimethylsilyloxy-, diethyl ester",,,,-1.0,,1,-1,-1,-1
ENSMUSG00000038984-S,2-Norbornanemethanol,,,,-1.0,,1,-1,-1,-1
ENSMUSG00000038984-S,4-Methylvaleric acid,,0.7999999999999999,1.0,0.9523809523809524,,1,-1,-1,-1
ENSMUSG00000038984-S,4-tert-Butyldimethylsiloxy-3-penten-2-one,,1.0,,1.0,,1,-1,-1,-1
ENSMUSG00000038984-S,5-Oxohexanoic Acid,,0.5642880936468347,0.5,0.912141875543738,1.0,1,1,1,1
ENSMUSG00000038984-S,Adipoyl-L-carnitine,,1.0,,1.0,,1,-1,-1,-1
ENSMUSG00000038984-S,L-Lysine,,0.8999999999999998,1.0,0.9,,1,-1,-1,-1
ENSMUSG00000038984-S,L-Pyroglutamic acid,,,,1.0,,1,-1,-1,-1
ENSMUSG00000038984-S,L-Serine,,,,1.0,,1,-1,-1,-1
ENSMUSG00000038984-S,Lupinine,,1.0,,1.0,,1,-1,-1,-1
ENSMUSG00000038984-S,Methyl lactate,,1.0,1.0,0.9940297973880048,,1,-1,-1,-1
ENSMUSG00000039202-S,"1,2-Bis(trimethylsiloxy)cyclohexene",,,,1.0,,1,-1,-1,-1
ENSMUSG00000039202-S,"1,2-Cinnolinedicarboxylic acid, 1,2,3,5,6,7,8,8a-octahydro-4-trimethylsilyloxy-, diethyl ester",,,,-1.0,,1,-1,-1,-1
ENSMUSG00000039202-S,"2,4-Dimethoxybenzaldoxime",,,,1.0,,1,-1,-1,-1
ENSMUSG00000039202-S,2-Norbornanemethanol,,,,-1.0,,1,-1,-1,-1
ENSMUSG00000039202-S,3-(4-Methoxyphenyl)coumarin,,-1.0,,-1.0,,1,-1,-1,-1
ENSMUSG00000039202-S,5-Nitroso-8-quinolinol,,,,1.0,,1,-1,-1,-1
ENSMUSG00000039202-S,Diclofenac,,,,1.0,,1,-1,-1,-1
ENSMUSG00000039202-S,Hexacosanoic acid,,0.9746794344808964,,0.981980506061966,-1.0,1,-1,-1,-1
ENSMUSG00000039202-S,L-(+)-Threose,,1.0,,1.0,,1,-1,-1,-1
ENSMUSG00000039202-S,L-Serine,,,,1.0,,1,-1,-1,-1
ENSMUSG00000039375-S,"1,2-Cinnolinedicarboxylic acid, 1,2,3,5,6,7,8,8a-octahydro-4-trimethylsilyloxy-, diethyl ester",,,,-1.0,,1,-1,-1,-1
ENSMUSG00000039375-S,2-Ethyl-1-butanol,,,,1.0,,1,-1,-1,-1
ENSMUSG00000039375-S,2-Norbornanemethanol,,,,-1.0,,1,-1,-1,-1
ENSMUSG00000039375-S,4-tert-Butyldimethylsiloxy-3-penten-2-one,,1.0,,1.0,,1,-1,-1,-1
ENSMUSG00000039375-S,Adipoyl-L-carnitine,,1.0,,1.0,,1,-1,-1,-1
ENSMUSG00000039375-S,"l-Leucine, n-butoxycarbonyl-N-methyl-, hexadecyl ester",,,,-1.0,,1,-1,-1,-1
ENSMUSG00000039375-S,L-Lysine,,0.8999999999999998,1.0,0.9,,1,-1,-1,-1
ENSMUSG00000039375-S,Lupinine,,1.0,,1.0,,1,-1,-1,-1
ENSMUSG00000039611-S,"1-Pentene, 1,3-diphenyl-1-(trimethylsilyloxy)-",,,,1.0,,1,-1,-1,-1
ENSMUSG00000039611-S,"2-Methylcyclohexanol, (Z)",,-1.0,-0.8660254037844387,-0.9363821838346236,,1,-1,-1,-1
ENSMUSG00000039611-S,3-(4-Methoxyphenyl)coumarin,,1.0,,1.0,,1,-1,-1,-1
ENSMUSG00000039611-S,"4,5-Dihydro-1H-pyrazole",,,,1.0,,1,-1,-1,-1
ENSMUSG00000039611-S,L-(+)-Threose,,-1.0,,-1.0,,1,-1,-1,-1
ENSMUSG00000039611-S,L-Glutamic acid,,,,-1.0,,1,-1,-1,-1
ENSMUSG00000039611-S,L-Val-L-Leu,,-1.0,,-1.0,,1,-1,-1,-1
ENSMUSG00000039629-S,"1,2-Cinnolinedicarboxylic acid, 1,2,3,5,6,7,8,8a-octahydro-4-trimethylsilyloxy-, diethyl ester",,,,-1.0,,1,-1,-1,-1
ENSMUSG00000039629-S,"2,4-Dimethoxybenzaldoxime",,,,1.0,,1,-1,-1,-1
ENSMUSG00000039629-S,2-Ethyl-1-butanol,,,,1.0,,1,-1,-1,-1
ENSMUSG00000039629-S,3-(4-Methoxyphenyl)coumarin,,-1.0,,-1.0,,1,-1,-1,-1
ENSMUSG00000039629-S,"Benzene, 1-ethyl-3,5-dimethyl",,,,1.0,,1,-1,-1,-1
ENSMUSG00000039629-S,Diclofenac,,,,1.0,,1,-1,-1,-1
ENSMUSG00000039629-S,"l-Norvaline, n-propargyloxycarbonyl-, isohexyl ester",,-1.0,,-1.0,-1.0,1,1,1,1
ENSMUSG00000039629-S,L-Pyroglutamic acid,,,,1.0,,1,-1,-1,-1
ENSMUSG00000039629-S,L-Serine,,,,1.0,,1,-1,-1,-1
ENSMUSG00000039629-S,L-Val-L-Leu,,1.0,,1.0,,1,-1,-1,-1
ENSMUSG00000039629-S,Xylazine,,1.0,1.0,0.8954053273686237,1.0,1,1,1,1
ENSMUSG00000039637-S,"(2,5-Dimethoxyphenyl)acetone",,-0.7,-1.0,-0.9288784237188524,-1.0,1,1,1,1
ENSMUSG00000039637-S,"1-Pentene, 1,3-diphenyl-1-(trimethylsilyloxy)-",,,,-1.0,,1,-1,-1,-1
ENSMUSG00000039637-S,2-Norbornanemethanol,,,,-1.0,,1,-1,-1,-1
ENSMUSG00000039637-S,3-(4-Methoxyphenyl)coumarin,,1.0,,1.0,,1,-1,-1,-1
ENSMUSG00000039637-S,3-Heptanol,,0.7999999999999999,0.5,0.903773601456181,-1.0,1,-1,-1,-1
ENSMUSG00000039637-S,5-Nitroso-8-quinolinol,,,,1.0,,1,-1,-1,-1
ENSMUSG00000039637-S,"Benzene, 1-ethyl-3,5-dimethyl",,,,-1.0,,1,-1,-1,-1
ENSMUSG00000039637-S,L-(+)-Threose,,-1.0,,-1.0,,1,-1,-1,-1
ENSMUSG00000039637-S,tert-butyl(dimethyl)silyl-2-([tert-butyl(dimethyl)silyl]oxy)hex-2-enoate,,1.0,,1.0,,1,-1,-1,-1
ENSMUSG00000039715-S,"1,2-Cinnolinedicarboxylic acid, 1,2,3,5,6,7,8,8a-octahydro-4-trimethylsilyloxy-, diethyl ester",,,,-1.0,,1,-1,-1,-1
ENSMUSG00000039715-S,4-tert-Butyldimethylsiloxy-3-penten-2-one,,1.0,,1.0,,1,-1,-1,-1
ENSMUSG00000039715-S,7-Hydroxy-4-(methoxymethyl)coumarin,,1.0,,1.0,,1,-1,-1,-1
ENSMUSG00000039715-S,"l-Leucine, n-butoxycarbonyl-N-methyl-, hexadecyl ester",,,,-1.0,,1,-1,-1,-1
ENSMUSG00000039715-S,Monocaproin,,1.0,,1.0,,1,-1,-1,-1
ENSMUSG00000039715-S,tert-butyl(dimethyl)silyl-2-([tert-butyl(dimethyl)silyl]oxy)hex-2-enoate,,-1.0,,-1.0,,1,-1,-1,-1
ENSMUSG00000039716-S,2-Ethyl-1-butanol,,,,1.0,,1,-1,-1,-1
ENSMUSG00000039716-S,"2-Methylcyclohexylamine, tert.-butyldimethylsilyl ether",,1.0,,1.0,,1,-1,-1,-1
ENSMUSG00000039716-S,2-Norbornanemethanol,,,,-1.0,,1,-1,-1,-1
ENSMUSG00000039716-S,3-(4-Methoxyphenyl)coumarin,,-1.0,,-1.0,,1,-1,-1,-1
ENSMUSG00000039716-S,L-(+)-Threose,,1.0,,1.0,,1,-1,-1,-1
ENSMUSG00000039716-S,"l-Leucine, n-butoxycarbonyl-N-methyl-, hexadecyl ester",,,,-1.0,,1,-1,-1,-1
ENSMUSG00000039771-S,"1,2-Bis(trimethylsiloxy)cyclohexene",,,,1.0,,1,-1,-1,-1
ENSMUSG00000039771-S,"1-Pentene, 1,3-diphenyl-1-(trimethylsilyloxy)-",,,,1.0,,1,-1,-1,-1
ENSMUSG00000039771-S,"2,6-di-tert-Butyl-4-(dimethylaminomethyl)phenol",,1.0,,1.0,,1,-1,-1,-1
ENSMUSG00000039771-S,2-Ethyl-1-butanol,,,,1.0,,1,-1,-1,-1
ENSMUSG00000039771-S,7-Hydroxy-4-(methoxymethyl)coumarin,,1.0,,1.0,,1,-1,-1,-1
ENSMUSG00000039771-S,L-Serine,,,,1.0,,1,-1,-1,-1
ENSMUSG00000039771-S,L-Val-L-Leu,,1.0,,1.0,,1,-1,-1,-1
ENSMUSG00000039804-S,"1,2-Cinnolinedicarboxylic acid, 1,2,3,5,6,7,8,8a-octahydro-4-trimethylsilyloxy-, diethyl ester",,,,-1.0,,1,-1,-1,-1
ENSMUSG00000039804-S,2-Ethyl-1-butanol,,,,1.0,,1,-1,-1,-1
ENSMUSG00000039804-S,2-Norbornanemethanol,,,,-1.0,,1,-1,-1,-1
ENSMUSG00000039804-S,4-tert-Butyldimethylsiloxy-3-penten-2-one,,1.0,,1.0,,1,-1,-1,-1
ENSMUSG00000039804-S,5-Nitroso-8-quinolinol,,,,-1.0,,1,-1,-1,-1
ENSMUSG00000039804-S,Adipoyl-L-carnitine,,1.0,,1.0,,1,-1,-1,-1
ENSMUSG00000039804-S,Chlorobenzilate,,,,-1.0,,1,-1,-1,-1
ENSMUSG00000039804-S,L-(+)-Threose,,-1.0,,-1.0,,1,-1,-1,-1
ENSMUSG00000039804-S,L-Serine,,,,1.0,,1,-1,-1,-1
ENSMUSG00000039804-S,Supraene,,-0.7999999999999999,,-0.9642857142857144,,1,-1,-1,-1
ENSMUSG00000039954-S,"1,2-Cinnolinedicarboxylic acid, 1,2,3,5,6,7,8,8a-octahydro-4-trimethylsilyloxy-, diethyl ester",,,,-1.0,,1,-1,-1,-1
ENSMUSG00000039954-S,"2,4,6-Cycloheptatrien-1-one",,,,1.0,-1.0,1,-1,-1,-1
ENSMUSG00000039954-S,2-Ethyl-1-butanol,,,,1.0,,1,-1,-1,-1
ENSMUSG00000039954-S,2-Norbornanemethanol,,,,-1.0,,1,-1,-1,-1
ENSMUSG00000039954-S,3-(4-Methoxyphenyl)coumarin,,-1.0,,-1.0,,1,-1,-1,-1
ENSMUSG00000039954-S,"Benzene, 1-ethyl-3,5-dimethyl",,,,-1.0,,1,-1,-1,-1
ENSMUSG00000039954-S,"l-Leucine, n-butoxycarbonyl-N-methyl-, hexadecyl ester",,,,-1.0,,1,-1,-1,-1
ENSMUSG00000039960-S,"(2R)-Pyrrolidine-1,2-dicarboxylic acid, bis(tert-butyldimethylsilyl) ester",,-0.6,-1.0,-0.9166666666666666,,1,-1,-1,-1
ENSMUSG00000039960-S,"1,2-Bis(trimethylsiloxy)cyclohexene",,,,-1.0,,1,-1,-1,-1
ENSMUSG00000039960-S,7-Hydroxy-4-(methoxymethyl)coumarin,,-1.0,,-1.0,,1,-1,-1,-1
ENSMUSG00000039960-S,"Benzene, 1-ethyl-3,5-dimethyl",,,,-1.0,,1,-1,-1,-1
ENSMUSG00000039960-S,"Erythrono-1,4-lactone",,-1.0,-1.0,-0.9539832459815244,-1.0,1,1,1,1
ENSMUSG00000039960-S,L-Val-L-Leu,,-1.0,,-1.0,,1,-1,-1,-1
ENSMUSG00000039960-S,Sulindac,,-1.0,,-1.0,,1,-1,-1,-1
ENSMUSG00000039960-S,tert-butyl(dimethyl)silyl-2-([tert-butyl(dimethyl)silyl]oxy)hex-2-enoate,,-1.0,,-1.0,,1,-1,-1,-1
ENSMUSG00000039982-S,"1-Pentene, 1,3-diphenyl-1-(trimethylsilyloxy)-",,,,1.0,,1,-1,-1,-1
ENSMUSG00000039982-S,"3,3-Dimethylacrylic acid",,,,1.0,,1,-1,-1,-1
ENSMUSG00000039982-S,"4,5-Dihydro-1H-pyrazole",,,,1.0,,1,-1,-1,-1
ENSMUSG00000039982-S,7-Hydroxy-4-(methoxymethyl)coumarin,,1.0,,1.0,,1,-1,-1,-1
ENSMUSG00000039982-S,Diclofenac,,,,-1.0,,1,-1,-1,-1
ENSMUSG00000039982-S,L-Ornithine,,,,1.0,,1,-1,-1,-1
ENSMUSG00000040055-S,"1,2-Cinnolinedicarboxylic acid, 1,2,3,5,6,7,8,8a-octahydro-4-trimethylsilyloxy-, diethyl ester",,,,-1.0,,1,-1,-1,-1
ENSMUSG00000040055-S,"1-Pentene, 1,3-diphenyl-1-(trimethylsilyloxy)-",,,,1.0,,1,-1,-1,-1
ENSMUSG00000040055-S,2-Buten-1-ol,,,,-1.0,,1,-1,-1,-1
ENSMUSG00000040055-S,L-(+)-Threose,,1.0,,1.0,,1,-1,-1,-1
ENSMUSG00000040055-S,"l-Leucine, n-butoxycarbonyl-N-methyl-, hexadecyl ester",,,,1.0,,1,-1,-1,-1
ENSMUSG00000040055-S,L-Val-L-Leu,,-1.0,,-1.0,,1,-1,-1,-1
ENSMUSG00000040055-S,tert-butyl(dimethyl)silyl-2-([tert-butyl(dimethyl)silyl]oxy)hex-2-enoate,,-1.0,,-1.0,,1,-1,-1,-1
ENSMUSG00000040112-S,"2,4-Dimethoxybenzaldoxime",,,,1.0,,1,-1,-1,-1
ENSMUSG00000040112-S,2-Ethyl-1-butanol,,,,1.0,,1,-1,-1,-1
ENSMUSG00000040112-S,"2-Methylcyclohexylamine, tert.-butyldimethylsilyl ether",,1.0,,1.0,,1,-1,-1,-1
ENSMUSG00000040112-S,2-Norbornanemethanol,,,,-1.0,,1,-1,-1,-1
ENSMUSG00000040112-S,3-(4-Methoxyphenyl)coumarin,,-1.0,,-1.0,,1,-1,-1,-1
ENSMUSG00000040112-S,L-(+)-Threose,,1.0,,1.0,,1,-1,-1,-1
ENSMUSG00000040112-S,L-Pyroglutamic acid,,,,1.0,,1,-1,-1,-1
ENSMUSG00000040112-S,L-Serine,,,,1.0,,1,-1,-1,-1
ENSMUSG00000040219-S,"1-Pentene, 1,3-diphenyl-1-(trimethylsilyloxy)-",,,,1.0,,1,-1,-1,-1
ENSMUSG00000040219-S,"2,4-Dimethoxybenzaldoxime",,,,1.0,,1,-1,-1,-1
ENSMUSG00000040219-S,2-Butoxyethanol,,0.8999999999999998,1.0,0.903773601456181,-1.0,1,-1,-1,-1
ENSMUSG00000040219-S,2-Ethyl-1-butanol,,,,1.0,,1,-1,-1,-1
ENSMUSG00000040219-S,3-(4-Methoxyphenyl)coumarin,,-1.0,,-1.0,,1,-1,-1,-1
ENSMUSG00000040219-S,7-Hydroxy-4-(methoxymethyl)coumarin,,1.0,,1.0,,1,-1,-1,-1
ENSMUSG00000040219-S,"Benzene, 1-ethyl-3,5-dimethyl",,,,1.0,,1,-1,-1,-1
ENSMUSG00000040219-S,Diclofenac,,,,1.0,,1,-1,-1,-1
ENSMUSG00000040219-S,L-(+)-Threose,,1.0,,1.0,,1,-1,-1,-1
ENSMUSG00000040219-S,Leucylglycine,,-0.8999999999999998,-0.5,-0.9523809523809524,,1,-1,-1,-1
ENSMUSG00000040219-S,L-Serine,,,,1.0,,1,-1,-1,-1
ENSMUSG00000040236-S,"1,2-Cinnolinedicarboxylic acid, 1,2,3,5,6,7,8,8a-octahydro-4-trimethylsilyloxy-, diethyl ester",,,,-1.0,,1,-1,-1,-1
ENSMUSG00000040236-S,"1-Pentene, 1,3-diphenyl-1-(trimethylsilyloxy)-",,,,1.0,,1,-1,-1,-1
ENSMUSG00000040236-S,"2,6-di-tert-Butyl-4-(dimethylaminomethyl)phenol",,1.0,,1.0,,1,-1,-1,-1
ENSMUSG00000040236-S,7-Hydroxy-4-(methoxymethyl)coumarin,,1.0,,1.0,,1,-1,-1,-1
ENSMUSG00000040236-S,Diclofenac,,,,1.0,,1,-1,-1,-1
ENSMUSG00000040236-S,L-Glutamic acid,,,,-1.0,,1,-1,-1,-1
ENSMUSG00000040236-S,"l-Leucine, n-butoxycarbonyl-N-methyl-, hexadecyl ester",,,,1.0,,1,-1,-1,-1
ENSMUSG00000040236-S,L-Serine,,,,1.0,,1,-1,-1,-1
ENSMUSG00000040236-S,L-Val-L-Leu,,1.0,,1.0,,1,-1,-1,-1
ENSMUSG00000040272-S,3-(4-Methoxyphenyl)coumarin,,-1.0,,-1.0,,1,-1,-1,-1
ENSMUSG00000040272-S,L-Val-L-Leu,,1.0,,1.0,,1,-1,-1,-1
ENSMUSG00000040289-S,2-Ethyl-1-butanol,,,,1.0,,1,-1,-1,-1
ENSMUSG00000040289-S,"2-Methylcyclohexylamine, tert.-butyldimethylsilyl ether",,1.0,,1.0,,1,-1,-1,-1
ENSMUSG00000040289-S,2-Norbornanemethanol,,,,-1.0,,1,-1,-1,-1
ENSMUSG00000040289-S,3-(4-Methoxyphenyl)coumarin,,-1.0,,-1.0,,1,-1,-1,-1
ENSMUSG00000040289-S,L-(+)-Threose,,1.0,,1.0,,1,-1,-1,-1
ENSMUSG00000040289-S,"l-Leucine, n-butoxycarbonyl-N-methyl-, hexadecyl ester",,,,-1.0,,1,-1,-1,-1
ENSMUSG00000040363-S,"1,2-Bis(trimethylsiloxy)cyclohexene",,,,1.0,,1,-1,-1,-1
ENSMUSG00000040363-S,"1,2-Cinnolinedicarboxylic acid, 1,2,3,5,6,7,8,8a-octahydro-4-trimethylsilyloxy-, diethyl ester",,,,-1.0,,1,-1,-1,-1
ENSMUSG00000040363-S,Chlorobenzilate,,,,-1.0,,1,-1,-1,-1
ENSMUSG00000040363-S,Diclofenac,,,,1.0,,1,-1,-1,-1
ENSMUSG00000040363-S,L-Serine,,,,1.0,,1,-1,-1,-1
ENSMUSG00000040380-S,4-tert-Butyldimethylsiloxy-3-penten-2-one,,-1.0,,-1.0,,1,-1,-1,-1
ENSMUSG00000040380-S,6-Nitroveratryl alcohol,,,,-1.0,,1,-1,-1,-1
ENSMUSG00000040380-S,L-Val-L-Leu,,-1.0,,-1.0,,1,-1,-1,-1
ENSMUSG00000040447-S,"1,2-Bis(trimethylsiloxy)cyclohexene",,,,-1.0,,1,-1,-1,-1
ENSMUSG00000040447-S,"2,4-Dimethoxybenzaldoxime",,,,-1.0,,1,-1,-1,-1
ENSMUSG00000040447-S,Chlorobenzilate,,,,-1.0,,1,-1,-1,-1
ENSMUSG00000040447-S,Diclofenac,,,,-1.0,,1,-1,-1,-1
ENSMUSG00000040447-S,L-Serine,,,,-1.0,,1,-1,-1,-1
ENSMUSG00000040659-S,"1,2-Bis(trimethylsiloxy)cyclohexene",,,,-1.0,,1,-1,-1,-1
ENSMUSG00000040659-S,"1-Pentene, 1,3-diphenyl-1-(trimethylsilyloxy)-",,,,1.0,,1,-1,-1,-1
ENSMUSG00000040659-S,"2,4-Dimethoxybenzaldoxime",,,,-1.0,,1,-1,-1,-1
ENSMUSG00000040659-S,2-Norbornanemethanol,,,,1.0,,1,-1,-1,-1
ENSMUSG00000040659-S,"3,3-Dimethylacrylic acid",,,,1.0,,1,-1,-1,-1
ENSMUSG00000040659-S,4-tert-Butyldimethylsiloxy-3-penten-2-one,,1.0,,1.0,,1,-1,-1,-1
ENSMUSG00000040659-S,"Benzene, 1-ethyl-3,5-dimethyl",,,,1.0,,1,-1,-1,-1
ENSMUSG00000040659-S,Chlorobenzilate,,,,-1.0,,1,-1,-1,-1
ENSMUSG00000040659-S,L-Serine,,,,-1.0,,1,-1,-1,-1
ENSMUSG00000040659-S,tert-butyl(dimethyl)silyl-2-([tert-butyl(dimethyl)silyl]oxy)hex-2-enoate,,-1.0,,-1.0,,1,-1,-1,-1
ENSMUSG00000040759-S,"1,2-Bis(trimethylsiloxy)cyclohexene",,,,1.0,,1,-1,-1,-1
ENSMUSG00000040759-S,"1,2-Cinnolinedicarboxylic acid, 1,2,3,5,6,7,8,8a-octahydro-4-trimethylsilyloxy-, diethyl ester",,,,-1.0,,1,-1,-1,-1
ENSMUSG00000040759-S,"2,4-Dimethoxybenzaldoxime",,,,1.0,,1,-1,-1,-1
ENSMUSG00000040759-S,3-(4-Methoxyphenyl)coumarin,,-1.0,,-1.0,,1,-1,-1,-1
ENSMUSG00000040759-S,7-Hydroxy-4-(methoxymethyl)coumarin,,-1.0,,-1.0,,1,-1,-1,-1
ENSMUSG00000040759-S,L-Serine,,,,1.0,,1,-1,-1,-1
ENSMUSG00000040850-S,5-Nitroso-8-quinolinol,,,,1.0,,1,-1,-1,-1
ENSMUSG00000040850-S,"Benzene, 1-ethyl-3,5-dimethyl",,,,1.0,,1,-1,-1,-1
ENSMUSG00000040850-S,"l-Leucine, n-butoxycarbonyl-N-methyl-, hexadecyl ester",,,,-1.0,,1,-1,-1,-1
ENSMUSG00000040850-S,L-Val-L-Leu,,1.0,,1.0,,1,-1,-1,-1
ENSMUSG00000040850-S,tert-butyl(dimethyl)silyl-2-([tert-butyl(dimethyl)silyl]oxy)hex-2-enoate,,1.0,,1.0,,1,-1,-1,-1
ENSMUSG00000040875-S,"2,4-Dimethoxybenzaldoxime",,,,-1.0,,1,-1,-1,-1
ENSMUSG00000040875-S,2-Buten-1-ol,,,,-1.0,,1,-1,-1,-1
ENSMUSG00000040875-S,3-(4-Methoxyphenyl)coumarin,,1.0,,1.0,,1,-1,-1,-1
ENSMUSG00000040875-S,5-Nitroso-8-quinolinol,,,,-1.0,,1,-1,-1,-1
ENSMUSG00000040875-S,"Benzene, 1-ethyl-3,5-dimethyl",,,,-1.0,,1,-1,-1,-1
ENSMUSG00000040875-S,L-(+)-Threose,,-1.0,,-1.0,,1,-1,-1,-1
ENSMUSG00000040875-S,"l-Leucine, n-butoxycarbonyl-N-methyl-, hexadecyl ester",,,,1.0,,1,-1,-1,-1
ENSMUSG00000040875-S,L-Val-L-Leu,,-1.0,,-1.0,,1,-1,-1,-1
ENSMUSG00000040875-S,Phytanic acid,,-0.8720815992723809,-1.0,-0.9205101496312952,,1,-1,-1,-1
ENSMUSG00000040913-S,"1,2-Bis(trimethylsiloxy)cyclohexene",,,,1.0,,1,-1,-1,-1
ENSMUSG00000040913-S,"1,2-Cinnolinedicarboxylic acid, 1,2,3,5,6,7,8,8a-octahydro-4-trimethylsilyloxy-, diethyl ester",,,,-1.0,,1,-1,-1,-1
ENSMUSG00000040913-S,"1-Pentene, 1,3-diphenyl-1-(trimethylsilyloxy)-",,,,1.0,,1,-1,-1,-1
ENSMUSG00000040913-S,2-Norbornanemethanol,,,,-1.0,,1,-1,-1,-1
ENSMUSG00000040913-S,Diclofenac,,,,1.0,,1,-1,-1,-1
ENSMUSG00000040913-S,L-Pyroglutamic acid,,,,1.0,,1,-1,-1,-1
ENSMUSG00000040913-S,L-Serine,,,,1.0,,1,-1,-1,-1
ENSMUSG00000040913-S,Lupinine,,1.0,,1.0,,1,-1,-1,-1
ENSMUSG00000040913-S,L-Val-L-Leu,,1.0,,1.0,,1,-1,-1,-1
ENSMUSG00000040913-S,tert-butyl(dimethyl)silyl-2-([tert-butyl(dimethyl)silyl]oxy)hex-2-enoate,,1.0,,1.0,,1,-1,-1,-1
ENSMUSG00000041236-S,"1,2-Cinnolinedicarboxylic acid, 1,2,3,5,6,7,8,8a-octahydro-4-trimethylsilyloxy-, diethyl ester",,,,1.0,,1,-1,-1,-1
ENSMUSG00000041236-S,3-(4-Methoxyphenyl)coumarin,,1.0,,1.0,,1,-1,-1,-1
ENSMUSG00000041236-S,L-Glutamic acid,,,,-1.0,,1,-1,-1,-1
ENSMUSG00000041261-S,"1,2-Bis(trimethylsiloxy)cyclohexene",,,,-1.0,,1,-1,-1,-1
ENSMUSG00000041261-S,"1,2-Cinnolinedicarboxylic acid, 1,2,3,5,6,7,8,8a-octahydro-4-trimethylsilyloxy-, diethyl ester",,,,-1.0,,1,-1,-1,-1
ENSMUSG00000041261-S,"1-Pentene, 1,3-diphenyl-1-(trimethylsilyloxy)-",,,,1.0,,1,-1,-1,-1
ENSMUSG00000041261-S,2-Norbornanemethanol,,,,-1.0,,1,-1,-1,-1
ENSMUSG00000041261-S,3-(4-Methoxyphenyl)coumarin,,-1.0,,-1.0,,1,-1,-1,-1
ENSMUSG00000041261-S,7-Hydroxy-4-(methoxymethyl)coumarin,,1.0,,1.0,,1,-1,-1,-1
ENSMUSG00000041261-S,L-(+)-Threose,,1.0,,1.0,,1,-1,-1,-1
ENSMUSG00000041261-S,L-Glutamic acid,,,,-1.0,,1,-1,-1,-1
ENSMUSG00000041261-S,Octacosanol,,-1.0,,-1.0,,1,-1,-1,-1
ENSMUSG00000041272-S,"2,4-Dimethoxybenzaldoxime",,,,-1.0,,1,-1,-1,-1
ENSMUSG00000041272-S,2-Ethyl-1-butanol,,,,-1.0,,1,-1,-1,-1
ENSMUSG00000041272-S,4-tert-Butyldimethylsiloxy-3-penten-2-one,,1.0,,1.0,,1,-1,-1,-1
ENSMUSG00000041272-S,5-Nitroso-8-quinolinol,,,,-1.0,,1,-1,-1,-1
ENSMUSG00000041272-S,"Benzene, 1-ethyl-3,5-dimethyl",,,,-1.0,,1,-1,-1,-1
ENSMUSG00000041272-S,"l-Leucine, n-butoxycarbonyl-N-methyl-, hexadecyl ester",,,,1.0,,1,-1,-1,-1
ENSMUSG00000041272-S,tert-butyl(dimethyl)silyl-2-([tert-butyl(dimethyl)silyl]oxy)hex-2-enoate,,-1.0,,-1.0,,1,-1,-1,-1
ENSMUSG00000041298-S,"1,2-Cinnolinedicarboxylic acid, 1,2,3,5,6,7,8,8a-octahydro-4-trimethylsilyloxy-, diethyl ester",,,,-1.0,,1,-1,-1,-1
ENSMUSG00000041298-S,"1-Pentene, 1,3-diphenyl-1-(trimethylsilyloxy)-",,,,1.0,,1,-1,-1,-1
ENSMUSG00000041298-S,"2,4-Dimethoxybenzaldoxime",,,,-1.0,,1,-1,-1,-1
ENSMUSG00000041298-S,2-Buten-1-ol,,,,-1.0,,1,-1,-1,-1
ENSMUSG00000041298-S,3-(4-Methoxyphenyl)coumarin,,1.0,,1.0,,1,-1,-1,-1
ENSMUSG00000041298-S,"l-Leucine, n-butoxycarbonyl-N-methyl-, hexadecyl ester",,,,1.0,,1,-1,-1,-1
ENSMUSG00000041298-S,L-Val-L-Leu,,-1.0,,-1.0,,1,-1,-1,-1
ENSMUSG00000041354-S,7-Hydroxy-4-(methoxymethyl)coumarin,,-1.0,,-1.0,,1,-1,-1,-1
ENSMUSG00000041354-S,"l-Leucine, n-butoxycarbonyl-N-methyl-, hexadecyl ester",,,,-1.0,,1,-1,-1,-1
ENSMUSG00000041380-S,"1,2-Cinnolinedicarboxylic acid, 1,2,3,5,6,7,8,8a-octahydro-4-trimethylsilyloxy-, diethyl ester",,,,-1.0,,1,-1,-1,-1
ENSMUSG00000041380-S,"2,4-Dimethoxybenzaldoxime",,,,1.0,,1,-1,-1,-1
ENSMUSG00000041380-S,2-Buten-1-ol,,,,-1.0,,1,-1,-1,-1
ENSMUSG00000041380-S,2-Ethyl-1-butanol,,,,1.0,,1,-1,-1,-1
ENSMUSG00000041380-S,2-Norbornanemethanol,,,,-1.0,,1,-1,-1,-1
ENSMUSG00000041380-S,3-(4-Methoxyphenyl)coumarin,,1.0,,1.0,,1,-1,-1,-1
ENSMUSG00000041380-S,"Benzene, 1-ethyl-3,5-dimethyl",,,,-1.0,,1,-1,-1,-1
ENSMUSG00000041380-S,L-(+)-Threose,,-1.0,,-1.0,,1,-1,-1,-1
ENSMUSG00000041380-S,L-Serine,,,,1.0,,1,-1,-1,-1
ENSMUSG00000041380-S,tert-butyl(dimethyl)silyl-2-([tert-butyl(dimethyl)silyl]oxy)hex-2-enoate,,1.0,,1.0,,1,-1,-1,-1
ENSMUSG00000041439-S,"1,2-Bis(trimethylsiloxy)cyclohexene",,,,-1.0,,1,-1,-1,-1
ENSMUSG00000041439-S,"1,2-Cinnolinedicarboxylic acid, 1,2,3,5,6,7,8,8a-octahydro-4-trimethylsilyloxy-, diethyl ester",,,,1.0,,1,-1,-1,-1
ENSMUSG00000041439-S,"2,4-Dimethoxybenzaldoxime",,,,-1.0,,1,-1,-1,-1
ENSMUSG00000041439-S,2-Norbornanemethanol,,,,1.0,,1,-1,-1,-1
ENSMUSG00000041439-S,4-tert-Butyldimethylsiloxy-3-penten-2-one,,-1.0,,-1.0,,1,-1,-1,-1
ENSMUSG00000041439-S,"Benzene, 1-ethyl-3,5-dimethyl",,,,1.0,,1,-1,-1,-1
ENSMUSG00000041439-S,L-(+)-Threose,,1.0,,1.0,,1,-1,-1,-1
ENSMUSG00000041439-S,L-Serine,,,,-1.0,,1,-1,-1,-1
ENSMUSG00000041439-S,L-Val-L-Leu,,-1.0,,-1.0,,1,-1,-1,-1
ENSMUSG00000041488-S,"1-Pentene, 1,3-diphenyl-1-(trimethylsilyloxy)-",,,,1.0,,1,-1,-1,-1
ENSMUSG00000041488-S,2-Norbornanemethanol,,,,1.0,,1,-1,-1,-1
ENSMUSG00000041488-S,"3,3-Dimethylacrylic acid",,,,1.0,,1,-1,-1,-1
ENSMUSG00000041488-S,4-tert-Butyldimethylsiloxy-3-penten-2-one,,1.0,,1.0,,1,-1,-1,-1
ENSMUSG00000041488-S,7-Hydroxy-4-(methoxymethyl)coumarin,,1.0,,1.0,,1,-1,-1,-1
ENSMUSG00000041488-S,"Benzene, 1-ethyl-3,5-dimethyl",,,,1.0,,1,-1,-1,-1
ENSMUSG00000041488-S,"l-Leucine, n-butoxycarbonyl-N-methyl-, hexadecyl ester",,,,-1.0,,1,-1,-1,-1
ENSMUSG00000041488-S,L-Ornithine,,,,1.0,,1,-1,-1,-1
ENSMUSG00000041488-S,tert-butyl(dimethyl)silyl-2-([tert-butyl(dimethyl)silyl]oxy)hex-2-enoate,,-1.0,,-1.0,,1,-1,-1,-1
ENSMUSG00000041515-S,"1,2-Bis(trimethylsiloxy)cyclohexene",,,,-1.0,,1,-1,-1,-1
ENSMUSG00000041515-S,"1,2-Cinnolinedicarboxylic acid, 1,2,3,5,6,7,8,8a-octahydro-4-trimethylsilyloxy-, diethyl ester",,,,-1.0,,1,-1,-1,-1
ENSMUSG00000041515-S,"1-Pentene, 1,3-diphenyl-1-(trimethylsilyloxy)-",,,,1.0,,1,-1,-1,-1
ENSMUSG00000041515-S,"2,4-Dimethoxybenzaldoxime",,,,1.0,,1,-1,-1,-1
ENSMUSG00000041515-S,3-(4-Methoxyphenyl)coumarin,,-1.0,,-1.0,,1,-1,-1,-1
ENSMUSG00000041515-S,7-Hydroxy-4-(methoxymethyl)coumarin,,1.0,,1.0,,1,-1,-1,-1
ENSMUSG00000041515-S,"Benzene, 1-ethyl-3,5-dimethyl",,,,1.0,,1,-1,-1,-1
ENSMUSG00000041515-S,L-(+)-Threose,,1.0,,1.0,,1,-1,-1,-1
ENSMUSG00000041515-S,L-Glutamic acid,,,,-1.0,,1,-1,-1,-1
ENSMUSG00000041528-S,"1,2-Cinnolinedicarboxylic acid, 1,2,3,5,6,7,8,8a-octahydro-4-trimethylsilyloxy-, diethyl ester",,,,-1.0,,1,-1,-1,-1
ENSMUSG00000041528-S,"1-Pentene, 1,3-diphenyl-1-(trimethylsilyloxy)-",,,,1.0,,1,-1,-1,-1
ENSMUSG00000041528-S,3-(4-Methoxyphenyl)coumarin,,1.0,,1.0,,1,-1,-1,-1
ENSMUSG00000041528-S,L-(+)-Threose,,-1.0,,-1.0,,1,-1,-1,-1
ENSMUSG00000041528-S,"l-Leucine, n-butoxycarbonyl-N-methyl-, hexadecyl ester",,,,-1.0,,1,-1,-1,-1
ENSMUSG00000041528-S,L-Val-L-Leu,,-1.0,,-1.0,,1,-1,-1,-1
ENSMUSG00000041608-S,"1,2-Bis(trimethylsiloxy)cyclohexene",,,,1.0,,1,-1,-1,-1
ENSMUSG00000041608-S,"1,2-Cinnolinedicarboxylic acid, 1,2,3,5,6,7,8,8a-octahydro-4-trimethylsilyloxy-, diethyl ester",,,,-1.0,,1,-1,-1,-1
ENSMUSG00000041608-S,2-Ethyl-1-butanol,,,,1.0,,1,-1,-1,-1
ENSMUSG00000041608-S,2-Norbornanemethanol,,,,-1.0,,1,-1,-1,-1
ENSMUSG00000041608-S,3-(4-Methoxyphenyl)coumarin,,-1.0,,-1.0,,1,-1,-1,-1
ENSMUSG00000041608-S,Diclofenac,,,,1.0,,1,-1,-1,-1
ENSMUSG00000041608-S,L-Serine,,,,1.0,,1,-1,-1,-1
ENSMUSG00000041710-S,"1,2-Cinnolinedicarboxylic acid, 1,2,3,5,6,7,8,8a-octahydro-4-trimethylsilyloxy-, diethyl ester",,,,1.0,,1,-1,-1,-1
ENSMUSG00000041710-S,"1-Pentene, 1,3-diphenyl-1-(trimethylsilyloxy)-",,,,-1.0,,1,-1,-1,-1
ENSMUSG00000041710-S,2-Norbornanemethanol,,,,1.0,,1,-1,-1,-1
ENSMUSG00000041710-S,"3,3-Dimethylacrylic acid",,,,-1.0,,1,-1,-1,-1
ENSMUSG00000041710-S,"4,5-Dihydro-1H-pyrazole",,,,-1.0,,1,-1,-1,-1
ENSMUSG00000041710-S,L-Val-L-Leu,,-1.0,,-1.0,,1,-1,-1,-1
ENSMUSG00000041710-S,tert-butyl(dimethyl)silyl-2-([tert-butyl(dimethyl)silyl]oxy)hex-2-enoate,,-1.0,,-1.0,,1,-1,-1,-1
ENSMUSG00000041712-S,"1-Pentene, 1,3-diphenyl-1-(trimethylsilyloxy)-",,,,1.0,,1,-1,-1,-1
ENSMUSG00000041712-S,2-Norbornanemethanol,,,,1.0,,1,-1,-1,-1
ENSMUSG00000041712-S,3-(4-Methoxyphenyl)coumarin,,-1.0,,-1.0,,1,-1,-1,-1
ENSMUSG00000041712-S,"Benzene, 1-ethyl-3,5-dimethyl",,,,1.0,,1,-1,-1,-1
ENSMUSG00000041712-S,L-(+)-Threose,,1.0,,1.0,,1,-1,-1,-1
ENSMUSG00000041712-S,"l-Leucine, n-butoxycarbonyl-N-methyl-, hexadecyl ester",,,,-1.0,,1,-1,-1,-1
ENSMUSG00000041712-S,L-Ornithine,,,,1.0,,1,-1,-1,-1
ENSMUSG00000041712-S,tert-butyl(dimethyl)silyl-2-([tert-butyl(dimethyl)silyl]oxy)hex-2-enoate,,-1.0,,-1.0,,1,-1,-1,-1
ENSMUSG00000041911-S,"1,2-Cinnolinedicarboxylic acid, 1,2,3,5,6,7,8,8a-octahydro-4-trimethylsilyloxy-, diethyl ester",,,,-1.0,,1,-1,-1,-1
ENSMUSG00000041911-S,2-Buten-1-ol,,,,-1.0,,1,-1,-1,-1
ENSMUSG00000041911-S,"3,4-Methylenedioxyamphetamine",,-1.0,,-1.0,1.0,1,-1,-1,-1
ENSMUSG00000041911-S,4-tert-Butyldimethylsiloxy-3-penten-2-one,,1.0,,1.0,,1,-1,-1,-1
ENSMUSG00000041911-S,5-Nitroso-8-quinolinol,,,,-1.0,,1,-1,-1,-1
ENSMUSG00000041911-S,"l-Leucine, n-butoxycarbonyl-N-methyl-, hexadecyl ester",,,,1.0,,1,-1,-1,-1
ENSMUSG00000041911-S,tert-butyl(dimethyl)silyl-2-([tert-butyl(dimethyl)silyl]oxy)hex-2-enoate,,-1.0,,-1.0,,1,-1,-1,-1
ENSMUSG00000041992-S,"1,2-Bis(trimethylsiloxy)cyclohexene",,,,-1.0,,1,-1,-1,-1
ENSMUSG00000041992-S,"2,4-Dimethoxybenzaldoxime",,,,1.0,,1,-1,-1,-1
ENSMUSG00000041992-S,"Benzene, 1-ethyl-3,5-dimethyl",,,,1.0,,1,-1,-1,-1
ENSMUSG00000041992-S,Benzeneacetic acid,,-1.0,,-1.0,,1,-1,-1,-1
ENSMUSG00000041992-S,L-(+)-Threose,,1.0,,1.0,,1,-1,-1,-1
ENSMUSG00000041992-S,L-Ornithine,,,,1.0,,1,-1,-1,-1
ENSMUSG00000041992-S,L-Val-L-Leu,,-1.0,,-1.0,,1,-1,-1,-1
ENSMUSG00000042063-S,"1,2-Bis(trimethylsiloxy)cyclohexene",,,,1.0,,1,-1,-1,-1
ENSMUSG00000042063-S,"1,2-Cinnolinedicarboxylic acid, 1,2,3,5,6,7,8,8a-octahydro-4-trimethylsilyloxy-, diethyl ester",,,,-1.0,,1,-1,-1,-1
ENSMUSG00000042063-S,2-Norbornanemethanol,,,,-1.0,,1,-1,-1,-1
ENSMUSG00000042063-S,L-(+)-Threose,,-1.0,,-1.0,,1,-1,-1,-1
ENSMUSG00000042063-S,L-Serine,,,,1.0,,1,-1,-1,-1
ENSMUSG00000042063-S,L-Val-L-Leu,,1.0,,1.0,,1,-1,-1,-1
ENSMUSG00000042063-S,Supraene,,-1.0,,-1.0,,1,-1,-1,-1
ENSMUSG00000042063-S,tert-butyl(dimethyl)silyl-2-([tert-butyl(dimethyl)silyl]oxy)hex-2-enoate,,1.0,,1.0,,1,-1,-1,-1
ENSMUSG00000042202-S,"1-Pentene, 1,3-diphenyl-1-(trimethylsilyloxy)-",,,,1.0,,1,-1,-1,-1
ENSMUSG00000042202-S,4-tert-Butyldimethylsiloxy-3-penten-2-one,,1.0,,1.0,,1,-1,-1,-1
ENSMUSG00000042202-S,Diclofenac,,,,-1.0,,1,-1,-1,-1
ENSMUSG00000042202-S,"l-Leucine, n-butoxycarbonyl-N-methyl-, hexadecyl ester",,,,-1.0,,1,-1,-1,-1
ENSMUSG00000042202-S,Sulindac,,-1.0,,-1.0,,1,-1,-1,-1
ENSMUSG00000042202-S,tert-butyl(dimethyl)silyl-2-([tert-butyl(dimethyl)silyl]oxy)hex-2-enoate,,-1.0,,-1.0,,1,-1,-1,-1
ENSMUSG00000042203-S,"1,2-Bis(trimethylsiloxy)cyclohexene",,,,-1.0,,1,-1,-1,-1
ENSMUSG00000042203-S,"2,4-Dimethoxybenzaldoxime",,,,-1.0,,1,-1,-1,-1
ENSMUSG00000042203-S,3-(4-Methoxyphenyl)coumarin,,1.0,,1.0,,1,-1,-1,-1
ENSMUSG00000042203-S,"Benzene, 1-ethyl-3,5-dimethyl",,,,-1.0,,1,-1,-1,-1
ENSMUSG00000042203-S,L-(+)-Threose,,-1.0,,-1.0,,1,-1,-1,-1
ENSMUSG00000042203-S,L-Serine,,,,-1.0,,1,-1,-1,-1
ENSMUSG00000042216-S,"1,2-Cinnolinedicarboxylic acid, 1,2,3,5,6,7,8,8a-octahydro-4-trimethylsilyloxy-, diethyl ester",,,,-1.0,,1,-1,-1,-1
ENSMUSG00000042216-S,"1-Pentene, 1,3-diphenyl-1-(trimethylsilyloxy)-",,,,1.0,,1,-1,-1,-1
ENSMUSG00000042216-S,"2,4-Dimethoxybenzaldoxime",,,,-1.0,,1,-1,-1,-1
ENSMUSG00000042216-S,"2-Methylcyclohexanol, (Z)",,-1.0,0.0,-0.9023319226042736,,1,-1,-1,-1
ENSMUSG00000042216-S,3-(4-Methoxyphenyl)coumarin,,1.0,,1.0,,1,-1,-1,-1
ENSMUSG00000042216-S,"4,5-Dihydro-1H-pyrazole",,,,1.0,,1,-1,-1,-1
ENSMUSG00000042216-S,L-(+)-Threose,,-1.0,,-1.0,,1,-1,-1,-1
ENSMUSG00000042216-S,L-Serine,,,,-1.0,,1,-1,-1,-1
ENSMUSG00000042216-S,L-Val-L-Leu,,-1.0,,-1.0,,1,-1,-1,-1
ENSMUSG00000042258-S,"1,2-Bis(trimethylsiloxy)cyclohexene",,,,1.0,,1,-1,-1,-1
ENSMUSG00000042258-S,"1,2-Cinnolinedicarboxylic acid, 1,2,3,5,6,7,8,8a-octahydro-4-trimethylsilyloxy-, diethyl ester",,,,-1.0,,1,-1,-1,-1
ENSMUSG00000042258-S,"2,4-Dimethoxybenzaldoxime",,,,1.0,,1,-1,-1,-1
ENSMUSG00000042258-S,2-Norbornanemethanol,,,,-1.0,,1,-1,-1,-1
ENSMUSG00000042258-S,3-(4-Methoxyphenyl)coumarin,,-1.0,,-1.0,,1,-1,-1,-1
ENSMUSG00000042258-S,5-Nitroso-8-quinolinol,,,,1.0,,1,-1,-1,-1
ENSMUSG00000042258-S,6-Oxoheptanoic acid,,0.8999999999999998,1.0,0.9205101496312952,,1,-1,-1,-1
ENSMUSG00000042258-S,Aniline,,0.8999999999999998,1.0,0.8954053273686237,-1.0,1,-1,-1,-1
ENSMUSG00000042258-S,Diclofenac,,,,1.0,,1,-1,-1,-1
ENSMUSG00000042258-S,L-(+)-Threose,,1.0,,1.0,,1,-1,-1,-1
ENSMUSG00000042258-S,L-Pyroglutamic acid,,,,1.0,,1,-1,-1,-1
ENSMUSG00000042258-S,L-Serine,,,,1.0,,1,-1,-1,-1
ENSMUSG00000042258-S,L-Val-L-Leu,,1.0,,1.0,,1,-1,-1,-1
ENSMUSG00000042312-S,"1,2-Cinnolinedicarboxylic acid, 1,2,3,5,6,7,8,8a-octahydro-4-trimethylsilyloxy-, diethyl ester",,,,-1.0,,1,-1,-1,-1
ENSMUSG00000042312-S,2-Norbornanemethanol,,,,-1.0,,1,-1,-1,-1
ENSMUSG00000042312-S,3-(4-Methoxyphenyl)coumarin,,-1.0,,-1.0,,1,-1,-1,-1
ENSMUSG00000042312-S,7-Hydroxy-4-(methoxymethyl)coumarin,,-1.0,,-1.0,,1,-1,-1,-1
ENSMUSG00000042312-S,Chlorobenzilate,,,,-1.0,,1,-1,-1,-1
ENSMUSG00000042312-S,Diclofenac,,,,1.0,,1,-1,-1,-1
ENSMUSG00000042312-S,L-Pyroglutamic acid,,,,1.0,,1,-1,-1,-1
ENSMUSG00000042312-S,L-Serine,,,,1.0,,1,-1,-1,-1
ENSMUSG00000042312-S,Methanesulfonic acid,,1.0,1.0,0.9523809523809524,-1.0,1,-1,-1,-1
ENSMUSG00000042312-S,Pinosylvin,,0.8999999999999998,1.0,0.9221722216732094,-1.0,1,-1,-1,-1
ENSMUSG00000042350-S,"1,2-Bis(trimethylsiloxy)cyclohexene",,,,1.0,,1,-1,-1,-1
ENSMUSG00000042350-S,"1,2-Cinnolinedicarboxylic acid, 1,2,3,5,6,7,8,8a-octahydro-4-trimethylsilyloxy-, diethyl ester",,,,-1.0,,1,-1,-1,-1
ENSMUSG00000042350-S,2-Ethyl-1-butanol,,,,1.0,,1,-1,-1,-1
ENSMUSG00000042350-S,2-Norbornanemethanol,,,,-1.0,,1,-1,-1,-1
ENSMUSG00000042350-S,3-(4-Methoxyphenyl)coumarin,,-1.0,,-1.0,,1,-1,-1,-1
ENSMUSG00000042350-S,Adipoyl-L-carnitine,,1.0,,1.0,,1,-1,-1,-1
ENSMUSG00000042350-S,Diclofenac,,,,1.0,,1,-1,-1,-1
ENSMUSG00000042350-S,L-Pyroglutamic acid,,,,1.0,,1,-1,-1,-1
ENSMUSG00000042350-S,L-Serine,,,,1.0,,1,-1,-1,-1
ENSMUSG00000042350-S,Octanoic acid,,-1.0,,-1.0,,1,-1,-1,-1
ENSMUSG00000042359-S,"1,2-Bis(trimethylsiloxy)cyclohexene",,,,-1.0,,1,-1,-1,-1
ENSMUSG00000042359-S,"2,4-Dimethoxybenzaldoxime",,,,-1.0,,1,-1,-1,-1
ENSMUSG00000042359-S,3-(4-Methoxyphenyl)coumarin,,1.0,,1.0,,1,-1,-1,-1
ENSMUSG00000042359-S,Diclofenac,,,,-1.0,,1,-1,-1,-1
ENSMUSG00000042359-S,L-(+)-Threose,,-1.0,,-1.0,,1,-1,-1,-1
ENSMUSG00000042359-S,L-Serine,,,,-1.0,,1,-1,-1,-1
ENSMUSG00000042359-S,L-Val-L-Leu,,-1.0,,-1.0,,1,-1,-1,-1
ENSMUSG00000042417-S,"1,2-Cinnolinedicarboxylic acid, 1,2,3,5,6,7,8,8a-octahydro-4-trimethylsilyloxy-, diethyl ester",,,,-1.0,,1,-1,-1,-1
ENSMUSG00000042417-S,5-Nitroso-8-quinolinol,,,,1.0,,1,-1,-1,-1
ENSMUSG00000042417-S,7-Hydroxy-4-(methoxymethyl)coumarin,,-1.0,,-1.0,,1,-1,-1,-1
ENSMUSG00000042417-S,"Benzene, 1-ethyl-3,5-dimethyl",,,,1.0,,1,-1,-1,-1
ENSMUSG00000042417-S,"l-Leucine, n-butoxycarbonyl-N-methyl-, hexadecyl ester",,,,-1.0,,1,-1,-1,-1
ENSMUSG00000042510-S,"1-Pentene, 1,3-diphenyl-1-(trimethylsilyloxy)-",,,,1.0,,1,-1,-1,-1
ENSMUSG00000042510-S,2-Butoxyethanol,,1.0,1.0,0.9456149718939671,-1.0,1,-1,-1,-1
ENSMUSG00000042510-S,3-(4-Methoxyphenyl)coumarin,,-1.0,,-1.0,,1,-1,-1,-1
ENSMUSG00000042510-S,7-Hydroxy-4-(methoxymethyl)coumarin,,1.0,,1.0,,1,-1,-1,-1
ENSMUSG00000042510-S,"Benzene, 1-ethyl-3,5-dimethyl",,,,1.0,,1,-1,-1,-1
ENSMUSG00000042510-S,L-(+)-Threose,,1.0,,1.0,,1,-1,-1,-1
ENSMUSG00000042510-S,"l-Leucine, n-butoxycarbonyl-N-methyl-, hexadecyl ester",,,,-1.0,,1,-1,-1,-1
ENSMUSG00000042510-S,L-Val-L-Leu,,1.0,,1.0,,1,-1,-1,-1
ENSMUSG00000042510-S,Trimethylolpropane,,1.0,,0.9856107606091624,-1.0,1,-1,-1,-1
ENSMUSG00000042644-S,3-(4-Methoxyphenyl)coumarin,,-1.0,,-1.0,,1,-1,-1,-1
ENSMUSG00000042644-S,5-Nitroso-8-quinolinol,,,,1.0,,1,-1,-1,-1
ENSMUSG00000042644-S,"Benzene, 1-ethyl-3,5-dimethyl",,,,1.0,,1,-1,-1,-1
ENSMUSG00000042644-S,"l-Leucine, n-butoxycarbonyl-N-methyl-, hexadecyl ester",,,,-1.0,,1,-1,-1,-1
ENSMUSG00000042854-S,4-tert-Butyldimethylsiloxy-3-penten-2-one,,1.0,,1.0,,1,-1,-1,-1
ENSMUSG00000042854-S,6-Nitroveratryl alcohol,,,,1.0,,1,-1,-1,-1
ENSMUSG00000042854-S,7-Hydroxy-4-(methoxymethyl)coumarin,,1.0,,1.0,,1,-1,-1,-1
ENSMUSG00000042854-S,"Benzene, 1-ethyl-3,5-dimethyl",,,,1.0,,1,-1,-1,-1
ENSMUSG00000042854-S,Diclofenac,,,,-1.0,,1,-1,-1,-1
ENSMUSG00000042854-S,L-Serine,,,,-1.0,,1,-1,-1,-1
ENSMUSG00000042942-S,"1-Pentene, 1,3-diphenyl-1-(trimethylsilyloxy)-",,,,-1.0,,1,-1,-1,-1
ENSMUSG00000042942-S,"2',3'-Di-O-acetyladenosine",,,,-1.0,,1,-1,-1,-1
ENSMUSG00000042942-S,2-Ethyl-1-butanol,,,,-1.0,,1,-1,-1,-1
ENSMUSG00000042942-S,"2-Methylcyclohexylamine, tert.-butyldimethylsilyl ether",,-1.0,,-1.0,,1,-1,-1,-1
ENSMUSG00000042942-S,2-Norbornanemethanol,,,,1.0,,1,-1,-1,-1
ENSMUSG00000042942-S,3-(4-Methoxyphenyl)coumarin,,1.0,,1.0,,1,-1,-1,-1
ENSMUSG00000042942-S,7-Hydroxy-4-(methoxymethyl)coumarin,,-1.0,,-1.0,,1,-1,-1,-1
ENSMUSG00000042942-S,Diclofenac,,,,-1.0,,1,-1,-1,-1
ENSMUSG00000042942-S,L-(+)-Threose,,-1.0,,-1.0,,1,-1,-1,-1
ENSMUSG00000042942-S,L-Ornithine,,,,1.0,,1,-1,-1,-1
ENSMUSG00000043207-S,"1,2-Cinnolinedicarboxylic acid, 1,2,3,5,6,7,8,8a-octahydro-4-trimethylsilyloxy-, diethyl ester",,,,-1.0,,1,-1,-1,-1
ENSMUSG00000043207-S,2-Norbornanemethanol,,,,-1.0,,1,-1,-1,-1
ENSMUSG00000043207-S,L-Serine,,,,1.0,,1,-1,-1,-1
ENSMUSG00000043207-S,L-Val-L-Leu,,1.0,,1.0,,1,-1,-1,-1
ENSMUSG00000043207-S,tert-butyl(dimethyl)silyl-2-([tert-butyl(dimethyl)silyl]oxy)hex-2-enoate,,1.0,,1.0,,1,-1,-1,-1
ENSMUSG00000043311-S,"1,2-Cinnolinedicarboxylic acid, 1,2,3,5,6,7,8,8a-octahydro-4-trimethylsilyloxy-, diethyl ester",,,,1.0,,1,-1,-1,-1
ENSMUSG00000043311-S,"2-Butene-1,4-diol",,-1.0,,-0.9856107606091624,,1,-1,-1,-1
ENSMUSG00000043311-S,2-Cyanobenzaldehyde,,-1.0,,-1.0,,1,-1,-1,-1
ENSMUSG00000043311-S,4-tert-Butyldimethylsiloxy-3-penten-2-one,,-1.0,,-1.0,,1,-1,-1,-1
ENSMUSG00000043311-S,"Benzene, 1-ethyl-3,5-dimethyl",,,,-1.0,,1,-1,-1,-1
ENSMUSG00000043311-S,L-Ornithine,,,,1.0,,1,-1,-1,-1
ENSMUSG00000043311-S,L-Val-L-Leu,,-1.0,,-1.0,,1,-1,-1,-1
ENSMUSG00000043311-S,Sarcosine,,,,-1.0,,1,-1,-1,-1
ENSMUSG00000043388-S,"1,2-Cinnolinedicarboxylic acid, 1,2,3,5,6,7,8,8a-octahydro-4-trimethylsilyloxy-, diethyl ester",,,,1.0,,1,-1,-1,-1
ENSMUSG00000043388-S,3-(4-Methoxyphenyl)coumarin,,1.0,,1.0,,1,-1,-1,-1
ENSMUSG00000043388-S,5-Nitroso-8-quinolinol,,,,-1.0,,1,-1,-1,-1
ENSMUSG00000043388-S,7-Hydroxy-4-(methoxymethyl)coumarin,,-1.0,,-1.0,,1,-1,-1,-1
ENSMUSG00000043388-S,"Benzene, 1-ethyl-3,5-dimethyl",,,,-1.0,,1,-1,-1,-1
ENSMUSG00000043388-S,"Benzoic acid, methyl ester",,-1.0,-0.5,-0.9,,1,-1,-1,-1
ENSMUSG00000043388-S,L-(+)-Threose,,-1.0,,-1.0,,1,-1,-1,-1
ENSMUSG00000043388-S,"l-Leucine, n-butoxycarbonyl-N-methyl-, hexadecyl ester",,,,1.0,,1,-1,-1,-1
ENSMUSG00000043388-S,L-Serine,,,,1.0,,1,-1,-1,-1
ENSMUSG00000043909-S,"2,4-Dimethoxybenzaldoxime",,,,-1.0,,1,-1,-1,-1
ENSMUSG00000043909-S,3-(4-Methoxyphenyl)coumarin,,-1.0,,-1.0,,1,-1,-1,-1
ENSMUSG00000043909-S,Butanedioic acid,,-0.7,-0.5,-0.8984341422975738,,1,-1,-1,-1
ENSMUSG00000043909-S,Chlorobenzilate,,,,-1.0,,1,-1,-1,-1
ENSMUSG00000043909-S,"Glycine, tert.-butyldimethylsilyl ester",,-0.9746794344808964,-1.0,-0.912141875543738,-1.0,1,1,1,1
ENSMUSG00000043909-S,"l-Leucine, n-butoxycarbonyl-N-methyl-, hexadecyl ester",,,,1.0,,1,-1,-1,-1
ENSMUSG00000043909-S,tert-butyl(dimethyl)silyl-2-([tert-butyl(dimethyl)silyl]oxy)hex-2-enoate,,-1.0,,-1.0,,1,-1,-1,-1
ENSMUSG00000043924-S,2-Buten-1-ol,,,,1.0,,1,-1,-1,-1
ENSMUSG00000043924-S,3-(4-Methoxyphenyl)coumarin,,1.0,,1.0,,1,-1,-1,-1
ENSMUSG00000043924-S,5-Nitroso-8-quinolinol,,,,1.0,,1,-1,-1,-1
ENSMUSG00000043924-S,"l-Leucine, n-butoxycarbonyl-N-methyl-, hexadecyl ester",,,,-1.0,,1,-1,-1,-1
ENSMUSG00000043924-S,L-Ornithine,,,,1.0,,1,-1,-1,-1
ENSMUSG00000043924-S,L-Val-L-Leu,,-1.0,,-1.0,,1,-1,-1,-1
ENSMUSG00000044149-S,"1-Pentene, 1,3-diphenyl-1-(trimethylsilyloxy)-",,,,-1.0,,1,-1,-1,-1
ENSMUSG00000044149-S,2-Buten-1-ol,,,,-1.0,,1,-1,-1,-1
ENSMUSG00000044149-S,3-(4-Methoxyphenyl)coumarin,,-1.0,,-1.0,,1,-1,-1,-1
ENSMUSG00000044149-S,5-Nitroso-8-quinolinol,,,,-1.0,,1,-1,-1,-1
ENSMUSG00000044149-S,7-Hydroxy-4-(methoxymethyl)coumarin,,1.0,,1.0,,1,-1,-1,-1
ENSMUSG00000044149-S,Chlorobenzilate,,,,-1.0,,1,-1,-1,-1
ENSMUSG00000044149-S,L-(+)-Threose,,1.0,,1.0,,1,-1,-1,-1
ENSMUSG00000044149-S,"l-Leucine, n-butoxycarbonyl-N-methyl-, hexadecyl ester",,,,1.0,,1,-1,-1,-1
ENSMUSG00000044348-S,"1,2-Bis(trimethylsiloxy)cyclohexene",,,,-1.0,,1,-1,-1,-1
ENSMUSG00000044348-S,"1,2-Cinnolinedicarboxylic acid, 1,2,3,5,6,7,8,8a-octahydro-4-trimethylsilyloxy-, diethyl ester",,,,1.0,,1,-1,-1,-1
ENSMUSG00000044348-S,3-(4-Methoxyphenyl)coumarin,,1.0,,1.0,,1,-1,-1,-1
ENSMUSG00000044348-S,L-Ornithine,,,,1.0,,1,-1,-1,-1
ENSMUSG00000044499-S,"1,2-Bis(trimethylsiloxy)cyclohexene",,,,1.0,,1,-1,-1,-1
ENSMUSG00000044499-S,5-Nitroso-8-quinolinol,,,,1.0,,1,-1,-1,-1
ENSMUSG00000044499-S,Benzeneacetic acid,,1.0,,1.0,,1,-1,-1,-1
ENSMUSG00000044499-S,Diclofenac,,,,1.0,,1,-1,-1,-1
ENSMUSG00000044499-S,L-Pyroglutamic acid,,,,1.0,,1,-1,-1,-1
ENSMUSG00000044499-S,L-Serine,,,,1.0,,1,-1,-1,-1
ENSMUSG00000044499-S,L-Val-L-Leu,,1.0,,1.0,,1,-1,-1,-1
ENSMUSG00000044501-S,3-(4-Methoxyphenyl)coumarin,,1.0,,1.0,,1,-1,-1,-1
ENSMUSG00000044501-S,"3,3-Dimethylacrylic acid",,,,-1.0,,1,-1,-1,-1
ENSMUSG00000044501-S,"4,5-Dihydro-1H-pyrazole",,,,-1.0,,1,-1,-1,-1
ENSMUSG00000044501-S,"Benzene, 1-ethyl-3,5-dimethyl",,,,-1.0,,1,-1,-1,-1
ENSMUSG00000044501-S,Chlorobenzilate,,,,1.0,,1,-1,-1,-1
ENSMUSG00000044501-S,L-(+)-Threose,,-1.0,,-1.0,,1,-1,-1,-1
ENSMUSG00000044501-S,L-Ornithine,,,,-1.0,,1,-1,-1,-1
ENSMUSG00000044501-S,Oxalic acid,,0.9746794344808964,0.8660254037844387,0.8970852271450604,,1,-1,-1,-1
ENSMUSG00000044501-S,Sarcosine,,,,1.0,,1,-1,-1,-1
ENSMUSG00000044700-S,"1-Pentene, 1,3-diphenyl-1-(trimethylsilyloxy)-",,,,1.0,,1,-1,-1,-1
ENSMUSG00000044700-S,2-Ethyl-1-butanol,,,,1.0,,1,-1,-1,-1
ENSMUSG00000044700-S,2-Norbornanemethanol,,,,-1.0,,1,-1,-1,-1
ENSMUSG00000044700-S,3-(4-Methoxyphenyl)coumarin,,1.0,,1.0,,1,-1,-1,-1
ENSMUSG00000044700-S,"l-Leucine, n-butoxycarbonyl-N-methyl-, hexadecyl ester",,,,-1.0,,1,-1,-1,-1
ENSMUSG00000044700-S,tert-butyl(dimethyl)silyl-2-([tert-butyl(dimethyl)silyl]oxy)hex-2-enoate,,1.0,,1.0,,1,-1,-1,-1
ENSMUSG00000044709-S,"1-Pentene, 1,3-diphenyl-1-(trimethylsilyloxy)-",,,,1.0,,1,-1,-1,-1
ENSMUSG00000044709-S,2-Ethyl-1-butanol,,,,1.0,,1,-1,-1,-1
ENSMUSG00000044709-S,2-Norbornanemethanol,,,,-1.0,,1,-1,-1,-1
ENSMUSG00000044709-S,7-Hydroxy-4-(methoxymethyl)coumarin,,1.0,,1.0,,1,-1,-1,-1
ENSMUSG00000044709-S,L-Ornithine,,,,-1.0,,1,-1,-1,-1
ENSMUSG00000044709-S,L-Val-L-Leu,,1.0,,1.0,,1,-1,-1,-1
ENSMUSG00000044709-S,tert-butyl(dimethyl)silyl-2-([tert-butyl(dimethyl)silyl]oxy)hex-2-enoate,,1.0,,1.0,,1,-1,-1,-1
ENSMUSG00000045027-S,"1-Pentene, 1,3-diphenyl-1-(trimethylsilyloxy)-",,,,1.0,,1,-1,-1,-1
ENSMUSG00000045027-S,"2,4-Dimethoxybenzaldoxime",,,,-1.0,,1,-1,-1,-1
ENSMUSG00000045027-S,2-Ethyl-1-butanol,,,,-1.0,,1,-1,-1,-1
ENSMUSG00000045027-S,2-Norbornanemethanol,,,,1.0,,1,-1,-1,-1
ENSMUSG00000045027-S,3-(4-Methoxyphenyl)coumarin,,-1.0,,-1.0,,1,-1,-1,-1
ENSMUSG00000045027-S,"3,3-Dimethylacrylic acid",,,,1.0,,1,-1,-1,-1
ENSMUSG00000045027-S,3-Amino-5-methylisoxazole,,0.8999999999999998,0.5,0.9288784237188524,,1,-1,-1,-1
ENSMUSG00000045027-S,"4,5-Dihydro-1H-pyrazole",,,,1.0,,1,-1,-1,-1
ENSMUSG00000045027-S,"Benzene, 1-ethyl-3,5-dimethyl",,,,1.0,,1,-1,-1,-1
ENSMUSG00000045027-S,L-(+)-Threose,,1.0,,1.0,,1,-1,-1,-1
ENSMUSG00000045027-S,L-Serine,,,,-1.0,,1,-1,-1,-1
ENSMUSG00000045027-S,Spiroxamine,,1.0,,0.9549937104572924,,1,-1,-1,-1
ENSMUSG00000045027-S,tert-butyl(dimethyl)silyl-2-([tert-butyl(dimethyl)silyl]oxy)hex-2-enoate,,-1.0,,-1.0,,1,-1,-1,-1
ENSMUSG00000045062-S,5-Nitroso-8-quinolinol,,,,1.0,,1,-1,-1,-1
ENSMUSG00000045062-S,"Benzene, 1-ethyl-3,5-dimethyl",,,,1.0,,1,-1,-1,-1
ENSMUSG00000045062-S,"l-Leucine, n-butoxycarbonyl-N-methyl-, hexadecyl ester",,,,-1.0,,1,-1,-1,-1
ENSMUSG00000045062-S,L-Ornithine,,,,1.0,,1,-1,-1,-1
ENSMUSG00000045062-S,L-Val-L-Leu,,-1.0,,-1.0,,1,-1,-1,-1
ENSMUSG00000045107-S,"1,2-Cinnolinedicarboxylic acid, 1,2,3,5,6,7,8,8a-octahydro-4-trimethylsilyloxy-, diethyl ester",,,,-1.0,,1,-1,-1,-1
ENSMUSG00000045107-S,L-Pyroglutamic acid,,,,1.0,,1,-1,-1,-1
ENSMUSG00000045107-S,L-Serine,,,,1.0,,1,-1,-1,-1
ENSMUSG00000045107-S,L-Val-L-Leu,,1.0,,1.0,,1,-1,-1,-1
ENSMUSG00000045136-S,"1,2-Cinnolinedicarboxylic acid, 1,2,3,5,6,7,8,8a-octahydro-4-trimethylsilyloxy-, diethyl ester",,,,-1.0,,1,-1,-1,-1
ENSMUSG00000045136-S,"1-Pentene, 1,3-diphenyl-1-(trimethylsilyloxy)-",,,,1.0,,1,-1,-1,-1
ENSMUSG00000045136-S,4-tert-Butyldimethylsiloxy-3-penten-2-one,,-1.0,,-1.0,,1,-1,-1,-1
ENSMUSG00000045136-S,Azelaic acid,,-0.8720815992723809,0.5,-0.912141875543738,-1.0,1,1,1,1
ENSMUSG00000045136-S,L-Serine,,,,1.0,,1,-1,-1,-1
ENSMUSG00000045136-S,Octanoic acid,,-1.0,,-1.0,,1,-1,-1,-1
ENSMUSG00000045237-S,"1,2-Cinnolinedicarboxylic acid, 1,2,3,5,6,7,8,8a-octahydro-4-trimethylsilyloxy-, diethyl ester",,,,-1.0,,1,-1,-1,-1
ENSMUSG00000045237-S,5-Nitroso-8-quinolinol,,,,1.0,,1,-1,-1,-1
ENSMUSG00000045237-S,L-(+)-Threose,,-1.0,,-1.0,,1,-1,-1,-1
ENSMUSG00000045237-S,"l-Leucine, n-butoxycarbonyl-N-methyl-, hexadecyl ester",,,,-1.0,,1,-1,-1,-1
ENSMUSG00000045275-S,"1,2-Cinnolinedicarboxylic acid, 1,2,3,5,6,7,8,8a-octahydro-4-trimethylsilyloxy-, diethyl ester",,,,1.0,,1,-1,-1,-1
ENSMUSG00000045275-S,2-Buten-1-ol,,,,1.0,,1,-1,-1,-1
ENSMUSG00000045275-S,2-Ethyl-1-butanol,,,,1.0,,1,-1,-1,-1
ENSMUSG00000045275-S,4-tert-Butyldimethylsiloxy-3-penten-2-one,,-1.0,,-1.0,,1,-1,-1,-1
ENSMUSG00000045275-S,5-Nitroso-8-quinolinol,,,,1.0,,1,-1,-1,-1
ENSMUSG00000045275-S,"l-Leucine, n-butoxycarbonyl-N-methyl-, hexadecyl ester",,,,-1.0,,1,-1,-1,-1
ENSMUSG00000045275-S,tert-butyl(dimethyl)silyl-2-([tert-butyl(dimethyl)silyl]oxy)hex-2-enoate,,1.0,,1.0,,1,-1,-1,-1
ENSMUSG00000045573-S,"1,2-Bis(trimethylsiloxy)cyclohexene",,,,1.0,,1,-1,-1,-1
ENSMUSG00000045573-S,"1,2-Cinnolinedicarboxylic acid, 1,2,3,5,6,7,8,8a-octahydro-4-trimethylsilyloxy-, diethyl ester",,,,-1.0,,1,-1,-1,-1
ENSMUSG00000045573-S,2-Ethyl-1-butanol,,,,1.0,,1,-1,-1,-1
ENSMUSG00000045573-S,2-Norbornanemethanol,,,,-1.0,,1,-1,-1,-1
ENSMUSG00000045573-S,3-(4-Methoxyphenyl)coumarin,,-1.0,,-1.0,,1,-1,-1,-1
ENSMUSG00000045573-S,4-Methylvaleric acid,,0.7999999999999999,1.0,0.9285714285714288,,1,-1,-1,-1
ENSMUSG00000045573-S,Adipoyl-L-carnitine,,1.0,,1.0,,1,-1,-1,-1
ENSMUSG00000045573-S,Diclofenac,,,,1.0,,1,-1,-1,-1
ENSMUSG00000045573-S,L-Pyroglutamic acid,,,,1.0,,1,-1,-1,-1
ENSMUSG00000045573-S,L-Serine,,,,1.0,,1,-1,-1,-1
ENSMUSG00000045672-S,"1-(1-Hydroxybutyl)-2,5-dimethoxybenzene",,1.0,1.0,0.9642857142857144,,1,-1,-1,-1
ENSMUSG00000045672-S,2-Buten-1-ol,,,,1.0,,1,-1,-1,-1
ENSMUSG00000045672-S,3-(4-Methoxyphenyl)coumarin,,-1.0,,-1.0,,1,-1,-1,-1
ENSMUSG00000045672-S,7-Hydroxy-4-(methoxymethyl)coumarin,,1.0,,1.0,,1,-1,-1,-1
ENSMUSG00000045672-S,"Benzene, 1-ethyl-3,5-dimethyl",,,,1.0,,1,-1,-1,-1
ENSMUSG00000045672-S,L-(+)-Threose,,1.0,,1.0,,1,-1,-1,-1
ENSMUSG00000045672-S,"l-Leucine, n-butoxycarbonyl-N-methyl-, hexadecyl ester",,,,-1.0,,1,-1,-1,-1
ENSMUSG00000045672-S,L-Ornithine,,,,1.0,,1,-1,-1,-1
ENSMUSG00000045672-S,L-Val-L-Leu,,1.0,,1.0,,1,-1,-1,-1
ENSMUSG00000045690-S,"1-Pentene, 1,3-diphenyl-1-(trimethylsilyloxy)-",,,,1.0,,1,-1,-1,-1
ENSMUSG00000045690-S,"2,4-Di-tert-butylphenol",,,-1.0,-1.0,1.0,1,-1,-1,-1
ENSMUSG00000045690-S,2-Norbornanemethanol,,,,-1.0,,1,-1,-1,-1
ENSMUSG00000045690-S,4-tert-Butyldimethylsiloxy-3-penten-2-one,,1.0,,1.0,,1,-1,-1,-1
ENSMUSG00000045690-S,"l-Leucine, n-butoxycarbonyl-N-methyl-, hexadecyl ester",,,,1.0,,1,-1,-1,-1
ENSMUSG00000045690-S,L-Pyroglutamic acid,,,,1.0,,1,-1,-1,-1
ENSMUSG00000045690-S,L-Serine,,,,1.0,,1,-1,-1,-1
ENSMUSG00000045690-S,Lupinine,,1.0,,1.0,,1,-1,-1,-1
ENSMUSG00000045690-S,L-Val-L-Leu,,1.0,,1.0,,1,-1,-1,-1
ENSMUSG00000045731-S,"1-Pentene, 1,3-diphenyl-1-(trimethylsilyloxy)-",,,,-1.0,,1,-1,-1,-1
ENSMUSG00000045731-S,"2,4-Dimethoxybenzaldoxime",,,,-1.0,,1,-1,-1,-1
ENSMUSG00000045731-S,2-Ethyl-1-butanol,,,,-1.0,,1,-1,-1,-1
ENSMUSG00000045731-S,"2-Methylcyclohexylamine, tert.-butyldimethylsilyl ether",,-1.0,,-1.0,,1,-1,-1,-1
ENSMUSG00000045731-S,2-Norbornanemethanol,,,,1.0,,1,-1,-1,-1
ENSMUSG00000045731-S,4-tert-Butyldimethylsiloxy-3-penten-2-one,,1.0,,1.0,,1,-1,-1,-1
ENSMUSG00000045731-S,5-Nitroso-8-quinolinol,,,,1.0,,1,-1,-1,-1
ENSMUSG00000045731-S,L-(+)-Threose,,-1.0,,-1.0,,1,-1,-1,-1
ENSMUSG00000045731-S,L-Serine,,,,-1.0,,1,-1,-1,-1
ENSMUSG00000045731-S,tert-butyl(dimethyl)silyl-2-([tert-butyl(dimethyl)silyl]oxy)hex-2-enoate,,-1.0,,-1.0,,1,-1,-1,-1
ENSMUSG00000045763-S,"1,2-Bis(trimethylsiloxy)cyclohexene",,,,-1.0,,1,-1,-1,-1
ENSMUSG00000045763-S,"2,4-Dimethoxybenzaldoxime",,,,-1.0,,1,-1,-1,-1
ENSMUSG00000045763-S,"3,3-Dimethylacrylic acid",,,,1.0,,1,-1,-1,-1
ENSMUSG00000045763-S,"Benzene, 1-ethyl-3,5-dimethyl",,,,-1.0,,1,-1,-1,-1
ENSMUSG00000045763-S,Chlorobenzilate,,,,-1.0,,1,-1,-1,-1
ENSMUSG00000045763-S,L-Serine,,,,-1.0,,1,-1,-1,-1
ENSMUSG00000045838-S,"1-Pentene, 1,3-diphenyl-1-(trimethylsilyloxy)-",,,,1.0,,1,-1,-1,-1
ENSMUSG00000045838-S,"2-Methylcyclohexanol, (Z)",,-0.7,-0.8660254037844387,-0.8938193572966859,,1,-1,-1,-1
ENSMUSG00000045838-S,3-(4-Methoxyphenyl)coumarin,,1.0,,1.0,,1,-1,-1,-1
ENSMUSG00000045838-S,"4,5-Dihydro-1H-pyrazole",,,,1.0,,1,-1,-1,-1
ENSMUSG00000045838-S,Diclofenac,,,,-1.0,,1,-1,-1,-1
ENSMUSG00000045838-S,L-Ornithine,,,,1.0,,1,-1,-1,-1
ENSMUSG00000045838-S,L-Val-L-Leu,,-1.0,,-1.0,,1,-1,-1,-1
ENSMUSG00000045948-S,"1,2-Cinnolinedicarboxylic acid, 1,2,3,5,6,7,8,8a-octahydro-4-trimethylsilyloxy-, diethyl ester",,,,-1.0,,1,-1,-1,-1
ENSMUSG00000045948-S,"1-Pentene, 1,3-diphenyl-1-(trimethylsilyloxy)-",,,,1.0,,1,-1,-1,-1
ENSMUSG00000045948-S,2-Norbornanemethanol,,,,-1.0,,1,-1,-1,-1
ENSMUSG00000045948-S,3-(4-Methoxyphenyl)coumarin,,1.0,,1.0,,1,-1,-1,-1
ENSMUSG00000045948-S,Diclofenac,,,,1.0,,1,-1,-1,-1
ENSMUSG00000045948-S,L-(+)-Threose,,-1.0,,-1.0,,1,-1,-1,-1
ENSMUSG00000045948-S,"l-Leucine, n-butoxycarbonyl-N-methyl-, hexadecyl ester",,,,1.0,,1,-1,-1,-1
ENSMUSG00000045948-S,L-Pyroglutamic acid,,,,1.0,,1,-1,-1,-1
ENSMUSG00000045948-S,L-Serine,,,,1.0,,1,-1,-1,-1
ENSMUSG00000045948-S,Phenol,,-0.7999999999999999,-1.0,-0.9761904761904764,,1,-1,-1,-1
ENSMUSG00000045948-S,tert-butyl(dimethyl)silyl-2-([tert-butyl(dimethyl)silyl]oxy)hex-2-enoate,,1.0,,1.0,,1,-1,-1,-1
ENSMUSG00000046109-S,4-tert-Butyldimethylsiloxy-3-penten-2-one,,-1.0,,-1.0,,1,-1,-1,-1
ENSMUSG00000046109-S,"Benzene, 1-ethyl-3,5-dimethyl",,,,1.0,,1,-1,-1,-1
ENSMUSG00000046109-S,tert-butyl(dimethyl)silyl-2-([tert-butyl(dimethyl)silyl]oxy)hex-2-enoate,,1.0,,1.0,,1,-1,-1,-1
ENSMUSG00000046178-S,"1,2-Cinnolinedicarboxylic acid, 1,2,3,5,6,7,8,8a-octahydro-4-trimethylsilyloxy-, diethyl ester",,,,-1.0,,1,-1,-1,-1
ENSMUSG00000046178-S,"1-Pentene, 1,3-diphenyl-1-(trimethylsilyloxy)-",,,,1.0,,1,-1,-1,-1
ENSMUSG00000046178-S,5-Nitroso-8-quinolinol,,,,-1.0,,1,-1,-1,-1
ENSMUSG00000046178-S,7-Hydroxy-4-(methoxymethyl)coumarin,,1.0,,1.0,,1,-1,-1,-1
ENSMUSG00000046178-S,L-Ornithine,,,,-1.0,,1,-1,-1,-1
ENSMUSG00000046178-S,Sarcosine,,,,1.0,,1,-1,-1,-1
ENSMUSG00000046191-S,"1-Pentene, 1,3-diphenyl-1-(trimethylsilyloxy)-",,,,-1.0,,1,-1,-1,-1
ENSMUSG00000046191-S,"2,4-Dimethoxybenzaldoxime",,,,1.0,,1,-1,-1,-1
ENSMUSG00000046191-S,3-(4-Methoxyphenyl)coumarin,,-1.0,,-1.0,,1,-1,-1,-1
ENSMUSG00000046191-S,L-Ornithine,,,,1.0,,1,-1,-1,-1
ENSMUSG00000046280-S,"1-Pentene, 1,3-diphenyl-1-(trimethylsilyloxy)-",,,,-1.0,,1,-1,-1,-1
ENSMUSG00000046280-S,"2,4-Dimethoxybenzaldoxime",,,,1.0,,1,-1,-1,-1
ENSMUSG00000046280-S,"5-Chlorovaleric acid, nonyl ester",,-1.0,-1.0,-0.9666666666666668,,1,-1,-1,-1
ENSMUSG00000046280-S,7-Hydroxy-4-(methoxymethyl)coumarin,,-1.0,,-1.0,,1,-1,-1,-1
ENSMUSG00000046280-S,Benzeneacetic acid,,-1.0,,-1.0,,1,-1,-1,-1
ENSMUSG00000046280-S,L-Ornithine,,,,1.0,,1,-1,-1,-1
ENSMUSG00000046410-S,"1-Pentene, 1,3-diphenyl-1-(trimethylsilyloxy)-",,,,1.0,,1,-1,-1,-1
ENSMUSG00000046410-S,Diclofenac,,,,-1.0,,1,-1,-1,-1
ENSMUSG00000046410-S,Guanosine,,0.7999999999999999,1.0,0.934148484292342,1.0,1,1,1,1
ENSMUSG00000046410-S,"l-Leucine, n-butoxycarbonyl-N-methyl-, hexadecyl ester",,,,-1.0,,1,-1,-1,-1
ENSMUSG00000046410-S,L-Ornithine,,,,1.0,,1,-1,-1,-1
ENSMUSG00000046480-S,"1,2-Cinnolinedicarboxylic acid, 1,2,3,5,6,7,8,8a-octahydro-4-trimethylsilyloxy-, diethyl ester",,,,-1.0,,1,-1,-1,-1
ENSMUSG00000046480-S,2-Norbornanemethanol,,,,-1.0,,1,-1,-1,-1
ENSMUSG00000046480-S,3-(4-Methoxyphenyl)coumarin,,-1.0,,-1.0,,1,-1,-1,-1
ENSMUSG00000046480-S,4-Methylvaleric acid,,1.0,1.0,0.9285714285714288,,1,-1,-1,-1
ENSMUSG00000046480-S,5-Nitroso-8-quinolinol,,,,1.0,,1,-1,-1,-1
ENSMUSG00000046480-S,L-(+)-Threose,,1.0,,1.0,,1,-1,-1,-1
ENSMUSG00000046480-S,"l-Leucine, n-butoxycarbonyl-N-methyl-, hexadecyl ester",,,,-1.0,,1,-1,-1,-1
ENSMUSG00000046480-S,L-Lysine,,0.7999999999999999,1.0,0.9,,1,-1,-1,-1
ENSMUSG00000046480-S,Methyl lactate,,0.8999999999999998,1.0,0.9221722216732094,,1,-1,-1,-1
ENSMUSG00000046561-S,3-(4-Methoxyphenyl)coumarin,,1.0,,1.0,,1,-1,-1,-1
ENSMUSG00000046561-S,"3,3-Dimethylacrylic acid",,,,-1.0,,1,-1,-1,-1
ENSMUSG00000046561-S,"Benzene, 1-ethyl-3,5-dimethyl",,,,-1.0,,1,-1,-1,-1
ENSMUSG00000046561-S,L-(+)-Threose,,-1.0,,-1.0,,1,-1,-1,-1
ENSMUSG00000046561-S,"l-Leucine, n-butoxycarbonyl-N-methyl-, hexadecyl ester",,,,1.0,,1,-1,-1,-1
ENSMUSG00000046613-S,2-Cyanobenzaldehyde,,-1.0,,-1.0,,1,-1,-1,-1
ENSMUSG00000046613-S,2-Norbornanemethanol,,,,1.0,,1,-1,-1,-1
ENSMUSG00000046613-S,4-tert-Butyldimethylsiloxy-3-penten-2-one,,-1.0,,-1.0,,1,-1,-1,-1
ENSMUSG00000046613-S,"Benzene, 1-ethyl-3,5-dimethyl",,,,1.0,,1,-1,-1,-1
ENSMUSG00000046613-S,L-Ornithine,,,,1.0,,1,-1,-1,-1
ENSMUSG00000046613-S,L-Val-L-Leu,,-1.0,,-1.0,,1,-1,-1,-1
ENSMUSG00000046613-S,Sarcosine,,,,-1.0,,1,-1,-1,-1
ENSMUSG00000046785-S,2-Buten-1-ol,,,,-1.0,,1,-1,-1,-1
ENSMUSG00000046785-S,"3,4-Methylenedioxyamphetamine",,-1.0,,-1.0,1.0,1,-1,-1,-1
ENSMUSG00000046785-S,5-Nitroso-8-quinolinol,,,,-1.0,,1,-1,-1,-1
ENSMUSG00000046785-S,"Benzene, 1-ethyl-3,5-dimethyl",,,,-1.0,,1,-1,-1,-1
ENSMUSG00000046785-S,Chlorobenzilate,,,,-1.0,,1,-1,-1,-1
ENSMUSG00000046785-S,"l-Leucine, n-butoxycarbonyl-N-methyl-, hexadecyl ester",,,,1.0,,1,-1,-1,-1
ENSMUSG00000046785-S,L-Valine,,-1.0,-0.5,-0.9166666666666666,,1,-1,-1,-1
ENSMUSG00000047085-S,"1,2-Cinnolinedicarboxylic acid, 1,2,3,5,6,7,8,8a-octahydro-4-trimethylsilyloxy-, diethyl ester",,,,1.0,,1,-1,-1,-1
ENSMUSG00000047085-S,2-Cyanobenzaldehyde,,-1.0,,-1.0,,1,-1,-1,-1
ENSMUSG00000047085-S,4-tert-Butyldimethylsiloxy-3-penten-2-one,,-1.0,,-1.0,,1,-1,-1,-1
ENSMUSG00000047085-S,"Benzene, 1-ethyl-3,5-dimethyl",,,,-1.0,,1,-1,-1,-1
ENSMUSG00000047085-S,L-Ornithine,,,,1.0,,1,-1,-1,-1
ENSMUSG00000047085-S,L-Val-L-Leu,,-1.0,,-1.0,,1,-1,-1,-1
ENSMUSG00000047085-S,Sarcosine,,,,-1.0,,1,-1,-1,-1
ENSMUSG00000047181-S,"1-(1-Hydroxybutyl)-2,5-dimethoxybenzene",,-1.0,-1.0,-0.9642857142857144,,1,-1,-1,-1
ENSMUSG00000047181-S,"1-Pentene, 1,3-diphenyl-1-(trimethylsilyloxy)-",,,,-1.0,,1,-1,-1,-1
ENSMUSG00000047181-S,"2,4-Dimethoxybenzaldoxime",,,,-1.0,,1,-1,-1,-1
ENSMUSG00000047181-S,2-Buten-1-ol,,,,-1.0,,1,-1,-1,-1
ENSMUSG00000047181-S,4-tert-Butyldimethylsiloxy-3-penten-2-one,,-1.0,,-1.0,,1,-1,-1,-1
ENSMUSG00000047181-S,6-Nitroveratryl alcohol,,,,-1.0,,1,-1,-1,-1
ENSMUSG00000047181-S,7-Hydroxy-4-(methoxymethyl)coumarin,,-1.0,,-1.0,,1,-1,-1,-1
ENSMUSG00000047181-S,"Benzene, 1-ethyl-3,5-dimethyl",,,,-1.0,,1,-1,-1,-1
ENSMUSG00000047181-S,"l-Leucine, n-butoxycarbonyl-N-methyl-, hexadecyl ester",,,,1.0,,1,-1,-1,-1
ENSMUSG00000047307-S,"1,2-Cinnolinedicarboxylic acid, 1,2,3,5,6,7,8,8a-octahydro-4-trimethylsilyloxy-, diethyl ester",,,,-1.0,,1,-1,-1,-1
ENSMUSG00000047307-S,"2,4-Dimethoxybenzaldoxime",,,,1.0,,1,-1,-1,-1
ENSMUSG00000047307-S,4-tert-Butyldimethylsiloxy-3-penten-2-one,,1.0,,1.0,,1,-1,-1,-1
ENSMUSG00000047307-S,6-Nitroveratryl alcohol,,,,1.0,,1,-1,-1,-1
ENSMUSG00000047307-S,7-Hydroxy-4-(methoxymethyl)coumarin,,1.0,,1.0,,1,-1,-1,-1
ENSMUSG00000047307-S,"Benzene, 1-ethyl-3,5-dimethyl",,,,1.0,,1,-1,-1,-1
ENSMUSG00000047307-S,"l-Leucine, n-butoxycarbonyl-N-methyl-, hexadecyl ester",,,,-1.0,,1,-1,-1,-1
ENSMUSG00000047307-S,Phytanic acid,,0.8207826816681233,1.0,0.8954053273686237,,1,-1,-1,-1
ENSMUSG00000047368-S,"1-Pentene, 1,3-diphenyl-1-(trimethylsilyloxy)-",,,,1.0,,1,-1,-1,-1
ENSMUSG00000047368-S,"2',3'-Di-O-acetyladenosine",,,,1.0,,1,-1,-1,-1
ENSMUSG00000047368-S,2-Norbornanemethanol,,,,-1.0,,1,-1,-1,-1
ENSMUSG00000047368-S,4-tert-Butyldimethylsiloxy-3-penten-2-one,,1.0,,1.0,,1,-1,-1,-1
ENSMUSG00000047368-S,7-Hydroxy-4-(methoxymethyl)coumarin,,1.0,,1.0,,1,-1,-1,-1
ENSMUSG00000047368-S,Diclofenac,,,,1.0,,1,-1,-1,-1
ENSMUSG00000047368-S,L-Glutamic acid,,,,-1.0,,1,-1,-1,-1
ENSMUSG00000047368-S,"l-Leucine, n-butoxycarbonyl-N-methyl-, hexadecyl ester",,,,1.0,,1,-1,-1,-1
ENSMUSG00000047368-S,L-Ornithine,,,,-1.0,,1,-1,-1,-1
ENSMUSG00000047368-S,Octacosanol,,-1.0,,-1.0,,1,-1,-1,-1
ENSMUSG00000047539-S,"2,4-Dimethoxybenzaldoxime",,,,-1.0,,1,-1,-1,-1
ENSMUSG00000047539-S,"2,4-Di-tert-butylphenol",,,-1.0,-1.0,-1.0,1,1,1,1
ENSMUSG00000047539-S,4-tert-Butyldimethylsiloxy-3-penten-2-one,,1.0,,1.0,,1,-1,-1,-1
ENSMUSG00000047539-S,"l-Leucine, n-butoxycarbonyl-N-methyl-, hexadecyl ester",,,,1.0,,1,-1,-1,-1
ENSMUSG00000047539-S,tert-butyl(dimethyl)silyl-2-([tert-butyl(dimethyl)silyl]oxy)hex-2-enoate,,-1.0,,-1.0,,1,-1,-1,-1
ENSMUSG00000047591-S,"2,4-Dimethoxybenzaldoxime",,,,1.0,,1,-1,-1,-1
ENSMUSG00000047591-S,3-(4-Methoxyphenyl)coumarin,,-1.0,,-1.0,,1,-1,-1,-1
ENSMUSG00000047591-S,5-Nitroso-8-quinolinol,,,,-1.0,,1,-1,-1,-1
ENSMUSG00000047591-S,Chlorobenzilate,,,,-1.0,,1,-1,-1,-1
ENSMUSG00000047591-S,L-(+)-Threose,,1.0,,1.0,,1,-1,-1,-1
ENSMUSG00000047591-S,"l-Leucine, n-butoxycarbonyl-N-methyl-, hexadecyl ester",,,,1.0,,1,-1,-1,-1
ENSMUSG00000047591-S,L-Serine,,,,1.0,,1,-1,-1,-1
ENSMUSG00000047591-S,L-Val-L-Leu,,1.0,,1.0,,1,-1,-1,-1
ENSMUSG00000047604-S,"1,2-Cinnolinedicarboxylic acid, 1,2,3,5,6,7,8,8a-octahydro-4-trimethylsilyloxy-, diethyl ester",,,,-1.0,,1,-1,-1,-1
ENSMUSG00000047604-S,"2,4-Dimethoxybenzaldoxime",,,,1.0,,1,-1,-1,-1
ENSMUSG00000047604-S,2-Ethyl-1-butanol,,,,1.0,,1,-1,-1,-1
ENSMUSG00000047604-S,2-Norbornanemethanol,,,,-1.0,,1,-1,-1,-1
ENSMUSG00000047604-S,3-(4-Methoxyphenyl)coumarin,,-1.0,,-1.0,,1,-1,-1,-1
ENSMUSG00000047604-S,6-Nitroveratryl alcohol,,,,-1.0,,1,-1,-1,-1
ENSMUSG00000047604-S,Chlorobenzilate,,,,-1.0,,1,-1,-1,-1
ENSMUSG00000047604-S,L-Serine,,,,1.0,,1,-1,-1,-1
ENSMUSG00000047604-S,L-Val-L-Leu,,1.0,,1.0,,1,-1,-1,-1
ENSMUSG00000047649-S,"1,2-Bis(trimethylsiloxy)cyclohexene",,,,-1.0,,1,-1,-1,-1
ENSMUSG00000047649-S,"1,2-Cinnolinedicarboxylic acid, 1,2,3,5,6,7,8,8a-octahydro-4-trimethylsilyloxy-, diethyl ester",,,,-1.0,,1,-1,-1,-1
ENSMUSG00000047649-S,4-tert-Butyldimethylsiloxy-3-penten-2-one,,-1.0,,-1.0,,1,-1,-1,-1
ENSMUSG00000047649-S,5-Nitroso-8-quinolinol,,,,-1.0,,1,-1,-1,-1
ENSMUSG00000047649-S,7-Hydroxy-4-(methoxymethyl)coumarin,,-1.0,,-1.0,,1,-1,-1,-1
ENSMUSG00000047649-S,"Benzene, 1-ethyl-3,5-dimethyl",,,,-1.0,,1,-1,-1,-1
ENSMUSG00000047935-S,"2,4,6-Cycloheptatrien-1-one",,,,-1.0,-1.0,1,1,1,1
ENSMUSG00000047935-S,"2,4-Dimethoxybenzaldoxime",,,,1.0,,1,-1,-1,-1
ENSMUSG00000047935-S,4-tert-Butyldimethylsiloxy-3-penten-2-one,,-1.0,,-1.0,,1,-1,-1,-1
ENSMUSG00000047935-S,"Benzene, 1-ethyl-3,5-dimethyl",,,,1.0,,1,-1,-1,-1
ENSMUSG00000047935-S,Diclofenac,,,,1.0,,1,-1,-1,-1
ENSMUSG00000047935-S,L-(+)-Threose,,1.0,,1.0,,1,-1,-1,-1
ENSMUSG00000047935-S,"l-Leucine, n-butoxycarbonyl-N-methyl-, hexadecyl ester",,,,1.0,,1,-1,-1,-1
ENSMUSG00000047935-S,L-Pyroglutamic acid,,,,1.0,,1,-1,-1,-1
ENSMUSG00000047935-S,L-Serine,,,,1.0,,1,-1,-1,-1
ENSMUSG00000047935-S,tert-butyl(dimethyl)silyl-2-([tert-butyl(dimethyl)silyl]oxy)hex-2-enoate,,1.0,,1.0,,1,-1,-1,-1
ENSMUSG00000048038-S,"1,2-Bis(trimethylsiloxy)cyclohexene",,,,1.0,,1,-1,-1,-1
ENSMUSG00000048038-S,"1,2-Cinnolinedicarboxylic acid, 1,2,3,5,6,7,8,8a-octahydro-4-trimethylsilyloxy-, diethyl ester",,,,-1.0,,1,-1,-1,-1
ENSMUSG00000048038-S,"2,4-Dimethoxybenzaldoxime",,,,1.0,,1,-1,-1,-1
ENSMUSG00000048038-S,"2-Butene-1,4-diol",,1.0,,0.9856107606091624,,1,-1,-1,-1
ENSMUSG00000048038-S,3-(4-Methoxyphenyl)coumarin,,-1.0,,-1.0,,1,-1,-1,-1
ENSMUSG00000048038-S,"Benzene, 1-ethyl-3,5-dimethyl",,,,1.0,,1,-1,-1,-1
ENSMUSG00000048038-S,L-(+)-Threose,,1.0,,1.0,,1,-1,-1,-1
ENSMUSG00000048038-S,L-Serine,,,,1.0,,1,-1,-1,-1
ENSMUSG00000048038-S,L-Val-L-Leu,,1.0,,1.0,,1,-1,-1,-1
ENSMUSG00000048126-S,"1,2-Cinnolinedicarboxylic acid, 1,2,3,5,6,7,8,8a-octahydro-4-trimethylsilyloxy-, diethyl ester",,,,-1.0,,1,-1,-1,-1
ENSMUSG00000048126-S,2-Buten-1-ol,,,,-1.0,,1,-1,-1,-1
ENSMUSG00000048126-S,4-tert-Butyldimethylsiloxy-3-penten-2-one,,-1.0,,-1.0,,1,-1,-1,-1
ENSMUSG00000048126-S,"Benzene, 1-ethyl-3,5-dimethyl",,,,-1.0,,1,-1,-1,-1
ENSMUSG00000048126-S,"l-Leucine, n-butoxycarbonyl-N-methyl-, hexadecyl ester",,,,1.0,,1,-1,-1,-1
ENSMUSG00000048126-S,L-Val-L-Leu,,-1.0,,-1.0,,1,-1,-1,-1
ENSMUSG00000048186-S,"1,2-Cinnolinedicarboxylic acid, 1,2,3,5,6,7,8,8a-octahydro-4-trimethylsilyloxy-, diethyl ester",,,,1.0,,1,-1,-1,-1
ENSMUSG00000048186-S,"1-Pentene, 1,3-diphenyl-1-(trimethylsilyloxy)-",,,,-1.0,,1,-1,-1,-1
ENSMUSG00000048186-S,2-Norbornanemethanol,,,,1.0,,1,-1,-1,-1
ENSMUSG00000048186-S,7-Hydroxy-4-(methoxymethyl)coumarin,,-1.0,,-1.0,,1,-1,-1,-1
ENSMUSG00000048186-S,"l-Leucine, n-butoxycarbonyl-N-methyl-, hexadecyl ester",,,,1.0,,1,-1,-1,-1
ENSMUSG00000048186-S,L-Val-L-Leu,,-1.0,,-1.0,,1,-1,-1,-1
ENSMUSG00000048186-S,tert-butyl(dimethyl)silyl-2-([tert-butyl(dimethyl)silyl]oxy)hex-2-enoate,,-1.0,,-1.0,,1,-1,-1,-1
ENSMUSG00000048218-S,"1-Pentene, 1,3-diphenyl-1-(trimethylsilyloxy)-",,,,1.0,,1,-1,-1,-1
ENSMUSG00000048218-S,4-tert-Butyldimethylsiloxy-3-penten-2-one,,-1.0,,-1.0,,1,-1,-1,-1
ENSMUSG00000048218-S,7-Hydroxy-4-(methoxymethyl)coumarin,,-1.0,,-1.0,,1,-1,-1,-1
ENSMUSG00000048218-S,Diclofenac,,,,1.0,,1,-1,-1,-1
ENSMUSG00000048218-S,L-Pyroglutamic acid,,,,1.0,,1,-1,-1,-1
ENSMUSG00000048218-S,L-Serine,,,,1.0,,1,-1,-1,-1
ENSMUSG00000048240-S,"1,2-Cinnolinedicarboxylic acid, 1,2,3,5,6,7,8,8a-octahydro-4-trimethylsilyloxy-, diethyl ester",,,,-1.0,,1,-1,-1,-1
ENSMUSG00000048240-S,2-Ethyl-1-butanol,,,,1.0,,1,-1,-1,-1
ENSMUSG00000048240-S,2-Norbornanemethanol,,,,-1.0,,1,-1,-1,-1
ENSMUSG00000048240-S,"l-Leucine, n-butoxycarbonyl-N-methyl-, hexadecyl ester",,,,-1.0,,1,-1,-1,-1
ENSMUSG00000048240-S,Xylazine,,0.8999999999999998,1.0,0.8954053273686237,1.0,1,1,1,1
ENSMUSG00000048546-S,"2,4-Di-tert-butylphenol",,,-1.0,-1.0,-1.0,1,1,1,1
ENSMUSG00000048546-S,2-Norbornanemethanol,,,,1.0,,1,-1,-1,-1
ENSMUSG00000048546-S,3-(4-Methoxyphenyl)coumarin,,-1.0,,-1.0,,1,-1,-1,-1
ENSMUSG00000048546-S,5-Nitroso-8-quinolinol,,,,-1.0,,1,-1,-1,-1
ENSMUSG00000048546-S,"Benzene, 1-ethyl-3,5-dimethyl",,,,1.0,,1,-1,-1,-1
ENSMUSG00000048546-S,"l-Leucine, n-butoxycarbonyl-N-methyl-, hexadecyl ester",,,,1.0,,1,-1,-1,-1
ENSMUSG00000048546-S,tert-butyl(dimethyl)silyl-2-([tert-butyl(dimethyl)silyl]oxy)hex-2-enoate,,-1.0,,-1.0,,1,-1,-1,-1
ENSMUSG00000048782-S,"1,2-Cinnolinedicarboxylic acid, 1,2,3,5,6,7,8,8a-octahydro-4-trimethylsilyloxy-, diethyl ester",,,,-1.0,,1,-1,-1,-1
ENSMUSG00000048782-S,3-(4-Methoxyphenyl)coumarin,,-1.0,,-1.0,,1,-1,-1,-1
ENSMUSG00000048782-S,5-Nitroso-8-quinolinol,,,,1.0,,1,-1,-1,-1
ENSMUSG00000048782-S,L-(+)-Threose,,1.0,,1.0,,1,-1,-1,-1
ENSMUSG00000048782-S,tert-butyl(dimethyl)silyl-2-([tert-butyl(dimethyl)silyl]oxy)hex-2-enoate,,-1.0,,-1.0,,1,-1,-1,-1
ENSMUSG00000049047-S,"1,2-Cinnolinedicarboxylic acid, 1,2,3,5,6,7,8,8a-octahydro-4-trimethylsilyloxy-, diethyl ester",,,,1.0,,1,-1,-1,-1
ENSMUSG00000049047-S,4-tert-Butyldimethylsiloxy-3-penten-2-one,,-1.0,,-1.0,,1,-1,-1,-1
ENSMUSG00000049047-S,L-Ornithine,,,,1.0,,1,-1,-1,-1
ENSMUSG00000049047-S,tert-butyl(dimethyl)silyl-2-([tert-butyl(dimethyl)silyl]oxy)hex-2-enoate,,1.0,,1.0,,1,-1,-1,-1
ENSMUSG00000049124-S,"2,3-Dihydroxybutanoic acid",,-0.7999999999999999,-0.8660254037844387,-0.9277781834703688,-1.0,1,1,1,1
ENSMUSG00000049124-S,"2,4-Dimethoxybenzaldoxime",,,,1.0,,1,-1,-1,-1
ENSMUSG00000049124-S,3-(4-Methoxyphenyl)coumarin,,-1.0,,-1.0,,1,-1,-1,-1
ENSMUSG00000049124-S,"Benzene, 1-ethyl-3,5-dimethyl",,,,1.0,,1,-1,-1,-1
ENSMUSG00000049124-S,Chlorobenzilate,,,,-1.0,,1,-1,-1,-1
ENSMUSG00000049124-S,L-(+)-Threose,,1.0,,1.0,,1,-1,-1,-1
ENSMUSG00000049124-S,"l-Leucine, n-butoxycarbonyl-N-methyl-, hexadecyl ester",,,,1.0,,1,-1,-1,-1
ENSMUSG00000049124-S,L-Pyroglutamic acid,,,,1.0,,1,-1,-1,-1
ENSMUSG00000049124-S,L-Serine,,,,1.0,,1,-1,-1,-1
ENSMUSG00000049124-S,L-Val-L-Leu,,1.0,,1.0,,1,-1,-1,-1
ENSMUSG00000049411-S,"1,2-Bis(trimethylsiloxy)cyclohexene",,,,1.0,,1,-1,-1,-1
ENSMUSG00000049411-S,"2,4-Dimethoxybenzaldoxime",,,,1.0,,1,-1,-1,-1
ENSMUSG00000049411-S,2-Norbornanemethanol,,,,-1.0,,1,-1,-1,-1
ENSMUSG00000049411-S,L-Serine,,,,1.0,,1,-1,-1,-1
ENSMUSG00000049643-S,"1,2-Bis(trimethylsiloxy)cyclohexene",,,,-1.0,,1,-1,-1,-1
ENSMUSG00000049643-S,"2,3-Dihydroxybutanoic acid",,-1.0,-0.8660254037844387,-0.9518763181059628,-1.0,1,1,1,1
ENSMUSG00000049643-S,"2,4-Dimethoxybenzaldoxime",,,,1.0,,1,-1,-1,-1
ENSMUSG00000049643-S,3-(4-Methoxyphenyl)coumarin,,-1.0,,-1.0,,1,-1,-1,-1
ENSMUSG00000049643-S,7-Hydroxy-4-(methoxymethyl)coumarin,,-1.0,,-1.0,,1,-1,-1,-1
ENSMUSG00000049643-S,Chlorobenzilate,,,,-1.0,,1,-1,-1,-1
ENSMUSG00000049643-S,Diclofenac,,,,-1.0,,1,-1,-1,-1
ENSMUSG00000049643-S,L-Ornithine,,,,1.0,,1,-1,-1,-1
ENSMUSG00000050002-S,"1,2-Bis(trimethylsiloxy)cyclohexene",,,,1.0,,1,-1,-1,-1
ENSMUSG00000050002-S,"1-Pentene, 1,3-diphenyl-1-(trimethylsilyloxy)-",,,,1.0,,1,-1,-1,-1
ENSMUSG00000050002-S,2-Ethyl-1-butanol,,,,1.0,,1,-1,-1,-1
ENSMUSG00000050002-S,2-Norbornanemethanol,,,,-1.0,,1,-1,-1,-1
ENSMUSG00000050002-S,3-(4-Methoxyphenyl)coumarin,,1.0,,1.0,,1,-1,-1,-1
ENSMUSG00000050002-S,L-Pyroglutamic acid,,,,1.0,,1,-1,-1,-1
ENSMUSG00000050002-S,L-Serine,,,,1.0,,1,-1,-1,-1
ENSMUSG00000050002-S,tert-butyl(dimethyl)silyl-2-([tert-butyl(dimethyl)silyl]oxy)hex-2-enoate,,1.0,,1.0,,1,-1,-1,-1
ENSMUSG00000050240-S,2-Norbornanemethanol,,,,-1.0,,1,-1,-1,-1
ENSMUSG00000050240-S,"4,5-Dihydro-1H-pyrazole",,,,1.0,,1,-1,-1,-1
ENSMUSG00000050240-S,4-tert-Butyldimethylsiloxy-3-penten-2-one,,1.0,,1.0,,1,-1,-1,-1
ENSMUSG00000050240-S,6-Nitroveratryl alcohol,,,,1.0,,1,-1,-1,-1
ENSMUSG00000050240-S,Octacosanol,,-1.0,,-1.0,,1,-1,-1,-1
ENSMUSG00000050272-S,2-Ethyl-1-butanol,,,,-1.0,,1,-1,-1,-1
ENSMUSG00000050272-S,2-Norbornanemethanol,,,,1.0,,1,-1,-1,-1
ENSMUSG00000050272-S,4-tert-Butyldimethylsiloxy-3-penten-2-one,,1.0,,1.0,,1,-1,-1,-1
ENSMUSG00000050272-S,6-Nitroveratryl alcohol,,,,1.0,,1,-1,-1,-1
ENSMUSG00000050272-S,"Benzene, 1-ethyl-3,5-dimethyl",,,,1.0,,1,-1,-1,-1
ENSMUSG00000050272-S,Diclofenac,,,,-1.0,,1,-1,-1,-1
ENSMUSG00000050272-S,L-Serine,,,,-1.0,,1,-1,-1,-1
ENSMUSG00000050272-S,tert-butyl(dimethyl)silyl-2-([tert-butyl(dimethyl)silyl]oxy)hex-2-enoate,,-1.0,,-1.0,,1,-1,-1,-1
ENSMUSG00000050315-S,5-Nitroso-8-quinolinol,,,,1.0,,1,-1,-1,-1
ENSMUSG00000050315-S,7-Hydroxy-4-(methoxymethyl)coumarin,,-1.0,,-1.0,,1,-1,-1,-1
ENSMUSG00000050315-S,"l-Leucine, n-butoxycarbonyl-N-methyl-, hexadecyl ester",,,,-1.0,,1,-1,-1,-1
ENSMUSG00000050473-S,"1,2-Bis(trimethylsiloxy)cyclohexene",,,,1.0,,1,-1,-1,-1
ENSMUSG00000050473-S,"1,2-Cinnolinedicarboxylic acid, 1,2,3,5,6,7,8,8a-octahydro-4-trimethylsilyloxy-, diethyl ester",,,,-1.0,,1,-1,-1,-1
ENSMUSG00000050473-S,2-Norbornanemethanol,,,,-1.0,,1,-1,-1,-1
ENSMUSG00000050473-S,4-tert-Butyldimethylsiloxy-3-penten-2-one,,1.0,,1.0,,1,-1,-1,-1
ENSMUSG00000050473-S,5-Nitroso-8-quinolinol,,,,1.0,,1,-1,-1,-1
ENSMUSG00000050473-S,Diclofenac,,,,1.0,,1,-1,-1,-1
ENSMUSG00000050473-S,L-Pyroglutamic acid,,,,1.0,,1,-1,-1,-1
ENSMUSG00000050473-S,L-Serine,,,,1.0,,1,-1,-1,-1
ENSMUSG00000050473-S,L-Val-L-Leu,,1.0,,1.0,,1,-1,-1,-1
ENSMUSG00000050473-S,Malic acid,,0.8999999999999998,1.0,0.912141875543738,-1.0,1,-1,-1,-1
ENSMUSG00000050549-S,"3,3-Dimethylacrylic acid",,,,1.0,,1,-1,-1,-1
ENSMUSG00000050549-S,4-tert-Butyldimethylsiloxy-3-penten-2-one,,1.0,,1.0,,1,-1,-1,-1
ENSMUSG00000050549-S,5-Nitroso-8-quinolinol,,,,1.0,,1,-1,-1,-1
ENSMUSG00000050549-S,"Benzene, 1-ethyl-3,5-dimethyl",,,,1.0,,1,-1,-1,-1
ENSMUSG00000050549-S,"l-Leucine, n-butoxycarbonyl-N-methyl-, hexadecyl ester",,,,-1.0,,1,-1,-1,-1
ENSMUSG00000050549-S,Octanoic acid,,1.0,,1.0,,1,-1,-1,-1
ENSMUSG00000050552-S,"1-Pentene, 1,3-diphenyl-1-(trimethylsilyloxy)-",,,,1.0,,1,-1,-1,-1
ENSMUSG00000050552-S,7-Hydroxy-4-(methoxymethyl)coumarin,,1.0,,1.0,,1,-1,-1,-1
ENSMUSG00000050552-S,Chlorobenzilate,,,,-1.0,,1,-1,-1,-1
ENSMUSG00000050552-S,L-Glutamic acid,,,,-1.0,,1,-1,-1,-1
ENSMUSG00000050552-S,"l-Leucine, n-butoxycarbonyl-N-methyl-, hexadecyl ester",,,,1.0,,1,-1,-1,-1
ENSMUSG00000050552-S,L-Serine,,,,1.0,,1,-1,-1,-1
ENSMUSG00000050555-S,"1,2-Bis(trimethylsiloxy)cyclohexene",,,,-1.0,,1,-1,-1,-1
ENSMUSG00000050555-S,Diclofenac,,,,-1.0,,1,-1,-1,-1
ENSMUSG00000050555-S,DL-Glyceraldehyde,,-0.7071067811865475,-0.8660254037844387,-0.8941204676430953,,1,-1,-1,-1
ENSMUSG00000050555-S,L-Serine,,,,-1.0,,1,-1,-1,-1
ENSMUSG00000050587-S,"1,2-Bis(trimethylsiloxy)cyclohexene",,,,1.0,,1,-1,-1,-1
ENSMUSG00000050587-S,"1,2-Cinnolinedicarboxylic acid, 1,2,3,5,6,7,8,8a-octahydro-4-trimethylsilyloxy-, diethyl ester",,,,-1.0,,1,-1,-1,-1
ENSMUSG00000050587-S,2-Norbornanemethanol,,,,-1.0,,1,-1,-1,-1
ENSMUSG00000050587-S,4-Methylvaleric acid,,0.7999999999999999,1.0,0.9285714285714288,,1,-1,-1,-1
ENSMUSG00000050587-S,4-tert-Butyldimethylsiloxy-3-penten-2-one,,1.0,,1.0,,1,-1,-1,-1
ENSMUSG00000050587-S,7-Hydroxy-4-(methoxymethyl)coumarin,,1.0,,1.0,,1,-1,-1,-1
ENSMUSG00000050587-S,Adipoyl-L-carnitine,,1.0,,1.0,,1,-1,-1,-1
ENSMUSG00000050587-S,Diclofenac,,,,1.0,,1,-1,-1,-1
ENSMUSG00000050587-S,L-Lysine,,0.7,1.0,0.9,,1,-1,-1,-1
ENSMUSG00000050587-S,L-Serine,,,,1.0,,1,-1,-1,-1
ENSMUSG00000050587-S,Methyl lactate,,0.8999999999999998,1.0,0.9221722216732094,,1,-1,-1,-1
ENSMUSG00000050711-S,"1,2-Cinnolinedicarboxylic acid, 1,2,3,5,6,7,8,8a-octahydro-4-trimethylsilyloxy-, diethyl ester",,,,-1.0,,1,-1,-1,-1
ENSMUSG00000050711-S,3-(4-Methoxyphenyl)coumarin,,-1.0,,-1.0,,1,-1,-1,-1
ENSMUSG00000050711-S,5-Nitroso-8-quinolinol,,,,-1.0,,1,-1,-1,-1
ENSMUSG00000050711-S,7-Hydroxy-4-(methoxymethyl)coumarin,,-1.0,,-1.0,,1,-1,-1,-1
ENSMUSG00000050711-S,Chlorobenzilate,,,,-1.0,,1,-1,-1,-1
ENSMUSG00000050711-S,"l-Leucine, n-butoxycarbonyl-N-methyl-, hexadecyl ester",,,,1.0,,1,-1,-1,-1
ENSMUSG00000050973-S,"1,2-Cinnolinedicarboxylic acid, 1,2,3,5,6,7,8,8a-octahydro-4-trimethylsilyloxy-, diethyl ester",,,,1.0,,1,-1,-1,-1
ENSMUSG00000050973-S,"1-Pentene, 1,3-diphenyl-1-(trimethylsilyloxy)-",,,,-1.0,,1,-1,-1,-1
ENSMUSG00000050973-S,2-Norbornanemethanol,,,,1.0,,1,-1,-1,-1
ENSMUSG00000050973-S,3-(4-Methoxyphenyl)coumarin,,1.0,,1.0,,1,-1,-1,-1
ENSMUSG00000050973-S,7-Hydroxy-4-(methoxymethyl)coumarin,,-1.0,,-1.0,,1,-1,-1,-1
ENSMUSG00000050973-S,L-(+)-Threose,,-1.0,,-1.0,,1,-1,-1,-1
ENSMUSG00000050973-S,L-Ornithine,,,,1.0,,1,-1,-1,-1
ENSMUSG00000050973-S,Sarcosine,,,,-1.0,,1,-1,-1,-1
ENSMUSG00000051391-S,"1,2-Bis(trimethylsiloxy)cyclohexene",,,,-1.0,,1,-1,-1,-1
ENSMUSG00000051391-S,"1-Pentene, 1,3-diphenyl-1-(trimethylsilyloxy)-",,,,1.0,,1,-1,-1,-1
ENSMUSG00000051391-S,Diclofenac,,,,-1.0,,1,-1,-1,-1
ENSMUSG00000051391-S,L-Glutamic acid,,,,-1.0,,1,-1,-1,-1
ENSMUSG00000051451-S,"1-Pentene, 1,3-diphenyl-1-(trimethylsilyloxy)-",,,,1.0,,1,-1,-1,-1
ENSMUSG00000051451-S,2-Ethyl-1-butanol,,,,1.0,,1,-1,-1,-1
ENSMUSG00000051451-S,2-Norbornanemethanol,,,,-1.0,,1,-1,-1,-1
ENSMUSG00000051451-S,3-(4-Methoxyphenyl)coumarin,,1.0,,1.0,,1,-1,-1,-1
ENSMUSG00000051451-S,Diclofenac,,,,1.0,,1,-1,-1,-1
ENSMUSG00000051451-S,L-Pyroglutamic acid,,,,1.0,,1,-1,-1,-1
ENSMUSG00000051451-S,L-Serine,,,,1.0,,1,-1,-1,-1
ENSMUSG00000051451-S,tert-butyl(dimethyl)silyl-2-([tert-butyl(dimethyl)silyl]oxy)hex-2-enoate,,1.0,,1.0,,1,-1,-1,-1
ENSMUSG00000051615-S,"1,2-Bis(trimethylsiloxy)cyclohexene",,,,-1.0,,1,-1,-1,-1
ENSMUSG00000051615-S,"1,2-Cinnolinedicarboxylic acid, 1,2,3,5,6,7,8,8a-octahydro-4-trimethylsilyloxy-, diethyl ester",,,,1.0,,1,-1,-1,-1
ENSMUSG00000051615-S,5-Nitroso-8-quinolinol,,,,-1.0,,1,-1,-1,-1
ENSMUSG00000051615-S,L-Pyroglutamic acid,,,,-1.0,,1,-1,-1,-1
ENSMUSG00000051615-S,L-Serine,,,,-1.0,,1,-1,-1,-1
ENSMUSG00000051615-S,L-Val-L-Leu,,-1.0,,-1.0,,1,-1,-1,-1
ENSMUSG00000051674-S,"2,4-Dimethoxybenzaldoxime",,,,-1.0,,1,-1,-1,-1
ENSMUSG00000051674-S,"2,4-Di-tert-butylphenol",,,-1.0,-1.0,-1.0,1,1,1,1
ENSMUSG00000051674-S,4-tert-Butyldimethylsiloxy-3-penten-2-one,,1.0,,1.0,,1,-1,-1,-1
ENSMUSG00000051674-S,"Benzene, 1-ethyl-3,5-dimethyl",,,,-1.0,,1,-1,-1,-1
ENSMUSG00000051674-S,L-(+)-Threose,,-1.0,,-1.0,,1,-1,-1,-1
ENSMUSG00000051674-S,"l-Leucine, n-butoxycarbonyl-N-methyl-, hexadecyl ester",,,,1.0,,1,-1,-1,-1
ENSMUSG00000051674-S,L-Ornithine,,,,-1.0,,1,-1,-1,-1
ENSMUSG00000051674-S,Sulindac,,-1.0,,-1.0,,1,-1,-1,-1
ENSMUSG00000051674-S,tert-butyl(dimethyl)silyl-2-([tert-butyl(dimethyl)silyl]oxy)hex-2-enoate,,-1.0,,-1.0,,1,-1,-1,-1
ENSMUSG00000051811-S,"1,2-Cinnolinedicarboxylic acid, 1,2,3,5,6,7,8,8a-octahydro-4-trimethylsilyloxy-, diethyl ester",,,,-1.0,,1,-1,-1,-1
ENSMUSG00000051811-S,4-tert-Butyldimethylsiloxy-3-penten-2-one,,1.0,,1.0,,1,-1,-1,-1
ENSMUSG00000051811-S,5-Nitroso-8-quinolinol,,,,1.0,,1,-1,-1,-1
ENSMUSG00000051811-S,"Benzene, 1-ethyl-3,5-dimethyl",,,,-1.0,,1,-1,-1,-1
ENSMUSG00000051811-S,L-(+)-Threose,,-1.0,,-1.0,,1,-1,-1,-1
ENSMUSG00000051811-S,"l-Leucine, n-butoxycarbonyl-N-methyl-, hexadecyl ester",,,,-1.0,,1,-1,-1,-1
ENSMUSG00000051811-S,L-Ornithine,,,,1.0,,1,-1,-1,-1
ENSMUSG00000051811-S,tert-butyl(dimethyl)silyl-2-([tert-butyl(dimethyl)silyl]oxy)hex-2-enoate,,-1.0,,-1.0,,1,-1,-1,-1
ENSMUSG00000052085-S,"1,2-Bis(trimethylsiloxy)cyclohexene",,,,-1.0,,1,-1,-1,-1
ENSMUSG00000052085-S,5-Nitroso-8-quinolinol,,,,-1.0,,1,-1,-1,-1
ENSMUSG00000052085-S,"Benzene, 1-ethyl-3,5-dimethyl",,,,-1.0,,1,-1,-1,-1
ENSMUSG00000052085-S,Diclofenac,,,,-1.0,,1,-1,-1,-1
ENSMUSG00000052336-S,"1,2-Bis(trimethylsiloxy)cyclohexene",,,,-1.0,,1,-1,-1,-1
ENSMUSG00000052336-S,2-Norbornanemethanol,,,,-1.0,,1,-1,-1,-1
ENSMUSG00000052336-S,3-(4-Methoxyphenyl)coumarin,,1.0,,1.0,,1,-1,-1,-1
ENSMUSG00000052336-S,L-(+)-Threose,,-1.0,,-1.0,,1,-1,-1,-1
ENSMUSG00000052336-S,tert-butyl(dimethyl)silyl-2-([tert-butyl(dimethyl)silyl]oxy)hex-2-enoate,,1.0,,1.0,,1,-1,-1,-1
ENSMUSG00000052593-S,"1,2-Bis(trimethylsiloxy)cyclohexene",,,,1.0,,1,-1,-1,-1
ENSMUSG00000052593-S,"1-Pentene, 1,3-diphenyl-1-(trimethylsilyloxy)-",,,,1.0,,1,-1,-1,-1
ENSMUSG00000052593-S,2-Ethyl-1-butanol,,,,1.0,,1,-1,-1,-1
ENSMUSG00000052593-S,2-Norbornanemethanol,,,,-1.0,,1,-1,-1,-1
ENSMUSG00000052593-S,4-tert-Butyldimethylsiloxy-3-penten-2-one,,-1.0,,-1.0,,1,-1,-1,-1
ENSMUSG00000052593-S,Diclofenac,,,,1.0,,1,-1,-1,-1
ENSMUSG00000052593-S,L-Pyroglutamic acid,,,,1.0,,1,-1,-1,-1
ENSMUSG00000052593-S,L-Serine,,,,1.0,,1,-1,-1,-1
ENSMUSG00000052593-S,Octanoic acid,,-1.0,,-1.0,,1,-1,-1,-1
ENSMUSG00000052593-S,tert-butyl(dimethyl)silyl-2-([tert-butyl(dimethyl)silyl]oxy)hex-2-enoate,,1.0,,1.0,,1,-1,-1,-1
ENSMUSG00000052712-S,"1,2-Bis(trimethylsiloxy)cyclohexene",,,,1.0,,1,-1,-1,-1
ENSMUSG00000052712-S,"1,2-Cinnolinedicarboxylic acid, 1,2,3,5,6,7,8,8a-octahydro-4-trimethylsilyloxy-, diethyl ester",,,,-1.0,,1,-1,-1,-1
ENSMUSG00000052712-S,4-tert-Butyldimethylsiloxy-3-penten-2-one,,1.0,,1.0,,1,-1,-1,-1
ENSMUSG00000052712-S,Diclofenac,,,,1.0,,1,-1,-1,-1
ENSMUSG00000052712-S,L-Serine,,,,1.0,,1,-1,-1,-1
ENSMUSG00000052712-S,tert-butyl(dimethyl)silyl-2-([tert-butyl(dimethyl)silyl]oxy)hex-2-enoate,,-1.0,,-1.0,,1,-1,-1,-1
ENSMUSG00000052848-S,"1-Pentene, 1,3-diphenyl-1-(trimethylsilyloxy)-",,,,1.0,,1,-1,-1,-1
ENSMUSG00000052848-S,3-(4-Methoxyphenyl)coumarin,,1.0,,1.0,,1,-1,-1,-1
ENSMUSG00000052848-S,"4,5-Dihydro-1H-pyrazole",,,,1.0,,1,-1,-1,-1
ENSMUSG00000052848-S,7-Hydroxy-4-(methoxymethyl)coumarin,,1.0,,1.0,,1,-1,-1,-1
ENSMUSG00000052848-S,L-Glutamic acid,,,,-1.0,,1,-1,-1,-1
ENSMUSG00000053063-S,"1-Pentene, 1,3-diphenyl-1-(trimethylsilyloxy)-",,,,1.0,,1,-1,-1,-1
ENSMUSG00000053063-S,3-(4-Methoxyphenyl)coumarin,,-1.0,,-1.0,,1,-1,-1,-1
ENSMUSG00000053063-S,"4,5-Dihydro-1H-pyrazole",,,,1.0,,1,-1,-1,-1
ENSMUSG00000053063-S,"Benzene, 1-ethyl-3,5-dimethyl",,,,1.0,,1,-1,-1,-1
ENSMUSG00000053063-S,L-(+)-Threose,,1.0,,1.0,,1,-1,-1,-1
ENSMUSG00000053063-S,L-Val-L-Leu,,1.0,,1.0,,1,-1,-1,-1
ENSMUSG00000053192-S,"1,2-Bis(trimethylsiloxy)cyclohexene",,,,-1.0,,1,-1,-1,-1
ENSMUSG00000053192-S,"1-Pentene, 1,3-diphenyl-1-(trimethylsilyloxy)-",,,,1.0,,1,-1,-1,-1
ENSMUSG00000053192-S,7-Hydroxy-4-(methoxymethyl)coumarin,,1.0,,1.0,,1,-1,-1,-1
ENSMUSG00000053192-S,Chlorobenzilate,,,,-1.0,,1,-1,-1,-1
ENSMUSG00000053192-S,L-Glutamic acid,,,,-1.0,,1,-1,-1,-1
ENSMUSG00000053192-S,L-Val-L-Leu,,1.0,,1.0,,1,-1,-1,-1
ENSMUSG00000053519-S,"1-Pentene, 1,3-diphenyl-1-(trimethylsilyloxy)-",,,,1.0,,1,-1,-1,-1
ENSMUSG00000053519-S,2-Buten-1-ol,,,,-1.0,,1,-1,-1,-1
ENSMUSG00000053519-S,5-Nitroso-8-quinolinol,,,,-1.0,,1,-1,-1,-1
ENSMUSG00000053519-S,Chlorobenzilate,,,,-1.0,,1,-1,-1,-1
ENSMUSG00000053519-S,"l-Leucine, n-butoxycarbonyl-N-methyl-, hexadecyl ester",,,,1.0,,1,-1,-1,-1
ENSMUSG00000053916-S,2-Buten-1-ol,,,,-1.0,,1,-1,-1,-1
ENSMUSG00000053916-S,5-Nitroso-8-quinolinol,,,,-1.0,,1,-1,-1,-1
ENSMUSG00000053916-S,Benzeneacetic acid,,1.0,,1.0,,1,-1,-1,-1
ENSMUSG00000053916-S,Chlorobenzilate,,,,-1.0,,1,-1,-1,-1
ENSMUSG00000053916-S,L-(+)-Threose,,-1.0,,-1.0,,1,-1,-1,-1
ENSMUSG00000053916-S,"l-Leucine, n-butoxycarbonyl-N-methyl-, hexadecyl ester",,,,1.0,,1,-1,-1,-1
ENSMUSG00000053916-S,L-Serine,,,,1.0,,1,-1,-1,-1
ENSMUSG00000053916-S,L-Val-L-Leu,,1.0,,1.0,,1,-1,-1,-1
ENSMUSG00000053980-S,"1-Pentene, 1,3-diphenyl-1-(trimethylsilyloxy)-",,,,-1.0,,1,-1,-1,-1
ENSMUSG00000053980-S,2-Ethyl-1-butanol,,,,-1.0,,1,-1,-1,-1
ENSMUSG00000053980-S,3-(4-Methoxyphenyl)coumarin,,-1.0,,-1.0,,1,-1,-1,-1
ENSMUSG00000053980-S,5-Nitroso-8-quinolinol,,,,1.0,,1,-1,-1,-1
ENSMUSG00000054162-S,"1,2-Cinnolinedicarboxylic acid, 1,2,3,5,6,7,8,8a-octahydro-4-trimethylsilyloxy-, diethyl ester",,,,-1.0,,1,-1,-1,-1
ENSMUSG00000054162-S,"2,4-Dimethoxybenzaldoxime",,,,1.0,,1,-1,-1,-1
ENSMUSG00000054162-S,3-(4-Methoxyphenyl)coumarin,,-1.0,,-1.0,,1,-1,-1,-1
ENSMUSG00000054162-S,5-Nitroso-8-quinolinol,,,,1.0,,1,-1,-1,-1
ENSMUSG00000054162-S,"Benzene, 1-ethyl-3,5-dimethyl",,,,1.0,,1,-1,-1,-1
ENSMUSG00000054162-S,"l-Leucine, n-butoxycarbonyl-N-methyl-, hexadecyl ester",,,,-1.0,,1,-1,-1,-1
ENSMUSG00000054162-S,L-Val-L-Leu,,1.0,,1.0,,1,-1,-1,-1
ENSMUSG00000054484-S,"1,2-Cinnolinedicarboxylic acid, 1,2,3,5,6,7,8,8a-octahydro-4-trimethylsilyloxy-, diethyl ester",,,,-1.0,,1,-1,-1,-1
ENSMUSG00000054484-S,"2,4-Dimethoxybenzaldoxime",,,,1.0,,1,-1,-1,-1
ENSMUSG00000054484-S,2-Norbornanemethanol,,,,-1.0,,1,-1,-1,-1
ENSMUSG00000054484-S,4-tert-Butyldimethylsiloxy-3-penten-2-one,,1.0,,1.0,,1,-1,-1,-1
ENSMUSG00000054484-S,6-Oxoheptanoic acid,,1.0,1.0,0.9288784237188524,,1,-1,-1,-1
ENSMUSG00000054484-S,Aniline,,0.7999999999999999,1.0,0.903773601456181,1.0,1,1,1,1
ENSMUSG00000054484-S,Diclofenac,,,,1.0,,1,-1,-1,-1
ENSMUSG00000054484-S,L-Pyroglutamic acid,,,,1.0,,1,-1,-1,-1
ENSMUSG00000054484-S,L-Serine,,,,1.0,,1,-1,-1,-1
ENSMUSG00000054484-S,Lupinine,,1.0,,1.0,,1,-1,-1,-1
ENSMUSG00000054484-S,L-Val-L-Leu,,1.0,,1.0,,1,-1,-1,-1
ENSMUSG00000054690-S,"Benzene, 1-ethyl-3,5-dimethyl",,,,1.0,,1,-1,-1,-1
ENSMUSG00000054690-S,L-(+)-Threose,,1.0,,1.0,,1,-1,-1,-1
ENSMUSG00000054690-S,"l-Leucine, n-butoxycarbonyl-N-methyl-, hexadecyl ester",,,,-1.0,,1,-1,-1,-1
ENSMUSG00000054690-S,L-Ornithine,,,,1.0,,1,-1,-1,-1
ENSMUSG00000055003-S,"1,2-Bis(trimethylsiloxy)cyclohexene",,,,1.0,,1,-1,-1,-1
ENSMUSG00000055003-S,"1,2-Cinnolinedicarboxylic acid, 1,2,3,5,6,7,8,8a-octahydro-4-trimethylsilyloxy-, diethyl ester",,,,-1.0,,1,-1,-1,-1
ENSMUSG00000055003-S,2-Norbornanemethanol,,,,-1.0,,1,-1,-1,-1
ENSMUSG00000055003-S,3-(4-Methoxyphenyl)coumarin,,-1.0,,-1.0,,1,-1,-1,-1
ENSMUSG00000055003-S,3-Aminobenzoic acid,,0.8999999999999998,1.0,0.9285714285714288,-1.0,1,-1,-1,-1
ENSMUSG00000055003-S,5-Nitroso-8-quinolinol,,,,1.0,,1,-1,-1,-1
ENSMUSG00000055003-S,7-Hydroxy-4-(methoxymethyl)coumarin,,-1.0,,-1.0,,1,-1,-1,-1
ENSMUSG00000055003-S,Diclofenac,,,,1.0,,1,-1,-1,-1
ENSMUSG00000055003-S,Durapan,,0.8999999999999998,1.0,0.9523809523809524,-1.0,1,-1,-1,-1
ENSMUSG00000055003-S,L-Pyroglutamic acid,,,,1.0,,1,-1,-1,-1
ENSMUSG00000055003-S,L-Serine,,,,1.0,,1,-1,-1,-1
ENSMUSG00000055003-S,Methanesulfonic acid,,1.0,1.0,0.9761904761904764,-1.0,1,-1,-1,-1
ENSMUSG00000055003-S,Pinosylvin,,0.8999999999999998,1.0,0.9461247469114746,-1.0,1,-1,-1,-1
ENSMUSG00000055200-S,"1,2-Bis(trimethylsiloxy)cyclohexene",,,,1.0,,1,-1,-1,-1
ENSMUSG00000055200-S,"Benzene, 1-ethyl-3,5-dimethyl",,,,1.0,,1,-1,-1,-1
ENSMUSG00000055200-S,L-Ornithine,,,,-1.0,,1,-1,-1,-1
ENSMUSG00000055202-S,"1,2-Cinnolinedicarboxylic acid, 1,2,3,5,6,7,8,8a-octahydro-4-trimethylsilyloxy-, diethyl ester",,,,1.0,,1,-1,-1,-1
ENSMUSG00000055202-S,L-Ornithine,,,,1.0,,1,-1,-1,-1
ENSMUSG00000055202-S,Sarcosine,,,,-1.0,,1,-1,-1,-1
ENSMUSG00000055214-S,"1,2-Bis(trimethylsiloxy)cyclohexene",,,,1.0,,1,-1,-1,-1
ENSMUSG00000055214-S,"1-Pentene, 1,3-diphenyl-1-(trimethylsilyloxy)-",,,,1.0,,1,-1,-1,-1
ENSMUSG00000055214-S,2-Ethyl-1-butanol,,,,1.0,,1,-1,-1,-1
ENSMUSG00000055214-S,2-Norbornanemethanol,,,,-1.0,,1,-1,-1,-1
ENSMUSG00000055214-S,4-tert-Butyldimethylsiloxy-3-penten-2-one,,-1.0,,-1.0,,1,-1,-1,-1
ENSMUSG00000055214-S,Diclofenac,,,,1.0,,1,-1,-1,-1
ENSMUSG00000055214-S,L-Pyroglutamic acid,,,,1.0,,1,-1,-1,-1
ENSMUSG00000055214-S,L-Serine,,,,1.0,,1,-1,-1,-1
ENSMUSG00000055214-S,"Propanoic acid, 3-[(tert-butyldimethylsilyl)oxy]-2-methyl-",,1.0,,0.9285714285714288,,1,-1,-1,-1
ENSMUSG00000055214-S,tert-butyl(dimethyl)silyl-2-([tert-butyl(dimethyl)silyl]oxy)hex-2-enoate,,1.0,,1.0,,1,-1,-1,-1
ENSMUSG00000055692-S,"1-Pentene, 1,3-diphenyl-1-(trimethylsilyloxy)-",,,,1.0,,1,-1,-1,-1
ENSMUSG00000055692-S,2-Norbornanemethanol,,,,-1.0,,1,-1,-1,-1
ENSMUSG00000055692-S,"4,5-Dihydro-1H-pyrazole",,,,1.0,,1,-1,-1,-1
ENSMUSG00000055692-S,7-Hydroxy-4-(methoxymethyl)coumarin,,1.0,,1.0,,1,-1,-1,-1
ENSMUSG00000055692-S,L-Glutamic acid,,,,-1.0,,1,-1,-1,-1
ENSMUSG00000055692-S,L-Val-L-Leu,,1.0,,1.0,,1,-1,-1,-1
ENSMUSG00000055692-S,tert-butyl(dimethyl)silyl-2-([tert-butyl(dimethyl)silyl]oxy)hex-2-enoate,,1.0,,1.0,,1,-1,-1,-1
ENSMUSG00000055760-S,2-Norbornanemethanol,,,,-1.0,,1,-1,-1,-1
ENSMUSG00000055760-S,3-(4-Methoxyphenyl)coumarin,,-1.0,,-1.0,,1,-1,-1,-1
ENSMUSG00000055760-S,5-Nitroso-8-quinolinol,,,,1.0,,1,-1,-1,-1
ENSMUSG00000055760-S,7-Hydroxy-4-(methoxymethyl)coumarin,,1.0,,1.0,,1,-1,-1,-1
ENSMUSG00000055760-S,Diclofenac,,,,-1.0,,1,-1,-1,-1
ENSMUSG00000055760-S,Hexacosanoic acid,,0.9746794344808964,,0.981980506061966,-1.0,1,-1,-1,-1
ENSMUSG00000055760-S,L-(+)-Threose,,1.0,,1.0,,1,-1,-1,-1
ENSMUSG00000055760-S,"l-Leucine, n-butoxycarbonyl-N-methyl-, hexadecyl ester",,,,-1.0,,1,-1,-1,-1
ENSMUSG00000055760-S,Thymol,,0.8720815992723809,,0.9221722216732094,1.0,1,1,1,1
ENSMUSG00000056004-S,"1-Pentene, 1,3-diphenyl-1-(trimethylsilyloxy)-",,,,1.0,,1,-1,-1,-1
ENSMUSG00000056004-S,2-Ethyl-1-butanol,,,,1.0,,1,-1,-1,-1
ENSMUSG00000056004-S,5-Nitroso-8-quinolinol,,,,-1.0,,1,-1,-1,-1
ENSMUSG00000056004-S,Benzeneacetic acid,,1.0,,1.0,,1,-1,-1,-1
ENSMUSG00000056004-S,L-Serine,,,,1.0,,1,-1,-1,-1
ENSMUSG00000056004-S,L-Val-L-Leu,,1.0,,1.0,,1,-1,-1,-1
ENSMUSG00000056069-S,"1,2-Bis(trimethylsiloxy)cyclohexene",,,,1.0,,1,-1,-1,-1
ENSMUSG00000056069-S,"1-Pentene, 1,3-diphenyl-1-(trimethylsilyloxy)-",,,,1.0,,1,-1,-1,-1
ENSMUSG00000056069-S,2-Norbornanemethanol,,,,-1.0,,1,-1,-1,-1
ENSMUSG00000056069-S,6-Nitroveratryl alcohol,,,,1.0,,1,-1,-1,-1
ENSMUSG00000056069-S,Diclofenac,,,,1.0,,1,-1,-1,-1
ENSMUSG00000056069-S,Dodecanoic acid,,0.8999999999999998,1.0,0.9283444198266944,-1.0,1,-1,-1,-1
ENSMUSG00000056069-S,L-Pyroglutamic acid,,,,1.0,,1,-1,-1,-1
ENSMUSG00000056069-S,L-Serine,,,,1.0,,1,-1,-1,-1
ENSMUSG00000056069-S,Lupinine,,1.0,,1.0,,1,-1,-1,-1
ENSMUSG00000056069-S,L-Val-L-Leu,,1.0,,1.0,,1,-1,-1,-1
ENSMUSG00000056069-S,tert-butyl(dimethyl)silyl-2-([tert-butyl(dimethyl)silyl]oxy)hex-2-enoate,,1.0,,1.0,,1,-1,-1,-1
ENSMUSG00000056076-S,"2,5-Dimethoxyphenol",,-0.7999999999999999,-1.0,-0.9623515200690814,1.0,1,-1,-1,-1
ENSMUSG00000056076-S,2-Ethyl-1-butanol,,,,1.0,,1,-1,-1,-1
ENSMUSG00000056076-S,2-Norbornanemethanol,,,,-1.0,,1,-1,-1,-1
ENSMUSG00000056076-S,3-(4-Methoxyphenyl)coumarin,,1.0,,1.0,,1,-1,-1,-1
ENSMUSG00000056076-S,5-Nitroso-8-quinolinol,,,,1.0,,1,-1,-1,-1
ENSMUSG00000056076-S,L-(+)-Threose,,-1.0,,-1.0,,1,-1,-1,-1
ENSMUSG00000056076-S,"l-Leucine, n-butoxycarbonyl-N-methyl-, hexadecyl ester",,,,-1.0,,1,-1,-1,-1
ENSMUSG00000056076-S,tert-butyl(dimethyl)silyl-2-([tert-butyl(dimethyl)silyl]oxy)hex-2-enoate,,1.0,,1.0,,1,-1,-1,-1
ENSMUSG00000056091-S,"1-Pentene, 1,3-diphenyl-1-(trimethylsilyloxy)-",,,,1.0,,1,-1,-1,-1
ENSMUSG00000056091-S,"4,5-Dihydro-1H-pyrazole",,,,1.0,,1,-1,-1,-1
ENSMUSG00000056091-S,4-tert-Butyldimethylsiloxy-3-penten-2-one,,1.0,,1.0,,1,-1,-1,-1
ENSMUSG00000056091-S,L-Glutamic acid,,,,-1.0,,1,-1,-1,-1
ENSMUSG00000056091-S,Sulindac,,-1.0,,-1.0,,1,-1,-1,-1
ENSMUSG00000056091-S,tert-butyl(dimethyl)silyl-2-([tert-butyl(dimethyl)silyl]oxy)hex-2-enoate,,-1.0,,-1.0,,1,-1,-1,-1
ENSMUSG00000056145-S,"1-Pentene, 1,3-diphenyl-1-(trimethylsilyloxy)-",,,,-1.0,,1,-1,-1,-1
ENSMUSG00000056145-S,"2,4-Dimethoxybenzaldoxime",,,,-1.0,,1,-1,-1,-1
ENSMUSG00000056145-S,3-(4-Methoxyphenyl)coumarin,,1.0,,1.0,,1,-1,-1,-1
ENSMUSG00000056145-S,"Benzene, 1-ethyl-3,5-dimethyl",,,,-1.0,,1,-1,-1,-1
ENSMUSG00000056145-S,Diclofenac,,,,1.0,,1,-1,-1,-1
ENSMUSG00000056145-S,L-(+)-Threose,,-1.0,,-1.0,,1,-1,-1,-1
ENSMUSG00000056145-S,"l-Leucine, n-butoxycarbonyl-N-methyl-, hexadecyl ester",,,,1.0,,1,-1,-1,-1
ENSMUSG00000056687-S,"1,2-Cinnolinedicarboxylic acid, 1,2,3,5,6,7,8,8a-octahydro-4-trimethylsilyloxy-, diethyl ester",,,,1.0,,1,-1,-1,-1
ENSMUSG00000056687-S,"l-Leucine, n-butoxycarbonyl-N-methyl-, hexadecyl ester",,,,1.0,,1,-1,-1,-1
ENSMUSG00000056687-S,L-Val-L-Leu,,1.0,,1.0,,1,-1,-1,-1
ENSMUSG00000056687-S,tert-butyl(dimethyl)silyl-2-([tert-butyl(dimethyl)silyl]oxy)hex-2-enoate,,1.0,,1.0,,1,-1,-1,-1
ENSMUSG00000057098-S,"1-Pentene, 1,3-diphenyl-1-(trimethylsilyloxy)-",,,,1.0,,1,-1,-1,-1
ENSMUSG00000057098-S,2-Buten-1-ol,,,,1.0,,1,-1,-1,-1
ENSMUSG00000057098-S,2-Norbornanemethanol,,,,-1.0,,1,-1,-1,-1
ENSMUSG00000057098-S,5-Nitroso-8-quinolinol,,,,1.0,,1,-1,-1,-1
ENSMUSG00000057098-S,7-Hydroxy-4-(methoxymethyl)coumarin,,-1.0,,-1.0,,1,-1,-1,-1
ENSMUSG00000057098-S,"l-Leucine, n-butoxycarbonyl-N-methyl-, hexadecyl ester",,,,-1.0,,1,-1,-1,-1
ENSMUSG00000057132-S,"1-Pentene, 1,3-diphenyl-1-(trimethylsilyloxy)-",,,,-1.0,,1,-1,-1,-1
ENSMUSG00000057132-S,"3,3-Dimethylacrylic acid",,,,-1.0,,1,-1,-1,-1
ENSMUSG00000057132-S,4-tert-Butyldimethylsiloxy-3-penten-2-one,,-1.0,,-1.0,,1,-1,-1,-1
ENSMUSG00000057132-S,"Benzene, 1-ethyl-3,5-dimethyl",,,,-1.0,,1,-1,-1,-1
ENSMUSG00000057132-S,"l-Leucine, n-butoxycarbonyl-N-methyl-, hexadecyl ester",,,,1.0,,1,-1,-1,-1
ENSMUSG00000057132-S,L-Val-L-Leu,,-1.0,,-1.0,,1,-1,-1,-1
ENSMUSG00000057457-S,2-Buten-1-ol,,,,1.0,,1,-1,-1,-1
ENSMUSG00000057457-S,4-tert-Butyldimethylsiloxy-3-penten-2-one,,-1.0,,-1.0,,1,-1,-1,-1
ENSMUSG00000057457-S,5-Nitroso-8-quinolinol,,,,1.0,,1,-1,-1,-1
ENSMUSG00000057457-S,"l-Leucine, n-butoxycarbonyl-N-methyl-, hexadecyl ester",,,,-1.0,,1,-1,-1,-1
ENSMUSG00000057457-S,tert-butyl(dimethyl)silyl-2-([tert-butyl(dimethyl)silyl]oxy)hex-2-enoate,,1.0,,1.0,,1,-1,-1,-1
ENSMUSG00000057969-S,"1,2-Bis(trimethylsiloxy)cyclohexene",,,,-1.0,,1,-1,-1,-1
ENSMUSG00000057969-S,"1-Pentene, 1,3-diphenyl-1-(trimethylsilyloxy)-",,,,-1.0,,1,-1,-1,-1
ENSMUSG00000057969-S,2-Norbornanemethanol,,,,1.0,,1,-1,-1,-1
ENSMUSG00000057969-S,4-tert-Butyldimethylsiloxy-3-penten-2-one,,-1.0,,-1.0,,1,-1,-1,-1
ENSMUSG00000057969-S,5-Nitroso-8-quinolinol,,,,-1.0,,1,-1,-1,-1
ENSMUSG00000057969-S,L-Pyroglutamic acid,,,,-1.0,,1,-1,-1,-1
ENSMUSG00000057969-S,L-Serine,,,,-1.0,,1,-1,-1,-1
ENSMUSG00000057969-S,L-Val-L-Leu,,-1.0,,-1.0,,1,-1,-1,-1
ENSMUSG00000058153-S,"1,2-Bis(trimethylsiloxy)cyclohexene",,,,-1.0,,1,-1,-1,-1
ENSMUSG00000058153-S,"1-Pentene, 1,3-diphenyl-1-(trimethylsilyloxy)-",,,,1.0,,1,-1,-1,-1
ENSMUSG00000058153-S,"2,4-Dimethoxybenzaldoxime",,,,-1.0,,1,-1,-1,-1
ENSMUSG00000058153-S,Diclofenac,,,,-1.0,,1,-1,-1,-1
ENSMUSG00000058153-S,L-Serine,,,,-1.0,,1,-1,-1,-1
ENSMUSG00000058260-S,"2,5-Dimethoxyphenol",,-0.4999999999999999,-1.0,-0.912141875543738,1.0,1,-1,-1,-1
ENSMUSG00000058260-S,2-Ethyl-1-butanol,,,,1.0,,1,-1,-1,-1
ENSMUSG00000058260-S,2-Norbornanemethanol,,,,-1.0,,1,-1,-1,-1
ENSMUSG00000058260-S,4-tert-Butyldimethylsiloxy-3-penten-2-one,,-1.0,,-1.0,,1,-1,-1,-1
ENSMUSG00000058260-S,5-Nitroso-8-quinolinol,,,,1.0,,1,-1,-1,-1
ENSMUSG00000058260-S,"l-Leucine, n-butoxycarbonyl-N-methyl-, hexadecyl ester",,,,-1.0,,1,-1,-1,-1
ENSMUSG00000058260-S,tert-butyl(dimethyl)silyl-2-([tert-butyl(dimethyl)silyl]oxy)hex-2-enoate,,1.0,,1.0,,1,-1,-1,-1
ENSMUSG00000058498-S,"1,2-Bis(trimethylsiloxy)cyclohexene",,,,1.0,,1,-1,-1,-1
ENSMUSG00000058498-S,"1,2-Cinnolinedicarboxylic acid, 1,2,3,5,6,7,8,8a-octahydro-4-trimethylsilyloxy-, diethyl ester",,,,-1.0,,1,-1,-1,-1
ENSMUSG00000058498-S,"1-Pentene, 1,3-diphenyl-1-(trimethylsilyloxy)-",,,,1.0,,1,-1,-1,-1
ENSMUSG00000058498-S,"2,4-Dimethoxybenzaldoxime",,,,1.0,,1,-1,-1,-1
ENSMUSG00000058498-S,2-Norbornanemethanol,,,,-1.0,,1,-1,-1,-1
ENSMUSG00000058498-S,7-Hydroxy-4-(methoxymethyl)coumarin,,-1.0,,-1.0,,1,-1,-1,-1
ENSMUSG00000058498-S,Benzeneacetic acid,,-1.0,,-1.0,,1,-1,-1,-1
ENSMUSG00000058498-S,L-Pyroglutamic acid,,,,1.0,,1,-1,-1,-1
ENSMUSG00000058498-S,L-Serine,,,,1.0,,1,-1,-1,-1
ENSMUSG00000058669-S,"1,2-Cinnolinedicarboxylic acid, 1,2,3,5,6,7,8,8a-octahydro-4-trimethylsilyloxy-, diethyl ester",,,,-1.0,,1,-1,-1,-1
ENSMUSG00000058669-S,2-Ethyl-1-butanol,,,,1.0,,1,-1,-1,-1
ENSMUSG00000058669-S,3-(4-Methoxyphenyl)coumarin,,-1.0,,-1.0,,1,-1,-1,-1
ENSMUSG00000058669-S,L-(+)-Threose,,1.0,,1.0,,1,-1,-1,-1
ENSMUSG00000058669-S,Xylazine,,0.7999999999999999,1.0,0.8936898464132567,1.0,1,1,1,1
ENSMUSG00000059534-S,"1,2-Bis(trimethylsiloxy)cyclohexene",,,,1.0,,1,-1,-1,-1
ENSMUSG00000059534-S,"1,2-Cinnolinedicarboxylic acid, 1,2,3,5,6,7,8,8a-octahydro-4-trimethylsilyloxy-, diethyl ester",,,,-1.0,,1,-1,-1,-1
ENSMUSG00000059534-S,"1-Pentene, 1,3-diphenyl-1-(trimethylsilyloxy)-",,,,1.0,,1,-1,-1,-1
ENSMUSG00000059534-S,2-Ethyl-1-butanol,,,,1.0,,1,-1,-1,-1
ENSMUSG00000059534-S,2-Norbornanemethanol,,,,-1.0,,1,-1,-1,-1
ENSMUSG00000059534-S,Chlorobenzilate,,,,-1.0,,1,-1,-1,-1
ENSMUSG00000059534-S,Diclofenac,,,,1.0,,1,-1,-1,-1
ENSMUSG00000059534-S,L-Pyroglutamic acid,,,,1.0,,1,-1,-1,-1
ENSMUSG00000059534-S,L-Serine,,,,1.0,,1,-1,-1,-1
ENSMUSG00000059534-S,L-Val-L-Leu,,1.0,,1.0,,1,-1,-1,-1
ENSMUSG00000059534-S,tert-butyl(dimethyl)silyl-2-([tert-butyl(dimethyl)silyl]oxy)hex-2-enoate,,1.0,,1.0,,1,-1,-1,-1
ENSMUSG00000059751-S,4-tert-Butyldimethylsiloxy-3-penten-2-one,,-1.0,,-1.0,,1,-1,-1,-1
ENSMUSG00000059751-S,L-Val-L-Leu,,-1.0,,-1.0,,1,-1,-1,-1
ENSMUSG00000059923-S,"1,2-Cinnolinedicarboxylic acid, 1,2,3,5,6,7,8,8a-octahydro-4-trimethylsilyloxy-, diethyl ester",,,,-1.0,,1,-1,-1,-1
ENSMUSG00000059923-S,"1-Pentene, 1,3-diphenyl-1-(trimethylsilyloxy)-",,,,1.0,,1,-1,-1,-1
ENSMUSG00000059923-S,"2,4-Dimethoxybenzaldoxime",,,,-1.0,,1,-1,-1,-1
ENSMUSG00000059923-S,Chlorobenzilate,,,,-1.0,,1,-1,-1,-1
ENSMUSG00000059923-S,L-Ornithine,,,,-1.0,,1,-1,-1,-1
ENSMUSG00000059923-S,Sarcosine,,,,1.0,,1,-1,-1,-1
ENSMUSG00000060862-S,"1,2-Bis(trimethylsiloxy)cyclohexene",,,,1.0,,1,-1,-1,-1
ENSMUSG00000060862-S,"1,2-Cinnolinedicarboxylic acid, 1,2,3,5,6,7,8,8a-octahydro-4-trimethylsilyloxy-, diethyl ester",,,,-1.0,,1,-1,-1,-1
ENSMUSG00000060862-S,"2',5'-Dimethoxypropiophenone",,-0.6,-1.0,-0.8954053273686237,-1.0,1,1,1,1
ENSMUSG00000060862-S,5-Nitroso-8-quinolinol,,,,1.0,,1,-1,-1,-1
ENSMUSG00000060862-S,Diclofenac,,,,1.0,,1,-1,-1,-1
ENSMUSG00000060862-S,L-(+)-Threose,,-1.0,,-1.0,,1,-1,-1,-1
ENSMUSG00000060862-S,L-Pyroglutamic acid,,,,1.0,,1,-1,-1,-1
ENSMUSG00000060862-S,L-Serine,,,,1.0,,1,-1,-1,-1
ENSMUSG00000060862-S,Trimethylolpropane,,-1.0,,-0.9856107606091624,1.0,1,-1,-1,-1
ENSMUSG00000060969-S,"1-Pentene, 1,3-diphenyl-1-(trimethylsilyloxy)-",,,,-1.0,,1,-1,-1,-1
ENSMUSG00000060969-S,2-Buten-1-ol,,,,1.0,,1,-1,-1,-1
ENSMUSG00000060969-S,Azelaic acid,,0.7254762501100117,0.5,0.898364527087647,-1.0,1,-1,-1,-1
ENSMUSG00000060969-S,"l-Leucine, n-butoxycarbonyl-N-methyl-, hexadecyl ester",,,,-1.0,,1,-1,-1,-1
ENSMUSG00000060988-S,"1,2-Cinnolinedicarboxylic acid, 1,2,3,5,6,7,8,8a-octahydro-4-trimethylsilyloxy-, diethyl ester",,,,-1.0,,1,-1,-1,-1
ENSMUSG00000060988-S,"2,4-Dimethoxybenzaldoxime",,,,1.0,,1,-1,-1,-1
ENSMUSG00000060988-S,2-Norbornanemethanol,,,,-1.0,,1,-1,-1,-1
ENSMUSG00000060988-S,3-(4-Methoxyphenyl)coumarin,,-1.0,,-1.0,,1,-1,-1,-1
ENSMUSG00000060988-S,Diclofenac,,,,1.0,,1,-1,-1,-1
ENSMUSG00000060988-S,L-Serine,,,,1.0,,1,-1,-1,-1
ENSMUSG00000060988-S,L-Val-L-Leu,,1.0,,1.0,,1,-1,-1,-1
ENSMUSG00000061207-S,"1,2-Cinnolinedicarboxylic acid, 1,2,3,5,6,7,8,8a-octahydro-4-trimethylsilyloxy-, diethyl ester",,,,-1.0,,1,-1,-1,-1
ENSMUSG00000061207-S,"1-Pentene, 1,3-diphenyl-1-(trimethylsilyloxy)-",,,,1.0,,1,-1,-1,-1
ENSMUSG00000061207-S,2-Ethyl-1-butanol,,,,1.0,,1,-1,-1,-1
ENSMUSG00000061207-S,2-Norbornanemethanol,,,,-1.0,,1,-1,-1,-1
ENSMUSG00000061207-S,3-(4-Methoxyphenyl)coumarin,,1.0,,1.0,,1,-1,-1,-1
ENSMUSG00000061207-S,"l-Leucine, n-butoxycarbonyl-N-methyl-, hexadecyl ester",,,,-1.0,,1,-1,-1,-1
ENSMUSG00000061207-S,tert-butyl(dimethyl)silyl-2-([tert-butyl(dimethyl)silyl]oxy)hex-2-enoate,,1.0,,1.0,,1,-1,-1,-1
ENSMUSG00000061666-S,"1,2-Cinnolinedicarboxylic acid, 1,2,3,5,6,7,8,8a-octahydro-4-trimethylsilyloxy-, diethyl ester",,,,1.0,,1,-1,-1,-1
ENSMUSG00000061666-S,2-Norbornanemethanol,,,,-1.0,,1,-1,-1,-1
ENSMUSG00000061666-S,3-(4-Methoxyphenyl)coumarin,,1.0,,1.0,,1,-1,-1,-1
ENSMUSG00000061666-S,6-Nitroveratryl alcohol,,,,1.0,,1,-1,-1,-1
ENSMUSG00000061666-S,"Benzene, 1-ethyl-3,5-dimethyl",,,,-1.0,,1,-1,-1,-1
ENSMUSG00000061666-S,Chlorobenzilate,,,,1.0,,1,-1,-1,-1
ENSMUSG00000061666-S,tert-butyl(dimethyl)silyl-2-([tert-butyl(dimethyl)silyl]oxy)hex-2-enoate,,1.0,,1.0,,1,-1,-1,-1
ENSMUSG00000062175-S,"1,2-Bis(trimethylsiloxy)cyclohexene",,,,-1.0,,1,-1,-1,-1
ENSMUSG00000062175-S,"1,2-Cinnolinedicarboxylic acid, 1,2,3,5,6,7,8,8a-octahydro-4-trimethylsilyloxy-, diethyl ester",,,,-1.0,,1,-1,-1,-1
ENSMUSG00000062175-S,L-Serine,,,,-1.0,,1,-1,-1,-1
ENSMUSG00000062198-S,"1,2-Bis(trimethylsiloxy)cyclohexene",,,,1.0,,1,-1,-1,-1
ENSMUSG00000062198-S,"1-Pentene, 1,3-diphenyl-1-(trimethylsilyloxy)-",,,,1.0,,1,-1,-1,-1
ENSMUSG00000062198-S,"2,4-Dimethoxybenzaldoxime",,,,1.0,,1,-1,-1,-1
ENSMUSG00000062198-S,2-Butoxyethanol,,0.8999999999999998,1.0,0.9205101496312952,-1.0,1,-1,-1,-1
ENSMUSG00000062198-S,3-(4-Methoxyphenyl)coumarin,,-1.0,,-1.0,,1,-1,-1,-1
ENSMUSG00000062198-S,5-Nitroso-8-quinolinol,,,,1.0,,1,-1,-1,-1
ENSMUSG00000062198-S,"Benzene, 1-ethyl-3,5-dimethyl",,,,1.0,,1,-1,-1,-1
ENSMUSG00000062198-S,Diclofenac,,,,1.0,,1,-1,-1,-1
ENSMUSG00000062198-S,L-(+)-Threose,,1.0,,1.0,,1,-1,-1,-1
ENSMUSG00000062198-S,L-Pyroglutamic acid,,,,1.0,,1,-1,-1,-1
ENSMUSG00000062198-S,L-Serine,,,,1.0,,1,-1,-1,-1
ENSMUSG00000062198-S,L-Val-L-Leu,,1.0,,1.0,,1,-1,-1,-1
ENSMUSG00000062296-S,"1,2-Cinnolinedicarboxylic acid, 1,2,3,5,6,7,8,8a-octahydro-4-trimethylsilyloxy-, diethyl ester",,,,1.0,,1,-1,-1,-1
ENSMUSG00000062296-S,"1-Pentene, 1,3-diphenyl-1-(trimethylsilyloxy)-",,,,-1.0,,1,-1,-1,-1
ENSMUSG00000062296-S,2-Buten-1-ol,,,,1.0,,1,-1,-1,-1
ENSMUSG00000062296-S,3-(4-Methoxyphenyl)coumarin,,-1.0,,-1.0,,1,-1,-1,-1
ENSMUSG00000062296-S,5-Nitroso-8-quinolinol,,,,1.0,,1,-1,-1,-1
ENSMUSG00000062296-S,7-Hydroxy-4-(methoxymethyl)coumarin,,-1.0,,-1.0,,1,-1,-1,-1
ENSMUSG00000062296-S,L-Glutamic acid,,,,1.0,,1,-1,-1,-1
ENSMUSG00000062296-S,"l-Leucine, n-butoxycarbonyl-N-methyl-, hexadecyl ester",,,,-1.0,,1,-1,-1,-1
ENSMUSG00000062296-S,L-Ornithine,,,,1.0,,1,-1,-1,-1
ENSMUSG00000062296-S,Sarcosine,,,,-1.0,,1,-1,-1,-1
ENSMUSG00000062580-S,"1-Pentene, 1,3-diphenyl-1-(trimethylsilyloxy)-",,,,1.0,,1,-1,-1,-1
ENSMUSG00000062580-S,2-Ethyl-1-butanol,,,,1.0,,1,-1,-1,-1
ENSMUSG00000062580-S,2-Norbornanemethanol,,,,-1.0,,1,-1,-1,-1
ENSMUSG00000062580-S,"5-Ethyl-1,3-dioxane-5-methanol, tert-butyldimethylsilyl ether",,1.0,,1.0,,1,-1,-1,-1
ENSMUSG00000062580-S,L-Pyroglutamic acid,,,,1.0,,1,-1,-1,-1
ENSMUSG00000062580-S,L-Serine,,,,1.0,,1,-1,-1,-1
ENSMUSG00000062580-S,L-Val-L-Leu,,1.0,,1.0,,1,-1,-1,-1
ENSMUSG00000062580-S,tert-butyl(dimethyl)silyl-2-([tert-butyl(dimethyl)silyl]oxy)hex-2-enoate,,1.0,,1.0,,1,-1,-1,-1
ENSMUSG00000062761-S,"1,2-Cinnolinedicarboxylic acid, 1,2,3,5,6,7,8,8a-octahydro-4-trimethylsilyloxy-, diethyl ester",,,,-1.0,,1,-1,-1,-1
ENSMUSG00000062761-S,"2,4-Dimethoxybenzaldoxime",,,,-1.0,,1,-1,-1,-1
ENSMUSG00000062761-S,5-Nitroso-8-quinolinol,,,,-1.0,,1,-1,-1,-1
ENSMUSG00000062761-S,7-Hydroxy-4-(methoxymethyl)coumarin,,-1.0,,-1.0,,1,-1,-1,-1
ENSMUSG00000062761-S,alpha-Hydroxyisobutyric acid,,-1.0,,-0.9642857142857144,,1,-1,-1,-1
ENSMUSG00000062761-S,Chlorobenzilate,,,,-1.0,,1,-1,-1,-1
ENSMUSG00000062761-S,L-(+)-Threose,,-1.0,,-1.0,,1,-1,-1,-1
ENSMUSG00000062761-S,"l-Leucine, n-butoxycarbonyl-N-methyl-, hexadecyl ester",,,,1.0,,1,-1,-1,-1
ENSMUSG00000062761-S,L-Ornithine,,,,-1.0,,1,-1,-1,-1
ENSMUSG00000062761-S,Sarcosine,,,,1.0,,1,-1,-1,-1
ENSMUSG00000062761-S,Supraene,,-1.0,,-0.9642857142857144,,1,-1,-1,-1
ENSMUSG00000062778-S,"1,2-Bis(trimethylsiloxy)cyclohexene",,,,1.0,,1,-1,-1,-1
ENSMUSG00000062778-S,"2,4-Dimethoxybenzaldoxime",,,,1.0,,1,-1,-1,-1
ENSMUSG00000062778-S,3-(4-Methoxyphenyl)coumarin,,-1.0,,-1.0,,1,-1,-1,-1
ENSMUSG00000062778-S,"Benzene, 1-ethyl-3,5-dimethyl",,,,1.0,,1,-1,-1,-1
ENSMUSG00000062778-S,L-Serine,,,,1.0,,1,-1,-1,-1
ENSMUSG00000062867-S,"1,2-Bis(trimethylsiloxy)cyclohexene",,,,1.0,,1,-1,-1,-1
ENSMUSG00000062867-S,"1,2-Cinnolinedicarboxylic acid, 1,2,3,5,6,7,8,8a-octahydro-4-trimethylsilyloxy-, diethyl ester",,,,-1.0,,1,-1,-1,-1
ENSMUSG00000062867-S,Diclofenac,,,,1.0,,1,-1,-1,-1
ENSMUSG00000062867-S,Ethanolamine,,-0.8999999999999998,0.0,-0.8954053273686237,,1,-1,-1,-1
ENSMUSG00000062867-S,L-Serine,,,,1.0,,1,-1,-1,-1
ENSMUSG00000062867-S,L-Val-L-Leu,,-1.0,,-1.0,,1,-1,-1,-1
ENSMUSG00000062867-S,tert-butyl(dimethyl)silyl-2-([tert-butyl(dimethyl)silyl]oxy)hex-2-enoate,,-1.0,,-1.0,,1,-1,-1,-1
ENSMUSG00000062908-S,"1,2-Bis(trimethylsiloxy)cyclohexene",,,,1.0,,1,-1,-1,-1
ENSMUSG00000062908-S,"1,2-Cinnolinedicarboxylic acid, 1,2,3,5,6,7,8,8a-octahydro-4-trimethylsilyloxy-, diethyl ester",,,,-1.0,,1,-1,-1,-1
ENSMUSG00000062908-S,4-tert-Butyldimethylsiloxy-3-penten-2-one,,1.0,,1.0,,1,-1,-1,-1
ENSMUSG00000062908-S,"9Z-Octadecenoic acid, (2S)-3-[(hydroxymercaptophosphinyl)oxy]-2-methoxypropyl ester",,-1.0,,-1.0,,1,-1,-1,-1
ENSMUSG00000062908-S,L-(+)-Threose,,-1.0,,-1.0,,1,-1,-1,-1
ENSMUSG00000062908-S,L-Glutamic acid,,,,1.0,,1,-1,-1,-1
ENSMUSG00000062961-S,3-(4-Methoxyphenyl)coumarin,,1.0,,1.0,,1,-1,-1,-1
ENSMUSG00000062961-S,7-Hydroxy-4-(methoxymethyl)coumarin,,1.0,,1.0,,1,-1,-1,-1
ENSMUSG00000062961-S,"Benzene, 1-ethyl-3,5-dimethyl",,,,1.0,,1,-1,-1,-1
ENSMUSG00000062961-S,L-Ornithine,,,,1.0,,1,-1,-1,-1
ENSMUSG00000062961-S,tert-butyl(dimethyl)silyl-2-([tert-butyl(dimethyl)silyl]oxy)hex-2-enoate,,1.0,,1.0,,1,-1,-1,-1
ENSMUSG00000063019-S,"1,2-Bis(trimethylsiloxy)cyclohexene",,,,1.0,,1,-1,-1,-1
ENSMUSG00000063019-S,3-(4-Methoxyphenyl)coumarin,,1.0,,1.0,,1,-1,-1,-1
ENSMUSG00000063019-S,Diclofenac,,,,1.0,,1,-1,-1,-1
ENSMUSG00000063019-S,L-Serine,,,,1.0,,1,-1,-1,-1
ENSMUSG00000063450-S,"2',3'-Di-O-acetyladenosine",,,,-1.0,,1,-1,-1,-1
ENSMUSG00000063450-S,"2,4-Dimethoxybenzaldoxime",,,,1.0,,1,-1,-1,-1
ENSMUSG00000063450-S,2-Ethyl-1-butanol,,,,-1.0,,1,-1,-1,-1
ENSMUSG00000063450-S,5-Nitroso-8-quinolinol,,,,1.0,,1,-1,-1,-1
ENSMUSG00000063450-S,Benzeneacetic acid,,-1.0,,-1.0,,1,-1,-1,-1
ENSMUSG00000063450-S,Diclofenac,,,,-1.0,,1,-1,-1,-1
ENSMUSG00000063450-S,L-(+)-Threose,,1.0,,1.0,,1,-1,-1,-1
ENSMUSG00000063450-S,L-Ornithine,,,,1.0,,1,-1,-1,-1
ENSMUSG00000063511-S,"1,2-Cinnolinedicarboxylic acid, 1,2,3,5,6,7,8,8a-octahydro-4-trimethylsilyloxy-, diethyl ester",,,,1.0,,1,-1,-1,-1
ENSMUSG00000063511-S,"1-Pentene, 1,3-diphenyl-1-(trimethylsilyloxy)-",,,,-1.0,,1,-1,-1,-1
ENSMUSG00000063511-S,"2,4-Dimethoxybenzaldoxime",,,,1.0,,1,-1,-1,-1
ENSMUSG00000063511-S,2-Buten-1-ol,,,,1.0,,1,-1,-1,-1
ENSMUSG00000063511-S,5-Nitroso-8-quinolinol,,,,1.0,,1,-1,-1,-1
ENSMUSG00000063511-S,7-Hydroxy-4-(methoxymethyl)coumarin,,-1.0,,-1.0,,1,-1,-1,-1
ENSMUSG00000063511-S,Benzeneacetic acid,,-1.0,,-1.0,,1,-1,-1,-1
ENSMUSG00000063511-S,Chlorobenzilate,,,,1.0,,1,-1,-1,-1
ENSMUSG00000063511-S,L-Glutamic acid,,,,1.0,,1,-1,-1,-1
ENSMUSG00000063511-S,"l-Leucine, n-butoxycarbonyl-N-methyl-, hexadecyl ester",,,,-1.0,,1,-1,-1,-1
ENSMUSG00000063511-S,L-Ornithine,,,,1.0,,1,-1,-1,-1
ENSMUSG00000063511-S,Sarcosine,,,,-1.0,,1,-1,-1,-1
ENSMUSG00000063576-S,"1,2-Cinnolinedicarboxylic acid, 1,2,3,5,6,7,8,8a-octahydro-4-trimethylsilyloxy-, diethyl ester",,,,1.0,,1,-1,-1,-1
ENSMUSG00000063576-S,3-(4-Methoxyphenyl)coumarin,,1.0,,1.0,,1,-1,-1,-1
ENSMUSG00000063576-S,L-Ornithine,,,,1.0,,1,-1,-1,-1
ENSMUSG00000063600-S,2-Norbornanemethanol,,,,-1.0,,1,-1,-1,-1
ENSMUSG00000063600-S,"3,4-Methylenedioxyamphetamine",,1.0,,1.0,1.0,1,1,1,1
ENSMUSG00000063600-S,4-tert-Butyldimethylsiloxy-3-penten-2-one,,1.0,,1.0,,1,-1,-1,-1
ENSMUSG00000063600-S,5-Nitroso-8-quinolinol,,,,1.0,,1,-1,-1,-1
ENSMUSG00000063600-S,"Benzene, 1-ethyl-3,5-dimethyl",,,,-1.0,,1,-1,-1,-1
ENSMUSG00000063600-S,L-(+)-Threose,,-1.0,,-1.0,,1,-1,-1,-1
ENSMUSG00000063600-S,"l-Leucine, n-butoxycarbonyl-N-methyl-, hexadecyl ester",,,,-1.0,,1,-1,-1,-1
ENSMUSG00000063600-S,L-Val-L-Leu,,1.0,,1.0,,1,-1,-1,-1
ENSMUSG00000063600-S,Prostaglandin,,,1.0,0.9856107606091624,,1,-1,-1,-1
ENSMUSG00000063873-S,"1,2-Bis(trimethylsiloxy)cyclohexene",,,,-1.0,,1,-1,-1,-1
ENSMUSG00000063873-S,"2,4-Dimethoxybenzaldoxime",,,,-1.0,,1,-1,-1,-1
ENSMUSG00000063873-S,2-Buten-1-ol,,,,-1.0,,1,-1,-1,-1
ENSMUSG00000063873-S,3-(4-Methoxyphenyl)coumarin,,1.0,,1.0,,1,-1,-1,-1
ENSMUSG00000063873-S,5-Nitroso-8-quinolinol,,,,-1.0,,1,-1,-1,-1
ENSMUSG00000063873-S,"Benzene, 1-ethyl-3,5-dimethyl",,,,-1.0,,1,-1,-1,-1
ENSMUSG00000063873-S,Diclofenac,,,,-1.0,,1,-1,-1,-1
ENSMUSG00000063873-S,L-(+)-Threose,,-1.0,,-1.0,,1,-1,-1,-1
ENSMUSG00000063873-S,L-Pyroglutamic acid,,,,-1.0,,1,-1,-1,-1
ENSMUSG00000063873-S,L-Serine,,,,-1.0,,1,-1,-1,-1
ENSMUSG00000063873-S,"Propanoic acid, dimethyl(isopropyl)silyl ester",,-1.0,-0.5,-0.934148484292342,,1,-1,-1,-1
ENSMUSG00000063875-S,"1,2-Bis(trimethylsiloxy)cyclohexene",,,,-1.0,,1,-1,-1,-1
ENSMUSG00000063875-S,"1-Pentene, 1,3-diphenyl-1-(trimethylsilyloxy)-",,,,-1.0,,1,-1,-1,-1
ENSMUSG00000063875-S,4-tert-Butyldimethylsiloxy-3-penten-2-one,,1.0,,1.0,,1,-1,-1,-1
ENSMUSG00000063875-S,L-Ornithine,,,,1.0,,1,-1,-1,-1
ENSMUSG00000064325-S,"1,2-Cinnolinedicarboxylic acid, 1,2,3,5,6,7,8,8a-octahydro-4-trimethylsilyloxy-, diethyl ester",,,,1.0,,1,-1,-1,-1
ENSMUSG00000064325-S,"1-Pentene, 1,3-diphenyl-1-(trimethylsilyloxy)-",,,,-1.0,,1,-1,-1,-1
ENSMUSG00000064325-S,2-Norbornanemethanol,,,,-1.0,,1,-1,-1,-1
ENSMUSG00000064325-S,3-(4-Methoxyphenyl)coumarin,,1.0,,1.0,,1,-1,-1,-1
ENSMUSG00000064325-S,"Benzene, 1-ethyl-3,5-dimethyl",,,,-1.0,,1,-1,-1,-1
ENSMUSG00000064325-S,L-(+)-Threose,,-1.0,,-1.0,,1,-1,-1,-1
ENSMUSG00000064325-S,"l-Leucine, n-butoxycarbonyl-N-methyl-, hexadecyl ester",,,,-1.0,,1,-1,-1,-1
ENSMUSG00000064325-S,tert-butyl(dimethyl)silyl-2-([tert-butyl(dimethyl)silyl]oxy)hex-2-enoate,,1.0,,1.0,,1,-1,-1,-1
ENSMUSG00000064341-S,"1,2-Cinnolinedicarboxylic acid, 1,2,3,5,6,7,8,8a-octahydro-4-trimethylsilyloxy-, diethyl ester",,,,-1.0,,1,-1,-1,-1
ENSMUSG00000064341-S,"1-Pentene, 1,3-diphenyl-1-(trimethylsilyloxy)-",,,,1.0,,1,-1,-1,-1
ENSMUSG00000064341-S,2-Norbornanemethanol,,,,-1.0,,1,-1,-1,-1
ENSMUSG00000064341-S,"l-Leucine, n-butoxycarbonyl-N-methyl-, hexadecyl ester",,,,-1.0,,1,-1,-1,-1
ENSMUSG00000064341-S,L-Lysine,,0.7,1.0,0.9,,1,-1,-1,-1
ENSMUSG00000064341-S,Lupinine,,1.0,,1.0,,1,-1,-1,-1
ENSMUSG00000064341-S,L-Val-L-Leu,,1.0,,1.0,,1,-1,-1,-1
ENSMUSG00000064341-S,tert-butyl(dimethyl)silyl-2-([tert-butyl(dimethyl)silyl]oxy)hex-2-enoate,,1.0,,1.0,,1,-1,-1,-1
ENSMUSG00000064370-S,"1,2-Cinnolinedicarboxylic acid, 1,2,3,5,6,7,8,8a-octahydro-4-trimethylsilyloxy-, diethyl ester",,,,-1.0,,1,-1,-1,-1
ENSMUSG00000064370-S,1-Octadecanol,,1.0,,0.9642857142857144,1.0,1,1,1,1
ENSMUSG00000064370-S,2-Norbornanemethanol,,,,-1.0,,1,-1,-1,-1
ENSMUSG00000064370-S,4-Methylvaleric acid,,0.7999999999999999,1.0,0.9285714285714288,,1,-1,-1,-1
ENSMUSG00000064370-S,4-tert-Butyldimethylsiloxy-3-penten-2-one,,1.0,,1.0,,1,-1,-1,-1
ENSMUSG00000064370-S,5-Nitroso-8-quinolinol,,,,1.0,,1,-1,-1,-1
ENSMUSG00000064370-S,"l-Leucine, n-butoxycarbonyl-N-methyl-, hexadecyl ester",,,,-1.0,,1,-1,-1,-1
ENSMUSG00000064370-S,L-Lysine,,1.0,1.0,0.9666666666666668,,1,-1,-1,-1
ENSMUSG00000064370-S,Lupinine,,1.0,,1.0,,1,-1,-1,-1
ENSMUSG00000064370-S,L-Val-L-Leu,,1.0,,1.0,,1,-1,-1,-1
ENSMUSG00000064370-S,Methyl lactate,,0.8999999999999998,1.0,0.9700772721497396,,1,-1,-1,-1
ENSMUSG00000064370-S,Norephedrine,,1.0,1.0,0.9642857142857144,,1,-1,-1,-1
ENSMUSG00000065979-S,"1,2-Bis(trimethylsiloxy)cyclohexene",,,,-1.0,,1,-1,-1,-1
ENSMUSG00000065979-S,3-(4-Methoxyphenyl)coumarin,,-1.0,,-1.0,,1,-1,-1,-1
ENSMUSG00000065979-S,"Benzene, 1-ethyl-3,5-dimethyl",,,,1.0,,1,-1,-1,-1
ENSMUSG00000065979-S,Chlorobenzilate,,,,-1.0,,1,-1,-1,-1
ENSMUSG00000065979-S,Diclofenac,,,,-1.0,,1,-1,-1,-1
ENSMUSG00000065979-S,L-(+)-Threose,,1.0,,1.0,,1,-1,-1,-1
ENSMUSG00000065979-S,L-Serine,,,,-1.0,,1,-1,-1,-1
ENSMUSG00000066090-S,"1,2-Bis(trimethylsiloxy)cyclohexene",,,,1.0,,1,-1,-1,-1
ENSMUSG00000066090-S,1-Octadecanol,,1.0,,0.9642857142857144,1.0,1,1,1,1
ENSMUSG00000066090-S,2-Norbornanemethanol,,,,-1.0,,1,-1,-1,-1
ENSMUSG00000066090-S,4-tert-Butyldimethylsiloxy-3-penten-2-one,,1.0,,1.0,,1,-1,-1,-1
ENSMUSG00000066090-S,5-Nitroso-8-quinolinol,,,,1.0,,1,-1,-1,-1
ENSMUSG00000066090-S,L-Pyroglutamic acid,,,,1.0,,1,-1,-1,-1
ENSMUSG00000066090-S,L-Serine,,,,1.0,,1,-1,-1,-1
ENSMUSG00000066090-S,L-Val-L-Leu,,1.0,,1.0,,1,-1,-1,-1
ENSMUSG00000066129-S,"1,2-Bis(trimethylsiloxy)cyclohexene",,,,-1.0,,1,-1,-1,-1
ENSMUSG00000066129-S,"1-Pentene, 1,3-diphenyl-1-(trimethylsilyloxy)-",,,,1.0,,1,-1,-1,-1
ENSMUSG00000066129-S,2-Norbornanemethanol,,,,1.0,,1,-1,-1,-1
ENSMUSG00000066129-S,"Benzene, 1-ethyl-3,5-dimethyl",,,,1.0,,1,-1,-1,-1
ENSMUSG00000066129-S,Benzeneacetic acid,,-1.0,,-1.0,,1,-1,-1,-1
ENSMUSG00000066129-S,Diclofenac,,,,-1.0,,1,-1,-1,-1
ENSMUSG00000066129-S,Hexanoic acid,,-0.9746794344808964,-1.0,-0.9367839145523916,1.0,1,-1,-1,-1
ENSMUSG00000066129-S,L-Serine,,,,-1.0,,1,-1,-1,-1
ENSMUSG00000066129-S,L-Val-L-Leu,,-1.0,,-1.0,,1,-1,-1,-1
ENSMUSG00000066129-S,tert-butyl(dimethyl)silyl-2-([tert-butyl(dimethyl)silyl]oxy)hex-2-enoate,,-1.0,,-1.0,,1,-1,-1,-1
ENSMUSG00000066233-S,"1,2-Cinnolinedicarboxylic acid, 1,2,3,5,6,7,8,8a-octahydro-4-trimethylsilyloxy-, diethyl ester",,,,-1.0,,1,-1,-1,-1
ENSMUSG00000066233-S,"1-Pentene, 1,3-diphenyl-1-(trimethylsilyloxy)-",,,,1.0,,1,-1,-1,-1
ENSMUSG00000066233-S,"4,5-Dihydro-1H-pyrazole",,,,1.0,,1,-1,-1,-1
ENSMUSG00000066233-S,7-Hydroxy-4-(methoxymethyl)coumarin,,1.0,,1.0,,1,-1,-1,-1
ENSMUSG00000066233-S,Chlorobenzilate,,,,-1.0,,1,-1,-1,-1
ENSMUSG00000066233-S,L-Glutamic acid,,,,-1.0,,1,-1,-1,-1
ENSMUSG00000066705-S,"1,2-Cinnolinedicarboxylic acid, 1,2,3,5,6,7,8,8a-octahydro-4-trimethylsilyloxy-, diethyl ester",,,,1.0,,1,-1,-1,-1
ENSMUSG00000066705-S,"2,4-Dimethoxybenzaldoxime",,,,-1.0,,1,-1,-1,-1
ENSMUSG00000066705-S,3-(4-Methoxyphenyl)coumarin,,1.0,,1.0,,1,-1,-1,-1
ENSMUSG00000066705-S,"3,3-Dimethylacrylic acid",,,,-1.0,,1,-1,-1,-1
ENSMUSG00000066705-S,"l-Leucine, n-butoxycarbonyl-N-methyl-, hexadecyl ester",,,,1.0,,1,-1,-1,-1
ENSMUSG00000066705-S,L-Val-L-Leu,,-1.0,,-1.0,,1,-1,-1,-1
ENSMUSG00000066842-S,"1,2-Bis(trimethylsiloxy)cyclohexene",,,,-1.0,,1,-1,-1,-1
ENSMUSG00000066842-S,"1,2-Cinnolinedicarboxylic acid, 1,2,3,5,6,7,8,8a-octahydro-4-trimethylsilyloxy-, diethyl ester",,,,1.0,,1,-1,-1,-1
ENSMUSG00000066842-S,"2,4-Dimethoxybenzaldoxime",,,,1.0,,1,-1,-1,-1
ENSMUSG00000066842-S,4-tert-Butyldimethylsiloxy-3-penten-2-one,,-1.0,,-1.0,,1,-1,-1,-1
ENSMUSG00000066842-S,6-Nitroveratryl alcohol,,,,-1.0,,1,-1,-1,-1
ENSMUSG00000066842-S,7-Hydroxy-4-(methoxymethyl)coumarin,,-1.0,,-1.0,,1,-1,-1,-1
ENSMUSG00000066842-S,L-Ornithine,,,,1.0,,1,-1,-1,-1
ENSMUSG00000066842-S,Sarcosine,,,,-1.0,,1,-1,-1,-1
ENSMUSG00000066842-S,tert-butyl(dimethyl)silyl-2-([tert-butyl(dimethyl)silyl]oxy)hex-2-enoate,,1.0,,1.0,,1,-1,-1,-1
ENSMUSG00000066880-S,"1-Pentene, 1,3-diphenyl-1-(trimethylsilyloxy)-",,,,1.0,,1,-1,-1,-1
ENSMUSG00000066880-S,5-Nitroso-8-quinolinol,,,,-1.0,,1,-1,-1,-1
ENSMUSG00000066880-S,L-Ornithine,,,,-1.0,,1,-1,-1,-1
ENSMUSG00000067071-S,"2,4-Dimethoxybenzaldoxime",,,,-1.0,,1,-1,-1,-1
ENSMUSG00000067071-S,5-Nitroso-8-quinolinol,,,,-1.0,,1,-1,-1,-1
ENSMUSG00000067071-S,Butanedioic acid,,-0.8999999999999998,-0.5,-0.915385729888094,,1,-1,-1,-1
ENSMUSG00000067071-S,Chlorobenzilate,,,,-1.0,,1,-1,-1,-1
ENSMUSG00000067071-S,L-(+)-Threose,,-1.0,,-1.0,,1,-1,-1,-1
ENSMUSG00000067071-S,"l-Leucine, n-butoxycarbonyl-N-methyl-, hexadecyl ester",,,,1.0,,1,-1,-1,-1
ENSMUSG00000067071-S,Pipecolic acid,,-0.8999999999999998,-0.8660254037844387,-0.8954053273686237,1.0,1,-1,-1,-1
ENSMUSG00000067071-S,Supraene,,-1.0,,-0.9642857142857144,,1,-1,-1,-1
ENSMUSG00000067795-S,"1,2-Cinnolinedicarboxylic acid, 1,2,3,5,6,7,8,8a-octahydro-4-trimethylsilyloxy-, diethyl ester",,,,-1.0,,1,-1,-1,-1
ENSMUSG00000067795-S,"3,3-Dimethylacrylic acid",,,,1.0,,1,-1,-1,-1
ENSMUSG00000067795-S,"Benzene, 1-ethyl-3,5-dimethyl",,,,-1.0,,1,-1,-1,-1
ENSMUSG00000067795-S,L-(+)-Threose,,-1.0,,-1.0,,1,-1,-1,-1
ENSMUSG00000067795-S,"l-Leucine, n-butoxycarbonyl-N-methyl-, hexadecyl ester",,,,-1.0,,1,-1,-1,-1
ENSMUSG00000067873-S,"2,4-Dimethoxybenzaldoxime",,,,1.0,,1,-1,-1,-1
ENSMUSG00000067873-S,5-Nitroso-8-quinolinol,,,,1.0,,1,-1,-1,-1
ENSMUSG00000067873-S,Diclofenac,,,,-1.0,,1,-1,-1,-1
ENSMUSG00000067873-S,L-(+)-Threose,,1.0,,1.0,,1,-1,-1,-1
ENSMUSG00000067873-S,L-Glutamic acid,,,,1.0,,1,-1,-1,-1
ENSMUSG00000067873-S,"l-Leucine, n-butoxycarbonyl-N-methyl-, hexadecyl ester",,,,-1.0,,1,-1,-1,-1
ENSMUSG00000067873-S,L-Ornithine,,,,1.0,,1,-1,-1,-1
ENSMUSG00000068015-S,"1,2-Bis(trimethylsiloxy)cyclohexene",,,,-1.0,,1,-1,-1,-1
ENSMUSG00000068015-S,"1,2-Cinnolinedicarboxylic acid, 1,2,3,5,6,7,8,8a-octahydro-4-trimethylsilyloxy-, diethyl ester",,,,1.0,,1,-1,-1,-1
ENSMUSG00000068015-S,"2,4-Dimethoxybenzaldoxime",,,,1.0,,1,-1,-1,-1
ENSMUSG00000068015-S,4-tert-Butyldimethylsiloxy-3-penten-2-one,,-1.0,,-1.0,,1,-1,-1,-1
ENSMUSG00000068015-S,5-Nitroso-8-quinolinol,,,,-1.0,,1,-1,-1,-1
ENSMUSG00000068015-S,Diclofenac,,,,-1.0,,1,-1,-1,-1
ENSMUSG00000068015-S,tert-butyl(dimethyl)silyl-2-([tert-butyl(dimethyl)silyl]oxy)hex-2-enoate,,1.0,,1.0,,1,-1,-1,-1
ENSMUSG00000068079-S,2-Ethyl-1-butanol,,,,1.0,,1,-1,-1,-1
ENSMUSG00000068079-S,2-Norbornanemethanol,,,,-1.0,,1,-1,-1,-1
ENSMUSG00000068079-S,4-tert-Butyldimethylsiloxy-3-penten-2-one,,-1.0,,-1.0,,1,-1,-1,-1
ENSMUSG00000068079-S,tert-butyl(dimethyl)silyl-2-([tert-butyl(dimethyl)silyl]oxy)hex-2-enoate,,1.0,,1.0,,1,-1,-1,-1
ENSMUSG00000068267-S,"4,5-Dihydro-1H-pyrazole",,,,1.0,,1,-1,-1,-1
ENSMUSG00000068696-S,"1,2-Cinnolinedicarboxylic acid, 1,2,3,5,6,7,8,8a-octahydro-4-trimethylsilyloxy-, diethyl ester",,,,-1.0,,1,-1,-1,-1
ENSMUSG00000068696-S,2-Ethyl-1-butanol,,,,1.0,,1,-1,-1,-1
ENSMUSG00000068696-S,2-Norbornanemethanol,,,,-1.0,,1,-1,-1,-1
ENSMUSG00000068696-S,5-Nitroso-8-quinolinol,,,,1.0,,1,-1,-1,-1
ENSMUSG00000068696-S,"l-Leucine, n-butoxycarbonyl-N-methyl-, hexadecyl ester",,,,-1.0,,1,-1,-1,-1
ENSMUSG00000069237-S,Benzyl alcohol,,1.0,1.0,0.8907877552249789,1.0,1,1,1,1
ENSMUSG00000069237-S,Butyric Acid,,0.9746794344808964,1.0,0.9496133617021004,1.0,1,1,1,1
ENSMUSG00000069237-S,Diclofenac,,,,1.0,,1,-1,-1,-1
ENSMUSG00000069237-S,L-Pyroglutamic acid,,,,1.0,,1,-1,-1,-1
ENSMUSG00000069237-S,L-Serine,,,,1.0,,1,-1,-1,-1
ENSMUSG00000069237-S,L-Val-L-Leu,,1.0,,1.0,,1,-1,-1,-1
ENSMUSG00000069581-S,"1-Pentene, 1,3-diphenyl-1-(trimethylsilyloxy)-",,,,-1.0,,1,-1,-1,-1
ENSMUSG00000069581-S,"2,4-Dimethoxybenzaldoxime",,,,1.0,,1,-1,-1,-1
ENSMUSG00000069581-S,2-Buten-1-ol,,,,1.0,,1,-1,-1,-1
ENSMUSG00000069581-S,3-(4-Methoxyphenyl)coumarin,,-1.0,,-1.0,,1,-1,-1,-1
ENSMUSG00000069581-S,Azelaic acid,,0.8207826816681233,0.5,0.9288784237188524,1.0,1,1,1,1
ENSMUSG00000069581-S,L-Glutamic acid,,,,1.0,,1,-1,-1,-1
ENSMUSG00000069581-S,"l-Leucine, n-butoxycarbonyl-N-methyl-, hexadecyl ester",,,,-1.0,,1,-1,-1,-1
ENSMUSG00000069581-S,L-Ornithine,,,,1.0,,1,-1,-1,-1
ENSMUSG00000070462-S,"1,2-Bis(trimethylsiloxy)cyclohexene",,,,1.0,,1,-1,-1,-1
ENSMUSG00000070462-S,"1-Pentene, 1,3-diphenyl-1-(trimethylsilyloxy)-",,,,1.0,,1,-1,-1,-1
ENSMUSG00000070462-S,2-Ethyl-1-butanol,,,,1.0,,1,-1,-1,-1
ENSMUSG00000070462-S,2-Norbornanemethanol,,,,-1.0,,1,-1,-1,-1
ENSMUSG00000070462-S,4-tert-Butyldimethylsiloxy-3-penten-2-one,,-1.0,,-1.0,,1,-1,-1,-1
ENSMUSG00000070462-S,Diclofenac,,,,1.0,,1,-1,-1,-1
ENSMUSG00000070462-S,L-Pyroglutamic acid,,,,1.0,,1,-1,-1,-1
ENSMUSG00000070462-S,L-Serine,,,,1.0,,1,-1,-1,-1
ENSMUSG00000070462-S,tert-butyl(dimethyl)silyl-2-([tert-butyl(dimethyl)silyl]oxy)hex-2-enoate,,1.0,,1.0,,1,-1,-1,-1
ENSMUSG00000070639-S,"1,2-Bis(trimethylsiloxy)cyclohexene",,,,-1.0,,1,-1,-1,-1
ENSMUSG00000070639-S,4-tert-Butyldimethylsiloxy-3-penten-2-one,,1.0,,1.0,,1,-1,-1,-1
ENSMUSG00000070639-S,7-Hydroxy-4-(methoxymethyl)coumarin,,1.0,,1.0,,1,-1,-1,-1
ENSMUSG00000070639-S,L-Ornithine,,,,1.0,,1,-1,-1,-1
ENSMUSG00000070639-S,Sarcosine,,,,-1.0,,1,-1,-1,-1
ENSMUSG00000070639-S,tert-butyl(dimethyl)silyl-2-([tert-butyl(dimethyl)silyl]oxy)hex-2-enoate,,-1.0,,-1.0,,1,-1,-1,-1
ENSMUSG00000070687-S,2-Ethyl-1-butanol,,,,1.0,,1,-1,-1,-1
ENSMUSG00000070687-S,2-Norbornanemethanol,,,,-1.0,,1,-1,-1,-1
ENSMUSG00000070687-S,4-tert-Butyldimethylsiloxy-3-penten-2-one,,-1.0,,-1.0,,1,-1,-1,-1
ENSMUSG00000070687-S,6-Nitroveratryl alcohol,,,,-1.0,,1,-1,-1,-1
ENSMUSG00000070687-S,"Benzene, 1-ethyl-3,5-dimethyl",,,,-1.0,,1,-1,-1,-1
ENSMUSG00000070687-S,L-Serine,,,,1.0,,1,-1,-1,-1
ENSMUSG00000070687-S,tert-butyl(dimethyl)silyl-2-([tert-butyl(dimethyl)silyl]oxy)hex-2-enoate,,1.0,,1.0,,1,-1,-1,-1
ENSMUSG00000071042-S,"1,2-Cinnolinedicarboxylic acid, 1,2,3,5,6,7,8,8a-octahydro-4-trimethylsilyloxy-, diethyl ester",,,,1.0,,1,-1,-1,-1
ENSMUSG00000071042-S,"1-Pentene, 1,3-diphenyl-1-(trimethylsilyloxy)-",,,,-1.0,,1,-1,-1,-1
ENSMUSG00000071042-S,"2,4-Dimethoxybenzaldoxime",,,,1.0,,1,-1,-1,-1
ENSMUSG00000071042-S,5-Nitroso-8-quinolinol,,,,1.0,,1,-1,-1,-1
ENSMUSG00000071042-S,7-Hydroxy-4-(methoxymethyl)coumarin,,-1.0,,-1.0,,1,-1,-1,-1
ENSMUSG00000071042-S,Benzeneacetic acid,,-1.0,,-1.0,,1,-1,-1,-1
ENSMUSG00000071253-S,"1,2-Cinnolinedicarboxylic acid, 1,2,3,5,6,7,8,8a-octahydro-4-trimethylsilyloxy-, diethyl ester",,,,1.0,,1,-1,-1,-1
ENSMUSG00000071253-S,"1-Pentene, 1,3-diphenyl-1-(trimethylsilyloxy)-",,,,-1.0,,1,-1,-1,-1
ENSMUSG00000071253-S,2-Ethyl-1-butanol,,,,-1.0,,1,-1,-1,-1
ENSMUSG00000071253-S,3-(4-Methoxyphenyl)coumarin,,-1.0,,-1.0,,1,-1,-1,-1
ENSMUSG00000071253-S,7-Hydroxy-4-(methoxymethyl)coumarin,,-1.0,,-1.0,,1,-1,-1,-1
ENSMUSG00000071253-S,Diclofenac,,,,-1.0,,1,-1,-1,-1
ENSMUSG00000071253-S,L-Serine,,,,-1.0,,1,-1,-1,-1
ENSMUSG00000071266-S,"1,2-Bis(trimethylsiloxy)cyclohexene",,,,-1.0,,1,-1,-1,-1
ENSMUSG00000071266-S,"1,2-Cinnolinedicarboxylic acid, 1,2,3,5,6,7,8,8a-octahydro-4-trimethylsilyloxy-, diethyl ester",,,,1.0,,1,-1,-1,-1
ENSMUSG00000071266-S,"2',3'-Di-O-acetyladenosine",,,,-1.0,,1,-1,-1,-1
ENSMUSG00000071266-S,"2,4-Dimethoxybenzaldoxime",,,,1.0,,1,-1,-1,-1
ENSMUSG00000071266-S,6-Nitroveratryl alcohol,,,,-1.0,,1,-1,-1,-1
ENSMUSG00000071266-S,7-Hydroxy-4-(methoxymethyl)coumarin,,-1.0,,-1.0,,1,-1,-1,-1
ENSMUSG00000071266-S,Diclofenac,,,,-1.0,,1,-1,-1,-1
ENSMUSG00000071266-S,L-Ornithine,,,,1.0,,1,-1,-1,-1
ENSMUSG00000071456-S,"1,2-Bis(trimethylsiloxy)cyclohexene",,,,1.0,,1,-1,-1,-1
ENSMUSG00000071456-S,4-tert-Butyldimethylsiloxy-3-penten-2-one,,1.0,,1.0,,1,-1,-1,-1
ENSMUSG00000071456-S,Diclofenac,,,,1.0,,1,-1,-1,-1
ENSMUSG00000071456-S,L-Serine,,,,1.0,,1,-1,-1,-1
ENSMUSG00000071456-S,tert-butyl(dimethyl)silyl-2-([tert-butyl(dimethyl)silyl]oxy)hex-2-enoate,,-1.0,,-1.0,,1,-1,-1,-1
ENSMUSG00000071632-S,"1-Pentene, 1,3-diphenyl-1-(trimethylsilyloxy)-",,,,1.0,,1,-1,-1,-1
ENSMUSG00000071632-S,"3,3-Dimethylacrylic acid",,,,1.0,,1,-1,-1,-1
ENSMUSG00000071632-S,"4,5-Dihydro-1H-pyrazole",,,,1.0,,1,-1,-1,-1
ENSMUSG00000071632-S,7-Hydroxy-4-(methoxymethyl)coumarin,,1.0,,1.0,,1,-1,-1,-1
ENSMUSG00000071632-S,L-Glutamic acid,,,,-1.0,,1,-1,-1,-1
ENSMUSG00000071661-S,"1,2-Cinnolinedicarboxylic acid, 1,2,3,5,6,7,8,8a-octahydro-4-trimethylsilyloxy-, diethyl ester",,,,-1.0,,1,-1,-1,-1
ENSMUSG00000071661-S,2-Ethyl-1-butanol,,,,1.0,,1,-1,-1,-1
ENSMUSG00000071661-S,"2-Methylcyclohexylamine, tert.-butyldimethylsilyl ether",,1.0,,1.0,,1,-1,-1,-1
ENSMUSG00000071661-S,2-Norbornanemethanol,,,,-1.0,,1,-1,-1,-1
ENSMUSG00000071661-S,3-(4-Methoxyphenyl)coumarin,,-1.0,,-1.0,,1,-1,-1,-1
ENSMUSG00000071661-S,L-(+)-Threose,,1.0,,1.0,,1,-1,-1,-1
ENSMUSG00000071661-S,L-Pyroglutamic acid,,,,1.0,,1,-1,-1,-1
ENSMUSG00000071661-S,L-Serine,,,,1.0,,1,-1,-1,-1
ENSMUSG00000071661-S,L-Val-L-Leu,,1.0,,1.0,,1,-1,-1,-1
ENSMUSG00000071757-S,"1,2-Cinnolinedicarboxylic acid, 1,2,3,5,6,7,8,8a-octahydro-4-trimethylsilyloxy-, diethyl ester",,,,-1.0,,1,-1,-1,-1
ENSMUSG00000071757-S,2-Ethyl-1-butanol,,,,1.0,,1,-1,-1,-1
ENSMUSG00000071757-S,2-Norbornanemethanol,,,,-1.0,,1,-1,-1,-1
ENSMUSG00000071757-S,3-(4-Methoxyphenyl)coumarin,,-1.0,,-1.0,,1,-1,-1,-1
ENSMUSG00000071757-S,"l-Leucine, n-butoxycarbonyl-N-methyl-, hexadecyl ester",,,,-1.0,,1,-1,-1,-1
ENSMUSG00000071757-S,"Oxymorphone, bis(trimethylsilyl) ether",,0.9746794344808964,,0.95150257112482,,1,-1,-1,-1
ENSMUSG00000071757-S,Synephrine,,0.6668859288553501,0.8660254037844387,0.8907877552249789,,1,-1,-1,-1
ENSMUSG00000072487-S,"1,2-Cinnolinedicarboxylic acid, 1,2,3,5,6,7,8,8a-octahydro-4-trimethylsilyloxy-, diethyl ester",,,,1.0,,1,-1,-1,-1
ENSMUSG00000072487-S,2-Buten-1-ol,,,,1.0,,1,-1,-1,-1
ENSMUSG00000072487-S,2-Ethyl-1-butanol,,,,-1.0,,1,-1,-1,-1
ENSMUSG00000072487-S,2-Norbornanemethanol,,,,1.0,,1,-1,-1,-1
ENSMUSG00000072487-S,5-Nitroso-8-quinolinol,,,,1.0,,1,-1,-1,-1
ENSMUSG00000072487-S,L-Val-L-Leu,,-1.0,,-1.0,,1,-1,-1,-1
ENSMUSG00000072487-S,tert-butyl(dimethyl)silyl-2-([tert-butyl(dimethyl)silyl]oxy)hex-2-enoate,,-1.0,,-1.0,,1,-1,-1,-1
ENSMUSG00000073424-S,2-Norbornanemethanol,,,,-1.0,,1,-1,-1,-1
ENSMUSG00000073424-S,"3,4-Methylenedioxyamphetamine",,1.0,,1.0,-1.0,1,-1,-1,-1
ENSMUSG00000073424-S,4-tert-Butyldimethylsiloxy-3-penten-2-one,,1.0,,1.0,,1,-1,-1,-1
ENSMUSG00000073424-S,5-Nitroso-8-quinolinol,,,,1.0,,1,-1,-1,-1
ENSMUSG00000073424-S,L-(+)-Threose,,-1.0,,-1.0,,1,-1,-1,-1
ENSMUSG00000073424-S,"l-Leucine, n-butoxycarbonyl-N-methyl-, hexadecyl ester",,,,-1.0,,1,-1,-1,-1
ENSMUSG00000073427-S,"1-Pentene, 1,3-diphenyl-1-(trimethylsilyloxy)-",,,,-1.0,,1,-1,-1,-1
ENSMUSG00000073427-S,2-Cyanobenzaldehyde,,-1.0,,-1.0,,1,-1,-1,-1
ENSMUSG00000073427-S,4-tert-Butyldimethylsiloxy-3-penten-2-one,,-1.0,,-1.0,,1,-1,-1,-1
ENSMUSG00000073427-S,5-Nitroso-8-quinolinol,,,,1.0,,1,-1,-1,-1
ENSMUSG00000073427-S,7-Hydroxy-4-(methoxymethyl)coumarin,,-1.0,,-1.0,,1,-1,-1,-1
ENSMUSG00000073427-S,"Benzene, 1-ethyl-3,5-dimethyl",,,,-1.0,,1,-1,-1,-1
ENSMUSG00000073427-S,L-Glutamic acid,,,,1.0,,1,-1,-1,-1
ENSMUSG00000073427-S,"l-Leucine, n-butoxycarbonyl-N-methyl-, hexadecyl ester",,,,-1.0,,1,-1,-1,-1
ENSMUSG00000073427-S,L-Ornithine,,,,1.0,,1,-1,-1,-1
ENSMUSG00000073427-S,L-Val-L-Leu,,-1.0,,-1.0,,1,-1,-1,-1
ENSMUSG00000073805-S,"1,2-Cinnolinedicarboxylic acid, 1,2,3,5,6,7,8,8a-octahydro-4-trimethylsilyloxy-, diethyl ester",,,,1.0,,1,-1,-1,-1
ENSMUSG00000073805-S,3-(4-Methoxyphenyl)coumarin,,1.0,,1.0,,1,-1,-1,-1
ENSMUSG00000073805-S,"4,5-Dihydro-1H-pyrazole",,,,-1.0,,1,-1,-1,-1
ENSMUSG00000073805-S,"Benzene, 1-ethyl-3,5-dimethyl",,,,-1.0,,1,-1,-1,-1
ENSMUSG00000073805-S,Chlorobenzilate,,,,1.0,,1,-1,-1,-1
ENSMUSG00000073805-S,L-Val-L-Leu,,-1.0,,-1.0,,1,-1,-1,-1
ENSMUSG00000073805-S,Xylazine,,-1.0,-0.5,-0.9205101496312952,-1.0,1,1,1,1
ENSMUSG00000073968-S,"1-Pentene, 1,3-diphenyl-1-(trimethylsilyloxy)-",,,,-1.0,,1,-1,-1,-1
ENSMUSG00000073968-S,2-Norbornanemethanol,,,,1.0,,1,-1,-1,-1
ENSMUSG00000073968-S,L-Ornithine,,,,1.0,,1,-1,-1,-1
ENSMUSG00000073968-S,L-Threonine,,-1.0,,-1.0,-1.0,1,1,1,1
ENSMUSG00000074238-S,"1,2-Cinnolinedicarboxylic acid, 1,2,3,5,6,7,8,8a-octahydro-4-trimethylsilyloxy-, diethyl ester",,,,-1.0,,1,-1,-1,-1
ENSMUSG00000074238-S,2-Ethyl-1-butanol,,,,1.0,,1,-1,-1,-1
ENSMUSG00000074238-S,"2-Methylcyclohexylamine, tert.-butyldimethylsilyl ether",,1.0,,1.0,,1,-1,-1,-1
ENSMUSG00000074238-S,2-Norbornanemethanol,,,,-1.0,,1,-1,-1,-1
ENSMUSG00000074238-S,3-(4-Methoxyphenyl)coumarin,,-1.0,,-1.0,,1,-1,-1,-1
ENSMUSG00000074238-S,7-Hydroxy-4-(methoxymethyl)coumarin,,1.0,,1.0,,1,-1,-1,-1
ENSMUSG00000074238-S,Adipoyl-L-carnitine,,1.0,,1.0,,1,-1,-1,-1
ENSMUSG00000074238-S,Chlorobenzilate,,,,-1.0,,1,-1,-1,-1
ENSMUSG00000074238-S,L-(+)-Threose,,1.0,,1.0,,1,-1,-1,-1
ENSMUSG00000074238-S,"l-Leucine, n-butoxycarbonyl-N-methyl-, hexadecyl ester",,,,-1.0,,1,-1,-1,-1
ENSMUSG00000074406-S,"1,2-Cinnolinedicarboxylic acid, 1,2,3,5,6,7,8,8a-octahydro-4-trimethylsilyloxy-, diethyl ester",,,,1.0,,1,-1,-1,-1
ENSMUSG00000074406-S,3-(4-Methoxyphenyl)coumarin,,1.0,,1.0,,1,-1,-1,-1
ENSMUSG00000074406-S,Diclofenac,,,,-1.0,,1,-1,-1,-1
ENSMUSG00000074406-S,L-(+)-Threose,,-1.0,,-1.0,,1,-1,-1,-1
ENSMUSG00000074406-S,"l-Leucine, n-butoxycarbonyl-N-methyl-, hexadecyl ester",,,,-1.0,,1,-1,-1,-1
ENSMUSG00000074461-S,"2,4-Dimethoxybenzaldoxime",,,,1.0,,1,-1,-1,-1
ENSMUSG00000074461-S,4-tert-Butyldimethylsiloxy-3-penten-2-one,,1.0,,1.0,,1,-1,-1,-1
ENSMUSG00000074461-S,"Benzene, 1-ethyl-3,5-dimethyl",,,,1.0,,1,-1,-1,-1
ENSMUSG00000074461-S,Chlorobenzilate,,,,-1.0,,1,-1,-1,-1
ENSMUSG00000074461-S,"l-Leucine, n-butoxycarbonyl-N-methyl-, hexadecyl ester",,,,1.0,,1,-1,-1,-1
ENSMUSG00000074461-S,L-Pyroglutamic acid,,,,1.0,,1,-1,-1,-1
ENSMUSG00000074461-S,L-Serine,,,,1.0,,1,-1,-1,-1
ENSMUSG00000074591-S,"1,2-Cinnolinedicarboxylic acid, 1,2,3,5,6,7,8,8a-octahydro-4-trimethylsilyloxy-, diethyl ester",,,,-1.0,,1,-1,-1,-1
ENSMUSG00000074591-S,2-Norbornanemethanol,,,,-1.0,,1,-1,-1,-1
ENSMUSG00000074591-S,4-tert-Butyldimethylsiloxy-3-penten-2-one,,1.0,,1.0,,1,-1,-1,-1
ENSMUSG00000074591-S,5-Nitroso-8-quinolinol,,,,1.0,,1,-1,-1,-1
ENSMUSG00000074591-S,Adipoyl-L-carnitine,,1.0,,1.0,,1,-1,-1,-1
ENSMUSG00000074591-S,"l-Leucine, n-butoxycarbonyl-N-methyl-, hexadecyl ester",,,,-1.0,,1,-1,-1,-1
ENSMUSG00000074591-S,L-Lysine,,0.8999999999999998,1.0,0.9666666666666668,,1,-1,-1,-1
ENSMUSG00000074591-S,Lupinine,,1.0,,1.0,,1,-1,-1,-1
ENSMUSG00000074591-S,Methyl lactate,,1.0,1.0,0.9700772721497396,,1,-1,-1,-1
ENSMUSG00000074591-S,N-Ethyldiethanolamine,,0.8999999999999998,1.0,0.903773601456181,,1,-1,-1,-1
ENSMUSG00000074682-S,"1,2-Cinnolinedicarboxylic acid, 1,2,3,5,6,7,8,8a-octahydro-4-trimethylsilyloxy-, diethyl ester",,,,-1.0,,1,-1,-1,-1
ENSMUSG00000074682-S,3-(4-Methoxyphenyl)coumarin,,-1.0,,-1.0,,1,-1,-1,-1
ENSMUSG00000074682-S,5-Nitroso-8-quinolinol,,,,1.0,,1,-1,-1,-1
ENSMUSG00000074682-S,7-Hydroxy-4-(methoxymethyl)coumarin,,-1.0,,-1.0,,1,-1,-1,-1
ENSMUSG00000074682-S,L-Glutamic acid,,,,1.0,,1,-1,-1,-1
ENSMUSG00000074682-S,"l-Leucine, n-butoxycarbonyl-N-methyl-, hexadecyl ester",,,,-1.0,,1,-1,-1,-1
ENSMUSG00000074682-S,L-Ornithine,,,,1.0,,1,-1,-1,-1
ENSMUSG00000074886-S,"1,2-Cinnolinedicarboxylic acid, 1,2,3,5,6,7,8,8a-octahydro-4-trimethylsilyloxy-, diethyl ester",,,,-1.0,,1,-1,-1,-1
ENSMUSG00000074886-S,"4,5-Dihydro-1H-pyrazole",,,,1.0,,1,-1,-1,-1
ENSMUSG00000074886-S,"Benzene, 1-ethyl-3,5-dimethyl",,,,-1.0,,1,-1,-1,-1
ENSMUSG00000074886-S,"Hymexazole, tert-butyldimethylsilyl ether",,0.7999999999999999,0.5,0.9166666666666666,1.0,1,1,1,1
ENSMUSG00000074886-S,L-(+)-Threose,,-1.0,,-1.0,,1,-1,-1,-1
ENSMUSG00000074886-S,"N,N-Dimethyl-2-aminoethanol",,0.8999999999999998,,0.9581010095306072,1.0,1,1,1,1
ENSMUSG00000075514-S,2-Norbornanemethanol,,,,1.0,,1,-1,-1,-1
ENSMUSG00000075514-S,4-Aminobutanoic acid,,-1.0,-0.5,-0.9166666666666666,,1,-1,-1,-1
ENSMUSG00000075514-S,"Benzene, 1-ethyl-3,5-dimethyl",,,,1.0,,1,-1,-1,-1
ENSMUSG00000075514-S,L-(+)-Threose,,1.0,,1.0,,1,-1,-1,-1
ENSMUSG00000075514-S,"l-Leucine, n-butoxycarbonyl-N-methyl-, hexadecyl ester",,,,1.0,,1,-1,-1,-1
ENSMUSG00000075514-S,L-Val-L-Leu,,-1.0,,-1.0,,1,-1,-1,-1
ENSMUSG00000075514-S,Prostaglandin,,,-1.0,-0.9856107606091624,,1,-1,-1,-1
ENSMUSG00000075514-S,tert-butyl(dimethyl)silyl-2-([tert-butyl(dimethyl)silyl]oxy)hex-2-enoate,,-1.0,,-1.0,,1,-1,-1,-1
ENSMUSG00000075514-S,Vanillylmandelic acid,,-0.8999999999999998,-1.0,-0.9523809523809524,1.0,1,-1,-1,-1
ENSMUSG00000076435-S,"1,2-Cinnolinedicarboxylic acid, 1,2,3,5,6,7,8,8a-octahydro-4-trimethylsilyloxy-, diethyl ester",,,,-1.0,,1,-1,-1,-1
ENSMUSG00000076435-S,2-Norbornanemethanol,,,,-1.0,,1,-1,-1,-1
ENSMUSG00000076435-S,4-tert-Butyldimethylsiloxy-3-penten-2-one,,-1.0,,-1.0,,1,-1,-1,-1
ENSMUSG00000076435-S,7-Hydroxy-4-(methoxymethyl)coumarin,,-1.0,,-1.0,,1,-1,-1,-1
ENSMUSG00000076435-S,"Benzene, 1-ethyl-3,5-dimethyl",,,,-1.0,,1,-1,-1,-1
ENSMUSG00000076435-S,L-Ornithine,,,,-1.0,,1,-1,-1,-1
ENSMUSG00000076435-S,Sarcosine,,,,1.0,,1,-1,-1,-1
ENSMUSG00000076435-S,tert-butyl(dimethyl)silyl-2-([tert-butyl(dimethyl)silyl]oxy)hex-2-enoate,,1.0,,1.0,,1,-1,-1,-1
ENSMUSG00000078307-S,"1,2-Cinnolinedicarboxylic acid, 1,2,3,5,6,7,8,8a-octahydro-4-trimethylsilyloxy-, diethyl ester",,,,-1.0,,1,-1,-1,-1
ENSMUSG00000078307-S,2-Ethyl-1-butanol,,,,1.0,,1,-1,-1,-1
ENSMUSG00000078307-S,2-Norbornanemethanol,,,,-1.0,,1,-1,-1,-1
ENSMUSG00000078307-S,3-(4-Methoxyphenyl)coumarin,,-1.0,,-1.0,,1,-1,-1,-1
ENSMUSG00000078307-S,4-Methylvaleric acid,,1.0,1.0,0.9285714285714288,,1,-1,-1,-1
ENSMUSG00000078307-S,7-Hydroxy-4-(methoxymethyl)coumarin,,1.0,,1.0,,1,-1,-1,-1
ENSMUSG00000078307-S,L-(+)-Threose,,1.0,,1.0,,1,-1,-1,-1
ENSMUSG00000078307-S,"l-Leucine, n-butoxycarbonyl-N-methyl-, hexadecyl ester",,,,-1.0,,1,-1,-1,-1
ENSMUSG00000078572-S,"1-Pentene, 1,3-diphenyl-1-(trimethylsilyloxy)-",,,,1.0,,1,-1,-1,-1
ENSMUSG00000078572-S,3-(4-Methoxyphenyl)coumarin,,1.0,,1.0,,1,-1,-1,-1
ENSMUSG00000078572-S,"4,5-Dihydro-1H-pyrazole",,,,1.0,,1,-1,-1,-1
ENSMUSG00000078627-S,"1-Pentene, 1,3-diphenyl-1-(trimethylsilyloxy)-",,,,-1.0,,1,-1,-1,-1
ENSMUSG00000078627-S,2-Furoic acid,,-1.0,-1.0,-0.9818181818181818,,1,-1,-1,-1
ENSMUSG00000078627-S,2-Norbornanemethanol,,,,1.0,,1,-1,-1,-1
ENSMUSG00000078627-S,3-(4-Methoxyphenyl)coumarin,,-1.0,,-1.0,,1,-1,-1,-1
ENSMUSG00000078627-S,"3,5-Dimethylphenol",,-0.7999999999999999,-1.0,-0.9461247469114744,,1,-1,-1,-1
ENSMUSG00000078627-S,Heptanoic acid,,-0.8720815992723809,-1.0,-0.8907563025210086,,1,-1,-1,-1
ENSMUSG00000078627-S,Isopropylamine,,1.0,1.0,0.9623515200690816,1.0,1,1,1,1
ENSMUSG00000078627-S,tert-butyl(dimethyl)silyl-2-([tert-butyl(dimethyl)silyl]oxy)hex-2-enoate,,-1.0,,-1.0,,1,-1,-1,-1
ENSMUSG00000078676-S,"1-Pentene, 1,3-diphenyl-1-(trimethylsilyloxy)-",,,,-1.0,,1,-1,-1,-1
ENSMUSG00000078676-S,L-Threonine,,1.0,,1.0,1.0,1,1,1,1
ENSMUSG00000078676-S,m-Toluic acid,,-0.9746794344808964,-0.5,-0.9193570532194486,,1,-1,-1,-1
ENSMUSG00000078695-S,"1,2-Bis(trimethylsiloxy)cyclohexene",,,,-1.0,,1,-1,-1,-1
ENSMUSG00000078695-S,"1-Pentene, 1,3-diphenyl-1-(trimethylsilyloxy)-",,,,1.0,,1,-1,-1,-1
ENSMUSG00000078695-S,Chlorobenzilate,,,,-1.0,,1,-1,-1,-1
ENSMUSG00000078695-S,Diclofenac,,,,-1.0,,1,-1,-1,-1
ENSMUSG00000078695-S,L-Ornithine,,,,1.0,,1,-1,-1,-1
ENSMUSG00000078908-S,2-Norbornanemethanol,,,,-1.0,,1,-1,-1,-1
ENSMUSG00000078908-S,"3,3-Dimethylacrylic acid",,,,1.0,,1,-1,-1,-1
ENSMUSG00000078908-S,4-tert-Butyldimethylsiloxy-3-penten-2-one,,1.0,,1.0,,1,-1,-1,-1
ENSMUSG00000078908-S,5-Nitroso-8-quinolinol,,,,1.0,,1,-1,-1,-1
ENSMUSG00000078908-S,Diclofenac,,,,-1.0,,1,-1,-1,-1
ENSMUSG00000078908-S,"l-Leucine, n-butoxycarbonyl-N-methyl-, hexadecyl ester",,,,-1.0,,1,-1,-1,-1
ENSMUSG00000078908-S,L-Val-L-Leu,,1.0,,1.0,,1,-1,-1,-1
ENSMUSG00000079037-S,"1,2-Bis(trimethylsiloxy)cyclohexene",,,,-1.0,,1,-1,-1,-1
ENSMUSG00000079037-S,"1-Pentene, 1,3-diphenyl-1-(trimethylsilyloxy)-",,,,1.0,,1,-1,-1,-1
ENSMUSG00000079037-S,"2,4-Dimethoxybenzaldoxime",,,,-1.0,,1,-1,-1,-1
ENSMUSG00000079037-S,2-Norbornanemethanol,,,,1.0,,1,-1,-1,-1
ENSMUSG00000079037-S,"3,3-Dimethylacrylic acid",,,,1.0,,1,-1,-1,-1
ENSMUSG00000079037-S,4-tert-Butyldimethylsiloxy-3-penten-2-one,,1.0,,1.0,,1,-1,-1,-1
ENSMUSG00000079037-S,"Benzene, 1-ethyl-3,5-dimethyl",,,,1.0,,1,-1,-1,-1
ENSMUSG00000079037-S,Chlorobenzilate,,,,-1.0,,1,-1,-1,-1
ENSMUSG00000079037-S,L-Serine,,,,-1.0,,1,-1,-1,-1
ENSMUSG00000079037-S,tert-butyl(dimethyl)silyl-2-([tert-butyl(dimethyl)silyl]oxy)hex-2-enoate,,-1.0,,-1.0,,1,-1,-1,-1
ENSMUSG00000079056-S,"1,2-Bis(trimethylsiloxy)cyclohexene",,,,-1.0,,1,-1,-1,-1
ENSMUSG00000079056-S,3-(4-Methoxyphenyl)coumarin,,1.0,,1.0,,1,-1,-1,-1
ENSMUSG00000079056-S,7-Hydroxy-4-(methoxymethyl)coumarin,,1.0,,1.0,,1,-1,-1,-1
ENSMUSG00000079056-S,Diclofenac,,,,-1.0,,1,-1,-1,-1
ENSMUSG00000079056-S,L-Glutamic acid,,,,-1.0,,1,-1,-1,-1
ENSMUSG00000079434-S,"1-Pentene, 1,3-diphenyl-1-(trimethylsilyloxy)-",,,,1.0,,1,-1,-1,-1
ENSMUSG00000079434-S,"4,5-Dihydro-1H-pyrazole",,,,1.0,,1,-1,-1,-1
ENSMUSG00000079434-S,7-Hydroxy-4-(methoxymethyl)coumarin,,1.0,,1.0,,1,-1,-1,-1
ENSMUSG00000079434-S,"Benzene, 1-ethyl-3,5-dimethyl",,,,1.0,,1,-1,-1,-1
ENSMUSG00000079434-S,L-(+)-Threose,,1.0,,1.0,,1,-1,-1,-1
ENSMUSG00000079434-S,L-Glutamic acid,,,,-1.0,,1,-1,-1,-1
ENSMUSG00000079469-S,"1,2-Bis(trimethylsiloxy)cyclohexene",,,,1.0,,1,-1,-1,-1
ENSMUSG00000079469-S,"1,2-Cinnolinedicarboxylic acid, 1,2,3,5,6,7,8,8a-octahydro-4-trimethylsilyloxy-, diethyl ester",,,,-1.0,,1,-1,-1,-1
ENSMUSG00000079469-S,"2,5-Dimethoxybenzhydrazide",,-0.7,-1.0,-0.8954053273686237,1.0,1,-1,-1,-1
ENSMUSG00000079469-S,2-Cyanobenzaldehyde,,-1.0,,-1.0,,1,-1,-1,-1
ENSMUSG00000079469-S,4-tert-Butyldimethylsiloxy-3-penten-2-one,,-1.0,,-1.0,,1,-1,-1,-1
ENSMUSG00000079469-S,7-Hydroxy-4-(methoxymethyl)coumarin,,-1.0,,-1.0,,1,-1,-1,-1
ENSMUSG00000079469-S,L-Serine,,,,1.0,,1,-1,-1,-1
ENSMUSG00000079469-S,L-Val-L-Leu,,-1.0,,-1.0,,1,-1,-1,-1
ENSMUSG00000080316-S,"1,2-Cinnolinedicarboxylic acid, 1,2,3,5,6,7,8,8a-octahydro-4-trimethylsilyloxy-, diethyl ester",,,,1.0,,1,-1,-1,-1
ENSMUSG00000080316-S,2-Buten-1-ol,,,,1.0,,1,-1,-1,-1
ENSMUSG00000080316-S,4-tert-Butyldimethylsiloxy-3-penten-2-one,,-1.0,,-1.0,,1,-1,-1,-1
ENSMUSG00000080316-S,5-Nitroso-8-quinolinol,,,,1.0,,1,-1,-1,-1
ENSMUSG00000080316-S,7-Hydroxy-4-(methoxymethyl)coumarin,,-1.0,,-1.0,,1,-1,-1,-1
ENSMUSG00000080316-S,Cycloheptanol,,-0.9746794344808964,-1.0,-0.8954053273686237,,1,-1,-1,-1
ENSMUSG00000080316-S,L-Ornithine,,,,1.0,,1,-1,-1,-1
ENSMUSG00000080316-S,tert-butyl(dimethyl)silyl-2-([tert-butyl(dimethyl)silyl]oxy)hex-2-enoate,,1.0,,1.0,,1,-1,-1,-1
ENSMUSG00000082396-S,"1-Pentene, 1,3-diphenyl-1-(trimethylsilyloxy)-",,,,-1.0,,1,-1,-1,-1
ENSMUSG00000082396-S,2-Ethyl-1-butanol,,,,1.0,,1,-1,-1,-1
ENSMUSG00000082396-S,3-(4-Methoxyphenyl)coumarin,,1.0,,1.0,,1,-1,-1,-1
ENSMUSG00000082396-S,"3,3-Dimethylacrylic acid",,,,-1.0,,1,-1,-1,-1
ENSMUSG00000082396-S,3-Methyl-3-buten-1-ol,,-1.0,,-0.9856107606091624,,1,-1,-1,-1
ENSMUSG00000082396-S,"4,5-Dihydro-1H-pyrazole",,,,-1.0,,1,-1,-1,-1
ENSMUSG00000082396-S,"Benzene, 1-ethyl-3,5-dimethyl",,,,-1.0,,1,-1,-1,-1
ENSMUSG00000082396-S,L-(+)-Threose,,-1.0,,-1.0,,1,-1,-1,-1
ENSMUSG00000082396-S,L-Serine,,,,1.0,,1,-1,-1,-1
ENSMUSG00000084291-S,"1-Pentene, 1,3-diphenyl-1-(trimethylsilyloxy)-",,,,1.0,,1,-1,-1,-1
ENSMUSG00000084291-S,L-Threonine,,-1.0,,-1.0,-1.0,1,1,1,1
ENSMUSG00000085041-S,"1-Pentene, 1,3-diphenyl-1-(trimethylsilyloxy)-",,,,1.0,,1,-1,-1,-1
ENSMUSG00000085041-S,2-Norbornanemethanol,,,,-1.0,,1,-1,-1,-1
ENSMUSG00000085041-S,5-Nitroso-8-quinolinol,,,,-1.0,,1,-1,-1,-1
ENSMUSG00000085041-S,L-Ornithine,,,,-1.0,,1,-1,-1,-1
ENSMUSG00000085287-S,"1,2-Cinnolinedicarboxylic acid, 1,2,3,5,6,7,8,8a-octahydro-4-trimethylsilyloxy-, diethyl ester",,,,-1.0,,1,-1,-1,-1
ENSMUSG00000085287-S,2-Ethyl-1-butanol,,,,1.0,,1,-1,-1,-1
ENSMUSG00000085287-S,2-Norbornanemethanol,,,,-1.0,,1,-1,-1,-1
ENSMUSG00000085287-S,3-(4-Methoxyphenyl)coumarin,,-1.0,,-1.0,,1,-1,-1,-1
ENSMUSG00000085287-S,Adipoyl-L-carnitine,,1.0,,1.0,,1,-1,-1,-1
ENSMUSG00000085287-S,"Benzene, 1-ethyl-3,5-dimethyl",,,,-1.0,,1,-1,-1,-1
ENSMUSG00000085287-S,"l-Leucine, n-butoxycarbonyl-N-methyl-, hexadecyl ester",,,,-1.0,,1,-1,-1,-1
ENSMUSG00000085396-S,"1-Pentene, 1,3-diphenyl-1-(trimethylsilyloxy)-",,,,1.0,,1,-1,-1,-1
ENSMUSG00000085396-S,2-Cyanobenzaldehyde,,-1.0,,-1.0,,1,-1,-1,-1
ENSMUSG00000085396-S,4-tert-Butyldimethylsiloxy-3-penten-2-one,,-1.0,,-1.0,,1,-1,-1,-1
ENSMUSG00000085396-S,"l-Leucine, n-butoxycarbonyl-N-methyl-, hexadecyl ester",,,,-1.0,,1,-1,-1,-1
ENSMUSG00000085396-S,L-Val-L-Leu,,-1.0,,-1.0,,1,-1,-1,-1
ENSMUSG00000086022-S,"1,2-Bis(trimethylsiloxy)cyclohexene",,,,-1.0,,1,-1,-1,-1
ENSMUSG00000086022-S,"2,4-Dimethoxybenzaldoxime",,,,-1.0,,1,-1,-1,-1
ENSMUSG00000086022-S,2-Norbornanemethanol,,,,1.0,,1,-1,-1,-1
ENSMUSG00000086022-S,4-tert-Butyldimethylsiloxy-3-penten-2-one,,1.0,,1.0,,1,-1,-1,-1
ENSMUSG00000086022-S,L-Pyroglutamic acid,,,,-1.0,,1,-1,-1,-1
ENSMUSG00000086022-S,L-Serine,,,,-1.0,,1,-1,-1,-1
ENSMUSG00000086022-S,tert-butyl(dimethyl)silyl-2-([tert-butyl(dimethyl)silyl]oxy)hex-2-enoate,,-1.0,,-1.0,,1,-1,-1,-1
ENSMUSG00000086290-S,"1,2-Cinnolinedicarboxylic acid, 1,2,3,5,6,7,8,8a-octahydro-4-trimethylsilyloxy-, diethyl ester",,,,-1.0,,1,-1,-1,-1
ENSMUSG00000086290-S,7-Hydroxy-4-(methoxymethyl)coumarin,,1.0,,1.0,,1,-1,-1,-1
ENSMUSG00000086290-S,Diclofenac,,,,1.0,,1,-1,-1,-1
ENSMUSG00000086290-S,L-Glutamic acid,,,,-1.0,,1,-1,-1,-1
ENSMUSG00000086290-S,"l-Leucine, n-butoxycarbonyl-N-methyl-, hexadecyl ester",,,,1.0,,1,-1,-1,-1
ENSMUSG00000086290-S,L-Serine,,,,1.0,,1,-1,-1,-1
ENSMUSG00000086324-S,"1,2-Cinnolinedicarboxylic acid, 1,2,3,5,6,7,8,8a-octahydro-4-trimethylsilyloxy-, diethyl ester",,,,1.0,,1,-1,-1,-1
ENSMUSG00000086324-S,2-Norbornanemethanol,,,,1.0,,1,-1,-1,-1
ENSMUSG00000086324-S,"3,3-Dimethylacrylic acid",,,,-1.0,,1,-1,-1,-1
ENSMUSG00000086324-S,4-tert-Butyldimethylsiloxy-3-penten-2-one,,-1.0,,-1.0,,1,-1,-1,-1
ENSMUSG00000086324-S,5-Nitroso-8-quinolinol,,,,-1.0,,1,-1,-1,-1
ENSMUSG00000086324-S,"Benzene, 1-ethyl-3,5-dimethyl",,,,1.0,,1,-1,-1,-1
ENSMUSG00000086324-S,L-(+)-Threose,,1.0,,1.0,,1,-1,-1,-1
ENSMUSG00000086324-S,"l-Leucine, n-butoxycarbonyl-N-methyl-, hexadecyl ester",,,,1.0,,1,-1,-1,-1
ENSMUSG00000087260-S,"1,2-Bis(trimethylsiloxy)cyclohexene",,,,1.0,,1,-1,-1,-1
ENSMUSG00000087260-S,"1,2-Cinnolinedicarboxylic acid, 1,2,3,5,6,7,8,8a-octahydro-4-trimethylsilyloxy-, diethyl ester",,,,-1.0,,1,-1,-1,-1
ENSMUSG00000087260-S,"1-Pentene, 1,3-diphenyl-1-(trimethylsilyloxy)-",,,,1.0,,1,-1,-1,-1
ENSMUSG00000087260-S,L-Serine,,,,1.0,,1,-1,-1,-1
ENSMUSG00000087260-S,Palmitic Acid,,1.0,,1.0,,1,-1,-1,-1
ENSMUSG00000087461-S,"1,2-Bis(trimethylsiloxy)cyclohexene",,,,1.0,,1,-1,-1,-1
ENSMUSG00000087461-S,"1,2-Cinnolinedicarboxylic acid, 1,2,3,5,6,7,8,8a-octahydro-4-trimethylsilyloxy-, diethyl ester",,,,-1.0,,1,-1,-1,-1
ENSMUSG00000087461-S,2-Norbornanemethanol,,,,-1.0,,1,-1,-1,-1
ENSMUSG00000087461-S,7-Hydroxy-4-(methoxymethyl)coumarin,,-1.0,,-1.0,,1,-1,-1,-1
ENSMUSG00000087461-S,"Benzene, 1-ethyl-3,5-dimethyl",,,,-1.0,,1,-1,-1,-1
ENSMUSG00000087461-S,Diclofenac,,,,1.0,,1,-1,-1,-1
ENSMUSG00000087461-S,L-Serine,,,,1.0,,1,-1,-1,-1
ENSMUSG00000087651-S,"1-Pentene, 1,3-diphenyl-1-(trimethylsilyloxy)-",,,,1.0,,1,-1,-1,-1
ENSMUSG00000087651-S,2-Norbornanemethanol,,,,-1.0,,1,-1,-1,-1
ENSMUSG00000087651-S,L-(+)-Threose,,1.0,,1.0,,1,-1,-1,-1
ENSMUSG00000087651-S,L-Ornithine,,,,-1.0,,1,-1,-1,-1
ENSMUSG00000087651-S,L-Val-L-Leu,,-1.0,,-1.0,,1,-1,-1,-1
ENSMUSG00000087674-S,"1,2-Cinnolinedicarboxylic acid, 1,2,3,5,6,7,8,8a-octahydro-4-trimethylsilyloxy-, diethyl ester",,,,-1.0,,1,-1,-1,-1
ENSMUSG00000087674-S,2-Norbornanemethanol,,,,-1.0,,1,-1,-1,-1
ENSMUSG00000087674-S,4-tert-Butyldimethylsiloxy-3-penten-2-one,,1.0,,1.0,,1,-1,-1,-1
ENSMUSG00000087674-S,5-Nitroso-8-quinolinol,,,,1.0,,1,-1,-1,-1
ENSMUSG00000087674-S,7-Hydroxy-4-(methoxymethyl)coumarin,,1.0,,1.0,,1,-1,-1,-1
ENSMUSG00000087674-S,"l-Leucine, n-butoxycarbonyl-N-methyl-, hexadecyl ester",,,,-1.0,,1,-1,-1,-1
ENSMUSG00000087674-S,N-Ethyldiethanolamine,,1.0,1.0,0.9707197941566388,,1,-1,-1,-1
ENSMUSG00000087674-S,Thymol,,0.9746794344808964,,0.9461247469114746,1.0,1,1,1,1
ENSMUSG00000089840-S,"2,4-Dimethoxybenzaldoxime",,,,-1.0,,1,-1,-1,-1
ENSMUSG00000089840-S,3-(4-Methoxyphenyl)coumarin,,1.0,,1.0,,1,-1,-1,-1
ENSMUSG00000089840-S,"4,5-Dihydro-1H-pyrazole",,,,-1.0,,1,-1,-1,-1
ENSMUSG00000089840-S,6-Nitroveratryl alcohol,,,,-1.0,,1,-1,-1,-1
ENSMUSG00000089840-S,"Benzene, 1-ethyl-3,5-dimethyl",,,,-1.0,,1,-1,-1,-1
ENSMUSG00000089840-S,L-(+)-Threose,,-1.0,,-1.0,,1,-1,-1,-1
ENSMUSG00000089997-S,"1,2-Cinnolinedicarboxylic acid, 1,2,3,5,6,7,8,8a-octahydro-4-trimethylsilyloxy-, diethyl ester",,,,1.0,,1,-1,-1,-1
ENSMUSG00000089997-S,4-tert-Butyldimethylsiloxy-3-penten-2-one,,-1.0,,-1.0,,1,-1,-1,-1
ENSMUSG00000089997-S,5-Nitroso-8-quinolinol,,,,1.0,,1,-1,-1,-1
ENSMUSG00000089997-S,7-Hydroxy-4-(methoxymethyl)coumarin,,-1.0,,-1.0,,1,-1,-1,-1
ENSMUSG00000089997-S,L-Glutamic acid,,,,1.0,,1,-1,-1,-1
ENSMUSG00000089997-S,"l-Leucine, n-butoxycarbonyl-N-methyl-, hexadecyl ester",,,,-1.0,,1,-1,-1,-1
ENSMUSG00000089997-S,L-Ornithine,,,,1.0,,1,-1,-1,-1
ENSMUSG00000089997-S,tert-butyl(dimethyl)silyl-2-([tert-butyl(dimethyl)silyl]oxy)hex-2-enoate,,1.0,,1.0,,1,-1,-1,-1
ENSMUSG00000090015-S,"1,2-Cinnolinedicarboxylic acid, 1,2,3,5,6,7,8,8a-octahydro-4-trimethylsilyloxy-, diethyl ester",,,,1.0,,1,-1,-1,-1
ENSMUSG00000090015-S,"4,5-Dihydro-1H-pyrazole",,,,-1.0,,1,-1,-1,-1
ENSMUSG00000090015-S,7-Hydroxy-4-(methoxymethyl)coumarin,,1.0,,1.0,,1,-1,-1,-1
ENSMUSG00000090015-S,"Benzene, 1-ethyl-3,5-dimethyl",,,,-1.0,,1,-1,-1,-1
ENSMUSG00000090050-S,"1,2-Bis(trimethylsiloxy)cyclohexene",,,,1.0,,1,-1,-1,-1
ENSMUSG00000090050-S,"2,4-Dimethoxybenzaldoxime",,,,1.0,,1,-1,-1,-1
ENSMUSG00000090050-S,"3,4-Methylenedioxyamphetamine",,1.0,,1.0,-1.0,1,-1,-1,-1
ENSMUSG00000090050-S,5-Nitroso-8-quinolinol,,,,1.0,,1,-1,-1,-1
ENSMUSG00000090050-S,"Benzene, 1-ethyl-3,5-dimethyl",,,,1.0,,1,-1,-1,-1
ENSMUSG00000090050-S,Benzeneacetic acid,,-1.0,,-1.0,,1,-1,-1,-1
ENSMUSG00000090050-S,Diclofenac,,,,1.0,,1,-1,-1,-1
ENSMUSG00000090050-S,L-Pyroglutamic acid,,,,1.0,,1,-1,-1,-1
ENSMUSG00000090050-S,L-Serine,,,,1.0,,1,-1,-1,-1
ENSMUSG00000090050-S,L-Tyrosine,,0.8207826816681233,,0.934148484292342,1.0,1,1,1,1
ENSMUSG00000090050-S,L-Valine,,0.8999999999999998,1.0,0.95,,1,-1,-1,-1
ENSMUSG00000090523-S,"3,4-Methylenedioxyamphetamine",,1.0,,1.0,1.0,1,1,1,1
ENSMUSG00000090523-S,5-Nitroso-8-quinolinol,,,,1.0,,1,-1,-1,-1
ENSMUSG00000090523-S,"Benzene, 1-ethyl-3,5-dimethyl",,,,1.0,,1,-1,-1,-1
ENSMUSG00000090523-S,"l-Leucine, n-butoxycarbonyl-N-methyl-, hexadecyl ester",,,,-1.0,,1,-1,-1,-1
ENSMUSG00000090935-S,"1-Pentene, 1,3-diphenyl-1-(trimethylsilyloxy)-",,,,1.0,,1,-1,-1,-1
ENSMUSG00000090935-S,2-Norbornanemethanol,,,,-1.0,,1,-1,-1,-1
ENSMUSG00000090935-S,3-(4-Methoxyphenyl)coumarin,,1.0,,1.0,,1,-1,-1,-1
ENSMUSG00000090935-S,5-Nitroso-8-quinolinol,,,,-1.0,,1,-1,-1,-1
ENSMUSG00000090935-S,Azelaic acid,,-0.5642880936468347,-1.0,-0.903773601456181,-1.0,1,1,1,1
ENSMUSG00000090935-S,L-(+)-Threose,,-1.0,,-1.0,,1,-1,-1,-1
ENSMUSG00000090935-S,"l-Leucine, n-butoxycarbonyl-N-methyl-, hexadecyl ester",,,,1.0,,1,-1,-1,-1
ENSMUSG00000090935-S,L-Serine,,,,1.0,,1,-1,-1,-1
ENSMUSG00000090935-S,tert-butyl(dimethyl)silyl-2-([tert-butyl(dimethyl)silyl]oxy)hex-2-enoate,,1.0,,1.0,,1,-1,-1,-1
ENSMUSG00000091742-S,"1,2-Bis(trimethylsiloxy)cyclohexene",,,,-1.0,,1,-1,-1,-1
ENSMUSG00000091742-S,3-(4-Methoxyphenyl)coumarin,,1.0,,1.0,,1,-1,-1,-1
ENSMUSG00000091742-S,Butanedioic acid,,-0.7,-1.0,-0.8984341422975738,,1,-1,-1,-1
ENSMUSG00000091742-S,Diclofenac,,,,-1.0,,1,-1,-1,-1
ENSMUSG00000091742-S,L-(+)-Threose,,-1.0,,-1.0,,1,-1,-1,-1
ENSMUSG00000091742-S,L-Ornithine,,,,1.0,,1,-1,-1,-1
ENSMUSG00000091742-S,L-Val-L-Leu,,-1.0,,-1.0,,1,-1,-1,-1
ENSMUSG00000091780-S,"1,2-Bis(trimethylsiloxy)cyclohexene",,,,1.0,,1,-1,-1,-1
ENSMUSG00000091780-S,"1,2-Cinnolinedicarboxylic acid, 1,2,3,5,6,7,8,8a-octahydro-4-trimethylsilyloxy-, diethyl ester",,,,-1.0,,1,-1,-1,-1
ENSMUSG00000091780-S,"2,4-Dimethoxybenzaldoxime",,,,-1.0,,1,-1,-1,-1
ENSMUSG00000091780-S,5-Nitroso-8-quinolinol,,,,1.0,,1,-1,-1,-1
ENSMUSG00000091780-S,Diclofenac,,,,1.0,,1,-1,-1,-1
ENSMUSG00000091780-S,L-Ornithine,,,,-1.0,,1,-1,-1,-1
ENSMUSG00000091971-S,"2,4-Dimethoxybenzaldoxime",,,,-1.0,,1,-1,-1,-1
ENSMUSG00000091971-S,2-Ethyl-1-butanol,,,,-1.0,,1,-1,-1,-1
ENSMUSG00000091971-S,"4,5-Dihydro-1H-pyrazole",,,,1.0,,1,-1,-1,-1
ENSMUSG00000091971-S,6-Nitroveratryl alcohol,,,,1.0,,1,-1,-1,-1
ENSMUSG00000091971-S,"Benzene, 1-ethyl-3,5-dimethyl",,,,-1.0,,1,-1,-1,-1
ENSMUSG00000091971-S,Diclofenac,,,,-1.0,,1,-1,-1,-1
ENSMUSG00000091971-S,L-Serine,,,,-1.0,,1,-1,-1,-1
ENSMUSG00000092090-S,2-Ethyl-1-butanol,,,,1.0,,1,-1,-1,-1
ENSMUSG00000092090-S,2-Norbornanemethanol,,,,-1.0,,1,-1,-1,-1
ENSMUSG00000092090-S,5-Nitroso-8-quinolinol,,,,1.0,,1,-1,-1,-1
ENSMUSG00000092090-S,"l-Leucine, n-butoxycarbonyl-N-methyl-, hexadecyl ester",,,,-1.0,,1,-1,-1,-1
ENSMUSG00000092090-S,L-Valine,,0.8999999999999998,1.0,0.9166666666666666,,1,-1,-1,-1
ENSMUSG00000093677-S,"1-Pentene, 1,3-diphenyl-1-(trimethylsilyloxy)-",,,,-1.0,,1,-1,-1,-1
ENSMUSG00000093677-S,2-Norbornanemethanol,,,,1.0,,1,-1,-1,-1
ENSMUSG00000093677-S,"3,4-Methylenedioxyamphetamine",,-1.0,,-1.0,1.0,1,-1,-1,-1
ENSMUSG00000093677-S,4-tert-Butyldimethylsiloxy-3-penten-2-one,,1.0,,1.0,,1,-1,-1,-1
ENSMUSG00000093677-S,5-Nitroso-8-quinolinol,,,,-1.0,,1,-1,-1,-1
ENSMUSG00000093677-S,"l-Leucine, n-butoxycarbonyl-N-methyl-, hexadecyl ester",,,,1.0,,1,-1,-1,-1
ENSMUSG00000093677-S,N-Acetylaspartic acid,,-0.7999999999999999,-1.0,-0.9523809523809524,-1.0,1,1,1,1
ENSMUSG00000093677-S,tert-butyl(dimethyl)silyl-2-([tert-butyl(dimethyl)silyl]oxy)hex-2-enoate,,-1.0,,-1.0,,1,-1,-1,-1
ENSMUSG00000093858-S,"1-Pentene, 1,3-diphenyl-1-(trimethylsilyloxy)-",,,,1.0,,1,-1,-1,-1
ENSMUSG00000093858-S,"4,5-Dihydro-1H-pyrazole",,,,1.0,,1,-1,-1,-1
ENSMUSG00000093858-S,7-Hydroxy-4-(methoxymethyl)coumarin,,-1.0,,-1.0,,1,-1,-1,-1
ENSMUSG00000093858-S,"Benzene, 1-ethyl-3,5-dimethyl",,,,1.0,,1,-1,-1,-1
ENSMUSG00000094595-S,"2,4-Dimethoxybenzaldoxime",,,,1.0,,1,-1,-1,-1
ENSMUSG00000094595-S,"Benzene, 1-ethyl-3,5-dimethyl",,,,1.0,,1,-1,-1,-1
ENSMUSG00000094595-S,Benzeneacetic acid,,-1.0,,-1.0,,1,-1,-1,-1
ENSMUSG00000094732-S,"1-(2,4-Dimethoxyphenyl)-propan-2-one",,1.0,1.0,0.9187081950430208,-1.0,1,-1,-1,-1
ENSMUSG00000094732-S,2-Norbornanemethanol,,,,-1.0,,1,-1,-1,-1
ENSMUSG00000094732-S,4-tert-Butyldimethylsiloxy-3-penten-2-one,,1.0,,1.0,,1,-1,-1,-1
ENSMUSG00000094732-S,L-Val-L-Leu,,1.0,,1.0,,1,-1,-1,-1
ENSMUSG00000096883-S,"1-Pentene, 1,3-diphenyl-1-(trimethylsilyloxy)-",,,,-1.0,,1,-1,-1,-1
ENSMUSG00000096883-S,"2,4-Dimethoxybenzaldoxime",,,,-1.0,,1,-1,-1,-1
ENSMUSG00000096883-S,2-Butoxyethanol,,-1.0,-1.0,-0.9288784237188524,-1.0,1,1,1,1
ENSMUSG00000096883-S,3-(4-Methoxyphenyl)coumarin,,1.0,,1.0,,1,-1,-1,-1
ENSMUSG00000096883-S,"3,3-Dimethylacrylic acid",,,,-1.0,,1,-1,-1,-1
ENSMUSG00000096883-S,7-Hydroxy-4-(methoxymethyl)coumarin,,-1.0,,-1.0,,1,-1,-1,-1
ENSMUSG00000096883-S,"Benzene, 1-ethyl-3,5-dimethyl",,,,-1.0,,1,-1,-1,-1
ENSMUSG00000096883-S,L-(+)-Threose,,-1.0,,-1.0,,1,-1,-1,-1
ENSMUSG00000096883-S,"l-Leucine, n-butoxycarbonyl-N-methyl-, hexadecyl ester",,,,1.0,,1,-1,-1,-1
ENSMUSG00000096883-S,L-Val-L-Leu,,-1.0,,-1.0,,1,-1,-1,-1
ENSMUSG00000096974-S,"1,2-Bis(trimethylsiloxy)cyclohexene",,,,-1.0,,1,-1,-1,-1
ENSMUSG00000096974-S,2-Norbornanemethanol,,,,-1.0,,1,-1,-1,-1
ENSMUSG00000096974-S,4-tert-Butyldimethylsiloxy-3-penten-2-one,,1.0,,1.0,,1,-1,-1,-1
ENSMUSG00000096974-S,Chlorobenzilate,,,,-1.0,,1,-1,-1,-1
ENSMUSG00000096974-S,Lupinine,,1.0,,1.0,,1,-1,-1,-1
ENSMUSG00000096974-S,L-Val-L-Leu,,1.0,,1.0,,1,-1,-1,-1
ENSMUSG00000097023-S,"1-Pentene, 1,3-diphenyl-1-(trimethylsilyloxy)-",,,,1.0,,1,-1,-1,-1
ENSMUSG00000097023-S,2-Cyanobenzaldehyde,,-1.0,,-1.0,,1,-1,-1,-1
ENSMUSG00000097023-S,"2-Methylcyclohexylamine, tert.-butyldimethylsilyl ether",,1.0,,1.0,,1,-1,-1,-1
ENSMUSG00000097023-S,4-tert-Butyldimethylsiloxy-3-penten-2-one,,-1.0,,-1.0,,1,-1,-1,-1
ENSMUSG00000097023-S,L-(+)-Threose,,1.0,,1.0,,1,-1,-1,-1
ENSMUSG00000097023-S,"l-Leucine, n-butoxycarbonyl-N-methyl-, hexadecyl ester",,,,-1.0,,1,-1,-1,-1
ENSMUSG00000097023-S,L-Ornithine,,,,1.0,,1,-1,-1,-1
ENSMUSG00000097023-S,L-Val-L-Leu,,-1.0,,-1.0,,1,-1,-1,-1
ENSMUSG00000097061-S,"1,2-Cinnolinedicarboxylic acid, 1,2,3,5,6,7,8,8a-octahydro-4-trimethylsilyloxy-, diethyl ester",,,,-1.0,,1,-1,-1,-1
ENSMUSG00000097061-S,"1-Pentene, 1,3-diphenyl-1-(trimethylsilyloxy)-",,,,1.0,,1,-1,-1,-1
ENSMUSG00000097061-S,2-Norbornanemethanol,,,,1.0,,1,-1,-1,-1
ENSMUSG00000097061-S,"3,3-Dimethylacrylic acid",,,,1.0,,1,-1,-1,-1
ENSMUSG00000097061-S,3-Amino-5-methylisoxazole,,0.7999999999999999,1.0,0.9372466978064098,,1,-1,-1,-1
ENSMUSG00000097061-S,4-tert-Butyldimethylsiloxy-3-penten-2-one,,1.0,,1.0,,1,-1,-1,-1
ENSMUSG00000097061-S,"Benzene, 1-ethyl-3,5-dimethyl",,,,1.0,,1,-1,-1,-1
ENSMUSG00000097061-S,"l-Leucine, n-butoxycarbonyl-N-methyl-, hexadecyl ester",,,,-1.0,,1,-1,-1,-1
ENSMUSG00000097061-S,L-Ornithine,,,,1.0,,1,-1,-1,-1
ENSMUSG00000097061-S,tert-butyl(dimethyl)silyl-2-([tert-butyl(dimethyl)silyl]oxy)hex-2-enoate,,-1.0,,-1.0,,1,-1,-1,-1
ENSMUSG00000097063-S,2-Buten-1-ol,,,,1.0,,1,-1,-1,-1
ENSMUSG00000097063-S,3-(4-Methoxyphenyl)coumarin,,1.0,,1.0,,1,-1,-1,-1
ENSMUSG00000097063-S,5-Nitroso-8-quinolinol,,,,1.0,,1,-1,-1,-1
ENSMUSG00000097063-S,Chlorobenzilate,,,,1.0,,1,-1,-1,-1
ENSMUSG00000097063-S,"l-Leucine, n-butoxycarbonyl-N-methyl-, hexadecyl ester",,,,-1.0,,1,-1,-1,-1
ENSMUSG00000097063-S,L-Ornithine,,,,1.0,,1,-1,-1,-1
ENSMUSG00000097333-S,"1-Pentene, 1,3-diphenyl-1-(trimethylsilyloxy)-",,,,1.0,,1,-1,-1,-1
ENSMUSG00000097333-S,2-Ethyl-1-butanol,,,,1.0,,1,-1,-1,-1
ENSMUSG00000097333-S,2-Norbornanemethanol,,,,-1.0,,1,-1,-1,-1
ENSMUSG00000097333-S,3-(4-Methoxyphenyl)coumarin,,1.0,,1.0,,1,-1,-1,-1
ENSMUSG00000097333-S,Diclofenac,,,,1.0,,1,-1,-1,-1
ENSMUSG00000097333-S,L-(+)-Threose,,-1.0,,-1.0,,1,-1,-1,-1
ENSMUSG00000097333-S,L-Pyroglutamic acid,,,,1.0,,1,-1,-1,-1
ENSMUSG00000097333-S,L-Serine,,,,1.0,,1,-1,-1,-1
ENSMUSG00000097333-S,tert-butyl(dimethyl)silyl-2-([tert-butyl(dimethyl)silyl]oxy)hex-2-enoate,,1.0,,1.0,,1,-1,-1,-1
ENSMUSG00000097385-S,"1,2-Cinnolinedicarboxylic acid, 1,2,3,5,6,7,8,8a-octahydro-4-trimethylsilyloxy-, diethyl ester",,,,-1.0,,1,-1,-1,-1
ENSMUSG00000097385-S,2-Norbornanemethanol,,,,-1.0,,1,-1,-1,-1
ENSMUSG00000097385-S,4-tert-Butyldimethylsiloxy-3-penten-2-one,,1.0,,1.0,,1,-1,-1,-1
ENSMUSG00000097385-S,"l-Leucine, n-butoxycarbonyl-N-methyl-, hexadecyl ester",,,,-1.0,,1,-1,-1,-1
ENSMUSG00000097385-S,L-Lysine,,1.0,0.5,0.9,,1,-1,-1,-1
ENSMUSG00000097385-S,Lupinine,,1.0,,1.0,,1,-1,-1,-1
ENSMUSG00000097385-S,L-Val-L-Leu,,1.0,,1.0,,1,-1,-1,-1
ENSMUSG00000097385-S,Prostaglandin,,,1.0,0.9856107606091624,,1,-1,-1,-1
ENSMUSG00000097466-S,"1,2-Bis(trimethylsiloxy)cyclohexene",,,,1.0,,1,-1,-1,-1
ENSMUSG00000097466-S,"1,2-Cinnolinedicarboxylic acid, 1,2,3,5,6,7,8,8a-octahydro-4-trimethylsilyloxy-, diethyl ester",,,,-1.0,,1,-1,-1,-1
ENSMUSG00000097466-S,"2,4-Dimethoxybenzaldoxime",,,,1.0,,1,-1,-1,-1
ENSMUSG00000097466-S,2-Ethyl-1-butanol,,,,1.0,,1,-1,-1,-1
ENSMUSG00000097466-S,2-Norbornanemethanol,,,,-1.0,,1,-1,-1,-1
ENSMUSG00000097466-S,3-(4-Methoxyphenyl)coumarin,,-1.0,,-1.0,,1,-1,-1,-1
ENSMUSG00000097466-S,5-Nitroso-8-quinolinol,,,,1.0,,1,-1,-1,-1
ENSMUSG00000097466-S,Diclofenac,,,,1.0,,1,-1,-1,-1
ENSMUSG00000097466-S,L-Pyroglutamic acid,,,,1.0,,1,-1,-1,-1
ENSMUSG00000097466-S,L-Serine,,,,1.0,,1,-1,-1,-1
ENSMUSG00000097604-S,"1,2-Bis(trimethylsiloxy)cyclohexene",,,,1.0,,1,-1,-1,-1
ENSMUSG00000097604-S,"1,2-Cinnolinedicarboxylic acid, 1,2,3,5,6,7,8,8a-octahydro-4-trimethylsilyloxy-, diethyl ester",,,,-1.0,,1,-1,-1,-1
ENSMUSG00000097604-S,"1-Pentene, 1,3-diphenyl-1-(trimethylsilyloxy)-",,,,1.0,,1,-1,-1,-1
ENSMUSG00000097604-S,3-(4-Methoxyphenyl)coumarin,,1.0,,1.0,,1,-1,-1,-1
ENSMUSG00000097604-S,L-Serine,,,,1.0,,1,-1,-1,-1
ENSMUSG00000097604-S,L-Val-L-Leu,,-1.0,,-1.0,,1,-1,-1,-1
ENSMUSG00000097652-S,"1-Pentene, 1,3-diphenyl-1-(trimethylsilyloxy)-",,,,-1.0,,1,-1,-1,-1
ENSMUSG00000097652-S,2-Ethyl-1-butanol,,,,1.0,,1,-1,-1,-1
ENSMUSG00000097652-S,5-Nitroso-8-quinolinol,,,,1.0,,1,-1,-1,-1
ENSMUSG00000097652-S,"l-Leucine, n-butoxycarbonyl-N-methyl-, hexadecyl ester",,,,-1.0,,1,-1,-1,-1
ENSMUSG00000097652-S,L-Threonine,,1.0,,1.0,-1.0,1,-1,-1,-1
ENSMUSG00000097806-S,"1,2-Bis(trimethylsiloxy)cyclohexene",,,,1.0,,1,-1,-1,-1
ENSMUSG00000097806-S,"2,4-Dimethoxybenzaldoxime",,,,1.0,,1,-1,-1,-1
ENSMUSG00000097806-S,7-Hydroxy-4-(methoxymethyl)coumarin,,-1.0,,-1.0,,1,-1,-1,-1
ENSMUSG00000097806-S,"Benzene, 1-ethyl-3,5-dimethyl",,,,1.0,,1,-1,-1,-1
ENSMUSG00000097806-S,Diclofenac,,,,1.0,,1,-1,-1,-1
ENSMUSG00000097806-S,L-Serine,,,,1.0,,1,-1,-1,-1
ENSMUSG00000098113-S,"1,2-Bis(trimethylsiloxy)cyclohexene",,,,1.0,,1,-1,-1,-1
ENSMUSG00000098113-S,"1,2-Cinnolinedicarboxylic acid, 1,2,3,5,6,7,8,8a-octahydro-4-trimethylsilyloxy-, diethyl ester",,,,-1.0,,1,-1,-1,-1
ENSMUSG00000098113-S,"2,4-Dimethoxybenzaldoxime",,,,-1.0,,1,-1,-1,-1
ENSMUSG00000098113-S,3-(4-Methoxyphenyl)coumarin,,-1.0,,-1.0,,1,-1,-1,-1
ENSMUSG00000098113-S,5-Nitroso-8-quinolinol,,,,1.0,,1,-1,-1,-1
ENSMUSG00000098113-S,Diclofenac,,,,1.0,,1,-1,-1,-1
ENSMUSG00000098113-S,tert-butyl(dimethyl)silyl-2-([tert-butyl(dimethyl)silyl]oxy)hex-2-enoate,,-1.0,,-1.0,,1,-1,-1,-1
ENSMUSG00000098449-S,"1,2-Cinnolinedicarboxylic acid, 1,2,3,5,6,7,8,8a-octahydro-4-trimethylsilyloxy-, diethyl ester",,,,-1.0,,1,-1,-1,-1
ENSMUSG00000098449-S,"2,4-Dimethoxybenzaldoxime",,,,1.0,,1,-1,-1,-1
ENSMUSG00000098449-S,3-(4-Methoxyphenyl)coumarin,,-1.0,,-1.0,,1,-1,-1,-1
ENSMUSG00000098449-S,"3,3-Dimethylacrylic acid",,,,1.0,,1,-1,-1,-1
ENSMUSG00000098449-S,5-Nitroso-8-quinolinol,,,,1.0,,1,-1,-1,-1
ENSMUSG00000098449-S,L-(+)-Threose,,1.0,,1.0,,1,-1,-1,-1
ENSMUSG00000098449-S,"l-Leucine, n-butoxycarbonyl-N-methyl-, hexadecyl ester",,,,-1.0,,1,-1,-1,-1
ENSMUSG00000098449-S,L-Ornithine,,,,1.0,,1,-1,-1,-1
ENSMUSG00000098729-S,2-Cyanobenzaldehyde,,-1.0,,-1.0,,1,-1,-1,-1
ENSMUSG00000098729-S,4-tert-Butyldimethylsiloxy-3-penten-2-one,,-1.0,,-1.0,,1,-1,-1,-1
ENSMUSG00000098729-S,5-Nitroso-8-quinolinol,,,,1.0,,1,-1,-1,-1
ENSMUSG00000098729-S,7-Hydroxy-4-(methoxymethyl)coumarin,,-1.0,,-1.0,,1,-1,-1,-1
ENSMUSG00000098729-S,"l-Leucine, n-butoxycarbonyl-N-methyl-, hexadecyl ester",,,,-1.0,,1,-1,-1,-1
ENSMUSG00000098729-S,L-Val-L-Leu,,-1.0,,-1.0,,1,-1,-1,-1
ENSMUSG00000099471-S,4-tert-Butyldimethylsiloxy-3-penten-2-one,,1.0,,1.0,,1,-1,-1,-1
ENSMUSG00000099471-S,5-Nitroso-8-quinolinol,,,,-1.0,,1,-1,-1,-1
ENSMUSG00000099471-S,tert-butyl(dimethyl)silyl-2-([tert-butyl(dimethyl)silyl]oxy)hex-2-enoate,,-1.0,,-1.0,,1,-1,-1,-1
ENSMUSG00000099625-S,5-Nitroso-8-quinolinol,,,,1.0,,1,-1,-1,-1
ENSMUSG00000099625-S,7-Hydroxy-4-(methoxymethyl)coumarin,,1.0,,1.0,,1,-1,-1,-1
ENSMUSG00000099625-S,"l-Leucine, n-butoxycarbonyl-N-methyl-, hexadecyl ester",,,,-1.0,,1,-1,-1,-1
ENSMUSG00000100680-S,"1,2-Bis(trimethylsiloxy)cyclohexene",,,,-1.0,,1,-1,-1,-1
ENSMUSG00000100680-S,"2,4-Dimethoxybenzaldoxime",,,,1.0,,1,-1,-1,-1
ENSMUSG00000100680-S,"Benzene, 1-ethyl-3,5-dimethyl",,,,1.0,,1,-1,-1,-1
ENSMUSG00000100680-S,L-(+)-Threose,,1.0,,1.0,,1,-1,-1,-1
ENSMUSG00000100764-S,"1,2-Cinnolinedicarboxylic acid, 1,2,3,5,6,7,8,8a-octahydro-4-trimethylsilyloxy-, diethyl ester",,,,1.0,,1,-1,-1,-1
ENSMUSG00000100764-S,"1-Pentene, 1,3-diphenyl-1-(trimethylsilyloxy)-",,,,-1.0,,1,-1,-1,-1
ENSMUSG00000100764-S,"2,4-Dimethoxybenzaldoxime",,,,1.0,,1,-1,-1,-1
ENSMUSG00000100764-S,"l-Leucine, n-butoxycarbonyl-N-methyl-, hexadecyl ester",,,,1.0,,1,-1,-1,-1
ENSMUSG00000100764-S,L-Serine,,,,1.0,,1,-1,-1,-1
ENSMUSG00000102543-S,"1-Pentene, 1,3-diphenyl-1-(trimethylsilyloxy)-",,,,1.0,,1,-1,-1,-1
ENSMUSG00000102543-S,7-Hydroxy-4-(methoxymethyl)coumarin,,1.0,,1.0,,1,-1,-1,-1
ENSMUSG00000102543-S,"Benzene, 1-ethyl-3,5-dimethyl",,,,1.0,,1,-1,-1,-1
ENSMUSG00000102543-S,L-(+)-Threose,,1.0,,1.0,,1,-1,-1,-1
ENSMUSG00000102543-S,"l-Leucine, n-butoxycarbonyl-N-methyl-, hexadecyl ester",,,,-1.0,,1,-1,-1,-1
ENSMUSG00000102556-S,"3,4-Methylenedioxyamphetamine",,1.0,,1.0,-1.0,1,-1,-1,-1
ENSMUSG00000102556-S,4-tert-Butyldimethylsiloxy-3-penten-2-one,,-1.0,,-1.0,,1,-1,-1,-1
ENSMUSG00000102556-S,5-Nitroso-8-quinolinol,,,,1.0,,1,-1,-1,-1
ENSMUSG00000102556-S,"Benzene, 1-ethyl-3,5-dimethyl",,,,1.0,,1,-1,-1,-1
ENSMUSG00000102556-S,"l-Leucine, n-butoxycarbonyl-N-methyl-, hexadecyl ester",,,,-1.0,,1,-1,-1,-1
ENSMUSG00000102556-S,L-Valine,,0.8999999999999998,1.0,0.9,,1,-1,-1,-1
ENSMUSG00000102556-S,tert-butyl(dimethyl)silyl-2-([tert-butyl(dimethyl)silyl]oxy)hex-2-enoate,,1.0,,1.0,,1,-1,-1,-1
ENSMUSG00000103038-S,"1,2-Cinnolinedicarboxylic acid, 1,2,3,5,6,7,8,8a-octahydro-4-trimethylsilyloxy-, diethyl ester",,,,-1.0,,1,-1,-1,-1
ENSMUSG00000103038-S,3-(4-Methoxyphenyl)coumarin,,-1.0,,-1.0,,1,-1,-1,-1
ENSMUSG00000103038-S,5-Nitroso-8-quinolinol,,,,1.0,,1,-1,-1,-1
ENSMUSG00000103038-S,"l-Leucine, n-butoxycarbonyl-N-methyl-, hexadecyl ester",,,,-1.0,,1,-1,-1,-1
ENSMUSG00000103038-S,L-Ornithine,,,,1.0,,1,-1,-1,-1
ENSMUSG00000103038-S,tert-butyl(dimethyl)silyl-2-([tert-butyl(dimethyl)silyl]oxy)hex-2-enoate,,-1.0,,-1.0,,1,-1,-1,-1
ENSMUSG00000103427-S,"1-Pentene, 1,3-diphenyl-1-(trimethylsilyloxy)-",,,,-1.0,,1,-1,-1,-1
ENSMUSG00000103427-S,"2,4-Dimethoxybenzaldoxime",,,,-1.0,,1,-1,-1,-1
ENSMUSG00000103427-S,3-(4-Methoxyphenyl)coumarin,,1.0,,1.0,,1,-1,-1,-1
ENSMUSG00000103427-S,7-Hydroxy-4-(methoxymethyl)coumarin,,-1.0,,-1.0,,1,-1,-1,-1
ENSMUSG00000103427-S,"Benzene, 1-ethyl-3,5-dimethyl",,,,-1.0,,1,-1,-1,-1
ENSMUSG00000103427-S,Chlorobenzilate,,,,1.0,,1,-1,-1,-1
ENSMUSG00000103427-S,L-(+)-Threose,,-1.0,,-1.0,,1,-1,-1,-1
ENSMUSG00000103427-S,L-Glutamic acid,,,,1.0,,1,-1,-1,-1
ENSMUSG00000103427-S,"l-Leucine, n-butoxycarbonyl-N-methyl-, hexadecyl ester",,,,-1.0,,1,-1,-1,-1
ENSMUSG00000103427-S,L-Serine,,,,-1.0,,1,-1,-1,-1
ENSMUSG00000103567-S,1-(Cyclohexylmethyl)-4-piperidinylamine,,-0.7999999999999999,,-0.9549937104572924,,1,-1,-1,-1
ENSMUSG00000103567-S,"1,2-Bis(trimethylsiloxy)cyclohexene",,,,-1.0,,1,-1,-1,-1
ENSMUSG00000103567-S,"1,2-Cinnolinedicarboxylic acid, 1,2,3,5,6,7,8,8a-octahydro-4-trimethylsilyloxy-, diethyl ester",,,,1.0,,1,-1,-1,-1
ENSMUSG00000103567-S,"2,4-Dimethoxybenzaldoxime",,,,1.0,,1,-1,-1,-1
ENSMUSG00000103567-S,7-Hydroxy-4-(methoxymethyl)coumarin,,-1.0,,-1.0,,1,-1,-1,-1
ENSMUSG00000103567-S,Benzeneacetic acid,,-1.0,,-1.0,,1,-1,-1,-1
ENSMUSG00000103567-S,L-Ornithine,,,,1.0,,1,-1,-1,-1
ENSMUSG00000103731-S,"1,2-Bis(trimethylsiloxy)cyclohexene",,,,-1.0,,1,-1,-1,-1
ENSMUSG00000103731-S,3-(4-Methoxyphenyl)coumarin,,-1.0,,-1.0,,1,-1,-1,-1
ENSMUSG00000103731-S,"3,3-Dimethylacrylic acid",,,,1.0,,1,-1,-1,-1
ENSMUSG00000103731-S,Benzenepropanoic acid,,0.5642880936468347,1.0,0.8984341422975738,1.0,1,1,1,1
ENSMUSG00000103731-S,Diclofenac,,,,-1.0,,1,-1,-1,-1
ENSMUSG00000103731-S,Octanoic acid,,-1.0,,-1.0,,1,-1,-1,-1
ENSMUSG00000103793-S,2-Ethyl-1-butanol,,,,1.0,,1,-1,-1,-1
ENSMUSG00000103793-S,2-Norbornanemethanol,,,,-1.0,,1,-1,-1,-1
ENSMUSG00000103793-S,3-(4-Methoxyphenyl)coumarin,,1.0,,1.0,,1,-1,-1,-1
ENSMUSG00000103793-S,L-(+)-Threose,,-1.0,,-1.0,,1,-1,-1,-1
ENSMUSG00000103793-S,"l-Leucine, n-butoxycarbonyl-N-methyl-, hexadecyl ester",,,,-1.0,,1,-1,-1,-1
ENSMUSG00000103793-S,tert-butyl(dimethyl)silyl-2-([tert-butyl(dimethyl)silyl]oxy)hex-2-enoate,,1.0,,1.0,,1,-1,-1,-1
ENSMUSG00000103916-S,"1,2-Bis(trimethylsiloxy)cyclohexene",,,,1.0,,1,-1,-1,-1
ENSMUSG00000103916-S,"1,2-Cinnolinedicarboxylic acid, 1,2,3,5,6,7,8,8a-octahydro-4-trimethylsilyloxy-, diethyl ester",,,,-1.0,,1,-1,-1,-1
ENSMUSG00000103916-S,"2,4-Dimethoxybenzaldoxime",,,,1.0,,1,-1,-1,-1
ENSMUSG00000103916-S,3-(4-Methoxyphenyl)coumarin,,-1.0,,-1.0,,1,-1,-1,-1
ENSMUSG00000103916-S,5-Nitroso-8-quinolinol,,,,1.0,,1,-1,-1,-1
ENSMUSG00000103916-S,L-(+)-Threose,,1.0,,1.0,,1,-1,-1,-1
ENSMUSG00000103916-S,L-Pyroglutamic acid,,,,1.0,,1,-1,-1,-1
ENSMUSG00000103916-S,L-Serine,,,,1.0,,1,-1,-1,-1
ENSMUSG00000103983-S,2-Norbornanemethanol,,,,-1.0,,1,-1,-1,-1
ENSMUSG00000103983-S,3-(4-Methoxyphenyl)coumarin,,1.0,,1.0,,1,-1,-1,-1
ENSMUSG00000103983-S,5-Nitroso-8-quinolinol,,,,1.0,,1,-1,-1,-1
ENSMUSG00000103983-S,"Benzene, 1-ethyl-3,5-dimethyl",,,,-1.0,,1,-1,-1,-1
ENSMUSG00000103983-S,L-(+)-Threose,,-1.0,,-1.0,,1,-1,-1,-1
ENSMUSG00000103983-S,"l-Leucine, n-butoxycarbonyl-N-methyl-, hexadecyl ester",,,,-1.0,,1,-1,-1,-1
ENSMUSG00000103983-S,tert-butyl(dimethyl)silyl-2-([tert-butyl(dimethyl)silyl]oxy)hex-2-enoate,,1.0,,1.0,,1,-1,-1,-1
ENSMUSG00000104204-S,"1-(2,4-Dimethoxyphenyl)-propan-2-one",,-0.948683298050514,-1.0,-0.9221722216732094,1.0,1,-1,-1,-1
ENSMUSG00000104204-S,2-Norbornanemethanol,,,,1.0,,1,-1,-1,-1
ENSMUSG00000104204-S,"3,3-Dimethylacrylic acid",,,,-1.0,,1,-1,-1,-1
ENSMUSG00000104204-S,4-tert-Butyldimethylsiloxy-3-penten-2-one,,-1.0,,-1.0,,1,-1,-1,-1
ENSMUSG00000104204-S,5-Nitroso-8-quinolinol,,,,-1.0,,1,-1,-1,-1
ENSMUSG00000104204-S,"Benzene, 1-ethyl-3,5-dimethyl",,,,1.0,,1,-1,-1,-1
ENSMUSG00000104204-S,L-(+)-Threose,,1.0,,1.0,,1,-1,-1,-1
ENSMUSG00000104204-S,"l-Leucine, n-butoxycarbonyl-N-methyl-, hexadecyl ester",,,,1.0,,1,-1,-1,-1
ENSMUSG00000104204-S,L-Val-L-Leu,,-1.0,,-1.0,,1,-1,-1,-1
ENSMUSG00000104204-S,Vanillylmandelic acid,,-1.0,-1.0,-0.9285714285714288,-1.0,1,1,1,1
ENSMUSG00000104508-S,"3,4,5-Trimethoxyamphetamine",,-0.9746794344808964,-0.5,-0.9492889050691344,,1,-1,-1,-1
ENSMUSG00000104508-S,"1-Pentene, 1,3-diphenyl-1-(trimethylsilyloxy)-",,,,1.0,,1,-1,-1,-1
ENSMUSG00000104508-S,3-(4-Methoxyphenyl)coumarin,,-1.0,,-1.0,,1,-1,-1,-1
ENSMUSG00000104508-S,5-Nitroso-8-quinolinol,,,,-1.0,,1,-1,-1,-1
ENSMUSG00000104508-S,"Benzene, 1-ethyl-3,5-dimethyl",,,,1.0,,1,-1,-1,-1
ENSMUSG00000104508-S,Hypoxanthine,,-0.8207826816681234,-0.5,-0.9323373174786144,-1.0,1,1,1,1
ENSMUSG00000104508-S,L-(+)-Threose,,1.0,,1.0,,1,-1,-1,-1
ENSMUSG00000104586-S,"1,2-Bis(trimethylsiloxy)cyclohexene",,,,-1.0,,1,-1,-1,-1
ENSMUSG00000104586-S,"1,2-Cinnolinedicarboxylic acid, 1,2,3,5,6,7,8,8a-octahydro-4-trimethylsilyloxy-, diethyl ester",,,,1.0,,1,-1,-1,-1
ENSMUSG00000104586-S,"2,4-Dimethoxybenzaldoxime",,,,-1.0,,1,-1,-1,-1
ENSMUSG00000104586-S,2-Norbornanemethanol,,,,1.0,,1,-1,-1,-1
ENSMUSG00000104586-S,3-(4-Methoxyphenyl)coumarin,,1.0,,1.0,,1,-1,-1,-1
ENSMUSG00000104586-S,"Benzene, 1-ethyl-3,5-dimethyl",,,,1.0,,1,-1,-1,-1
ENSMUSG00000104586-S,L-Serine,,,,-1.0,,1,-1,-1,-1
ENSMUSG00000104586-S,L-Val-L-Leu,,-1.0,,-1.0,,1,-1,-1,-1
ENSMUSG00000104735-S,"2,2'-Bipyridine",,-0.9746794344808964,-1.0,-0.9661363887437506,-1.0,1,1,1,1
ENSMUSG00000104735-S,"2,4-Dimethoxybenzaldoxime",,,,-1.0,,1,-1,-1,-1
ENSMUSG00000104735-S,2-Norbornanemethanol,,,,1.0,,1,-1,-1,-1
ENSMUSG00000104735-S,4-tert-Butyldimethylsiloxy-3-penten-2-one,,-1.0,,-1.0,,1,-1,-1,-1
ENSMUSG00000104735-S,"Benzene, 1-ethyl-3,5-dimethyl",,,,1.0,,1,-1,-1,-1
ENSMUSG00000104735-S,Diclofenac,,,,-1.0,,1,-1,-1,-1
ENSMUSG00000104735-S,L-Serine,,,,-1.0,,1,-1,-1,-1
ENSMUSG00000104735-S,L-Val-L-Leu,,-1.0,,-1.0,,1,-1,-1,-1
ENSMUSG00000105137-S,5-Nitroso-8-quinolinol,,,,1.0,,1,-1,-1,-1
ENSMUSG00000105137-S,7-Hydroxy-4-(methoxymethyl)coumarin,,-1.0,,-1.0,,1,-1,-1,-1
ENSMUSG00000105137-S,L-Ornithine,,,,1.0,,1,-1,-1,-1
ENSMUSG00000105434-S,3-(4-Methoxyphenyl)coumarin,,-1.0,,-1.0,,1,-1,-1,-1
ENSMUSG00000105434-S,"3,3-Dimethylacrylic acid",,,,1.0,,1,-1,-1,-1
ENSMUSG00000105434-S,"3,4-Methylenedioxyamphetamine",,1.0,,1.0,1.0,1,1,1,1
ENSMUSG00000105434-S,5-Nitroso-8-quinolinol,,,,1.0,,1,-1,-1,-1
ENSMUSG00000105434-S,"l-Leucine, n-butoxycarbonyl-N-methyl-, hexadecyl ester",,,,-1.0,,1,-1,-1,-1
ENSMUSG00000105434-S,L-Val-L-Leu,,1.0,,1.0,,1,-1,-1,-1
ENSMUSG00000105584-S,"1-Pentene, 1,3-diphenyl-1-(trimethylsilyloxy)-",,,,-1.0,,1,-1,-1,-1
ENSMUSG00000105584-S,"2,4-Dimethoxybenzaldoxime",,,,1.0,,1,-1,-1,-1
ENSMUSG00000105584-S,5-Nitroso-8-quinolinol,,,,1.0,,1,-1,-1,-1
ENSMUSG00000105584-S,7-Hydroxy-4-(methoxymethyl)coumarin,,-1.0,,-1.0,,1,-1,-1,-1
ENSMUSG00000105584-S,Benzeneacetic acid,,-1.0,,-1.0,,1,-1,-1,-1
ENSMUSG00000105584-S,"l-Leucine, n-butoxycarbonyl-N-methyl-, hexadecyl ester",,,,-1.0,,1,-1,-1,-1
ENSMUSG00000105601-S,L-Val-L-Leu,,1.0,,1.0,,1,-1,-1,-1
ENSMUSG00000106019-S,"1-(1-Hydroxybutyl)-2,5-dimethoxybenzene",,1.0,1.0,0.9642857142857144,,1,-1,-1,-1
ENSMUSG00000106019-S,"1-Pentene, 1,3-diphenyl-1-(trimethylsilyloxy)-",,,,1.0,,1,-1,-1,-1
ENSMUSG00000106019-S,2-Buten-1-ol,,,,1.0,,1,-1,-1,-1
ENSMUSG00000106019-S,6-Nitroveratryl alcohol,,,,1.0,,1,-1,-1,-1
ENSMUSG00000106019-S,7-Hydroxy-4-(methoxymethyl)coumarin,,1.0,,1.0,,1,-1,-1,-1
ENSMUSG00000106019-S,"l-Leucine, n-butoxycarbonyl-N-methyl-, hexadecyl ester",,,,-1.0,,1,-1,-1,-1
ENSMUSG00000106032-S,"1,2-Bis(trimethylsiloxy)cyclohexene",,,,1.0,,1,-1,-1,-1
ENSMUSG00000106032-S,"1,2-Cinnolinedicarboxylic acid, 1,2,3,5,6,7,8,8a-octahydro-4-trimethylsilyloxy-, diethyl ester",,,,-1.0,,1,-1,-1,-1
ENSMUSG00000106032-S,"2,4-Dimethoxybenzaldoxime",,,,1.0,,1,-1,-1,-1
ENSMUSG00000106032-S,3-(4-Methoxyphenyl)coumarin,,-1.0,,-1.0,,1,-1,-1,-1
ENSMUSG00000106032-S,Diclofenac,,,,1.0,,1,-1,-1,-1
ENSMUSG00000106032-S,L-Serine,,,,1.0,,1,-1,-1,-1
ENSMUSG00000106032-S,L-Val-L-Leu,,1.0,,1.0,,1,-1,-1,-1
ENSMUSG00000106047-S,"1-Pentene, 1,3-diphenyl-1-(trimethylsilyloxy)-",,,,1.0,,1,-1,-1,-1
ENSMUSG00000106047-S,2-Norbornanemethanol,,,,-1.0,,1,-1,-1,-1
ENSMUSG00000106047-S,"l-Leucine, n-butoxycarbonyl-N-methyl-, hexadecyl ester",,,,-1.0,,1,-1,-1,-1
ENSMUSG00000106093-S,"1,2-Bis(trimethylsiloxy)cyclohexene",,,,1.0,,1,-1,-1,-1
ENSMUSG00000106093-S,"2-Butene-1,4-diol",,1.0,,0.9856107606091624,,1,-1,-1,-1
ENSMUSG00000106093-S,2-Norbornanemethanol,,,,-1.0,,1,-1,-1,-1
ENSMUSG00000106093-S,4-tert-Butyldimethylsiloxy-3-penten-2-one,,1.0,,1.0,,1,-1,-1,-1
ENSMUSG00000106093-S,5-Nitroso-8-quinolinol,,,,1.0,,1,-1,-1,-1
ENSMUSG00000106093-S,L-Pyroglutamic acid,,,,1.0,,1,-1,-1,-1
ENSMUSG00000106093-S,L-Serine,,,,1.0,,1,-1,-1,-1
ENSMUSG00000106093-S,L-Val-L-Leu,,1.0,,1.0,,1,-1,-1,-1
ENSMUSG00000106767-S,"1,2-Cinnolinedicarboxylic acid, 1,2,3,5,6,7,8,8a-octahydro-4-trimethylsilyloxy-, diethyl ester",,,,-1.0,,1,-1,-1,-1
ENSMUSG00000106767-S,3-(4-Methoxyphenyl)coumarin,,-1.0,,-1.0,,1,-1,-1,-1
ENSMUSG00000106767-S,"4,5-Dihydro-1H-pyrazole",,,,1.0,,1,-1,-1,-1
ENSMUSG00000106767-S,5-Nitroso-8-quinolinol,,,,1.0,,1,-1,-1,-1
ENSMUSG00000106767-S,7-Hydroxy-4-(methoxymethyl)coumarin,,-1.0,,-1.0,,1,-1,-1,-1
ENSMUSG00000106767-S,L-Ornithine,,,,1.0,,1,-1,-1,-1
ENSMUSG00000107278-S,2-Norbornanemethanol,,,,1.0,,1,-1,-1,-1
ENSMUSG00000107278-S,4-tert-Butyldimethylsiloxy-3-penten-2-one,,-1.0,,-1.0,,1,-1,-1,-1
ENSMUSG00000107278-S,"Benzene, 1-ethyl-3,5-dimethyl",,,,1.0,,1,-1,-1,-1
ENSMUSG00000107278-S,"l-Leucine, n-butoxycarbonyl-N-methyl-, hexadecyl ester",,,,1.0,,1,-1,-1,-1
ENSMUSG00000000093-B,"3-Hydroxy-7,3',4',5'-tetramethoxyflavone",,,,-1.0,,1,-1,-1,-1
ENSMUSG00000000093-B,L-Val-L-Leu,,1.0,,1.0,,1,-1,-1,-1
ENSMUSG00000000093-B,"N-[(3,4,5-Trimethoxyphenyl)methylidene]hydroxylamine",,1.0,,1.0,,1,-1,-1,-1
ENSMUSG00000000093-B,Tyr-Val,,,,-1.0,,1,-1,-1,-1
ENSMUSG00000000384-B,2-Aminoquinolin-8-ol,,,,1.0,,1,-1,-1,-1
ENSMUSG00000000384-B,2-Norbornanemethanol,,,,-1.0,,1,-1,-1,-1
ENSMUSG00000000384-B,Isosorbide,1.0,,,1.0,,1,-1,-1,-1
ENSMUSG00000000384-B,"l-Leucine, n-butoxycarbonyl-N-methyl-, hexadecyl ester",,,,-1.0,,1,-1,-1,-1
ENSMUSG00000000555-B,"1,2-Bis(trimethylsiloxy)cyclohexene",,,,1.0,,1,-1,-1,-1
ENSMUSG00000000555-B,"13-Docosenamide, (Z)",,1.0,,1.0,,1,-1,-1,-1
ENSMUSG00000000555-B,"3,4-Dihydroxybenzaldehyde",-1.0,,,-1.0,,1,-1,-1,-1
ENSMUSG00000000555-B,"6-Aminocaproic acid, N-(tert.-butyldimethylsilyl)",0.8660254037844387,0.632455532033676,0.8660254037844387,0.9221228546165696,1.0,1,1,1,1
ENSMUSG00000000555-B,L-(+)-Threose,,1.0,,1.0,,1,-1,-1,-1
ENSMUSG00000000555-B,Yangonin,0.5,0.4558823529411764,0.5,0.8318597100170123,1.0,1,1,1,1
ENSMUSG00000000562-B,"1-(1-Hydroxybutyl)-2,5-dimethoxybenzene",,1.0,0.5,0.9,,1,-1,-1,-1
ENSMUSG00000000562-B,"13-Docosenamide, (Z)",,1.0,,1.0,,1,-1,-1,-1
ENSMUSG00000000562-B,"2,4-Dimethoxybenzaldoxime",,,,1.0,,1,-1,-1,-1
ENSMUSG00000000562-B,3-(4-Methoxyphenyl)coumarin,,-1.0,,-1.0,,1,-1,-1,-1
ENSMUSG00000000562-B,Isosorbide,-1.0,,,-1.0,,1,-1,-1,-1
ENSMUSG00000000562-B,L-(+)-Threose,,1.0,,1.0,,1,-1,-1,-1
ENSMUSG00000000562-B,L-Ornithine,,,,1.0,,1,-1,-1,-1
ENSMUSG00000000562-B,Octadecanoic acid,,,,-1.0,,1,-1,-1,-1
ENSMUSG00000000627-B,"1,2-Cinnolinedicarboxylic acid, 1,2,3,5,6,7,8,8a-octahydro-4-trimethylsilyloxy-, diethyl ester",,,,-1.0,,1,-1,-1,-1
ENSMUSG00000000627-B,2-Norbornanemethanol,,,,-1.0,,1,-1,-1,-1
ENSMUSG00000000627-B,"3-Hydroxy-7,3',4',5'-tetramethoxyflavone",,,,-1.0,,1,-1,-1,-1
ENSMUSG00000000627-B,"4,5-Dihydro-1H-pyrazole",,,,1.0,,1,-1,-1,-1
ENSMUSG00000000627-B,Chlorobenzilate,,,,-1.0,,1,-1,-1,-1
ENSMUSG00000000627-B,Glabridin,,,,1.0,,1,-1,-1,-1
ENSMUSG00000000627-B,L-Val-L-Leu,,1.0,,1.0,,1,-1,-1,-1
ENSMUSG00000000627-B,"N-[(3,4,5-Trimethoxyphenyl)methylidene]hydroxylamine",,1.0,,1.0,,1,-1,-1,-1
ENSMUSG00000001021-B,"2,4-Dimethoxybenzaldoxime",,,,-1.0,,1,-1,-1,-1
ENSMUSG00000001021-B,4-tert-Butyldimethylsiloxy-3-penten-2-one,,-1.0,,-1.0,,1,-1,-1,-1
ENSMUSG00000001021-B,Diclofenac,,,,1.0,,1,-1,-1,-1
ENSMUSG00000001021-B,Octadecanoic acid,,,,1.0,,1,-1,-1,-1
ENSMUSG00000001029-B,"1,2-Bis(trimethylsiloxy)cyclohexene",,,,1.0,,1,-1,-1,-1
ENSMUSG00000001029-B,2-Aminoquinolin-8-ol,,,,-1.0,,1,-1,-1,-1
ENSMUSG00000001029-B,Isosorbide,-1.0,,,-1.0,,1,-1,-1,-1
ENSMUSG00000001029-B,L-(+)-Threose,,1.0,,1.0,,1,-1,-1,-1
ENSMUSG00000001029-B,"N-[(3,4,5-Trimethoxyphenyl)methylidene]hydroxylamine",,1.0,,1.0,,1,-1,-1,-1
ENSMUSG00000001418-B,"(9H-fluoren-9-yl)methanol, O-methoxycarbonyl-",-1.0,-0.9276336570439176,-0.5,-0.90526873051103,,1,-1,-1,-1
ENSMUSG00000001418-B,"1,2-Bis(trimethylsiloxy)cyclohexene",,,,1.0,,1,-1,-1,-1
ENSMUSG00000001418-B,"1,2-Cinnolinedicarboxylic acid, 1,2,3,5,6,7,8,8a-octahydro-4-trimethylsilyloxy-, diethyl ester",,,,-1.0,,1,-1,-1,-1
ENSMUSG00000001418-B,2-Norbornanemethanol,,,,-1.0,,1,-1,-1,-1
ENSMUSG00000001418-B,cis-2-Decenoic acid,,,,-1.0,,1,-1,-1,-1
ENSMUSG00000001418-B,L-(+)-Threose,,1.0,,1.0,,1,-1,-1,-1
ENSMUSG00000001555-B,"1,2-Bis(trimethylsiloxy)cyclohexene",,,,1.0,,1,-1,-1,-1
ENSMUSG00000001555-B,"1,2-Cinnolinedicarboxylic acid, 1,2,3,5,6,7,8,8a-octahydro-4-trimethylsilyloxy-, diethyl ester",,,,-1.0,,1,-1,-1,-1
ENSMUSG00000001555-B,"13-Docosenamide, (Z)",,-1.0,,-1.0,,1,-1,-1,-1
ENSMUSG00000001555-B,"2,4-Dimethoxybenzaldoxime",,,,-1.0,,1,-1,-1,-1
ENSMUSG00000001555-B,2-Aminoquinolin-8-ol,,,,1.0,,1,-1,-1,-1
ENSMUSG00000001555-B,6-Nitroveratryl alcohol,,1.0,,1.0,,1,-1,-1,-1
ENSMUSG00000001555-B,Diclofenac,,,,1.0,,1,-1,-1,-1
ENSMUSG00000001555-B,Isosorbide,1.0,,,1.0,,1,-1,-1,-1
ENSMUSG00000001555-B,Luciferin,,,,1.0,,1,-1,-1,-1
ENSMUSG00000001555-B,Octadecanoic acid,,,,1.0,,1,-1,-1,-1
ENSMUSG00000001767-B,"2,4-Dimethoxybenzaldoxime",,,,1.0,,1,-1,-1,-1
ENSMUSG00000001767-B,2-Aminoquinolin-8-ol,,,,1.0,,1,-1,-1,-1
ENSMUSG00000001767-B,"4,5-Dihydro-1H-pyrazole",,,,-1.0,,1,-1,-1,-1
ENSMUSG00000001767-B,Isosorbide,1.0,,,1.0,,1,-1,-1,-1
ENSMUSG00000001767-B,L-Val-L-Leu,,1.0,,1.0,,1,-1,-1,-1
ENSMUSG00000001767-B,"N-[(3,4,5-Trimethoxyphenyl)methylidene]hydroxylamine",,-1.0,,-1.0,,1,-1,-1,-1
ENSMUSG00000001767-B,Octadecanoic acid,,,,1.0,,1,-1,-1,-1
ENSMUSG00000001767-B,tert-butyl(dimethyl)silyl-2-([tert-butyl(dimethyl)silyl]oxy)hex-2-enoate,,1.0,,1.0,,1,-1,-1,-1
ENSMUSG00000001864-B,"1,2-Bis(trimethylsiloxy)cyclohexene",,,,1.0,,1,-1,-1,-1
ENSMUSG00000001864-B,"1,2-Cinnolinedicarboxylic acid, 1,2,3,5,6,7,8,8a-octahydro-4-trimethylsilyloxy-, diethyl ester",,,,1.0,,1,-1,-1,-1
ENSMUSG00000001864-B,"2,4-Dimethoxybenzaldoxime",,,,1.0,,1,-1,-1,-1
ENSMUSG00000001864-B,"3,4-Dihydroxybenzaldehyde",-1.0,,,-1.0,,1,-1,-1,-1
ENSMUSG00000001864-B,4-tert-Butyldimethylsiloxy-3-penten-2-one,,1.0,,1.0,,1,-1,-1,-1
ENSMUSG00000001864-B,L-Val-L-Leu,,1.0,,1.0,,1,-1,-1,-1
ENSMUSG00000001864-B,"N-[(3,4,5-Trimethoxyphenyl)methylidene]hydroxylamine",,1.0,,1.0,,1,-1,-1,-1
ENSMUSG00000001918-B,"1,2-Cinnolinedicarboxylic acid, 1,2,3,5,6,7,8,8a-octahydro-4-trimethylsilyloxy-, diethyl ester",,,,-1.0,,1,-1,-1,-1
ENSMUSG00000001918-B,"3-Hydroxy-7,3',4',5'-tetramethoxyflavone",,,,1.0,,1,-1,-1,-1
ENSMUSG00000001918-B,Luciferin,,,,-1.0,,1,-1,-1,-1
ENSMUSG00000001918-B,L-Val-L-Leu,,1.0,,1.0,,1,-1,-1,-1
ENSMUSG00000001946-B,"2,4-Dimethoxybenzaldoxime",,,,1.0,,1,-1,-1,-1
ENSMUSG00000001946-B,"4,5-Dihydro-1H-pyrazole",,,,-1.0,,1,-1,-1,-1
ENSMUSG00000001946-B,L-Val-L-Leu,,1.0,,1.0,,1,-1,-1,-1
ENSMUSG00000002068-B,"1,2-Bis(trimethylsiloxy)cyclohexene",,,,-1.0,,1,-1,-1,-1
ENSMUSG00000002068-B,2-Aminoquinolin-8-ol,,,,1.0,,1,-1,-1,-1
ENSMUSG00000002068-B,"3,4-Dihydroxybenzaldehyde",-1.0,,,-1.0,,1,-1,-1,-1
ENSMUSG00000002068-B,L-Threonine,,1.0,,1.0,-1.0,1,-1,-1,-1
ENSMUSG00000002068-B,m-Toluic acid,0.5,-0.8116794499134279,-0.5,-0.8183739719664755,,1,-1,-1,-1
ENSMUSG00000002068-B,"N-[(3,4,5-Trimethoxyphenyl)methylidene]hydroxylamine",,-1.0,,-1.0,,1,-1,-1,-1
ENSMUSG00000002068-B,Octadecanoic acid,,,,-1.0,,1,-1,-1,-1
ENSMUSG00000002500-B,"13-Docosenamide, (Z)",,1.0,,1.0,,1,-1,-1,-1
ENSMUSG00000002500-B,2-Aminoquinolin-8-ol,,,,1.0,,1,-1,-1,-1
ENSMUSG00000002500-B,"3,3-Dimethylacrylic acid",,,,1.0,,1,-1,-1,-1
ENSMUSG00000002500-B,5-Hydroxy-7-methoxy-2-methyl-3-phenyl-4-chromenone,,0.9705882352941178,,0.9075315120579291,,1,-1,-1,-1
ENSMUSG00000002500-B,L-(+)-Threose,,1.0,,1.0,,1,-1,-1,-1
ENSMUSG00000002550-B,"1,2-Bis(trimethylsiloxy)cyclohexene",,,,1.0,,1,-1,-1,-1
ENSMUSG00000002550-B,"1,2-Cinnolinedicarboxylic acid, 1,2,3,5,6,7,8,8a-octahydro-4-trimethylsilyloxy-, diethyl ester",,,,-1.0,,1,-1,-1,-1
ENSMUSG00000002550-B,"13-Docosenamide, (Z)",,-1.0,,-1.0,,1,-1,-1,-1
ENSMUSG00000002550-B,3-(4-Methoxyphenyl)coumarin,,1.0,,1.0,,1,-1,-1,-1
ENSMUSG00000002550-B,"3-Hydroxy-7,3',4',5'-tetramethoxyflavone",,,,-1.0,,1,-1,-1,-1
ENSMUSG00000002550-B,L-(+)-Threose,,-1.0,,-1.0,,1,-1,-1,-1
ENSMUSG00000002550-B,L-Val-L-Leu,,-1.0,,-1.0,,1,-1,-1,-1
ENSMUSG00000002550-B,Octadecanoic acid,,,,1.0,,1,-1,-1,-1
ENSMUSG00000002718-B,"1,2-Cinnolinedicarboxylic acid, 1,2,3,5,6,7,8,8a-octahydro-4-trimethylsilyloxy-, diethyl ester",,,,-1.0,,1,-1,-1,-1
ENSMUSG00000002718-B,2-Aminoquinolin-8-ol,,,,1.0,,1,-1,-1,-1
ENSMUSG00000002718-B,7-Hydroxy-4-(methoxymethyl)coumarin,,-1.0,,-1.0,,1,-1,-1,-1
ENSMUSG00000002718-B,cis-2-Decenoic acid,,,,-1.0,,1,-1,-1,-1
ENSMUSG00000002718-B,"l-Leucine, n-butoxycarbonyl-N-methyl-, hexadecyl ester",,,,1.0,,1,-1,-1,-1
ENSMUSG00000002718-B,L-Val-L-Leu,,-1.0,,-1.0,,1,-1,-1,-1
ENSMUSG00000002718-B,"N-[(3,4,5-Trimethoxyphenyl)methylidene]hydroxylamine",,-1.0,,-1.0,,1,-1,-1,-1
ENSMUSG00000002732-B,"1,2-Bis(trimethylsiloxy)cyclohexene",,,,1.0,,1,-1,-1,-1
ENSMUSG00000002732-B,"1,2-Cinnolinedicarboxylic acid, 1,2,3,5,6,7,8,8a-octahydro-4-trimethylsilyloxy-, diethyl ester",,,,-1.0,,1,-1,-1,-1
ENSMUSG00000002732-B,2-Aminoquinolin-8-ol,,,,1.0,,1,-1,-1,-1
ENSMUSG00000002732-B,2-Norbornanemethanol,,,,-1.0,,1,-1,-1,-1
ENSMUSG00000002732-B,"3,4-Dihydroxybenzaldehyde",-1.0,,,-1.0,,1,-1,-1,-1
ENSMUSG00000002732-B,cis-2-Decenoic acid,,,,-1.0,,1,-1,-1,-1
ENSMUSG00000002732-B,"N-[(3,4,5-Trimethoxyphenyl)methylidene]hydroxylamine",,-1.0,,-1.0,,1,-1,-1,-1
ENSMUSG00000002984-B,"13-Docosenamide, (Z)",,1.0,,1.0,,1,-1,-1,-1
ENSMUSG00000002984-B,2-Aminoquinolin-8-ol,,,,1.0,,1,-1,-1,-1
ENSMUSG00000002984-B,"3,4-Dihydroxybenzaldehyde",1.0,,,1.0,,1,-1,-1,-1
ENSMUSG00000002984-B,"3-Hydroxy-7,3',4',5'-tetramethoxyflavone",,,,-1.0,,1,-1,-1,-1
ENSMUSG00000002984-B,"4,5-Dihydro-1H-pyrazole",,,,1.0,,1,-1,-1,-1
ENSMUSG00000002984-B,7-Hydroxy-4-(methoxymethyl)coumarin,,-1.0,,-1.0,,1,-1,-1,-1
ENSMUSG00000002984-B,cis-2-Decenoic acid,,,,-1.0,,1,-1,-1,-1
ENSMUSG00000002984-B,L-Val-L-Leu,,-1.0,,-1.0,,1,-1,-1,-1
ENSMUSG00000002984-B,"Oxymorphone, bis(trimethylsilyl) ether",0.0,0.6179143806533246,,0.8756597221654879,,1,-1,-1,-1
ENSMUSG00000002984-B,Tyr-Val,,,,-1.0,,1,-1,-1,-1
ENSMUSG00000004031-B,"13-Docosenamide, (Z)",,-1.0,,-1.0,,1,-1,-1,-1
ENSMUSG00000004031-B,2-Aminoquinolin-8-ol,,,,-1.0,,1,-1,-1,-1
ENSMUSG00000004031-B,"3,4-Dihydroxybenzaldehyde",1.0,,,1.0,,1,-1,-1,-1
ENSMUSG00000004031-B,L-(+)-Threose,,-1.0,,-1.0,,1,-1,-1,-1
ENSMUSG00000004031-B,Tyr-Val,,,,-1.0,,1,-1,-1,-1
ENSMUSG00000005124-B,2-Norbornanemethanol,,,,1.0,,1,-1,-1,-1
ENSMUSG00000005124-B,Glabridin,,,,-1.0,,1,-1,-1,-1
ENSMUSG00000005124-B,"l-Leucine, n-butoxycarbonyl-N-methyl-, hexadecyl ester",,,,1.0,,1,-1,-1,-1
ENSMUSG00000005124-B,L-Val-L-Leu,,-1.0,,-1.0,,1,-1,-1,-1
ENSMUSG00000005124-B,tert-butyl(dimethyl)silyl-2-([tert-butyl(dimethyl)silyl]oxy)hex-2-enoate,,-1.0,,-1.0,,1,-1,-1,-1
ENSMUSG00000005251-B,"3,4-Dihydroxybenzaldehyde",-1.0,,,-1.0,,1,-1,-1,-1
ENSMUSG00000005251-B,"4,5-Dihydro-1H-pyrazole",,,,-1.0,,1,-1,-1,-1
ENSMUSG00000005251-B,cis-2-Decenoic acid,,,,-1.0,,1,-1,-1,-1
ENSMUSG00000005251-B,L-(+)-Threose,,-1.0,,-1.0,,1,-1,-1,-1
ENSMUSG00000005251-B,Tyr-Val,,,,1.0,,1,-1,-1,-1
ENSMUSG00000005360-B,"1,2-Cinnolinedicarboxylic acid, 1,2,3,5,6,7,8,8a-octahydro-4-trimethylsilyloxy-, diethyl ester",,,,-1.0,,1,-1,-1,-1
ENSMUSG00000005360-B,"2,4-Dimethoxybenzaldoxime",,,,-1.0,,1,-1,-1,-1
ENSMUSG00000005360-B,2-Aminoquinolin-8-ol,,,,1.0,,1,-1,-1,-1
ENSMUSG00000005360-B,"3,4-Dihydroxybenzaldehyde",-1.0,,,-1.0,,1,-1,-1,-1
ENSMUSG00000005360-B,Chlorobenzilate,,,,-1.0,,1,-1,-1,-1
ENSMUSG00000005360-B,cis-2-Decenoic acid,,,,-1.0,,1,-1,-1,-1
ENSMUSG00000005360-B,L-(+)-Threose,,-1.0,,-1.0,,1,-1,-1,-1
ENSMUSG00000005360-B,"N-[(3,4,5-Trimethoxyphenyl)methylidene]hydroxylamine",,-1.0,,-1.0,,1,-1,-1,-1
ENSMUSG00000005469-B,2-Aminoquinolin-8-ol,,,,1.0,,1,-1,-1,-1
ENSMUSG00000005469-B,2-Norbornanemethanol,,,,-1.0,,1,-1,-1,-1
ENSMUSG00000005469-B,"3-Hydroxy-7,3',4',5'-tetramethoxyflavone",,,,-1.0,,1,-1,-1,-1
ENSMUSG00000005469-B,"4,5-Dihydro-1H-pyrazole",,,,1.0,,1,-1,-1,-1
ENSMUSG00000005469-B,L-(+)-Threose,,1.0,,1.0,,1,-1,-1,-1
ENSMUSG00000006019-B,"1,2-Bis(trimethylsiloxy)cyclohexene",,,,-1.0,,1,-1,-1,-1
ENSMUSG00000006019-B,"1,2-Cinnolinedicarboxylic acid, 1,2,3,5,6,7,8,8a-octahydro-4-trimethylsilyloxy-, diethyl ester",,,,-1.0,,1,-1,-1,-1
ENSMUSG00000006019-B,"13-Docosenamide, (Z)",,1.0,,1.0,,1,-1,-1,-1
ENSMUSG00000006019-B,"2,4-Dimethoxybenzaldoxime",,,,1.0,,1,-1,-1,-1
ENSMUSG00000006019-B,2-Aminoquinolin-8-ol,,,,1.0,,1,-1,-1,-1
ENSMUSG00000006019-B,"3,3-Dimethylacrylic acid",,,,1.0,,1,-1,-1,-1
ENSMUSG00000006019-B,"3-Hydroxy-7,3',4',5'-tetramethoxyflavone",,,,-1.0,,1,-1,-1,-1
ENSMUSG00000006019-B,5-Hydroxy-7-methoxy-2-methyl-3-phenyl-4-chromenone,,0.9856107606091624,,0.9623515200690814,,1,-1,-1,-1
ENSMUSG00000006019-B,"Benzene, 1-ethyl-3,5-dimethyl",,,,1.0,,1,-1,-1,-1
ENSMUSG00000006019-B,Isosorbide,-1.0,,,-1.0,,1,-1,-1,-1
ENSMUSG00000006019-B,L-(+)-Threose,,1.0,,1.0,,1,-1,-1,-1
ENSMUSG00000006019-B,L-Ornithine,,,,1.0,,1,-1,-1,-1
ENSMUSG00000006019-B,Octadecanoic acid,,,,-1.0,,1,-1,-1,-1
ENSMUSG00000006179-B,"1,2-Cinnolinedicarboxylic acid, 1,2,3,5,6,7,8,8a-octahydro-4-trimethylsilyloxy-, diethyl ester",,,,1.0,,1,-1,-1,-1
ENSMUSG00000006179-B,"13-Docosenamide, (Z)",,-1.0,,-1.0,,1,-1,-1,-1
ENSMUSG00000006179-B,2-Norbornanemethanol,,,,1.0,,1,-1,-1,-1
ENSMUSG00000006179-B,"3,4-Dihydroxybenzaldehyde",1.0,,,1.0,,1,-1,-1,-1
ENSMUSG00000006179-B,cis-2-Decenoic acid,,,,1.0,,1,-1,-1,-1
ENSMUSG00000006179-B,Glabridin,,,,-1.0,,1,-1,-1,-1
ENSMUSG00000006412-B,"1,2-Cinnolinedicarboxylic acid, 1,2,3,5,6,7,8,8a-octahydro-4-trimethylsilyloxy-, diethyl ester",,,,-1.0,,1,-1,-1,-1
ENSMUSG00000006412-B,"2,4-Dimethoxybenzaldoxime",,,,-1.0,,1,-1,-1,-1
ENSMUSG00000006412-B,2-Aminoquinolin-8-ol,,,,1.0,,1,-1,-1,-1
ENSMUSG00000006412-B,Isosorbide,1.0,,,1.0,,1,-1,-1,-1
ENSMUSG00000006412-B,L-Val-L-Leu,,-1.0,,-1.0,,1,-1,-1,-1
ENSMUSG00000006412-B,Myristic acid,-1.0,-0.9710083124552245,-0.5,-0.8752318487115212,1.0,1,-1,-1,-1
ENSMUSG00000006412-B,Octadecanoic acid,,,,1.0,,1,-1,-1,-1
ENSMUSG00000006412-B,Pipecolic acid,-1.0,-0.7714285714285715,0.0,-0.8596544146325672,1.0,1,-1,-1,-1
ENSMUSG00000006456-B,"1,2-Bis(trimethylsiloxy)cyclohexene",,,,1.0,,1,-1,-1,-1
ENSMUSG00000006456-B,Diclofenac,,,,1.0,,1,-1,-1,-1
ENSMUSG00000006456-B,Isosorbide,-1.0,,,-1.0,,1,-1,-1,-1
ENSMUSG00000006456-B,L-(+)-Threose,,-1.0,,-1.0,,1,-1,-1,-1
ENSMUSG00000006456-B,L-Val-L-Leu,,-1.0,,-1.0,,1,-1,-1,-1
ENSMUSG00000006920-B,"13-Docosenamide, (Z)",,-1.0,,-1.0,,1,-1,-1,-1
ENSMUSG00000006920-B,2-Norbornanemethanol,,,,-1.0,,1,-1,-1,-1
ENSMUSG00000006920-B,Isosorbide,1.0,,,1.0,,1,-1,-1,-1
ENSMUSG00000006920-B,L-Val-L-Leu,,1.0,,1.0,,1,-1,-1,-1
ENSMUSG00000007670-B,2-Aminoquinolin-8-ol,,,,1.0,,1,-1,-1,-1
ENSMUSG00000007670-B,2-Norbornanemethanol,,,,1.0,,1,-1,-1,-1
ENSMUSG00000007670-B,"3-Hydroxy-7,3',4',5'-tetramethoxyflavone",,,,-1.0,,1,-1,-1,-1
ENSMUSG00000007670-B,cis-2-Decenoic acid,,,,-1.0,,1,-1,-1,-1
ENSMUSG00000007670-B,L-Val-L-Leu,,1.0,,1.0,,1,-1,-1,-1
ENSMUSG00000007670-B,"N-[(3,4,5-Trimethoxyphenyl)methylidene]hydroxylamine",,-1.0,,-1.0,,1,-1,-1,-1
ENSMUSG00000007721-B,"3,3-Dimethylacrylic acid",,,,1.0,,1,-1,-1,-1
ENSMUSG00000007721-B,"3,4-Dihydroxybenzaldehyde",1.0,,,1.0,,1,-1,-1,-1
ENSMUSG00000007721-B,"3-Hydroxy-7,3',4',5'-tetramethoxyflavone",,,,-1.0,,1,-1,-1,-1
ENSMUSG00000007721-B,"4,5-Dihydro-1H-pyrazole",,,,1.0,,1,-1,-1,-1
ENSMUSG00000007721-B,Chlorobenzilate,,,,-1.0,,1,-1,-1,-1
ENSMUSG00000007721-B,L-(+)-Threose,,1.0,,1.0,,1,-1,-1,-1
ENSMUSG00000007721-B,Tyr-Val,,,,-1.0,,1,-1,-1,-1
ENSMUSG00000007837-B,"1,2-Bis(trimethylsiloxy)cyclohexene",,,,-1.0,,1,-1,-1,-1
ENSMUSG00000007837-B,"1,2-Cinnolinedicarboxylic acid, 1,2,3,5,6,7,8,8a-octahydro-4-trimethylsilyloxy-, diethyl ester",,,,1.0,,1,-1,-1,-1
ENSMUSG00000007837-B,2-Norbornanemethanol,,,,1.0,,1,-1,-1,-1
ENSMUSG00000007837-B,L-(+)-Threose,,1.0,,1.0,,1,-1,-1,-1
ENSMUSG00000007837-B,Luciferin,,,,-1.0,,1,-1,-1,-1
ENSMUSG00000007837-B,L-Val-L-Leu,,-1.0,,-1.0,,1,-1,-1,-1
ENSMUSG00000007837-B,Octadecanoic acid,,,,-1.0,,1,-1,-1,-1
ENSMUSG00000008668-B,"1,2-Cinnolinedicarboxylic acid, 1,2,3,5,6,7,8,8a-octahydro-4-trimethylsilyloxy-, diethyl ester",,,,-1.0,,1,-1,-1,-1
ENSMUSG00000008668-B,"13-Docosenamide, (Z)",,-1.0,,-1.0,,1,-1,-1,-1
ENSMUSG00000008668-B,"2,4-Dimethoxybenzaldoxime",,,,-1.0,,1,-1,-1,-1
ENSMUSG00000008668-B,3-(4-Methoxyphenyl)coumarin,,1.0,,1.0,,1,-1,-1,-1
ENSMUSG00000008668-B,cis-2-Decenoic acid,,,,-1.0,,1,-1,-1,-1
ENSMUSG00000008668-B,L-(+)-Threose,,-1.0,,-1.0,,1,-1,-1,-1
ENSMUSG00000008668-B,"l-Leucine, n-butoxycarbonyl-N-methyl-, hexadecyl ester",,,,1.0,,1,-1,-1,-1
ENSMUSG00000008668-B,L-Val-L-Leu,,-1.0,,-1.0,,1,-1,-1,-1
ENSMUSG00000008855-B,"13-Docosenamide, (Z)",,-1.0,,-1.0,,1,-1,-1,-1
ENSMUSG00000008855-B,Diclofenac,,,,-1.0,,1,-1,-1,-1
ENSMUSG00000008855-B,Isosorbide,1.0,,,1.0,,1,-1,-1,-1
ENSMUSG00000008958-B,"1,2-Bis(trimethylsiloxy)cyclohexene",,,,1.0,,1,-1,-1,-1
ENSMUSG00000008958-B,1-Butanol,,,,-0.9856107606091624,,1,-1,-1,-1
ENSMUSG00000008958-B,"1-Heptanol, 2-propyl-",,0.9856107606091624,,0.9856107606091624,,1,-1,-1,-1
ENSMUSG00000008958-B,2-Norbornanemethanol,,,,-1.0,,1,-1,-1,-1
ENSMUSG00000008958-B,5-Oxohexanoic Acid,1.0,0.753702346348183,1.0,0.9071817764981586,1.0,1,1,1,1
ENSMUSG00000008958-B,6-Nitroveratryl alcohol,,1.0,,1.0,,1,-1,-1,-1
ENSMUSG00000008958-B,Glabridin,,,,1.0,,1,-1,-1,-1
ENSMUSG00000008958-B,Isosorbide,1.0,,,1.0,,1,-1,-1,-1
ENSMUSG00000008958-B,L-Lysine,,0.8285714285714287,0.5,0.8473826084954617,,1,-1,-1,-1
ENSMUSG00000008958-B,L-Val-L-Leu,,1.0,,1.0,,1,-1,-1,-1
ENSMUSG00000008958-B,"N-[(3,4,5-Trimethoxyphenyl)methylidene]hydroxylamine",,1.0,,1.0,,1,-1,-1,-1
ENSMUSG00000008958-B,Octadecanoic acid,,,,1.0,,1,-1,-1,-1
ENSMUSG00000010025-B,"1,2-Bis(trimethylsiloxy)cyclohexene",,,,-1.0,,1,-1,-1,-1
ENSMUSG00000010025-B,2-Aminoquinolin-8-ol,,,,1.0,,1,-1,-1,-1
ENSMUSG00000010025-B,2-Norbornanemethanol,,,,-1.0,,1,-1,-1,-1
ENSMUSG00000010025-B,3-(4-Methoxyphenyl)coumarin,,1.0,,1.0,,1,-1,-1,-1
ENSMUSG00000010025-B,cis-2-Decenoic acid,,,,-1.0,,1,-1,-1,-1
ENSMUSG00000010025-B,L-(+)-Threose,,-1.0,,-1.0,,1,-1,-1,-1
ENSMUSG00000010025-B,"N-[(3,4,5-Trimethoxyphenyl)methylidene]hydroxylamine",,-1.0,,-1.0,,1,-1,-1,-1
ENSMUSG00000010025-B,Octadecanoic acid,,,,-1.0,,1,-1,-1,-1
ENSMUSG00000010044-B,"1,2-Bis(trimethylsiloxy)cyclohexene",,,,1.0,,1,-1,-1,-1
ENSMUSG00000010044-B,"1,2-Cinnolinedicarboxylic acid, 1,2,3,5,6,7,8,8a-octahydro-4-trimethylsilyloxy-, diethyl ester",,,,-1.0,,1,-1,-1,-1
ENSMUSG00000010044-B,"13-Docosenamide, (Z)",,1.0,,1.0,,1,-1,-1,-1
ENSMUSG00000010044-B,"2,4-Dimethoxybenzaldoxime",,,,1.0,,1,-1,-1,-1
ENSMUSG00000010044-B,"2-Butene-1,4-diol",,1.0,,0.9856107606091624,,1,-1,-1,-1
ENSMUSG00000010044-B,2-Norbornanemethanol,,,,-1.0,,1,-1,-1,-1
ENSMUSG00000010044-B,"3,4-Dihydroxybenzaldehyde",-1.0,,,-1.0,,1,-1,-1,-1
ENSMUSG00000010044-B,cis-2-Decenoic acid,,,,-1.0,,1,-1,-1,-1
ENSMUSG00000010044-B,L-Val-L-Leu,,1.0,,1.0,,1,-1,-1,-1
ENSMUSG00000010044-B,Tyr-Val,,,,1.0,,1,-1,-1,-1
ENSMUSG00000015189-B,"1,2-Bis(trimethylsiloxy)cyclohexene",,,,-1.0,,1,-1,-1,-1
ENSMUSG00000015189-B,2-Aminoquinolin-8-ol,,,,1.0,,1,-1,-1,-1
ENSMUSG00000015189-B,"3-Hydroxy-7,3',4',5'-tetramethoxyflavone",,,,-1.0,,1,-1,-1,-1
ENSMUSG00000015189-B,4-tert-Butyldimethylsiloxy-3-penten-2-one,,1.0,,1.0,,1,-1,-1,-1
ENSMUSG00000015189-B,Chlorobenzilate,,,,-1.0,,1,-1,-1,-1
ENSMUSG00000015189-B,cis-2-Decenoic acid,,,,-1.0,,1,-1,-1,-1
ENSMUSG00000015189-B,Sulindac,,-1.0,,-1.0,,1,-1,-1,-1
ENSMUSG00000015189-B,tert-butyl(dimethyl)silyl-2-([tert-butyl(dimethyl)silyl]oxy)hex-2-enoate,,-1.0,,-1.0,,1,-1,-1,-1
ENSMUSG00000015224-B,"13-Docosenamide, (Z)",,-1.0,,-1.0,,1,-1,-1,-1
ENSMUSG00000015980-B,"1,2-Bis(trimethylsiloxy)cyclohexene",,,,1.0,,1,-1,-1,-1
ENSMUSG00000015980-B,"2,4-Dimethoxybenzaldoxime",,,,-1.0,,1,-1,-1,-1
ENSMUSG00000015980-B,2-Aminoquinolin-8-ol,,,,-1.0,,1,-1,-1,-1
ENSMUSG00000015980-B,Isosorbide,-1.0,,,-1.0,,1,-1,-1,-1
ENSMUSG00000015980-B,L-(+)-Threose,,-1.0,,-1.0,,1,-1,-1,-1
ENSMUSG00000017264-B,"1,2-Bis(trimethylsiloxy)cyclohexene",,,,1.0,,1,-1,-1,-1
ENSMUSG00000017264-B,"1,2-Cinnolinedicarboxylic acid, 1,2,3,5,6,7,8,8a-octahydro-4-trimethylsilyloxy-, diethyl ester",,,,-1.0,,1,-1,-1,-1
ENSMUSG00000017264-B,2-Norbornanemethanol,,,,-1.0,,1,-1,-1,-1
ENSMUSG00000017264-B,"3,4-Dihydroxybenzaldehyde",1.0,,,1.0,,1,-1,-1,-1
ENSMUSG00000017264-B,"3-Hydroxy-7,3',4',5'-tetramethoxyflavone",,,,-1.0,,1,-1,-1,-1
ENSMUSG00000017264-B,L-(+)-Threose,,1.0,,1.0,,1,-1,-1,-1
ENSMUSG00000017264-B,L-Serine,1.0,,,1.0,,1,-1,-1,-1
ENSMUSG00000017264-B,L-Val-L-Leu,,1.0,,1.0,,1,-1,-1,-1
ENSMUSG00000017264-B,Octadecanoic acid,,,,1.0,,1,-1,-1,-1
ENSMUSG00000017405-B,3-(4-Methoxyphenyl)coumarin,,-1.0,,-1.0,,1,-1,-1,-1
ENSMUSG00000017405-B,"3-Hydroxy-7,3',4',5'-tetramethoxyflavone",,,,1.0,,1,-1,-1,-1
ENSMUSG00000017405-B,Luciferin,,,,-1.0,,1,-1,-1,-1
ENSMUSG00000017405-B,L-Val-L-Leu,,1.0,,1.0,,1,-1,-1,-1
ENSMUSG00000017405-B,"N-[(3,4,5-Trimethoxyphenyl)methylidene]hydroxylamine",,-1.0,,-1.0,,1,-1,-1,-1
ENSMUSG00000017801-B,"1,2-Bis(trimethylsiloxy)cyclohexene",,,,-1.0,,1,-1,-1,-1
ENSMUSG00000017801-B,"1,2-Cinnolinedicarboxylic acid, 1,2,3,5,6,7,8,8a-octahydro-4-trimethylsilyloxy-, diethyl ester",,,,1.0,,1,-1,-1,-1
ENSMUSG00000017801-B,"13-Docosenamide, (Z)",,1.0,,1.0,,1,-1,-1,-1
ENSMUSG00000017801-B,2-Aminoquinolin-8-ol,,,,1.0,,1,-1,-1,-1
ENSMUSG00000017801-B,cis-2-Decenoic acid,,,,-1.0,,1,-1,-1,-1
ENSMUSG00000017801-B,Isosorbide,1.0,,,1.0,,1,-1,-1,-1
ENSMUSG00000017801-B,Tyr-Val,,,,-1.0,,1,-1,-1,-1
ENSMUSG00000017837-B,"13-Docosenamide, (Z)",,-1.0,,-1.0,,1,-1,-1,-1
ENSMUSG00000017837-B,2-Aminoquinolin-8-ol,,,,1.0,,1,-1,-1,-1
ENSMUSG00000017837-B,3-(4-Methoxyphenyl)coumarin,,1.0,,1.0,,1,-1,-1,-1
ENSMUSG00000017837-B,7-Hydroxy-4-(methoxymethyl)coumarin,,-1.0,,-1.0,,1,-1,-1,-1
ENSMUSG00000017837-B,Isosorbide,1.0,,,1.0,,1,-1,-1,-1
ENSMUSG00000017837-B,L-(+)-Threose,,-1.0,,-1.0,,1,-1,-1,-1
ENSMUSG00000017858-B,"13-Docosenamide, (Z)",,-1.0,,-1.0,,1,-1,-1,-1
ENSMUSG00000017858-B,3-(4-Methoxyphenyl)coumarin,,1.0,,1.0,,1,-1,-1,-1
ENSMUSG00000017858-B,Diclofenac,,,,-1.0,,1,-1,-1,-1
ENSMUSG00000017858-B,Guanosine,,1.0,1.0,0.9461247469114746,-1.0,1,-1,-1,-1
ENSMUSG00000017858-B,Isosorbide,1.0,,,1.0,,1,-1,-1,-1
ENSMUSG00000018846-B,"1,2-Bis(trimethylsiloxy)cyclohexene",,,,1.0,,1,-1,-1,-1
ENSMUSG00000018846-B,"1,2-Cinnolinedicarboxylic acid, 1,2,3,5,6,7,8,8a-octahydro-4-trimethylsilyloxy-, diethyl ester",,,,-1.0,,1,-1,-1,-1
ENSMUSG00000018846-B,2-Aminoquinolin-8-ol,,,,1.0,,1,-1,-1,-1
ENSMUSG00000018846-B,"3,4-Dihydroxybenzaldehyde",-1.0,,,-1.0,,1,-1,-1,-1
ENSMUSG00000018846-B,cis-2-Decenoic acid,,,,-1.0,,1,-1,-1,-1
ENSMUSG00000018846-B,Luciferin,,,,-1.0,,1,-1,-1,-1
ENSMUSG00000018846-B,"N-[(3,4,5-Trimethoxyphenyl)methylidene]hydroxylamine",,-1.0,,-1.0,,1,-1,-1,-1
ENSMUSG00000018920-B,"1,2-Cinnolinedicarboxylic acid, 1,2,3,5,6,7,8,8a-octahydro-4-trimethylsilyloxy-, diethyl ester",,,,-1.0,,1,-1,-1,-1
ENSMUSG00000018920-B,Isosorbide,-1.0,,,-1.0,,1,-1,-1,-1
ENSMUSG00000018920-B,Tyr-Val,,,,1.0,,1,-1,-1,-1
ENSMUSG00000019102-B,"1,2-Cinnolinedicarboxylic acid, 1,2,3,5,6,7,8,8a-octahydro-4-trimethylsilyloxy-, diethyl ester",,,,-1.0,,1,-1,-1,-1
ENSMUSG00000019102-B,"13-Docosenamide, (Z)",,-1.0,,-1.0,,1,-1,-1,-1
ENSMUSG00000019102-B,Guanosine,,-0.7999999999999999,-1.0,-0.9221722216732094,-1.0,1,1,1,1
ENSMUSG00000019102-B,"l-Leucine, n-butoxycarbonyl-N-methyl-, hexadecyl ester",,,,1.0,,1,-1,-1,-1
ENSMUSG00000019791-B,"1,2-Bis(trimethylsiloxy)cyclohexene",,,,1.0,,1,-1,-1,-1
ENSMUSG00000019791-B,"13-Docosenamide, (Z)",,1.0,,1.0,,1,-1,-1,-1
ENSMUSG00000019791-B,2-Aminoquinolin-8-ol,,,,1.0,,1,-1,-1,-1
ENSMUSG00000019791-B,"3,4-Dihydroxybenzaldehyde",-1.0,,,-1.0,,1,-1,-1,-1
ENSMUSG00000019791-B,cis-2-Decenoic acid,,,,-1.0,,1,-1,-1,-1
ENSMUSG00000019791-B,L-Val-L-Leu,,-1.0,,-1.0,,1,-1,-1,-1
ENSMUSG00000019791-B,Tyr-Val,,,,1.0,,1,-1,-1,-1
ENSMUSG00000019864-B,"1,2-Bis(trimethylsiloxy)cyclohexene",,,,1.0,,1,-1,-1,-1
ENSMUSG00000019864-B,"1,2-Cinnolinedicarboxylic acid, 1,2,3,5,6,7,8,8a-octahydro-4-trimethylsilyloxy-, diethyl ester",,,,-1.0,,1,-1,-1,-1
ENSMUSG00000019864-B,2-Norbornanemethanol,,,,-1.0,,1,-1,-1,-1
ENSMUSG00000019864-B,"3-Hydroxy-7,3',4',5'-tetramethoxyflavone",,,,-1.0,,1,-1,-1,-1
ENSMUSG00000019864-B,Chlorobenzilate,,,,-1.0,,1,-1,-1,-1
ENSMUSG00000019864-B,Diclofenac,,,,1.0,,1,-1,-1,-1
ENSMUSG00000019864-B,"N-[(3,4,5-Trimethoxyphenyl)methylidene]hydroxylamine",,1.0,,1.0,,1,-1,-1,-1
ENSMUSG00000019864-B,Octadecanoic acid,,,,1.0,,1,-1,-1,-1
ENSMUSG00000019888-B,"1,2-Cinnolinedicarboxylic acid, 1,2,3,5,6,7,8,8a-octahydro-4-trimethylsilyloxy-, diethyl ester",,,,1.0,,1,-1,-1,-1
ENSMUSG00000019888-B,"13-Docosenamide, (Z)",,-1.0,,-1.0,,1,-1,-1,-1
ENSMUSG00000019888-B,2-Aminoquinolin-8-ol,,,,-1.0,,1,-1,-1,-1
ENSMUSG00000019888-B,2-Norbornanemethanol,,,,-1.0,,1,-1,-1,-1
ENSMUSG00000019891-B,2-Aminoquinolin-8-ol,,,,1.0,,1,-1,-1,-1
ENSMUSG00000019891-B,"3,4-Dihydroxybenzaldehyde",1.0,,,1.0,,1,-1,-1,-1
ENSMUSG00000019891-B,"3-Hydroxy-7,3',4',5'-tetramethoxyflavone",,,,-1.0,,1,-1,-1,-1
ENSMUSG00000019891-B,"4,5-Dihydro-1H-pyrazole",,,,1.0,,1,-1,-1,-1
ENSMUSG00000019891-B,Glycine,-0.5,-0.6667366910003157,-1.0,-0.8947423499236925,1.0,1,-1,-1,-1
ENSMUSG00000019891-B,"Glycine, tert.-butyldimethylsilyl ester",-0.5,-0.8406680016960503,-1.0,-0.8611718993346292,1.0,1,-1,-1,-1
ENSMUSG00000019891-B,L-Val-L-Leu,,-1.0,,-1.0,,1,-1,-1,-1
ENSMUSG00000019891-B,"N-[(3,4,5-Trimethoxyphenyl)methylidene]hydroxylamine",,1.0,,1.0,,1,-1,-1,-1
ENSMUSG00000019891-B,tert-butyl(dimethyl)silyl-2-([tert-butyl(dimethyl)silyl]oxy)hex-2-enoate,,-1.0,,-1.0,,1,-1,-1,-1
ENSMUSG00000019891-B,Tyr-Val,,,,-1.0,,1,-1,-1,-1
ENSMUSG00000019933-B,"13-Docosenamide, (Z)",,1.0,,1.0,,1,-1,-1,-1
ENSMUSG00000019933-B,2-Aminoquinolin-8-ol,,,,1.0,,1,-1,-1,-1
ENSMUSG00000019933-B,"3,3-Dimethylacrylic acid",,,,-1.0,,1,-1,-1,-1
ENSMUSG00000019933-B,"3,4-Dihydroxybenzaldehyde",-1.0,,,-1.0,,1,-1,-1,-1
ENSMUSG00000019933-B,4-tert-Butyldimethylsiloxy-3-penten-2-one,,-1.0,,-1.0,,1,-1,-1,-1
ENSMUSG00000019933-B,tert-butyl(dimethyl)silyl-2-([tert-butyl(dimethyl)silyl]oxy)hex-2-enoate,,1.0,,1.0,,1,-1,-1,-1
ENSMUSG00000020130-B,"1,2-Bis(trimethylsiloxy)cyclohexene",,,,-1.0,,1,-1,-1,-1
ENSMUSG00000020130-B,"2,4-Dimethoxybenzaldoxime",,,,-1.0,,1,-1,-1,-1
ENSMUSG00000020130-B,Isosorbide,1.0,,,1.0,,1,-1,-1,-1
ENSMUSG00000020130-B,L-Tyrosine,-0.5,-0.9746794344808964,,-0.9264501099011716,-1.0,1,1,1,1
ENSMUSG00000020135-B,"1,2-Cinnolinedicarboxylic acid, 1,2,3,5,6,7,8,8a-octahydro-4-trimethylsilyloxy-, diethyl ester",,,,-1.0,,1,-1,-1,-1
ENSMUSG00000020135-B,2-Norbornanemethanol,,,,-1.0,,1,-1,-1,-1
ENSMUSG00000020135-B,"3,4-Dihydroxybenzaldehyde",1.0,,,1.0,,1,-1,-1,-1
ENSMUSG00000020135-B,"3-Hydroxy-7,3',4',5'-tetramethoxyflavone",,,,-1.0,,1,-1,-1,-1
ENSMUSG00000020135-B,4-Methylvaleric acid,1.0,0.4999999999999999,1.0,0.8636363636363636,,1,-1,-1,-1
ENSMUSG00000020135-B,Adipoyl-L-carnitine,,1.0,,1.0,,1,-1,-1,-1
ENSMUSG00000020135-B,L-(+)-Threose,,1.0,,1.0,,1,-1,-1,-1
ENSMUSG00000020135-B,"l-Leucine, n-butoxycarbonyl-N-methyl-, hexadecyl ester",,,,-1.0,,1,-1,-1,-1
ENSMUSG00000020193-B,2-Norbornanemethanol,,,,-1.0,,1,-1,-1,-1
ENSMUSG00000020193-B,cis-2-Decenoic acid,,,,-1.0,,1,-1,-1,-1
ENSMUSG00000020193-B,Isosorbide,-1.0,,,-1.0,,1,-1,-1,-1
ENSMUSG00000020193-B,L-(+)-Threose,,-1.0,,-1.0,,1,-1,-1,-1
ENSMUSG00000020193-B,"N-[(3,4,5-Trimethoxyphenyl)methylidene]hydroxylamine",,-1.0,,-1.0,,1,-1,-1,-1
ENSMUSG00000020225-B,"1,2-Bis(trimethylsiloxy)cyclohexene",,,,1.0,,1,-1,-1,-1
ENSMUSG00000020225-B,"1,2-Cinnolinedicarboxylic acid, 1,2,3,5,6,7,8,8a-octahydro-4-trimethylsilyloxy-, diethyl ester",,,,-1.0,,1,-1,-1,-1
ENSMUSG00000020225-B,"13-Docosenamide, (Z)",,-1.0,,-1.0,,1,-1,-1,-1
ENSMUSG00000020225-B,3-(4-Methoxyphenyl)coumarin,,1.0,,1.0,,1,-1,-1,-1
ENSMUSG00000020225-B,"3,4-Dihydroxybenzaldehyde",1.0,,,1.0,,1,-1,-1,-1
ENSMUSG00000020225-B,"3-Hydroxy-7,3',4',5'-tetramethoxyflavone",,,,-1.0,,1,-1,-1,-1
ENSMUSG00000020225-B,L-Serine,1.0,,,1.0,,1,-1,-1,-1
ENSMUSG00000020225-B,Octadecanoic acid,,,,1.0,,1,-1,-1,-1
ENSMUSG00000020225-B,Tyr-Val,,,,-1.0,,1,-1,-1,-1
ENSMUSG00000020374-B,"1,2-Bis(trimethylsiloxy)cyclohexene",,,,-1.0,,1,-1,-1,-1
ENSMUSG00000020374-B,"13-Docosenamide, (Z)",,1.0,,1.0,,1,-1,-1,-1
ENSMUSG00000020374-B,2-Aminoquinolin-8-ol,,,,1.0,,1,-1,-1,-1
ENSMUSG00000020374-B,2-Norbornanemethanol,,,,1.0,,1,-1,-1,-1
ENSMUSG00000020374-B,"3,4-Dihydroxybenzaldehyde",1.0,,,1.0,,1,-1,-1,-1
ENSMUSG00000020374-B,Chlorobenzilate,,,,-1.0,,1,-1,-1,-1
ENSMUSG00000020411-B,"13-Docosenamide, (Z)",,1.0,,1.0,,1,-1,-1,-1
ENSMUSG00000020411-B,2-Aminoquinolin-8-ol,,,,1.0,,1,-1,-1,-1
ENSMUSG00000020411-B,"3,3-Dimethylacrylic acid",,,,-1.0,,1,-1,-1,-1
ENSMUSG00000020411-B,"3-Hydroxy-7,3',4',5'-tetramethoxyflavone",,,,1.0,,1,-1,-1,-1
ENSMUSG00000020411-B,"4,5-Dihydro-1H-pyrazole",,,,-1.0,,1,-1,-1,-1
ENSMUSG00000020411-B,L-Val-L-Leu,,-1.0,,-1.0,,1,-1,-1,-1
ENSMUSG00000020456-B,2-Aminoquinolin-8-ol,,,,-1.0,,1,-1,-1,-1
ENSMUSG00000020456-B,2-Norbornanemethanol,,,,-1.0,,1,-1,-1,-1
ENSMUSG00000020456-B,"3-Hydroxy-7,3',4',5'-tetramethoxyflavone",,,,-1.0,,1,-1,-1,-1
ENSMUSG00000020456-B,Glabridin,,,,1.0,,1,-1,-1,-1
ENSMUSG00000020456-B,L-Val-L-Leu,,-1.0,,-1.0,,1,-1,-1,-1
ENSMUSG00000020456-B,"N-[(3,4,5-Trimethoxyphenyl)methylidene]hydroxylamine",,1.0,,1.0,,1,-1,-1,-1
ENSMUSG00000020553-B,"13-Docosenamide, (Z)",,-1.0,,-1.0,,1,-1,-1,-1
ENSMUSG00000020553-B,"2,4-Dimethoxybenzaldoxime",,,,-1.0,,1,-1,-1,-1
ENSMUSG00000020553-B,2-Aminoquinolin-8-ol,,,,-1.0,,1,-1,-1,-1
ENSMUSG00000020553-B,"3,3-Dimethylacrylic acid",,,,-1.0,,1,-1,-1,-1
ENSMUSG00000020553-B,L-(+)-Threose,,-1.0,,-1.0,,1,-1,-1,-1
ENSMUSG00000020553-B,L-Val-L-Leu,,-1.0,,-1.0,,1,-1,-1,-1
ENSMUSG00000020553-B,Octadecanoic acid,,,,1.0,,1,-1,-1,-1
ENSMUSG00000020605-B,"1,2-Cinnolinedicarboxylic acid, 1,2,3,5,6,7,8,8a-octahydro-4-trimethylsilyloxy-, diethyl ester",,,,-1.0,,1,-1,-1,-1
ENSMUSG00000020605-B,"2,4-Dimethoxybenzaldoxime",,,,1.0,,1,-1,-1,-1
ENSMUSG00000020605-B,2-Aminoquinolin-8-ol,,,,1.0,,1,-1,-1,-1
ENSMUSG00000020605-B,2-Ethyl-1-butanol,,1.0,,1.0,,1,-1,-1,-1
ENSMUSG00000020605-B,"3,4-Dihydroxybenzaldehyde",-1.0,,,-1.0,,1,-1,-1,-1
ENSMUSG00000020605-B,"Benzene, 1-ethyl-3,5-dimethyl",,,,1.0,,1,-1,-1,-1
ENSMUSG00000020605-B,Diclofenac,,,,1.0,,1,-1,-1,-1
ENSMUSG00000020605-B,L-(+)-Threose,,1.0,,1.0,,1,-1,-1,-1
ENSMUSG00000020642-B,"2,4-Dimethoxybenzaldoxime",,,,1.0,,1,-1,-1,-1
ENSMUSG00000020642-B,2-Aminoquinolin-8-ol,,,,1.0,,1,-1,-1,-1
ENSMUSG00000020642-B,2-Ethyl-1-butanol,,1.0,,1.0,,1,-1,-1,-1
ENSMUSG00000020642-B,"3,3-Dimethylacrylic acid",,,,-1.0,,1,-1,-1,-1
ENSMUSG00000020642-B,3-Amino-5-methylisoxazole,,-0.7714285714285715,-0.5,-0.870161710874372,,1,-1,-1,-1
ENSMUSG00000020642-B,"4,5-Dihydro-1H-pyrazole",,,,-1.0,,1,-1,-1,-1
ENSMUSG00000020642-B,Isosorbide,1.0,,,1.0,,1,-1,-1,-1
ENSMUSG00000020642-B,"N-[(3,4,5-Trimethoxyphenyl)methylidene]hydroxylamine",,-1.0,,-1.0,,1,-1,-1,-1
ENSMUSG00000020642-B,Octadecanoic acid,,,,1.0,,1,-1,-1,-1
ENSMUSG00000020642-B,tert-butyl(dimethyl)silyl-2-([tert-butyl(dimethyl)silyl]oxy)hex-2-enoate,,1.0,,1.0,,1,-1,-1,-1
ENSMUSG00000020644-B,"13-Docosenamide, (Z)",,-1.0,,-1.0,,1,-1,-1,-1
ENSMUSG00000020644-B,"2,4-Dimethoxybenzaldoxime",,,,-1.0,,1,-1,-1,-1
ENSMUSG00000020644-B,3-(4-Methoxyphenyl)coumarin,,1.0,,1.0,,1,-1,-1,-1
ENSMUSG00000020644-B,"3,3-Dimethylacrylic acid",,,,-1.0,,1,-1,-1,-1
ENSMUSG00000020644-B,"3,4-Dihydroxybenzaldehyde",-1.0,,,-1.0,,1,-1,-1,-1
ENSMUSG00000020644-B,cis-2-Decenoic acid,,,,-1.0,,1,-1,-1,-1
ENSMUSG00000020644-B,"l-Leucine, n-butoxycarbonyl-N-methyl-, hexadecyl ester",,,,1.0,,1,-1,-1,-1
ENSMUSG00000020644-B,L-Val-L-Leu,,-1.0,,-1.0,,1,-1,-1,-1
ENSMUSG00000020644-B,Tyr-Val,,,,1.0,,1,-1,-1,-1
ENSMUSG00000020758-B,"3,4-Dihydroxybenzaldehyde",-1.0,,,-1.0,,1,-1,-1,-1
ENSMUSG00000020758-B,Glabridin,,,,1.0,,1,-1,-1,-1
ENSMUSG00000020758-B,L-Val-L-Leu,,-1.0,,-1.0,,1,-1,-1,-1
ENSMUSG00000020758-B,"N-[(3,4,5-Trimethoxyphenyl)methylidene]hydroxylamine",,1.0,,1.0,,1,-1,-1,-1
ENSMUSG00000020758-B,Sulindac,,-1.0,,-1.0,,1,-1,-1,-1
ENSMUSG00000020758-B,Tyr-Val,,,,1.0,,1,-1,-1,-1
ENSMUSG00000020905-B,"1,2-Cinnolinedicarboxylic acid, 1,2,3,5,6,7,8,8a-octahydro-4-trimethylsilyloxy-, diethyl ester",,,,1.0,,1,-1,-1,-1
ENSMUSG00000020905-B,"13-Docosenamide, (Z)",,1.0,,1.0,,1,-1,-1,-1
ENSMUSG00000020905-B,2-Aminoquinolin-8-ol,,,,1.0,,1,-1,-1,-1
ENSMUSG00000020905-B,"3-Hydroxy-7,3',4',5'-tetramethoxyflavone",,,,-1.0,,1,-1,-1,-1
ENSMUSG00000020905-B,cis-2-Decenoic acid,,,,-1.0,,1,-1,-1,-1
ENSMUSG00000020905-B,L-(+)-Threose,,1.0,,1.0,,1,-1,-1,-1
ENSMUSG00000020905-B,Tyr-Val,,,,-1.0,,1,-1,-1,-1
ENSMUSG00000020917-B,"(9H-fluoren-9-yl)methanol, O-methoxycarbonyl-",-0.5,-0.8986451052612952,-1.0,-0.824566479341442,,1,-1,-1,-1
ENSMUSG00000020917-B,"1,2-Bis(trimethylsiloxy)cyclohexene",,,,1.0,,1,-1,-1,-1
ENSMUSG00000020917-B,"2-Allyl-1,4-dimethoxybenzene",-1.0,-0.7714285714285715,-0.8660254037844387,-0.8662186627009184,-1.0,1,1,1,1
ENSMUSG00000020917-B,2-Aminoquinolin-8-ol,,,,1.0,,1,-1,-1,-1
ENSMUSG00000020917-B,"3,4-Dihydroxybenzaldehyde",-1.0,,,-1.0,,1,-1,-1,-1
ENSMUSG00000020917-B,L-(+)-Threose,,1.0,,1.0,,1,-1,-1,-1
ENSMUSG00000020917-B,L-Val-L-Leu,,-1.0,,-1.0,,1,-1,-1,-1
ENSMUSG00000020917-B,"Phenol, 2,4-bis(1-methyl-1-phenylethyl)-",-1.0,-0.6,-1.0,-0.8826633501063164,-1.0,1,1,1,1
ENSMUSG00000020917-B,Tyr-Val,,,,1.0,,1,-1,-1,-1
ENSMUSG00000020963-B,"2-Allyl-1,4-dimethoxybenzene",1.0,0.6982532518267538,0.8660254037844387,0.892524716760131,-1.0,1,-1,-1,-1
ENSMUSG00000020963-B,"3,4-Dihydroxybenzaldehyde",1.0,,,1.0,,1,-1,-1,-1
ENSMUSG00000020963-B,"Benzene, 1-ethyl-3,5-dimethyl",,,,-1.0,,1,-1,-1,-1
ENSMUSG00000020963-B,Diclofenac,,,,1.0,,1,-1,-1,-1
ENSMUSG00000020963-B,"N-[(3,4,5-Trimethoxyphenyl)methylidene]hydroxylamine",,-1.0,,-1.0,,1,-1,-1,-1
ENSMUSG00000020963-B,Octadecanoic acid,,,,1.0,,1,-1,-1,-1
ENSMUSG00000020963-B,Tyr-Val,,,,-1.0,,1,-1,-1,-1
ENSMUSG00000021044-B,"1,2-Bis(trimethylsiloxy)cyclohexene",,,,-1.0,,1,-1,-1,-1
ENSMUSG00000021044-B,"1,2-Cyclohexanediol, (Z)",,-0.8986451052612952,-1.0,-0.855855407918109,,1,-1,-1,-1
ENSMUSG00000021044-B,2-Aminoquinolin-8-ol,,,,1.0,,1,-1,-1,-1
ENSMUSG00000021044-B,"2-Methylcyclohexanol, (Z)",-0.5,-0.753702346348183,-0.8660254037844387,-0.8516379587519646,,1,-1,-1,-1
ENSMUSG00000021044-B,"3,3-Dimethylacrylic acid",,,,1.0,,1,-1,-1,-1
ENSMUSG00000021044-B,"3-Hydroxy-7,3',4',5'-tetramethoxyflavone",,,,-1.0,,1,-1,-1,-1
ENSMUSG00000021044-B,Chlorobenzilate,,,,-1.0,,1,-1,-1,-1
ENSMUSG00000021044-B,cis-2-Decenoic acid,,,,-1.0,,1,-1,-1,-1
ENSMUSG00000021125-B,"13-Docosenamide, (Z)",,-1.0,,-1.0,,1,-1,-1,-1
ENSMUSG00000021125-B,2-Norbornanemethanol,,,,-1.0,,1,-1,-1,-1
ENSMUSG00000021125-B,"3-Hydroxy-7,3',4',5'-tetramethoxyflavone",,,,1.0,,1,-1,-1,-1
ENSMUSG00000021125-B,Isosorbide,1.0,,,1.0,,1,-1,-1,-1
ENSMUSG00000021125-B,Luciferin,,,,1.0,,1,-1,-1,-1
ENSMUSG00000021483-B,2-Aminoquinolin-8-ol,,,,1.0,,1,-1,-1,-1
ENSMUSG00000021483-B,"3,4-Dihydroxybenzaldehyde",-1.0,,,-1.0,,1,-1,-1,-1
ENSMUSG00000021483-B,Chlorobenzilate,,,,-1.0,,1,-1,-1,-1
ENSMUSG00000021483-B,L-(+)-Threose,,-1.0,,-1.0,,1,-1,-1,-1
ENSMUSG00000021483-B,Tyr-Val,,,,1.0,,1,-1,-1,-1
ENSMUSG00000021607-B,"(2R)-Pyrrolidine-1,2-dicarboxylic acid, bis(tert-butyldimethylsilyl) ester",-0.5,-0.8696565534786727,-1.0,-0.8931712471313915,,1,-1,-1,-1
ENSMUSG00000021607-B,"1,2-Bis(trimethylsiloxy)cyclohexene",,,,-1.0,,1,-1,-1,-1
ENSMUSG00000021607-B,2-Aminoquinolin-8-ol,,,,1.0,,1,-1,-1,-1
ENSMUSG00000021607-B,Chlorobenzilate,,,,-1.0,,1,-1,-1,-1
ENSMUSG00000021607-B,L-(+)-Threose,,-1.0,,-1.0,,1,-1,-1,-1
ENSMUSG00000021607-B,Octacosanol,,-0.7999999999999999,,-0.9549937104572924,,1,-1,-1,-1
ENSMUSG00000021607-B,Octadecanoic acid,,,,-1.0,,1,-1,-1,-1
ENSMUSG00000021607-B,Sulindac,,-1.0,,-1.0,,1,-1,-1,-1
ENSMUSG00000021661-B,"2,4-Dimethoxybenzaldoxime",,,,-1.0,,1,-1,-1,-1
ENSMUSG00000021661-B,2-Aminoquinolin-8-ol,,,,1.0,,1,-1,-1,-1
ENSMUSG00000021661-B,2-Butoxyethanol,-0.5,-0.8285714285714287,-0.5,-0.8686528207395494,1.0,1,-1,-1,-1
ENSMUSG00000021661-B,"3,4-Dihydroxybenzaldehyde",-1.0,,,-1.0,,1,-1,-1,-1
ENSMUSG00000021661-B,7-Hydroxy-4-(methoxymethyl)coumarin,,-1.0,,-1.0,,1,-1,-1,-1
ENSMUSG00000021661-B,cis-2-Decenoic acid,,,,-1.0,,1,-1,-1,-1
ENSMUSG00000021661-B,L-(+)-Threose,,-1.0,,-1.0,,1,-1,-1,-1
ENSMUSG00000021661-B,Luciferin,,,,-1.0,,1,-1,-1,-1
ENSMUSG00000021786-B,2-Aminoquinolin-8-ol,,,,1.0,,1,-1,-1,-1
ENSMUSG00000021786-B,"3-Hydroxy-7,3',4',5'-tetramethoxyflavone",,,,-1.0,,1,-1,-1,-1
ENSMUSG00000021786-B,3-Methyl-3-buten-1-ol,,1.0,,0.9518763181059628,,1,-1,-1,-1
ENSMUSG00000021786-B,cis-2-Decenoic acid,,,,-1.0,,1,-1,-1,-1
ENSMUSG00000021786-B,L-(+)-Threose,,1.0,,1.0,,1,-1,-1,-1
ENSMUSG00000021786-B,L-Val-L-Leu,,-1.0,,-1.0,,1,-1,-1,-1
ENSMUSG00000021786-B,Tyr-Val,,,,-1.0,,1,-1,-1,-1
ENSMUSG00000021843-B,"1,2-Bis(trimethylsiloxy)cyclohexene",,,,1.0,,1,-1,-1,-1
ENSMUSG00000021843-B,"1,2-Cinnolinedicarboxylic acid, 1,2,3,5,6,7,8,8a-octahydro-4-trimethylsilyloxy-, diethyl ester",,,,1.0,,1,-1,-1,-1
ENSMUSG00000021843-B,"2,4-Dimethoxybenzaldoxime",,,,1.0,,1,-1,-1,-1
ENSMUSG00000021843-B,cis-2-Decenoic acid,,,,-1.0,,1,-1,-1,-1
ENSMUSG00000021843-B,L-(+)-Threose,,-1.0,,-1.0,,1,-1,-1,-1
ENSMUSG00000021843-B,"N-[(3,4,5-Trimethoxyphenyl)methylidene]hydroxylamine",,-1.0,,-1.0,,1,-1,-1,-1
ENSMUSG00000021843-B,Octadecanoic acid,,,,1.0,,1,-1,-1,-1
ENSMUSG00000021903-B,"1,2-Cinnolinedicarboxylic acid, 1,2,3,5,6,7,8,8a-octahydro-4-trimethylsilyloxy-, diethyl ester",,,,-1.0,,1,-1,-1,-1
ENSMUSG00000021903-B,"13-Docosenamide, (Z)",,1.0,,1.0,,1,-1,-1,-1
ENSMUSG00000021903-B,2-Aminoquinolin-8-ol,,,,1.0,,1,-1,-1,-1
ENSMUSG00000021903-B,"3,4-Dihydroxybenzaldehyde",-1.0,,,-1.0,,1,-1,-1,-1
ENSMUSG00000021903-B,cis-2-Decenoic acid,,,,-1.0,,1,-1,-1,-1
ENSMUSG00000021903-B,"l-Leucine, n-butoxycarbonyl-N-methyl-, hexadecyl ester",,,,1.0,,1,-1,-1,-1
ENSMUSG00000021948-B,"2,4-Dimethoxybenzaldoxime",,,,1.0,,1,-1,-1,-1
ENSMUSG00000021948-B,2-Aminoquinolin-8-ol,,,,1.0,,1,-1,-1,-1
ENSMUSG00000021948-B,cis-2-Decenoic acid,,,,-1.0,,1,-1,-1,-1
ENSMUSG00000021948-B,Isosorbide,1.0,,,1.0,,1,-1,-1,-1
ENSMUSG00000021948-B,L-Val-L-Leu,,-1.0,,-1.0,,1,-1,-1,-1
ENSMUSG00000022132-B,"(2R)-Pyrrolidine-1,2-dicarboxylic acid, bis(tert-butyldimethylsilyl) ester",0.5,-0.9856107606091624,-1.0,-0.8161133356141735,,1,-1,-1,-1
ENSMUSG00000022132-B,"1,2-Bis(trimethylsiloxy)cyclohexene",,,,-1.0,,1,-1,-1,-1
ENSMUSG00000022132-B,"13-Docosenamide, (Z)",,-1.0,,-1.0,,1,-1,-1,-1
ENSMUSG00000022132-B,"3,3-Dimethylacrylic acid",,,,1.0,,1,-1,-1,-1
ENSMUSG00000022132-B,"3,4-Dihydroxybenzaldehyde",-1.0,,,-1.0,,1,-1,-1,-1
ENSMUSG00000022132-B,7-Hydroxy-4-(methoxymethyl)coumarin,,-1.0,,-1.0,,1,-1,-1,-1
ENSMUSG00000022132-B,Chlorobenzilate,,,,-1.0,,1,-1,-1,-1
ENSMUSG00000022132-B,L-(+)-Threose,,-1.0,,-1.0,,1,-1,-1,-1
ENSMUSG00000022132-B,L-Ornithine,,,,1.0,,1,-1,-1,-1
ENSMUSG00000022132-B,Octadecanoic acid,,,,-1.0,,1,-1,-1,-1
ENSMUSG00000022148-B,"1,2-Cinnolinedicarboxylic acid, 1,2,3,5,6,7,8,8a-octahydro-4-trimethylsilyloxy-, diethyl ester",,,,1.0,,1,-1,-1,-1
ENSMUSG00000022148-B,2-Aminoquinolin-8-ol,,,,-1.0,,1,-1,-1,-1
ENSMUSG00000022148-B,"4,5-Dihydro-1H-pyrazole",,,,-1.0,,1,-1,-1,-1
ENSMUSG00000022148-B,Chlorobenzilate,,,,1.0,,1,-1,-1,-1
ENSMUSG00000022148-B,Isosorbide,-1.0,,,-1.0,,1,-1,-1,-1
ENSMUSG00000022148-B,L-(+)-Threose,,-1.0,,-1.0,,1,-1,-1,-1
ENSMUSG00000022148-B,"N-[(3,4,5-Trimethoxyphenyl)methylidene]hydroxylamine",,-1.0,,-1.0,,1,-1,-1,-1
ENSMUSG00000022148-B,Tyr-Val,,,,1.0,,1,-1,-1,-1
ENSMUSG00000022468-B,"1,2-Bis(trimethylsiloxy)cyclohexene",,,,1.0,,1,-1,-1,-1
ENSMUSG00000022468-B,"1,2-Cinnolinedicarboxylic acid, 1,2,3,5,6,7,8,8a-octahydro-4-trimethylsilyloxy-, diethyl ester",,,,-1.0,,1,-1,-1,-1
ENSMUSG00000022468-B,2-Aminoquinolin-8-ol,,,,1.0,,1,-1,-1,-1
ENSMUSG00000022468-B,2-Norbornanemethanol,,,,-1.0,,1,-1,-1,-1
ENSMUSG00000022468-B,"3,4-Dihydroxybenzaldehyde",-1.0,,,-1.0,,1,-1,-1,-1
ENSMUSG00000022468-B,7-Hydroxy-4-(methoxymethyl)coumarin,,-1.0,,-1.0,,1,-1,-1,-1
ENSMUSG00000022468-B,L-Val-L-Leu,,-1.0,,-1.0,,1,-1,-1,-1
ENSMUSG00000022505-B,"1,2-Cinnolinedicarboxylic acid, 1,2,3,5,6,7,8,8a-octahydro-4-trimethylsilyloxy-, diethyl ester",,,,1.0,,1,-1,-1,-1
ENSMUSG00000022505-B,"2,4,4'-Trihydroxybenzophenone",-0.5,-0.7714285714285715,-1.0,-0.8421104469870047,,1,-1,-1,-1
ENSMUSG00000022505-B,2-Aminoquinolin-8-ol,,,,-1.0,,1,-1,-1,-1
ENSMUSG00000022505-B,"3,4-Dihydroxybenzaldehyde",-1.0,,,-1.0,,1,-1,-1,-1
ENSMUSG00000022505-B,"3-Hydroxy-7,3',4',5'-tetramethoxyflavone",,,,1.0,,1,-1,-1,-1
ENSMUSG00000022505-B,L-(+)-Threose,,-1.0,,-1.0,,1,-1,-1,-1
ENSMUSG00000022505-B,L-Val-L-Leu,,-1.0,,-1.0,,1,-1,-1,-1
ENSMUSG00000022505-B,Tyr-Val,,,,1.0,,1,-1,-1,-1
ENSMUSG00000022505-B,Xylazine,-1.0,-0.7142857142857143,-1.0,-0.8260220258923994,-1.0,1,1,1,1
ENSMUSG00000022674-B,"1,2-Bis(trimethylsiloxy)cyclohexene",,,,-1.0,,1,-1,-1,-1
ENSMUSG00000022674-B,"1,2-Cinnolinedicarboxylic acid, 1,2,3,5,6,7,8,8a-octahydro-4-trimethylsilyloxy-, diethyl ester",,,,-1.0,,1,-1,-1,-1
ENSMUSG00000022674-B,"3-Hydroxy-7,3',4',5'-tetramethoxyflavone",,,,-1.0,,1,-1,-1,-1
ENSMUSG00000022674-B,4-tert-Butyldimethylsiloxy-3-penten-2-one,,-1.0,,-1.0,,1,-1,-1,-1
ENSMUSG00000022674-B,Glycine,-1.0,-0.7826908981308054,-0.5,-0.8596544146325672,1.0,1,-1,-1,-1
ENSMUSG00000022674-B,Isosorbide,-1.0,,,-1.0,,1,-1,-1,-1
ENSMUSG00000022674-B,L-Val-L-Leu,,-1.0,,-1.0,,1,-1,-1,-1
ENSMUSG00000022674-B,"N-[(3,4,5-Trimethoxyphenyl)methylidene]hydroxylamine",,-1.0,,-1.0,,1,-1,-1,-1
ENSMUSG00000022674-B,Octadecanoic acid,,,,-1.0,,1,-1,-1,-1
ENSMUSG00000022718-B,"3,4-Dihydroxybenzaldehyde",1.0,,,1.0,,1,-1,-1,-1
ENSMUSG00000022718-B,"3-Hydroxy-7,3',4',5'-tetramethoxyflavone",,,,-1.0,,1,-1,-1,-1
ENSMUSG00000022718-B,"Benzene, 1-ethyl-3,5-dimethyl",,,,1.0,,1,-1,-1,-1
ENSMUSG00000022718-B,L-Val-L-Leu,,1.0,,1.0,,1,-1,-1,-1
ENSMUSG00000022718-B,"N-[(3,4,5-Trimethoxyphenyl)methylidene]hydroxylamine",,1.0,,1.0,,1,-1,-1,-1
ENSMUSG00000022718-B,Tyr-Val,,,,-1.0,,1,-1,-1,-1
ENSMUSG00000022765-B,"1,2-Bis(trimethylsiloxy)cyclohexene",,,,1.0,,1,-1,-1,-1
ENSMUSG00000022765-B,"13-Docosenamide, (Z)",,1.0,,1.0,,1,-1,-1,-1
ENSMUSG00000022765-B,"3-Hydroxy-7,3',4',5'-tetramethoxyflavone",,,,1.0,,1,-1,-1,-1
ENSMUSG00000022765-B,cis-2-Decenoic acid,,,,-1.0,,1,-1,-1,-1
ENSMUSG00000022765-B,Luciferin,,,,-1.0,,1,-1,-1,-1
ENSMUSG00000022789-B,"1,2-Cinnolinedicarboxylic acid, 1,2,3,5,6,7,8,8a-octahydro-4-trimethylsilyloxy-, diethyl ester",,,,-1.0,,1,-1,-1,-1
ENSMUSG00000022789-B,"3,4-Dihydroxybenzaldehyde",1.0,,,1.0,,1,-1,-1,-1
ENSMUSG00000022789-B,"3-Hydroxy-7,3',4',5'-tetramethoxyflavone",,,,-1.0,,1,-1,-1,-1
ENSMUSG00000022789-B,4-Methylvaleric acid,1.0,0.7,1.0,0.8909090909090911,,1,-1,-1,-1
ENSMUSG00000022789-B,cis-2-Decenoic acid,,,,-1.0,,1,-1,-1,-1
ENSMUSG00000022789-B,L-Val-L-Leu,,-1.0,,-1.0,,1,-1,-1,-1
ENSMUSG00000022789-B,Tyr-Val,,,,-1.0,,1,-1,-1,-1
ENSMUSG00000022790-B,"1,2-Bis(trimethylsiloxy)cyclohexene",,,,1.0,,1,-1,-1,-1
ENSMUSG00000022790-B,"13-Docosenamide, (Z)",,-1.0,,-1.0,,1,-1,-1,-1
ENSMUSG00000022790-B,"3,4-Dihydroxybenzaldehyde",1.0,,,1.0,,1,-1,-1,-1
ENSMUSG00000022790-B,"3-Hydroxy-7,3',4',5'-tetramethoxyflavone",,,,-1.0,,1,-1,-1,-1
ENSMUSG00000022790-B,Octadecanoic acid,,,,1.0,,1,-1,-1,-1
ENSMUSG00000022790-B,Palmitic Acid,1.0,1.0,,0.95,,1,-1,-1,-1
ENSMUSG00000022855-B,"1,2-Cinnolinedicarboxylic acid, 1,2,3,5,6,7,8,8a-octahydro-4-trimethylsilyloxy-, diethyl ester",,,,-1.0,,1,-1,-1,-1
ENSMUSG00000022855-B,"13-Docosenamide, (Z)",,1.0,,1.0,,1,-1,-1,-1
ENSMUSG00000022855-B,2-Aminoquinolin-8-ol,,,,1.0,,1,-1,-1,-1
ENSMUSG00000022855-B,2-Norbornanemethanol,,,,-1.0,,1,-1,-1,-1
ENSMUSG00000022855-B,7-Hydroxy-4-(methoxymethyl)coumarin,,-1.0,,-1.0,,1,-1,-1,-1
ENSMUSG00000022855-B,cis-2-Decenoic acid,,,,-1.0,,1,-1,-1,-1
ENSMUSG00000022855-B,Isosorbide,1.0,,,1.0,,1,-1,-1,-1
ENSMUSG00000022863-B,"2,4-Dimethoxybenzaldoxime",,,,-1.0,,1,-1,-1,-1
ENSMUSG00000022863-B,Isosorbide,-1.0,,,-1.0,,1,-1,-1,-1
ENSMUSG00000022863-B,"N-[(3,4,5-Trimethoxyphenyl)methylidene]hydroxylamine",,-1.0,,-1.0,,1,-1,-1,-1
ENSMUSG00000022876-B,"1,2-Bis(trimethylsiloxy)cyclohexene",,,,-1.0,,1,-1,-1,-1
ENSMUSG00000022876-B,2-Aminoquinolin-8-ol,,,,1.0,,1,-1,-1,-1
ENSMUSG00000022876-B,"3,4-Dihydroxybenzaldehyde",-1.0,,,-1.0,,1,-1,-1,-1
ENSMUSG00000022876-B,7-Hydroxy-4-(methoxymethyl)coumarin,,-1.0,,-1.0,,1,-1,-1,-1
ENSMUSG00000022876-B,"N-[(3,4,5-Trimethoxyphenyl)methylidene]hydroxylamine",,-1.0,,-1.0,,1,-1,-1,-1
ENSMUSG00000022876-B,Octadecanoic acid,,,,-1.0,,1,-1,-1,-1
ENSMUSG00000023186-B,"13-Docosenamide, (Z)",,-1.0,,-1.0,,1,-1,-1,-1
ENSMUSG00000023186-B,"2,4-Dimethoxybenzaldoxime",,,,-1.0,,1,-1,-1,-1
ENSMUSG00000023186-B,2-Aminoquinolin-8-ol,,,,-1.0,,1,-1,-1,-1
ENSMUSG00000023186-B,"2-Cyclohexen-1-one, 3-methyl-",-1.0,-0.7142857142857143,-0.5,-0.8161133356141735,-1.0,1,1,1,1
ENSMUSG00000023186-B,"Benzene, 1-ethyl-3,5-dimethyl",,,,-1.0,,1,-1,-1,-1
ENSMUSG00000023186-B,Chlorobenzilate,,,,-1.0,,1,-1,-1,-1
ENSMUSG00000023186-B,cis-2-Decenoic acid,,,,1.0,,1,-1,-1,-1
ENSMUSG00000023186-B,Isosorbide,1.0,,,1.0,,1,-1,-1,-1
ENSMUSG00000023186-B,L-(+)-Threose,,-1.0,,-1.0,,1,-1,-1,-1
ENSMUSG00000023186-B,Luciferin,,,,1.0,,1,-1,-1,-1
ENSMUSG00000023186-B,Octadecanoic acid,,,,1.0,,1,-1,-1,-1
ENSMUSG00000023707-B,"1,2-Bis(trimethylsiloxy)cyclohexene",,,,1.0,,1,-1,-1,-1
ENSMUSG00000023707-B,"1,2-Cinnolinedicarboxylic acid, 1,2,3,5,6,7,8,8a-octahydro-4-trimethylsilyloxy-, diethyl ester",,,,-1.0,,1,-1,-1,-1
ENSMUSG00000023707-B,"13-Docosenamide, (Z)",,-1.0,,-1.0,,1,-1,-1,-1
ENSMUSG00000023707-B,"2,4-Imidazolidinedione, 5,5-dimethyl",1.0,0.8116794499134279,0.5,0.8736895887490173,1.0,1,1,1,1
ENSMUSG00000023707-B,2-Norbornanemethanol,,,,-1.0,,1,-1,-1,-1
ENSMUSG00000023707-B,"3,4-Dihydroxybenzaldehyde",1.0,,,1.0,,1,-1,-1,-1
ENSMUSG00000023707-B,"3-Hydroxy-7,3',4',5'-tetramethoxyflavone",,,,-1.0,,1,-1,-1,-1
ENSMUSG00000023707-B,Diclofenac,,,,1.0,,1,-1,-1,-1
ENSMUSG00000023707-B,"Kojic acid, bis(tert-butyldimethylsilyl) ether",1.0,0.8285714285714287,0.5,0.8741258741258742,1.0,1,1,1,1
ENSMUSG00000023707-B,L-Serine,1.0,,,1.0,,1,-1,-1,-1
ENSMUSG00000023707-B,Octadecanoic acid,,,,1.0,,1,-1,-1,-1
ENSMUSG00000023707-B,Tyr-Val,,,,-1.0,,1,-1,-1,-1
ENSMUSG00000023960-B,"13-Docosenamide, (Z)",,-1.0,,-1.0,,1,-1,-1,-1
ENSMUSG00000023960-B,2-Aminoquinolin-8-ol,,,,1.0,,1,-1,-1,-1
ENSMUSG00000023960-B,"3,4-Dihydroxybenzaldehyde",1.0,,,1.0,,1,-1,-1,-1
ENSMUSG00000023960-B,"3-Hydroxy-7,3',4',5'-tetramethoxyflavone",,,,-1.0,,1,-1,-1,-1
ENSMUSG00000023960-B,"4,5-Dihydro-1H-pyrazole",,,,1.0,,1,-1,-1,-1
ENSMUSG00000023960-B,7-Hydroxy-4-(methoxymethyl)coumarin,,-1.0,,-1.0,,1,-1,-1,-1
ENSMUSG00000023960-B,L-(+)-Threose,,-1.0,,-1.0,,1,-1,-1,-1
ENSMUSG00000023960-B,Luciferin,,,,-1.0,,1,-1,-1,-1
ENSMUSG00000023960-B,Octacosanol,,-0.7999999999999999,,-0.9549937104572924,,1,-1,-1,-1
ENSMUSG00000023960-B,Sulindac,,-1.0,,-1.0,,1,-1,-1,-1
ENSMUSG00000023960-B,Tyr-Val,,,,-1.0,,1,-1,-1,-1
ENSMUSG00000024140-B,"1,2-Bis(trimethylsiloxy)cyclohexene",,,,1.0,,1,-1,-1,-1
ENSMUSG00000024140-B,3-(4-Methoxyphenyl)coumarin,,1.0,,1.0,,1,-1,-1,-1
ENSMUSG00000024140-B,"3,4-Dihydroxybenzaldehyde",-1.0,,,-1.0,,1,-1,-1,-1
ENSMUSG00000024140-B,Chlorobenzilate,,,,1.0,,1,-1,-1,-1
ENSMUSG00000024140-B,L-(+)-Threose,,-1.0,,-1.0,,1,-1,-1,-1
ENSMUSG00000024164-B,"1-(2,5-Dimethoxyphenyl)-1-[(trimethylsilyl)oxy]propan-2-amine",1.0,0.8986451052612952,0.5,0.8359905377283482,,1,-1,-1,-1
ENSMUSG00000024164-B,"13-Docosenamide, (Z)",,-1.0,,-1.0,,1,-1,-1,-1
ENSMUSG00000024164-B,"3,3-Dimethylacrylic acid",,,,-1.0,,1,-1,-1,-1
ENSMUSG00000024164-B,"3-Hydroxy-7,3',4',5'-tetramethoxyflavone",,,,1.0,,1,-1,-1,-1
ENSMUSG00000024164-B,"4,5-Dihydro-1H-pyrazole",,,,-1.0,,1,-1,-1,-1
ENSMUSG00000024172-B,3-(4-Methoxyphenyl)coumarin,,1.0,,1.0,,1,-1,-1,-1
ENSMUSG00000024172-B,cis-2-Decenoic acid,,,,-1.0,,1,-1,-1,-1
ENSMUSG00000024172-B,Glabridin,,,,1.0,,1,-1,-1,-1
ENSMUSG00000024172-B,Isosorbide,1.0,,,1.0,,1,-1,-1,-1
ENSMUSG00000024172-B,L-(+)-Threose,,-1.0,,-1.0,,1,-1,-1,-1
ENSMUSG00000024172-B,L-Val-L-Leu,,-1.0,,-1.0,,1,-1,-1,-1
ENSMUSG00000024172-B,Octadecanoic acid,,,,1.0,,1,-1,-1,-1
ENSMUSG00000024172-B,Tyr-Val,,,,-1.0,,1,-1,-1,-1
ENSMUSG00000024220-B,1-Butanol,,,,-0.9856107606091624,,1,-1,-1,-1
ENSMUSG00000024220-B,2-Norbornanemethanol,,,,-1.0,,1,-1,-1,-1
ENSMUSG00000024220-B,"Benzene, 1-ethyl-3,5-dimethyl",,,,-1.0,,1,-1,-1,-1
ENSMUSG00000024220-B,cis-2-Decenoic acid,,,,-1.0,,1,-1,-1,-1
ENSMUSG00000024220-B,"N-[(3,4,5-Trimethoxyphenyl)methylidene]hydroxylamine",,-1.0,,-1.0,,1,-1,-1,-1
ENSMUSG00000024325-B,"1,2-Bis(trimethylsiloxy)cyclohexene",,,,1.0,,1,-1,-1,-1
ENSMUSG00000024325-B,"13-Docosenamide, (Z)",,1.0,,1.0,,1,-1,-1,-1
ENSMUSG00000024325-B,"2,4-Dimethoxybenzaldoxime",,,,1.0,,1,-1,-1,-1
ENSMUSG00000024325-B,"Benzene, 1-ethyl-3,5-dimethyl",,,,1.0,,1,-1,-1,-1
ENSMUSG00000024325-B,Isosorbide,-1.0,,,-1.0,,1,-1,-1,-1
ENSMUSG00000024325-B,Luciferin,,,,-1.0,,1,-1,-1,-1
ENSMUSG00000024500-B,"3,4-Dihydroxybenzaldehyde",1.0,,,1.0,,1,-1,-1,-1
ENSMUSG00000024500-B,cis-2-Decenoic acid,,,,-1.0,,1,-1,-1,-1
ENSMUSG00000024500-B,L-(+)-Threose,,-1.0,,-1.0,,1,-1,-1,-1
ENSMUSG00000024500-B,Tyr-Val,,,,-1.0,,1,-1,-1,-1
ENSMUSG00000024570-B,"13-Docosenamide, (Z)",,-1.0,,-1.0,,1,-1,-1,-1
ENSMUSG00000024570-B,"3,3-Dimethylacrylic acid",,,,1.0,,1,-1,-1,-1
ENSMUSG00000024570-B,"4,5-Dihydro-1H-pyrazole",,,,1.0,,1,-1,-1,-1
ENSMUSG00000024570-B,Isosorbide,1.0,,,1.0,,1,-1,-1,-1
ENSMUSG00000024570-B,L-Val-L-Leu,,1.0,,1.0,,1,-1,-1,-1
ENSMUSG00000024570-B,Tyr-Val,,,,-1.0,,1,-1,-1,-1
ENSMUSG00000024576-B,"1,2-Cinnolinedicarboxylic acid, 1,2,3,5,6,7,8,8a-octahydro-4-trimethylsilyloxy-, diethyl ester",,,,1.0,,1,-1,-1,-1
ENSMUSG00000024576-B,"Benzoic acid, methyl ester",-0.5,-0.8857142857142858,-1.0,-0.8181818181818183,,1,-1,-1,-1
ENSMUSG00000024576-B,L-(+)-Threose,,-1.0,,-1.0,,1,-1,-1,-1
ENSMUSG00000024620-B,"13-Docosenamide, (Z)",,-1.0,,-1.0,,1,-1,-1,-1
ENSMUSG00000024620-B,2-Norbornanemethanol,,,,1.0,,1,-1,-1,-1
ENSMUSG00000024620-B,"3,4-Dihydroxybenzaldehyde",-1.0,,,-1.0,,1,-1,-1,-1
ENSMUSG00000024620-B,8-Methylnonanoic acid,-1.0,-0.8116794499134279,-1.0,-0.8421104469870047,1.0,1,-1,-1,-1
ENSMUSG00000024620-B,Lupinine,,-1.0,,-0.9642857142857144,,1,-1,-1,-1
ENSMUSG00000024620-B,Tyr-Val,,,,1.0,,1,-1,-1,-1
ENSMUSG00000025134-B,"1-(2,4-Dimethoxyphenyl)-propan-2-one",-1.0,-0.1118033988749894,-0.5,-0.862421616015649,-1.0,1,1,1,1
ENSMUSG00000025134-B,"1,2-Bis(trimethylsiloxy)cyclohexene",,,,-1.0,,1,-1,-1,-1
ENSMUSG00000025134-B,"2,4-Dimethoxybenzaldoxime",,,,1.0,,1,-1,-1,-1
ENSMUSG00000025134-B,Chlorobenzilate,,,,-1.0,,1,-1,-1,-1
ENSMUSG00000025134-B,Diclofenac,,,,-1.0,,1,-1,-1,-1
ENSMUSG00000025134-B,Isosorbide,1.0,,,1.0,,1,-1,-1,-1
ENSMUSG00000025134-B,L-Val-L-Leu,,1.0,,1.0,,1,-1,-1,-1
ENSMUSG00000025134-B,"N-[(3,4,5-Trimethoxyphenyl)methylidene]hydroxylamine",,-1.0,,-1.0,,1,-1,-1,-1
ENSMUSG00000025134-B,tert-butyl(dimethyl)silyl-2-([tert-butyl(dimethyl)silyl]oxy)hex-2-enoate,,1.0,,1.0,,1,-1,-1,-1
ENSMUSG00000025340-B,2-Aminoquinolin-8-ol,,,,1.0,,1,-1,-1,-1
ENSMUSG00000025340-B,"3-Hydroxy-7,3',4',5'-tetramethoxyflavone",,,,-1.0,,1,-1,-1,-1
ENSMUSG00000025340-B,"Benzene, 1-ethyl-3,5-dimethyl",,,,1.0,,1,-1,-1,-1
ENSMUSG00000025340-B,cis-2-Decenoic acid,,,,-1.0,,1,-1,-1,-1
ENSMUSG00000025340-B,Formamide,-0.5,-0.9856107606091624,-1.0,-0.8476030024285035,1.0,1,-1,-1,-1
ENSMUSG00000025340-B,L-(+)-Threose,,1.0,,1.0,,1,-1,-1,-1
ENSMUSG00000025340-B,L-Val-L-Leu,,-1.0,,-1.0,,1,-1,-1,-1
ENSMUSG00000025354-B,"(2R)-Pyrrolidine-1,2-dicarboxylic acid, bis(tert-butyldimethylsilyl) ester",0.5,-0.9276336570439176,-1.0,-0.8616475560561659,,1,-1,-1,-1
ENSMUSG00000025354-B,"1,2-Bis(trimethylsiloxy)cyclohexene",,,,-1.0,,1,-1,-1,-1
ENSMUSG00000025354-B,"3,4-Dihydroxybenzaldehyde",-1.0,,,-1.0,,1,-1,-1,-1
ENSMUSG00000025354-B,7-Hydroxy-4-(methoxymethyl)coumarin,,-1.0,,-1.0,,1,-1,-1,-1
ENSMUSG00000025354-B,Chlorobenzilate,,,,-1.0,,1,-1,-1,-1
ENSMUSG00000025354-B,Iminodiacetic acid,-0.5,-0.8986451052612952,-0.5,-0.8315840663996671,-1.0,1,1,1,1
ENSMUSG00000025354-B,L-(+)-Threose,,-1.0,,-1.0,,1,-1,-1,-1
ENSMUSG00000025354-B,L-Ornithine,,,,1.0,,1,-1,-1,-1
ENSMUSG00000025354-B,Octadecanoic acid,,,,-1.0,,1,-1,-1,-1
ENSMUSG00000025355-B,"3,4-Dihydroxybenzaldehyde",-1.0,,,-1.0,,1,-1,-1,-1
ENSMUSG00000025355-B,cis-2-Decenoic acid,,,,-1.0,,1,-1,-1,-1
ENSMUSG00000025355-B,"N-[(3,4,5-Trimethoxyphenyl)methylidene]hydroxylamine",,-1.0,,-1.0,,1,-1,-1,-1
ENSMUSG00000025372-B,"1,2-Bis(trimethylsiloxy)cyclohexene",,,,-1.0,,1,-1,-1,-1
ENSMUSG00000025372-B,"1,2-Cinnolinedicarboxylic acid, 1,2,3,5,6,7,8,8a-octahydro-4-trimethylsilyloxy-, diethyl ester",,,,-1.0,,1,-1,-1,-1
ENSMUSG00000025372-B,"13-Docosenamide, (Z)",,1.0,,1.0,,1,-1,-1,-1
ENSMUSG00000025372-B,2-Norbornanemethanol,,,,-1.0,,1,-1,-1,-1
ENSMUSG00000025372-B,"3,4-Dihydroxybenzaldehyde",1.0,,,1.0,,1,-1,-1,-1
ENSMUSG00000025372-B,Phenol,-1.0,-0.6,-1.0,-0.9339431975353206,,1,-1,-1,-1
ENSMUSG00000025372-B,Tyr-Val,,,,-1.0,,1,-1,-1,-1
ENSMUSG00000025466-B,"Benzene, 1-ethyl-3,5-dimethyl",,,,1.0,,1,-1,-1,-1
ENSMUSG00000025466-B,cis-2-Decenoic acid,,,,-1.0,,1,-1,-1,-1
ENSMUSG00000025466-B,L-(+)-Threose,,1.0,,1.0,,1,-1,-1,-1
ENSMUSG00000025466-B,Tyr-Val,,,,1.0,,1,-1,-1,-1
ENSMUSG00000025510-B,"1,2-Cinnolinedicarboxylic acid, 1,2,3,5,6,7,8,8a-octahydro-4-trimethylsilyloxy-, diethyl ester",,,,-1.0,,1,-1,-1,-1
ENSMUSG00000025510-B,2-Buten-1-ol,,,,-1.0,,1,-1,-1,-1
ENSMUSG00000025510-B,2-Norbornanemethanol,,,,-1.0,,1,-1,-1,-1
ENSMUSG00000025510-B,4-tert-Butyldimethylsiloxy-3-penten-2-one,,1.0,,1.0,,1,-1,-1,-1
ENSMUSG00000025510-B,"N-[(3,4,5-Trimethoxyphenyl)methylidene]hydroxylamine",,1.0,,1.0,,1,-1,-1,-1
ENSMUSG00000025510-B,Octacosanol,,-1.0,,-0.9910312089651148,,1,-1,-1,-1
ENSMUSG00000025732-B,3-(4-Methoxyphenyl)coumarin,,-1.0,,-1.0,,1,-1,-1,-1
ENSMUSG00000025732-B,"3-Hydroxy-7,3',4',5'-tetramethoxyflavone",,,,1.0,,1,-1,-1,-1
ENSMUSG00000025732-B,"Benzene, 1-ethyl-3,5-dimethyl",,,,1.0,,1,-1,-1,-1
ENSMUSG00000025732-B,Chlorobenzilate,,,,-1.0,,1,-1,-1,-1
ENSMUSG00000025732-B,L-(+)-Threose,,1.0,,1.0,,1,-1,-1,-1
ENSMUSG00000025732-B,"l-Leucine, n-butoxycarbonyl-N-methyl-, hexadecyl ester",,,,1.0,,1,-1,-1,-1
ENSMUSG00000025825-B,"(2R)-Pyrrolidine-1,2-dicarboxylic acid, bis(tert-butyldimethylsilyl) ester",-0.5,-0.9276336570439176,-0.5,-0.8231186002975568,,1,-1,-1,-1
ENSMUSG00000025825-B,"1,2-Cinnolinedicarboxylic acid, 1,2,3,5,6,7,8,8a-octahydro-4-trimethylsilyloxy-, diethyl ester",,,,-1.0,,1,-1,-1,-1
ENSMUSG00000025825-B,"13-Docosenamide, (Z)",,-1.0,,-1.0,,1,-1,-1,-1
ENSMUSG00000025825-B,2-Aminoquinolin-8-ol,,,,1.0,,1,-1,-1,-1
ENSMUSG00000025825-B,Diclofenac,,,,1.0,,1,-1,-1,-1
ENSMUSG00000025825-B,L-(+)-Threose,,-1.0,,-1.0,,1,-1,-1,-1
ENSMUSG00000025825-B,"l-Leucine, n-butoxycarbonyl-N-methyl-, hexadecyl ester",,,,1.0,,1,-1,-1,-1
ENSMUSG00000025825-B,Synephrine,-0.5,0.753702346348183,0.8660254037844387,0.8456192405161171,,1,-1,-1,-1
ENSMUSG00000025927-B,"1,2-Bis(trimethylsiloxy)cyclohexene",,,,-1.0,,1,-1,-1,-1
ENSMUSG00000025927-B,"13-Docosenamide, (Z)",,1.0,,1.0,,1,-1,-1,-1
ENSMUSG00000025927-B,2-Aminoquinolin-8-ol,,,,1.0,,1,-1,-1,-1
ENSMUSG00000025927-B,"3,3-Dimethylacrylic acid",,,,1.0,,1,-1,-1,-1
ENSMUSG00000025927-B,Chlorobenzilate,,,,-1.0,,1,-1,-1,-1
ENSMUSG00000025927-B,cis-2-Decenoic acid,,,,-1.0,,1,-1,-1,-1
ENSMUSG00000025927-B,Isosorbide,1.0,,,1.0,,1,-1,-1,-1
ENSMUSG00000025937-B,"3,3-Dimethylacrylic acid",,,,-1.0,,1,-1,-1,-1
ENSMUSG00000025937-B,"3-Hydroxy-7,3',4',5'-tetramethoxyflavone",,,,1.0,,1,-1,-1,-1
ENSMUSG00000025937-B,"4,5-Dihydro-1H-pyrazole",,,,-1.0,,1,-1,-1,-1
ENSMUSG00000025937-B,L-Val-L-Leu,,-1.0,,-1.0,,1,-1,-1,-1
ENSMUSG00000025937-B,m-Toluic acid,1.0,0.9276336570439176,1.0,0.8254289200006695,,1,-1,-1,-1
ENSMUSG00000025937-B,"N-[(3,4,5-Trimethoxyphenyl)methylidene]hydroxylamine",,1.0,,1.0,,1,-1,-1,-1
ENSMUSG00000025937-B,Tyr-Val,,,,1.0,,1,-1,-1,-1
ENSMUSG00000026035-B,"1,2-Cinnolinedicarboxylic acid, 1,2,3,5,6,7,8,8a-octahydro-4-trimethylsilyloxy-, diethyl ester",,,,1.0,,1,-1,-1,-1
ENSMUSG00000026035-B,"13-Docosenamide, (Z)",,-1.0,,-1.0,,1,-1,-1,-1
ENSMUSG00000026035-B,2-Aminoquinolin-8-ol,,,,1.0,,1,-1,-1,-1
ENSMUSG00000026035-B,"3,4-Dihydroxybenzaldehyde",1.0,,,1.0,,1,-1,-1,-1
ENSMUSG00000026035-B,"3-Hydroxy-7,3',4',5'-tetramethoxyflavone",,,,-1.0,,1,-1,-1,-1
ENSMUSG00000026035-B,Tyr-Val,,,,-1.0,,1,-1,-1,-1
ENSMUSG00000026087-B,"1,2-Bis(trimethylsiloxy)cyclohexene",,,,1.0,,1,-1,-1,-1
ENSMUSG00000026087-B,"1,2-Cinnolinedicarboxylic acid, 1,2,3,5,6,7,8,8a-octahydro-4-trimethylsilyloxy-, diethyl ester",,,,-1.0,,1,-1,-1,-1
ENSMUSG00000026087-B,2-Aminoquinolin-8-ol,,,,1.0,,1,-1,-1,-1
ENSMUSG00000026087-B,2-Ethyl-1-butanol,,1.0,,1.0,,1,-1,-1,-1
ENSMUSG00000026087-B,2-Norbornanemethanol,,,,-1.0,,1,-1,-1,-1
ENSMUSG00000026087-B,"3,4-Dihydroxybenzaldehyde",-1.0,,,-1.0,,1,-1,-1,-1
ENSMUSG00000026087-B,Luciferin,,,,-1.0,,1,-1,-1,-1
ENSMUSG00000026096-B,"2,4-Dimethoxybenzaldoxime",,,,1.0,,1,-1,-1,-1
ENSMUSG00000026096-B,"3,4-Dihydroxybenzaldehyde",1.0,,,1.0,,1,-1,-1,-1
ENSMUSG00000026096-B,Chlorobenzilate,,,,1.0,,1,-1,-1,-1
ENSMUSG00000026096-B,cis-2-Decenoic acid,,,,-1.0,,1,-1,-1,-1
ENSMUSG00000026096-B,L-(+)-Threose,,1.0,,1.0,,1,-1,-1,-1
ENSMUSG00000026096-B,L-Tyrosine,1.0,0.8207826816681233,,0.8773666603699838,-1.0,1,-1,-1,-1
ENSMUSG00000026096-B,Luciferin,,,,-1.0,,1,-1,-1,-1
ENSMUSG00000026096-B,Tyr-Val,,,,-1.0,,1,-1,-1,-1
ENSMUSG00000026097-B,"1,2-Bis(trimethylsiloxy)cyclohexene",,,,-1.0,,1,-1,-1,-1
ENSMUSG00000026097-B,"1,2-Cinnolinedicarboxylic acid, 1,2,3,5,6,7,8,8a-octahydro-4-trimethylsilyloxy-, diethyl ester",,,,1.0,,1,-1,-1,-1
ENSMUSG00000026097-B,"13-Docosenamide, (Z)",,1.0,,1.0,,1,-1,-1,-1
ENSMUSG00000026097-B,"2,4-Dimethoxybenzaldoxime",,,,1.0,,1,-1,-1,-1
ENSMUSG00000026097-B,"3,4-Dihydroxybenzaldehyde",-1.0,,,-1.0,,1,-1,-1,-1
ENSMUSG00000026097-B,6-Nitroveratryl alcohol,,-1.0,,-1.0,,1,-1,-1,-1
ENSMUSG00000026097-B,Octadecanoic acid,,,,-1.0,,1,-1,-1,-1
ENSMUSG00000026197-B,2-Norbornanemethanol,,,,-1.0,,1,-1,-1,-1
ENSMUSG00000026197-B,"l-Leucine, n-butoxycarbonyl-N-methyl-, hexadecyl ester",,,,-1.0,,1,-1,-1,-1
ENSMUSG00000026197-B,L-Val-L-Leu,,1.0,,1.0,,1,-1,-1,-1
ENSMUSG00000026197-B,"N-[(3,4,5-Trimethoxyphenyl)methylidene]hydroxylamine",,1.0,,1.0,,1,-1,-1,-1
ENSMUSG00000026260-B,3-(4-Methoxyphenyl)coumarin,,1.0,,1.0,,1,-1,-1,-1
ENSMUSG00000026260-B,"3-Hydroxy-7,3',4',5'-tetramethoxyflavone",,,,-1.0,,1,-1,-1,-1
ENSMUSG00000026260-B,cis-2-Decenoic acid,,,,-1.0,,1,-1,-1,-1
ENSMUSG00000026260-B,Guanosine,,0.7999999999999999,1.0,0.9221722216732094,1.0,1,1,1,1
ENSMUSG00000026260-B,"l-Leucine, n-butoxycarbonyl-N-methyl-, hexadecyl ester",,,,-1.0,,1,-1,-1,-1
ENSMUSG00000026260-B,"N-[(3,4,5-Trimethoxyphenyl)methylidene]hydroxylamine",,1.0,,1.0,,1,-1,-1,-1
ENSMUSG00000026315-B,"13-Docosenamide, (Z)",,-1.0,,-1.0,,1,-1,-1,-1
ENSMUSG00000026315-B,cis-2-Decenoic acid,,,,1.0,,1,-1,-1,-1
ENSMUSG00000026315-B,Isosorbide,-1.0,,,-1.0,,1,-1,-1,-1
ENSMUSG00000026315-B,Tyr-Val,,,,1.0,,1,-1,-1,-1
ENSMUSG00000026418-B,"1,2-Bis(trimethylsiloxy)cyclohexene",,,,1.0,,1,-1,-1,-1
ENSMUSG00000026418-B,"1,2-Cinnolinedicarboxylic acid, 1,2,3,5,6,7,8,8a-octahydro-4-trimethylsilyloxy-, diethyl ester",,,,-1.0,,1,-1,-1,-1
ENSMUSG00000026418-B,"13-Docosenamide, (Z)",,1.0,,1.0,,1,-1,-1,-1
ENSMUSG00000026418-B,"2,4-Dimethoxybenzaldoxime",,,,1.0,,1,-1,-1,-1
ENSMUSG00000026418-B,2-Norbornanemethanol,,,,-1.0,,1,-1,-1,-1
ENSMUSG00000026418-B,Isosorbide,1.0,,,1.0,,1,-1,-1,-1
ENSMUSG00000026418-B,Octadecanoic acid,,,,1.0,,1,-1,-1,-1
ENSMUSG00000026473-B,"13-Docosenamide, (Z)",,-1.0,,-1.0,,1,-1,-1,-1
ENSMUSG00000026473-B,"2,4-Dimethoxybenzaldoxime",,,,-1.0,,1,-1,-1,-1
ENSMUSG00000026473-B,2-Aminoquinolin-8-ol,,,,1.0,,1,-1,-1,-1
ENSMUSG00000026473-B,3-(4-Methoxyphenyl)coumarin,,1.0,,1.0,,1,-1,-1,-1
ENSMUSG00000026473-B,"3,3-Dimethylacrylic acid",,,,-1.0,,1,-1,-1,-1
ENSMUSG00000026473-B,cis-2-Decenoic acid,,,,-1.0,,1,-1,-1,-1
ENSMUSG00000026473-B,"l-Leucine, n-butoxycarbonyl-N-methyl-, hexadecyl ester",,,,1.0,,1,-1,-1,-1
ENSMUSG00000026473-B,L-Val-L-Leu,,-1.0,,-1.0,,1,-1,-1,-1
ENSMUSG00000026504-B,"13-Docosenamide, (Z)",,-1.0,,-1.0,,1,-1,-1,-1
ENSMUSG00000026504-B,"2,4-Dimethoxybenzaldoxime",,,,-1.0,,1,-1,-1,-1
ENSMUSG00000026504-B,Tyr-Val,,,,1.0,,1,-1,-1,-1
ENSMUSG00000026514-B,"1,2-Cinnolinedicarboxylic acid, 1,2,3,5,6,7,8,8a-octahydro-4-trimethylsilyloxy-, diethyl ester",,,,-1.0,,1,-1,-1,-1
ENSMUSG00000026514-B,Isosorbide,-1.0,,,-1.0,,1,-1,-1,-1
ENSMUSG00000026514-B,L-(+)-Threose,,1.0,,1.0,,1,-1,-1,-1
ENSMUSG00000026514-B,"N-[(3,4,5-Trimethoxyphenyl)methylidene]hydroxylamine",,1.0,,1.0,,1,-1,-1,-1
ENSMUSG00000026514-B,Octadecanoic acid,,,,-1.0,,1,-1,-1,-1
ENSMUSG00000026553-B,"1,2-Bis(trimethylsiloxy)cyclohexene",,,,-1.0,,1,-1,-1,-1
ENSMUSG00000026553-B,"13-Docosenamide, (Z)",,-1.0,,-1.0,,1,-1,-1,-1
ENSMUSG00000026553-B,3-(4-Methoxyphenyl)coumarin,,1.0,,1.0,,1,-1,-1,-1
ENSMUSG00000026553-B,"3-Hydroxy-7,3',4',5'-tetramethoxyflavone",,,,-1.0,,1,-1,-1,-1
ENSMUSG00000026553-B,Azelaic acid,-0.5,-0.9276336570439176,-0.5,-0.8701807952199048,1.0,1,-1,-1,-1
ENSMUSG00000026553-B,Isosorbide,-1.0,,,-1.0,,1,-1,-1,-1
ENSMUSG00000026553-B,L-(+)-Threose,,-1.0,,-1.0,,1,-1,-1,-1
ENSMUSG00000026553-B,Octadecanoic acid,,,,-1.0,,1,-1,-1,-1
ENSMUSG00000026628-B,"13-Docosenamide, (Z)",,1.0,,1.0,,1,-1,-1,-1
ENSMUSG00000026628-B,2-Aminoquinolin-8-ol,,,,-1.0,,1,-1,-1,-1
ENSMUSG00000026628-B,"3,3-Dimethylacrylic acid",,,,-1.0,,1,-1,-1,-1
ENSMUSG00000026628-B,"Benzoic acid, 2-hydroxy-3-[(2-hydroxy-4-methoxy-6-propylbenzoyl)oxy]-4-methoxy-6-propyl-, methyl ester",-0.5,-0.8823529411764706,-1.0,-0.8247800529104845,,1,-1,-1,-1
ENSMUSG00000026628-B,cis-2-Decenoic acid,,,,1.0,,1,-1,-1,-1
ENSMUSG00000026628-B,Isosorbide,-1.0,,,-1.0,,1,-1,-1,-1
ENSMUSG00000026628-B,Synephrine,-1.0,-0.3970588235294118,-0.8660254037844387,-0.8303938767900017,,1,-1,-1,-1
ENSMUSG00000026628-B,Tyr-Val,,,,1.0,,1,-1,-1,-1
ENSMUSG00000026630-B,"13-Docosenamide, (Z)",,-1.0,,-1.0,,1,-1,-1,-1
ENSMUSG00000026630-B,2-Aminoquinolin-8-ol,,,,-1.0,,1,-1,-1,-1
ENSMUSG00000026630-B,"3-Hydroxy-7,3',4',5'-tetramethoxyflavone",,,,1.0,,1,-1,-1,-1
ENSMUSG00000026630-B,cis-2-Decenoic acid,,,,1.0,,1,-1,-1,-1
ENSMUSG00000026630-B,"l-Leucine, n-butoxycarbonyl-N-methyl-, hexadecyl ester",,,,1.0,,1,-1,-1,-1
ENSMUSG00000026630-B,Sulindac,,-1.0,,-1.0,,1,-1,-1,-1
ENSMUSG00000026788-B,"1,2-Bis(trimethylsiloxy)cyclohexene",,,,-1.0,,1,-1,-1,-1
ENSMUSG00000026788-B,"13-Docosenamide, (Z)",,1.0,,1.0,,1,-1,-1,-1
ENSMUSG00000026788-B,"2,4-Dimethoxybenzaldoxime",,,,1.0,,1,-1,-1,-1
ENSMUSG00000026788-B,"3,3-Dimethylacrylic acid",,,,1.0,,1,-1,-1,-1
ENSMUSG00000026788-B,"3,4-Dihydroxybenzaldehyde",1.0,,,1.0,,1,-1,-1,-1
ENSMUSG00000026788-B,"3-Hydroxy-7,3',4',5'-tetramethoxyflavone",,,,-1.0,,1,-1,-1,-1
ENSMUSG00000026788-B,5-Hydroxy-7-methoxy-2-methyl-3-phenyl-4-chromenone,,0.9276336570439176,,0.912141875543738,,1,-1,-1,-1
ENSMUSG00000026788-B,Glabridin,,,,-1.0,,1,-1,-1,-1
ENSMUSG00000026788-B,Tyr-Val,,,,-1.0,,1,-1,-1,-1
ENSMUSG00000026893-B,"1,2-Bis(trimethylsiloxy)cyclohexene",,,,-1.0,,1,-1,-1,-1
ENSMUSG00000026893-B,"2,4-Dimethoxybenzaldoxime",,,,-1.0,,1,-1,-1,-1
ENSMUSG00000026893-B,"3,4-Dihydroxybenzaldehyde",-1.0,,,-1.0,,1,-1,-1,-1
ENSMUSG00000026893-B,"3-Hydroxy-7,3',4',5'-tetramethoxyflavone",,,,1.0,,1,-1,-1,-1
ENSMUSG00000026893-B,cis-2-Decenoic acid,,,,-1.0,,1,-1,-1,-1
ENSMUSG00000026893-B,"N-[(3,4,5-Trimethoxyphenyl)methylidene]hydroxylamine",,1.0,,1.0,,1,-1,-1,-1
ENSMUSG00000026893-B,Octadecanoic acid,,,,-1.0,,1,-1,-1,-1
ENSMUSG00000027193-B,"1,2-Bis(trimethylsiloxy)cyclohexene",,,,-1.0,,1,-1,-1,-1
ENSMUSG00000027193-B,2-Aminoquinolin-8-ol,,,,1.0,,1,-1,-1,-1
ENSMUSG00000027193-B,3-(4-Methoxyphenyl)coumarin,,1.0,,1.0,,1,-1,-1,-1
ENSMUSG00000027193-B,Azelaic acid,-1.0,-0.6377481392176932,-0.5,-0.8421104469870047,1.0,1,-1,-1,-1
ENSMUSG00000027193-B,L-(+)-Threose,,-1.0,,-1.0,,1,-1,-1,-1
ENSMUSG00000027193-B,Octadecanoic acid,,,,-1.0,,1,-1,-1,-1
ENSMUSG00000027208-B,"1,2-Bis(trimethylsiloxy)cyclohexene",,,,-1.0,,1,-1,-1,-1
ENSMUSG00000027208-B,"1,2-Cinnolinedicarboxylic acid, 1,2,3,5,6,7,8,8a-octahydro-4-trimethylsilyloxy-, diethyl ester",,,,1.0,,1,-1,-1,-1
ENSMUSG00000027208-B,2-Norbornanemethanol,,,,1.0,,1,-1,-1,-1
ENSMUSG00000027208-B,"3,4-Dihydroxybenzaldehyde",-1.0,,,-1.0,,1,-1,-1,-1
ENSMUSG00000027208-B,4-tert-Butyldimethylsiloxy-3-penten-2-one,,-1.0,,-1.0,,1,-1,-1,-1
ENSMUSG00000027208-B,Adipoyl-L-carnitine,,-1.0,,-1.0,,1,-1,-1,-1
ENSMUSG00000027208-B,"Benzene, 1-ethyl-3,5-dimethyl",,,,1.0,,1,-1,-1,-1
ENSMUSG00000027208-B,cis-2-Decenoic acid,,,,-1.0,,1,-1,-1,-1
ENSMUSG00000027208-B,L-(+)-Threose,,1.0,,1.0,,1,-1,-1,-1
ENSMUSG00000027208-B,L-Ornithine,,,,1.0,,1,-1,-1,-1
ENSMUSG00000027208-B,Octadecanoic acid,,,,-1.0,,1,-1,-1,-1
ENSMUSG00000027318-B,"1,2-Cinnolinedicarboxylic acid, 1,2,3,5,6,7,8,8a-octahydro-4-trimethylsilyloxy-, diethyl ester",,,,-1.0,,1,-1,-1,-1
ENSMUSG00000027318-B,"13-Docosenamide, (Z)",,1.0,,1.0,,1,-1,-1,-1
ENSMUSG00000027318-B,"2,4-Dimethoxybenzaldoxime",,,,1.0,,1,-1,-1,-1
ENSMUSG00000027318-B,2-Norbornanemethanol,,,,-1.0,,1,-1,-1,-1
ENSMUSG00000027318-B,Aniline,1.0,0.7714285714285715,0.5,0.8491280340452296,1.0,1,1,1,1
ENSMUSG00000027318-B,cis-2-Decenoic acid,,,,1.0,,1,-1,-1,-1
ENSMUSG00000027318-B,Isosorbide,-1.0,,,-1.0,,1,-1,-1,-1
ENSMUSG00000027318-B,Lupinine,,0.8999999999999998,,0.9642857142857144,,1,-1,-1,-1
ENSMUSG00000027318-B,L-Val-L-Leu,,1.0,,1.0,,1,-1,-1,-1
ENSMUSG00000027331-B,"1,2-Bis(trimethylsiloxy)cyclohexene",,,,-1.0,,1,-1,-1,-1
ENSMUSG00000027331-B,"2,4-Dimethoxybenzaldoxime",,,,1.0,,1,-1,-1,-1
ENSMUSG00000027331-B,2-Aminoquinolin-8-ol,,,,1.0,,1,-1,-1,-1
ENSMUSG00000027331-B,3-(4-Methoxyphenyl)coumarin,,-1.0,,-1.0,,1,-1,-1,-1
ENSMUSG00000027331-B,Chlorobenzilate,,,,-1.0,,1,-1,-1,-1
ENSMUSG00000027331-B,Isosorbide,-1.0,,,-1.0,,1,-1,-1,-1
ENSMUSG00000027331-B,L-Ornithine,,,,1.0,,1,-1,-1,-1
ENSMUSG00000027331-B,Octadecanoic acid,,,,-1.0,,1,-1,-1,-1
ENSMUSG00000027339-B,"1,2-Cinnolinedicarboxylic acid, 1,2,3,5,6,7,8,8a-octahydro-4-trimethylsilyloxy-, diethyl ester",,,,-1.0,,1,-1,-1,-1
ENSMUSG00000027339-B,"13-Docosenamide, (Z)",,1.0,,1.0,,1,-1,-1,-1
ENSMUSG00000027339-B,"3-Hydroxy-7,3',4',5'-tetramethoxyflavone",,,,-1.0,,1,-1,-1,-1
ENSMUSG00000027339-B,Isosorbide,-1.0,,,-1.0,,1,-1,-1,-1
ENSMUSG00000027339-B,L-Val-L-Leu,,-1.0,,-1.0,,1,-1,-1,-1
ENSMUSG00000027339-B,Tyr-Val,,,,1.0,,1,-1,-1,-1
ENSMUSG00000027356-B,2-Aminoquinolin-8-ol,,,,-1.0,,1,-1,-1,-1
ENSMUSG00000027356-B,3-(4-Methoxyphenyl)coumarin,,-1.0,,-1.0,,1,-1,-1,-1
ENSMUSG00000027356-B,"3,4-Dihydroxybenzaldehyde",1.0,,,1.0,,1,-1,-1,-1
ENSMUSG00000027356-B,cis-2-Decenoic acid,,,,1.0,,1,-1,-1,-1
ENSMUSG00000027356-B,L-(+)-Threose,,1.0,,1.0,,1,-1,-1,-1
ENSMUSG00000027356-B,"N-[(3,4,5-Trimethoxyphenyl)methylidene]hydroxylamine",,1.0,,1.0,,1,-1,-1,-1
ENSMUSG00000027356-B,Sulindac,,-1.0,,-1.0,,1,-1,-1,-1
ENSMUSG00000027356-B,Tyr-Val,,,,-1.0,,1,-1,-1,-1
ENSMUSG00000027377-B,"13-Docosenamide, (Z)",,-1.0,,-1.0,,1,-1,-1,-1
ENSMUSG00000027377-B,2-Norbornanemethanol,,,,1.0,,1,-1,-1,-1
ENSMUSG00000027377-B,"3,4-Dihydroxybenzaldehyde",-1.0,,,-1.0,,1,-1,-1,-1
ENSMUSG00000027377-B,"3-Hydroxy-7,3',4',5'-tetramethoxyflavone",,,,1.0,,1,-1,-1,-1
ENSMUSG00000027377-B,cis-2-Decenoic acid,,,,1.0,,1,-1,-1,-1
ENSMUSG00000027377-B,"l-Leucine, n-butoxycarbonyl-N-methyl-, hexadecyl ester",,,,1.0,,1,-1,-1,-1
ENSMUSG00000027663-B,2-Aminoquinolin-8-ol,,,,1.0,,1,-1,-1,-1
ENSMUSG00000027663-B,2-Norbornanemethanol,,,,-1.0,,1,-1,-1,-1
ENSMUSG00000027663-B,"3-Hydroxy-7,3',4',5'-tetramethoxyflavone",,,,-1.0,,1,-1,-1,-1
ENSMUSG00000027663-B,L-(+)-Threose,,1.0,,1.0,,1,-1,-1,-1
ENSMUSG00000027663-B,"l-Leucine, n-butoxycarbonyl-N-methyl-, hexadecyl ester",,,,-1.0,,1,-1,-1,-1
ENSMUSG00000027663-B,L-Threonine,,1.0,,1.0,-1.0,1,-1,-1,-1
ENSMUSG00000027673-B,"13-Docosenamide, (Z)",,-1.0,,-1.0,,1,-1,-1,-1
ENSMUSG00000027673-B,"2,4-Dimethoxybenzaldoxime",,,,-1.0,,1,-1,-1,-1
ENSMUSG00000027673-B,2-Aminoquinolin-8-ol,,,,1.0,,1,-1,-1,-1
ENSMUSG00000027673-B,"3,4-Dihydroxybenzaldehyde",-1.0,,,-1.0,,1,-1,-1,-1
ENSMUSG00000027673-B,Chlorobenzilate,,,,-1.0,,1,-1,-1,-1
ENSMUSG00000027673-B,cis-2-Decenoic acid,,,,-1.0,,1,-1,-1,-1
ENSMUSG00000027673-B,L-Glutamic acid,,-1.0,,-1.0,,1,-1,-1,-1
ENSMUSG00000027714-B,"1,2-Bis(trimethylsiloxy)cyclohexene",,,,-1.0,,1,-1,-1,-1
ENSMUSG00000027714-B,3-(4-Methoxyphenyl)coumarin,,1.0,,1.0,,1,-1,-1,-1
ENSMUSG00000027714-B,"3-Hydroxy-7,3',4',5'-tetramethoxyflavone",,,,-1.0,,1,-1,-1,-1
ENSMUSG00000027714-B,Isosorbide,-1.0,,,-1.0,,1,-1,-1,-1
ENSMUSG00000027714-B,L-Glutamic acid,,-1.0,,-1.0,,1,-1,-1,-1
ENSMUSG00000027714-B,L-Val-L-Leu,,-1.0,,-1.0,,1,-1,-1,-1
ENSMUSG00000027714-B,"N-[(3,4,5-Trimethoxyphenyl)methylidene]hydroxylamine",,1.0,,1.0,,1,-1,-1,-1
ENSMUSG00000027714-B,Octadecanoic acid,,,,-1.0,,1,-1,-1,-1
ENSMUSG00000027782-B,2-Aminoquinolin-8-ol,,,,1.0,,1,-1,-1,-1
ENSMUSG00000027782-B,Chlorobenzilate,,,,1.0,,1,-1,-1,-1
ENSMUSG00000027782-B,cis-2-Decenoic acid,,,,-1.0,,1,-1,-1,-1
ENSMUSG00000027849-B,"1,2-Bis(trimethylsiloxy)cyclohexene",,,,-1.0,,1,-1,-1,-1
ENSMUSG00000027849-B,"13-Docosenamide, (Z)",,1.0,,1.0,,1,-1,-1,-1
ENSMUSG00000027849-B,"2,4-Dimethoxybenzaldoxime",,,,1.0,,1,-1,-1,-1
ENSMUSG00000027849-B,2-Aminoquinolin-8-ol,,,,1.0,,1,-1,-1,-1
ENSMUSG00000027849-B,cis-2-Decenoic acid,,,,-1.0,,1,-1,-1,-1
ENSMUSG00000027849-B,L-(+)-Threose,,1.0,,1.0,,1,-1,-1,-1
ENSMUSG00000028044-B,"1,2-Bis(trimethylsiloxy)cyclohexene",,,,1.0,,1,-1,-1,-1
ENSMUSG00000028044-B,"1,2-Cinnolinedicarboxylic acid, 1,2,3,5,6,7,8,8a-octahydro-4-trimethylsilyloxy-, diethyl ester",,,,-1.0,,1,-1,-1,-1
ENSMUSG00000028044-B,"13-Docosenamide, (Z)",,1.0,,1.0,,1,-1,-1,-1
ENSMUSG00000028044-B,"2,4-Dimethoxybenzaldoxime",,,,1.0,,1,-1,-1,-1
ENSMUSG00000028044-B,2-Norbornanemethanol,,,,-1.0,,1,-1,-1,-1
ENSMUSG00000028044-B,Isosorbide,-1.0,,,-1.0,,1,-1,-1,-1
ENSMUSG00000028044-B,L-Threonine,,1.0,,1.0,-1.0,1,-1,-1,-1
ENSMUSG00000028044-B,Luciferin,,,,-1.0,,1,-1,-1,-1
ENSMUSG00000028044-B,"Propanoic acid, 3-[(tert-butyldimethylsilyl)oxy]-2-methyl-",0.5,0.8406680016960503,,0.8675889534567239,,1,-1,-1,-1
ENSMUSG00000028082-B,"1,2-Cinnolinedicarboxylic acid, 1,2,3,5,6,7,8,8a-octahydro-4-trimethylsilyloxy-, diethyl ester",,,,1.0,,1,-1,-1,-1
ENSMUSG00000028082-B,"2,4-Dimethoxybenzaldoxime",,,,1.0,,1,-1,-1,-1
ENSMUSG00000028082-B,"3-Hydroxy-7,3',4',5'-tetramethoxyflavone",,,,1.0,,1,-1,-1,-1
ENSMUSG00000028082-B,Diclofenac,,,,-1.0,,1,-1,-1,-1
ENSMUSG00000028082-B,Isosorbide,1.0,,,1.0,,1,-1,-1,-1
ENSMUSG00000028082-B,"l-Leucine, n-butoxycarbonyl-N-methyl-, hexadecyl ester",,,,-1.0,,1,-1,-1,-1
ENSMUSG00000028149-B,"3-Hydroxy-7,3',4',5'-tetramethoxyflavone",,,,-1.0,,1,-1,-1,-1
ENSMUSG00000028149-B,7-Hydroxy-4-(methoxymethyl)coumarin,,-1.0,,-1.0,,1,-1,-1,-1
ENSMUSG00000028149-B,Isosorbide,-1.0,,,-1.0,,1,-1,-1,-1
ENSMUSG00000028149-B,L-Val-L-Leu,,-1.0,,-1.0,,1,-1,-1,-1
ENSMUSG00000028149-B,Octadecanoic acid,,,,-1.0,,1,-1,-1,-1
ENSMUSG00000028149-B,Sulindac,,-1.0,,-1.0,,1,-1,-1,-1
ENSMUSG00000028167-B,"13-Docosenamide, (Z)",,-1.0,,-1.0,,1,-1,-1,-1
ENSMUSG00000028167-B,2-Aminoquinolin-8-ol,,,,-1.0,,1,-1,-1,-1
ENSMUSG00000028167-B,"3,3-Dimethylacrylic acid",,,,-1.0,,1,-1,-1,-1
ENSMUSG00000028167-B,"3,4-Dihydroxybenzaldehyde",-1.0,,,-1.0,,1,-1,-1,-1
ENSMUSG00000028167-B,"3-Hydroxy-7,3',4',5'-tetramethoxyflavone",,,,1.0,,1,-1,-1,-1
ENSMUSG00000028167-B,"4,5-Dihydro-1H-pyrazole",,,,-1.0,,1,-1,-1,-1
ENSMUSG00000028167-B,L-(+)-Threose,,-1.0,,-1.0,,1,-1,-1,-1
ENSMUSG00000028214-B,"3,4,5-Trimethoxyamphetamine",,-0.9411239481143202,-0.5,-0.8413993200790741,,1,-1,-1,-1
ENSMUSG00000028214-B,"3,4-Dihydroxybenzaldehyde",-1.0,,,-1.0,,1,-1,-1,-1
ENSMUSG00000028214-B,Chlorobenzilate,,,,-1.0,,1,-1,-1,-1
ENSMUSG00000028214-B,L-(+)-Threose,,1.0,,1.0,,1,-1,-1,-1
ENSMUSG00000028214-B,Luciferin,,,,1.0,,1,-1,-1,-1
ENSMUSG00000028214-B,Tyr-Val,,,,1.0,,1,-1,-1,-1
ENSMUSG00000028251-B,"1,2-Bis(trimethylsiloxy)cyclohexene",,,,1.0,,1,-1,-1,-1
ENSMUSG00000028251-B,"3,4-Dihydroxybenzaldehyde",1.0,,,1.0,,1,-1,-1,-1
ENSMUSG00000028251-B,4-tert-Butyldimethylsiloxy-3-penten-2-one,,-1.0,,-1.0,,1,-1,-1,-1
ENSMUSG00000028251-B,7-Hydroxy-4-(methoxymethyl)coumarin,,-1.0,,-1.0,,1,-1,-1,-1
ENSMUSG00000028251-B,cis-2-Decenoic acid,,,,-1.0,,1,-1,-1,-1
ENSMUSG00000028251-B,L-Serine,1.0,,,1.0,,1,-1,-1,-1
ENSMUSG00000028251-B,Luciferin,,,,-1.0,,1,-1,-1,-1
ENSMUSG00000028251-B,"N-[(3,4,5-Trimethoxyphenyl)methylidene]hydroxylamine",,-1.0,,-1.0,,1,-1,-1,-1
ENSMUSG00000028251-B,Octadecanoic acid,,,,1.0,,1,-1,-1,-1
ENSMUSG00000028251-B,Tyr-Val,,,,-1.0,,1,-1,-1,-1
ENSMUSG00000028545-B,2-Aminoquinolin-8-ol,,,,1.0,,1,-1,-1,-1
ENSMUSG00000028545-B,"3-Hydroxy-7,3',4',5'-tetramethoxyflavone",,,,-1.0,,1,-1,-1,-1
ENSMUSG00000028545-B,4-tert-Butyldimethylsiloxy-3-penten-2-one,,-1.0,,-1.0,,1,-1,-1,-1
ENSMUSG00000028545-B,cis-2-Decenoic acid,,,,-1.0,,1,-1,-1,-1
ENSMUSG00000028545-B,L-Val-L-Leu,,-1.0,,-1.0,,1,-1,-1,-1
ENSMUSG00000028545-B,"N-[(3,4,5-Trimethoxyphenyl)methylidene]hydroxylamine",,-1.0,,-1.0,,1,-1,-1,-1
ENSMUSG00000028552-B,"1,2-Bis(trimethylsiloxy)cyclohexene",,,,-1.0,,1,-1,-1,-1
ENSMUSG00000028552-B,2-Aminoquinolin-8-ol,,,,1.0,,1,-1,-1,-1
ENSMUSG00000028552-B,"3-Hydroxy-7,3',4',5'-tetramethoxyflavone",,,,-1.0,,1,-1,-1,-1
ENSMUSG00000028552-B,"Benzene, 1-ethyl-3,5-dimethyl",,,,1.0,,1,-1,-1,-1
ENSMUSG00000028552-B,Glycine,-1.0,-0.0289885517826224,-1.0,-0.8315840663996671,1.0,1,-1,-1,-1
ENSMUSG00000028552-B,Isosorbide,-1.0,,,-1.0,,1,-1,-1,-1
ENSMUSG00000028552-B,L-(+)-Threose,,1.0,,1.0,,1,-1,-1,-1
ENSMUSG00000028552-B,L-Threonine,,1.0,,1.0,-1.0,1,-1,-1,-1
ENSMUSG00000028552-B,Octadecanoic acid,,,,-1.0,,1,-1,-1,-1
ENSMUSG00000028637-B,"1,2-Bis(trimethylsiloxy)cyclohexene",,,,1.0,,1,-1,-1,-1
ENSMUSG00000028637-B,2-Norbornanemethanol,,,,-1.0,,1,-1,-1,-1
ENSMUSG00000028637-B,"3-Hydroxy-7,3',4',5'-tetramethoxyflavone",,,,1.0,,1,-1,-1,-1
ENSMUSG00000028637-B,"N-[(3,4,5-Trimethoxyphenyl)methylidene]hydroxylamine",,1.0,,1.0,,1,-1,-1,-1
ENSMUSG00000028637-B,Norephedrine,1.0,1.0,1.0,0.9,,1,-1,-1,-1
ENSMUSG00000028688-B,"1,2-Bis(trimethylsiloxy)cyclohexene",,,,-1.0,,1,-1,-1,-1
ENSMUSG00000028688-B,"1,2-Cinnolinedicarboxylic acid, 1,2,3,5,6,7,8,8a-octahydro-4-trimethylsilyloxy-, diethyl ester",,,,1.0,,1,-1,-1,-1
ENSMUSG00000028688-B,"13-Docosenamide, (Z)",,-1.0,,-1.0,,1,-1,-1,-1
ENSMUSG00000028688-B,"2,4-Dimethoxybenzaldoxime",,,,-1.0,,1,-1,-1,-1
ENSMUSG00000028688-B,2-Norbornanemethanol,,,,1.0,,1,-1,-1,-1
ENSMUSG00000028688-B,7-Hydroxy-4-(methoxymethyl)coumarin,,-1.0,,-1.0,,1,-1,-1,-1
ENSMUSG00000028688-B,Isosorbide,1.0,,,1.0,,1,-1,-1,-1
ENSMUSG00000028688-B,Thymol,-0.5,-0.9746794344808964,,-0.87806510397951,1.0,1,-1,-1,-1
ENSMUSG00000028706-B,"3-Hydroxy-7,3',4',5'-tetramethoxyflavone",,,,-1.0,,1,-1,-1,-1
ENSMUSG00000028706-B,7-Hydroxy-4-(methoxymethyl)coumarin,,-1.0,,-1.0,,1,-1,-1,-1
ENSMUSG00000028706-B,"l-Leucine, n-butoxycarbonyl-N-methyl-, hexadecyl ester",,,,-1.0,,1,-1,-1,-1
ENSMUSG00000028706-B,Tyr-Val,,,,-1.0,,1,-1,-1,-1
ENSMUSG00000028763-B,"13-Docosenamide, (Z)",,-1.0,,-1.0,,1,-1,-1,-1
ENSMUSG00000028763-B,2-Aminoquinolin-8-ol,,,,-1.0,,1,-1,-1,-1
ENSMUSG00000028763-B,"3,3-Dimethylacrylic acid",,,,-1.0,,1,-1,-1,-1
ENSMUSG00000028763-B,"3,4-Dihydroxybenzaldehyde",-1.0,,,-1.0,,1,-1,-1,-1
ENSMUSG00000028763-B,"3-Hydroxy-7,3',4',5'-tetramethoxyflavone",,,,1.0,,1,-1,-1,-1
ENSMUSG00000028763-B,"Benzene, 1-ethyl-3,5-dimethyl",,,,-1.0,,1,-1,-1,-1
ENSMUSG00000028763-B,L-(+)-Threose,,-1.0,,-1.0,,1,-1,-1,-1
ENSMUSG00000028763-B,L-Val-L-Leu,,-1.0,,-1.0,,1,-1,-1,-1
ENSMUSG00000028763-B,"Oxymorphone, bis(trimethylsilyl) ether",0.0,-0.7061878636037996,,-0.8433985745067596,,1,-1,-1,-1
ENSMUSG00000028763-B,Tyr-Val,,,,1.0,,1,-1,-1,-1
ENSMUSG00000028776-B,"1-(2,4-Dimethoxyphenyl)-propan-2-one",-0.5,-0.6708203932499368,-0.5,-0.8715963140583688,-1.0,1,1,1,1
ENSMUSG00000028776-B,"1,2-Cinnolinedicarboxylic acid, 1,2,3,5,6,7,8,8a-octahydro-4-trimethylsilyloxy-, diethyl ester",,,,1.0,,1,-1,-1,-1
ENSMUSG00000028776-B,2-Norbornanemethanol,,,,1.0,,1,-1,-1,-1
ENSMUSG00000028776-B,3-(4-Methoxyphenyl)coumarin,,1.0,,1.0,,1,-1,-1,-1
ENSMUSG00000028776-B,"3,4-Dihydroxybenzaldehyde",-1.0,,,-1.0,,1,-1,-1,-1
ENSMUSG00000028776-B,cis-2-Decenoic acid,,,,-1.0,,1,-1,-1,-1
ENSMUSG00000028776-B,"l-Leucine, n-butoxycarbonyl-N-methyl-, hexadecyl ester",,,,1.0,,1,-1,-1,-1
ENSMUSG00000028776-B,Malic acid,-1.0,-0.8285714285714287,-1.0,-0.847637026689399,-1.0,1,1,1,1
ENSMUSG00000028776-B,Tyr-Val,,,,1.0,,1,-1,-1,-1
ENSMUSG00000028776-B,Uracil,-1.0,-0.8116794499134279,-0.5,-0.8295370132366225,-1.0,1,1,1,1
ENSMUSG00000028807-B,"1,2-Bis(trimethylsiloxy)cyclohexene",,,,-1.0,,1,-1,-1,-1
ENSMUSG00000028807-B,"3-Hydroxy-7,3',4',5'-tetramethoxyflavone",,,,-1.0,,1,-1,-1,-1
ENSMUSG00000028807-B,"Benzene, 1-ethyl-3,5-dimethyl",,,,1.0,,1,-1,-1,-1
ENSMUSG00000028807-B,L-(+)-Threose,,1.0,,1.0,,1,-1,-1,-1
ENSMUSG00000028807-B,L-Threonine,,1.0,,1.0,-1.0,1,-1,-1,-1
ENSMUSG00000028807-B,Tyr-Val,,,,-1.0,,1,-1,-1,-1
ENSMUSG00000028871-B,2-Aminoquinolin-8-ol,,,,1.0,,1,-1,-1,-1
ENSMUSG00000028871-B,3-(4-Methoxyphenyl)coumarin,,1.0,,1.0,,1,-1,-1,-1
ENSMUSG00000028871-B,"3,4-Dihydroxybenzaldehyde",-1.0,,,-1.0,,1,-1,-1,-1
ENSMUSG00000028871-B,cis-2-Decenoic acid,,,,-1.0,,1,-1,-1,-1
ENSMUSG00000028871-B,L-Glutamic acid,,-1.0,,-1.0,,1,-1,-1,-1
ENSMUSG00000028871-B,"N-[(3,4,5-Trimethoxyphenyl)methylidene]hydroxylamine",,1.0,,1.0,,1,-1,-1,-1
ENSMUSG00000028948-B,"13-Docosenamide, (Z)",,-1.0,,-1.0,,1,-1,-1,-1
ENSMUSG00000028948-B,2-Aminoquinolin-8-ol,,,,-1.0,,1,-1,-1,-1
ENSMUSG00000028948-B,2-Norbornanemethanol,,,,1.0,,1,-1,-1,-1
ENSMUSG00000028948-B,"3,4-Dihydroxybenzaldehyde",1.0,,,1.0,,1,-1,-1,-1
ENSMUSG00000028948-B,cis-2-Decenoic acid,,,,1.0,,1,-1,-1,-1
ENSMUSG00000028948-B,L-Val-L-Leu,,1.0,,1.0,,1,-1,-1,-1
ENSMUSG00000029176-B,"3,4-Dihydroxybenzaldehyde",1.0,,,1.0,,1,-1,-1,-1
ENSMUSG00000029176-B,"3-Hydroxy-7,3',4',5'-tetramethoxyflavone",,,,-1.0,,1,-1,-1,-1
ENSMUSG00000029176-B,cis-2-Decenoic acid,,,,-1.0,,1,-1,-1,-1
ENSMUSG00000029176-B,Luciferin,,,,-1.0,,1,-1,-1,-1
ENSMUSG00000029176-B,"N-[(3,4,5-Trimethoxyphenyl)methylidene]hydroxylamine",,-1.0,,-1.0,,1,-1,-1,-1
ENSMUSG00000029176-B,Sulindac,,-1.0,,-1.0,,1,-1,-1,-1
ENSMUSG00000029176-B,Tyr-Val,,,,-1.0,,1,-1,-1,-1
ENSMUSG00000029245-B,"1,2-Cinnolinedicarboxylic acid, 1,2,3,5,6,7,8,8a-octahydro-4-trimethylsilyloxy-, diethyl ester",,,,1.0,,1,-1,-1,-1
ENSMUSG00000029245-B,2-Norbornanemethanol,,,,1.0,,1,-1,-1,-1
ENSMUSG00000029245-B,cis-2-Decenoic acid,,,,1.0,,1,-1,-1,-1
ENSMUSG00000029245-B,Isosorbide,-1.0,,,-1.0,,1,-1,-1,-1
ENSMUSG00000029245-B,L-Ornithine,,,,1.0,,1,-1,-1,-1
ENSMUSG00000029245-B,"N-[(3,4,5-Trimethoxyphenyl)methylidene]hydroxylamine",,1.0,,1.0,,1,-1,-1,-1
ENSMUSG00000029245-B,Octadecanoic acid,,,,-1.0,,1,-1,-1,-1
ENSMUSG00000029433-B,"1,2-Bis(trimethylsiloxy)cyclohexene",,,,1.0,,1,-1,-1,-1
ENSMUSG00000029433-B,"1,2-Cinnolinedicarboxylic acid, 1,2,3,5,6,7,8,8a-octahydro-4-trimethylsilyloxy-, diethyl ester",,,,-1.0,,1,-1,-1,-1
ENSMUSG00000029433-B,2-Norbornanemethanol,,,,-1.0,,1,-1,-1,-1
ENSMUSG00000029433-B,"3-Hydroxy-7,3',4',5'-tetramethoxyflavone",,,,1.0,,1,-1,-1,-1
ENSMUSG00000029433-B,L-(+)-Threose,,1.0,,1.0,,1,-1,-1,-1
ENSMUSG00000029433-B,"N-[(3,4,5-Trimethoxyphenyl)methylidene]hydroxylamine",,1.0,,1.0,,1,-1,-1,-1
ENSMUSG00000029551-B,"3,4-Dihydroxybenzaldehyde",1.0,,,1.0,,1,-1,-1,-1
ENSMUSG00000029551-B,"3-Hydroxy-7,3',4',5'-tetramethoxyflavone",,,,-1.0,,1,-1,-1,-1
ENSMUSG00000029551-B,"4,5-Dihydro-1H-pyrazole",,,,1.0,,1,-1,-1,-1
ENSMUSG00000029551-B,7-Hydroxy-4-(methoxymethyl)coumarin,,-1.0,,-1.0,,1,-1,-1,-1
ENSMUSG00000029551-B,Citramalic acid,0.8660254037844387,-0.8207826816681233,-1.0,-0.8401914075580906,1.0,1,-1,-1,-1
ENSMUSG00000029551-B,Luciferin,,,,-1.0,,1,-1,-1,-1
ENSMUSG00000029551-B,L-Val-L-Leu,,-1.0,,-1.0,,1,-1,-1,-1
ENSMUSG00000029551-B,m-Toluic acid,-0.5,-0.6377481392176932,-1.0,-0.8783410302571225,,1,-1,-1,-1
ENSMUSG00000029551-B,"N-[(3,4,5-Trimethoxyphenyl)methylidene]hydroxylamine",,1.0,,1.0,,1,-1,-1,-1
ENSMUSG00000029551-B,Tyr-Val,,,,-1.0,,1,-1,-1,-1
ENSMUSG00000029569-B,"1,2-Cinnolinedicarboxylic acid, 1,2,3,5,6,7,8,8a-octahydro-4-trimethylsilyloxy-, diethyl ester",,,,-1.0,,1,-1,-1,-1
ENSMUSG00000029569-B,"2,4-Dimethoxybenzaldoxime",,,,-1.0,,1,-1,-1,-1
ENSMUSG00000029569-B,"3-Hydroxy-7,3',4',5'-tetramethoxyflavone",,,,-1.0,,1,-1,-1,-1
ENSMUSG00000029569-B,Isosorbide,-1.0,,,-1.0,,1,-1,-1,-1
ENSMUSG00000029569-B,L-(+)-Threose,,1.0,,1.0,,1,-1,-1,-1
ENSMUSG00000029569-B,Luciferin,,,,-1.0,,1,-1,-1,-1
ENSMUSG00000029569-B,L-Val-L-Leu,,-1.0,,-1.0,,1,-1,-1,-1
ENSMUSG00000029569-B,"N-[(3,4,5-Trimethoxyphenyl)methylidene]hydroxylamine",,1.0,,1.0,,1,-1,-1,-1
ENSMUSG00000029569-B,Octadecanoic acid,,,,-1.0,,1,-1,-1,-1
ENSMUSG00000029660-B,Glabridin,,,,1.0,,1,-1,-1,-1
ENSMUSG00000029660-B,L-Val-L-Leu,,-1.0,,-1.0,,1,-1,-1,-1
ENSMUSG00000029660-B,Tyr-Val,,,,-1.0,,1,-1,-1,-1
ENSMUSG00000029699-B,"13-Docosenamide, (Z)",,1.0,,1.0,,1,-1,-1,-1
ENSMUSG00000029699-B,"3,3-Dimethylacrylic acid",,,,-1.0,,1,-1,-1,-1
ENSMUSG00000029699-B,"3-Hydroxy-7,3',4',5'-tetramethoxyflavone",,,,1.0,,1,-1,-1,-1
ENSMUSG00000029699-B,Biphenyl,-1.0,-0.8804062740424288,-0.8660254037844387,-0.8160733259202981,,1,-1,-1,-1
ENSMUSG00000029913-B,"1,2-Bis(trimethylsiloxy)cyclohexene",,,,-1.0,,1,-1,-1,-1
ENSMUSG00000029913-B,"13-Docosenamide, (Z)",,1.0,,1.0,,1,-1,-1,-1
ENSMUSG00000029913-B,"2,4-Dimethoxybenzaldoxime",,,,1.0,,1,-1,-1,-1
ENSMUSG00000029913-B,2-Aminoquinolin-8-ol,,,,1.0,,1,-1,-1,-1
ENSMUSG00000029913-B,"3-Hydroxy-7,3',4',5'-tetramethoxyflavone",,,,-1.0,,1,-1,-1,-1
ENSMUSG00000029913-B,cis-2-Decenoic acid,,,,-1.0,,1,-1,-1,-1
ENSMUSG00000029913-B,Isosorbide,-1.0,,,-1.0,,1,-1,-1,-1
ENSMUSG00000029913-B,L-Ornithine,,,,1.0,,1,-1,-1,-1
ENSMUSG00000029913-B,L-Val-L-Leu,,1.0,,1.0,,1,-1,-1,-1
ENSMUSG00000029913-B,Octadecanoic acid,,,,-1.0,,1,-1,-1,-1
ENSMUSG00000029915-B,"1,2-Bis(trimethylsiloxy)cyclohexene",,,,1.0,,1,-1,-1,-1
ENSMUSG00000029915-B,"2,4-Dimethoxybenzaldoxime",,,,-1.0,,1,-1,-1,-1
ENSMUSG00000029915-B,Glabridin,,,,-1.0,,1,-1,-1,-1
ENSMUSG00000029915-B,L-(+)-Threose,,-1.0,,-1.0,,1,-1,-1,-1
ENSMUSG00000029915-B,tert-butyl(dimethyl)silyl-2-([tert-butyl(dimethyl)silyl]oxy)hex-2-enoate,,-1.0,,-1.0,,1,-1,-1,-1
ENSMUSG00000030047-B,"1,2-Cinnolinedicarboxylic acid, 1,2,3,5,6,7,8,8a-octahydro-4-trimethylsilyloxy-, diethyl ester",,,,1.0,,1,-1,-1,-1
ENSMUSG00000030047-B,cis-2-Decenoic acid,,,,1.0,,1,-1,-1,-1
ENSMUSG00000030047-B,Isosorbide,-1.0,,,-1.0,,1,-1,-1,-1
ENSMUSG00000030047-B,L-Ornithine,,,,1.0,,1,-1,-1,-1
ENSMUSG00000030047-B,"N-[(3,4,5-Trimethoxyphenyl)methylidene]hydroxylamine",,1.0,,1.0,,1,-1,-1,-1
ENSMUSG00000030047-B,Octadecanoic acid,,,,-1.0,,1,-1,-1,-1
ENSMUSG00000030074-B,2-Aminoquinolin-8-ol,,,,1.0,,1,-1,-1,-1
ENSMUSG00000030074-B,Luciferin,,,,-1.0,,1,-1,-1,-1
ENSMUSG00000030108-B,"13-Docosenamide, (Z)",,-1.0,,-1.0,,1,-1,-1,-1
ENSMUSG00000030108-B,"3-Hydroxy-7,3',4',5'-tetramethoxyflavone",,,,1.0,,1,-1,-1,-1
ENSMUSG00000030108-B,cis-2-Decenoic acid,,,,1.0,,1,-1,-1,-1
ENSMUSG00000030108-B,"l-Leucine, n-butoxycarbonyl-N-methyl-, hexadecyl ester",,,,1.0,,1,-1,-1,-1
ENSMUSG00000030111-B,"1,2-Cinnolinedicarboxylic acid, 1,2,3,5,6,7,8,8a-octahydro-4-trimethylsilyloxy-, diethyl ester",,,,-1.0,,1,-1,-1,-1
ENSMUSG00000030111-B,2-Aminoquinolin-8-ol,,,,1.0,,1,-1,-1,-1
ENSMUSG00000030111-B,"3,4-Dihydroxybenzaldehyde",-1.0,,,-1.0,,1,-1,-1,-1
ENSMUSG00000030111-B,cis-2-Decenoic acid,,,,-1.0,,1,-1,-1,-1
ENSMUSG00000030111-B,L-(+)-Threose,,1.0,,1.0,,1,-1,-1,-1
ENSMUSG00000030111-B,L-Glutamic acid,,-1.0,,-1.0,,1,-1,-1,-1
ENSMUSG00000030189-B,"1,2-Bis(trimethylsiloxy)cyclohexene",,,,1.0,,1,-1,-1,-1
ENSMUSG00000030189-B,2-Aminoquinolin-8-ol,,,,1.0,,1,-1,-1,-1
ENSMUSG00000030189-B,2-Norbornanemethanol,,,,1.0,,1,-1,-1,-1
ENSMUSG00000030189-B,"3,4-Dihydroxybenzaldehyde",-1.0,,,-1.0,,1,-1,-1,-1
ENSMUSG00000030189-B,"3-Hydroxy-7,3',4',5'-tetramethoxyflavone",,,,1.0,,1,-1,-1,-1
ENSMUSG00000030189-B,cis-2-Decenoic acid,,,,-1.0,,1,-1,-1,-1
ENSMUSG00000030189-B,L-(+)-Threose,,-1.0,,-1.0,,1,-1,-1,-1
ENSMUSG00000030189-B,"N-[(3,4,5-Trimethoxyphenyl)methylidene]hydroxylamine",,-1.0,,-1.0,,1,-1,-1,-1
ENSMUSG00000030189-B,Tyr-Val,,,,1.0,,1,-1,-1,-1
ENSMUSG00000030224-B,"1,2-Bis(trimethylsiloxy)cyclohexene",,,,-1.0,,1,-1,-1,-1
ENSMUSG00000030224-B,"1,2-Cinnolinedicarboxylic acid, 1,2,3,5,6,7,8,8a-octahydro-4-trimethylsilyloxy-, diethyl ester",,,,-1.0,,1,-1,-1,-1
ENSMUSG00000030224-B,2-Aminoquinolin-8-ol,,,,1.0,,1,-1,-1,-1
ENSMUSG00000030224-B,"2-Methylcyclohexanol, (Z)",1.0,-0.9276336570439176,0.0,-0.865773028606769,,1,-1,-1,-1
ENSMUSG00000030224-B,3-(4-Methoxyphenyl)coumarin,,1.0,,1.0,,1,-1,-1,-1
ENSMUSG00000030224-B,"3-Hydroxy-7,3',4',5'-tetramethoxyflavone",,,,-1.0,,1,-1,-1,-1
ENSMUSG00000030224-B,cis-2-Decenoic acid,,,,-1.0,,1,-1,-1,-1
ENSMUSG00000030224-B,Glycine,-1.0,-0.2319084142609793,-0.5,-0.824566479341442,1.0,1,-1,-1,-1
ENSMUSG00000030224-B,Isosorbide,-1.0,,,-1.0,,1,-1,-1,-1
ENSMUSG00000030224-B,L-(+)-Threose,,-1.0,,-1.0,,1,-1,-1,-1
ENSMUSG00000030224-B,L-Val-L-Leu,,-1.0,,-1.0,,1,-1,-1,-1
ENSMUSG00000030224-B,Octadecanoic acid,,,,-1.0,,1,-1,-1,-1
ENSMUSG00000030271-B,2-Aminoquinolin-8-ol,,,,1.0,,1,-1,-1,-1
ENSMUSG00000030271-B,"2-Methylcyclohexanol, (Z)",-0.5,-0.5507824838698261,-0.8660254037844387,-0.830435353969758,,1,-1,-1,-1
ENSMUSG00000030271-B,"3,4-Dihydroxybenzaldehyde",-1.0,,,-1.0,,1,-1,-1,-1
ENSMUSG00000030271-B,cis-2-Decenoic acid,,,,-1.0,,1,-1,-1,-1
ENSMUSG00000030271-B,Glycine,0.5,-0.753702346348183,-1.0,-0.8350928599287796,1.0,1,-1,-1,-1
ENSMUSG00000030271-B,L-(+)-Threose,,1.0,,1.0,,1,-1,-1,-1
ENSMUSG00000030271-B,L-Glutamic acid,,-1.0,,-1.0,,1,-1,-1,-1
ENSMUSG00000030271-B,L-Val-L-Leu,,-1.0,,-1.0,,1,-1,-1,-1
ENSMUSG00000030401-B,"1,2-Bis(trimethylsiloxy)cyclohexene",,,,-1.0,,1,-1,-1,-1
ENSMUSG00000030401-B,"13-Docosenamide, (Z)",,-1.0,,-1.0,,1,-1,-1,-1
ENSMUSG00000030401-B,2-Norbornanemethanol,,,,1.0,,1,-1,-1,-1
ENSMUSG00000030401-B,"3,3-Dimethylacrylic acid",,,,1.0,,1,-1,-1,-1
ENSMUSG00000030401-B,"3-Hydroxy-7,3',4',5'-tetramethoxyflavone",,,,-1.0,,1,-1,-1,-1
ENSMUSG00000030401-B,Chlorobenzilate,,,,-1.0,,1,-1,-1,-1
ENSMUSG00000030889-B,2-Aminoquinolin-8-ol,,,,-1.0,,1,-1,-1,-1
ENSMUSG00000030889-B,"3,4-Dihydroxybenzaldehyde",1.0,,,1.0,,1,-1,-1,-1
ENSMUSG00000030889-B,7-Hydroxy-4-(methoxymethyl)coumarin,,1.0,,1.0,,1,-1,-1,-1
ENSMUSG00000030889-B,Luciferin,,,,1.0,,1,-1,-1,-1
ENSMUSG00000030889-B,m-Toluic acid,-0.5,0.8696565534786727,1.0,0.9030333483768006,,1,-1,-1,-1
ENSMUSG00000030889-B,"N-[(3,4,5-Trimethoxyphenyl)methylidene]hydroxylamine",,1.0,,1.0,,1,-1,-1,-1
ENSMUSG00000030889-B,Octadecanoic acid,,,,1.0,,1,-1,-1,-1
ENSMUSG00000030942-B,"13-Docosenamide, (Z)",,-1.0,,-1.0,,1,-1,-1,-1
ENSMUSG00000030942-B,"2,4-Dimethoxybenzaldoxime",,,,-1.0,,1,-1,-1,-1
ENSMUSG00000030942-B,Chlorobenzilate,,,,-1.0,,1,-1,-1,-1
ENSMUSG00000030942-B,L-Glutamic acid,,-1.0,,-1.0,,1,-1,-1,-1
ENSMUSG00000030942-B,"l-Leucine, n-butoxycarbonyl-N-methyl-, hexadecyl ester",,,,1.0,,1,-1,-1,-1
ENSMUSG00000030942-B,Sulindac,,-1.0,,-1.0,,1,-1,-1,-1
ENSMUSG00000030942-B,tert-butyl(dimethyl)silyl-2-([tert-butyl(dimethyl)silyl]oxy)hex-2-enoate,,-1.0,,-1.0,,1,-1,-1,-1
ENSMUSG00000031059-B,"1,2-Cinnolinedicarboxylic acid, 1,2,3,5,6,7,8,8a-octahydro-4-trimethylsilyloxy-, diethyl ester",,,,-1.0,,1,-1,-1,-1
ENSMUSG00000031059-B,"13-Docosenamide, (Z)",,-1.0,,-1.0,,1,-1,-1,-1
ENSMUSG00000031059-B,"2,4-Dimethoxybenzaldoxime",,,,-1.0,,1,-1,-1,-1
ENSMUSG00000031059-B,2-Aminoquinolin-8-ol,,,,1.0,,1,-1,-1,-1
ENSMUSG00000031059-B,"3,4-Dihydroxybenzaldehyde",-1.0,,,-1.0,,1,-1,-1,-1
ENSMUSG00000031059-B,Chlorobenzilate,,,,-1.0,,1,-1,-1,-1
ENSMUSG00000031099-B,"1,2-Bis(trimethylsiloxy)cyclohexene",,,,1.0,,1,-1,-1,-1
ENSMUSG00000031099-B,"13-Docosenamide, (Z)",,-1.0,,-1.0,,1,-1,-1,-1
ENSMUSG00000031099-B,"2,4-Dimethoxybenzaldoxime",,,,-1.0,,1,-1,-1,-1
ENSMUSG00000031099-B,2-Aminoquinolin-8-ol,,,,-1.0,,1,-1,-1,-1
ENSMUSG00000031099-B,"3,3-Dimethylacrylic acid",,,,-1.0,,1,-1,-1,-1
ENSMUSG00000031099-B,"Benzene, 1-ethyl-3,5-dimethyl",,,,-1.0,,1,-1,-1,-1
ENSMUSG00000031099-B,L-(+)-Threose,,-1.0,,-1.0,,1,-1,-1,-1
ENSMUSG00000031099-B,Octadecanoic acid,,,,1.0,,1,-1,-1,-1
ENSMUSG00000031264-B,2-Aminoquinolin-8-ol,,,,-1.0,,1,-1,-1,-1
ENSMUSG00000031264-B,cis-2-Decenoic acid,,,,1.0,,1,-1,-1,-1
ENSMUSG00000031264-B,Isosorbide,-1.0,,,-1.0,,1,-1,-1,-1
ENSMUSG00000031264-B,L-Val-L-Leu,,1.0,,1.0,,1,-1,-1,-1
ENSMUSG00000031264-B,Tyr-Val,,,,1.0,,1,-1,-1,-1
ENSMUSG00000031355-B,"13-Docosenamide, (Z)",,1.0,,1.0,,1,-1,-1,-1
ENSMUSG00000031355-B,2-Aminoquinolin-8-ol,,,,1.0,,1,-1,-1,-1
ENSMUSG00000031355-B,"3,3-Dimethylacrylic acid",,,,-1.0,,1,-1,-1,-1
ENSMUSG00000031355-B,"Benzene, 1-ethyl-3,5-dimethyl",,,,1.0,,1,-1,-1,-1
ENSMUSG00000031355-B,cis-2-Decenoic acid,,,,-1.0,,1,-1,-1,-1
ENSMUSG00000031355-B,L-(+)-Threose,,1.0,,1.0,,1,-1,-1,-1
ENSMUSG00000031355-B,Luciferin,,,,-1.0,,1,-1,-1,-1
ENSMUSG00000031409-B,2-Aminoquinolin-8-ol,,,,1.0,,1,-1,-1,-1
ENSMUSG00000031409-B,2-Ethyl-1-butanol,,1.0,,1.0,,1,-1,-1,-1
ENSMUSG00000031409-B,2-Norbornanemethanol,,,,-1.0,,1,-1,-1,-1
ENSMUSG00000031409-B,"3-Hydroxy-7,3',4',5'-tetramethoxyflavone",,,,-1.0,,1,-1,-1,-1
ENSMUSG00000031409-B,Isosorbide,-1.0,,,-1.0,,1,-1,-1,-1
ENSMUSG00000031409-B,Luciferin,,,,-1.0,,1,-1,-1,-1
ENSMUSG00000031409-B,L-Val-L-Leu,,1.0,,1.0,,1,-1,-1,-1
ENSMUSG00000031409-B,"N-[(3,4,5-Trimethoxyphenyl)methylidene]hydroxylamine",,1.0,,1.0,,1,-1,-1,-1
ENSMUSG00000031409-B,Octadecanoic acid,,,,-1.0,,1,-1,-1,-1
ENSMUSG00000031659-B,"1,2-Bis(trimethylsiloxy)cyclohexene",,,,1.0,,1,-1,-1,-1
ENSMUSG00000031659-B,"1,2-Cinnolinedicarboxylic acid, 1,2,3,5,6,7,8,8a-octahydro-4-trimethylsilyloxy-, diethyl ester",,,,-1.0,,1,-1,-1,-1
ENSMUSG00000031659-B,"2,4-Dimethoxybenzaldoxime",,,,1.0,,1,-1,-1,-1
ENSMUSG00000031659-B,2-Aminoquinolin-8-ol,,,,1.0,,1,-1,-1,-1
ENSMUSG00000031659-B,2-Norbornanemethanol,,,,-1.0,,1,-1,-1,-1
ENSMUSG00000031659-B,7-Hydroxy-4-(methoxymethyl)coumarin,,-1.0,,-1.0,,1,-1,-1,-1
ENSMUSG00000031659-B,cis-2-Decenoic acid,,,,-1.0,,1,-1,-1,-1
ENSMUSG00000031659-B,Isosorbide,1.0,,,1.0,,1,-1,-1,-1
ENSMUSG00000031659-B,L-Val-L-Leu,,-1.0,,-1.0,,1,-1,-1,-1
ENSMUSG00000031659-B,"N-[(3,4,5-Trimethoxyphenyl)methylidene]hydroxylamine",,-1.0,,-1.0,,1,-1,-1,-1
ENSMUSG00000031659-B,Octadecanoic acid,,,,1.0,,1,-1,-1,-1
ENSMUSG00000031659-B,Tyr-Val,,,,-1.0,,1,-1,-1,-1
ENSMUSG00000031734-B,"1,2-Bis(trimethylsiloxy)cyclohexene",,,,-1.0,,1,-1,-1,-1
ENSMUSG00000031734-B,"1,2-Cinnolinedicarboxylic acid, 1,2,3,5,6,7,8,8a-octahydro-4-trimethylsilyloxy-, diethyl ester",,,,1.0,,1,-1,-1,-1
ENSMUSG00000031734-B,"13-Docosenamide, (Z)",,-1.0,,-1.0,,1,-1,-1,-1
ENSMUSG00000031734-B,"2,4-Dimethoxybenzaldoxime",,,,-1.0,,1,-1,-1,-1
ENSMUSG00000031734-B,2-Aminoquinolin-8-ol,,,,-1.0,,1,-1,-1,-1
ENSMUSG00000031734-B,cis-2-Decenoic acid,,,,1.0,,1,-1,-1,-1
ENSMUSG00000031734-B,Isosorbide,-1.0,,,-1.0,,1,-1,-1,-1
ENSMUSG00000031734-B,L-Val-L-Leu,,-1.0,,-1.0,,1,-1,-1,-1
ENSMUSG00000031734-B,Octadecanoic acid,,,,-1.0,,1,-1,-1,-1
ENSMUSG00000031734-B,Tyr-Val,,,,1.0,,1,-1,-1,-1
ENSMUSG00000031775-B,Isosorbide,1.0,,,1.0,,1,-1,-1,-1
ENSMUSG00000031775-B,"l-Leucine, n-butoxycarbonyl-N-methyl-, hexadecyl ester",,,,-1.0,,1,-1,-1,-1
ENSMUSG00000031775-B,L-Val-L-Leu,,-1.0,,-1.0,,1,-1,-1,-1
ENSMUSG00000031788-B,2-Aminoquinolin-8-ol,,,,1.0,,1,-1,-1,-1
ENSMUSG00000031788-B,2-Norbornanemethanol,,,,-1.0,,1,-1,-1,-1
ENSMUSG00000031788-B,Isosorbide,1.0,,,1.0,,1,-1,-1,-1
ENSMUSG00000031788-B,L-Val-L-Leu,,1.0,,1.0,,1,-1,-1,-1
ENSMUSG00000031788-B,"N-[(3,4,5-Trimethoxyphenyl)methylidene]hydroxylamine",,1.0,,1.0,,1,-1,-1,-1
ENSMUSG00000031844-B,"1-(2,4-Dimethoxyphenyl)-propan-2-one",-0.5,-0.8944271909999157,-0.5,-0.8425925925925924,-1.0,1,1,1,1
ENSMUSG00000031844-B,"1,2-Cinnolinedicarboxylic acid, 1,2,3,5,6,7,8,8a-octahydro-4-trimethylsilyloxy-, diethyl ester",,,,1.0,,1,-1,-1,-1
ENSMUSG00000031844-B,2-Aminoquinolin-8-ol,,,,1.0,,1,-1,-1,-1
ENSMUSG00000031844-B,2-Norbornanemethanol,,,,-1.0,,1,-1,-1,-1
ENSMUSG00000031844-B,"3,3-Dimethylacrylic acid",,,,-1.0,,1,-1,-1,-1
ENSMUSG00000031844-B,"3,4-Dihydroxybenzaldehyde",-1.0,,,-1.0,,1,-1,-1,-1
ENSMUSG00000031844-B,4-tert-Butyldimethylsiloxy-3-penten-2-one,,-1.0,,-1.0,,1,-1,-1,-1
ENSMUSG00000031844-B,L-(+)-Threose,,1.0,,1.0,,1,-1,-1,-1
ENSMUSG00000031844-B,tert-butyl(dimethyl)silyl-2-([tert-butyl(dimethyl)silyl]oxy)hex-2-enoate,,1.0,,1.0,,1,-1,-1,-1
ENSMUSG00000031844-B,Tyr-Val,,,,1.0,,1,-1,-1,-1
ENSMUSG00000031872-B,"3,4-Dihydroxybenzaldehyde",1.0,,,1.0,,1,-1,-1,-1
ENSMUSG00000031872-B,"3-Hydroxy-7,3',4',5'-tetramethoxyflavone",,,,-1.0,,1,-1,-1,-1
ENSMUSG00000031872-B,L-Val-L-Leu,,1.0,,1.0,,1,-1,-1,-1
ENSMUSG00000031872-B,N-Caffeoyl-O-methyltyramine,,-0.753702346348183,-1.0,-0.8693049274624923,1.0,1,-1,-1,-1
ENSMUSG00000031951-B,"1,2-Bis(trimethylsiloxy)cyclohexene",,,,-1.0,,1,-1,-1,-1
ENSMUSG00000031951-B,2-Aminoquinolin-8-ol,,,,1.0,,1,-1,-1,-1
ENSMUSG00000031951-B,"3-Hydroxy-7,3',4',5'-tetramethoxyflavone",,,,1.0,,1,-1,-1,-1
ENSMUSG00000031951-B,cis-2-Decenoic acid,,,,-1.0,,1,-1,-1,-1
ENSMUSG00000031951-B,L-Ornithine,,,,1.0,,1,-1,-1,-1
ENSMUSG00000031951-B,"N-[(3,4,5-Trimethoxyphenyl)methylidene]hydroxylamine",,-1.0,,-1.0,,1,-1,-1,-1
ENSMUSG00000031951-B,Octadecanoic acid,,,,-1.0,,1,-1,-1,-1
ENSMUSG00000032018-B,"1,2-Cinnolinedicarboxylic acid, 1,2,3,5,6,7,8,8a-octahydro-4-trimethylsilyloxy-, diethyl ester",,,,-1.0,,1,-1,-1,-1
ENSMUSG00000032018-B,"2,4-Dimethoxybenzaldoxime",,,,-1.0,,1,-1,-1,-1
ENSMUSG00000032018-B,2-Aminoquinolin-8-ol,,,,1.0,,1,-1,-1,-1
ENSMUSG00000032018-B,"3,4-Dihydroxybenzaldehyde",-1.0,,,-1.0,,1,-1,-1,-1
ENSMUSG00000032018-B,cis-2-Decenoic acid,,,,-1.0,,1,-1,-1,-1
ENSMUSG00000032018-B,"l-Leucine, n-butoxycarbonyl-N-methyl-, hexadecyl ester",,,,1.0,,1,-1,-1,-1
ENSMUSG00000032018-B,L-Val-L-Leu,,-1.0,,-1.0,,1,-1,-1,-1
ENSMUSG00000032018-B,tert-butyl(dimethyl)silyl-2-([tert-butyl(dimethyl)silyl]oxy)hex-2-enoate,,-1.0,,-1.0,,1,-1,-1,-1
ENSMUSG00000032235-B,"1,2-Bis(trimethylsiloxy)cyclohexene",,,,-1.0,,1,-1,-1,-1
ENSMUSG00000032235-B,"2,4-Dimethoxybenzaldoxime",,,,1.0,,1,-1,-1,-1
ENSMUSG00000032235-B,3-(4-Methoxyphenyl)coumarin,,-1.0,,-1.0,,1,-1,-1,-1
ENSMUSG00000032235-B,"3,4-Dihydroxybenzaldehyde",1.0,,,1.0,,1,-1,-1,-1
ENSMUSG00000032235-B,7-Hydroxy-4-(methoxymethyl)coumarin,,1.0,,1.0,,1,-1,-1,-1
ENSMUSG00000032235-B,cis-2-Decenoic acid,,,,1.0,,1,-1,-1,-1
ENSMUSG00000032235-B,Diclofenac,,,,-1.0,,1,-1,-1,-1
ENSMUSG00000032235-B,L-(+)-Threose,,1.0,,1.0,,1,-1,-1,-1
ENSMUSG00000032235-B,L-Val-L-Leu,,1.0,,1.0,,1,-1,-1,-1
ENSMUSG00000032243-B,"1,2-Cinnolinedicarboxylic acid, 1,2,3,5,6,7,8,8a-octahydro-4-trimethylsilyloxy-, diethyl ester",,,,-1.0,,1,-1,-1,-1
ENSMUSG00000032243-B,"13-Docosenamide, (Z)",,1.0,,1.0,,1,-1,-1,-1
ENSMUSG00000032243-B,2-Norbornanemethanol,,,,-1.0,,1,-1,-1,-1
ENSMUSG00000032243-B,cis-2-Decenoic acid,,,,-1.0,,1,-1,-1,-1
ENSMUSG00000032243-B,L-(+)-Threose,,1.0,,1.0,,1,-1,-1,-1
ENSMUSG00000032251-B,"13-Docosenamide, (Z)",,1.0,,1.0,,1,-1,-1,-1
ENSMUSG00000032251-B,2-Norbornanemethanol,,,,-1.0,,1,-1,-1,-1
ENSMUSG00000032251-B,"4,5-Dihydro-1H-pyrazole",,,,-1.0,,1,-1,-1,-1
ENSMUSG00000032251-B,cis-2-Decenoic acid,,,,1.0,,1,-1,-1,-1
ENSMUSG00000032251-B,Isosorbide,-1.0,,,-1.0,,1,-1,-1,-1
ENSMUSG00000032251-B,L-Val-L-Leu,,1.0,,1.0,,1,-1,-1,-1
ENSMUSG00000032251-B,tert-butyl(dimethyl)silyl-2-([tert-butyl(dimethyl)silyl]oxy)hex-2-enoate,,1.0,,1.0,,1,-1,-1,-1
ENSMUSG00000032251-B,Tyr-Val,,,,1.0,,1,-1,-1,-1
ENSMUSG00000032295-B,"1,2-Bis(trimethylsiloxy)cyclohexene",,,,1.0,,1,-1,-1,-1
ENSMUSG00000032295-B,"1,2-Cinnolinedicarboxylic acid, 1,2,3,5,6,7,8,8a-octahydro-4-trimethylsilyloxy-, diethyl ester",,,,-1.0,,1,-1,-1,-1
ENSMUSG00000032295-B,"13-Docosenamide, (Z)",,1.0,,1.0,,1,-1,-1,-1
ENSMUSG00000032295-B,"2-Butene-1,4-diol",,1.0,,0.9856107606091624,,1,-1,-1,-1
ENSMUSG00000032295-B,2-Norbornanemethanol,,,,-1.0,,1,-1,-1,-1
ENSMUSG00000032295-B,"3-Hydroxy-7,3',4',5'-tetramethoxyflavone",,,,-1.0,,1,-1,-1,-1
ENSMUSG00000032295-B,L-Pyroglutamic acid,,0.8660254037844387,,0.9856107606091624,,1,-1,-1,-1
ENSMUSG00000032295-B,L-Val-L-Leu,,1.0,,1.0,,1,-1,-1,-1
ENSMUSG00000032295-B,Octadecanoic acid,,,,1.0,,1,-1,-1,-1
ENSMUSG00000032300-B,"1,2-Cinnolinedicarboxylic acid, 1,2,3,5,6,7,8,8a-octahydro-4-trimethylsilyloxy-, diethyl ester",,,,-1.0,,1,-1,-1,-1
ENSMUSG00000032300-B,"13-Docosenamide, (Z)",,1.0,,1.0,,1,-1,-1,-1
ENSMUSG00000032300-B,2-Aminoquinolin-8-ol,,,,1.0,,1,-1,-1,-1
ENSMUSG00000032300-B,2-Norbornanemethanol,,,,-1.0,,1,-1,-1,-1
ENSMUSG00000032300-B,"3-Hydroxy-7,3',4',5'-tetramethoxyflavone",,,,-1.0,,1,-1,-1,-1
ENSMUSG00000032300-B,L-(+)-Threose,,1.0,,1.0,,1,-1,-1,-1
ENSMUSG00000032300-B,"l-Leucine, n-butoxycarbonyl-N-methyl-, hexadecyl ester",,,,-1.0,,1,-1,-1,-1
ENSMUSG00000032300-B,L-Val-L-Leu,,1.0,,1.0,,1,-1,-1,-1
ENSMUSG00000032307-B,"1,2-Cinnolinedicarboxylic acid, 1,2,3,5,6,7,8,8a-octahydro-4-trimethylsilyloxy-, diethyl ester",,,,1.0,,1,-1,-1,-1
ENSMUSG00000032307-B,2-Norbornanemethanol,,,,1.0,,1,-1,-1,-1
ENSMUSG00000032307-B,3-Aminobenzoic acid,,-0.7142857142857143,-1.0,-0.8428267880196796,1.0,1,-1,-1,-1
ENSMUSG00000032307-B,"3-Hydroxy-7,3',4',5'-tetramethoxyflavone",,,,1.0,,1,-1,-1,-1
ENSMUSG00000032307-B,Isosorbide,1.0,,,1.0,,1,-1,-1,-1
ENSMUSG00000032307-B,Octadecanoic acid,,,,1.0,,1,-1,-1,-1
ENSMUSG00000032308-B,"1,2-Cinnolinedicarboxylic acid, 1,2,3,5,6,7,8,8a-octahydro-4-trimethylsilyloxy-, diethyl ester",,,,1.0,,1,-1,-1,-1
ENSMUSG00000032308-B,2-Norbornanemethanol,,,,-1.0,,1,-1,-1,-1
ENSMUSG00000032308-B,"3,4-Dihydroxybenzaldehyde",1.0,,,1.0,,1,-1,-1,-1
ENSMUSG00000032308-B,"N-[(3,4,5-Trimethoxyphenyl)methylidene]hydroxylamine",,1.0,,1.0,,1,-1,-1,-1
ENSMUSG00000032308-B,Tyr-Val,,,,-1.0,,1,-1,-1,-1
ENSMUSG00000032334-B,"1,2-Cinnolinedicarboxylic acid, 1,2,3,5,6,7,8,8a-octahydro-4-trimethylsilyloxy-, diethyl ester",,,,1.0,,1,-1,-1,-1
ENSMUSG00000032334-B,"2,4-Dimethoxybenzaldoxime",,,,-1.0,,1,-1,-1,-1
ENSMUSG00000032334-B,"3,4-Dihydroxybenzaldehyde",-1.0,,,-1.0,,1,-1,-1,-1
ENSMUSG00000032334-B,"3-Hydroxy-7,3',4',5'-tetramethoxyflavone",,,,1.0,,1,-1,-1,-1
ENSMUSG00000032334-B,"l-Leucine, n-butoxycarbonyl-N-methyl-, hexadecyl ester",,,,1.0,,1,-1,-1,-1
ENSMUSG00000032334-B,L-Val-L-Leu,,1.0,,1.0,,1,-1,-1,-1
ENSMUSG00000032334-B,"N-[(3,4,5-Trimethoxyphenyl)methylidene]hydroxylamine",,1.0,,1.0,,1,-1,-1,-1
ENSMUSG00000032346-B,"1,2-Cinnolinedicarboxylic acid, 1,2,3,5,6,7,8,8a-octahydro-4-trimethylsilyloxy-, diethyl ester",,,,1.0,,1,-1,-1,-1
ENSMUSG00000032346-B,"3,3-Dimethylacrylic acid",,,,-1.0,,1,-1,-1,-1
ENSMUSG00000032346-B,"3-Hydroxy-7,3',4',5'-tetramethoxyflavone",,,,1.0,,1,-1,-1,-1
ENSMUSG00000032346-B,"Benzene, 1-ethyl-3,5-dimethyl",,,,1.0,,1,-1,-1,-1
ENSMUSG00000032346-B,L-(+)-Threose,,1.0,,1.0,,1,-1,-1,-1
ENSMUSG00000032346-B,"N-[(3,4,5-Trimethoxyphenyl)methylidene]hydroxylamine",,1.0,,1.0,,1,-1,-1,-1
ENSMUSG00000032387-B,"1,2-Bis(trimethylsiloxy)cyclohexene",,,,-1.0,,1,-1,-1,-1
ENSMUSG00000032387-B,2-Aminoquinolin-8-ol,,,,1.0,,1,-1,-1,-1
ENSMUSG00000032387-B,"3,3-Dimethylacrylic acid",,,,1.0,,1,-1,-1,-1
ENSMUSG00000032387-B,Isosorbide,1.0,,,1.0,,1,-1,-1,-1
ENSMUSG00000032387-B,L-Val-L-Leu,,1.0,,1.0,,1,-1,-1,-1
ENSMUSG00000032387-B,Synephrine,1.0,0.3768511731740915,0.8660254037844387,0.8526368275743421,,1,-1,-1,-1
ENSMUSG00000032387-B,Tyr-Val,,,,-1.0,,1,-1,-1,-1
ENSMUSG00000032481-B,"1,2-Cinnolinedicarboxylic acid, 1,2,3,5,6,7,8,8a-octahydro-4-trimethylsilyloxy-, diethyl ester",,,,1.0,,1,-1,-1,-1
ENSMUSG00000032481-B,2-Norbornanemethanol,,,,1.0,,1,-1,-1,-1
ENSMUSG00000032481-B,"3-Hydroxy-7,3',4',5'-tetramethoxyflavone",,,,1.0,,1,-1,-1,-1
ENSMUSG00000032481-B,Isosorbide,1.0,,,1.0,,1,-1,-1,-1
ENSMUSG00000032481-B,L-(+)-Threose,,-1.0,,-1.0,,1,-1,-1,-1
ENSMUSG00000032481-B,L-Glutamic acid,,1.0,,1.0,,1,-1,-1,-1
ENSMUSG00000032481-B,L-Val-L-Leu,,1.0,,1.0,,1,-1,-1,-1
ENSMUSG00000032526-B,"1,2-Cinnolinedicarboxylic acid, 1,2,3,5,6,7,8,8a-octahydro-4-trimethylsilyloxy-, diethyl ester",,,,-1.0,,1,-1,-1,-1
ENSMUSG00000032526-B,"2,4-Dimethoxybenzaldoxime",,,,1.0,,1,-1,-1,-1
ENSMUSG00000032526-B,2-Aminoquinolin-8-ol,,,,1.0,,1,-1,-1,-1
ENSMUSG00000032526-B,"Benzene, 1-ethyl-3,5-dimethyl",,,,1.0,,1,-1,-1,-1
ENSMUSG00000032526-B,cis-2-Decenoic acid,,,,-1.0,,1,-1,-1,-1
ENSMUSG00000032526-B,Glycine,-0.5,-0.8406680016960503,-0.5,-0.8315840663996671,-1.0,1,1,1,1
ENSMUSG00000032526-B,L-Glutamic acid,,-1.0,,-1.0,,1,-1,-1,-1
ENSMUSG00000032526-B,L-Val-L-Leu,,-1.0,,-1.0,,1,-1,-1,-1
ENSMUSG00000032691-B,"1,2-Cinnolinedicarboxylic acid, 1,2,3,5,6,7,8,8a-octahydro-4-trimethylsilyloxy-, diethyl ester",,,,1.0,,1,-1,-1,-1
ENSMUSG00000032691-B,2-Norbornanemethanol,,,,1.0,,1,-1,-1,-1
ENSMUSG00000032691-B,"3,4-Dihydroxybenzaldehyde",-1.0,,,-1.0,,1,-1,-1,-1
ENSMUSG00000032691-B,"3-Hydroxy-7,3',4',5'-tetramethoxyflavone",,,,1.0,,1,-1,-1,-1
ENSMUSG00000032691-B,"l-Leucine, n-butoxycarbonyl-N-methyl-, hexadecyl ester",,,,1.0,,1,-1,-1,-1
ENSMUSG00000032691-B,"N-[(3,4,5-Trimethoxyphenyl)methylidene]hydroxylamine",,1.0,,1.0,,1,-1,-1,-1
ENSMUSG00000032691-B,Prostaglandin,,,-1.0,-0.9856107606091624,,1,-1,-1,-1
ENSMUSG00000032691-B,Tyr-Val,,,,1.0,,1,-1,-1,-1
ENSMUSG00000032727-B,2-Aminoquinolin-8-ol,,,,1.0,,1,-1,-1,-1
ENSMUSG00000032727-B,"3,4-Dihydroxybenzaldehyde",-1.0,,,-1.0,,1,-1,-1,-1
ENSMUSG00000032727-B,"3-Hydroxy-7,3',4',5'-tetramethoxyflavone",,,,1.0,,1,-1,-1,-1
ENSMUSG00000032727-B,"4,5-Dihydro-1H-pyrazole",,,,-1.0,,1,-1,-1,-1
ENSMUSG00000032727-B,L-(+)-Threose,,-1.0,,-1.0,,1,-1,-1,-1
ENSMUSG00000032727-B,L-Val-L-Leu,,1.0,,1.0,,1,-1,-1,-1
ENSMUSG00000032727-B,"N-[(3,4,5-Trimethoxyphenyl)methylidene]hydroxylamine",,-1.0,,-1.0,,1,-1,-1,-1
ENSMUSG00000032727-B,tert-butyl(dimethyl)silyl-2-([tert-butyl(dimethyl)silyl]oxy)hex-2-enoate,,1.0,,1.0,,1,-1,-1,-1
ENSMUSG00000032727-B,Tyr-Val,,,,1.0,,1,-1,-1,-1
ENSMUSG00000032737-B,"1,2-Bis(trimethylsiloxy)cyclohexene",,,,-1.0,,1,-1,-1,-1
ENSMUSG00000032737-B,"3,3-Dimethylacrylic acid",,,,1.0,,1,-1,-1,-1
ENSMUSG00000032737-B,Chlorobenzilate,,,,-1.0,,1,-1,-1,-1
ENSMUSG00000032737-B,Isosorbide,1.0,,,1.0,,1,-1,-1,-1
ENSMUSG00000032737-B,L-(+)-Threose,,1.0,,1.0,,1,-1,-1,-1
ENSMUSG00000032737-B,Luciferin,,,,1.0,,1,-1,-1,-1
ENSMUSG00000032737-B,L-Val-L-Leu,,1.0,,1.0,,1,-1,-1,-1
ENSMUSG00000032737-B,"N-[(3,4,5-Trimethoxyphenyl)methylidene]hydroxylamine",,1.0,,1.0,,1,-1,-1,-1
ENSMUSG00000032816-B,"13-Docosenamide, (Z)",,-1.0,,-1.0,,1,-1,-1,-1
ENSMUSG00000032816-B,2-Norbornanemethanol,,,,-1.0,,1,-1,-1,-1
ENSMUSG00000032816-B,Chlorobenzilate,,,,-1.0,,1,-1,-1,-1
ENSMUSG00000032816-B,"l-Leucine, n-butoxycarbonyl-N-methyl-, hexadecyl ester",,,,1.0,,1,-1,-1,-1
ENSMUSG00000032816-B,L-Val-L-Leu,,1.0,,1.0,,1,-1,-1,-1
ENSMUSG00000032878-B,2-Aminoquinolin-8-ol,,,,1.0,,1,-1,-1,-1
ENSMUSG00000032878-B,2-Methyl-3-pentanol,,-1.0,,-0.9642857142857144,1.0,1,-1,-1,-1
ENSMUSG00000032878-B,"3-Hydroxy-7,3',4',5'-tetramethoxyflavone",,,,-1.0,,1,-1,-1,-1
ENSMUSG00000032878-B,7-Hydroxy-4-(methoxymethyl)coumarin,,-1.0,,-1.0,,1,-1,-1,-1
ENSMUSG00000032878-B,cis-2-Decenoic acid,,,,-1.0,,1,-1,-1,-1
ENSMUSG00000032878-B,"l-Leucine, n-butoxycarbonyl-N-methyl-, hexadecyl ester",,,,-1.0,,1,-1,-1,-1
ENSMUSG00000033106-B,"1,2-Bis(trimethylsiloxy)cyclohexene",,,,1.0,,1,-1,-1,-1
ENSMUSG00000033106-B,4-tert-Butyldimethylsiloxy-3-penten-2-one,,1.0,,1.0,,1,-1,-1,-1
ENSMUSG00000033106-B,L-(+)-Threose,,-1.0,,-1.0,,1,-1,-1,-1
ENSMUSG00000033106-B,Sulindac,,-1.0,,-1.0,,1,-1,-1,-1
ENSMUSG00000033106-B,Supraene,,-0.8999999999999998,,-0.95,,1,-1,-1,-1
ENSMUSG00000033106-B,Tyr-Val,,,,1.0,,1,-1,-1,-1
ENSMUSG00000033356-B,2-Aminoquinolin-8-ol,,,,1.0,,1,-1,-1,-1
ENSMUSG00000033356-B,"3-Hydroxy-7,3',4',5'-tetramethoxyflavone",,,,1.0,,1,-1,-1,-1
ENSMUSG00000033356-B,cis-2-Decenoic acid,,,,-1.0,,1,-1,-1,-1
ENSMUSG00000033356-B,Isosorbide,1.0,,,1.0,,1,-1,-1,-1
ENSMUSG00000033356-B,L-(+)-Threose,,1.0,,1.0,,1,-1,-1,-1
ENSMUSG00000033356-B,Tyr-Val,,,,-1.0,,1,-1,-1,-1
ENSMUSG00000033411-B,"1,2-Bis(trimethylsiloxy)cyclohexene",,,,1.0,,1,-1,-1,-1
ENSMUSG00000033411-B,"13-Docosenamide, (Z)",,-1.0,,-1.0,,1,-1,-1,-1
ENSMUSG00000033411-B,"2,4-Dimethoxybenzaldoxime",,,,1.0,,1,-1,-1,-1
ENSMUSG00000033411-B,2-Norbornanemethanol,,,,-1.0,,1,-1,-1,-1
ENSMUSG00000033411-B,"Benzene, 1-ethyl-3,5-dimethyl",,,,-1.0,,1,-1,-1,-1
ENSMUSG00000033411-B,Isosorbide,1.0,,,1.0,,1,-1,-1,-1
ENSMUSG00000033411-B,Octadecanoic acid,,,,1.0,,1,-1,-1,-1
ENSMUSG00000033420-B,"1,2-Cinnolinedicarboxylic acid, 1,2,3,5,6,7,8,8a-octahydro-4-trimethylsilyloxy-, diethyl ester",,,,-1.0,,1,-1,-1,-1
ENSMUSG00000033420-B,"13-Docosenamide, (Z)",,-1.0,,-1.0,,1,-1,-1,-1
ENSMUSG00000033420-B,"3-Hydroxy-7,3',4',5'-tetramethoxyflavone",,,,1.0,,1,-1,-1,-1
ENSMUSG00000033420-B,Chlorobenzilate,,,,-1.0,,1,-1,-1,-1
ENSMUSG00000033420-B,L-(+)-Threose,,-1.0,,-1.0,,1,-1,-1,-1
ENSMUSG00000033420-B,L-Glutamic acid,,-1.0,,-1.0,,1,-1,-1,-1
ENSMUSG00000033427-B,"13-Docosenamide, (Z)",,-1.0,,-1.0,,1,-1,-1,-1
ENSMUSG00000033427-B,"3-Hydroxy-7,3',4',5'-tetramethoxyflavone",,,,-1.0,,1,-1,-1,-1
ENSMUSG00000033427-B,Glabridin,,,,-1.0,,1,-1,-1,-1
ENSMUSG00000033427-B,Isosorbide,-1.0,,,-1.0,,1,-1,-1,-1
ENSMUSG00000033427-B,L-Ornithine,,,,1.0,,1,-1,-1,-1
ENSMUSG00000033427-B,Octadecanoic acid,,,,-1.0,,1,-1,-1,-1
ENSMUSG00000033554-B,"13-Docosenamide, (Z)",,1.0,,1.0,,1,-1,-1,-1
ENSMUSG00000033554-B,2-Norbornanemethanol,,,,-1.0,,1,-1,-1,-1
ENSMUSG00000033554-B,"3-Hydroxy-7,3',4',5'-tetramethoxyflavone",,,,-1.0,,1,-1,-1,-1
ENSMUSG00000033554-B,4-tert-Butyldimethylsiloxy-3-penten-2-one,,-1.0,,-1.0,,1,-1,-1,-1
ENSMUSG00000033554-B,7-Hydroxy-4-(methoxymethyl)coumarin,,-1.0,,-1.0,,1,-1,-1,-1
ENSMUSG00000033554-B,Isosorbide,-1.0,,,-1.0,,1,-1,-1,-1
ENSMUSG00000033554-B,Luciferin,,,,-1.0,,1,-1,-1,-1
ENSMUSG00000033554-B,Octadecanoic acid,,,,-1.0,,1,-1,-1,-1
ENSMUSG00000033554-B,tert-butyl(dimethyl)silyl-2-([tert-butyl(dimethyl)silyl]oxy)hex-2-enoate,,1.0,,1.0,,1,-1,-1,-1
ENSMUSG00000033581-B,"1,2-Cinnolinedicarboxylic acid, 1,2,3,5,6,7,8,8a-octahydro-4-trimethylsilyloxy-, diethyl ester",,,,-1.0,,1,-1,-1,-1
ENSMUSG00000033581-B,2-Norbornanemethanol,,,,-1.0,,1,-1,-1,-1
ENSMUSG00000033581-B,"3,4-Dihydroxybenzaldehyde",-1.0,,,-1.0,,1,-1,-1,-1
ENSMUSG00000033581-B,"N-[(3,4,5-Trimethoxyphenyl)methylidene]hydroxylamine",,1.0,,1.0,,1,-1,-1,-1
ENSMUSG00000033684-B,"1,2-Bis(trimethylsiloxy)cyclohexene",,,,1.0,,1,-1,-1,-1
ENSMUSG00000033684-B,"1,2-Cinnolinedicarboxylic acid, 1,2,3,5,6,7,8,8a-octahydro-4-trimethylsilyloxy-, diethyl ester",,,,-1.0,,1,-1,-1,-1
ENSMUSG00000033684-B,"13-Docosenamide, (Z)",,-1.0,,-1.0,,1,-1,-1,-1
ENSMUSG00000033684-B,2-Norbornanemethanol,,,,-1.0,,1,-1,-1,-1
ENSMUSG00000033684-B,3-(4-Methoxyphenyl)coumarin,,1.0,,1.0,,1,-1,-1,-1
ENSMUSG00000033684-B,"3-Hydroxy-7,3',4',5'-tetramethoxyflavone",,,,-1.0,,1,-1,-1,-1
ENSMUSG00000033684-B,Isosorbide,-1.0,,,-1.0,,1,-1,-1,-1
ENSMUSG00000033740-B,2-Aminoquinolin-8-ol,,,,1.0,,1,-1,-1,-1
ENSMUSG00000033740-B,cis-2-Decenoic acid,,,,-1.0,,1,-1,-1,-1
ENSMUSG00000033740-B,Isosorbide,1.0,,,1.0,,1,-1,-1,-1
ENSMUSG00000033740-B,Octadecanoic acid,,,,1.0,,1,-1,-1,-1
ENSMUSG00000033740-B,Urea,-0.5,-0.9856107606091624,-1.0,-0.8471119499577373,,1,-1,-1,-1
ENSMUSG00000033906-B,"(2R)-Pyrrolidine-1,2-dicarboxylic acid, bis(tert-butyldimethylsilyl) ester",-0.5,-0.8696565534786727,-1.0,-0.9071817764981586,,1,-1,-1,-1
ENSMUSG00000033906-B,"1,2-Bis(trimethylsiloxy)cyclohexene",,,,-1.0,,1,-1,-1,-1
ENSMUSG00000033906-B,"3,3-Dimethylacrylic acid",,,,1.0,,1,-1,-1,-1
ENSMUSG00000033906-B,L-(+)-Threose,,-1.0,,-1.0,,1,-1,-1,-1
ENSMUSG00000033906-B,Octadecanoic acid,,,,-1.0,,1,-1,-1,-1
ENSMUSG00000033906-B,Sulindac,,-1.0,,-1.0,,1,-1,-1,-1
ENSMUSG00000033938-B,"2-Allyl-1,4-dimethoxybenzene",-1.0,-0.7714285714285715,-0.8660254037844387,-0.8803035190049984,-1.0,1,1,1,1
ENSMUSG00000033938-B,"3,4-Dihydroxybenzaldehyde",-1.0,,,-1.0,,1,-1,-1,-1
ENSMUSG00000033938-B,cis-2-Decenoic acid,,,,-1.0,,1,-1,-1,-1
ENSMUSG00000033938-B,Glycolic acid,-0.5,-0.8406680016960503,-1.0,-0.8400819752692913,,1,-1,-1,-1
ENSMUSG00000033938-B,L-(+)-Threose,,1.0,,1.0,,1,-1,-1,-1
ENSMUSG00000033938-B,Octadecanoic acid,,,,-1.0,,1,-1,-1,-1
ENSMUSG00000033938-B,"Phenol, 2,4-bis(1-methyl-1-phenylethyl)-",-1.0,-0.6,-1.0,-0.8231186002975568,-1.0,1,1,1,1
ENSMUSG00000033938-B,Tyr-Val,,,,1.0,,1,-1,-1,-1
ENSMUSG00000034006-B,"13-Docosenamide, (Z)",,-1.0,,-1.0,,1,-1,-1,-1
ENSMUSG00000034006-B,7-Hydroxy-4-(methoxymethyl)coumarin,,-1.0,,-1.0,,1,-1,-1,-1
ENSMUSG00000034006-B,Cycloheptanol,-0.5,-0.8116794499134279,-1.0,-0.8491280340452296,,1,-1,-1,-1
ENSMUSG00000034006-B,Isosorbide,1.0,,,1.0,,1,-1,-1,-1
ENSMUSG00000034118-B,"1,2-Bis(trimethylsiloxy)cyclohexene",,,,-1.0,,1,-1,-1,-1
ENSMUSG00000034118-B,"1,2-Cinnolinedicarboxylic acid, 1,2,3,5,6,7,8,8a-octahydro-4-trimethylsilyloxy-, diethyl ester",,,,-1.0,,1,-1,-1,-1
ENSMUSG00000034118-B,"13-Docosenamide, (Z)",,-1.0,,-1.0,,1,-1,-1,-1
ENSMUSG00000034118-B,2-Aminoquinolin-8-ol,,,,1.0,,1,-1,-1,-1
ENSMUSG00000034118-B,L-Val-L-Leu,,1.0,,1.0,,1,-1,-1,-1
ENSMUSG00000034118-B,Octadecanoic acid,,,,-1.0,,1,-1,-1,-1
ENSMUSG00000034126-B,"3-Hydroxy-7,3',4',5'-tetramethoxyflavone",,,,1.0,,1,-1,-1,-1
ENSMUSG00000034126-B,"4,5-Dihydro-1H-pyrazole",,,,-1.0,,1,-1,-1,-1
ENSMUSG00000034126-B,"l-Norvaline, n-propargyloxycarbonyl-, isohexyl ester",,1.0,,0.9523809523809524,-1.0,1,-1,-1,-1
ENSMUSG00000034126-B,L-Val-L-Leu,,-1.0,,-1.0,,1,-1,-1,-1
ENSMUSG00000034126-B,"N-[(3,4,5-Trimethoxyphenyl)methylidene]hydroxylamine",,-1.0,,-1.0,,1,-1,-1,-1
ENSMUSG00000034460-B,"2,4-Dimethoxybenzaldoxime",,,,-1.0,,1,-1,-1,-1
ENSMUSG00000034460-B,2-Aminoquinolin-8-ol,,,,1.0,,1,-1,-1,-1
ENSMUSG00000034460-B,"2-Butene-1,4-diol",,-1.0,,-0.9856107606091624,,1,-1,-1,-1
ENSMUSG00000034460-B,3-(4-Methoxyphenyl)coumarin,,1.0,,1.0,,1,-1,-1,-1
ENSMUSG00000034460-B,cis-2-Decenoic acid,,,,-1.0,,1,-1,-1,-1
ENSMUSG00000034460-B,Diclofenac,,,,1.0,,1,-1,-1,-1
ENSMUSG00000034460-B,L-(+)-Threose,,-1.0,,-1.0,,1,-1,-1,-1
ENSMUSG00000034460-B,L-Val-L-Leu,,-1.0,,-1.0,,1,-1,-1,-1
ENSMUSG00000034480-B,"1,2-Cinnolinedicarboxylic acid, 1,2,3,5,6,7,8,8a-octahydro-4-trimethylsilyloxy-, diethyl ester",,,,-1.0,,1,-1,-1,-1
ENSMUSG00000034480-B,2-Norbornanemethanol,,,,-1.0,,1,-1,-1,-1
ENSMUSG00000034480-B,"3-Hydroxy-7,3',4',5'-tetramethoxyflavone",,,,-1.0,,1,-1,-1,-1
ENSMUSG00000034480-B,L-Lysine,,0.7142857142857143,1.0,0.8428267880196796,,1,-1,-1,-1
ENSMUSG00000034480-B,"N-[(3,4,5-Trimethoxyphenyl)methylidene]hydroxylamine",,-1.0,,-1.0,,1,-1,-1,-1
ENSMUSG00000034486-B,"1,2-Bis(trimethylsiloxy)cyclohexene",,,,1.0,,1,-1,-1,-1
ENSMUSG00000034486-B,"1,2-Cinnolinedicarboxylic acid, 1,2,3,5,6,7,8,8a-octahydro-4-trimethylsilyloxy-, diethyl ester",,,,-1.0,,1,-1,-1,-1
ENSMUSG00000034486-B,2-Norbornanemethanol,,,,1.0,,1,-1,-1,-1
ENSMUSG00000034486-B,4-tert-Butyldimethylsiloxy-3-penten-2-one,,1.0,,1.0,,1,-1,-1,-1
ENSMUSG00000034486-B,cis-2-Decenoic acid,,,,-1.0,,1,-1,-1,-1
ENSMUSG00000034486-B,Isosorbide,1.0,,,1.0,,1,-1,-1,-1
ENSMUSG00000034486-B,"N-[(3,4,5-Trimethoxyphenyl)methylidene]hydroxylamine",,1.0,,1.0,,1,-1,-1,-1
ENSMUSG00000034486-B,Octadecanoic acid,,,,1.0,,1,-1,-1,-1
ENSMUSG00000034486-B,tert-butyl(dimethyl)silyl-2-([tert-butyl(dimethyl)silyl]oxy)hex-2-enoate,,-1.0,,-1.0,,1,-1,-1,-1
ENSMUSG00000034509-B,2-Aminoquinolin-8-ol,,,,1.0,,1,-1,-1,-1
ENSMUSG00000034509-B,"2-Methylcyclohexanol, (Z)",1.0,-0.4058397249567139,-0.8660254037844387,-0.8481041912882634,,1,-1,-1,-1
ENSMUSG00000034509-B,"3-Hydroxy-7,3',4',5'-tetramethoxyflavone",,,,-1.0,,1,-1,-1,-1
ENSMUSG00000034509-B,"4,5-Dihydro-1H-pyrazole",,,,1.0,,1,-1,-1,-1
ENSMUSG00000034509-B,Chlorobenzilate,,,,-1.0,,1,-1,-1,-1
ENSMUSG00000034509-B,cis-2-Decenoic acid,,,,-1.0,,1,-1,-1,-1
ENSMUSG00000034509-B,Glycine,-1.0,-0.1739313106957345,-1.0,-0.8456192405161171,1.0,1,-1,-1,-1
ENSMUSG00000034509-B,Isosorbide,-1.0,,,-1.0,,1,-1,-1,-1
ENSMUSG00000034509-B,L-(+)-Threose,,-1.0,,-1.0,,1,-1,-1,-1
ENSMUSG00000034509-B,L-Ornithine,,,,1.0,,1,-1,-1,-1
ENSMUSG00000034509-B,"N-[(3,4,5-Trimethoxyphenyl)methylidene]hydroxylamine",,-1.0,,-1.0,,1,-1,-1,-1
ENSMUSG00000034509-B,Octadecanoic acid,,,,-1.0,,1,-1,-1,-1
ENSMUSG00000034520-B,2-Aminoquinolin-8-ol,,,,1.0,,1,-1,-1,-1
ENSMUSG00000034520-B,"3-Hydroxy-7,3',4',5'-tetramethoxyflavone",,,,-1.0,,1,-1,-1,-1
ENSMUSG00000034520-B,cis-2-Decenoic acid,,,,-1.0,,1,-1,-1,-1
ENSMUSG00000034520-B,"l-Leucine, n-butoxycarbonyl-N-methyl-, hexadecyl ester",,,,-1.0,,1,-1,-1,-1
ENSMUSG00000034520-B,"N-[(3,4,5-Trimethoxyphenyl)methylidene]hydroxylamine",,-1.0,,-1.0,,1,-1,-1,-1
ENSMUSG00000034575-B,"1,2-Bis(trimethylsiloxy)cyclohexene",,,,-1.0,,1,-1,-1,-1
ENSMUSG00000034575-B,2-Aminoquinolin-8-ol,,,,1.0,,1,-1,-1,-1
ENSMUSG00000034575-B,3-(4-Methoxyphenyl)coumarin,,1.0,,1.0,,1,-1,-1,-1
ENSMUSG00000034575-B,"3-Hydroxy-7,3',4',5'-tetramethoxyflavone",,,,-1.0,,1,-1,-1,-1
ENSMUSG00000034575-B,cis-2-Decenoic acid,,,,-1.0,,1,-1,-1,-1
ENSMUSG00000034575-B,L-Glutamic acid,,-1.0,,-1.0,,1,-1,-1,-1
ENSMUSG00000034706-B,"2,4-Dimethoxybenzaldoxime",,,,1.0,,1,-1,-1,-1
ENSMUSG00000034706-B,2-Norbornanemethanol,,,,-1.0,,1,-1,-1,-1
ENSMUSG00000034706-B,"3-Hydroxy-7,3',4',5'-tetramethoxyflavone",,,,1.0,,1,-1,-1,-1
ENSMUSG00000034706-B,Luciferin,,,,-1.0,,1,-1,-1,-1
ENSMUSG00000034706-B,"N-[(3,4,5-Trimethoxyphenyl)methylidene]hydroxylamine",,-1.0,,-1.0,,1,-1,-1,-1
ENSMUSG00000034706-B,tert-butyl(dimethyl)silyl-2-([tert-butyl(dimethyl)silyl]oxy)hex-2-enoate,,1.0,,1.0,,1,-1,-1,-1
ENSMUSG00000034762-B,"1,2-Bis(trimethylsiloxy)cyclohexene",,,,1.0,,1,-1,-1,-1
ENSMUSG00000034762-B,"1,2-Cinnolinedicarboxylic acid, 1,2,3,5,6,7,8,8a-octahydro-4-trimethylsilyloxy-, diethyl ester",,,,-1.0,,1,-1,-1,-1
ENSMUSG00000034762-B,2-Norbornanemethanol,,,,-1.0,,1,-1,-1,-1
ENSMUSG00000034762-B,Isosorbide,-1.0,,,-1.0,,1,-1,-1,-1
ENSMUSG00000034762-B,"N-[(3,4,5-Trimethoxyphenyl)methylidene]hydroxylamine",,-1.0,,-1.0,,1,-1,-1,-1
ENSMUSG00000034762-B,Propanoic acid,,-0.8720815992723809,,-0.9700772721497396,,1,-1,-1,-1
ENSMUSG00000034762-B,Tyr-Val,,,,1.0,,1,-1,-1,-1
ENSMUSG00000034892-B,"1,2-Cinnolinedicarboxylic acid, 1,2,3,5,6,7,8,8a-octahydro-4-trimethylsilyloxy-, diethyl ester",,,,-1.0,,1,-1,-1,-1
ENSMUSG00000034892-B,"13-Docosenamide, (Z)",,-1.0,,-1.0,,1,-1,-1,-1
ENSMUSG00000034892-B,"3,4-Dihydroxybenzaldehyde",-1.0,,,-1.0,,1,-1,-1,-1
ENSMUSG00000034892-B,Chlorobenzilate,,,,-1.0,,1,-1,-1,-1
ENSMUSG00000034892-B,Tyr-Val,,,,1.0,,1,-1,-1,-1
ENSMUSG00000035168-B,2-Aminoquinolin-8-ol,,,,1.0,,1,-1,-1,-1
ENSMUSG00000035168-B,"3-Hydroxy-7,3',4',5'-tetramethoxyflavone",,,,-1.0,,1,-1,-1,-1
ENSMUSG00000035168-B,7-Hydroxy-4-(methoxymethyl)coumarin,,-1.0,,-1.0,,1,-1,-1,-1
ENSMUSG00000035168-B,cis-2-Decenoic acid,,,,-1.0,,1,-1,-1,-1
ENSMUSG00000035168-B,L-Val-L-Leu,,-1.0,,-1.0,,1,-1,-1,-1
ENSMUSG00000035168-B,"N-[(3,4,5-Trimethoxyphenyl)methylidene]hydroxylamine",,-1.0,,-1.0,,1,-1,-1,-1
ENSMUSG00000035168-B,Sulindac,,-1.0,,-1.0,,1,-1,-1,-1
ENSMUSG00000035234-B,"1,2-Cinnolinedicarboxylic acid, 1,2,3,5,6,7,8,8a-octahydro-4-trimethylsilyloxy-, diethyl ester",,,,-1.0,,1,-1,-1,-1
ENSMUSG00000035234-B,2-Norbornanemethanol,,,,-1.0,,1,-1,-1,-1
ENSMUSG00000035234-B,6-Nitroveratryl alcohol,,-1.0,,-1.0,,1,-1,-1,-1
ENSMUSG00000035234-B,cis-2-Decenoic acid,,,,1.0,,1,-1,-1,-1
ENSMUSG00000035234-B,Isosorbide,-1.0,,,-1.0,,1,-1,-1,-1
ENSMUSG00000035234-B,Tyr-Val,,,,1.0,,1,-1,-1,-1
ENSMUSG00000035394-B,"13-Docosenamide, (Z)",,-1.0,,-1.0,,1,-1,-1,-1
ENSMUSG00000035394-B,2-Aminoquinolin-8-ol,,,,-1.0,,1,-1,-1,-1
ENSMUSG00000035394-B,"3-Hydroxy-7,3',4',5'-tetramethoxyflavone",,,,1.0,,1,-1,-1,-1
ENSMUSG00000035394-B,"4,5-Dihydro-1H-pyrazole",,,,-1.0,,1,-1,-1,-1
ENSMUSG00000035394-B,cis-2-Decenoic acid,,,,1.0,,1,-1,-1,-1
ENSMUSG00000035394-B,L-Val-L-Leu,,1.0,,1.0,,1,-1,-1,-1
ENSMUSG00000035441-B,"1,2-Cinnolinedicarboxylic acid, 1,2,3,5,6,7,8,8a-octahydro-4-trimethylsilyloxy-, diethyl ester",,,,-1.0,,1,-1,-1,-1
ENSMUSG00000035441-B,"13-Docosenamide, (Z)",,1.0,,1.0,,1,-1,-1,-1
ENSMUSG00000035441-B,2-Norbornanemethanol,,,,-1.0,,1,-1,-1,-1
ENSMUSG00000035441-B,cis-2-Decenoic acid,,,,1.0,,1,-1,-1,-1
ENSMUSG00000035441-B,Isosorbide,-1.0,,,-1.0,,1,-1,-1,-1
ENSMUSG00000035569-B,"1,2-Bis(trimethylsiloxy)cyclohexene",,,,1.0,,1,-1,-1,-1
ENSMUSG00000035569-B,2-Norbornanemethanol,,,,-1.0,,1,-1,-1,-1
ENSMUSG00000035569-B,"3,4-Dihydroxybenzaldehyde",1.0,,,1.0,,1,-1,-1,-1
ENSMUSG00000035569-B,"N-[(3,4,5-Trimethoxyphenyl)methylidene]hydroxylamine",,-1.0,,-1.0,,1,-1,-1,-1
ENSMUSG00000035569-B,Octadecanoic acid,,,,1.0,,1,-1,-1,-1
ENSMUSG00000035671-B,"3,4-Dihydroxybenzaldehyde",-1.0,,,-1.0,,1,-1,-1,-1
ENSMUSG00000035671-B,L-(+)-Threose,,1.0,,1.0,,1,-1,-1,-1
ENSMUSG00000035671-B,"N-[(3,4,5-Trimethoxyphenyl)methylidene]hydroxylamine",,1.0,,1.0,,1,-1,-1,-1
ENSMUSG00000035671-B,Tyr-Val,,,,1.0,,1,-1,-1,-1
ENSMUSG00000035835-B,2-Aminoquinolin-8-ol,,,,1.0,,1,-1,-1,-1
ENSMUSG00000035835-B,2-Norbornanemethanol,,,,-1.0,,1,-1,-1,-1
ENSMUSG00000035835-B,3-(4-Methoxyphenyl)coumarin,,1.0,,1.0,,1,-1,-1,-1
ENSMUSG00000035835-B,"3-Hydroxy-7,3',4',5'-tetramethoxyflavone",,,,-1.0,,1,-1,-1,-1
ENSMUSG00000035835-B,cis-2-Decenoic acid,,,,-1.0,,1,-1,-1,-1
ENSMUSG00000035835-B,"l-Leucine, n-butoxycarbonyl-N-methyl-, hexadecyl ester",,,,-1.0,,1,-1,-1,-1
ENSMUSG00000035941-B,"1,2-Bis(trimethylsiloxy)cyclohexene",,,,1.0,,1,-1,-1,-1
ENSMUSG00000035941-B,"13-Docosenamide, (Z)",,-1.0,,-1.0,,1,-1,-1,-1
ENSMUSG00000035941-B,2-Norbornanemethanol,,,,-1.0,,1,-1,-1,-1
ENSMUSG00000035941-B,"3,4-Dihydroxybenzaldehyde",-1.0,,,-1.0,,1,-1,-1,-1
ENSMUSG00000035941-B,Benzeneacetic acid,,1.0,,1.0,,1,-1,-1,-1
ENSMUSG00000035941-B,L-Val-L-Leu,,1.0,,1.0,,1,-1,-1,-1
ENSMUSG00000035948-B,2-Aminoquinolin-8-ol,,,,-1.0,,1,-1,-1,-1
ENSMUSG00000035948-B,"3,3-Dimethylacrylic acid",,,,-1.0,,1,-1,-1,-1
ENSMUSG00000035948-B,"3-Hydroxy-7,3',4',5'-tetramethoxyflavone",,,,1.0,,1,-1,-1,-1
ENSMUSG00000035948-B,4-tert-Butyldimethylsiloxy-3-penten-2-one,,-1.0,,-1.0,,1,-1,-1,-1
ENSMUSG00000035948-B,"l-Leucine, n-butoxycarbonyl-N-methyl-, hexadecyl ester",,,,1.0,,1,-1,-1,-1
ENSMUSG00000035948-B,Tyr-Val,,,,1.0,,1,-1,-1,-1
ENSMUSG00000035963-B,2-Aminoquinolin-8-ol,,,,-1.0,,1,-1,-1,-1
ENSMUSG00000035963-B,"3-Hydroxy-7,3',4',5'-tetramethoxyflavone",,,,-1.0,,1,-1,-1,-1
ENSMUSG00000035963-B,L-Val-L-Leu,,1.0,,1.0,,1,-1,-1,-1
ENSMUSG00000035963-B,Oleic Acid,1.0,,,1.0,,1,-1,-1,-1
ENSMUSG00000035969-B,2-Norbornanemethanol,,,,-1.0,,1,-1,-1,-1
ENSMUSG00000035969-B,"3-Hydroxy-7,3',4',5'-tetramethoxyflavone",,,,-1.0,,1,-1,-1,-1
ENSMUSG00000035969-B,"4,5-Dihydro-1H-pyrazole",,,,1.0,,1,-1,-1,-1
ENSMUSG00000035969-B,Chlorobenzilate,,,,-1.0,,1,-1,-1,-1
ENSMUSG00000035969-B,L-Val-L-Leu,,1.0,,1.0,,1,-1,-1,-1
ENSMUSG00000035969-B,"N-[(3,4,5-Trimethoxyphenyl)methylidene]hydroxylamine",,1.0,,1.0,,1,-1,-1,-1
ENSMUSG00000035983-B,"1,2-Cinnolinedicarboxylic acid, 1,2,3,5,6,7,8,8a-octahydro-4-trimethylsilyloxy-, diethyl ester",,,,-1.0,,1,-1,-1,-1
ENSMUSG00000035983-B,"13-Docosenamide, (Z)",,-1.0,,-1.0,,1,-1,-1,-1
ENSMUSG00000035983-B,2-Aminoquinolin-8-ol,,,,-1.0,,1,-1,-1,-1
ENSMUSG00000035983-B,2-Norbornanemethanol,,,,1.0,,1,-1,-1,-1
ENSMUSG00000035983-B,"3,4-Dihydroxybenzaldehyde",1.0,,,1.0,,1,-1,-1,-1
ENSMUSG00000035983-B,Benzeneacetic acid,,-1.0,,-1.0,,1,-1,-1,-1
ENSMUSG00000035983-B,cis-2-Decenoic acid,,,,1.0,,1,-1,-1,-1
ENSMUSG00000035983-B,Luciferin,,,,1.0,,1,-1,-1,-1
ENSMUSG00000035983-B,L-Val-L-Leu,,-1.0,,-1.0,,1,-1,-1,-1
ENSMUSG00000035983-B,Octadecanoic acid,,,,1.0,,1,-1,-1,-1
ENSMUSG00000036112-B,2-Aminoquinolin-8-ol,,,,1.0,,1,-1,-1,-1
ENSMUSG00000036112-B,2-Norbornanemethanol,,,,-1.0,,1,-1,-1,-1
ENSMUSG00000036112-B,cis-2-Decenoic acid,,,,-1.0,,1,-1,-1,-1
ENSMUSG00000036112-B,Isosorbide,1.0,,,1.0,,1,-1,-1,-1
ENSMUSG00000036112-B,L-(+)-Threose,,-1.0,,-1.0,,1,-1,-1,-1
ENSMUSG00000036112-B,"l-Leucine, n-butoxycarbonyl-N-methyl-, hexadecyl ester",,,,-1.0,,1,-1,-1,-1
ENSMUSG00000036112-B,L-Val-L-Leu,,1.0,,1.0,,1,-1,-1,-1
ENSMUSG00000036112-B,"N-[(3,4,5-Trimethoxyphenyl)methylidene]hydroxylamine",,-1.0,,-1.0,,1,-1,-1,-1
ENSMUSG00000036246-B,"1,2-Cinnolinedicarboxylic acid, 1,2,3,5,6,7,8,8a-octahydro-4-trimethylsilyloxy-, diethyl ester",,,,1.0,,1,-1,-1,-1
ENSMUSG00000036246-B,2-Aminoquinolin-8-ol,,,,-1.0,,1,-1,-1,-1
ENSMUSG00000036246-B,2-Norbornanemethanol,,,,1.0,,1,-1,-1,-1
ENSMUSG00000036246-B,"3,4-Dihydroxybenzaldehyde",1.0,,,1.0,,1,-1,-1,-1
ENSMUSG00000036246-B,L-(+)-Threose,,-1.0,,-1.0,,1,-1,-1,-1
ENSMUSG00000036246-B,L-Val-L-Leu,,1.0,,1.0,,1,-1,-1,-1
ENSMUSG00000036246-B,Tyr-Val,,,,-1.0,,1,-1,-1,-1
ENSMUSG00000036356-B,2-Aminoquinolin-8-ol,,,,1.0,,1,-1,-1,-1
ENSMUSG00000036356-B,3-(4-Methoxyphenyl)coumarin,,1.0,,1.0,,1,-1,-1,-1
ENSMUSG00000036356-B,"3,4-Dihydroxybenzaldehyde",1.0,,,1.0,,1,-1,-1,-1
ENSMUSG00000036356-B,"3-Hydroxy-7,3',4',5'-tetramethoxyflavone",,,,-1.0,,1,-1,-1,-1
ENSMUSG00000036356-B,"N-[(3,4,5-Trimethoxyphenyl)methylidene]hydroxylamine",,1.0,,1.0,,1,-1,-1,-1
ENSMUSG00000036356-B,Tyr-Val,,,,-1.0,,1,-1,-1,-1
ENSMUSG00000036712-B,2-Aminoquinolin-8-ol,,,,1.0,,1,-1,-1,-1
ENSMUSG00000036712-B,"2'-Hydroxy-2,4,4',5-tetramethoxychalcone",-0.8660254037844387,-0.8406680016960503,,-0.8572247806462147,-1.0,1,1,1,1
ENSMUSG00000036712-B,"2-Methylcyclohexanol, (Z)",0.5,-0.9856107606091624,0.0,-0.8410366563608612,,1,-1,-1,-1
ENSMUSG00000036712-B,3-(4-Methoxyphenyl)coumarin,,1.0,,1.0,,1,-1,-1,-1
ENSMUSG00000036712-B,"3,4-Dihydroxybenzaldehyde",1.0,,,1.0,,1,-1,-1,-1
ENSMUSG00000036712-B,3-Buten-2-one,-0.5,-0.8285714285714287,-0.5,-0.8251748251748254,1.0,1,-1,-1,-1
ENSMUSG00000036712-B,"3-Hydroxy-7,3',4',5'-tetramethoxyflavone",,,,-1.0,,1,-1,-1,-1
ENSMUSG00000036712-B,cis-2-Decenoic acid,,,,-1.0,,1,-1,-1,-1
ENSMUSG00000036712-B,"Cytosine, N-(tert-butyldimethylsilyl)-",-0.8660254037844387,-0.8857142857142858,-0.5,-0.8631632081616797,,1,-1,-1,-1
ENSMUSG00000036712-B,"Dodecanoic acid, 1-methylethyl ester",-0.5,-0.8857142857142858,-0.5,-0.824566479341442,,1,-1,-1,-1
ENSMUSG00000036712-B,Guanosine,,0.7999999999999999,1.0,0.9581010095306072,1.0,1,1,1,1
ENSMUSG00000036712-B,Isopropyl palmitate,0.0,-0.8406680016960503,-0.5,-0.8154770638597305,,1,-1,-1,-1
ENSMUSG00000036712-B,L-(+)-Threose,,-1.0,,-1.0,,1,-1,-1,-1
ENSMUSG00000036712-B,L-Tryptophan,-0.8660254037844387,-0.8857142857142858,-0.5,-0.8169216656366385,-1.0,1,1,1,1
ENSMUSG00000036712-B,Luciferin,,,,-1.0,,1,-1,-1,-1
ENSMUSG00000036712-B,L-Val-L-Leu,,-1.0,,-1.0,,1,-1,-1,-1
ENSMUSG00000036712-B,"N-[(3,4,5-Trimethoxyphenyl)methylidene]hydroxylamine",,-1.0,,-1.0,,1,-1,-1,-1
ENSMUSG00000036712-B,Tyr-Val,,,,-1.0,,1,-1,-1,-1
ENSMUSG00000036885-B,"3-Hydroxy-7,3',4',5'-tetramethoxyflavone",,,,1.0,,1,-1,-1,-1
ENSMUSG00000036885-B,Tyr-Val,,,,1.0,,1,-1,-1,-1
ENSMUSG00000036908-B,"1,2-Cinnolinedicarboxylic acid, 1,2,3,5,6,7,8,8a-octahydro-4-trimethylsilyloxy-, diethyl ester",,,,-1.0,,1,-1,-1,-1
ENSMUSG00000036908-B,"13-Docosenamide, (Z)",,-1.0,,-1.0,,1,-1,-1,-1
ENSMUSG00000036908-B,Chlorobenzilate,,,,-1.0,,1,-1,-1,-1
ENSMUSG00000036908-B,cis-2-Decenoic acid,,,,1.0,,1,-1,-1,-1
ENSMUSG00000036915-B,"1-Heptanol, 2-propyl-",,0.9856107606091624,,0.9856107606091624,,1,-1,-1,-1
ENSMUSG00000036915-B,2-Norbornanemethanol,,,,-1.0,,1,-1,-1,-1
ENSMUSG00000036915-B,6-Nitroveratryl alcohol,,1.0,,1.0,,1,-1,-1,-1
ENSMUSG00000036915-B,Glabridin,,,,1.0,,1,-1,-1,-1
ENSMUSG00000036915-B,Luciferin,,,,1.0,,1,-1,-1,-1
ENSMUSG00000036915-B,L-Val-L-Leu,,1.0,,1.0,,1,-1,-1,-1
ENSMUSG00000036915-B,"N-[(3,4,5-Trimethoxyphenyl)methylidene]hydroxylamine",,1.0,,1.0,,1,-1,-1,-1
ENSMUSG00000037025-B,"1,2-Cinnolinedicarboxylic acid, 1,2,3,5,6,7,8,8a-octahydro-4-trimethylsilyloxy-, diethyl ester",,,,-1.0,,1,-1,-1,-1
ENSMUSG00000037025-B,"3-Hydroxy-7,3',4',5'-tetramethoxyflavone",,,,-1.0,,1,-1,-1,-1
ENSMUSG00000037025-B,7-Hydroxy-4-(methoxymethyl)coumarin,,-1.0,,-1.0,,1,-1,-1,-1
ENSMUSG00000037025-B,Chlorobenzilate,,,,-1.0,,1,-1,-1,-1
ENSMUSG00000037025-B,cis-2-Decenoic acid,,,,-1.0,,1,-1,-1,-1
ENSMUSG00000037025-B,L-(+)-Threose,,-1.0,,-1.0,,1,-1,-1,-1
ENSMUSG00000037025-B,"N-[(3,4,5-Trimethoxyphenyl)methylidene]hydroxylamine",,-1.0,,-1.0,,1,-1,-1,-1
ENSMUSG00000037025-B,Octadecanoic acid,,,,1.0,,1,-1,-1,-1
ENSMUSG00000037103-B,2-Aminoquinolin-8-ol,,,,1.0,,1,-1,-1,-1
ENSMUSG00000037103-B,"3-Hydroxy-7,3',4',5'-tetramethoxyflavone",,,,-1.0,,1,-1,-1,-1
ENSMUSG00000037103-B,cis-2-Decenoic acid,,,,-1.0,,1,-1,-1,-1
ENSMUSG00000037103-B,L-(+)-Threose,,1.0,,1.0,,1,-1,-1,-1
ENSMUSG00000037103-B,L-Val-L-Leu,,-1.0,,-1.0,,1,-1,-1,-1
ENSMUSG00000037148-B,"2,4-Dimethoxybenzaldoxime",,,,1.0,,1,-1,-1,-1
ENSMUSG00000037148-B,2-Aminoquinolin-8-ol,,,,1.0,,1,-1,-1,-1
ENSMUSG00000037148-B,2-Norbornanemethanol,,,,-1.0,,1,-1,-1,-1
ENSMUSG00000037148-B,"3,4-Dihydroxybenzaldehyde",-1.0,,,-1.0,,1,-1,-1,-1
ENSMUSG00000037148-B,"3-Hydroxy-7,3',4',5'-tetramethoxyflavone",,,,1.0,,1,-1,-1,-1
ENSMUSG00000037148-B,"N-[(3,4,5-Trimethoxyphenyl)methylidene]hydroxylamine",,-1.0,,-1.0,,1,-1,-1,-1
ENSMUSG00000037148-B,tert-butyl(dimethyl)silyl-2-([tert-butyl(dimethyl)silyl]oxy)hex-2-enoate,,1.0,,1.0,,1,-1,-1,-1
ENSMUSG00000037341-B,"3-Hydroxy-7,3',4',5'-tetramethoxyflavone",,,,1.0,,1,-1,-1,-1
ENSMUSG00000037341-B,"4,5-Dihydro-1H-pyrazole",,,,-1.0,,1,-1,-1,-1
ENSMUSG00000037341-B,Isosorbide,1.0,,,1.0,,1,-1,-1,-1
ENSMUSG00000037341-B,"L-Histidine, N,1-bis(tert-butyldimethylsilyl)-",-0.5,-0.6377481392176932,-0.5,-0.912286317569255,,1,-1,-1,-1
ENSMUSG00000037341-B,"N-[(3,4,5-Trimethoxyphenyl)methylidene]hydroxylamine",,1.0,,1.0,,1,-1,-1,-1
ENSMUSG00000037341-B,Octadecanoic acid,,,,1.0,,1,-1,-1,-1
ENSMUSG00000037353-B,"1,2-Cinnolinedicarboxylic acid, 1,2,3,5,6,7,8,8a-octahydro-4-trimethylsilyloxy-, diethyl ester",,,,-1.0,,1,-1,-1,-1
ENSMUSG00000037353-B,"13-Docosenamide, (Z)",,-1.0,,-1.0,,1,-1,-1,-1
ENSMUSG00000037353-B,2-Ethyl-1-butanol,,1.0,,1.0,,1,-1,-1,-1
ENSMUSG00000037353-B,2-Norbornanemethanol,,,,-1.0,,1,-1,-1,-1
ENSMUSG00000037353-B,"3-Hydroxy-7,3',4',5'-tetramethoxyflavone",,,,-1.0,,1,-1,-1,-1
ENSMUSG00000037353-B,Chlorobenzilate,,,,-1.0,,1,-1,-1,-1
ENSMUSG00000037353-B,Isosorbide,-1.0,,,-1.0,,1,-1,-1,-1
ENSMUSG00000037353-B,L-Val-L-Leu,,1.0,,1.0,,1,-1,-1,-1
ENSMUSG00000037366-B,"3,3-Dimethylacrylic acid",,,,1.0,,1,-1,-1,-1
ENSMUSG00000037366-B,"3,4-Dihydroxybenzaldehyde",1.0,,,1.0,,1,-1,-1,-1
ENSMUSG00000037366-B,"3-Hydroxy-7,3',4',5'-tetramethoxyflavone",,,,-1.0,,1,-1,-1,-1
ENSMUSG00000037366-B,4-tert-Butyldimethylsiloxy-3-penten-2-one,,1.0,,1.0,,1,-1,-1,-1
ENSMUSG00000037366-B,"N-[(3,4,5-Trimethoxyphenyl)methylidene]hydroxylamine",,1.0,,1.0,,1,-1,-1,-1
ENSMUSG00000037366-B,tert-butyl(dimethyl)silyl-2-([tert-butyl(dimethyl)silyl]oxy)hex-2-enoate,,-1.0,,-1.0,,1,-1,-1,-1
ENSMUSG00000037366-B,Tyr-Val,,,,-1.0,,1,-1,-1,-1
ENSMUSG00000037437-B,2-Norbornanemethanol,,,,-1.0,,1,-1,-1,-1
ENSMUSG00000037437-B,8-Methylnonanoic acid,0.8660254037844387,0.6176470588235294,0.8660254037844387,0.8914170290177973,-1.0,1,-1,-1,-1
ENSMUSG00000037437-B,cis-2-Decenoic acid,,,,1.0,,1,-1,-1,-1
ENSMUSG00000037437-B,"N-[(3,4,5-Trimethoxyphenyl)methylidene]hydroxylamine",,-1.0,,-1.0,,1,-1,-1,-1
ENSMUSG00000037437-B,Oleic Acid,1.0,,,1.0,,1,-1,-1,-1
ENSMUSG00000037437-B,tert-butyl(dimethyl)silyl-2-([tert-butyl(dimethyl)silyl]oxy)hex-2-enoate,,1.0,,1.0,,1,-1,-1,-1
ENSMUSG00000037514-B,"13-Docosenamide, (Z)",,-1.0,,-1.0,,1,-1,-1,-1
ENSMUSG00000037514-B,"2,3-Butanediol, O-(trimethylsilyl)-, monoacetate",-1.0,-0.9746794344808964,-0.8660254037844387,-0.8513930525146008,,1,-1,-1,-1
ENSMUSG00000037514-B,"2,4-Dimethoxybenzaldoxime",,,,-1.0,,1,-1,-1,-1
ENSMUSG00000037514-B,"2,4-Di-tert-butylphenol",-1.0,,-1.0,-0.9549937104572924,-1.0,1,1,1,1
ENSMUSG00000037514-B,"3,4-Dihydroxybenzaldehyde",-1.0,,,-1.0,,1,-1,-1,-1
ENSMUSG00000037514-B,Butanedioic acid,-1.0,-0.942857142857143,-1.0,-0.8724281949682505,,1,-1,-1,-1
ENSMUSG00000037514-B,cis-2-Decenoic acid,,,,-1.0,,1,-1,-1,-1
ENSMUSG00000037514-B,L-(+)-Threose,,-1.0,,-1.0,,1,-1,-1,-1
ENSMUSG00000037514-B,tert-butyl(dimethyl)silyl-2-([tert-butyl(dimethyl)silyl]oxy)hex-2-enoate,,-1.0,,-1.0,,1,-1,-1,-1
ENSMUSG00000037514-B,Tyr-Val,,,,1.0,,1,-1,-1,-1
ENSMUSG00000037578-B,"1,2-Bis(trimethylsiloxy)cyclohexene",,,,1.0,,1,-1,-1,-1
ENSMUSG00000037578-B,"13-Docosenamide, (Z)",,1.0,,1.0,,1,-1,-1,-1
ENSMUSG00000037578-B,"2,4-Dimethoxybenzaldoxime",,,,1.0,,1,-1,-1,-1
ENSMUSG00000037578-B,Chlorobenzilate,,,,1.0,,1,-1,-1,-1
ENSMUSG00000037578-B,cis-2-Decenoic acid,,,,-1.0,,1,-1,-1,-1
ENSMUSG00000037578-B,Glabridin,,,,1.0,,1,-1,-1,-1
ENSMUSG00000037578-B,L-(+)-Threose,,1.0,,1.0,,1,-1,-1,-1
ENSMUSG00000037578-B,Octadecanoic acid,,,,1.0,,1,-1,-1,-1
ENSMUSG00000037709-B,2-Aminoquinolin-8-ol,,,,1.0,,1,-1,-1,-1
ENSMUSG00000037709-B,2-Norbornanemethanol,,,,-1.0,,1,-1,-1,-1
ENSMUSG00000037709-B,"3,4-Dihydroxybenzaldehyde",-1.0,,,-1.0,,1,-1,-1,-1
ENSMUSG00000037709-B,L-(+)-Threose,,-1.0,,-1.0,,1,-1,-1,-1
ENSMUSG00000037709-B,"N-[(3,4,5-Trimethoxyphenyl)methylidene]hydroxylamine",,-1.0,,-1.0,,1,-1,-1,-1
ENSMUSG00000037709-B,Norephedrine,0.5,1.0,0.5,0.9333333333333332,,1,-1,-1,-1
ENSMUSG00000037709-B,Octadecanoic acid,,,,-1.0,,1,-1,-1,-1
ENSMUSG00000037824-B,2-Norbornanemethanol,,,,-1.0,,1,-1,-1,-1
ENSMUSG00000037824-B,"3-Hydroxy-7,3',4',5'-tetramethoxyflavone",,,,-1.0,,1,-1,-1,-1
ENSMUSG00000037824-B,Isosorbide,-1.0,,,-1.0,,1,-1,-1,-1
ENSMUSG00000037824-B,Octadecanoic acid,,,,-1.0,,1,-1,-1,-1
ENSMUSG00000038070-B,"1,2-Bis(trimethylsiloxy)cyclohexene",,,,1.0,,1,-1,-1,-1
ENSMUSG00000038070-B,2-Norbornanemethanol,,,,-1.0,,1,-1,-1,-1
ENSMUSG00000038070-B,"3-Hydroxy-7,3',4',5'-tetramethoxyflavone",,,,1.0,,1,-1,-1,-1
ENSMUSG00000038070-B,Chlorobenzilate,,,,1.0,,1,-1,-1,-1
ENSMUSG00000038070-B,L-(+)-Threose,,-1.0,,-1.0,,1,-1,-1,-1
ENSMUSG00000038070-B,"N-[(3,4,5-Trimethoxyphenyl)methylidene]hydroxylamine",,-1.0,,-1.0,,1,-1,-1,-1
ENSMUSG00000038070-B,tert-butyl(dimethyl)silyl-2-([tert-butyl(dimethyl)silyl]oxy)hex-2-enoate,,1.0,,1.0,,1,-1,-1,-1
ENSMUSG00000038324-B,"1,2-Cinnolinedicarboxylic acid, 1,2,3,5,6,7,8,8a-octahydro-4-trimethylsilyloxy-, diethyl ester",,,,-1.0,,1,-1,-1,-1
ENSMUSG00000038324-B,"13-Docosenamide, (Z)",,-1.0,,-1.0,,1,-1,-1,-1
ENSMUSG00000038324-B,2-Aminoquinolin-8-ol,,,,1.0,,1,-1,-1,-1
ENSMUSG00000038324-B,"3-Hydroxy-7,3',4',5'-tetramethoxyflavone",,,,-1.0,,1,-1,-1,-1
ENSMUSG00000038324-B,"4,5-Dihydro-1H-pyrazole",,,,1.0,,1,-1,-1,-1
ENSMUSG00000038324-B,Glycine,-1.0,-0.3188740696088466,-0.5,-0.8280752728705546,1.0,1,-1,-1,-1
ENSMUSG00000038324-B,Isosorbide,-1.0,,,-1.0,,1,-1,-1,-1
ENSMUSG00000038324-B,L-Val-L-Leu,,-1.0,,-1.0,,1,-1,-1,-1
ENSMUSG00000038324-B,Octacosanol,,-0.7999999999999999,,-0.9549937104572924,,1,-1,-1,-1
ENSMUSG00000038324-B,Octadecanoic acid,,,,-1.0,,1,-1,-1,-1
ENSMUSG00000038344-B,"1,2-Cinnolinedicarboxylic acid, 1,2,3,5,6,7,8,8a-octahydro-4-trimethylsilyloxy-, diethyl ester",,,,1.0,,1,-1,-1,-1
ENSMUSG00000038344-B,"2,4-Dimethoxybenzaldoxime",,,,1.0,,1,-1,-1,-1
ENSMUSG00000038344-B,Chlorobenzilate,,,,1.0,,1,-1,-1,-1
ENSMUSG00000038344-B,cis-2-Decenoic acid,,,,-1.0,,1,-1,-1,-1
ENSMUSG00000038344-B,Isosorbide,-1.0,,,-1.0,,1,-1,-1,-1
ENSMUSG00000038344-B,L-Ornithine,,,,1.0,,1,-1,-1,-1
ENSMUSG00000038344-B,"N-[(3,4,5-Trimethoxyphenyl)methylidene]hydroxylamine",,-1.0,,-1.0,,1,-1,-1,-1
ENSMUSG00000038344-B,Octadecanoic acid,,,,-1.0,,1,-1,-1,-1
ENSMUSG00000038371-B,"1,2-Bis(trimethylsiloxy)cyclohexene",,,,1.0,,1,-1,-1,-1
ENSMUSG00000038371-B,"1,2-Cinnolinedicarboxylic acid, 1,2,3,5,6,7,8,8a-octahydro-4-trimethylsilyloxy-, diethyl ester",,,,-1.0,,1,-1,-1,-1
ENSMUSG00000038371-B,"13-Docosenamide, (Z)",,1.0,,1.0,,1,-1,-1,-1
ENSMUSG00000038371-B,"2,4-Dimethoxybenzaldoxime",,,,1.0,,1,-1,-1,-1
ENSMUSG00000038371-B,"3-Hydroxy-7,3',4',5'-tetramethoxyflavone",,,,-1.0,,1,-1,-1,-1
ENSMUSG00000038371-B,cis-2-Decenoic acid,,,,-1.0,,1,-1,-1,-1
ENSMUSG00000038371-B,L-(+)-Threose,,1.0,,1.0,,1,-1,-1,-1
ENSMUSG00000038371-B,L-Val-L-Leu,,1.0,,1.0,,1,-1,-1,-1
ENSMUSG00000038371-B,Octadecanoic acid,,,,1.0,,1,-1,-1,-1
ENSMUSG00000038453-B,"13-Docosenamide, (Z)",,1.0,,1.0,,1,-1,-1,-1
ENSMUSG00000038453-B,"3,4-Dihydroxybenzaldehyde",1.0,,,1.0,,1,-1,-1,-1
ENSMUSG00000038453-B,"4,5-Dihydro-1H-pyrazole",,,,1.0,,1,-1,-1,-1
ENSMUSG00000038507-B,cis-2-Decenoic acid,,,,-1.0,,1,-1,-1,-1
ENSMUSG00000038507-B,L-(+)-Threose,,-1.0,,-1.0,,1,-1,-1,-1
ENSMUSG00000038507-B,Luciferin,,,,-1.0,,1,-1,-1,-1
ENSMUSG00000038507-B,"N-[(3,4,5-Trimethoxyphenyl)methylidene]hydroxylamine",,-1.0,,-1.0,,1,-1,-1,-1
ENSMUSG00000038564-B,"1,2-Bis(trimethylsiloxy)cyclohexene",,,,1.0,,1,-1,-1,-1
ENSMUSG00000038564-B,"1,2-Cinnolinedicarboxylic acid, 1,2,3,5,6,7,8,8a-octahydro-4-trimethylsilyloxy-, diethyl ester",,,,-1.0,,1,-1,-1,-1
ENSMUSG00000038564-B,2-Norbornanemethanol,,,,-1.0,,1,-1,-1,-1
ENSMUSG00000038564-B,4-Methylvaleric acid,-0.5,0.7,1.0,0.8454545454545455,,1,-1,-1,-1
ENSMUSG00000038564-B,Glabridin,,,,1.0,,1,-1,-1,-1
ENSMUSG00000038564-B,Isosorbide,1.0,,,1.0,,1,-1,-1,-1
ENSMUSG00000038564-B,Octadecanoic acid,,,,1.0,,1,-1,-1,-1
ENSMUSG00000038605-B,"13-Docosenamide, (Z)",,1.0,,1.0,,1,-1,-1,-1
ENSMUSG00000038605-B,4-tert-Butyldimethylsiloxy-3-penten-2-one,,-1.0,,-1.0,,1,-1,-1,-1
ENSMUSG00000038605-B,Isosorbide,-1.0,,,-1.0,,1,-1,-1,-1
ENSMUSG00000038605-B,Luciferin,,,,-1.0,,1,-1,-1,-1
ENSMUSG00000038605-B,Octadecanoic acid,,,,-1.0,,1,-1,-1,-1
ENSMUSG00000038756-B,"1,2-Bis(trimethylsiloxy)cyclohexene",,,,1.0,,1,-1,-1,-1
ENSMUSG00000038756-B,"3-Hydroxy-7,3',4',5'-tetramethoxyflavone",,,,1.0,,1,-1,-1,-1
ENSMUSG00000038756-B,"N-[(3,4,5-Trimethoxyphenyl)methylidene]hydroxylamine",,1.0,,1.0,,1,-1,-1,-1
ENSMUSG00000038816-B,"13-Docosenamide, (Z)",,1.0,,1.0,,1,-1,-1,-1
ENSMUSG00000038816-B,2-Norbornanemethanol,,,,-1.0,,1,-1,-1,-1
ENSMUSG00000038816-B,"3,4-Dihydroxybenzaldehyde",-1.0,,,-1.0,,1,-1,-1,-1
ENSMUSG00000038816-B,"3-Hydroxy-7,3',4',5'-tetramethoxyflavone",,,,1.0,,1,-1,-1,-1
ENSMUSG00000038816-B,Frangulin,0.5,0.948683298050514,,0.8954053273686237,1.0,1,1,1,1
ENSMUSG00000038816-B,L-(+)-Threose,,1.0,,1.0,,1,-1,-1,-1
ENSMUSG00000038816-B,Sarcosine,,,,1.0,,1,-1,-1,-1
ENSMUSG00000038816-B,tert-butyl(dimethyl)silyl-2-([tert-butyl(dimethyl)silyl]oxy)hex-2-enoate,,1.0,,1.0,,1,-1,-1,-1
ENSMUSG00000038816-B,Tyr-Val,,,,1.0,,1,-1,-1,-1
ENSMUSG00000038843-B,2-Ethyl-1-butanol,,1.0,,1.0,,1,-1,-1,-1
ENSMUSG00000038843-B,Diclofenac,,,,1.0,,1,-1,-1,-1
ENSMUSG00000038843-B,L-(+)-Threose,,-1.0,,-1.0,,1,-1,-1,-1
ENSMUSG00000038843-B,L-Val-L-Leu,,1.0,,1.0,,1,-1,-1,-1
ENSMUSG00000038900-B,"1,2-Cinnolinedicarboxylic acid, 1,2,3,5,6,7,8,8a-octahydro-4-trimethylsilyloxy-, diethyl ester",,,,-1.0,,1,-1,-1,-1
ENSMUSG00000038900-B,"13-Docosenamide, (Z)",,-1.0,,-1.0,,1,-1,-1,-1
ENSMUSG00000038900-B,3-(4-Methoxyphenyl)coumarin,,1.0,,1.0,,1,-1,-1,-1
ENSMUSG00000038900-B,L-(+)-Threose,,-1.0,,-1.0,,1,-1,-1,-1
ENSMUSG00000038900-B,"l-Leucine, n-butoxycarbonyl-N-methyl-, hexadecyl ester",,,,1.0,,1,-1,-1,-1
ENSMUSG00000038900-B,L-Val-L-Leu,,-1.0,,-1.0,,1,-1,-1,-1
ENSMUSG00000039086-B,"1,2-Bis(trimethylsiloxy)cyclohexene",,,,1.0,,1,-1,-1,-1
ENSMUSG00000039086-B,"1,2-Cinnolinedicarboxylic acid, 1,2,3,5,6,7,8,8a-octahydro-4-trimethylsilyloxy-, diethyl ester",,,,-1.0,,1,-1,-1,-1
ENSMUSG00000039086-B,2-Ethyl-1-butanol,,1.0,,1.0,,1,-1,-1,-1
ENSMUSG00000039086-B,2-Norbornanemethanol,,,,-1.0,,1,-1,-1,-1
ENSMUSG00000039086-B,"3-Hydroxy-7,3',4',5'-tetramethoxyflavone",,,,-1.0,,1,-1,-1,-1
ENSMUSG00000039086-B,4-Methylvaleric acid,0.5,0.4999999999999999,1.0,0.881818181818182,,1,-1,-1,-1
ENSMUSG00000039086-B,Isosorbide,-1.0,,,-1.0,,1,-1,-1,-1
ENSMUSG00000039086-B,L-(+)-Threose,,1.0,,1.0,,1,-1,-1,-1
ENSMUSG00000039086-B,Luciferin,,,,-1.0,,1,-1,-1,-1
ENSMUSG00000039086-B,L-Val-L-Leu,,1.0,,1.0,,1,-1,-1,-1
ENSMUSG00000039191-B,"3,4-Dihydroxybenzaldehyde",-1.0,,,-1.0,,1,-1,-1,-1
ENSMUSG00000039191-B,"l-Leucine, n-butoxycarbonyl-N-methyl-, hexadecyl ester",,,,1.0,,1,-1,-1,-1
ENSMUSG00000039191-B,L-Val-L-Leu,,1.0,,1.0,,1,-1,-1,-1
ENSMUSG00000039191-B,Prostaglandin,,,-1.0,-0.9856107606091624,,1,-1,-1,-1
ENSMUSG00000039191-B,Tyr-Val,,,,1.0,,1,-1,-1,-1
ENSMUSG00000039367-B,"1,2-Bis(trimethylsiloxy)cyclohexene",,,,-1.0,,1,-1,-1,-1
ENSMUSG00000039367-B,"2,4-Dimethoxybenzaldoxime",,,,-1.0,,1,-1,-1,-1
ENSMUSG00000039367-B,L-Val-L-Leu,,-1.0,,-1.0,,1,-1,-1,-1
ENSMUSG00000039367-B,"N-[(3,4,5-Trimethoxyphenyl)methylidene]hydroxylamine",,1.0,,1.0,,1,-1,-1,-1
ENSMUSG00000039367-B,Octadecanoic acid,,,,-1.0,,1,-1,-1,-1
ENSMUSG00000039477-B,"1,2-Bis(trimethylsiloxy)cyclohexene",,,,1.0,,1,-1,-1,-1
ENSMUSG00000039477-B,"2,4-Dimethoxybenzaldoxime",,,,-1.0,,1,-1,-1,-1
ENSMUSG00000039477-B,"3,3-Dimethylacrylic acid",,,,-1.0,,1,-1,-1,-1
ENSMUSG00000039477-B,"Benzene, 1-ethyl-3,5-dimethyl",,,,-1.0,,1,-1,-1,-1
ENSMUSG00000039477-B,L-(+)-Threose,,-1.0,,-1.0,,1,-1,-1,-1
ENSMUSG00000039477-B,L-Val-L-Leu,,-1.0,,-1.0,,1,-1,-1,-1
ENSMUSG00000039477-B,"N-[(3,4,5-Trimethoxyphenyl)methylidene]hydroxylamine",,-1.0,,-1.0,,1,-1,-1,-1
ENSMUSG00000039477-B,Octadecanoic acid,,,,1.0,,1,-1,-1,-1
ENSMUSG00000039512-B,"1,2-Bis(trimethylsiloxy)cyclohexene",,,,1.0,,1,-1,-1,-1
ENSMUSG00000039512-B,"1,2-Cinnolinedicarboxylic acid, 1,2,3,5,6,7,8,8a-octahydro-4-trimethylsilyloxy-, diethyl ester",,,,-1.0,,1,-1,-1,-1
ENSMUSG00000039512-B,"13-Docosenamide, (Z)",,1.0,,1.0,,1,-1,-1,-1
ENSMUSG00000039512-B,"2,4-Dimethoxybenzaldoxime",,,,1.0,,1,-1,-1,-1
ENSMUSG00000039512-B,cis-2-Decenoic acid,,,,-1.0,,1,-1,-1,-1
ENSMUSG00000039512-B,Isosorbide,1.0,,,1.0,,1,-1,-1,-1
ENSMUSG00000039512-B,L-(+)-Threose,,1.0,,1.0,,1,-1,-1,-1
ENSMUSG00000039512-B,Octadecanoic acid,,,,1.0,,1,-1,-1,-1
ENSMUSG00000039536-B,"1,2-Cinnolinedicarboxylic acid, 1,2,3,5,6,7,8,8a-octahydro-4-trimethylsilyloxy-, diethyl ester",,,,-1.0,,1,-1,-1,-1
ENSMUSG00000039536-B,"13-Docosenamide, (Z)",,-1.0,,-1.0,,1,-1,-1,-1
ENSMUSG00000039536-B,2-Aminoquinolin-8-ol,,,,1.0,,1,-1,-1,-1
ENSMUSG00000039536-B,3-(4-Methoxyphenyl)coumarin,,1.0,,1.0,,1,-1,-1,-1
ENSMUSG00000039536-B,"3,4-Dihydroxybenzaldehyde",-1.0,,,-1.0,,1,-1,-1,-1
ENSMUSG00000039536-B,L-(+)-Threose,,-1.0,,-1.0,,1,-1,-1,-1
ENSMUSG00000039536-B,L-Val-L-Leu,,-1.0,,-1.0,,1,-1,-1,-1
ENSMUSG00000039536-B,Octadecanoic acid,,,,-1.0,,1,-1,-1,-1
ENSMUSG00000039828-B,"1,2-Bis(trimethylsiloxy)cyclohexene",,,,1.0,,1,-1,-1,-1
ENSMUSG00000039828-B,"13-Docosenamide, (Z)",,1.0,,1.0,,1,-1,-1,-1
ENSMUSG00000039828-B,2-Aminoquinolin-8-ol,,,,1.0,,1,-1,-1,-1
ENSMUSG00000039828-B,2-Norbornanemethanol,,,,-1.0,,1,-1,-1,-1
ENSMUSG00000039828-B,cis-2-Decenoic acid,,,,-1.0,,1,-1,-1,-1
ENSMUSG00000039828-B,Isosorbide,1.0,,,1.0,,1,-1,-1,-1
ENSMUSG00000039828-B,L-Val-L-Leu,,1.0,,1.0,,1,-1,-1,-1
ENSMUSG00000039828-B,Octadecanoic acid,,,,1.0,,1,-1,-1,-1
ENSMUSG00000039835-B,"2,4-Dimethoxybenzaldoxime",,,,-1.0,,1,-1,-1,-1
ENSMUSG00000039835-B,2-Aminoquinolin-8-ol,,,,1.0,,1,-1,-1,-1
ENSMUSG00000039835-B,"3,3-Dimethylacrylic acid",,,,-1.0,,1,-1,-1,-1
ENSMUSG00000039835-B,"3-Hydroxy-7,3',4',5'-tetramethoxyflavone",,,,1.0,,1,-1,-1,-1
ENSMUSG00000039835-B,cis-2-Decenoic acid,,,,-1.0,,1,-1,-1,-1
ENSMUSG00000039835-B,L-(+)-Threose,,-1.0,,-1.0,,1,-1,-1,-1
ENSMUSG00000039883-B,"1,2-Bis(trimethylsiloxy)cyclohexene",,,,1.0,,1,-1,-1,-1
ENSMUSG00000039883-B,"13-Docosenamide, (Z)",,-1.0,,-1.0,,1,-1,-1,-1
ENSMUSG00000039883-B,"2,4-Dimethoxybenzaldoxime",,,,-1.0,,1,-1,-1,-1
ENSMUSG00000039883-B,Isosorbide,1.0,,,1.0,,1,-1,-1,-1
ENSMUSG00000039883-B,Octadecanoic acid,,,,1.0,,1,-1,-1,-1
ENSMUSG00000039956-B,2-Aminoquinolin-8-ol,,,,1.0,,1,-1,-1,-1
ENSMUSG00000039956-B,L-Val-L-Leu,,-1.0,,-1.0,,1,-1,-1,-1
ENSMUSG00000039990-B,"1,2-Bis(trimethylsiloxy)cyclohexene",,,,-1.0,,1,-1,-1,-1
ENSMUSG00000039990-B,Isosorbide,-1.0,,,-1.0,,1,-1,-1,-1
ENSMUSG00000039990-B,"N-[(3,4,5-Trimethoxyphenyl)methylidene]hydroxylamine",,-1.0,,-1.0,,1,-1,-1,-1
ENSMUSG00000039990-B,Octadecanoic acid,,,,-1.0,,1,-1,-1,-1
ENSMUSG00000039990-B,Tyr-Val,,,,1.0,,1,-1,-1,-1
ENSMUSG00000040043-B,2-Aminoquinolin-8-ol,,,,-1.0,,1,-1,-1,-1
ENSMUSG00000040043-B,3-(4-Methoxyphenyl)coumarin,,-1.0,,-1.0,,1,-1,-1,-1
ENSMUSG00000040043-B,Chlorobenzilate,,,,-1.0,,1,-1,-1,-1
ENSMUSG00000040043-B,cis-2-Decenoic acid,,,,1.0,,1,-1,-1,-1
ENSMUSG00000040043-B,Octadecanoic acid,,,,1.0,,1,-1,-1,-1
ENSMUSG00000040276-B,"1,2-Cinnolinedicarboxylic acid, 1,2,3,5,6,7,8,8a-octahydro-4-trimethylsilyloxy-, diethyl ester",,,,-1.0,,1,-1,-1,-1
ENSMUSG00000040276-B,2-Aminoquinolin-8-ol,,,,1.0,,1,-1,-1,-1
ENSMUSG00000040276-B,2-Norbornanemethanol,,,,-1.0,,1,-1,-1,-1
ENSMUSG00000040276-B,"3-Hydroxy-7,3',4',5'-tetramethoxyflavone",,,,-1.0,,1,-1,-1,-1
ENSMUSG00000040276-B,"4,5-Dihydro-1H-pyrazole",,,,1.0,,1,-1,-1,-1
ENSMUSG00000040276-B,Chlorobenzilate,,,,-1.0,,1,-1,-1,-1
ENSMUSG00000040276-B,L-(+)-Threose,,1.0,,1.0,,1,-1,-1,-1
ENSMUSG00000040276-B,Tyr-Val,,,,-1.0,,1,-1,-1,-1
ENSMUSG00000040649-B,"13-Docosenamide, (Z)",,1.0,,1.0,,1,-1,-1,-1
ENSMUSG00000040649-B,2-Aminoquinolin-8-ol,,,,1.0,,1,-1,-1,-1
ENSMUSG00000040649-B,"2-Methylcyclohexanol, (Z)",1.0,-0.753702346348183,-0.8660254037844387,-0.9152457730985843,,1,-1,-1,-1
ENSMUSG00000040649-B,"3-Hydroxy-7,3',4',5'-tetramethoxyflavone",,,,-1.0,,1,-1,-1,-1
ENSMUSG00000040649-B,"4,5-Dihydro-1H-pyrazole",,,,1.0,,1,-1,-1,-1
ENSMUSG00000040649-B,cis-2-Decenoic acid,,,,-1.0,,1,-1,-1,-1
ENSMUSG00000040649-B,Glycine,-1.0,-0.8406680016960503,-0.5,-0.8807071758072423,1.0,1,-1,-1,-1
ENSMUSG00000040649-B,Isosorbide,-1.0,,,-1.0,,1,-1,-1,-1
ENSMUSG00000040649-B,Luciferin,,,,-1.0,,1,-1,-1,-1
ENSMUSG00000040649-B,L-Val-L-Leu,,-1.0,,-1.0,,1,-1,-1,-1
ENSMUSG00000040649-B,Octadecanoic acid,,,,-1.0,,1,-1,-1,-1
ENSMUSG00000040693-B,cis-2-Decenoic acid,,,,-1.0,,1,-1,-1,-1
ENSMUSG00000040693-B,"N-[(3,4,5-Trimethoxyphenyl)methylidene]hydroxylamine",,-1.0,,-1.0,,1,-1,-1,-1
ENSMUSG00000040729-B,"2-Methylcyclohexylamine, tert.-butyldimethylsilyl ether",,-1.0,,-1.0,,1,-1,-1,-1
ENSMUSG00000040729-B,4-tert-Butyldimethylsiloxy-3-penten-2-one,,1.0,,1.0,,1,-1,-1,-1
ENSMUSG00000040729-B,Isosorbide,1.0,,,1.0,,1,-1,-1,-1
ENSMUSG00000040729-B,L-(+)-Threose,,-1.0,,-1.0,,1,-1,-1,-1
ENSMUSG00000040729-B,L-Val-L-Leu,,1.0,,1.0,,1,-1,-1,-1
ENSMUSG00000040729-B,Octadecanoic acid,,,,1.0,,1,-1,-1,-1
ENSMUSG00000040797-B,"(2R)-Pyrrolidine-1,2-dicarboxylic acid, bis(tert-butyldimethylsilyl) ester",-0.5,-0.5797710356524484,-1.0,-0.8511396590310907,,1,-1,-1,-1
ENSMUSG00000040797-B,"13-Docosenamide, (Z)",,-1.0,,-1.0,,1,-1,-1,-1
ENSMUSG00000040797-B,2-Norbornanemethanol,,,,-1.0,,1,-1,-1,-1
ENSMUSG00000040797-B,"3,4-Dihydroxybenzaldehyde",1.0,,,1.0,,1,-1,-1,-1
ENSMUSG00000040797-B,"3-Hydroxy-7,3',4',5'-tetramethoxyflavone",,,,-1.0,,1,-1,-1,-1
ENSMUSG00000040797-B,"4,5-Dihydro-1H-pyrazole",,,,1.0,,1,-1,-1,-1
ENSMUSG00000040797-B,7-Hydroxy-4-(methoxymethyl)coumarin,,-1.0,,-1.0,,1,-1,-1,-1
ENSMUSG00000040797-B,L-Val-L-Leu,,-1.0,,-1.0,,1,-1,-1,-1
ENSMUSG00000040797-B,Tyr-Val,,,,-1.0,,1,-1,-1,-1
ENSMUSG00000040907-B,"13-Docosenamide, (Z)",,1.0,,1.0,,1,-1,-1,-1
ENSMUSG00000040907-B,2-Aminoquinolin-8-ol,,,,1.0,,1,-1,-1,-1
ENSMUSG00000040907-B,"2-Butene-1,4-diol",,1.0,,0.9856107606091624,,1,-1,-1,-1
ENSMUSG00000040907-B,"3-Hydroxy-7,3',4',5'-tetramethoxyflavone",,,,-1.0,,1,-1,-1,-1
ENSMUSG00000040918-B,"1,2-Cinnolinedicarboxylic acid, 1,2,3,5,6,7,8,8a-octahydro-4-trimethylsilyloxy-, diethyl ester",,,,-1.0,,1,-1,-1,-1
ENSMUSG00000040918-B,"2,4-Dimethoxybenzaldoxime",,,,-1.0,,1,-1,-1,-1
ENSMUSG00000040918-B,2-Aminoquinolin-8-ol,,,,1.0,,1,-1,-1,-1
ENSMUSG00000040918-B,"3,4-Dihydroxybenzaldehyde",-1.0,,,-1.0,,1,-1,-1,-1
ENSMUSG00000040918-B,cis-2-Decenoic acid,,,,-1.0,,1,-1,-1,-1
ENSMUSG00000040918-B,Diclofenac,,,,1.0,,1,-1,-1,-1
ENSMUSG00000040918-B,L-Glutamic acid,,-1.0,,-1.0,,1,-1,-1,-1
ENSMUSG00000040918-B,L-Val-L-Leu,,-1.0,,-1.0,,1,-1,-1,-1
ENSMUSG00000040918-B,"N-[(3,4,5-Trimethoxyphenyl)methylidene]hydroxylamine",,1.0,,1.0,,1,-1,-1,-1
ENSMUSG00000041020-B,"3,4-Dihydroxybenzaldehyde",1.0,,,1.0,,1,-1,-1,-1
ENSMUSG00000041020-B,Guanosine,,0.7999999999999999,1.0,0.9221722216732094,-1.0,1,-1,-1,-1
ENSMUSG00000041020-B,L-Val-L-Leu,,-1.0,,-1.0,,1,-1,-1,-1
ENSMUSG00000041020-B,"N-[(3,4,5-Trimethoxyphenyl)methylidene]hydroxylamine",,1.0,,1.0,,1,-1,-1,-1
ENSMUSG00000041057-B,"1,2-Bis(trimethylsiloxy)cyclohexene",,,,1.0,,1,-1,-1,-1
ENSMUSG00000041057-B,2-Aminoquinolin-8-ol,,,,1.0,,1,-1,-1,-1
ENSMUSG00000041057-B,2-Norbornanemethanol,,,,-1.0,,1,-1,-1,-1
ENSMUSG00000041057-B,"3,4-Dihydroxybenzaldehyde",-1.0,,,-1.0,,1,-1,-1,-1
ENSMUSG00000041057-B,L-(+)-Threose,,-1.0,,-1.0,,1,-1,-1,-1
ENSMUSG00000041057-B,L-Val-L-Leu,,1.0,,1.0,,1,-1,-1,-1
ENSMUSG00000041057-B,Tyr-Val,,,,1.0,,1,-1,-1,-1
ENSMUSG00000041133-B,"1,2-Bis(trimethylsiloxy)cyclohexene",,,,1.0,,1,-1,-1,-1
ENSMUSG00000041133-B,"Benzene, 1-ethyl-3,5-dimethyl",,,,-1.0,,1,-1,-1,-1
ENSMUSG00000041133-B,L-(+)-Threose,,-1.0,,-1.0,,1,-1,-1,-1
ENSMUSG00000041133-B,"N-[(3,4,5-Trimethoxyphenyl)methylidene]hydroxylamine",,-1.0,,-1.0,,1,-1,-1,-1
ENSMUSG00000041133-B,Octadecanoic acid,,,,1.0,,1,-1,-1,-1
ENSMUSG00000041147-B,"13-Docosenamide, (Z)",,1.0,,1.0,,1,-1,-1,-1
ENSMUSG00000041147-B,cis-2-Decenoic acid,,,,-1.0,,1,-1,-1,-1
ENSMUSG00000041147-B,Diclofenac,,,,1.0,,1,-1,-1,-1
ENSMUSG00000041147-B,Isosorbide,1.0,,,1.0,,1,-1,-1,-1
ENSMUSG00000041147-B,L-(+)-Threose,,1.0,,1.0,,1,-1,-1,-1
ENSMUSG00000041147-B,L-Ornithine,,,,-1.0,,1,-1,-1,-1
ENSMUSG00000041147-B,Octadecanoic acid,,,,1.0,,1,-1,-1,-1
ENSMUSG00000041308-B,cis-2-Decenoic acid,,,,1.0,,1,-1,-1,-1
ENSMUSG00000041308-B,Isosorbide,-1.0,,,-1.0,,1,-1,-1,-1
ENSMUSG00000041308-B,L-Val-L-Leu,,1.0,,1.0,,1,-1,-1,-1
ENSMUSG00000041308-B,"N-[(3,4,5-Trimethoxyphenyl)methylidene]hydroxylamine",,-1.0,,-1.0,,1,-1,-1,-1
ENSMUSG00000041308-B,tert-butyl(dimethyl)silyl-2-([tert-butyl(dimethyl)silyl]oxy)hex-2-enoate,,1.0,,1.0,,1,-1,-1,-1
ENSMUSG00000041308-B,Tyr-Val,,,,1.0,,1,-1,-1,-1
ENSMUSG00000041468-B,"13-Docosenamide, (Z)",,-1.0,,-1.0,,1,-1,-1,-1
ENSMUSG00000041468-B,2-Norbornanemethanol,,,,-1.0,,1,-1,-1,-1
ENSMUSG00000041468-B,3-(4-Methoxyphenyl)coumarin,,1.0,,1.0,,1,-1,-1,-1
ENSMUSG00000041468-B,Isosorbide,1.0,,,1.0,,1,-1,-1,-1
ENSMUSG00000041468-B,L-(+)-Threose,,-1.0,,-1.0,,1,-1,-1,-1
ENSMUSG00000041468-B,"l-Leucine, n-butoxycarbonyl-N-methyl-, hexadecyl ester",,,,-1.0,,1,-1,-1,-1
ENSMUSG00000041598-B,"2,4-Dimethoxybenzaldoxime",,,,-1.0,,1,-1,-1,-1
ENSMUSG00000041598-B,2-Aminoquinolin-8-ol,,,,1.0,,1,-1,-1,-1
ENSMUSG00000041598-B,Benzeneacetic acid,,1.0,,1.0,,1,-1,-1,-1
ENSMUSG00000041598-B,cis-2-Decenoic acid,,,,-1.0,,1,-1,-1,-1
ENSMUSG00000041598-B,"N-[(3,4,5-Trimethoxyphenyl)methylidene]hydroxylamine",,1.0,,1.0,,1,-1,-1,-1
ENSMUSG00000041608-B,"13-Docosenamide, (Z)",,-1.0,,-1.0,,1,-1,-1,-1
ENSMUSG00000041608-B,2-Norbornanemethanol,,,,1.0,,1,-1,-1,-1
ENSMUSG00000041608-B,"3-Hydroxy-7,3',4',5'-tetramethoxyflavone",,,,-1.0,,1,-1,-1,-1
ENSMUSG00000041608-B,L-(+)-Threose,,-1.0,,-1.0,,1,-1,-1,-1
ENSMUSG00000041649-B,"1,2-Bis(trimethylsiloxy)cyclohexene",,,,-1.0,,1,-1,-1,-1
ENSMUSG00000041649-B,"1,2-Cinnolinedicarboxylic acid, 1,2,3,5,6,7,8,8a-octahydro-4-trimethylsilyloxy-, diethyl ester",,,,1.0,,1,-1,-1,-1
ENSMUSG00000041649-B,"13-Docosenamide, (Z)",,-1.0,,-1.0,,1,-1,-1,-1
ENSMUSG00000041649-B,"2,4-Dimethoxybenzaldoxime",,,,-1.0,,1,-1,-1,-1
ENSMUSG00000041649-B,2-Aminoquinolin-8-ol,,,,-1.0,,1,-1,-1,-1
ENSMUSG00000041649-B,"3,4-Dihydroxybenzaldehyde",1.0,,,1.0,,1,-1,-1,-1
ENSMUSG00000041649-B,Luciferin,,,,1.0,,1,-1,-1,-1
ENSMUSG00000041649-B,L-Val-L-Leu,,-1.0,,-1.0,,1,-1,-1,-1
ENSMUSG00000041733-B,"1,2-Cinnolinedicarboxylic acid, 1,2,3,5,6,7,8,8a-octahydro-4-trimethylsilyloxy-, diethyl ester",,,,1.0,,1,-1,-1,-1
ENSMUSG00000041733-B,"13-Docosenamide, (Z)",,-1.0,,-1.0,,1,-1,-1,-1
ENSMUSG00000041733-B,2-Aminoquinolin-8-ol,,,,-1.0,,1,-1,-1,-1
ENSMUSG00000041733-B,"3,4-Dihydroxybenzaldehyde",1.0,,,1.0,,1,-1,-1,-1
ENSMUSG00000041733-B,Chlorobenzilate,,,,1.0,,1,-1,-1,-1
ENSMUSG00000041733-B,cis-2-Decenoic acid,,,,1.0,,1,-1,-1,-1
ENSMUSG00000041736-B,2-Norbornanemethanol,,,,1.0,,1,-1,-1,-1
ENSMUSG00000041736-B,"3,4-Dihydroxybenzaldehyde",-1.0,,,-1.0,,1,-1,-1,-1
ENSMUSG00000041736-B,"3-Hydroxy-7,3',4',5'-tetramethoxyflavone",,,,1.0,,1,-1,-1,-1
ENSMUSG00000041736-B,cis-2-Decenoic acid,,,,-1.0,,1,-1,-1,-1
ENSMUSG00000041736-B,"N-[(3,4,5-Trimethoxyphenyl)methylidene]hydroxylamine",,1.0,,1.0,,1,-1,-1,-1
ENSMUSG00000041794-B,"1,2-Cinnolinedicarboxylic acid, 1,2,3,5,6,7,8,8a-octahydro-4-trimethylsilyloxy-, diethyl ester",,,,1.0,,1,-1,-1,-1
ENSMUSG00000041794-B,2-Aminoquinolin-8-ol,,,,-1.0,,1,-1,-1,-1
ENSMUSG00000041794-B,"3,4-Dihydroxybenzaldehyde",1.0,,,1.0,,1,-1,-1,-1
ENSMUSG00000041794-B,"Benzene, 1-ethyl-3,5-dimethyl",,,,1.0,,1,-1,-1,-1
ENSMUSG00000041794-B,cis-2-Decenoic acid,,,,1.0,,1,-1,-1,-1
ENSMUSG00000041794-B,L-(+)-Threose,,1.0,,1.0,,1,-1,-1,-1
ENSMUSG00000041794-B,"N-[(3,4,5-Trimethoxyphenyl)methylidene]hydroxylamine",,1.0,,1.0,,1,-1,-1,-1
ENSMUSG00000041794-B,Tyr-Val,,,,-1.0,,1,-1,-1,-1
ENSMUSG00000041852-B,"13-Docosenamide, (Z)",,1.0,,1.0,,1,-1,-1,-1
ENSMUSG00000041852-B,"3,4-Dihydroxybenzaldehyde",1.0,,,1.0,,1,-1,-1,-1
ENSMUSG00000041852-B,L-(+)-Threose,,1.0,,1.0,,1,-1,-1,-1
ENSMUSG00000041852-B,"l-Leucine, n-butoxycarbonyl-N-methyl-, hexadecyl ester",,,,-1.0,,1,-1,-1,-1
ENSMUSG00000042190-B,"1,2-Cinnolinedicarboxylic acid, 1,2,3,5,6,7,8,8a-octahydro-4-trimethylsilyloxy-, diethyl ester",,,,-1.0,,1,-1,-1,-1
ENSMUSG00000042190-B,2-Norbornanemethanol,,,,-1.0,,1,-1,-1,-1
ENSMUSG00000042190-B,Isosorbide,-1.0,,,-1.0,,1,-1,-1,-1
ENSMUSG00000042190-B,L-(+)-Threose,,1.0,,1.0,,1,-1,-1,-1
ENSMUSG00000042190-B,L-Glutamic acid,,-1.0,,-1.0,,1,-1,-1,-1
ENSMUSG00000042190-B,L-Val-L-Leu,,-1.0,,-1.0,,1,-1,-1,-1
ENSMUSG00000042757-B,"1,2-Cinnolinedicarboxylic acid, 1,2,3,5,6,7,8,8a-octahydro-4-trimethylsilyloxy-, diethyl ester",,,,-1.0,,1,-1,-1,-1
ENSMUSG00000042757-B,"13-Docosenamide, (Z)",,1.0,,1.0,,1,-1,-1,-1
ENSMUSG00000042757-B,2-Norbornanemethanol,,,,-1.0,,1,-1,-1,-1
ENSMUSG00000042757-B,"3,4-Dihydroxybenzaldehyde",1.0,,,1.0,,1,-1,-1,-1
ENSMUSG00000042757-B,"3-Hydroxy-7,3',4',5'-tetramethoxyflavone",,,,-1.0,,1,-1,-1,-1
ENSMUSG00000042757-B,4-Methylvaleric acid,1.0,0.3,1.0,0.8636363636363636,,1,-1,-1,-1
ENSMUSG00000042757-B,cis-2-Decenoic acid,,,,-1.0,,1,-1,-1,-1
ENSMUSG00000042757-B,L-(+)-Threose,,1.0,,1.0,,1,-1,-1,-1
ENSMUSG00000042757-B,Luciferin,,,,-1.0,,1,-1,-1,-1
ENSMUSG00000042757-B,Tyr-Val,,,,-1.0,,1,-1,-1,-1
ENSMUSG00000042759-B,"1,2-Bis(trimethylsiloxy)cyclohexene",,,,-1.0,,1,-1,-1,-1
ENSMUSG00000042759-B,2-Aminoquinolin-8-ol,,,,-1.0,,1,-1,-1,-1
ENSMUSG00000042759-B,2-Norbornanemethanol,,,,-1.0,,1,-1,-1,-1
ENSMUSG00000042759-B,Isosorbide,-1.0,,,-1.0,,1,-1,-1,-1
ENSMUSG00000042759-B,L-Val-L-Leu,,1.0,,1.0,,1,-1,-1,-1
ENSMUSG00000042759-B,"N-[(3,4,5-Trimethoxyphenyl)methylidene]hydroxylamine",,1.0,,1.0,,1,-1,-1,-1
ENSMUSG00000042759-B,Octadecanoic acid,,,,-1.0,,1,-1,-1,-1
ENSMUSG00000042793-B,"3,4-Dihydroxybenzaldehyde",1.0,,,1.0,,1,-1,-1,-1
ENSMUSG00000042793-B,"3-Hydroxy-7,3',4',5'-tetramethoxyflavone",,,,-1.0,,1,-1,-1,-1
ENSMUSG00000042793-B,7-Hydroxy-4-(methoxymethyl)coumarin,,-1.0,,-1.0,,1,-1,-1,-1
ENSMUSG00000042793-B,"Benzene, 1-ethyl-3,5-dimethyl",,,,1.0,,1,-1,-1,-1
ENSMUSG00000042793-B,L-Val-L-Leu,,-1.0,,-1.0,,1,-1,-1,-1
ENSMUSG00000042793-B,Tyr-Val,,,,-1.0,,1,-1,-1,-1
ENSMUSG00000043090-B,2-Norbornanemethanol,,,,-1.0,,1,-1,-1,-1
ENSMUSG00000043090-B,7-Hydroxy-4-(methoxymethyl)coumarin,,-1.0,,-1.0,,1,-1,-1,-1
ENSMUSG00000043090-B,Isosorbide,1.0,,,1.0,,1,-1,-1,-1
ENSMUSG00000043090-B,"l-Leucine, n-butoxycarbonyl-N-methyl-, hexadecyl ester",,,,-1.0,,1,-1,-1,-1
ENSMUSG00000043243-B,"13-Docosenamide, (Z)",,1.0,,1.0,,1,-1,-1,-1
ENSMUSG00000043243-B,"3,3-Dimethylacrylic acid",,,,-1.0,,1,-1,-1,-1
ENSMUSG00000043243-B,"3,4-Dihydroxybenzaldehyde",-1.0,,,-1.0,,1,-1,-1,-1
ENSMUSG00000043243-B,"3-Hydroxy-7,3',4',5'-tetramethoxyflavone",,,,1.0,,1,-1,-1,-1
ENSMUSG00000043243-B,cis-2-Decenoic acid,,,,-1.0,,1,-1,-1,-1
ENSMUSG00000043243-B,Glabridin,,,,1.0,,1,-1,-1,-1
ENSMUSG00000043262-B,"1,2-Bis(trimethylsiloxy)cyclohexene",,,,1.0,,1,-1,-1,-1
ENSMUSG00000043262-B,"1,2-Cinnolinedicarboxylic acid, 1,2,3,5,6,7,8,8a-octahydro-4-trimethylsilyloxy-, diethyl ester",,,,-1.0,,1,-1,-1,-1
ENSMUSG00000043262-B,7-Hydroxy-4-(methoxymethyl)coumarin,,1.0,,1.0,,1,-1,-1,-1
ENSMUSG00000043262-B,Isosorbide,-1.0,,,-1.0,,1,-1,-1,-1
ENSMUSG00000043262-B,Luciferin,,,,-1.0,,1,-1,-1,-1
ENSMUSG00000043290-B,"1,2-Bis(trimethylsiloxy)cyclohexene",,,,-1.0,,1,-1,-1,-1
ENSMUSG00000043290-B,"1,2-Cinnolinedicarboxylic acid, 1,2,3,5,6,7,8,8a-octahydro-4-trimethylsilyloxy-, diethyl ester",,,,1.0,,1,-1,-1,-1
ENSMUSG00000043290-B,2-Aminoquinolin-8-ol,,,,1.0,,1,-1,-1,-1
ENSMUSG00000043290-B,"3-Hydroxy-7,3',4',5'-tetramethoxyflavone",,,,1.0,,1,-1,-1,-1
ENSMUSG00000043290-B,cis-2-Decenoic acid,,,,-1.0,,1,-1,-1,-1
ENSMUSG00000043290-B,Curcumin,-0.5,-0.6,-1.0,-0.8371291296643238,1.0,1,-1,-1,-1
ENSMUSG00000043290-B,L-(+)-Threose,,-1.0,,-1.0,,1,-1,-1,-1
ENSMUSG00000043290-B,"N-[(3,4,5-Trimethoxyphenyl)methylidene]hydroxylamine",,-1.0,,-1.0,,1,-1,-1,-1
ENSMUSG00000043290-B,Octadecanoic acid,,,,-1.0,,1,-1,-1,-1
ENSMUSG00000043290-B,Yangonin,-0.5,-0.6377481392176932,-0.5,-0.8225070385481765,1.0,1,-1,-1,-1
ENSMUSG00000043631-B,"13-Docosenamide, (Z)",,1.0,,1.0,,1,-1,-1,-1
ENSMUSG00000043631-B,"3-Hydroxy-7,3',4',5'-tetramethoxyflavone",,,,1.0,,1,-1,-1,-1
ENSMUSG00000043631-B,L-Val-L-Leu,,1.0,,1.0,,1,-1,-1,-1
ENSMUSG00000043631-B,tert-butyl(dimethyl)silyl-2-([tert-butyl(dimethyl)silyl]oxy)hex-2-enoate,,1.0,,1.0,,1,-1,-1,-1
ENSMUSG00000043702-B,2-Aminoquinolin-8-ol,,,,1.0,,1,-1,-1,-1
ENSMUSG00000043702-B,2-Norbornanemethanol,,,,1.0,,1,-1,-1,-1
ENSMUSG00000043702-B,"3,4-Dihydroxybenzaldehyde",-1.0,,,-1.0,,1,-1,-1,-1
ENSMUSG00000043702-B,"4,5-Dihydro-1H-pyrazole",,,,-1.0,,1,-1,-1,-1
ENSMUSG00000043702-B,Crotonic acid,-1.0,-0.5768179036829705,-0.5,-0.8239640937886785,,1,-1,-1,-1
ENSMUSG00000043702-B,L-(+)-Threose,,-1.0,,-1.0,,1,-1,-1,-1
ENSMUSG00000043702-B,"N-[(3,4,5-Trimethoxyphenyl)methylidene]hydroxylamine",,-1.0,,-1.0,,1,-1,-1,-1
ENSMUSG00000043702-B,Tyr-Val,,,,1.0,,1,-1,-1,-1
ENSMUSG00000043811-B,"13-Docosenamide, (Z)",,1.0,,1.0,,1,-1,-1,-1
ENSMUSG00000043811-B,2-Aminoquinolin-8-ol,,,,1.0,,1,-1,-1,-1
ENSMUSG00000043811-B,2-Norbornanemethanol,,,,-1.0,,1,-1,-1,-1
ENSMUSG00000043811-B,"3-Hydroxy-7,3',4',5'-tetramethoxyflavone",,,,-1.0,,1,-1,-1,-1
ENSMUSG00000043811-B,"4,5-Dihydro-1H-pyrazole",,,,1.0,,1,-1,-1,-1
ENSMUSG00000043811-B,Chlorobenzilate,,,,-1.0,,1,-1,-1,-1
ENSMUSG00000043811-B,L-Val-L-Leu,,1.0,,1.0,,1,-1,-1,-1
ENSMUSG00000044022-B,"1,2-Bis(trimethylsiloxy)cyclohexene",,,,-1.0,,1,-1,-1,-1
ENSMUSG00000044022-B,2-Aminoquinolin-8-ol,,,,-1.0,,1,-1,-1,-1
ENSMUSG00000044022-B,2-Norbornanemethanol,,,,1.0,,1,-1,-1,-1
ENSMUSG00000044022-B,7-Hydroxy-4-(methoxymethyl)coumarin,,1.0,,1.0,,1,-1,-1,-1
ENSMUSG00000044022-B,Isosorbide,-1.0,,,-1.0,,1,-1,-1,-1
ENSMUSG00000044022-B,"N-[(3,4,5-Trimethoxyphenyl)methylidene]hydroxylamine",,-1.0,,-1.0,,1,-1,-1,-1
ENSMUSG00000044022-B,Octadecanoic acid,,,,-1.0,,1,-1,-1,-1
ENSMUSG00000044026-B,"3,4-Dihydroxybenzaldehyde",-1.0,,,-1.0,,1,-1,-1,-1
ENSMUSG00000044026-B,cis-2-Decenoic acid,,,,-1.0,,1,-1,-1,-1
ENSMUSG00000044026-B,L-Val-L-Leu,,-1.0,,-1.0,,1,-1,-1,-1
ENSMUSG00000044026-B,"N-[(3,4,5-Trimethoxyphenyl)methylidene]hydroxylamine",,-1.0,,-1.0,,1,-1,-1,-1
ENSMUSG00000044172-B,2-Aminoquinolin-8-ol,,,,1.0,,1,-1,-1,-1
ENSMUSG00000044172-B,cis-2-Decenoic acid,,,,-1.0,,1,-1,-1,-1
ENSMUSG00000044749-B,"1-Pentene, 1,3-diphenyl-1-(trimethylsilyloxy)-",,,,-1.0,,1,-1,-1,-1
ENSMUSG00000044749-B,Isosorbide,1.0,,,1.0,,1,-1,-1,-1
ENSMUSG00000044749-B,L-(+)-Threose,,-1.0,,-1.0,,1,-1,-1,-1
ENSMUSG00000044749-B,L-Val-L-Leu,,1.0,,1.0,,1,-1,-1,-1
ENSMUSG00000044749-B,Octadecanoic acid,,,,1.0,,1,-1,-1,-1
ENSMUSG00000045087-B,"1,2-Bis(trimethylsiloxy)cyclohexene",,,,1.0,,1,-1,-1,-1
ENSMUSG00000045087-B,"1,2-Cinnolinedicarboxylic acid, 1,2,3,5,6,7,8,8a-octahydro-4-trimethylsilyloxy-, diethyl ester",,,,1.0,,1,-1,-1,-1
ENSMUSG00000045087-B,"3,4-Dihydroxybenzaldehyde",-1.0,,,-1.0,,1,-1,-1,-1
ENSMUSG00000045087-B,Allylescaline,1.0,0.5296408977028497,1.0,0.831922258211395,,1,-1,-1,-1
ENSMUSG00000045087-B,"N-[(3,4,5-Trimethoxyphenyl)methylidene]hydroxylamine",,-1.0,,-1.0,,1,-1,-1,-1
ENSMUSG00000045087-B,tert-butyl(dimethyl)silyl-2-([tert-butyl(dimethyl)silyl]oxy)hex-2-enoate,,1.0,,1.0,,1,-1,-1,-1
ENSMUSG00000045087-B,Tyr-Val,,,,1.0,,1,-1,-1,-1
ENSMUSG00000045102-B,"(2,5-Dimethoxyphenyl)acetone",-0.5,0.7775419143502353,0.8660254037844387,0.8337686707998526,1.0,1,1,1,1
ENSMUSG00000045102-B,"1,2-Cinnolinedicarboxylic acid, 1,2,3,5,6,7,8,8a-octahydro-4-trimethylsilyloxy-, diethyl ester",,,,-1.0,,1,-1,-1,-1
ENSMUSG00000045102-B,2-Propyl-1-pentanol,,0.8451542547285165,0.0,0.864452882252671,1.0,1,1,1,1
ENSMUSG00000045102-B,"3-Hydroxy-7,3',4',5'-tetramethoxyflavone",,,,-1.0,,1,-1,-1,-1
ENSMUSG00000045102-B,"6,7,4'-Trihydroxyisoflavone",-0.5,0.8574929257125441,0.8660254037844387,0.863679654505677,,1,-1,-1,-1
ENSMUSG00000045102-B,Norketamine,0.8660254037844387,0.8355727485873495,0.8660254037844387,0.857801684638664,1.0,1,1,1,1
ENSMUSG00000045102-B,Octadecanoic acid,,,,1.0,,1,-1,-1,-1
ENSMUSG00000045102-B,Triethyl citrate,,0.948683298050514,0.8660254037844387,0.905226481588638,,1,-1,-1,-1
ENSMUSG00000045667-B,"1,2-Bis(trimethylsiloxy)cyclohexene",,,,1.0,,1,-1,-1,-1
ENSMUSG00000045667-B,"2,4-Dimethoxybenzaldoxime",,,,1.0,,1,-1,-1,-1
ENSMUSG00000045667-B,2-Norbornanemethanol,,,,-1.0,,1,-1,-1,-1
ENSMUSG00000045667-B,Hydracrylic acid,1.0,0.7714285714285715,1.0,0.8701754385964914,1.0,1,1,1,1
ENSMUSG00000045667-B,Isosorbide,-1.0,,,-1.0,,1,-1,-1,-1
ENSMUSG00000045667-B,L-(+)-Threose,,1.0,,1.0,,1,-1,-1,-1
ENSMUSG00000047003-B,"13-Docosenamide, (Z)",,-1.0,,-1.0,,1,-1,-1,-1
ENSMUSG00000047003-B,3-(4-Methoxyphenyl)coumarin,,1.0,,1.0,,1,-1,-1,-1
ENSMUSG00000047003-B,"4,5-Dihydro-1H-pyrazole",,,,-1.0,,1,-1,-1,-1
ENSMUSG00000047003-B,Isosorbide,1.0,,,1.0,,1,-1,-1,-1
ENSMUSG00000047003-B,Octadecanoic acid,,,,1.0,,1,-1,-1,-1
ENSMUSG00000047003-B,"Propanoic acid, dimethyl(isopropyl)silyl ester",,-0.942857142857143,-0.5,-0.8693049274624923,,1,-1,-1,-1
ENSMUSG00000047216-B,"2,4-Dimethoxybenzaldoxime",,,,1.0,,1,-1,-1,-1
ENSMUSG00000047216-B,2-Aminoquinolin-8-ol,,,,1.0,,1,-1,-1,-1
ENSMUSG00000047216-B,2-Norbornanemethanol,,,,-1.0,,1,-1,-1,-1
ENSMUSG00000047216-B,"3,4-Dihydroxybenzaldehyde",-1.0,,,-1.0,,1,-1,-1,-1
ENSMUSG00000047216-B,7-Hydroxy-4-(methoxymethyl)coumarin,,-1.0,,-1.0,,1,-1,-1,-1
ENSMUSG00000047216-B,Tyr-Val,,,,1.0,,1,-1,-1,-1
ENSMUSG00000047238-B,2-Aminoquinolin-8-ol,,,,1.0,,1,-1,-1,-1
ENSMUSG00000047238-B,cis-2-Decenoic acid,,,,-1.0,,1,-1,-1,-1
ENSMUSG00000047238-B,L-Val-L-Leu,,-1.0,,-1.0,,1,-1,-1,-1
ENSMUSG00000047238-B,"N-[(3,4,5-Trimethoxyphenyl)methylidene]hydroxylamine",,-1.0,,-1.0,,1,-1,-1,-1
ENSMUSG00000047606-B,"2,4-Dimethoxybenzaldoxime",,,,-1.0,,1,-1,-1,-1
ENSMUSG00000047606-B,2-Norbornanemethanol,,,,1.0,,1,-1,-1,-1
ENSMUSG00000047606-B,"Benzene, 1-ethyl-3,5-dimethyl",,,,1.0,,1,-1,-1,-1
ENSMUSG00000047606-B,cis-2-Decenoic acid,,,,-1.0,,1,-1,-1,-1
ENSMUSG00000047606-B,Octadecanoic acid,,,,-1.0,,1,-1,-1,-1
ENSMUSG00000047676-B,Isosorbide,1.0,,,1.0,,1,-1,-1,-1
ENSMUSG00000047676-B,Octadecanoic acid,,,,1.0,,1,-1,-1,-1
ENSMUSG00000047866-B,"1,2-Bis(trimethylsiloxy)cyclohexene",,,,-1.0,,1,-1,-1,-1
ENSMUSG00000047866-B,"1,2-Cinnolinedicarboxylic acid, 1,2,3,5,6,7,8,8a-octahydro-4-trimethylsilyloxy-, diethyl ester",,,,-1.0,,1,-1,-1,-1
ENSMUSG00000047866-B,"13-Docosenamide, (Z)",,-1.0,,-1.0,,1,-1,-1,-1
ENSMUSG00000047866-B,"3,4-Dihydroxybenzaldehyde",-1.0,,,-1.0,,1,-1,-1,-1
ENSMUSG00000047866-B,L-(+)-Threose,,-1.0,,-1.0,,1,-1,-1,-1
ENSMUSG00000047866-B,L-Val-L-Leu,,1.0,,1.0,,1,-1,-1,-1
ENSMUSG00000047866-B,Octadecanoic acid,,,,-1.0,,1,-1,-1,-1
ENSMUSG00000047867-B,"2,4-Dimethoxybenzaldoxime",,,,-1.0,,1,-1,-1,-1
ENSMUSG00000047867-B,"3,4-Dihydroxybenzaldehyde",-1.0,,,-1.0,,1,-1,-1,-1
ENSMUSG00000047867-B,cis-2-Decenoic acid,,,,-1.0,,1,-1,-1,-1
ENSMUSG00000047867-B,"N-[(3,4,5-Trimethoxyphenyl)methylidene]hydroxylamine",,-1.0,,-1.0,,1,-1,-1,-1
ENSMUSG00000047867-B,Tyr-Val,,,,1.0,,1,-1,-1,-1
ENSMUSG00000048249-B,"1,2-Cinnolinedicarboxylic acid, 1,2,3,5,6,7,8,8a-octahydro-4-trimethylsilyloxy-, diethyl ester",,,,1.0,,1,-1,-1,-1
ENSMUSG00000048249-B,"3,4-Dihydroxybenzaldehyde",-1.0,,,-1.0,,1,-1,-1,-1
ENSMUSG00000048249-B,"4,5-Dihydro-1H-pyrazole",,,,-1.0,,1,-1,-1,-1
ENSMUSG00000048249-B,"Benzene, 1-ethyl-3,5-dimethyl",,,,-1.0,,1,-1,-1,-1
ENSMUSG00000048249-B,L-Val-L-Leu,,1.0,,1.0,,1,-1,-1,-1
ENSMUSG00000048249-B,Tyr-Val,,,,1.0,,1,-1,-1,-1
ENSMUSG00000048347-B,"3-Hydroxy-7,3',4',5'-tetramethoxyflavone",,,,-1.0,,1,-1,-1,-1
ENSMUSG00000048347-B,Chlorobenzilate,,,,-1.0,,1,-1,-1,-1
ENSMUSG00000048347-B,cis-2-Decenoic acid,,,,-1.0,,1,-1,-1,-1
ENSMUSG00000048347-B,Isosorbide,-1.0,,,-1.0,,1,-1,-1,-1
ENSMUSG00000048347-B,L-(+)-Threose,,-1.0,,-1.0,,1,-1,-1,-1
ENSMUSG00000048347-B,"l-Leucine, n-butoxycarbonyl-N-methyl-, hexadecyl ester",,,,1.0,,1,-1,-1,-1
ENSMUSG00000048347-B,Tyr-Val,,,,1.0,,1,-1,-1,-1
ENSMUSG00000048706-B,"13-Docosenamide, (Z)",,-1.0,,-1.0,,1,-1,-1,-1
ENSMUSG00000048706-B,"3,4-Dihydroxybenzaldehyde",1.0,,,1.0,,1,-1,-1,-1
ENSMUSG00000048706-B,"3-Hydroxy-7,3',4',5'-tetramethoxyflavone",,,,-1.0,,1,-1,-1,-1
ENSMUSG00000048706-B,"4,5-Dihydro-1H-pyrazole",,,,1.0,,1,-1,-1,-1
ENSMUSG00000048706-B,Chlorobenzilate,,,,-1.0,,1,-1,-1,-1
ENSMUSG00000048706-B,cis-2-Decenoic acid,,,,-1.0,,1,-1,-1,-1
ENSMUSG00000048706-B,L-Glutamic acid,,-1.0,,-1.0,,1,-1,-1,-1
ENSMUSG00000049387-B,"1,2-Cinnolinedicarboxylic acid, 1,2,3,5,6,7,8,8a-octahydro-4-trimethylsilyloxy-, diethyl ester",,,,1.0,,1,-1,-1,-1
ENSMUSG00000049387-B,"13-Docosenamide, (Z)",,-1.0,,-1.0,,1,-1,-1,-1
ENSMUSG00000049387-B,"3,4-Dihydroxybenzaldehyde",1.0,,,1.0,,1,-1,-1,-1
ENSMUSG00000049387-B,Methyl lactate,,-0.6571428571428573,-1.0,-0.8584564381571795,,1,-1,-1,-1
ENSMUSG00000049387-B,Tyr-Val,,,,-1.0,,1,-1,-1,-1
ENSMUSG00000049764-B,"1,2-Cinnolinedicarboxylic acid, 1,2,3,5,6,7,8,8a-octahydro-4-trimethylsilyloxy-, diethyl ester",,,,-1.0,,1,-1,-1,-1
ENSMUSG00000049764-B,"13-Docosenamide, (Z)",,1.0,,1.0,,1,-1,-1,-1
ENSMUSG00000049764-B,3-(4-Methoxyphenyl)coumarin,,-1.0,,-1.0,,1,-1,-1,-1
ENSMUSG00000049764-B,"3,4-Dihydroxybenzaldehyde",1.0,,,1.0,,1,-1,-1,-1
ENSMUSG00000049764-B,"4,5-Dihydro-1H-pyrazole",,,,1.0,,1,-1,-1,-1
ENSMUSG00000049764-B,Chlorobenzilate,,,,-1.0,,1,-1,-1,-1
ENSMUSG00000049764-B,L-(+)-Threose,,1.0,,1.0,,1,-1,-1,-1
ENSMUSG00000049764-B,L-Val-L-Leu,,1.0,,1.0,,1,-1,-1,-1
ENSMUSG00000049764-B,Tyr-Val,,,,-1.0,,1,-1,-1,-1
ENSMUSG00000050052-B,"2,4-Dimethoxybenzaldoxime",,,,1.0,,1,-1,-1,-1
ENSMUSG00000050052-B,2-Aminoquinolin-8-ol,,,,-1.0,,1,-1,-1,-1
ENSMUSG00000050052-B,cis-2-Decenoic acid,,,,1.0,,1,-1,-1,-1
ENSMUSG00000050052-B,Isosorbide,-1.0,,,-1.0,,1,-1,-1,-1
ENSMUSG00000050052-B,Mevalonolactone,-0.5,-0.7714285714285715,-0.8660254037844387,-0.847637026689399,1.0,1,-1,-1,-1
ENSMUSG00000050052-B,Spiroxamine,,-0.8999999999999998,,-0.912141875543738,,1,-1,-1,-1
ENSMUSG00000050052-B,Tyr-Val,,,,1.0,,1,-1,-1,-1
ENSMUSG00000050074-B,"1,2-Cinnolinedicarboxylic acid, 1,2,3,5,6,7,8,8a-octahydro-4-trimethylsilyloxy-, diethyl ester",,,,-1.0,,1,-1,-1,-1
ENSMUSG00000050074-B,2-Aminoquinolin-8-ol,,,,1.0,,1,-1,-1,-1
ENSMUSG00000050074-B,2-Norbornanemethanol,,,,-1.0,,1,-1,-1,-1
ENSMUSG00000050074-B,"3,4-Dihydroxybenzaldehyde",1.0,,,1.0,,1,-1,-1,-1
ENSMUSG00000050074-B,"3-Hydroxy-7,3',4',5'-tetramethoxyflavone",,,,-1.0,,1,-1,-1,-1
ENSMUSG00000050074-B,"4,5-Dihydro-1H-pyrazole",,,,1.0,,1,-1,-1,-1
ENSMUSG00000050074-B,Tyr-Val,,,,-1.0,,1,-1,-1,-1
ENSMUSG00000050549-B,"1,2-Cinnolinedicarboxylic acid, 1,2,3,5,6,7,8,8a-octahydro-4-trimethylsilyloxy-, diethyl ester",,,,1.0,,1,-1,-1,-1
ENSMUSG00000050549-B,"13-Docosenamide, (Z)",,-1.0,,-1.0,,1,-1,-1,-1
ENSMUSG00000050549-B,"2,4-Dimethoxybenzaldoxime",,,,-1.0,,1,-1,-1,-1
ENSMUSG00000050549-B,2-Norbornanemethanol,,,,1.0,,1,-1,-1,-1
ENSMUSG00000050549-B,Isosorbide,-1.0,,,-1.0,,1,-1,-1,-1
ENSMUSG00000050549-B,L-Val-L-Leu,,-1.0,,-1.0,,1,-1,-1,-1
ENSMUSG00000050549-B,Methyl lactate,,-0.8285714285714287,-1.0,-0.8812877264060406,,1,-1,-1,-1
ENSMUSG00000050549-B,Octadecanoic acid,,,,-1.0,,1,-1,-1,-1
ENSMUSG00000050592-B,"13-Docosenamide, (Z)",,-1.0,,-1.0,,1,-1,-1,-1
ENSMUSG00000050592-B,"2,4-Dimethoxybenzaldoxime",,,,-1.0,,1,-1,-1,-1
ENSMUSG00000050592-B,3-(4-Methoxyphenyl)coumarin,,1.0,,1.0,,1,-1,-1,-1
ENSMUSG00000050592-B,7-Hydroxy-4-(methoxymethyl)coumarin,,-1.0,,-1.0,,1,-1,-1,-1
ENSMUSG00000050592-B,"Benzene, 1-ethyl-3,5-dimethyl",,,,-1.0,,1,-1,-1,-1
ENSMUSG00000050592-B,Isosorbide,1.0,,,1.0,,1,-1,-1,-1
ENSMUSG00000050592-B,L-(+)-Threose,,-1.0,,-1.0,,1,-1,-1,-1
ENSMUSG00000050592-B,Octadecanoic acid,,,,1.0,,1,-1,-1,-1
ENSMUSG00000050666-B,"3,3-Dimethylacrylic acid",,,,-1.0,,1,-1,-1,-1
ENSMUSG00000050666-B,"3,4-Dihydroxybenzaldehyde",-1.0,,,-1.0,,1,-1,-1,-1
ENSMUSG00000050666-B,"3-Hydroxy-7,3',4',5'-tetramethoxyflavone",,,,1.0,,1,-1,-1,-1
ENSMUSG00000050666-B,cis-2-Decenoic acid,,,,-1.0,,1,-1,-1,-1
ENSMUSG00000050666-B,"l-Leucine, n-butoxycarbonyl-N-methyl-, hexadecyl ester",,,,1.0,,1,-1,-1,-1
ENSMUSG00000050677-B,"1,2-Cinnolinedicarboxylic acid, 1,2,3,5,6,7,8,8a-octahydro-4-trimethylsilyloxy-, diethyl ester",,,,1.0,,1,-1,-1,-1
ENSMUSG00000050677-B,"4,5-Dihydro-1H-pyrazole",,,,-1.0,,1,-1,-1,-1
ENSMUSG00000050677-B,Chlorobenzilate,,,,1.0,,1,-1,-1,-1
ENSMUSG00000050677-B,"N-[(3,4,5-Trimethoxyphenyl)methylidene]hydroxylamine",,-1.0,,-1.0,,1,-1,-1,-1
ENSMUSG00000050677-B,tert-butyl(dimethyl)silyl-2-([tert-butyl(dimethyl)silyl]oxy)hex-2-enoate,,1.0,,1.0,,1,-1,-1,-1
ENSMUSG00000050930-B,"1,2-Bis(trimethylsiloxy)cyclohexene",,,,-1.0,,1,-1,-1,-1
ENSMUSG00000050930-B,"2,4-Dimethoxybenzaldoxime",,,,-1.0,,1,-1,-1,-1
ENSMUSG00000050930-B,2-Norbornanemethanol,,,,1.0,,1,-1,-1,-1
ENSMUSG00000050930-B,"3,4-Dihydroxybenzaldehyde",-1.0,,,-1.0,,1,-1,-1,-1
ENSMUSG00000050930-B,cis-2-Decenoic acid,,,,-1.0,,1,-1,-1,-1
ENSMUSG00000050930-B,L-Val-L-Leu,,-1.0,,-1.0,,1,-1,-1,-1
ENSMUSG00000050930-B,Octadecanoic acid,,,,-1.0,,1,-1,-1,-1
ENSMUSG00000051297-B,"1,2-Bis(trimethylsiloxy)cyclohexene",,,,1.0,,1,-1,-1,-1
ENSMUSG00000051297-B,"1,2-Cinnolinedicarboxylic acid, 1,2,3,5,6,7,8,8a-octahydro-4-trimethylsilyloxy-, diethyl ester",,,,-1.0,,1,-1,-1,-1
ENSMUSG00000051297-B,2-Aminoquinolin-8-ol,,,,-1.0,,1,-1,-1,-1
ENSMUSG00000051297-B,2-Norbornanemethanol,,,,-1.0,,1,-1,-1,-1
ENSMUSG00000051297-B,"3-Hydroxy-7,3',4',5'-tetramethoxyflavone",,,,-1.0,,1,-1,-1,-1
ENSMUSG00000051297-B,6-Oxoheptanoic acid,0.8660254037844387,0.7714285714285715,1.0,0.8400819752692913,,1,-1,-1,-1
ENSMUSG00000051297-B,Luciferin,,,,1.0,,1,-1,-1,-1
ENSMUSG00000051297-B,"N-[(3,4,5-Trimethoxyphenyl)methylidene]hydroxylamine",,1.0,,1.0,,1,-1,-1,-1
ENSMUSG00000051297-B,Octadecanoic acid,,,,1.0,,1,-1,-1,-1
ENSMUSG00000051495-B,"1-Heptanol, 2-propyl-",,-0.9856107606091624,,-0.9856107606091624,,1,-1,-1,-1
ENSMUSG00000051495-B,"3-Hydroxy-7,3',4',5'-tetramethoxyflavone",,,,1.0,,1,-1,-1,-1
ENSMUSG00000051495-B,"Benzene, 1-ethyl-3,5-dimethyl",,,,-1.0,,1,-1,-1,-1
ENSMUSG00000051495-B,Isosorbide,1.0,,,1.0,,1,-1,-1,-1
ENSMUSG00000051495-B,L-Val-L-Leu,,-1.0,,-1.0,,1,-1,-1,-1
ENSMUSG00000051495-B,"N-[(3,4,5-Trimethoxyphenyl)methylidene]hydroxylamine",,-1.0,,-1.0,,1,-1,-1,-1
ENSMUSG00000051495-B,Octadecanoic acid,,,,1.0,,1,-1,-1,-1
ENSMUSG00000051855-B,"1,2-Cinnolinedicarboxylic acid, 1,2,3,5,6,7,8,8a-octahydro-4-trimethylsilyloxy-, diethyl ester",,,,-1.0,,1,-1,-1,-1
ENSMUSG00000051855-B,"13-Docosenamide, (Z)",,-1.0,,-1.0,,1,-1,-1,-1
ENSMUSG00000051855-B,Butyric Acid,1.0,0.8986451052612952,0.5,0.8225070385481765,1.0,1,1,1,1
ENSMUSG00000051855-B,cis-2-Decenoic acid,,,,1.0,,1,-1,-1,-1
ENSMUSG00000051855-B,Diclofenac,,,,1.0,,1,-1,-1,-1
ENSMUSG00000051855-B,Dodecanoic acid,1.0,0.942857142857143,0.5,0.8732610908529584,1.0,1,1,1,1
ENSMUSG00000051855-B,Isosorbide,-1.0,,,-1.0,,1,-1,-1,-1
ENSMUSG00000051855-B,L-Val-L-Leu,,1.0,,1.0,,1,-1,-1,-1
ENSMUSG00000051855-B,Pentanoic acid,0.5,1.0,0.5,0.8371291296643238,-1.0,1,-1,-1,-1
ENSMUSG00000052117-B,Diclofenac,,,,1.0,,1,-1,-1,-1
ENSMUSG00000052117-B,Isosorbide,1.0,,,1.0,,1,-1,-1,-1
ENSMUSG00000052117-B,Octadecanoic acid,,,,1.0,,1,-1,-1,-1
ENSMUSG00000052117-B,Tyr-Val,,,,-1.0,,1,-1,-1,-1
ENSMUSG00000052516-B,"1,2-Cinnolinedicarboxylic acid, 1,2,3,5,6,7,8,8a-octahydro-4-trimethylsilyloxy-, diethyl ester",,,,-1.0,,1,-1,-1,-1
ENSMUSG00000052516-B,2-Norbornanemethanol,,,,-1.0,,1,-1,-1,-1
ENSMUSG00000052516-B,"3,4-Dihydroxybenzaldehyde",1.0,,,1.0,,1,-1,-1,-1
ENSMUSG00000052516-B,Chlorobenzilate,,,,-1.0,,1,-1,-1,-1
ENSMUSG00000052516-B,L-Serine,1.0,,,1.0,,1,-1,-1,-1
ENSMUSG00000052516-B,L-Val-L-Leu,,1.0,,1.0,,1,-1,-1,-1
ENSMUSG00000052516-B,"N-[(3,4,5-Trimethoxyphenyl)methylidene]hydroxylamine",,-1.0,,-1.0,,1,-1,-1,-1
ENSMUSG00000052516-B,Octadecanoic acid,,,,1.0,,1,-1,-1,-1
ENSMUSG00000052516-B,Phenol,-1.0,-0.0999999999999999,-1.0,-0.8519384289712437,,1,-1,-1,-1
ENSMUSG00000052516-B,tert-butyl(dimethyl)silyl-2-([tert-butyl(dimethyl)silyl]oxy)hex-2-enoate,,1.0,,1.0,,1,-1,-1,-1
ENSMUSG00000052533-B,"1,2-Bis(trimethylsiloxy)cyclohexene",,,,-1.0,,1,-1,-1,-1
ENSMUSG00000052533-B,"3,4-Dihydroxybenzaldehyde",1.0,,,1.0,,1,-1,-1,-1
ENSMUSG00000052533-B,"3-Hydroxy-7,3',4',5'-tetramethoxyflavone",,,,-1.0,,1,-1,-1,-1
ENSMUSG00000052533-B,7-Hydroxy-4-(methoxymethyl)coumarin,,-1.0,,-1.0,,1,-1,-1,-1
ENSMUSG00000052533-B,"Glycine, tert.-butyldimethylsilyl ester",-0.5,-0.4638168285219587,-1.0,-0.8541419246461831,1.0,1,-1,-1,-1
ENSMUSG00000052533-B,L-Val-L-Leu,,-1.0,,-1.0,,1,-1,-1,-1
ENSMUSG00000052533-B,"N-[(3,4,5-Trimethoxyphenyl)methylidene]hydroxylamine",,1.0,,1.0,,1,-1,-1,-1
ENSMUSG00000052698-B,"13-Docosenamide, (Z)",,1.0,,1.0,,1,-1,-1,-1
ENSMUSG00000052698-B,2-Norbornanemethanol,,,,-1.0,,1,-1,-1,-1
ENSMUSG00000052698-B,"3-Hydroxy-7,3',4',5'-tetramethoxyflavone",,,,-1.0,,1,-1,-1,-1
ENSMUSG00000052698-B,cis-2-Decenoic acid,,,,-1.0,,1,-1,-1,-1
ENSMUSG00000052698-B,"l-Leucine, n-butoxycarbonyl-N-methyl-, hexadecyl ester",,,,-1.0,,1,-1,-1,-1
ENSMUSG00000052698-B,L-Val-L-Leu,,-1.0,,-1.0,,1,-1,-1,-1
ENSMUSG00000052837-B,"1,2-Bis(trimethylsiloxy)cyclohexene",,,,-1.0,,1,-1,-1,-1
ENSMUSG00000052837-B,"3,3-Dimethylacrylic acid",,,,1.0,,1,-1,-1,-1
ENSMUSG00000052837-B,"3-Hydroxy-7,3',4',5'-tetramethoxyflavone",,,,-1.0,,1,-1,-1,-1
ENSMUSG00000052837-B,5-Hydroxy-7-methoxy-2-methyl-3-phenyl-4-chromenone,,0.8116794499134279,,0.9288784237188524,,1,-1,-1,-1
ENSMUSG00000052837-B,Glabridin,,,,1.0,,1,-1,-1,-1
ENSMUSG00000052837-B,L-(+)-Threose,,1.0,,1.0,,1,-1,-1,-1
ENSMUSG00000052951-B,Chlorobenzilate,,,,-1.0,,1,-1,-1,-1
ENSMUSG00000052951-B,Isosorbide,-1.0,,,-1.0,,1,-1,-1,-1
ENSMUSG00000052951-B,"N-[(3,4,5-Trimethoxyphenyl)methylidene]hydroxylamine",,1.0,,1.0,,1,-1,-1,-1
ENSMUSG00000052951-B,tert-butyl(dimethyl)silyl-2-([tert-butyl(dimethyl)silyl]oxy)hex-2-enoate,,-1.0,,-1.0,,1,-1,-1,-1
ENSMUSG00000052951-B,Tyr-Val,,,,1.0,,1,-1,-1,-1
ENSMUSG00000053279-B,"3,4-Dihydroxybenzaldehyde",-1.0,,,-1.0,,1,-1,-1,-1
ENSMUSG00000053279-B,L-(+)-Threose,,1.0,,1.0,,1,-1,-1,-1
ENSMUSG00000053279-B,L-Val-L-Leu,,-1.0,,-1.0,,1,-1,-1,-1
ENSMUSG00000053279-B,"N-[(3,4,5-Trimethoxyphenyl)methylidene]hydroxylamine",,1.0,,1.0,,1,-1,-1,-1
ENSMUSG00000053279-B,Tyr-Val,,,,1.0,,1,-1,-1,-1
ENSMUSG00000053358-B,"1,2-Bis(trimethylsiloxy)cyclohexene",,,,1.0,,1,-1,-1,-1
ENSMUSG00000053358-B,"1,2-Cinnolinedicarboxylic acid, 1,2,3,5,6,7,8,8a-octahydro-4-trimethylsilyloxy-, diethyl ester",,,,-1.0,,1,-1,-1,-1
ENSMUSG00000053358-B,3-(4-Methoxyphenyl)coumarin,,-1.0,,-1.0,,1,-1,-1,-1
ENSMUSG00000053358-B,cis-2-Decenoic acid,,,,1.0,,1,-1,-1,-1
ENSMUSG00000053358-B,Isosorbide,-1.0,,,-1.0,,1,-1,-1,-1
ENSMUSG00000053358-B,L-(+)-Threose,,1.0,,1.0,,1,-1,-1,-1
ENSMUSG00000053768-B,"2,4-Dimethoxybenzaldoxime",,,,1.0,,1,-1,-1,-1
ENSMUSG00000053768-B,"3-Hydroxy-7,3',4',5'-tetramethoxyflavone",,,,1.0,,1,-1,-1,-1
ENSMUSG00000053768-B,L-(+)-Threose,,1.0,,1.0,,1,-1,-1,-1
ENSMUSG00000053768-B,"N-[(3,4,5-Trimethoxyphenyl)methylidene]hydroxylamine",,1.0,,1.0,,1,-1,-1,-1
ENSMUSG00000053768-B,Prostaglandin,,,-1.0,-0.9856107606091624,,1,-1,-1,-1
ENSMUSG00000053768-B,Tyr-Val,,,,1.0,,1,-1,-1,-1
ENSMUSG00000054519-B,"1,2-Bis(trimethylsiloxy)cyclohexene",,,,-1.0,,1,-1,-1,-1
ENSMUSG00000054519-B,"13-Docosenamide, (Z)",,-1.0,,-1.0,,1,-1,-1,-1
ENSMUSG00000054519-B,"3-Hydroxy-7,3',4',5'-tetramethoxyflavone",,,,-1.0,,1,-1,-1,-1
ENSMUSG00000054920-B,"3,4-Dihydroxybenzaldehyde",-1.0,,,-1.0,,1,-1,-1,-1
ENSMUSG00000054920-B,7-Hydroxy-4-(methoxymethyl)coumarin,,-1.0,,-1.0,,1,-1,-1,-1
ENSMUSG00000055239-B,"13-Docosenamide, (Z)",,1.0,,1.0,,1,-1,-1,-1
ENSMUSG00000055239-B,"2,4-Dimethoxybenzaldoxime",,,,-1.0,,1,-1,-1,-1
ENSMUSG00000055239-B,2-Aminoquinolin-8-ol,,,,1.0,,1,-1,-1,-1
ENSMUSG00000055239-B,cis-2-Decenoic acid,,,,-1.0,,1,-1,-1,-1
ENSMUSG00000055239-B,Cyclobutylamine,0.5,0.8116794499134279,1.0,0.8269015865060569,,1,-1,-1,-1
ENSMUSG00000055639-B,"1,2-Bis(trimethylsiloxy)cyclohexene",,,,-1.0,,1,-1,-1,-1
ENSMUSG00000055639-B,2-Aminoquinolin-8-ol,,,,1.0,,1,-1,-1,-1
ENSMUSG00000055639-B,"9Z-Octadecenoic acid, (2S)-3-[(hydroxymercaptophosphinyl)oxy]-2-methoxypropyl ester",,-0.8999999999999998,,-0.9642857142857144,,1,-1,-1,-1
ENSMUSG00000055639-B,Chlorobenzilate,,,,-1.0,,1,-1,-1,-1
ENSMUSG00000055639-B,cis-2-Decenoic acid,,,,-1.0,,1,-1,-1,-1
ENSMUSG00000055639-B,Isosorbide,1.0,,,1.0,,1,-1,-1,-1
ENSMUSG00000055639-B,"N-[(3,4,5-Trimethoxyphenyl)methylidene]hydroxylamine",,-1.0,,-1.0,,1,-1,-1,-1
ENSMUSG00000055818-B,"1,2-Cinnolinedicarboxylic acid, 1,2,3,5,6,7,8,8a-octahydro-4-trimethylsilyloxy-, diethyl ester",,,,1.0,,1,-1,-1,-1
ENSMUSG00000055818-B,3-(4-Methoxyphenyl)coumarin,,-1.0,,-1.0,,1,-1,-1,-1
ENSMUSG00000055818-B,L-(+)-Threose,,1.0,,1.0,,1,-1,-1,-1
ENSMUSG00000055945-B,"1,2-Bis(trimethylsiloxy)cyclohexene",,,,1.0,,1,-1,-1,-1
ENSMUSG00000055945-B,"13-Docosenamide, (Z)",,-1.0,,-1.0,,1,-1,-1,-1
ENSMUSG00000055945-B,"2,4-Dimethoxybenzaldoxime",,,,-1.0,,1,-1,-1,-1
ENSMUSG00000055945-B,3-(4-Methoxyphenyl)coumarin,,1.0,,1.0,,1,-1,-1,-1
ENSMUSG00000055945-B,"3,4-Dihydroxybenzaldehyde",-1.0,,,-1.0,,1,-1,-1,-1
ENSMUSG00000055945-B,L-(+)-Threose,,-1.0,,-1.0,,1,-1,-1,-1
ENSMUSG00000055945-B,L-Val-L-Leu,,-1.0,,-1.0,,1,-1,-1,-1
ENSMUSG00000055945-B,Tyr-Val,,,,1.0,,1,-1,-1,-1
ENSMUSG00000056071-B,"13-Docosenamide, (Z)",,-1.0,,-1.0,,1,-1,-1,-1
ENSMUSG00000056071-B,"3-Hydroxy-7,3',4',5'-tetramethoxyflavone",,,,1.0,,1,-1,-1,-1
ENSMUSG00000056071-B,7-Hydroxy-4-(methoxymethyl)coumarin,,1.0,,1.0,,1,-1,-1,-1
ENSMUSG00000056071-B,Chlorobenzilate,,,,-1.0,,1,-1,-1,-1
ENSMUSG00000056071-B,cis-2-Decenoic acid,,,,1.0,,1,-1,-1,-1
ENSMUSG00000056071-B,Tyr-Val,,,,1.0,,1,-1,-1,-1
ENSMUSG00000056116-B,"1,2-Bis(trimethylsiloxy)cyclohexene",,,,-1.0,,1,-1,-1,-1
ENSMUSG00000056116-B,"1,2-Cinnolinedicarboxylic acid, 1,2,3,5,6,7,8,8a-octahydro-4-trimethylsilyloxy-, diethyl ester",,,,-1.0,,1,-1,-1,-1
ENSMUSG00000056116-B,2-Aminoquinolin-8-ol,,,,-1.0,,1,-1,-1,-1
ENSMUSG00000056116-B,2-Norbornanemethanol,,,,-1.0,,1,-1,-1,-1
ENSMUSG00000056116-B,"3-Hydroxy-7,3',4',5'-tetramethoxyflavone",,,,-1.0,,1,-1,-1,-1
ENSMUSG00000056116-B,Chlorobenzilate,,,,-1.0,,1,-1,-1,-1
ENSMUSG00000056116-B,Isosorbide,-1.0,,,-1.0,,1,-1,-1,-1
ENSMUSG00000056116-B,L-Val-L-Leu,,1.0,,1.0,,1,-1,-1,-1
ENSMUSG00000056116-B,"N-[(3,4,5-Trimethoxyphenyl)methylidene]hydroxylamine",,1.0,,1.0,,1,-1,-1,-1
ENSMUSG00000056116-B,Octadecanoic acid,,,,-1.0,,1,-1,-1,-1
ENSMUSG00000056411-B,"3,4-Dihydroxybenzaldehyde",1.0,,,1.0,,1,-1,-1,-1
ENSMUSG00000056411-B,L-(+)-Threose,,-1.0,,-1.0,,1,-1,-1,-1
ENSMUSG00000056411-B,"N-[(3,4,5-Trimethoxyphenyl)methylidene]hydroxylamine",,-1.0,,-1.0,,1,-1,-1,-1
ENSMUSG00000056423-B,"2,4-Dimethoxybenzaldoxime",,,,1.0,,1,-1,-1,-1
ENSMUSG00000056423-B,2-Aminoquinolin-8-ol,,,,-1.0,,1,-1,-1,-1
ENSMUSG00000056423-B,Isosorbide,-1.0,,,-1.0,,1,-1,-1,-1
ENSMUSG00000056423-B,L-Val-L-Leu,,1.0,,1.0,,1,-1,-1,-1
ENSMUSG00000056737-B,"1,2-Bis(trimethylsiloxy)cyclohexene",,,,-1.0,,1,-1,-1,-1
ENSMUSG00000056737-B,"1,2-Cinnolinedicarboxylic acid, 1,2,3,5,6,7,8,8a-octahydro-4-trimethylsilyloxy-, diethyl ester",,,,1.0,,1,-1,-1,-1
ENSMUSG00000056737-B,"13-Docosenamide, (Z)",,-1.0,,-1.0,,1,-1,-1,-1
ENSMUSG00000056737-B,"2,4-Dimethoxybenzaldoxime",,,,-1.0,,1,-1,-1,-1
ENSMUSG00000056737-B,2-Norbornanemethanol,,,,1.0,,1,-1,-1,-1
ENSMUSG00000056737-B,"3,4-Dihydroxybenzaldehyde",1.0,,,1.0,,1,-1,-1,-1
ENSMUSG00000056737-B,L-Val-L-Leu,,-1.0,,-1.0,,1,-1,-1,-1
ENSMUSG00000056737-B,Tyr-Val,,,,-1.0,,1,-1,-1,-1
ENSMUSG00000056770-B,"1,2-Cinnolinedicarboxylic acid, 1,2,3,5,6,7,8,8a-octahydro-4-trimethylsilyloxy-, diethyl ester",,,,-1.0,,1,-1,-1,-1
ENSMUSG00000056770-B,2-Aminoquinolin-8-ol,,,,1.0,,1,-1,-1,-1
ENSMUSG00000056770-B,"3-Hydroxy-7,3',4',5'-tetramethoxyflavone",,,,-1.0,,1,-1,-1,-1
ENSMUSG00000056770-B,4-Methylvaleric acid,0.5,0.7999999999999999,1.0,0.8545454545454546,,1,-1,-1,-1
ENSMUSG00000056770-B,cis-2-Decenoic acid,,,,-1.0,,1,-1,-1,-1
ENSMUSG00000056770-B,Isosorbide,-1.0,,,-1.0,,1,-1,-1,-1
ENSMUSG00000056770-B,"N-[(3,4,5-Trimethoxyphenyl)methylidene]hydroxylamine",,1.0,,1.0,,1,-1,-1,-1
ENSMUSG00000056770-B,Octadecanoic acid,,,,-1.0,,1,-1,-1,-1
ENSMUSG00000056770-B,tert-butyl(dimethyl)silyl-2-([tert-butyl(dimethyl)silyl]oxy)hex-2-enoate,,-1.0,,-1.0,,1,-1,-1,-1
ENSMUSG00000056900-B,"1,2-Cinnolinedicarboxylic acid, 1,2,3,5,6,7,8,8a-octahydro-4-trimethylsilyloxy-, diethyl ester",,,,-1.0,,1,-1,-1,-1
ENSMUSG00000056900-B,2-Aminoquinolin-8-ol,,,,1.0,,1,-1,-1,-1
ENSMUSG00000056900-B,2-Norbornanemethanol,,,,-1.0,,1,-1,-1,-1
ENSMUSG00000056900-B,"3-Hydroxy-7,3',4',5'-tetramethoxyflavone",,,,-1.0,,1,-1,-1,-1
ENSMUSG00000056900-B,4-Methylvaleric acid,0.5,0.6,1.0,0.881818181818182,,1,-1,-1,-1
ENSMUSG00000056900-B,Isosorbide,-1.0,,,-1.0,,1,-1,-1,-1
ENSMUSG00000056900-B,Norephedrine,0.5,1.0,1.0,0.9666666666666668,,1,-1,-1,-1
ENSMUSG00000056900-B,Octadecanoic acid,,,,-1.0,,1,-1,-1,-1
ENSMUSG00000057322-B,"3,4-Dihydroxybenzaldehyde",-1.0,,,-1.0,,1,-1,-1,-1
ENSMUSG00000057322-B,"l-Leucine, n-butoxycarbonyl-N-methyl-, hexadecyl ester",,,,1.0,,1,-1,-1,-1
ENSMUSG00000057322-B,L-Val-L-Leu,,1.0,,1.0,,1,-1,-1,-1
ENSMUSG00000057322-B,"N-[(3,4,5-Trimethoxyphenyl)methylidene]hydroxylamine",,1.0,,1.0,,1,-1,-1,-1
ENSMUSG00000057440-B,"1,2-Cinnolinedicarboxylic acid, 1,2,3,5,6,7,8,8a-octahydro-4-trimethylsilyloxy-, diethyl ester",,,,-1.0,,1,-1,-1,-1
ENSMUSG00000057440-B,"3,4-Dihydroxybenzaldehyde",-1.0,,,-1.0,,1,-1,-1,-1
ENSMUSG00000057440-B,cis-2-Decenoic acid,,,,-1.0,,1,-1,-1,-1
ENSMUSG00000057440-B,L-(+)-Threose,,-1.0,,-1.0,,1,-1,-1,-1
ENSMUSG00000057440-B,"N-[(3,4,5-Trimethoxyphenyl)methylidene]hydroxylamine",,-1.0,,-1.0,,1,-1,-1,-1
ENSMUSG00000057440-B,Tyr-Val,,,,1.0,,1,-1,-1,-1
ENSMUSG00000057455-B,"2',3'-Di-O-acetyladenosine",,-1.0,,-0.9549937104572924,,1,-1,-1,-1
ENSMUSG00000057455-B,2-Cyanobenzaldehyde,,-1.0,,-1.0,,1,-1,-1,-1
ENSMUSG00000057455-B,cis-2-Decenoic acid,,,,-1.0,,1,-1,-1,-1
ENSMUSG00000057455-B,Citramalic acid,0.0,-0.8720815992723809,-0.5,-0.8401914075580906,1.0,1,-1,-1,-1
ENSMUSG00000057455-B,L-Ornithine,,,,1.0,,1,-1,-1,-1
ENSMUSG00000057455-B,L-Val-L-Leu,,-1.0,,-1.0,,1,-1,-1,-1
ENSMUSG00000057455-B,"N-[(3,4,5-Trimethoxyphenyl)methylidene]hydroxylamine",,1.0,,1.0,,1,-1,-1,-1
ENSMUSG00000057455-B,N-Acetyl-L-alanine,0.5,-0.5428571428571429,-1.0,-0.8315840663996671,-1.0,1,1,1,1
ENSMUSG00000057455-B,Octadecanoic acid,,,,-1.0,,1,-1,-1,-1
ENSMUSG00000057531-B,"1,2-Bis(trimethylsiloxy)cyclohexene",,,,-1.0,,1,-1,-1,-1
ENSMUSG00000057531-B,"1,2-Cinnolinedicarboxylic acid, 1,2,3,5,6,7,8,8a-octahydro-4-trimethylsilyloxy-, diethyl ester",,,,-1.0,,1,-1,-1,-1
ENSMUSG00000057531-B,2-Norbornanemethanol,,,,-1.0,,1,-1,-1,-1
ENSMUSG00000057531-B,"3,4-Dihydroxybenzaldehyde",-1.0,,,-1.0,,1,-1,-1,-1
ENSMUSG00000057531-B,L-Val-L-Leu,,-1.0,,-1.0,,1,-1,-1,-1
ENSMUSG00000057531-B,"N-[(3,4,5-Trimethoxyphenyl)methylidene]hydroxylamine",,1.0,,1.0,,1,-1,-1,-1
ENSMUSG00000057531-B,Octacosanol,,-1.0,,-0.9549937104572924,,1,-1,-1,-1
ENSMUSG00000057531-B,Octadecanoic acid,,,,-1.0,,1,-1,-1,-1
ENSMUSG00000058400-B,"3-Hydroxy-7,3',4',5'-tetramethoxyflavone",,,,-1.0,,1,-1,-1,-1
ENSMUSG00000058400-B,Azelaic acid,-0.5,-0.5797710356524484,-0.5,-0.8877247628654673,-1.0,1,1,1,1
ENSMUSG00000058400-B,Ethanolamine,-0.5,-0.3768511731740915,0.8660254037844387,-0.8677586082058318,,1,-1,-1,-1
ENSMUSG00000058400-B,Glycine,-1.0,-0.4928053803045811,-1.0,-0.824566479341442,-1.0,1,1,1,1
ENSMUSG00000058400-B,Isosorbide,-1.0,,,-1.0,,1,-1,-1,-1
ENSMUSG00000058400-B,"l-Leucine, n-butoxycarbonyl-N-methyl-, hexadecyl ester",,,,1.0,,1,-1,-1,-1
ENSMUSG00000058400-B,L-Val-L-Leu,,-1.0,,-1.0,,1,-1,-1,-1
ENSMUSG00000058400-B,"N-[(3,4,5-Trimethoxyphenyl)methylidene]hydroxylamine",,1.0,,1.0,,1,-1,-1,-1
ENSMUSG00000058897-B,"2,4-Dimethoxybenzaldoxime",,,,-1.0,,1,-1,-1,-1
ENSMUSG00000058897-B,2-Aminoquinolin-8-ol,,,,1.0,,1,-1,-1,-1
ENSMUSG00000058897-B,Isosorbide,-1.0,,,-1.0,,1,-1,-1,-1
ENSMUSG00000058897-B,L-Val-L-Leu,,-1.0,,-1.0,,1,-1,-1,-1
ENSMUSG00000058897-B,Octadecanoic acid,,,,-1.0,,1,-1,-1,-1
ENSMUSG00000059447-B,"1,2-Bis(trimethylsiloxy)cyclohexene",,,,-1.0,,1,-1,-1,-1
ENSMUSG00000059447-B,"2,4-Dimethoxybenzaldoxime",,,,-1.0,,1,-1,-1,-1
ENSMUSG00000059447-B,"3,3-Dimethylacrylic acid",,,,1.0,,1,-1,-1,-1
ENSMUSG00000059447-B,"3-Hydroxy-7,3',4',5'-tetramethoxyflavone",,,,-1.0,,1,-1,-1,-1
ENSMUSG00000059447-B,Isosorbide,-1.0,,,-1.0,,1,-1,-1,-1
ENSMUSG00000059447-B,L-(+)-Threose,,-1.0,,-1.0,,1,-1,-1,-1
ENSMUSG00000059447-B,Octadecanoic acid,,,,-1.0,,1,-1,-1,-1
ENSMUSG00000059669-B,"2,4-Dimethoxybenzaldoxime",,,,-1.0,,1,-1,-1,-1
ENSMUSG00000059669-B,Luciferin,,,,-1.0,,1,-1,-1,-1
ENSMUSG00000059669-B,"N-[(3,4,5-Trimethoxyphenyl)methylidene]hydroxylamine",,-1.0,,-1.0,,1,-1,-1,-1
ENSMUSG00000059674-B,"2,4-Dimethoxybenzaldoxime",,,,-1.0,,1,-1,-1,-1
ENSMUSG00000059674-B,2-Aminoquinolin-8-ol,,,,-1.0,,1,-1,-1,-1
ENSMUSG00000059674-B,2-Norbornanemethanol,,,,1.0,,1,-1,-1,-1
ENSMUSG00000059674-B,"4,5-Dihydro-1H-pyrazole",,,,1.0,,1,-1,-1,-1
ENSMUSG00000059674-B,Isosorbide,-1.0,,,-1.0,,1,-1,-1,-1
ENSMUSG00000059674-B,L-Val-L-Leu,,-1.0,,-1.0,,1,-1,-1,-1
ENSMUSG00000059674-B,Octadecanoic acid,,,,-1.0,,1,-1,-1,-1
ENSMUSG00000060424-B,2-Norbornanemethanol,,,,1.0,,1,-1,-1,-1
ENSMUSG00000060424-B,"3-Hydroxy-7,3',4',5'-tetramethoxyflavone",,,,1.0,,1,-1,-1,-1
ENSMUSG00000060424-B,"Benzene, 1-ethyl-3,5-dimethyl",,,,1.0,,1,-1,-1,-1
ENSMUSG00000060424-B,"l-Leucine, n-butoxycarbonyl-N-methyl-, hexadecyl ester",,,,1.0,,1,-1,-1,-1
ENSMUSG00000060424-B,"N-[(3,4,5-Trimethoxyphenyl)methylidene]hydroxylamine",,1.0,,1.0,,1,-1,-1,-1
ENSMUSG00000061039-B,"13-Docosenamide, (Z)",,-1.0,,-1.0,,1,-1,-1,-1
ENSMUSG00000061039-B,2-Aminoquinolin-8-ol,,,,1.0,,1,-1,-1,-1
ENSMUSG00000061039-B,Chlorobenzilate,,,,-1.0,,1,-1,-1,-1
ENSMUSG00000061535-B,"1,2-Cinnolinedicarboxylic acid, 1,2,3,5,6,7,8,8a-octahydro-4-trimethylsilyloxy-, diethyl ester",,,,1.0,,1,-1,-1,-1
ENSMUSG00000061535-B,2-Aminoquinolin-8-ol,,,,-1.0,,1,-1,-1,-1
ENSMUSG00000061535-B,2-Norbornanemethanol,,,,1.0,,1,-1,-1,-1
ENSMUSG00000061535-B,7-Hydroxy-4-(methoxymethyl)coumarin,,1.0,,1.0,,1,-1,-1,-1
ENSMUSG00000061535-B,"Benzene, 1-ethyl-3,5-dimethyl",,,,1.0,,1,-1,-1,-1
ENSMUSG00000061535-B,cis-2-Decenoic acid,,,,1.0,,1,-1,-1,-1
ENSMUSG00000061535-B,Isosorbide,-1.0,,,-1.0,,1,-1,-1,-1
ENSMUSG00000061535-B,"N-[(3,4,5-Trimethoxyphenyl)methylidene]hydroxylamine",,1.0,,1.0,,1,-1,-1,-1
ENSMUSG00000061983-B,"1,2-Cinnolinedicarboxylic acid, 1,2,3,5,6,7,8,8a-octahydro-4-trimethylsilyloxy-, diethyl ester",,,,-1.0,,1,-1,-1,-1
ENSMUSG00000061983-B,"13-Docosenamide, (Z)",,-1.0,,-1.0,,1,-1,-1,-1
ENSMUSG00000061983-B,"3,4-Dihydroxybenzaldehyde",-1.0,,,-1.0,,1,-1,-1,-1
ENSMUSG00000061983-B,Glabridin,,,,1.0,,1,-1,-1,-1
ENSMUSG00000061983-B,Luciferin,,,,1.0,,1,-1,-1,-1
ENSMUSG00000061983-B,Tyr-Val,,,,1.0,,1,-1,-1,-1
ENSMUSG00000062380-B,"13-Docosenamide, (Z)",,1.0,,1.0,,1,-1,-1,-1
ENSMUSG00000062380-B,2-Aminoquinolin-8-ol,,,,1.0,,1,-1,-1,-1
ENSMUSG00000062380-B,2-Norbornanemethanol,,,,-1.0,,1,-1,-1,-1
ENSMUSG00000062380-B,"3-Hydroxy-7,3',4',5'-tetramethoxyflavone",,,,-1.0,,1,-1,-1,-1
ENSMUSG00000062380-B,7-Hydroxy-4-(methoxymethyl)coumarin,,-1.0,,-1.0,,1,-1,-1,-1
ENSMUSG00000062380-B,"l-Leucine, n-butoxycarbonyl-N-methyl-, hexadecyl ester",,,,-1.0,,1,-1,-1,-1
ENSMUSG00000062380-B,L-Val-L-Leu,,-1.0,,-1.0,,1,-1,-1,-1
ENSMUSG00000062470-B,"13-Docosenamide, (Z)",,-1.0,,-1.0,,1,-1,-1,-1
ENSMUSG00000062470-B,"2,4-Dimethoxybenzaldoxime",,,,-1.0,,1,-1,-1,-1
ENSMUSG00000062470-B,2-Aminoquinolin-8-ol,,,,1.0,,1,-1,-1,-1
ENSMUSG00000062470-B,"3,4-Dihydroxybenzaldehyde",-1.0,,,-1.0,,1,-1,-1,-1
ENSMUSG00000062470-B,Benzeneacetic acid,,1.0,,1.0,,1,-1,-1,-1
ENSMUSG00000062470-B,cis-2-Decenoic acid,,,,-1.0,,1,-1,-1,-1
ENSMUSG00000062470-B,L-Glutamic acid,,-1.0,,-1.0,,1,-1,-1,-1
ENSMUSG00000062470-B,L-Val-L-Leu,,1.0,,1.0,,1,-1,-1,-1
ENSMUSG00000062661-B,"13-Docosenamide, (Z)",,-1.0,,-1.0,,1,-1,-1,-1
ENSMUSG00000062661-B,"3,3-Dimethylacrylic acid",,,,1.0,,1,-1,-1,-1
ENSMUSG00000062661-B,"4,5-Dihydro-1H-pyrazole",,,,1.0,,1,-1,-1,-1
ENSMUSG00000062661-B,Isosorbide,1.0,,,1.0,,1,-1,-1,-1
ENSMUSG00000062704-B,L-(+)-Threose,,1.0,,1.0,,1,-1,-1,-1
ENSMUSG00000062704-B,Tyr-Val,,,,-1.0,,1,-1,-1,-1
ENSMUSG00000063049-B,"1,2-Cinnolinedicarboxylic acid, 1,2,3,5,6,7,8,8a-octahydro-4-trimethylsilyloxy-, diethyl ester",,,,-1.0,,1,-1,-1,-1
ENSMUSG00000063049-B,Chlorobenzilate,,,,-1.0,,1,-1,-1,-1
ENSMUSG00000063049-B,Glabridin,,,,1.0,,1,-1,-1,-1
ENSMUSG00000063049-B,Isosorbide,1.0,,,1.0,,1,-1,-1,-1
ENSMUSG00000063049-B,L-Val-L-Leu,,1.0,,1.0,,1,-1,-1,-1
ENSMUSG00000063049-B,Octadecanoic acid,,,,1.0,,1,-1,-1,-1
ENSMUSG00000063077-B,"2,4-Dimethoxybenzaldoxime",,,,1.0,,1,-1,-1,-1
ENSMUSG00000063077-B,2-Aminoquinolin-8-ol,,,,1.0,,1,-1,-1,-1
ENSMUSG00000063077-B,Isosorbide,1.0,,,1.0,,1,-1,-1,-1
ENSMUSG00000063077-B,"l-Leucine, n-butoxycarbonyl-N-methyl-, hexadecyl ester",,,,-1.0,,1,-1,-1,-1
ENSMUSG00000063077-B,L-Threonine,,1.0,,1.0,1.0,1,1,1,1
ENSMUSG00000063077-B,"N-[(3,4,5-Trimethoxyphenyl)methylidene]hydroxylamine",,-1.0,,-1.0,,1,-1,-1,-1
ENSMUSG00000063409-B,"1,2-Bis(trimethylsiloxy)cyclohexene",,,,1.0,,1,-1,-1,-1
ENSMUSG00000063409-B,2-Norbornanemethanol,,,,-1.0,,1,-1,-1,-1
ENSMUSG00000063409-B,"3,4-Dihydroxybenzaldehyde",-1.0,,,-1.0,,1,-1,-1,-1
ENSMUSG00000063409-B,"3-Hydroxy-7,3',4',5'-tetramethoxyflavone",,,,1.0,,1,-1,-1,-1
ENSMUSG00000063409-B,L-(+)-Threose,,-1.0,,-1.0,,1,-1,-1,-1
ENSMUSG00000063409-B,"N-[(3,4,5-Trimethoxyphenyl)methylidene]hydroxylamine",,-1.0,,-1.0,,1,-1,-1,-1
ENSMUSG00000063409-B,tert-butyl(dimethyl)silyl-2-([tert-butyl(dimethyl)silyl]oxy)hex-2-enoate,,1.0,,1.0,,1,-1,-1,-1
ENSMUSG00000063409-B,Tyr-Val,,,,1.0,,1,-1,-1,-1
ENSMUSG00000063681-B,"1,2-Bis(trimethylsiloxy)cyclohexene",,,,1.0,,1,-1,-1,-1
ENSMUSG00000063681-B,"3,4-Dihydroxybenzaldehyde",1.0,,,1.0,,1,-1,-1,-1
ENSMUSG00000063681-B,Diclofenac,,,,1.0,,1,-1,-1,-1
ENSMUSG00000063681-B,L-(+)-Threose,,1.0,,1.0,,1,-1,-1,-1
ENSMUSG00000063681-B,L-Val-L-Leu,,-1.0,,-1.0,,1,-1,-1,-1
ENSMUSG00000063681-B,Octadecanoic acid,,,,1.0,,1,-1,-1,-1
ENSMUSG00000063681-B,Tyr-Val,,,,-1.0,,1,-1,-1,-1
ENSMUSG00000063870-B,"1,2-Bis(trimethylsiloxy)cyclohexene",,,,1.0,,1,-1,-1,-1
ENSMUSG00000063870-B,"2,4-Dimethoxybenzaldoxime",,,,1.0,,1,-1,-1,-1
ENSMUSG00000063870-B,2-Norbornanemethanol,,,,-1.0,,1,-1,-1,-1
ENSMUSG00000063870-B,"3-Hydroxy-7,3',4',5'-tetramethoxyflavone",,,,-1.0,,1,-1,-1,-1
ENSMUSG00000063870-B,L-(+)-Threose,,1.0,,1.0,,1,-1,-1,-1
ENSMUSG00000063870-B,L-Val-L-Leu,,1.0,,1.0,,1,-1,-1,-1
ENSMUSG00000063870-B,Octadecanoic acid,,,,1.0,,1,-1,-1,-1
ENSMUSG00000063931-B,"1,2-Cinnolinedicarboxylic acid, 1,2,3,5,6,7,8,8a-octahydro-4-trimethylsilyloxy-, diethyl ester",,,,1.0,,1,-1,-1,-1
ENSMUSG00000063931-B,"13-Docosenamide, (Z)",,1.0,,1.0,,1,-1,-1,-1
ENSMUSG00000063931-B,2-Aminoquinolin-8-ol,,,,1.0,,1,-1,-1,-1
ENSMUSG00000063931-B,7-Hydroxy-4-(methoxymethyl)coumarin,,-1.0,,-1.0,,1,-1,-1,-1
ENSMUSG00000063931-B,cis-2-Decenoic acid,,,,-1.0,,1,-1,-1,-1
ENSMUSG00000063931-B,"l-Leucine, n-butoxycarbonyl-N-methyl-, hexadecyl ester",,,,1.0,,1,-1,-1,-1
ENSMUSG00000064128-B,"13-Docosenamide, (Z)",,-1.0,,-1.0,,1,-1,-1,-1
ENSMUSG00000064128-B,"2,4-Dimethoxybenzaldoxime",,,,1.0,,1,-1,-1,-1
ENSMUSG00000064128-B,2-Norbornanemethanol,,,,-1.0,,1,-1,-1,-1
ENSMUSG00000064128-B,"3-Hydroxy-7,3',4',5'-tetramethoxyflavone",,,,1.0,,1,-1,-1,-1
ENSMUSG00000064128-B,Isosorbide,1.0,,,1.0,,1,-1,-1,-1
ENSMUSG00000064128-B,L-(+)-Threose,,-1.0,,-1.0,,1,-1,-1,-1
ENSMUSG00000064128-B,Octadecanoic acid,,,,1.0,,1,-1,-1,-1
ENSMUSG00000064363-B,"1,2-Bis(trimethylsiloxy)cyclohexene",,,,1.0,,1,-1,-1,-1
ENSMUSG00000064363-B,"13-Docosenamide, (Z)",,-1.0,,-1.0,,1,-1,-1,-1
ENSMUSG00000064363-B,Diclofenac,,,,1.0,,1,-1,-1,-1
ENSMUSG00000064363-B,Isosorbide,-1.0,,,-1.0,,1,-1,-1,-1
ENSMUSG00000064363-B,L-Val-L-Leu,,1.0,,1.0,,1,-1,-1,-1
ENSMUSG00000066197-B,"1,2-Bis(trimethylsiloxy)cyclohexene",,,,-1.0,,1,-1,-1,-1
ENSMUSG00000066197-B,2-Aminoquinolin-8-ol,,,,-1.0,,1,-1,-1,-1
ENSMUSG00000066197-B,2-Norbornanemethanol,,,,-1.0,,1,-1,-1,-1
ENSMUSG00000066197-B,"3,3-Dimethylacrylic acid",,,,1.0,,1,-1,-1,-1
ENSMUSG00000066197-B,"3,4-Dihydroxybenzaldehyde",1.0,,,1.0,,1,-1,-1,-1
ENSMUSG00000066197-B,"3-Hydroxy-7,3',4',5'-tetramethoxyflavone",,,,-1.0,,1,-1,-1,-1
ENSMUSG00000066197-B,Chlorobenzilate,,,,-1.0,,1,-1,-1,-1
ENSMUSG00000066197-B,"N-[(3,4,5-Trimethoxyphenyl)methylidene]hydroxylamine",,1.0,,1.0,,1,-1,-1,-1
ENSMUSG00000066441-B,2-Aminoquinolin-8-ol,,,,1.0,,1,-1,-1,-1
ENSMUSG00000066441-B,2-Norbornanemethanol,,,,1.0,,1,-1,-1,-1
ENSMUSG00000066441-B,"3,3-Dimethylacrylic acid",,,,1.0,,1,-1,-1,-1
ENSMUSG00000066441-B,"3,5-Dimethylphenol",0.5,-0.7999999999999999,-0.5,-0.8656058903985899,,1,-1,-1,-1
ENSMUSG00000066441-B,"4,5-Dihydro-1H-pyrazole",,,,1.0,,1,-1,-1,-1
ENSMUSG00000066441-B,7-Hydroxy-4-(methoxymethyl)coumarin,,-1.0,,-1.0,,1,-1,-1,-1
ENSMUSG00000066441-B,Chlorobenzilate,,,,-1.0,,1,-1,-1,-1
ENSMUSG00000066441-B,cis-2-Decenoic acid,,,,-1.0,,1,-1,-1,-1
ENSMUSG00000066441-B,L-Alanine,-0.8660254037844387,-0.753702346348183,-0.8660254037844387,-0.8400819752692913,,1,-1,-1,-1
ENSMUSG00000066441-B,L-Ornithine,,,,1.0,,1,-1,-1,-1
ENSMUSG00000066441-B,"N-[(3,4,5-Trimethoxyphenyl)methylidene]hydroxylamine",,-1.0,,-1.0,,1,-1,-1,-1
ENSMUSG00000066441-B,Octadecanoic acid,,,,-1.0,,1,-1,-1,-1
ENSMUSG00000067279-B,"1,2-Cinnolinedicarboxylic acid, 1,2,3,5,6,7,8,8a-octahydro-4-trimethylsilyloxy-, diethyl ester",,,,1.0,,1,-1,-1,-1
ENSMUSG00000067279-B,"13-Docosenamide, (Z)",,-1.0,,-1.0,,1,-1,-1,-1
ENSMUSG00000067279-B,"3,4-Dihydroxybenzaldehyde",-1.0,,,-1.0,,1,-1,-1,-1
ENSMUSG00000067279-B,"3-Hydroxy-7,3',4',5'-tetramethoxyflavone",,,,1.0,,1,-1,-1,-1
ENSMUSG00000067279-B,cis-2-Decenoic acid,,,,1.0,,1,-1,-1,-1
ENSMUSG00000067279-B,L-(+)-Threose,,-1.0,,-1.0,,1,-1,-1,-1
ENSMUSG00000067279-B,"l-Leucine, n-butoxycarbonyl-N-methyl-, hexadecyl ester",,,,1.0,,1,-1,-1,-1
ENSMUSG00000067279-B,L-Val-L-Leu,,-1.0,,-1.0,,1,-1,-1,-1
ENSMUSG00000067768-B,"13-Docosenamide, (Z)",,-1.0,,-1.0,,1,-1,-1,-1
ENSMUSG00000067768-B,L-Val-L-Leu,,1.0,,1.0,,1,-1,-1,-1
ENSMUSG00000067768-B,Octadecanoic acid,,,,-1.0,,1,-1,-1,-1
ENSMUSG00000068154-B,"1,2-Cinnolinedicarboxylic acid, 1,2,3,5,6,7,8,8a-octahydro-4-trimethylsilyloxy-, diethyl ester",,,,-1.0,,1,-1,-1,-1
ENSMUSG00000068154-B,"2,2'-Bipyridine",0.5,0.8116794499134279,1.0,0.8260220258923994,1.0,1,1,1,1
ENSMUSG00000068154-B,"2,4-Dimethoxybenzaldoxime",,,,1.0,,1,-1,-1,-1
ENSMUSG00000068154-B,2-Norbornanemethanol,,,,-1.0,,1,-1,-1,-1
ENSMUSG00000068154-B,3-(4-Methoxyphenyl)coumarin,,-1.0,,-1.0,,1,-1,-1,-1
ENSMUSG00000068154-B,"3,4-Dihydroxybenzaldehyde",1.0,,,1.0,,1,-1,-1,-1
ENSMUSG00000068154-B,L-Serine,1.0,,,1.0,,1,-1,-1,-1
ENSMUSG00000068154-B,Luciferin,,,,1.0,,1,-1,-1,-1
ENSMUSG00000068154-B,L-Val-L-Leu,,1.0,,1.0,,1,-1,-1,-1
ENSMUSG00000068154-B,Mevalonolactone,-1.0,-0.942857142857143,0.8660254037844387,-0.8266212326392487,1.0,1,-1,-1,-1
ENSMUSG00000068154-B,"N-[(3,4,5-Trimethoxyphenyl)methylidene]hydroxylamine",,1.0,,1.0,,1,-1,-1,-1
ENSMUSG00000068154-B,Octadecanoic acid,,,,1.0,,1,-1,-1,-1
ENSMUSG00000068154-B,Triethyl citrate,,0.7999999999999999,1.0,0.8773666603699838,,1,-1,-1,-1
ENSMUSG00000068220-B,"1,2-Cinnolinedicarboxylic acid, 1,2,3,5,6,7,8,8a-octahydro-4-trimethylsilyloxy-, diethyl ester",,,,-1.0,,1,-1,-1,-1
ENSMUSG00000068220-B,"13-Docosenamide, (Z)",,-1.0,,-1.0,,1,-1,-1,-1
ENSMUSG00000068220-B,2-Aminoquinolin-8-ol,,,,-1.0,,1,-1,-1,-1
ENSMUSG00000068220-B,3-(4-Methoxyphenyl)coumarin,,1.0,,1.0,,1,-1,-1,-1
ENSMUSG00000068220-B,cis-2-Decenoic acid,,,,1.0,,1,-1,-1,-1
ENSMUSG00000068220-B,L-(+)-Threose,,-1.0,,-1.0,,1,-1,-1,-1
ENSMUSG00000068220-B,L-Val-L-Leu,,-1.0,,-1.0,,1,-1,-1,-1
ENSMUSG00000068966-B,"2,4-Dimethoxybenzaldoxime",,,,1.0,,1,-1,-1,-1
ENSMUSG00000068966-B,2-Aminoquinolin-8-ol,,,,1.0,,1,-1,-1,-1
ENSMUSG00000068966-B,2-Norbornanemethanol,,,,-1.0,,1,-1,-1,-1
ENSMUSG00000068966-B,3-(4-Methoxyphenyl)coumarin,,1.0,,1.0,,1,-1,-1,-1
ENSMUSG00000068966-B,"3,4-Dihydroxybenzaldehyde",-1.0,,,-1.0,,1,-1,-1,-1
ENSMUSG00000068966-B,cis-2-Decenoic acid,,,,-1.0,,1,-1,-1,-1
ENSMUSG00000068966-B,Diclofenac,,,,1.0,,1,-1,-1,-1
ENSMUSG00000068966-B,L-(+)-Threose,,-1.0,,-1.0,,1,-1,-1,-1
ENSMUSG00000068966-B,"N-[(3,4,5-Trimethoxyphenyl)methylidene]hydroxylamine",,-1.0,,-1.0,,1,-1,-1,-1
ENSMUSG00000070167-B,"1,2-Cinnolinedicarboxylic acid, 1,2,3,5,6,7,8,8a-octahydro-4-trimethylsilyloxy-, diethyl ester",,,,-1.0,,1,-1,-1,-1
ENSMUSG00000070167-B,"13-Docosenamide, (Z)",,-1.0,,-1.0,,1,-1,-1,-1
ENSMUSG00000070167-B,2-Norbornanemethanol,,,,-1.0,,1,-1,-1,-1
ENSMUSG00000070167-B,L-Val-L-Leu,,1.0,,1.0,,1,-1,-1,-1
ENSMUSG00000070407-B,"13-Docosenamide, (Z)",,-1.0,,-1.0,,1,-1,-1,-1
ENSMUSG00000070407-B,2-Aminoquinolin-8-ol,,,,-1.0,,1,-1,-1,-1
ENSMUSG00000070407-B,"3-Hydroxy-7,3',4',5'-tetramethoxyflavone",,,,1.0,,1,-1,-1,-1
ENSMUSG00000070407-B,cis-2-Decenoic acid,,,,1.0,,1,-1,-1,-1
ENSMUSG00000070407-B,L-(+)-Threose,,-1.0,,-1.0,,1,-1,-1,-1
ENSMUSG00000070527-B,2-Aminoquinolin-8-ol,,,,1.0,,1,-1,-1,-1
ENSMUSG00000070527-B,"3-Hydroxy-7,3',4',5'-tetramethoxyflavone",,,,-1.0,,1,-1,-1,-1
ENSMUSG00000070527-B,"4,5-Dihydro-1H-pyrazole",,,,1.0,,1,-1,-1,-1
ENSMUSG00000070527-B,4-tert-Butyldimethylsiloxy-3-penten-2-one,,-1.0,,-1.0,,1,-1,-1,-1
ENSMUSG00000070527-B,cis-2-Decenoic acid,,,,-1.0,,1,-1,-1,-1
ENSMUSG00000070527-B,L-Val-L-Leu,,-1.0,,-1.0,,1,-1,-1,-1
ENSMUSG00000070527-B,"N-[(3,4,5-Trimethoxyphenyl)methylidene]hydroxylamine",,-1.0,,-1.0,,1,-1,-1,-1
ENSMUSG00000070527-B,Octanoic acid,,-1.0,,-1.0,,1,-1,-1,-1
ENSMUSG00000070532-B,"1,2-Bis(trimethylsiloxy)cyclohexene",,,,1.0,,1,-1,-1,-1
ENSMUSG00000070532-B,3-(4-Methoxyphenyl)coumarin,,-1.0,,-1.0,,1,-1,-1,-1
ENSMUSG00000070532-B,"3-Hydroxy-7,3',4',5'-tetramethoxyflavone",,,,1.0,,1,-1,-1,-1
ENSMUSG00000070532-B,cis-2-Decenoic acid,,,,1.0,,1,-1,-1,-1
ENSMUSG00000070532-B,Isosorbide,1.0,,,1.0,,1,-1,-1,-1
ENSMUSG00000070532-B,L-(+)-Threose,,1.0,,1.0,,1,-1,-1,-1
ENSMUSG00000070532-B,Octadecanoic acid,,,,1.0,,1,-1,-1,-1
ENSMUSG00000070687-B,"1-(2,4-Dimethoxyphenyl)-propan-2-one",-0.5,-0.7826237921249264,-0.5,-0.862421616015649,1.0,1,-1,-1,-1
ENSMUSG00000070687-B,"13-Docosenamide, (Z)",,1.0,,1.0,,1,-1,-1,-1
ENSMUSG00000070687-B,2-Aminoquinolin-8-ol,,,,1.0,,1,-1,-1,-1
ENSMUSG00000070687-B,"3,3-Dimethylacrylic acid",,,,-1.0,,1,-1,-1,-1
ENSMUSG00000070687-B,"3,4-Dihydroxybenzaldehyde",-1.0,,,-1.0,,1,-1,-1,-1
ENSMUSG00000070687-B,cis-2-Decenoic acid,,,,-1.0,,1,-1,-1,-1
ENSMUSG00000070687-B,L-(+)-Threose,,1.0,,1.0,,1,-1,-1,-1
ENSMUSG00000070687-B,Tyr-Val,,,,1.0,,1,-1,-1,-1
ENSMUSG00000070687-B,Urea,-1.0,-0.753702346348183,-1.0,-0.9174116968421968,,1,-1,-1,-1
ENSMUSG00000070806-B,"1,2-Bis(trimethylsiloxy)cyclohexene",,,,1.0,,1,-1,-1,-1
ENSMUSG00000070806-B,4-tert-Butyldimethylsiloxy-3-penten-2-one,,-1.0,,-1.0,,1,-1,-1,-1
ENSMUSG00000070806-B,cis-2-Decenoic acid,,,,-1.0,,1,-1,-1,-1
ENSMUSG00000070806-B,Diclofenac,,,,1.0,,1,-1,-1,-1
ENSMUSG00000070806-B,Isosorbide,-1.0,,,-1.0,,1,-1,-1,-1
ENSMUSG00000070806-B,"N-[(3,4,5-Trimethoxyphenyl)methylidene]hydroxylamine",,-1.0,,-1.0,,1,-1,-1,-1
ENSMUSG00000070953-B,"1,2-Bis(trimethylsiloxy)cyclohexene",,,,-1.0,,1,-1,-1,-1
ENSMUSG00000070953-B,Formamide,-1.0,-0.5217939320872036,-1.0,-0.8227778098887566,1.0,1,-1,-1,-1
ENSMUSG00000070953-B,Isosorbide,1.0,,,1.0,,1,-1,-1,-1
ENSMUSG00000070953-B,L-(+)-Threose,,1.0,,1.0,,1,-1,-1,-1
ENSMUSG00000070953-B,L-Threonine,,1.0,,1.0,1.0,1,1,1,1
ENSMUSG00000071648-B,2-Norbornanemethanol,,,,1.0,,1,-1,-1,-1
ENSMUSG00000071648-B,"Benzene, 1-ethyl-3,5-dimethyl",,,,1.0,,1,-1,-1,-1
ENSMUSG00000071648-B,L-Val-L-Leu,,-1.0,,-1.0,,1,-1,-1,-1
ENSMUSG00000071648-B,Octadecanoic acid,,,,-1.0,,1,-1,-1,-1
ENSMUSG00000071661-B,"1,2-Bis(trimethylsiloxy)cyclohexene",,,,-1.0,,1,-1,-1,-1
ENSMUSG00000071661-B,"2,4,4'-Trihydroxybenzophenone",-1.0,-0.7714285714285715,-1.0,-0.8386016534578921,,1,-1,-1,-1
ENSMUSG00000071661-B,2-Norbornanemethanol,,,,1.0,,1,-1,-1,-1
ENSMUSG00000071661-B,"3-Hydroxy-7,3',4',5'-tetramethoxyflavone",,,,1.0,,1,-1,-1,-1
ENSMUSG00000071661-B,cis-2-Decenoic acid,,,,1.0,,1,-1,-1,-1
ENSMUSG00000071661-B,Diclofenac,,,,-1.0,,1,-1,-1,-1
ENSMUSG00000071661-B,Glabridin,,,,-1.0,,1,-1,-1,-1
ENSMUSG00000071661-B,L-(+)-Threose,,-1.0,,-1.0,,1,-1,-1,-1
ENSMUSG00000071661-B,Octadecanoic acid,,,,-1.0,,1,-1,-1,-1
ENSMUSG00000071661-B,Tyr-Val,,,,1.0,,1,-1,-1,-1
ENSMUSG00000072809-B,"1,2-Bis(trimethylsiloxy)cyclohexene",,,,1.0,,1,-1,-1,-1
ENSMUSG00000072809-B,"2,6-di-tert-Butyl-4-(dimethylaminomethyl)phenol",1.0,0.7999999999999999,,0.9523809523809524,,1,-1,-1,-1
ENSMUSG00000072809-B,"3-Hydroxy-7,3',4',5'-tetramethoxyflavone",,,,-1.0,,1,-1,-1,-1
ENSMUSG00000072809-B,cis-2-Decenoic acid,,,,-1.0,,1,-1,-1,-1
ENSMUSG00000072809-B,Diclofenac,,,,1.0,,1,-1,-1,-1
ENSMUSG00000072809-B,Luciferin,,,,1.0,,1,-1,-1,-1
ENSMUSG00000072809-B,Octadecanoic acid,,,,1.0,,1,-1,-1,-1
ENSMUSG00000072919-B,"1,2-Bis(trimethylsiloxy)cyclohexene",,,,1.0,,1,-1,-1,-1
ENSMUSG00000072919-B,"13-Docosenamide, (Z)",,-1.0,,-1.0,,1,-1,-1,-1
ENSMUSG00000072919-B,2-Aminoquinolin-8-ol,,,,-1.0,,1,-1,-1,-1
ENSMUSG00000072919-B,"3,4-Dihydroxybenzaldehyde",1.0,,,1.0,,1,-1,-1,-1
ENSMUSG00000072919-B,cis-2-Decenoic acid,,,,1.0,,1,-1,-1,-1
ENSMUSG00000072919-B,L-Val-L-Leu,,1.0,,1.0,,1,-1,-1,-1
ENSMUSG00000072919-B,Octadecanoic acid,,,,1.0,,1,-1,-1,-1
ENSMUSG00000072964-B,"2(5H)-Furanone, 4-(hydroxymethyl)",-0.5,-0.9276336570439176,-1.0,-0.8686528207395494,,1,-1,-1,-1
ENSMUSG00000072964-B,"2,5-Dimethoxybenzonitrile",-1.0,-1.0,-1.0,-0.8371291296643238,,1,-1,-1,-1
ENSMUSG00000072964-B,2-Aminoquinolin-8-ol,,,,1.0,,1,-1,-1,-1
ENSMUSG00000072964-B,"3,4-Dihydroxybenzaldehyde",1.0,,,1.0,,1,-1,-1,-1
ENSMUSG00000072964-B,"3-Hydroxy-7,3',4',5'-tetramethoxyflavone",,,,-1.0,,1,-1,-1,-1
ENSMUSG00000072964-B,L-(+)-Threose,,-1.0,,-1.0,,1,-1,-1,-1
ENSMUSG00000072964-B,Luciferin,,,,-1.0,,1,-1,-1,-1
ENSMUSG00000072964-B,N-Acetyl-L-alanine,0.5,-0.942857142857143,-1.0,-0.8315840663996671,-1.0,1,1,1,1
ENSMUSG00000072964-B,Tyr-Val,,,,-1.0,,1,-1,-1,-1
ENSMUSG00000073460-B,"3-Hydroxy-7,3',4',5'-tetramethoxyflavone",,,,-1.0,,1,-1,-1,-1
ENSMUSG00000073460-B,cis-2-Decenoic acid,,,,-1.0,,1,-1,-1,-1
ENSMUSG00000073460-B,L-(+)-Threose,,1.0,,1.0,,1,-1,-1,-1
ENSMUSG00000073460-B,"l-Leucine, n-butoxycarbonyl-N-methyl-, hexadecyl ester",,,,-1.0,,1,-1,-1,-1
ENSMUSG00000073460-B,Sulindac,,-1.0,,-1.0,,1,-1,-1,-1
ENSMUSG00000073680-B,"1-(2,5-Dimethoxyphenyl)-1-[(trimethylsilyl)oxy]propan-2-amine",-1.0,-0.9856107606091624,-1.0,-0.8239640937886785,,1,-1,-1,-1
ENSMUSG00000073680-B,2-Aminoquinolin-8-ol,,,,1.0,,1,-1,-1,-1
ENSMUSG00000073680-B,"3-Hydroxy-7,3',4',5'-tetramethoxyflavone",,,,-1.0,,1,-1,-1,-1
ENSMUSG00000073680-B,Glycolic acid,-0.5,-0.8406680016960503,-1.0,-0.8435969626135144,,1,-1,-1,-1
ENSMUSG00000073680-B,"l-Leucine, n-butoxycarbonyl-N-methyl-, hexadecyl ester",,,,-1.0,,1,-1,-1,-1
ENSMUSG00000073795-B,"1,2-Cinnolinedicarboxylic acid, 1,2,3,5,6,7,8,8a-octahydro-4-trimethylsilyloxy-, diethyl ester",,,,1.0,,1,-1,-1,-1
ENSMUSG00000073795-B,Chlorobenzilate,,,,1.0,,1,-1,-1,-1
ENSMUSG00000073795-B,L-(+)-Threose,,-1.0,,-1.0,,1,-1,-1,-1
ENSMUSG00000073795-B,Octadecanoic acid,,,,-1.0,,1,-1,-1,-1
ENSMUSG00000074215-B,"1,2-Cinnolinedicarboxylic acid, 1,2,3,5,6,7,8,8a-octahydro-4-trimethylsilyloxy-, diethyl ester",,,,-1.0,,1,-1,-1,-1
ENSMUSG00000074215-B,"N-[(3,4,5-Trimethoxyphenyl)methylidene]hydroxylamine",,-1.0,,-1.0,,1,-1,-1,-1
ENSMUSG00000074215-B,Tyr-Val,,,,1.0,,1,-1,-1,-1
ENSMUSG00000074476-B,"13-Docosenamide, (Z)",,1.0,,1.0,,1,-1,-1,-1
ENSMUSG00000074476-B,"2,4-Dimethoxybenzaldoxime",,,,-1.0,,1,-1,-1,-1
ENSMUSG00000074476-B,2-Norbornanemethanol,,,,1.0,,1,-1,-1,-1
ENSMUSG00000074476-B,"3,3-Dimethylacrylic acid",,,,1.0,,1,-1,-1,-1
ENSMUSG00000074476-B,"3,4-Dihydroxybenzaldehyde",1.0,,,1.0,,1,-1,-1,-1
ENSMUSG00000074476-B,"3-Hydroxy-7,3',4',5'-tetramethoxyflavone",,,,-1.0,,1,-1,-1,-1
ENSMUSG00000074476-B,"4,5-Dihydro-1H-pyrazole",,,,1.0,,1,-1,-1,-1
ENSMUSG00000074476-B,L-(+)-Threose,,1.0,,1.0,,1,-1,-1,-1
ENSMUSG00000074580-B,2-Norbornanemethanol,,,,-1.0,,1,-1,-1,-1
ENSMUSG00000074580-B,"3-Hydroxy-7,3',4',5'-tetramethoxyflavone",,,,1.0,,1,-1,-1,-1
ENSMUSG00000074580-B,cis-2-Decenoic acid,,,,1.0,,1,-1,-1,-1
ENSMUSG00000074580-B,L-(+)-Threose,,1.0,,1.0,,1,-1,-1,-1
ENSMUSG00000074580-B,Salsoline,1.0,1.0,1.0,0.9272727272727272,-1.0,1,-1,-1,-1
ENSMUSG00000074580-B,Tyr-Val,,,,1.0,,1,-1,-1,-1
ENSMUSG00000074793-B,"1,2-Bis(trimethylsiloxy)cyclohexene",,,,1.0,,1,-1,-1,-1
ENSMUSG00000074793-B,"13-Docosenamide, (Z)",,-1.0,,-1.0,,1,-1,-1,-1
ENSMUSG00000074793-B,2-Aminoquinolin-8-ol,,,,-1.0,,1,-1,-1,-1
ENSMUSG00000074793-B,2-Norbornanemethanol,,,,1.0,,1,-1,-1,-1
ENSMUSG00000074793-B,cis-2-Decenoic acid,,,,1.0,,1,-1,-1,-1
ENSMUSG00000074793-B,Isosorbide,-1.0,,,-1.0,,1,-1,-1,-1
ENSMUSG00000074793-B,Lactic acid,1.0,0.6377481392176932,,0.849323922857635,,1,-1,-1,-1
ENSMUSG00000074811-B,"13-Docosenamide, (Z)",,-1.0,,-1.0,,1,-1,-1,-1
ENSMUSG00000074811-B,"4,5-Dihydro-1H-pyrazole",,,,1.0,,1,-1,-1,-1
ENSMUSG00000074811-B,Chlorobenzilate,,,,-1.0,,1,-1,-1,-1
ENSMUSG00000074811-B,cis-2-Decenoic acid,,,,-1.0,,1,-1,-1,-1
ENSMUSG00000074811-B,"Erythrono-1,4-lactone",-1.0,-0.6571428571428573,-1.0,-0.830435353969758,1.0,1,-1,-1,-1
ENSMUSG00000074811-B,Isosorbide,1.0,,,1.0,,1,-1,-1,-1
ENSMUSG00000074811-B,L-(+)-Threose,,-1.0,,-1.0,,1,-1,-1,-1
ENSMUSG00000074811-B,Suberic acid,,-0.942857142857143,-0.5,-0.8473826084954617,-1.0,1,1,1,1
ENSMUSG00000074811-B,tert-butyl(dimethyl)silyl-2-([tert-butyl(dimethyl)silyl]oxy)hex-2-enoate,,-1.0,,-1.0,,1,-1,-1,-1
ENSMUSG00000074813-B,"1,2-Cinnolinedicarboxylic acid, 1,2,3,5,6,7,8,8a-octahydro-4-trimethylsilyloxy-, diethyl ester",,,,-1.0,,1,-1,-1,-1
ENSMUSG00000074813-B,L-Val-L-Leu,,-1.0,,-1.0,,1,-1,-1,-1
ENSMUSG00000075225-B,"1,2-Bis(trimethylsiloxy)cyclohexene",,,,1.0,,1,-1,-1,-1
ENSMUSG00000075225-B,"1,2-Cinnolinedicarboxylic acid, 1,2,3,5,6,7,8,8a-octahydro-4-trimethylsilyloxy-, diethyl ester",,,,-1.0,,1,-1,-1,-1
ENSMUSG00000075225-B,"13-Docosenamide, (Z)",,-1.0,,-1.0,,1,-1,-1,-1
ENSMUSG00000075225-B,"3,4-Dihydroxybenzaldehyde",-1.0,,,-1.0,,1,-1,-1,-1
ENSMUSG00000075225-B,cis-2-Decenoic acid,,,,-1.0,,1,-1,-1,-1
ENSMUSG00000075225-B,L-Val-L-Leu,,-1.0,,-1.0,,1,-1,-1,-1
ENSMUSG00000078435-B,"1,2-Bis(trimethylsiloxy)cyclohexene",,,,1.0,,1,-1,-1,-1
ENSMUSG00000078435-B,"13-Docosenamide, (Z)",,-1.0,,-1.0,,1,-1,-1,-1
ENSMUSG00000078435-B,"3,4-Dihydroxybenzaldehyde",-1.0,,,-1.0,,1,-1,-1,-1
ENSMUSG00000078435-B,Tyr-Val,,,,1.0,,1,-1,-1,-1
ENSMUSG00000079043-B,"1,2-Cinnolinedicarboxylic acid, 1,2,3,5,6,7,8,8a-octahydro-4-trimethylsilyloxy-, diethyl ester",,,,-1.0,,1,-1,-1,-1
ENSMUSG00000079043-B,"13-Docosenamide, (Z)",,-1.0,,-1.0,,1,-1,-1,-1
ENSMUSG00000079043-B,"2,4-Dimethoxybenzaldoxime",,,,-1.0,,1,-1,-1,-1
ENSMUSG00000079043-B,"3,4-Dihydroxybenzaldehyde",-1.0,,,-1.0,,1,-1,-1,-1
ENSMUSG00000079043-B,cis-2-Decenoic acid,,,,-1.0,,1,-1,-1,-1
ENSMUSG00000079043-B,Glabridin,,,,1.0,,1,-1,-1,-1
ENSMUSG00000079043-B,Tyr-Val,,,,1.0,,1,-1,-1,-1
ENSMUSG00000079083-B,"13-Docosenamide, (Z)",,1.0,,1.0,,1,-1,-1,-1
ENSMUSG00000079083-B,"2,4-Dimethoxybenzaldoxime",,,,1.0,,1,-1,-1,-1
ENSMUSG00000079083-B,2-Aminoquinolin-8-ol,,,,1.0,,1,-1,-1,-1
ENSMUSG00000079083-B,"3,4-Dihydroxybenzaldehyde",-1.0,,,-1.0,,1,-1,-1,-1
ENSMUSG00000079083-B,cis-2-Decenoic acid,,,,-1.0,,1,-1,-1,-1
ENSMUSG00000079083-B,Luciferin,,,,-1.0,,1,-1,-1,-1
ENSMUSG00000079157-B,2-Aminoquinolin-8-ol,,,,1.0,,1,-1,-1,-1
ENSMUSG00000079157-B,2-Norbornanemethanol,,,,-1.0,,1,-1,-1,-1
ENSMUSG00000079157-B,"3,4-Dihydroxybenzaldehyde",1.0,,,1.0,,1,-1,-1,-1
ENSMUSG00000079157-B,"3-Hydroxy-7,3',4',5'-tetramethoxyflavone",,,,-1.0,,1,-1,-1,-1
ENSMUSG00000079157-B,"N-[(3,4,5-Trimethoxyphenyl)methylidene]hydroxylamine",,-1.0,,-1.0,,1,-1,-1,-1
ENSMUSG00000079157-B,Norephedrine,-0.5,0.5,1.0,0.9333333333333332,,1,-1,-1,-1
ENSMUSG00000079157-B,tert-butyl(dimethyl)silyl-2-([tert-butyl(dimethyl)silyl]oxy)hex-2-enoate,,1.0,,1.0,,1,-1,-1,-1
ENSMUSG00000079157-B,Tyr-Val,,,,-1.0,,1,-1,-1,-1
ENSMUSG00000081683-B,"1,2-Bis(trimethylsiloxy)cyclohexene",,,,1.0,,1,-1,-1,-1
ENSMUSG00000081683-B,Isosorbide,1.0,,,1.0,,1,-1,-1,-1
ENSMUSG00000081683-B,Octadecanoic acid,,,,1.0,,1,-1,-1,-1
ENSMUSG00000083153-B,"1,2-Bis(trimethylsiloxy)cyclohexene",,,,1.0,,1,-1,-1,-1
ENSMUSG00000083153-B,Diclofenac,,,,1.0,,1,-1,-1,-1
ENSMUSG00000083153-B,"Erythrono-1,4-lactone",1.0,0.7775419143502353,1.0,0.8675848499293759,-1.0,1,-1,-1,-1
ENSMUSG00000083153-B,Isosorbide,-1.0,,,-1.0,,1,-1,-1,-1
ENSMUSG00000083307-B,"1,2-Bis(trimethylsiloxy)cyclohexene",,,,1.0,,1,-1,-1,-1
ENSMUSG00000083307-B,"1,2-Cinnolinedicarboxylic acid, 1,2,3,5,6,7,8,8a-octahydro-4-trimethylsilyloxy-, diethyl ester",,,,1.0,,1,-1,-1,-1
ENSMUSG00000083307-B,2-Aminoquinolin-8-ol,,,,1.0,,1,-1,-1,-1
ENSMUSG00000083307-B,"3-Hydroxy-7,3',4',5'-tetramethoxyflavone",,,,1.0,,1,-1,-1,-1
ENSMUSG00000084375-B,"13-Docosenamide, (Z)",,-1.0,,-1.0,,1,-1,-1,-1
ENSMUSG00000084375-B,"2,4-Dimethoxybenzaldoxime",,,,-1.0,,1,-1,-1,-1
ENSMUSG00000084375-B,2-Aminoquinolin-8-ol,,,,1.0,,1,-1,-1,-1
ENSMUSG00000084375-B,3-(4-Methoxyphenyl)coumarin,,1.0,,1.0,,1,-1,-1,-1
ENSMUSG00000084375-B,"3,4-Dihydroxybenzaldehyde",-1.0,,,-1.0,,1,-1,-1,-1
ENSMUSG00000084375-B,cis-2-Decenoic acid,,,,-1.0,,1,-1,-1,-1
ENSMUSG00000084375-B,L-(+)-Threose,,-1.0,,-1.0,,1,-1,-1,-1
ENSMUSG00000084375-B,L-Glutamic acid,,-1.0,,-1.0,,1,-1,-1,-1
ENSMUSG00000085007-B,"1,2-Cinnolinedicarboxylic acid, 1,2,3,5,6,7,8,8a-octahydro-4-trimethylsilyloxy-, diethyl ester",,,,-1.0,,1,-1,-1,-1
ENSMUSG00000085007-B,2-Aminoquinolin-8-ol,,,,1.0,,1,-1,-1,-1
ENSMUSG00000085007-B,2-Norbornanemethanol,,,,-1.0,,1,-1,-1,-1
ENSMUSG00000085007-B,"3,4-Dihydroxybenzaldehyde",-1.0,,,-1.0,,1,-1,-1,-1
ENSMUSG00000085007-B,Azelaic acid,-0.5,-0.5507824838698261,0.5,-0.8631632081616797,-1.0,1,1,1,1
ENSMUSG00000085007-B,L-(+)-Threose,,1.0,,1.0,,1,-1,-1,-1
ENSMUSG00000085007-B,"l-Leucine, n-butoxycarbonyl-N-methyl-, hexadecyl ester",,,,1.0,,1,-1,-1,-1
ENSMUSG00000085007-B,"N-[(3,4,5-Trimethoxyphenyl)methylidene]hydroxylamine",,1.0,,1.0,,1,-1,-1,-1
ENSMUSG00000085111-B,"2-Allyl-1,4-dimethoxybenzene",1.0,0.7589709258986453,1.0,0.8908907584650155,-1.0,1,-1,-1,-1
ENSMUSG00000085111-B,"3,4-Dihydroxybenzaldehyde",1.0,,,1.0,,1,-1,-1,-1
ENSMUSG00000085111-B,Diclofenac,,,,1.0,,1,-1,-1,-1
ENSMUSG00000085111-B,Octadecanoic acid,,,,1.0,,1,-1,-1,-1
ENSMUSG00000085111-B,Tyr-Val,,,,-1.0,,1,-1,-1,-1
ENSMUSG00000085382-B,"1,2-Bis(trimethylsiloxy)cyclohexene",,,,1.0,,1,-1,-1,-1
ENSMUSG00000085382-B,"2,4-Dimethoxybenzaldoxime",,,,-1.0,,1,-1,-1,-1
ENSMUSG00000085382-B,Isosorbide,-1.0,,,-1.0,,1,-1,-1,-1
ENSMUSG00000085382-B,L-Val-L-Leu,,-1.0,,-1.0,,1,-1,-1,-1
ENSMUSG00000085382-B,Tyr-Val,,,,1.0,,1,-1,-1,-1
ENSMUSG00000086034-B,"1,2-Cinnolinedicarboxylic acid, 1,2,3,5,6,7,8,8a-octahydro-4-trimethylsilyloxy-, diethyl ester",,,,-1.0,,1,-1,-1,-1
ENSMUSG00000086034-B,"13-Docosenamide, (Z)",,-1.0,,-1.0,,1,-1,-1,-1
ENSMUSG00000086034-B,"3-Hydroxy-7,3',4',5'-tetramethoxyflavone",,,,-1.0,,1,-1,-1,-1
ENSMUSG00000086034-B,cis-2-Decenoic acid,,,,-1.0,,1,-1,-1,-1
ENSMUSG00000086034-B,Diclofenac,,,,1.0,,1,-1,-1,-1
ENSMUSG00000086034-B,Isosorbide,-1.0,,,-1.0,,1,-1,-1,-1
ENSMUSG00000086034-B,L-Glutamic acid,,-1.0,,-1.0,,1,-1,-1,-1
ENSMUSG00000086034-B,tert-butyl(dimethyl)silyl-2-([tert-butyl(dimethyl)silyl]oxy)hex-2-enoate,,-1.0,,-1.0,,1,-1,-1,-1
ENSMUSG00000086213-B,2-Norbornanemethanol,,,,-1.0,,1,-1,-1,-1
ENSMUSG00000086732-B,2-Aminoquinolin-8-ol,,,,-1.0,,1,-1,-1,-1
ENSMUSG00000086732-B,"3,4-Dihydroxybenzaldehyde",1.0,,,1.0,,1,-1,-1,-1
ENSMUSG00000086732-B,"N-[(3,4,5-Trimethoxyphenyl)methylidene]hydroxylamine",,1.0,,1.0,,1,-1,-1,-1
ENSMUSG00000086732-B,Tyr-Val,,,,-1.0,,1,-1,-1,-1
ENSMUSG00000087067-B,2-Aminoquinolin-8-ol,,,,-1.0,,1,-1,-1,-1
ENSMUSG00000087067-B,"3,4-Dihydroxybenzaldehyde",1.0,,,1.0,,1,-1,-1,-1
ENSMUSG00000087067-B,cis-2-Decenoic acid,,,,1.0,,1,-1,-1,-1
ENSMUSG00000087067-B,Cyclobutylamine,-1.0,-0.8574929257125441,-1.0,-0.8789011740588896,,1,-1,-1,-1
ENSMUSG00000087141-B,"1,2-Bis(trimethylsiloxy)cyclohexene",,,,-1.0,,1,-1,-1,-1
ENSMUSG00000087141-B,2-Aminoquinolin-8-ol,,,,1.0,,1,-1,-1,-1
ENSMUSG00000087141-B,"3-Hydroxy-7,3',4',5'-tetramethoxyflavone",,,,-1.0,,1,-1,-1,-1
ENSMUSG00000087141-B,L-Threonine,,1.0,,1.0,-1.0,1,-1,-1,-1
ENSMUSG00000087141-B,"N-[(3,4,5-Trimethoxyphenyl)methylidene]hydroxylamine",,-1.0,,-1.0,,1,-1,-1,-1
ENSMUSG00000089940-B,"1,2-Cinnolinedicarboxylic acid, 1,2,3,5,6,7,8,8a-octahydro-4-trimethylsilyloxy-, diethyl ester",,,,-1.0,,1,-1,-1,-1
ENSMUSG00000090862-B,"13-Docosenamide, (Z)",,-1.0,,-1.0,,1,-1,-1,-1
ENSMUSG00000090862-B,"3,4-Dihydroxybenzaldehyde",-1.0,,,-1.0,,1,-1,-1,-1
ENSMUSG00000090862-B,"Propanoic acid, dimethyl(isopropyl)silyl ester",,-0.7142857142857143,-1.0,-0.8693049274624923,,1,-1,-1,-1
ENSMUSG00000091387-B,"1,2-Cinnolinedicarboxylic acid, 1,2,3,5,6,7,8,8a-octahydro-4-trimethylsilyloxy-, diethyl ester",,,,1.0,,1,-1,-1,-1
ENSMUSG00000091387-B,7-Hydroxy-4-(methoxymethyl)coumarin,,-1.0,,-1.0,,1,-1,-1,-1
ENSMUSG00000091387-B,Diacetyl monoxime,-0.8660254037844387,-0.6,-0.5,-0.8521338063968386,1.0,1,-1,-1,-1
ENSMUSG00000091387-B,"N-[(3,4,5-Trimethoxyphenyl)methylidene]hydroxylamine",,1.0,,1.0,,1,-1,-1,-1
ENSMUSG00000092094-B,"1,2-Cinnolinedicarboxylic acid, 1,2,3,5,6,7,8,8a-octahydro-4-trimethylsilyloxy-, diethyl ester",,,,1.0,,1,-1,-1,-1
ENSMUSG00000092094-B,2-Aminoquinolin-8-ol,,,,1.0,,1,-1,-1,-1
ENSMUSG00000092094-B,L-(+)-Threose,,-1.0,,-1.0,,1,-1,-1,-1
ENSMUSG00000092094-B,"l-Leucine, n-butoxycarbonyl-N-methyl-, hexadecyl ester",,,,-1.0,,1,-1,-1,-1
ENSMUSG00000092094-B,L-Val-L-Leu,,-1.0,,-1.0,,1,-1,-1,-1
ENSMUSG00000092417-B,"1,2-Bis(trimethylsiloxy)cyclohexene",,,,1.0,,1,-1,-1,-1
ENSMUSG00000092417-B,"1,2-Cinnolinedicarboxylic acid, 1,2,3,5,6,7,8,8a-octahydro-4-trimethylsilyloxy-, diethyl ester",,,,-1.0,,1,-1,-1,-1
ENSMUSG00000092417-B,2-Aminoquinolin-8-ol,,,,1.0,,1,-1,-1,-1
ENSMUSG00000092417-B,2-Norbornanemethanol,,,,-1.0,,1,-1,-1,-1
ENSMUSG00000092417-B,Isosorbide,1.0,,,1.0,,1,-1,-1,-1
ENSMUSG00000092417-B,L-Pyroglutamic acid,,0.8660254037844387,,0.9856107606091624,,1,-1,-1,-1
ENSMUSG00000092417-B,"N-[(3,4,5-Trimethoxyphenyl)methylidene]hydroxylamine",,-1.0,,-1.0,,1,-1,-1,-1
ENSMUSG00000092417-B,Octadecanoic acid,,,,1.0,,1,-1,-1,-1
ENSMUSG00000092417-B,Octanoic acid,,-1.0,,-1.0,,1,-1,-1,-1
ENSMUSG00000093720-B,2-Aminoquinolin-8-ol,,,,-1.0,,1,-1,-1,-1
ENSMUSG00000093720-B,"3-Hydroxy-7,3',4',5'-tetramethoxyflavone",,,,-1.0,,1,-1,-1,-1
ENSMUSG00000093720-B,Oleic Acid,1.0,,,1.0,,1,-1,-1,-1
ENSMUSG00000094344-B,2-Aminoquinolin-8-ol,,,,-1.0,,1,-1,-1,-1
ENSMUSG00000094344-B,"3,4-Dihydroxybenzaldehyde",-1.0,,,-1.0,,1,-1,-1,-1
ENSMUSG00000094344-B,"3-Hydroxy-7,3',4',5'-tetramethoxyflavone",,,,1.0,,1,-1,-1,-1
ENSMUSG00000094344-B,L-Threonine,,-1.0,,-1.0,1.0,1,-1,-1,-1
ENSMUSG00000094344-B,Luciferin,,,,1.0,,1,-1,-1,-1
ENSMUSG00000094344-B,"N-[(3,4,5-Trimethoxyphenyl)methylidene]hydroxylamine",,1.0,,1.0,,1,-1,-1,-1
ENSMUSG00000094344-B,Tyr-Val,,,,1.0,,1,-1,-1,-1
ENSMUSG00000095845-B,"2,4-Dimethoxybenzaldoxime",,,,-1.0,,1,-1,-1,-1
ENSMUSG00000095845-B,"3,4-Dihydroxybenzaldehyde",1.0,,,1.0,,1,-1,-1,-1
ENSMUSG00000095845-B,cis-2-Decenoic acid,,,,1.0,,1,-1,-1,-1
ENSMUSG00000095845-B,L-Ornithine,,,,-1.0,,1,-1,-1,-1
ENSMUSG00000095845-B,Octadecanoic acid,,,,1.0,,1,-1,-1,-1
ENSMUSG00000096606-B,"1,2-Bis(trimethylsiloxy)cyclohexene",,,,-1.0,,1,-1,-1,-1
ENSMUSG00000096606-B,"1,2-Cinnolinedicarboxylic acid, 1,2,3,5,6,7,8,8a-octahydro-4-trimethylsilyloxy-, diethyl ester",,,,1.0,,1,-1,-1,-1
ENSMUSG00000096606-B,2-Aminoquinolin-8-ol,,,,-1.0,,1,-1,-1,-1
ENSMUSG00000096606-B,"3,4-Dihydroxybenzaldehyde",1.0,,,1.0,,1,-1,-1,-1
ENSMUSG00000096606-B,"Benzene, 1-ethyl-3,5-dimethyl",,,,1.0,,1,-1,-1,-1
ENSMUSG00000096606-B,"N-[(3,4,5-Trimethoxyphenyl)methylidene]hydroxylamine",,1.0,,1.0,,1,-1,-1,-1
ENSMUSG00000096917-B,"1,2-Bis(trimethylsiloxy)cyclohexene",,,,1.0,,1,-1,-1,-1
ENSMUSG00000096917-B,"1,2-Cinnolinedicarboxylic acid, 1,2,3,5,6,7,8,8a-octahydro-4-trimethylsilyloxy-, diethyl ester",,,,-1.0,,1,-1,-1,-1
ENSMUSG00000096917-B,"13-Docosenamide, (Z)",,-1.0,,-1.0,,1,-1,-1,-1
ENSMUSG00000096917-B,"2,4-Dimethoxybenzaldoxime",,,,-1.0,,1,-1,-1,-1
ENSMUSG00000096917-B,"3,4-Dihydroxybenzaldehyde",-1.0,,,-1.0,,1,-1,-1,-1
ENSMUSG00000096917-B,Glabridin,,,,1.0,,1,-1,-1,-1
ENSMUSG00000096971-B,"2,4-Dimethoxybenzaldoxime",,,,-1.0,,1,-1,-1,-1
ENSMUSG00000096971-B,Isosorbide,-1.0,,,-1.0,,1,-1,-1,-1
ENSMUSG00000096971-B,"N-[(3,4,5-Trimethoxyphenyl)methylidene]hydroxylamine",,-1.0,,-1.0,,1,-1,-1,-1
ENSMUSG00000097061-B,2-Aminoquinolin-8-ol,,,,1.0,,1,-1,-1,-1
ENSMUSG00000097061-B,"3,3-Dimethylacrylic acid",,,,1.0,,1,-1,-1,-1
ENSMUSG00000097061-B,"4,5-Dihydro-1H-pyrazole",,,,1.0,,1,-1,-1,-1
ENSMUSG00000097061-B,4-tert-Butyldimethylsiloxy-3-penten-2-one,,1.0,,1.0,,1,-1,-1,-1
ENSMUSG00000097061-B,Luciferin,,,,-1.0,,1,-1,-1,-1
ENSMUSG00000097061-B,"N-[(3,4,5-Trimethoxyphenyl)methylidene]hydroxylamine",,1.0,,1.0,,1,-1,-1,-1
ENSMUSG00000097061-B,Octacosanol,,-0.7999999999999999,,-0.9549937104572924,,1,-1,-1,-1
ENSMUSG00000097061-B,Octadecanoic acid,,,,-1.0,,1,-1,-1,-1
ENSMUSG00000097061-B,Sulindac,,-1.0,,-1.0,,1,-1,-1,-1
ENSMUSG00000097403-B,"1,2-Bis(trimethylsiloxy)cyclohexene",,,,-1.0,,1,-1,-1,-1
ENSMUSG00000097403-B,"1,2-Cinnolinedicarboxylic acid, 1,2,3,5,6,7,8,8a-octahydro-4-trimethylsilyloxy-, diethyl ester",,,,1.0,,1,-1,-1,-1
ENSMUSG00000097403-B,"13-Docosenamide, (Z)",,1.0,,1.0,,1,-1,-1,-1
ENSMUSG00000097403-B,"2',5'-Dimethoxypropiophenone",1.0,0.8285714285714287,1.0,0.8395179239634888,1.0,1,1,1,1
ENSMUSG00000097403-B,3-(4-Methoxyphenyl)coumarin,,-1.0,,-1.0,,1,-1,-1,-1
ENSMUSG00000097403-B,"3-Hydroxy-7,3',4',5'-tetramethoxyflavone",,,,1.0,,1,-1,-1,-1
ENSMUSG00000097403-B,Aceturic acid,1.0,0.8857142857142858,,0.9178082191780824,,1,-1,-1,-1
ENSMUSG00000097403-B,cis-2-Decenoic acid,,,,-1.0,,1,-1,-1,-1
ENSMUSG00000097403-B,L-(+)-Threose,,1.0,,1.0,,1,-1,-1,-1
ENSMUSG00000097403-B,L-Val-L-Leu,,1.0,,1.0,,1,-1,-1,-1
ENSMUSG00000097403-B,Octadecanoic acid,,,,-1.0,,1,-1,-1,-1
ENSMUSG00000097595-B,"1,2-Cinnolinedicarboxylic acid, 1,2,3,5,6,7,8,8a-octahydro-4-trimethylsilyloxy-, diethyl ester",,,,1.0,,1,-1,-1,-1
ENSMUSG00000097595-B,"3,4-Dihydroxybenzaldehyde",1.0,,,1.0,,1,-1,-1,-1
ENSMUSG00000097595-B,L-Val-L-Leu,,1.0,,1.0,,1,-1,-1,-1
ENSMUSG00000097666-B,"2,4-Dimethoxybenzaldoxime",,,,-1.0,,1,-1,-1,-1
ENSMUSG00000097666-B,7-Hydroxy-4-(methoxymethyl)coumarin,,1.0,,1.0,,1,-1,-1,-1
ENSMUSG00000097666-B,Isosorbide,-1.0,,,-1.0,,1,-1,-1,-1
ENSMUSG00000097666-B,"l-Leucine, n-butoxycarbonyl-N-methyl-, hexadecyl ester",,,,1.0,,1,-1,-1,-1
ENSMUSG00000097666-B,Tyr-Val,,,,1.0,,1,-1,-1,-1
ENSMUSG00000097781-B,"1,2-Bis(trimethylsiloxy)cyclohexene",,,,1.0,,1,-1,-1,-1
ENSMUSG00000097781-B,"3,4-Dihydroxybenzaldehyde",-1.0,,,-1.0,,1,-1,-1,-1
ENSMUSG00000097781-B,6-Nitroveratryl alcohol,,1.0,,1.0,,1,-1,-1,-1
ENSMUSG00000097781-B,cis-2-Decenoic acid,,,,-1.0,,1,-1,-1,-1
ENSMUSG00000097781-B,Diclofenac,,,,1.0,,1,-1,-1,-1
ENSMUSG00000097781-B,L-(+)-Threose,,1.0,,1.0,,1,-1,-1,-1
ENSMUSG00000098132-B,"1,2-Bis(trimethylsiloxy)cyclohexene",,,,-1.0,,1,-1,-1,-1
ENSMUSG00000098132-B,"1,2-Cinnolinedicarboxylic acid, 1,2,3,5,6,7,8,8a-octahydro-4-trimethylsilyloxy-, diethyl ester",,,,1.0,,1,-1,-1,-1
ENSMUSG00000098132-B,"13-Docosenamide, (Z)",,-1.0,,-1.0,,1,-1,-1,-1
ENSMUSG00000098132-B,2-Norbornanemethanol,,,,1.0,,1,-1,-1,-1
ENSMUSG00000098132-B,"3-Hydroxy-7,3',4',5'-tetramethoxyflavone",,,,1.0,,1,-1,-1,-1
ENSMUSG00000098132-B,7-Hydroxy-4-(methoxymethyl)coumarin,,1.0,,1.0,,1,-1,-1,-1
ENSMUSG00000098132-B,Diclofenac,,,,-1.0,,1,-1,-1,-1
ENSMUSG00000098132-B,L-Val-L-Leu,,1.0,,1.0,,1,-1,-1,-1
ENSMUSG00000098132-B,Octadecanoic acid,,,,-1.0,,1,-1,-1,-1
ENSMUSG00000098447-B,Isonicotinic Acid,-1.0,-0.8316554899054915,-1.0,-0.8330322249151202,,1,-1,-1,-1
ENSMUSG00000098447-B,L-Val-L-Leu,,-1.0,,-1.0,,1,-1,-1,-1
ENSMUSG00000098789-B,"1,2-Bis(trimethylsiloxy)cyclohexene",,,,-1.0,,1,-1,-1,-1
ENSMUSG00000098789-B,"13-Docosenamide, (Z)",,-1.0,,-1.0,,1,-1,-1,-1
ENSMUSG00000098789-B,Benzeneacetic acid,,1.0,,1.0,,1,-1,-1,-1
ENSMUSG00000098789-B,L-Val-L-Leu,,1.0,,1.0,,1,-1,-1,-1
ENSMUSG00000098789-B,Octadecanoic acid,,,,-1.0,,1,-1,-1,-1
ENSMUSG00000099098-B,Chlorobenzilate,,,,-1.0,,1,-1,-1,-1
ENSMUSG00000099098-B,L-Val-L-Leu,,1.0,,1.0,,1,-1,-1,-1
ENSMUSG00000099098-B,"N-[(3,4,5-Trimethoxyphenyl)methylidene]hydroxylamine",,1.0,,1.0,,1,-1,-1,-1
ENSMUSG00000100680-B,"1,2-Bis(trimethylsiloxy)cyclohexene",,,,1.0,,1,-1,-1,-1
ENSMUSG00000100680-B,Isosorbide,1.0,,,1.0,,1,-1,-1,-1
ENSMUSG00000100680-B,"N-[(3,4,5-Trimethoxyphenyl)methylidene]hydroxylamine",,1.0,,1.0,,1,-1,-1,-1
ENSMUSG00000100680-B,Octadecanoic acid,,,,1.0,,1,-1,-1,-1
ENSMUSG00000101225-B,"1-(2,4-Dimethoxyphenyl)-propan-2-one",-1.0,-0.4472135954999578,-0.5,-0.8440722199302099,1.0,1,-1,-1,-1
ENSMUSG00000101225-B,"13-Docosenamide, (Z)",,-1.0,,-1.0,,1,-1,-1,-1
ENSMUSG00000101225-B,2-Norbornanemethanol,,,,1.0,,1,-1,-1,-1
ENSMUSG00000101225-B,Isosorbide,1.0,,,1.0,,1,-1,-1,-1
ENSMUSG00000101225-B,L-Val-L-Leu,,-1.0,,-1.0,,1,-1,-1,-1
ENSMUSG00000101225-B,Octadecanoic acid,,,,1.0,,1,-1,-1,-1
ENSMUSG00000102692-B,"1,2-Bis(trimethylsiloxy)cyclohexene",,,,1.0,,1,-1,-1,-1
ENSMUSG00000102692-B,"1-Pentene, 1,3-diphenyl-1-(trimethylsilyloxy)-",,,,-1.0,,1,-1,-1,-1
ENSMUSG00000102692-B,"2,4-Dimethoxybenzaldoxime",,,,-1.0,,1,-1,-1,-1
ENSMUSG00000102692-B,2-Aminoquinolin-8-ol,,,,1.0,,1,-1,-1,-1
ENSMUSG00000102692-B,3-(4-Methoxyphenyl)coumarin,,1.0,,1.0,,1,-1,-1,-1
ENSMUSG00000102692-B,"3,3-Dimethylacrylic acid",,,,-1.0,,1,-1,-1,-1
ENSMUSG00000102692-B,cis-2-Decenoic acid,,,,-1.0,,1,-1,-1,-1
ENSMUSG00000102692-B,L-(+)-Threose,,-1.0,,-1.0,,1,-1,-1,-1
ENSMUSG00000103123-B,"1,2-Bis(trimethylsiloxy)cyclohexene",,,,1.0,,1,-1,-1,-1
ENSMUSG00000103123-B,"2,4-Dimethoxybenzaldoxime",,,,1.0,,1,-1,-1,-1
ENSMUSG00000103123-B,2-Norbornanemethanol,,,,-1.0,,1,-1,-1,-1
ENSMUSG00000103123-B,4-tert-Butyldimethylsiloxy-3-penten-2-one,,-1.0,,-1.0,,1,-1,-1,-1
ENSMUSG00000103123-B,"Benzene, 1-ethyl-3,5-dimethyl",,,,-1.0,,1,-1,-1,-1
ENSMUSG00000103123-B,cis-2-Decenoic acid,,,,1.0,,1,-1,-1,-1
ENSMUSG00000103123-B,Isosorbide,-1.0,,,-1.0,,1,-1,-1,-1
ENSMUSG00000103123-B,"N-[(3,4,5-Trimethoxyphenyl)methylidene]hydroxylamine",,-1.0,,-1.0,,1,-1,-1,-1
ENSMUSG00000103123-B,tert-butyl(dimethyl)silyl-2-([tert-butyl(dimethyl)silyl]oxy)hex-2-enoate,,1.0,,1.0,,1,-1,-1,-1
ENSMUSG00000103123-B,Tyr-Val,,,,1.0,,1,-1,-1,-1
ENSMUSG00000103486-B,"1,2-Cinnolinedicarboxylic acid, 1,2,3,5,6,7,8,8a-octahydro-4-trimethylsilyloxy-, diethyl ester",,,,-1.0,,1,-1,-1,-1
ENSMUSG00000103486-B,2-Norbornanemethanol,,,,-1.0,,1,-1,-1,-1
ENSMUSG00000103486-B,Diclofenac,,,,1.0,,1,-1,-1,-1
ENSMUSG00000103486-B,Isosorbide,1.0,,,1.0,,1,-1,-1,-1
ENSMUSG00000103486-B,Octadecanoic acid,,,,1.0,,1,-1,-1,-1
ENSMUSG00000103755-B,"13-Docosenamide, (Z)",,-1.0,,-1.0,,1,-1,-1,-1
ENSMUSG00000103755-B,2-Aminoquinolin-8-ol,,,,1.0,,1,-1,-1,-1
ENSMUSG00000103755-B,2-Norbornanemethanol,,,,-1.0,,1,-1,-1,-1
ENSMUSG00000103755-B,3-(4-Methoxyphenyl)coumarin,,1.0,,1.0,,1,-1,-1,-1
ENSMUSG00000104399-B,"13-Docosenamide, (Z)",,1.0,,1.0,,1,-1,-1,-1
ENSMUSG00000104399-B,"3,4-Dihydroxybenzaldehyde",-1.0,,,-1.0,,1,-1,-1,-1
ENSMUSG00000104399-B,"3-Hydroxy-7,3',4',5'-tetramethoxyflavone",,,,1.0,,1,-1,-1,-1
ENSMUSG00000104399-B,cis-2-Decenoic acid,,,,-1.0,,1,-1,-1,-1
ENSMUSG00000104399-B,Glabridin,,,,1.0,,1,-1,-1,-1
ENSMUSG00000104399-B,Tyr-Val,,,,1.0,,1,-1,-1,-1
ENSMUSG00000104411-B,"1,2-Cinnolinedicarboxylic acid, 1,2,3,5,6,7,8,8a-octahydro-4-trimethylsilyloxy-, diethyl ester",,,,-1.0,,1,-1,-1,-1
ENSMUSG00000104411-B,L-Val-L-Leu,,1.0,,1.0,,1,-1,-1,-1
ENSMUSG00000105139-B,2-Aminoquinolin-8-ol,,,,1.0,,1,-1,-1,-1
ENSMUSG00000105139-B,2-Norbornanemethanol,,,,-1.0,,1,-1,-1,-1
ENSMUSG00000105139-B,"3,4-Dihydroxybenzaldehyde",-1.0,,,-1.0,,1,-1,-1,-1
ENSMUSG00000105139-B,"4,5-Dihydro-1H-pyrazole",,,,-1.0,,1,-1,-1,-1
ENSMUSG00000105139-B,L-Val-L-Leu,,1.0,,1.0,,1,-1,-1,-1
ENSMUSG00000105139-B,tert-butyl(dimethyl)silyl-2-([tert-butyl(dimethyl)silyl]oxy)hex-2-enoate,,1.0,,1.0,,1,-1,-1,-1
ENSMUSG00000105139-B,Tyr-Val,,,,1.0,,1,-1,-1,-1
ENSMUSG00000105471-B,"1,2-Cinnolinedicarboxylic acid, 1,2,3,5,6,7,8,8a-octahydro-4-trimethylsilyloxy-, diethyl ester",,,,-1.0,,1,-1,-1,-1
ENSMUSG00000105471-B,2-Norbornanemethanol,,,,-1.0,,1,-1,-1,-1
ENSMUSG00000105471-B,"3-Hydroxy-7,3',4',5'-tetramethoxyflavone",,,,-1.0,,1,-1,-1,-1
ENSMUSG00000105471-B,cis-2-Decenoic acid,,,,1.0,,1,-1,-1,-1
ENSMUSG00000105471-B,Diclofenac,,,,1.0,,1,-1,-1,-1
ENSMUSG00000105471-B,Isosorbide,-1.0,,,-1.0,,1,-1,-1,-1
ENSMUSG00000105471-B,"N-[(3,4,5-Trimethoxyphenyl)methylidene]hydroxylamine",,-1.0,,-1.0,,1,-1,-1,-1
ENSMUSG00000105867-B,"1,2-Bis(trimethylsiloxy)cyclohexene",,,,-1.0,,1,-1,-1,-1
ENSMUSG00000105867-B,3-(4-Methoxyphenyl)coumarin,,1.0,,1.0,,1,-1,-1,-1
ENSMUSG00000105867-B,"3-Hydroxy-7,3',4',5'-tetramethoxyflavone",,,,-1.0,,1,-1,-1,-1
ENSMUSG00000105867-B,7-Hydroxy-4-(methoxymethyl)coumarin,,-1.0,,-1.0,,1,-1,-1,-1
ENSMUSG00000105867-B,cis-2-Decenoic acid,,,,-1.0,,1,-1,-1,-1
ENSMUSG00000105867-B,Isosorbide,-1.0,,,-1.0,,1,-1,-1,-1
ENSMUSG00000105867-B,L-(+)-Threose,,-1.0,,-1.0,,1,-1,-1,-1
ENSMUSG00000105867-B,"N-[(3,4,5-Trimethoxyphenyl)methylidene]hydroxylamine",,-1.0,,-1.0,,1,-1,-1,-1
ENSMUSG00000105867-B,Octadecanoic acid,,,,-1.0,,1,-1,-1,-1
ENSMUSG00000000326-C,"1-Heptanol, 2-propyl-",,-1.0,,-1.0,,1,-1,-1,-1
ENSMUSG00000000326-C,"3,3-Dimethylacrylic acid",,,,-1.0,,1,-1,-1,-1
ENSMUSG00000000326-C,"4,5-Dihydro-1H-pyrazole",,,,-1.0,,1,-1,-1,-1
ENSMUSG00000000326-C,Sulindac,,,,1.0,,1,-1,-1,-1
ENSMUSG00000000827-C,"3,3-Dimethylacrylic acid",,,,1.0,,1,-1,-1,-1
ENSMUSG00000000827-C,3-Hydroxymethyl-2-trimethylsilyloxypentane,,1.0,,1.0,,1,-1,-1,-1
ENSMUSG00000000827-C,L-Threonine,,,,1.0,-1.0,1,-1,-1,-1
ENSMUSG00000000827-C,Luciferin,,,,-1.0,,1,-1,-1,-1
ENSMUSG00000000827-C,N-Isobutyrylglycine,,1.0,1.0,0.9461247469114746,,1,-1,-1,-1
ENSMUSG00000000827-C,Octadecanoic acid,,,,-1.0,,1,-1,-1,-1
ENSMUSG00000000827-C,Sulindac,,,,-1.0,,1,-1,-1,-1
ENSMUSG00000000881-C,Chlorobenzilate,,,,-1.0,,1,-1,-1,-1
ENSMUSG00000000881-C,"l-Leucine, n-butoxycarbonyl-N-methyl-, hexadecyl ester",,,,1.0,,1,-1,-1,-1
ENSMUSG00000000976-C,"1-Heptanol, 2-propyl-",,-1.0,,-1.0,,1,-1,-1,-1
ENSMUSG00000000976-C,"2-Butene-1,4-diol",,,,1.0,,1,-1,-1,-1
ENSMUSG00000000976-C,2-Cyanobenzaldehyde,,-1.0,,-1.0,,1,-1,-1,-1
ENSMUSG00000000976-C,5-Nitroso-8-quinolinol,,,,1.0,,1,-1,-1,-1
ENSMUSG00000000976-C,"6-Methoxy-1-methyl-1,2,3,4-tetrahydroisoquinolin-7-ol",,,,-1.0,,1,-1,-1,-1
ENSMUSG00000000976-C,L-Ornithine,,,,1.0,,1,-1,-1,-1
ENSMUSG00000000976-C,Octadecanoic acid,,,,-1.0,,1,-1,-1,-1
ENSMUSG00000001128-C,"2-Butenoic acid, 3-[(tert-butyldimethylsilyl)oxy]",,1.0,1.0,0.9221722216732094,1.0,1,1,1,1
ENSMUSG00000001128-C,"3,3-Dimethylacrylic acid",,,,1.0,,1,-1,-1,-1
ENSMUSG00000001128-C,"4,5-Dihydro-1H-pyrazole",,,,1.0,,1,-1,-1,-1
ENSMUSG00000001128-C,"6-Methoxy-1-methyl-1,2,3,4-tetrahydroisoquinolin-7-ol",,,,1.0,,1,-1,-1,-1
ENSMUSG00000001128-C,Benzeneacetic acid,,,,-1.0,,1,-1,-1,-1
ENSMUSG00000001128-C,Tyr-Val,,,,-1.0,,1,-1,-1,-1
ENSMUSG00000001521-C,"1-Heptanol, 2-propyl-",,1.0,,1.0,,1,-1,-1,-1
ENSMUSG00000001521-C,"2-Butene-1,4-diol",,,,1.0,,1,-1,-1,-1
ENSMUSG00000001521-C,"3,3-Dimethylacrylic acid",,,,1.0,,1,-1,-1,-1
ENSMUSG00000001521-C,5-Nitroso-8-quinolinol,,,,1.0,,1,-1,-1,-1
ENSMUSG00000001521-C,"6-Methoxy-1-methyl-1,2,3,4-tetrahydroisoquinolin-7-ol",,,,-1.0,,1,-1,-1,-1
ENSMUSG00000001521-C,Chlorobenzilate,,,,1.0,,1,-1,-1,-1
ENSMUSG00000001521-C,"l-Leucine, n-butoxycarbonyl-N-methyl-, hexadecyl ester",,,,-1.0,,1,-1,-1,-1
ENSMUSG00000001521-C,Trimethylolpropane,,,,-1.0,-1.0,1,1,1,1
ENSMUSG00000001521-C,Tyr-Val,,,,-1.0,,1,-1,-1,-1
ENSMUSG00000001666-C,"1-Heptanol, 2-propyl-",,-1.0,,-1.0,,1,-1,-1,-1
ENSMUSG00000001666-C,Chlorobenzilate,,,,-1.0,,1,-1,-1,-1
ENSMUSG00000001666-C,L-Glutamic acid,,,,-1.0,,1,-1,-1,-1
ENSMUSG00000001666-C,"l-Leucine, n-butoxycarbonyl-N-methyl-, hexadecyl ester",,,,1.0,,1,-1,-1,-1
ENSMUSG00000001773-C,"1-Heptanol, 2-propyl-",,1.0,,1.0,,1,-1,-1,-1
ENSMUSG00000001773-C,"2-Methylcyclohexylamine, tert.-butyldimethylsilyl ether",,,,-1.0,,1,-1,-1,-1
ENSMUSG00000001773-C,"3,3-Dimethylacrylic acid",,,,1.0,,1,-1,-1,-1
ENSMUSG00000001773-C,"4,5-Dihydro-1H-pyrazole",,,,1.0,,1,-1,-1,-1
ENSMUSG00000001773-C,5-Nitroso-8-quinolinol,,,,1.0,,1,-1,-1,-1
ENSMUSG00000001773-C,Adipoyl-L-carnitine,,,,-1.0,,1,-1,-1,-1
ENSMUSG00000001773-C,alpha-Hydroxyisobutyric acid,,1.0,,1.0,,1,-1,-1,-1
ENSMUSG00000001773-C,Octanoic acid,,,,1.0,,1,-1,-1,-1
ENSMUSG00000002228-C,"1,2-Bis(trimethylsiloxy)cyclohexene",,,,-1.0,,1,-1,-1,-1
ENSMUSG00000002228-C,"1-Heptanol, 2-propyl-",,1.0,,1.0,,1,-1,-1,-1
ENSMUSG00000002228-C,"6-Methoxy-1-methyl-1,2,3,4-tetrahydroisoquinolin-7-ol",,,,1.0,,1,-1,-1,-1
ENSMUSG00000002228-C,Octadecanoic acid,,,,-1.0,,1,-1,-1,-1
ENSMUSG00000002228-C,Sulindac,,,,-1.0,,1,-1,-1,-1
ENSMUSG00000002608-C,"2-Methylcyclohexylamine, tert.-butyldimethylsilyl ether",,,,1.0,,1,-1,-1,-1
ENSMUSG00000002608-C,Benzeneacetic acid,,,,-1.0,,1,-1,-1,-1
ENSMUSG00000002608-C,"l-Leucine, n-butoxycarbonyl-N-methyl-, hexadecyl ester",,,,-1.0,,1,-1,-1,-1
ENSMUSG00000002608-C,L-Threonine,,,,1.0,1.0,1,1,1,1
ENSMUSG00000002608-C,Luciferin,,,,-1.0,,1,-1,-1,-1
ENSMUSG00000002608-C,Octanoic acid,,,,-1.0,,1,-1,-1,-1
ENSMUSG00000002608-C,"Propanoic acid, 3-[(tert-butyldimethylsilyl)oxy]-2-methyl-",,0.8660254037844387,,0.9549937104572924,,1,-1,-1,-1
ENSMUSG00000002608-C,Tyr-Val,,,,-1.0,,1,-1,-1,-1
ENSMUSG00000002633-C,"2-Butene-1,4-diol",,,,-1.0,,1,-1,-1,-1
ENSMUSG00000002633-C,3-Hydroxymethyl-2-trimethylsilyloxypentane,,1.0,,1.0,,1,-1,-1,-1
ENSMUSG00000002633-C,Aceturic acid,,1.0,,0.9642857142857144,,1,-1,-1,-1
ENSMUSG00000002633-C,Benzeneacetic acid,,,,1.0,,1,-1,-1,-1
ENSMUSG00000002633-C,Octadecanoic acid,,,,-1.0,,1,-1,-1,-1
ENSMUSG00000002633-C,Picolinic acid,,1.0,0.8660254037844387,0.9452300860699552,,1,-1,-1,-1
ENSMUSG00000002633-C,Trimethylolpropane,,,,1.0,-1.0,1,-1,-1,-1
ENSMUSG00000002733-C,"1-Heptanol, 2-propyl-",,1.0,,1.0,,1,-1,-1,-1
ENSMUSG00000002733-C,"2-Cyclohexen-1-one, 3-methyl-6-(1-methylethyl)",,,-1.0,-0.9549937104572924,,1,-1,-1,-1
ENSMUSG00000002733-C,"3,3-Dimethylacrylic acid",,,,1.0,,1,-1,-1,-1
ENSMUSG00000002733-C,"4,5-Dihydro-1H-pyrazole",,,,1.0,,1,-1,-1,-1
ENSMUSG00000002733-C,Tyr-Val,,,,-1.0,,1,-1,-1,-1
ENSMUSG00000002778-C,Chlorobenzilate,,,,-1.0,,1,-1,-1,-1
ENSMUSG00000002820-C,"1,2-Bis(trimethylsiloxy)cyclohexene",,,,1.0,,1,-1,-1,-1
ENSMUSG00000002820-C,"2-Methylcyclohexylamine, tert.-butyldimethylsilyl ether",,,,1.0,,1,-1,-1,-1
ENSMUSG00000002820-C,Benzeneacetic acid,,,,-1.0,,1,-1,-1,-1
ENSMUSG00000002820-C,L-Serine,,,,1.0,,1,-1,-1,-1
ENSMUSG00000002820-C,Octadecanoic acid,,,,1.0,,1,-1,-1,-1
ENSMUSG00000002820-C,Octanoic acid,,,,-1.0,,1,-1,-1,-1
ENSMUSG00000002910-C,"3,3-Dimethylacrylic acid",,,,-1.0,,1,-1,-1,-1
ENSMUSG00000002910-C,Benzeneacetic acid,,,,1.0,,1,-1,-1,-1
ENSMUSG00000002910-C,L-Glutamic acid,,,,-1.0,,1,-1,-1,-1
ENSMUSG00000002910-C,Lupinine,,1.0,,1.0,,1,-1,-1,-1
ENSMUSG00000002910-C,Tyr-Val,,,,1.0,,1,-1,-1,-1
ENSMUSG00000002963-C,"2-Butene-1,4-diol",,,,-1.0,,1,-1,-1,-1
ENSMUSG00000002963-C,"4,5-Dihydro-1H-pyrazole",,,,-1.0,,1,-1,-1,-1
ENSMUSG00000002963-C,Chlorobenzilate,,,,-1.0,,1,-1,-1,-1
ENSMUSG00000003228-C,"1,2-Bis(trimethylsiloxy)cyclohexene",,,,1.0,,1,-1,-1,-1
ENSMUSG00000003228-C,"2-Butene-1,4-diol",,,,1.0,,1,-1,-1,-1
ENSMUSG00000003228-C,"6-Methoxy-1-methyl-1,2,3,4-tetrahydroisoquinolin-7-ol",,,,-1.0,,1,-1,-1,-1
ENSMUSG00000003228-C,Sulindac,,,,-1.0,,1,-1,-1,-1
ENSMUSG00000003228-C,Trimethylolpropane,,,,-1.0,-1.0,1,1,1,1
ENSMUSG00000003228-C,Tyr-Val,,,,1.0,,1,-1,-1,-1
ENSMUSG00000003282-C,"2-Butene-1,4-diol",,,,1.0,,1,-1,-1,-1
ENSMUSG00000003282-C,"3,3-Dimethylacrylic acid",,,,1.0,,1,-1,-1,-1
ENSMUSG00000003282-C,5-Nitroso-8-quinolinol,,,,1.0,,1,-1,-1,-1
ENSMUSG00000003282-C,Benzeneacetic acid,,,,-1.0,,1,-1,-1,-1
ENSMUSG00000003282-C,L-Glutamic acid,,,,1.0,,1,-1,-1,-1
ENSMUSG00000003282-C,L-Threonine,,,,1.0,-1.0,1,-1,-1,-1
ENSMUSG00000003282-C,Trimethylolpropane,,,,-1.0,-1.0,1,1,1,1
ENSMUSG00000003282-C,Tyr-Val,,,,-1.0,,1,-1,-1,-1
ENSMUSG00000003382-C,"1-Heptanol, 2-propyl-",,1.0,,1.0,,1,-1,-1,-1
ENSMUSG00000003382-C,"3,3-Dimethylacrylic acid",,,,1.0,,1,-1,-1,-1
ENSMUSG00000003382-C,5-Nitroso-8-quinolinol,,,,1.0,,1,-1,-1,-1
ENSMUSG00000003382-C,"6-Methoxy-1-methyl-1,2,3,4-tetrahydroisoquinolin-7-ol",,,,-1.0,,1,-1,-1,-1
ENSMUSG00000003382-C,Chlorobenzilate,,,,1.0,,1,-1,-1,-1
ENSMUSG00000003382-C,"l-Leucine, n-butoxycarbonyl-N-methyl-, hexadecyl ester",,,,-1.0,,1,-1,-1,-1
ENSMUSG00000003382-C,Tyr-Val,,,,-1.0,,1,-1,-1,-1
ENSMUSG00000003418-C,"2-Butene-1,4-diol",,,,-1.0,,1,-1,-1,-1
ENSMUSG00000003418-C,5-Nitroso-8-quinolinol,,,,1.0,,1,-1,-1,-1
ENSMUSG00000003418-C,"6-Methoxy-1-methyl-1,2,3,4-tetrahydroisoquinolin-7-ol",,,,-1.0,,1,-1,-1,-1
ENSMUSG00000003418-C,Benzeneacetic acid,,,,-1.0,,1,-1,-1,-1
ENSMUSG00000003418-C,Chlorobenzilate,,,,-1.0,,1,-1,-1,-1
ENSMUSG00000003418-C,Durapan,,1.0,1.0,1.0,1.0,1,1,1,1
ENSMUSG00000003418-C,Tyr-Val,,,,-1.0,,1,-1,-1,-1
ENSMUSG00000003421-C,"1-Heptanol, 2-propyl-",,-1.0,,-1.0,,1,-1,-1,-1
ENSMUSG00000003421-C,5-Nitroso-8-quinolinol,,,,-1.0,,1,-1,-1,-1
ENSMUSG00000003421-C,6-Nitroveratryl alcohol,,,,-1.0,,1,-1,-1,-1
ENSMUSG00000003421-C,Chlorobenzilate,,,,-1.0,,1,-1,-1,-1
ENSMUSG00000003421-C,L-Glutamic acid,,,,-1.0,,1,-1,-1,-1
ENSMUSG00000003421-C,Sulindac,,,,-1.0,,1,-1,-1,-1
ENSMUSG00000003421-C,Tyr-Val,,,,1.0,,1,-1,-1,-1
ENSMUSG00000003452-C,"1-Heptanol, 2-propyl-",,-1.0,,-1.0,,1,-1,-1,-1
ENSMUSG00000003452-C,"2-(Ethylamino)ethanol, N-acetyl",,-0.8660254037844387,-0.5,-0.9265616458263766,,1,-1,-1,-1
ENSMUSG00000003452-C,"2,5-Dimethoxybenzonitrile",,-1.0,-1.0,-0.9221722216732094,,1,-1,-1,-1
ENSMUSG00000003452-C,2-Cyanobenzaldehyde,,-1.0,,-1.0,,1,-1,-1,-1
ENSMUSG00000003452-C,"2-Methylcyclohexylamine, tert.-butyldimethylsilyl ether",,,,1.0,,1,-1,-1,-1
ENSMUSG00000003452-C,Benzeneacetic acid,,,,-1.0,,1,-1,-1,-1
ENSMUSG00000003452-C,Octanoic acid,,,,-1.0,,1,-1,-1,-1
ENSMUSG00000003527-C,"1,2-Bis(trimethylsiloxy)cyclohexene",,,,1.0,,1,-1,-1,-1
ENSMUSG00000003527-C,"2-Butene-1,4-diol",,,,1.0,,1,-1,-1,-1
ENSMUSG00000003527-C,5-Nitroso-8-quinolinol,,,,1.0,,1,-1,-1,-1
ENSMUSG00000003527-C,"6-Methoxy-1-methyl-1,2,3,4-tetrahydroisoquinolin-7-ol",,,,-1.0,,1,-1,-1,-1
ENSMUSG00000003527-C,L-Threonine,,,,1.0,1.0,1,1,1,1
ENSMUSG00000003527-C,Lupinine,,1.0,,1.0,,1,-1,-1,-1
ENSMUSG00000003527-C,Tyr-Val,,,,1.0,,1,-1,-1,-1
ENSMUSG00000003549-C,"1-Heptanol, 2-propyl-",,-1.0,,-1.0,,1,-1,-1,-1
ENSMUSG00000003549-C,"1-Octanol, 2-butyl-",,-0.8660254037844387,-0.5,-0.934148484292342,,1,-1,-1,-1
ENSMUSG00000003549-C,Benzeneacetic acid,,,,-1.0,,1,-1,-1,-1
ENSMUSG00000003549-C,Chlorobenzilate,,,,-1.0,,1,-1,-1,-1
ENSMUSG00000003549-C,L-Glutamic acid,,,,-1.0,,1,-1,-1,-1
ENSMUSG00000003549-C,L-Ornithine,,,,-1.0,,1,-1,-1,-1
ENSMUSG00000003549-C,Octadecanoic acid,,,,1.0,,1,-1,-1,-1
ENSMUSG00000003549-C,Sulindac,,,,-1.0,,1,-1,-1,-1
ENSMUSG00000003752-C,5-Nitroso-8-quinolinol,,,,-1.0,,1,-1,-1,-1
ENSMUSG00000003752-C,6-Nitroveratryl alcohol,,,,-1.0,,1,-1,-1,-1
ENSMUSG00000003752-C,Chlorobenzilate,,,,-1.0,,1,-1,-1,-1
ENSMUSG00000003752-C,L-Threonine,,,,1.0,-1.0,1,-1,-1,-1
ENSMUSG00000003752-C,N-Ethylamphetamine,,-1.0,,-0.9549937104572924,,1,-1,-1,-1
ENSMUSG00000003752-C,Tyr-Val,,,,1.0,,1,-1,-1,-1
ENSMUSG00000003970-C,"2-Methylcyclohexylamine, tert.-butyldimethylsilyl ether",,,,1.0,,1,-1,-1,-1
ENSMUSG00000003970-C,"4,5-Dihydro-1H-pyrazole",,,,-1.0,,1,-1,-1,-1
ENSMUSG00000003970-C,5-Nitroso-8-quinolinol,,,,-1.0,,1,-1,-1,-1
ENSMUSG00000003970-C,6-Nitroveratryl alcohol,,,,-1.0,,1,-1,-1,-1
ENSMUSG00000003970-C,Octanoic acid,,,,-1.0,,1,-1,-1,-1
ENSMUSG00000003970-C,Sulindac,,,,-1.0,,1,-1,-1,-1
ENSMUSG00000003970-C,Tyr-Val,,,,1.0,,1,-1,-1,-1
ENSMUSG00000004070-C,"1-Heptanol, 2-propyl-",,-1.0,,-1.0,,1,-1,-1,-1
ENSMUSG00000004070-C,Chlorobenzilate,,,,-1.0,,1,-1,-1,-1
ENSMUSG00000004070-C,L-Glutamic acid,,,,-1.0,,1,-1,-1,-1
ENSMUSG00000004070-C,Tyr-Val,,,,1.0,,1,-1,-1,-1
ENSMUSG00000004085-C,"1-Heptanol, 2-propyl-",,1.0,,1.0,,1,-1,-1,-1
ENSMUSG00000004085-C,"4,5-Dihydro-1H-pyrazole",,,,1.0,,1,-1,-1,-1
ENSMUSG00000004085-C,Benzeneacetic acid,,,,-1.0,,1,-1,-1,-1
ENSMUSG00000004085-C,L-Threonine,,,,1.0,-1.0,1,-1,-1,-1
ENSMUSG00000004085-C,Sulindac,,,,-1.0,,1,-1,-1,-1
ENSMUSG00000004151-C,"4,5-Dihydro-1H-pyrazole",,,,1.0,,1,-1,-1,-1
ENSMUSG00000004151-C,Benzeneacetic acid,,,,-1.0,,1,-1,-1,-1
ENSMUSG00000004151-C,Chlorobenzilate,,,,-1.0,,1,-1,-1,-1
ENSMUSG00000004151-C,L-Glutamic acid,,,,-1.0,,1,-1,-1,-1
ENSMUSG00000004151-C,L-Threonine,,,,1.0,-1.0,1,-1,-1,-1
ENSMUSG00000004151-C,Lupinine,,1.0,,1.0,,1,-1,-1,-1
ENSMUSG00000004151-C,Tyr-Val,,,,-1.0,,1,-1,-1,-1
ENSMUSG00000004268-C,"2-Butene-1,4-diol",,,,-1.0,,1,-1,-1,-1
ENSMUSG00000004268-C,3-Hydroxymethyl-2-trimethylsilyloxypentane,,1.0,,1.0,,1,-1,-1,-1
ENSMUSG00000004268-C,"4,5-Dihydro-1H-pyrazole",,,,1.0,,1,-1,-1,-1
ENSMUSG00000004268-C,L-Glutamic acid,,,,-1.0,,1,-1,-1,-1
ENSMUSG00000004268-C,Trimethylolpropane,,,,1.0,-1.0,1,-1,-1,-1
ENSMUSG00000004268-C,Tyr-Val,,,,-1.0,,1,-1,-1,-1
ENSMUSG00000004356-C,"1-Heptanol, 2-propyl-",,1.0,,1.0,,1,-1,-1,-1
ENSMUSG00000004356-C,Chlorobenzilate,,,,1.0,,1,-1,-1,-1
ENSMUSG00000004356-C,"l-Norvaline, n-propargyloxycarbonyl-, isohexyl ester",,,,-1.0,-1.0,1,1,1,1
ENSMUSG00000004356-C,Sulindac,,,,-1.0,,1,-1,-1,-1
ENSMUSG00000004360-C,"1-Heptanol, 2-propyl-",,1.0,,1.0,,1,-1,-1,-1
ENSMUSG00000004360-C,"3,3-Dimethylacrylic acid",,,,1.0,,1,-1,-1,-1
ENSMUSG00000004360-C,"4,5-Dihydro-1H-pyrazole",,,,1.0,,1,-1,-1,-1
ENSMUSG00000004360-C,"6-Methoxy-1-methyl-1,2,3,4-tetrahydroisoquinolin-7-ol",,,,1.0,,1,-1,-1,-1
ENSMUSG00000004360-C,Sulindac,,,,-1.0,,1,-1,-1,-1
ENSMUSG00000004360-C,Tyr-Val,,,,-1.0,,1,-1,-1,-1
ENSMUSG00000004508-C,"1-Heptanol, 2-propyl-",,-1.0,,-1.0,,1,-1,-1,-1
ENSMUSG00000004508-C,2-Buten-1-ol,,,,-1.0,,1,-1,-1,-1
ENSMUSG00000004508-C,5-Nitroso-8-quinolinol,,,,-1.0,,1,-1,-1,-1
ENSMUSG00000004508-C,6-Nitroveratryl alcohol,,,,-1.0,,1,-1,-1,-1
ENSMUSG00000004508-C,Chlorobenzilate,,,,-1.0,,1,-1,-1,-1
ENSMUSG00000004508-C,Sulindac,,,,1.0,,1,-1,-1,-1
ENSMUSG00000004895-C,"2-Butene-1,4-diol",,,,1.0,,1,-1,-1,-1
ENSMUSG00000004895-C,3-Hydroxymethyl-2-trimethylsilyloxypentane,,-1.0,,-1.0,,1,-1,-1,-1
ENSMUSG00000004895-C,Guanosine,,,1.0,1.0,-1.0,1,-1,-1,-1
ENSMUSG00000004895-C,L-Glutamic acid,,,,1.0,,1,-1,-1,-1
ENSMUSG00000004945-C,5-Nitroso-8-quinolinol,,,,-1.0,,1,-1,-1,-1
ENSMUSG00000004945-C,"6-Methoxy-1-methyl-1,2,3,4-tetrahydroisoquinolin-7-ol",,,,1.0,,1,-1,-1,-1
ENSMUSG00000004945-C,6-Nitroveratryl alcohol,,,,-1.0,,1,-1,-1,-1
ENSMUSG00000004945-C,Chlorobenzilate,,,,-1.0,,1,-1,-1,-1
ENSMUSG00000004945-C,"l-Leucine, n-butoxycarbonyl-N-methyl-, hexadecyl ester",,,,1.0,,1,-1,-1,-1
ENSMUSG00000004952-C,"1,2-Bis(trimethylsiloxy)cyclohexene",,,,-1.0,,1,-1,-1,-1
ENSMUSG00000004952-C,"6-Methoxy-1-methyl-1,2,3,4-tetrahydroisoquinolin-7-ol",,,,1.0,,1,-1,-1,-1
ENSMUSG00000004952-C,Benzeneacetic acid,,,,-1.0,,1,-1,-1,-1
ENSMUSG00000004952-C,Tyr-Val,,,,-1.0,,1,-1,-1,-1
ENSMUSG00000005089-C,"2(5H)-Furanone, 4-(hydroxymethyl)",,-0.5,-1.0,-0.9523809523809524,,1,-1,-1,-1
ENSMUSG00000005089-C,2-Butenedioic acid,,-1.0,-1.0,-0.9910312089651148,,1,-1,-1,-1
ENSMUSG00000005089-C,3-Hydroxymethyl-2-trimethylsilyloxypentane,,-1.0,,-1.0,,1,-1,-1,-1
ENSMUSG00000005089-C,5-Nitroso-8-quinolinol,,,,1.0,,1,-1,-1,-1
ENSMUSG00000005089-C,Adipoyl-L-carnitine,,,,-1.0,,1,-1,-1,-1
ENSMUSG00000005089-C,Benzeneacetic acid,,,,-1.0,,1,-1,-1,-1
ENSMUSG00000005089-C,L-Glutamic acid,,,,1.0,,1,-1,-1,-1
ENSMUSG00000005089-C,Tyr-Val,,,,-1.0,,1,-1,-1,-1
ENSMUSG00000005699-C,5-Nitroso-8-quinolinol,,,,-1.0,,1,-1,-1,-1
ENSMUSG00000005699-C,6-Nitroveratryl alcohol,,,,-1.0,,1,-1,-1,-1
ENSMUSG00000005699-C,Chlorobenzilate,,,,-1.0,,1,-1,-1,-1
ENSMUSG00000005699-C,L-Threonine,,,,1.0,1.0,1,1,1,1
ENSMUSG00000005699-C,N-Ethylamphetamine,,-1.0,,-0.9549937104572924,,1,-1,-1,-1
ENSMUSG00000005699-C,Sulindac,,,,-1.0,,1,-1,-1,-1
ENSMUSG00000005699-C,Tyr-Val,,,,1.0,,1,-1,-1,-1
ENSMUSG00000005871-C,"2-Butene-1,4-diol",,,,1.0,,1,-1,-1,-1
ENSMUSG00000005871-C,5-Nitroso-8-quinolinol,,,,1.0,,1,-1,-1,-1
ENSMUSG00000005871-C,"6-Methoxy-1-methyl-1,2,3,4-tetrahydroisoquinolin-7-ol",,,,-1.0,,1,-1,-1,-1
ENSMUSG00000005871-C,Benzeneacetic acid,,,,-1.0,,1,-1,-1,-1
ENSMUSG00000005871-C,"l-Leucine, n-butoxycarbonyl-N-methyl-, hexadecyl ester",,,,-1.0,,1,-1,-1,-1
ENSMUSG00000005871-C,Trimethylolpropane,,,,-1.0,-1.0,1,1,1,1
ENSMUSG00000006095-C,"1-Heptanol, 2-propyl-",,-1.0,,-1.0,,1,-1,-1,-1
ENSMUSG00000006095-C,2-Cyanobenzaldehyde,,-1.0,,-1.0,,1,-1,-1,-1
ENSMUSG00000006095-C,"2-Methylcyclohexylamine, tert.-butyldimethylsilyl ether",,,,1.0,,1,-1,-1,-1
ENSMUSG00000006095-C,"4,5-Dihydro-1H-pyrazole",,,,-1.0,,1,-1,-1,-1
ENSMUSG00000006095-C,alpha-Hydroxyisobutyric acid,,-1.0,,-1.0,,1,-1,-1,-1
ENSMUSG00000006095-C,Ethanolamine,,-1.0,-0.8660254037844387,-0.9271050693011064,,1,-1,-1,-1
ENSMUSG00000006095-C,Octanoic acid,,,,-1.0,,1,-1,-1,-1
ENSMUSG00000006095-C,Tyr-Val,,,,1.0,,1,-1,-1,-1
ENSMUSG00000006241-C,"2-Butene-1,4-diol",,,,1.0,,1,-1,-1,-1
ENSMUSG00000006241-C,"3,3-Dimethylacrylic acid",,,,1.0,,1,-1,-1,-1
ENSMUSG00000006241-C,5-Nitroso-8-quinolinol,,,,1.0,,1,-1,-1,-1
ENSMUSG00000006241-C,Benzeneacetic acid,,,,-1.0,,1,-1,-1,-1
ENSMUSG00000006241-C,L-Glutamic acid,,,,1.0,,1,-1,-1,-1
ENSMUSG00000006241-C,L-Threonine,,,,1.0,-1.0,1,-1,-1,-1
ENSMUSG00000006241-C,Trimethylolpropane,,,,-1.0,-1.0,1,1,1,1
ENSMUSG00000006241-C,Tyr-Val,,,,-1.0,,1,-1,-1,-1
ENSMUSG00000006307-C,Benzeneacetic acid,,,,-1.0,,1,-1,-1,-1
ENSMUSG00000006307-C,Chlorobenzilate,,,,-1.0,,1,-1,-1,-1
ENSMUSG00000006307-C,"l-Leucine, n-butoxycarbonyl-N-methyl-, hexadecyl ester",,,,-1.0,,1,-1,-1,-1
ENSMUSG00000006307-C,L-Threonine,,,,1.0,-1.0,1,-1,-1,-1
ENSMUSG00000006307-C,Lupinine,,1.0,,1.0,,1,-1,-1,-1
ENSMUSG00000006307-C,L-Valine,,0.5,1.0,0.9221722216732094,,1,-1,-1,-1
ENSMUSG00000006307-C,Tyr-Val,,,,-1.0,,1,-1,-1,-1
ENSMUSG00000006333-C,"2-Methylcyclohexylamine, tert.-butyldimethylsilyl ether",,,,1.0,,1,-1,-1,-1
ENSMUSG00000006333-C,Benzeneacetic acid,,,,-1.0,,1,-1,-1,-1
ENSMUSG00000006333-C,Luciferin,,,,-1.0,,1,-1,-1,-1
ENSMUSG00000006333-C,Octanoic acid,,,,-1.0,,1,-1,-1,-1
ENSMUSG00000006333-C,Tyr-Val,,,,-1.0,,1,-1,-1,-1
ENSMUSG00000006998-C,"1-Heptanol, 2-propyl-",,1.0,,1.0,,1,-1,-1,-1
ENSMUSG00000006998-C,2-Ethyl-1-butanol,,1.0,,1.0,,1,-1,-1,-1
ENSMUSG00000006998-C,"3,3-Dimethylacrylic acid",,,,-1.0,,1,-1,-1,-1
ENSMUSG00000006998-C,"4,5-Dihydro-1H-pyrazole",,,,-1.0,,1,-1,-1,-1
ENSMUSG00000006998-C,L-Threonine,,,,1.0,1.0,1,1,1,1
ENSMUSG00000006998-C,Supraene,,,,-1.0,,1,-1,-1,-1
ENSMUSG00000006998-C,Tyr-Val,,,,1.0,,1,-1,-1,-1
ENSMUSG00000007038-C,"2-Methylcyclohexylamine, tert.-butyldimethylsilyl ether",,,,1.0,,1,-1,-1,-1
ENSMUSG00000007038-C,"4,5-Dihydro-1H-pyrazole",,,,-1.0,,1,-1,-1,-1
ENSMUSG00000007038-C,Chlorobenzilate,,,,-1.0,,1,-1,-1,-1
ENSMUSG00000007038-C,L-Threonine,,,,1.0,1.0,1,1,1,1
ENSMUSG00000007038-C,Nonanoic acid,,,1.0,1.0,1.0,1,1,1,1
ENSMUSG00000007080-C,"3,3-Dimethylacrylic acid",,,,1.0,,1,-1,-1,-1
ENSMUSG00000007080-C,Adipoyl-L-carnitine,,,,-1.0,,1,-1,-1,-1
ENSMUSG00000007080-C,Benzeneacetic acid,,,,-1.0,,1,-1,-1,-1
ENSMUSG00000007080-C,Chlorobenzilate,,,,1.0,,1,-1,-1,-1
ENSMUSG00000007080-C,L-Glutamic acid,,,,1.0,,1,-1,-1,-1
ENSMUSG00000007080-C,L-Threonine,,,,-1.0,1.0,1,-1,-1,-1
ENSMUSG00000007080-C,Lupinine,,-1.0,,-1.0,,1,-1,-1,-1
ENSMUSG00000007080-C,Tyr-Val,,,,-1.0,,1,-1,-1,-1
ENSMUSG00000007610-C,"1-Heptanol, 2-propyl-",,1.0,,1.0,,1,-1,-1,-1
ENSMUSG00000007610-C,"3,3-Dimethylacrylic acid",,,,1.0,,1,-1,-1,-1
ENSMUSG00000007610-C,Chlorobenzilate,,,,1.0,,1,-1,-1,-1
ENSMUSG00000007610-C,Sulindac,,,,-1.0,,1,-1,-1,-1
ENSMUSG00000009145-C,"1-Heptanol, 2-propyl-",,1.0,,1.0,,1,-1,-1,-1
ENSMUSG00000009145-C,"3,3-Dimethylacrylic acid",,,,1.0,,1,-1,-1,-1
ENSMUSG00000009145-C,"4,5-Dihydro-1H-pyrazole",,,,1.0,,1,-1,-1,-1
ENSMUSG00000009145-C,"6-Methoxy-1-methyl-1,2,3,4-tetrahydroisoquinolin-7-ol",,,,1.0,,1,-1,-1,-1
ENSMUSG00000009145-C,L-Threonine,,,,1.0,-1.0,1,-1,-1,-1
ENSMUSG00000009863-C,"2-Methylcyclohexylamine, tert.-butyldimethylsilyl ether",,,,1.0,,1,-1,-1,-1
ENSMUSG00000009863-C,"4,5-Dihydro-1H-pyrazole",,,,-1.0,,1,-1,-1,-1
ENSMUSG00000009863-C,5-Nitroso-8-quinolinol,,,,-1.0,,1,-1,-1,-1
ENSMUSG00000009863-C,6-Nitroveratryl alcohol,,,,-1.0,,1,-1,-1,-1
ENSMUSG00000009863-C,"9Z-Octadecenoic acid, (2S)-3-[(hydroxymercaptophosphinyl)oxy]-2-methoxypropyl ester",,,,1.0,,1,-1,-1,-1
ENSMUSG00000009863-C,N-Ethylamphetamine,,-0.5,,-0.9549937104572924,,1,-1,-1,-1
ENSMUSG00000009863-C,Octanoic acid,,,,-1.0,,1,-1,-1,-1
ENSMUSG00000009863-C,Tyr-Val,,,,1.0,,1,-1,-1,-1
ENSMUSG00000011960-C,"1,2-Bis(trimethylsiloxy)cyclohexene",,,,1.0,,1,-1,-1,-1
ENSMUSG00000011960-C,1-Octadecanol,,,,1.0,1.0,1,1,1,1
ENSMUSG00000011960-C,5-Nitroso-8-quinolinol,,,,1.0,,1,-1,-1,-1
ENSMUSG00000011960-C,"6-Methoxy-1-methyl-1,2,3,4-tetrahydroisoquinolin-7-ol",,,,-1.0,,1,-1,-1,-1
ENSMUSG00000011960-C,Benzeneacetic acid,,,,-1.0,,1,-1,-1,-1
ENSMUSG00000011960-C,L-Pyroglutamic acid,,,,1.0,,1,-1,-1,-1
ENSMUSG00000011960-C,L-Serine,,,,1.0,,1,-1,-1,-1
ENSMUSG00000011960-C,L-Threonine,,,,1.0,-1.0,1,-1,-1,-1
ENSMUSG00000011960-C,Octadecanoic acid,,,,1.0,,1,-1,-1,-1
ENSMUSG00000014158-C,"3,3-Dimethylacrylic acid",,,,1.0,,1,-1,-1,-1
ENSMUSG00000014158-C,L-Threonine,,,,1.0,1.0,1,1,1,1
ENSMUSG00000014158-C,Sulindac,,,,-1.0,,1,-1,-1,-1
ENSMUSG00000014763-C,"1-Heptanol, 2-propyl-",,1.0,,1.0,,1,-1,-1,-1
ENSMUSG00000014763-C,"4,5-Dihydro-1H-pyrazole",,,,1.0,,1,-1,-1,-1
ENSMUSG00000014763-C,Benzeneacetic acid,,,,-1.0,,1,-1,-1,-1
ENSMUSG00000014763-C,L-Valine,,1.0,0.5,0.9221722216732094,,1,-1,-1,-1
ENSMUSG00000014763-C,"Propanoic acid, 3-[(tert-butyldimethylsilyl)oxy]-2-methyl-",,0.8660254037844387,,0.9549937104572924,,1,-1,-1,-1
ENSMUSG00000014763-C,Synephrine,,0.5,0.8660254037844387,0.9461247469114746,,1,-1,-1,-1
ENSMUSG00000014763-C,Tyr-Val,,,,-1.0,,1,-1,-1,-1
ENSMUSG00000014776-C,"2-Methylcyclohexylamine, tert.-butyldimethylsilyl ether",,,,1.0,,1,-1,-1,-1
ENSMUSG00000014776-C,"4,5-Dihydro-1H-pyrazole",,,,-1.0,,1,-1,-1,-1
ENSMUSG00000014776-C,5-Nitroso-8-quinolinol,,,,-1.0,,1,-1,-1,-1
ENSMUSG00000014776-C,6-Nitroveratryl alcohol,,,,-1.0,,1,-1,-1,-1
ENSMUSG00000014776-C,Octanoic acid,,,,-1.0,,1,-1,-1,-1
ENSMUSG00000014776-C,Sulindac,,,,-1.0,,1,-1,-1,-1
ENSMUSG00000014776-C,Tyr-Val,,,,1.0,,1,-1,-1,-1
ENSMUSG00000015149-C,"1,2-Bis(trimethylsiloxy)cyclohexene",,,,-1.0,,1,-1,-1,-1
ENSMUSG00000015149-C,"1-Heptanol, 2-propyl-",,1.0,,1.0,,1,-1,-1,-1
ENSMUSG00000015149-C,Chlorobenzilate,,,,-1.0,,1,-1,-1,-1
ENSMUSG00000015149-C,L-Threonine,,,,1.0,1.0,1,1,1,1
ENSMUSG00000015149-C,Octadecanoic acid,,,,-1.0,,1,-1,-1,-1
ENSMUSG00000015149-C,Sulindac,,,,-1.0,,1,-1,-1,-1
ENSMUSG00000015568-C,"1-Heptanol, 2-propyl-",,-1.0,,-1.0,,1,-1,-1,-1
ENSMUSG00000015568-C,2-Cyanobenzaldehyde,,-1.0,,-1.0,,1,-1,-1,-1
ENSMUSG00000015568-C,"3,3-Dimethylacrylic acid",,,,1.0,,1,-1,-1,-1
ENSMUSG00000015568-C,5-Nitroso-8-quinolinol,,,,1.0,,1,-1,-1,-1
ENSMUSG00000015568-C,Chlorobenzilate,,,,1.0,,1,-1,-1,-1
ENSMUSG00000015568-C,L-Threonine,,,,-1.0,-1.0,1,1,1,1
ENSMUSG00000015568-C,Sarcosine,,,,-1.0,,1,-1,-1,-1
ENSMUSG00000015568-C,Tyr-Val,,,,-1.0,,1,-1,-1,-1
ENSMUSG00000015837-C,"2-Methylcyclohexylamine, tert.-butyldimethylsilyl ether",,,,1.0,,1,-1,-1,-1
ENSMUSG00000015837-C,"4,5-Dihydro-1H-pyrazole",,,,-1.0,,1,-1,-1,-1
ENSMUSG00000015837-C,5-Nitroso-8-quinolinol,,,,-1.0,,1,-1,-1,-1
ENSMUSG00000015837-C,6-Nitroveratryl alcohol,,,,-1.0,,1,-1,-1,-1
ENSMUSG00000015837-C,Luciferin,,,,-1.0,,1,-1,-1,-1
ENSMUSG00000015837-C,Octanoic acid,,,,-1.0,,1,-1,-1,-1
ENSMUSG00000015981-C,"1,2-Bis(trimethylsiloxy)cyclohexene",,,,1.0,,1,-1,-1,-1
ENSMUSG00000015981-C,"2-Methylcyclohexylamine, tert.-butyldimethylsilyl ether",,,,1.0,,1,-1,-1,-1
ENSMUSG00000015981-C,L-Threonine,,,,1.0,1.0,1,1,1,1
ENSMUSG00000015981-C,Luciferin,,,,-1.0,,1,-1,-1,-1
ENSMUSG00000015981-C,Octanoic acid,,,,-1.0,,1,-1,-1,-1
ENSMUSG00000016477-C,"(2,5-Dimethoxyphenyl)acetone",,-1.0,-0.5,-0.9221722216732094,1.0,1,-1,-1,-1
ENSMUSG00000016477-C,"4,5-Dihydro-1H-pyrazole",,,,1.0,,1,-1,-1,-1
ENSMUSG00000016477-C,5-Nitroso-8-quinolinol,,,,1.0,,1,-1,-1,-1
ENSMUSG00000016477-C,Benzeneacetic acid,,,,-1.0,,1,-1,-1,-1
ENSMUSG00000016477-C,Chlorobenzilate,,,,-1.0,,1,-1,-1,-1
ENSMUSG00000016477-C,Sulindac,,,,-1.0,,1,-1,-1,-1
ENSMUSG00000016477-C,Tyr-Val,,,,-1.0,,1,-1,-1,-1
ENSMUSG00000016510-C,"4,5-Dihydro-1H-pyrazole",,,,1.0,,1,-1,-1,-1
ENSMUSG00000016510-C,Benzeneacetic acid,,,,-1.0,,1,-1,-1,-1
ENSMUSG00000016510-C,Diclofenac,,,,-1.0,,1,-1,-1,-1
ENSMUSG00000016510-C,L-Threonine,,,,1.0,1.0,1,1,1,1
ENSMUSG00000016510-C,Sulindac,,,,-1.0,,1,-1,-1,-1
ENSMUSG00000016833-C,"1,2-Bis(trimethylsiloxy)cyclohexene",,,,-1.0,,1,-1,-1,-1
ENSMUSG00000016833-C,2-Decanol,,,-1.0,-0.9549937104572924,1.0,1,-1,-1,-1
ENSMUSG00000016833-C,"6-Methoxy-1-methyl-1,2,3,4-tetrahydroisoquinolin-7-ol",,,,1.0,,1,-1,-1,-1
ENSMUSG00000016833-C,Heptylamine,,-1.0,-1.0,-1.0,-1.0,1,1,1,1
ENSMUSG00000016833-C,L-Threonine,,,,1.0,-1.0,1,-1,-1,-1
ENSMUSG00000016833-C,Monocaproin,,,,-1.0,,1,-1,-1,-1
ENSMUSG00000016833-C,Octadecanoic acid,,,,-1.0,,1,-1,-1,-1
ENSMUSG00000016833-C,Tyr-Val,,,,1.0,,1,-1,-1,-1
ENSMUSG00000016933-C,"1-Heptanol, 2-propyl-",,-1.0,,-1.0,,1,-1,-1,-1
ENSMUSG00000016933-C,"2-Butene-1,4-diol",,,,1.0,,1,-1,-1,-1
ENSMUSG00000016933-C,2-Cyanobenzaldehyde,,-1.0,,-1.0,,1,-1,-1,-1
ENSMUSG00000016933-C,"2-Methylcyclohexylamine, tert.-butyldimethylsilyl ether",,,,1.0,,1,-1,-1,-1
ENSMUSG00000016933-C,Benzeneacetic acid,,,,-1.0,,1,-1,-1,-1
ENSMUSG00000016933-C,"l-Leucine, n-butoxycarbonyl-N-methyl-, hexadecyl ester",,,,-1.0,,1,-1,-1,-1
ENSMUSG00000016933-C,Octanoic acid,,,,-1.0,,1,-1,-1,-1
ENSMUSG00000016984-C,"1,2-Bis(trimethylsiloxy)cyclohexene",,,,1.0,,1,-1,-1,-1
ENSMUSG00000016984-C,"2-Butene-1,4-diol",,,,1.0,,1,-1,-1,-1
ENSMUSG00000016984-C,3-Hydroxymethyl-2-trimethylsilyloxypentane,,1.0,,1.0,,1,-1,-1,-1
ENSMUSG00000016984-C,"6-Methoxy-1-methyl-1,2,3,4-tetrahydroisoquinolin-7-ol",,,,-1.0,,1,-1,-1,-1
ENSMUSG00000016984-C,Adipoyl-L-carnitine,,,,1.0,,1,-1,-1,-1
ENSMUSG00000016984-C,Benzeneacetic acid,,,,1.0,,1,-1,-1,-1
ENSMUSG00000016984-C,Chlorobenzilate,,,,1.0,,1,-1,-1,-1
ENSMUSG00000016984-C,Tyr-Val,,,,1.0,,1,-1,-1,-1
ENSMUSG00000017491-C,1-Octadecanol,,,,1.0,-1.0,1,-1,-1,-1
ENSMUSG00000017491-C,Chlorobenzilate,,,,1.0,,1,-1,-1,-1
ENSMUSG00000017491-C,"l-Leucine, n-butoxycarbonyl-N-methyl-, hexadecyl ester",,,,-1.0,,1,-1,-1,-1
ENSMUSG00000017491-C,Tyr-Val,,,,-1.0,,1,-1,-1,-1
ENSMUSG00000017550-C,"1-Heptanol, 2-propyl-",,1.0,,1.0,,1,-1,-1,-1
ENSMUSG00000017550-C,1-Octadecanol,,,,1.0,1.0,1,1,1,1
ENSMUSG00000017550-C,5-Nitroso-8-quinolinol,,,,1.0,,1,-1,-1,-1
ENSMUSG00000017550-C,"6-Methoxy-1-methyl-1,2,3,4-tetrahydroisoquinolin-7-ol",,,,-1.0,,1,-1,-1,-1
ENSMUSG00000017550-C,Benzeneacetic acid,,,,-1.0,,1,-1,-1,-1
ENSMUSG00000017550-C,L-Threonine,,,,1.0,-1.0,1,-1,-1,-1
ENSMUSG00000017550-C,Sulindac,,,,-1.0,,1,-1,-1,-1
ENSMUSG00000017550-C,Tyr-Val,,,,-1.0,,1,-1,-1,-1
ENSMUSG00000017716-C,"1,2-Bis(trimethylsiloxy)cyclohexene",,,,-1.0,,1,-1,-1,-1
ENSMUSG00000018076-C,"2-Butene-1,4-diol",,,,1.0,,1,-1,-1,-1
ENSMUSG00000018076-C,5-Nitroso-8-quinolinol,,,,1.0,,1,-1,-1,-1
ENSMUSG00000018076-C,"6-Methoxy-1-methyl-1,2,3,4-tetrahydroisoquinolin-7-ol",,,,-1.0,,1,-1,-1,-1
ENSMUSG00000018076-C,Benzeneacetic acid,,,,-1.0,,1,-1,-1,-1
ENSMUSG00000018076-C,"l-Leucine, n-butoxycarbonyl-N-methyl-, hexadecyl ester",,,,-1.0,,1,-1,-1,-1
ENSMUSG00000018076-C,Sulindac,,,,-1.0,,1,-1,-1,-1
ENSMUSG00000018238-C,Ethanolamine,,-0.5,,-0.9357754408380654,,1,-1,-1,-1
ENSMUSG00000018238-C,Tromethamine,,-1.0,,-0.9856107606091624,,1,-1,-1,-1
ENSMUSG00000018481-C,"2-Butene-1,4-diol",,,,1.0,,1,-1,-1,-1
ENSMUSG00000018481-C,Benzeneacetic acid,,,,-1.0,,1,-1,-1,-1
ENSMUSG00000018481-C,Guanosine,,,1.0,1.0,1.0,1,1,1,1
ENSMUSG00000018481-C,"l-Leucine, n-butoxycarbonyl-N-methyl-, hexadecyl ester",,,,-1.0,,1,-1,-1,-1
ENSMUSG00000018697-C,2-Propyl-1-pentanol,,-1.0,-1.0,-0.9642857142857144,-1.0,1,1,1,1
ENSMUSG00000018697-C,"3,3-Dimethylacrylic acid",,,,1.0,,1,-1,-1,-1
ENSMUSG00000018697-C,"4,5-Dihydro-1H-pyrazole",,,,1.0,,1,-1,-1,-1
ENSMUSG00000018697-C,"6-Methoxy-1-methyl-1,2,3,4-tetrahydroisoquinolin-7-ol",,,,1.0,,1,-1,-1,-1
ENSMUSG00000018697-C,Chlorobenzilate,,,,-1.0,,1,-1,-1,-1
ENSMUSG00000018697-C,Curcumin,,-1.0,-1.0,-0.9285714285714288,-1.0,1,1,1,1
ENSMUSG00000018697-C,L-Threonine,,,,1.0,-1.0,1,-1,-1,-1
ENSMUSG00000018697-C,Octadecanoic acid,,,,-1.0,,1,-1,-1,-1
ENSMUSG00000018697-C,Sulindac,,,,-1.0,,1,-1,-1,-1
ENSMUSG00000018965-C,5-Nitroso-8-quinolinol,,,,-1.0,,1,-1,-1,-1
ENSMUSG00000018965-C,6-Nitroveratryl alcohol,,,,-1.0,,1,-1,-1,-1
ENSMUSG00000018965-C,Chlorobenzilate,,,,-1.0,,1,-1,-1,-1
ENSMUSG00000018965-C,Sulindac,,,,-1.0,,1,-1,-1,-1
ENSMUSG00000019039-C,"1,2-Bis(trimethylsiloxy)cyclohexene",,,,1.0,,1,-1,-1,-1
ENSMUSG00000019039-C,"1-Heptanol, 2-propyl-",,1.0,,1.0,,1,-1,-1,-1
ENSMUSG00000019039-C,1-Octadecanol,,,,1.0,-1.0,1,-1,-1,-1
ENSMUSG00000019039-C,L-Threonine,,,,1.0,1.0,1,1,1,1
ENSMUSG00000019039-C,Luciferin,,,,-1.0,,1,-1,-1,-1
ENSMUSG00000019039-C,Sulindac,,,,-1.0,,1,-1,-1,-1
ENSMUSG00000019505-C,"2-Methylcyclohexylamine, tert.-butyldimethylsilyl ether",,,,1.0,,1,-1,-1,-1
ENSMUSG00000019505-C,"4,5-Dihydro-1H-pyrazole",,,,-1.0,,1,-1,-1,-1
ENSMUSG00000019505-C,5-Nitroso-8-quinolinol,,,,-1.0,,1,-1,-1,-1
ENSMUSG00000019505-C,6-Nitroveratryl alcohol,,,,-1.0,,1,-1,-1,-1
ENSMUSG00000019505-C,Benzeneacetic acid,,,,-1.0,,1,-1,-1,-1
ENSMUSG00000019505-C,L-Serine,,,,1.0,,1,-1,-1,-1
ENSMUSG00000019505-C,Octadecanoic acid,,,,1.0,,1,-1,-1,-1
ENSMUSG00000019505-C,Octanoic acid,,,,-1.0,,1,-1,-1,-1
ENSMUSG00000019579-C,"1,2-Bis(trimethylsiloxy)cyclohexene",,,,-1.0,,1,-1,-1,-1
ENSMUSG00000019579-C,"1-Heptanol, 2-propyl-",,1.0,,1.0,,1,-1,-1,-1
ENSMUSG00000019579-C,"6-Methoxy-1-methyl-1,2,3,4-tetrahydroisoquinolin-7-ol",,,,1.0,,1,-1,-1,-1
ENSMUSG00000019579-C,Octadecanoic acid,,,,-1.0,,1,-1,-1,-1
ENSMUSG00000019579-C,Sulindac,,,,-1.0,,1,-1,-1,-1
ENSMUSG00000019718-C,"1,2-Bis(trimethylsiloxy)cyclohexene",,,,1.0,,1,-1,-1,-1
ENSMUSG00000019718-C,"1-Heptanol, 2-propyl-",,1.0,,1.0,,1,-1,-1,-1
ENSMUSG00000019718-C,2-Cyanobenzaldehyde,,1.0,,1.0,,1,-1,-1,-1
ENSMUSG00000019718-C,"6-Methoxy-1-methyl-1,2,3,4-tetrahydroisoquinolin-7-ol",,,,-1.0,,1,-1,-1,-1
ENSMUSG00000019718-C,alpha-Hydroxyisobutyric acid,,1.0,,1.0,,1,-1,-1,-1
ENSMUSG00000019718-C,Benzeneacetic acid,,,,1.0,,1,-1,-1,-1
ENSMUSG00000019718-C,Diacetyl monoxime,,1.0,1.0,0.9221722216732094,1.0,1,1,1,1
ENSMUSG00000019718-C,Formamide,,1.0,1.0,0.9334876415650788,-1.0,1,-1,-1,-1
ENSMUSG00000019718-C,Octanoic acid,,,,1.0,,1,-1,-1,-1
ENSMUSG00000019775-C,"1-Heptanol, 2-propyl-",,-1.0,,-1.0,,1,-1,-1,-1
ENSMUSG00000019775-C,"4,5-Dihydro-1H-pyrazole",,,,1.0,,1,-1,-1,-1
ENSMUSG00000019775-C,"6-Methoxy-1-methyl-1,2,3,4-tetrahydroisoquinolin-7-ol",,,,1.0,,1,-1,-1,-1
ENSMUSG00000019775-C,Benzeneacetic acid,,,,-1.0,,1,-1,-1,-1
ENSMUSG00000019775-C,Chlorobenzilate,,,,-1.0,,1,-1,-1,-1
ENSMUSG00000019775-C,Sulindac,,,,1.0,,1,-1,-1,-1
ENSMUSG00000019809-C,"1-Heptanol, 2-propyl-",,-1.0,,-1.0,,1,-1,-1,-1
ENSMUSG00000019809-C,"2-Butene-1,4-diol",,,,1.0,,1,-1,-1,-1
ENSMUSG00000019809-C,2-Cyanobenzaldehyde,,-1.0,,-1.0,,1,-1,-1,-1
ENSMUSG00000019809-C,"2-Methylcyclohexylamine, tert.-butyldimethylsilyl ether",,,,1.0,,1,-1,-1,-1
ENSMUSG00000019809-C,Benzeneacetic acid,,,,-1.0,,1,-1,-1,-1
ENSMUSG00000019809-C,Octanoic acid,,,,-1.0,,1,-1,-1,-1
ENSMUSG00000019848-C,"3,3-Dimethylacrylic acid",,,,1.0,,1,-1,-1,-1
ENSMUSG00000019848-C,Benzeneacetic acid,,,,-1.0,,1,-1,-1,-1
ENSMUSG00000019861-C,"1-Heptanol, 2-propyl-",,-1.0,,-1.0,,1,-1,-1,-1
ENSMUSG00000019861-C,"2-Butene-1,4-diol",,,,-1.0,,1,-1,-1,-1
ENSMUSG00000019861-C,"3,3-Dimethylacrylic acid",,,,-1.0,,1,-1,-1,-1
ENSMUSG00000019861-C,5-Nitroso-8-quinolinol,,,,-1.0,,1,-1,-1,-1
ENSMUSG00000019861-C,"l-Leucine, n-butoxycarbonyl-N-methyl-, hexadecyl ester",,,,1.0,,1,-1,-1,-1
ENSMUSG00000019861-C,L-Threonine,,,,-1.0,1.0,1,-1,-1,-1
ENSMUSG00000019861-C,Sulindac,,,,1.0,,1,-1,-1,-1
ENSMUSG00000019861-C,Trimethylolpropane,,,,1.0,1.0,1,1,1,1
ENSMUSG00000019970-C,"3,3-Dimethylacrylic acid",,,,1.0,,1,-1,-1,-1
ENSMUSG00000019970-C,3-Aminobenzoic acid,,-1.0,-1.0,-0.9549937104572924,1.0,1,-1,-1,-1
ENSMUSG00000019970-C,"4,5-Dihydro-1H-pyrazole",,,,1.0,,1,-1,-1,-1
ENSMUSG00000019970-C,"6-Methoxy-1-methyl-1,2,3,4-tetrahydroisoquinolin-7-ol",,,,1.0,,1,-1,-1,-1
ENSMUSG00000019970-C,L-Threonine,,,,1.0,1.0,1,1,1,1
ENSMUSG00000020114-C,"(2R)-Pyrrolidine-1,2-dicarboxylic acid, bis(tert-butyldimethylsilyl) ester",,-0.5,-0.5,-0.9285714285714288,,1,-1,-1,-1
ENSMUSG00000020114-C,"1,2-Bis(trimethylsiloxy)cyclohexene",,,,-1.0,,1,-1,-1,-1
ENSMUSG00000020114-C,"6-Methoxy-1-methyl-1,2,3,4-tetrahydroisoquinolin-7-ol",,,,1.0,,1,-1,-1,-1
ENSMUSG00000020114-C,Benzeneacetic acid,,,,-1.0,,1,-1,-1,-1
ENSMUSG00000020114-C,Chlorobenzilate,,,,-1.0,,1,-1,-1,-1
ENSMUSG00000020114-C,L-Threonine,,,,1.0,-1.0,1,-1,-1,-1
ENSMUSG00000020114-C,Tyr-Val,,,,-1.0,,1,-1,-1,-1
ENSMUSG00000020175-C,Benzeneacetic acid,,,,-1.0,,1,-1,-1,-1
ENSMUSG00000020175-C,Luciferin,,,,-1.0,,1,-1,-1,-1
ENSMUSG00000020175-C,Sulindac,,,,1.0,,1,-1,-1,-1
ENSMUSG00000020175-C,Tyr-Val,,,,-1.0,,1,-1,-1,-1
ENSMUSG00000020218-C,"1-Heptanol, 2-propyl-",,-1.0,,-1.0,,1,-1,-1,-1
ENSMUSG00000020218-C,2-Cyanobenzaldehyde,,-1.0,,-1.0,,1,-1,-1,-1
ENSMUSG00000020218-C,"3,3-Dimethylacrylic acid",,,,1.0,,1,-1,-1,-1
ENSMUSG00000020218-C,5-Nitroso-8-quinolinol,,,,1.0,,1,-1,-1,-1
ENSMUSG00000020218-C,Adipoyl-L-carnitine,,,,-1.0,,1,-1,-1,-1
ENSMUSG00000020218-C,N-Acetyl-L-alanine,,-1.0,-1.0,-0.9394111922831736,-1.0,1,1,1,1
ENSMUSG00000020220-C,"2-Butene-1,4-diol",,,,1.0,,1,-1,-1,-1
ENSMUSG00000020220-C,5-Nitroso-8-quinolinol,,,,1.0,,1,-1,-1,-1
ENSMUSG00000020220-C,"6-Methoxy-1-methyl-1,2,3,4-tetrahydroisoquinolin-7-ol",,,,-1.0,,1,-1,-1,-1
ENSMUSG00000020220-C,Benzeneacetic acid,,,,-1.0,,1,-1,-1,-1
ENSMUSG00000020220-C,Trimethylolpropane,,,,-1.0,-1.0,1,1,1,1
ENSMUSG00000020220-C,Tyr-Val,,,,-1.0,,1,-1,-1,-1
ENSMUSG00000020321-C,Chlorobenzilate,,,,-1.0,,1,-1,-1,-1
ENSMUSG00000020321-C,"l-Leucine, n-butoxycarbonyl-N-methyl-, hexadecyl ester",,,,1.0,,1,-1,-1,-1
ENSMUSG00000020321-C,L-Threonine,,,,1.0,1.0,1,1,1,1
ENSMUSG00000020453-C,"2-Methylcyclohexylamine, tert.-butyldimethylsilyl ether",,,,1.0,,1,-1,-1,-1
ENSMUSG00000020453-C,Benzeneacetic acid,,,,-1.0,,1,-1,-1,-1
ENSMUSG00000020453-C,Chlorobenzilate,,,,-1.0,,1,-1,-1,-1
ENSMUSG00000020453-C,Cholesterol,,0.5,1.0,0.9523809523809524,-1.0,1,-1,-1,-1
ENSMUSG00000020453-C,L-Threonine,,,,1.0,-1.0,1,-1,-1,-1
ENSMUSG00000020453-C,Tyr-Val,,,,-1.0,,1,-1,-1,-1
ENSMUSG00000020491-C,"2-Butene-1,4-diol",,,,1.0,,1,-1,-1,-1
ENSMUSG00000020491-C,3-Hydroxymethyl-2-trimethylsilyloxypentane,,-1.0,,-1.0,,1,-1,-1,-1
ENSMUSG00000020491-C,Benzeneacetic acid,,,,-1.0,,1,-1,-1,-1
ENSMUSG00000020491-C,Guanosine,,,1.0,1.0,1.0,1,1,1,1
ENSMUSG00000020491-C,L-Glutamic acid,,,,1.0,,1,-1,-1,-1
ENSMUSG00000020491-C,"l-Leucine, n-butoxycarbonyl-N-methyl-, hexadecyl ester",,,,-1.0,,1,-1,-1,-1
ENSMUSG00000020589-C,"4,5-Dihydro-1H-pyrazole",,,,1.0,,1,-1,-1,-1
ENSMUSG00000020589-C,"6-Methoxy-1-methyl-1,2,3,4-tetrahydroisoquinolin-7-ol",,,,1.0,,1,-1,-1,-1
ENSMUSG00000020589-C,Benzeneacetic acid,,,,-1.0,,1,-1,-1,-1
ENSMUSG00000020589-C,Chlorobenzilate,,,,-1.0,,1,-1,-1,-1
ENSMUSG00000020589-C,L-Threonine,,,,1.0,-1.0,1,-1,-1,-1
ENSMUSG00000020589-C,Tyr-Val,,,,-1.0,,1,-1,-1,-1
ENSMUSG00000020592-C,"2-Butene-1,4-diol",,,,-1.0,,1,-1,-1,-1
ENSMUSG00000020592-C,3-Aminobenzoic acid,,1.0,1.0,0.9549937104572924,-1.0,1,-1,-1,-1
ENSMUSG00000020592-C,5-Nitroso-8-quinolinol,,,,1.0,,1,-1,-1,-1
ENSMUSG00000020592-C,"6-Methoxy-1-methyl-1,2,3,4-tetrahydroisoquinolin-7-ol",,,,-1.0,,1,-1,-1,-1
ENSMUSG00000020592-C,Benzeneacetic acid,,,,-1.0,,1,-1,-1,-1
ENSMUSG00000020592-C,Chlorobenzilate,,,,-1.0,,1,-1,-1,-1
ENSMUSG00000020592-C,Durapan,,1.0,1.0,1.0,-1.0,1,-1,-1,-1
ENSMUSG00000020592-C,"l-Leucine, n-butoxycarbonyl-N-methyl-, hexadecyl ester",,,,-1.0,,1,-1,-1,-1
ENSMUSG00000020592-C,Methanesulfonic acid,,1.0,1.0,0.9642857142857144,-1.0,1,-1,-1,-1
ENSMUSG00000020592-C,Tyr-Val,,,,-1.0,,1,-1,-1,-1
ENSMUSG00000020648-C,"1-Heptanol, 2-propyl-",,-1.0,,-1.0,,1,-1,-1,-1
ENSMUSG00000020648-C,"2(5H)-Furanone, 4-(hydroxymethyl)",,-1.0,-1.0,-0.9523809523809524,,1,-1,-1,-1
ENSMUSG00000020648-C,5-Nitroso-8-quinolinol,,,,1.0,,1,-1,-1,-1
ENSMUSG00000020648-C,Adipoyl-L-carnitine,,,,-1.0,,1,-1,-1,-1
ENSMUSG00000020648-C,Octadecanoic acid,,,,-1.0,,1,-1,-1,-1
ENSMUSG00000020661-C,5-Nitroso-8-quinolinol,,,,1.0,,1,-1,-1,-1
ENSMUSG00000020661-C,"6-Methoxy-1-methyl-1,2,3,4-tetrahydroisoquinolin-7-ol",,,,-1.0,,1,-1,-1,-1
ENSMUSG00000020661-C,"l-Leucine, n-butoxycarbonyl-N-methyl-, hexadecyl ester",,,,-1.0,,1,-1,-1,-1
ENSMUSG00000020661-C,Sulindac,,,,1.0,,1,-1,-1,-1
ENSMUSG00000020687-C,5-Nitroso-8-quinolinol,,,,1.0,,1,-1,-1,-1
ENSMUSG00000020687-C,Benzeneacetic acid,,,,-1.0,,1,-1,-1,-1
ENSMUSG00000020687-C,Chlorobenzilate,,,,1.0,,1,-1,-1,-1
ENSMUSG00000020687-C,L-Threonine,,,,-1.0,-1.0,1,1,1,1
ENSMUSG00000020687-C,Tyr-Val,,,,-1.0,,1,-1,-1,-1
ENSMUSG00000020713-C,"1-Heptanol, 2-propyl-",,1.0,,1.0,,1,-1,-1,-1
ENSMUSG00000020713-C,1-Octadecanol,,,,1.0,1.0,1,1,1,1
ENSMUSG00000020713-C,L-Threonine,,,,1.0,-1.0,1,-1,-1,-1
ENSMUSG00000020734-C,Chlorobenzilate,,,,-1.0,,1,-1,-1,-1
ENSMUSG00000020734-C,L-Glutamic acid,,,,-1.0,,1,-1,-1,-1
ENSMUSG00000020734-C,"l-Leucine, n-butoxycarbonyl-N-methyl-, hexadecyl ester",,,,1.0,,1,-1,-1,-1
ENSMUSG00000020734-C,L-Threonine,,,,1.0,1.0,1,1,1,1
ENSMUSG00000020734-C,Lupinine,,1.0,,1.0,,1,-1,-1,-1
ENSMUSG00000020770-C,"1-Heptanol, 2-propyl-",,1.0,,1.0,,1,-1,-1,-1
ENSMUSG00000020770-C,"3,3-Dimethylacrylic acid",,,,1.0,,1,-1,-1,-1
ENSMUSG00000020770-C,Benzeneacetic acid,,,,-1.0,,1,-1,-1,-1
ENSMUSG00000020770-C,Chlorobenzilate,,,,1.0,,1,-1,-1,-1
ENSMUSG00000020770-C,Luciferin,,,,-1.0,,1,-1,-1,-1
ENSMUSG00000020770-C,Sulindac,,,,-1.0,,1,-1,-1,-1
ENSMUSG00000020770-C,Tyr-Val,,,,-1.0,,1,-1,-1,-1
ENSMUSG00000020799-C,"1-Heptanol, 2-propyl-",,1.0,,1.0,,1,-1,-1,-1
ENSMUSG00000020799-C,"2,4,6-Cycloheptatrien-1-one",,,,-1.0,1.0,1,-1,-1,-1
ENSMUSG00000020799-C,Chlorobenzilate,,,,-1.0,,1,-1,-1,-1
ENSMUSG00000020799-C,L-Serine,,,,1.0,,1,-1,-1,-1
ENSMUSG00000020799-C,L-Threonine,,,,1.0,1.0,1,1,1,1
ENSMUSG00000020799-C,Octadecanoic acid,,,,1.0,,1,-1,-1,-1
ENSMUSG00000020799-C,Sulindac,,,,-1.0,,1,-1,-1,-1
ENSMUSG00000020805-C,"1-Heptanol, 2-propyl-",,-1.0,,-1.0,,1,-1,-1,-1
ENSMUSG00000020805-C,"2-Butene-1,4-diol",,,,1.0,,1,-1,-1,-1
ENSMUSG00000020805-C,2-Cyanobenzaldehyde,,-1.0,,-1.0,,1,-1,-1,-1
ENSMUSG00000020805-C,5-Nitroso-8-quinolinol,,,,1.0,,1,-1,-1,-1
ENSMUSG00000020805-C,"6-Methoxy-1-methyl-1,2,3,4-tetrahydroisoquinolin-7-ol",,,,-1.0,,1,-1,-1,-1
ENSMUSG00000020805-C,Norephedrine,,,1.0,0.9642857142857144,,1,-1,-1,-1
ENSMUSG00000020805-C,Octadecanoic acid,,,,-1.0,,1,-1,-1,-1
ENSMUSG00000020814-C,"1,2-Bis(trimethylsiloxy)cyclohexene",,,,-1.0,,1,-1,-1,-1
ENSMUSG00000020814-C,"2',5'-Dimethoxypropiophenone",,1.0,1.0,0.9221722216732094,-1.0,1,-1,-1,-1
ENSMUSG00000020814-C,"2-Butene-1,4-diol",,,,-1.0,,1,-1,-1,-1
ENSMUSG00000020814-C,"6-Methoxy-1-methyl-1,2,3,4-tetrahydroisoquinolin-7-ol",,,,1.0,,1,-1,-1,-1
ENSMUSG00000020814-C,Adipoyl-L-carnitine,,,,-1.0,,1,-1,-1,-1
ENSMUSG00000020814-C,Benzeneacetic acid,,,,1.0,,1,-1,-1,-1
ENSMUSG00000020814-C,Octadecanoic acid,,,,-1.0,,1,-1,-1,-1
ENSMUSG00000021000-C,"1-Heptanol, 2-propyl-",,1.0,,1.0,,1,-1,-1,-1
ENSMUSG00000021000-C,"2-Butene-1,4-diol",,,,1.0,,1,-1,-1,-1
ENSMUSG00000021000-C,"2-Methylcyclohexylamine, tert.-butyldimethylsilyl ether",,,,-1.0,,1,-1,-1,-1
ENSMUSG00000021000-C,"3,3-Dimethylacrylic acid",,,,1.0,,1,-1,-1,-1
ENSMUSG00000021000-C,"4,5-Dihydro-1H-pyrazole",,,,1.0,,1,-1,-1,-1
ENSMUSG00000021000-C,5-Nitroso-8-quinolinol,,,,1.0,,1,-1,-1,-1
ENSMUSG00000021000-C,Chlorobenzilate,,,,1.0,,1,-1,-1,-1
ENSMUSG00000021007-C,Benzeneacetic acid,,,,-1.0,,1,-1,-1,-1
ENSMUSG00000021007-C,"l-Leucine, n-butoxycarbonyl-N-methyl-, hexadecyl ester",,,,-1.0,,1,-1,-1,-1
ENSMUSG00000021007-C,Luciferin,,,,-1.0,,1,-1,-1,-1
ENSMUSG00000021007-C,Tyr-Val,,,,-1.0,,1,-1,-1,-1
ENSMUSG00000021010-C,"1-Heptanol, 2-propyl-",,-1.0,,-1.0,,1,-1,-1,-1
ENSMUSG00000021010-C,"2-Butene-1,4-diol",,,,1.0,,1,-1,-1,-1
ENSMUSG00000021010-C,2-Cyanobenzaldehyde,,-1.0,,-1.0,,1,-1,-1,-1
ENSMUSG00000021010-C,"4,5-Dihydro-1H-pyrazole",,,,1.0,,1,-1,-1,-1
ENSMUSG00000021010-C,Benzeneacetic acid,,,,-1.0,,1,-1,-1,-1
ENSMUSG00000021010-C,Octanoic acid,,,,-1.0,,1,-1,-1,-1
ENSMUSG00000021010-C,Propylene glycol,,-1.0,-1.0,-0.9221722216732094,1.0,1,-1,-1,-1
ENSMUSG00000021013-C,"1-Heptanol, 2-propyl-",,1.0,,1.0,,1,-1,-1,-1
ENSMUSG00000021013-C,"2-Methylcyclohexylamine, tert.-butyldimethylsilyl ether",,,,-1.0,,1,-1,-1,-1
ENSMUSG00000021013-C,"3,3-Dimethylacrylic acid",,,,1.0,,1,-1,-1,-1
ENSMUSG00000021013-C,"4,5-Dihydro-1H-pyrazole",,,,1.0,,1,-1,-1,-1
ENSMUSG00000021013-C,5-Nitroso-8-quinolinol,,,,1.0,,1,-1,-1,-1
ENSMUSG00000021013-C,alpha-Hydroxyisobutyric acid,,1.0,,1.0,,1,-1,-1,-1
ENSMUSG00000021013-C,Octanoic acid,,,,1.0,,1,-1,-1,-1
ENSMUSG00000021013-C,Sulindac,,,,1.0,,1,-1,-1,-1
ENSMUSG00000021013-C,Tyr-Val,,,,-1.0,,1,-1,-1,-1
ENSMUSG00000021013-C,Urea,,1.0,-0.5,0.9221722216732094,,1,-1,-1,-1
ENSMUSG00000021091-C,"1,2-Bis(trimethylsiloxy)cyclohexene",,,,1.0,,1,-1,-1,-1
ENSMUSG00000021091-C,"2-Butene-1,4-diol",,,,1.0,,1,-1,-1,-1
ENSMUSG00000021091-C,"6-Methoxy-1-methyl-1,2,3,4-tetrahydroisoquinolin-7-ol",,,,-1.0,,1,-1,-1,-1
ENSMUSG00000021091-C,Sarcosine,,,,1.0,,1,-1,-1,-1
ENSMUSG00000021091-C,Trimethylolpropane,,,,-1.0,1.0,1,-1,-1,-1
ENSMUSG00000021131-C,"2-Butene-1,4-diol",,,,1.0,,1,-1,-1,-1
ENSMUSG00000021131-C,Chlorobenzilate,,,,1.0,,1,-1,-1,-1
ENSMUSG00000021131-C,Isobutanol,,-1.0,-0.8660254037844387,-0.9581010095306072,1.0,1,-1,-1,-1
ENSMUSG00000021131-C,Norephedrine,,,1.0,0.9642857142857144,,1,-1,-1,-1
ENSMUSG00000021131-C,Octadecanoic acid,,,,-1.0,,1,-1,-1,-1
ENSMUSG00000021188-C,"1-Heptanol, 2-propyl-",,-1.0,,-1.0,,1,-1,-1,-1
ENSMUSG00000021188-C,2-Cyanobenzaldehyde,,-1.0,,-1.0,,1,-1,-1,-1
ENSMUSG00000021188-C,5-Nitroso-8-quinolinol,,,,1.0,,1,-1,-1,-1
ENSMUSG00000021188-C,"6-Methoxy-1-methyl-1,2,3,4-tetrahydroisoquinolin-7-ol",,,,-1.0,,1,-1,-1,-1
ENSMUSG00000021188-C,Benzeneacetic acid,,,,-1.0,,1,-1,-1,-1
ENSMUSG00000021188-C,N-Acetyl-L-alanine,,-1.0,-1.0,-0.9880235200593538,-1.0,1,1,1,1
ENSMUSG00000021188-C,Tyr-Val,,,,-1.0,,1,-1,-1,-1
ENSMUSG00000021273-C,"2,4,6-Cycloheptatrien-1-one",,,,-1.0,1.0,1,-1,-1,-1
ENSMUSG00000021273-C,Benzeneacetic acid,,,,-1.0,,1,-1,-1,-1
ENSMUSG00000021273-C,Chlorobenzilate,,,,-1.0,,1,-1,-1,-1
ENSMUSG00000021273-C,L-Glutamic acid,,,,-1.0,,1,-1,-1,-1
ENSMUSG00000021273-C,L-Serine,,,,1.0,,1,-1,-1,-1
ENSMUSG00000021273-C,Octadecanoic acid,,,,1.0,,1,-1,-1,-1
ENSMUSG00000021294-C,"1-Heptanol, 2-propyl-",,1.0,,1.0,,1,-1,-1,-1
ENSMUSG00000021294-C,"3,3-Dimethylacrylic acid",,,,1.0,,1,-1,-1,-1
ENSMUSG00000021294-C,"4,5-Dihydro-1H-pyrazole",,,,1.0,,1,-1,-1,-1
ENSMUSG00000021294-C,N-Acetylaminoethanol,,1.0,0.8660254037844387,0.9700772721497396,1.0,1,1,1,1
ENSMUSG00000021294-C,Tyr-Val,,,,-1.0,,1,-1,-1,-1
ENSMUSG00000021476-C,Chlorobenzilate,,,,-1.0,,1,-1,-1,-1
ENSMUSG00000021476-C,"l-Leucine, n-butoxycarbonyl-N-methyl-, hexadecyl ester",,,,1.0,,1,-1,-1,-1
ENSMUSG00000021495-C,"3,3-Dimethylacrylic acid",,,,1.0,,1,-1,-1,-1
ENSMUSG00000021495-C,3-Hydroxymethyl-2-trimethylsilyloxypentane,,1.0,,1.0,,1,-1,-1,-1
ENSMUSG00000021495-C,"4,5-Dihydro-1H-pyrazole",,,,1.0,,1,-1,-1,-1
ENSMUSG00000021495-C,Benzeneacetic acid,,,,-1.0,,1,-1,-1,-1
ENSMUSG00000021495-C,L-Glutamic acid,,,,-1.0,,1,-1,-1,-1
ENSMUSG00000021495-C,Tyr-Val,,,,-1.0,,1,-1,-1,-1
ENSMUSG00000021508-C,5-Nitroso-8-quinolinol,,,,-1.0,,1,-1,-1,-1
ENSMUSG00000021508-C,"6-Methoxy-1-methyl-1,2,3,4-tetrahydroisoquinolin-7-ol",,,,1.0,,1,-1,-1,-1
ENSMUSG00000021508-C,6-Nitroveratryl alcohol,,,,-1.0,,1,-1,-1,-1
ENSMUSG00000021508-C,Chlorobenzilate,,,,-1.0,,1,-1,-1,-1
ENSMUSG00000021508-C,"l-Leucine, n-butoxycarbonyl-N-methyl-, hexadecyl ester",,,,1.0,,1,-1,-1,-1
ENSMUSG00000021508-C,Sulindac,,,,-1.0,,1,-1,-1,-1
ENSMUSG00000021519-C,5-Nitroso-8-quinolinol,,,,1.0,,1,-1,-1,-1
ENSMUSG00000021519-C,6-Nitroveratryl alcohol,,,,1.0,,1,-1,-1,-1
ENSMUSG00000021519-C,Chlorobenzilate,,,,1.0,,1,-1,-1,-1
ENSMUSG00000021550-C,"1-Heptanol, 2-propyl-",,1.0,,1.0,,1,-1,-1,-1
ENSMUSG00000021550-C,1-Octadecanol,,,,1.0,1.0,1,1,1,1
ENSMUSG00000021550-C,"3,3-Dimethylacrylic acid",,,,-1.0,,1,-1,-1,-1
ENSMUSG00000021550-C,"4,5-Dihydro-1H-pyrazole",,,,-1.0,,1,-1,-1,-1
ENSMUSG00000021550-C,5-Nitroso-8-quinolinol,,,,-1.0,,1,-1,-1,-1
ENSMUSG00000021550-C,L-Threonine,,,,1.0,-1.0,1,-1,-1,-1
ENSMUSG00000021550-C,Sulindac,,,,-1.0,,1,-1,-1,-1
ENSMUSG00000021550-C,Tyr-Val,,,,1.0,,1,-1,-1,-1
ENSMUSG00000021585-C,5-Nitroso-8-quinolinol,,,,1.0,,1,-1,-1,-1
ENSMUSG00000021585-C,Benzeneacetic acid,,,,-1.0,,1,-1,-1,-1
ENSMUSG00000021585-C,Chlorobenzilate,,,,-1.0,,1,-1,-1,-1
ENSMUSG00000021585-C,Monocaproin,,,,1.0,,1,-1,-1,-1
ENSMUSG00000021585-C,Tyr-Val,,,,-1.0,,1,-1,-1,-1
ENSMUSG00000021661-C,"1-Heptanol, 2-propyl-",,-1.0,,-1.0,,1,-1,-1,-1
ENSMUSG00000021661-C,2-Cyanobenzaldehyde,,-1.0,,-1.0,,1,-1,-1,-1
ENSMUSG00000021661-C,"2-Methylcyclohexylamine, tert.-butyldimethylsilyl ether",,,,1.0,,1,-1,-1,-1
ENSMUSG00000021661-C,alpha-Hydroxyisobutyric acid,,-1.0,,-1.0,,1,-1,-1,-1
ENSMUSG00000021661-C,Benzeneacetic acid,,,,-1.0,,1,-1,-1,-1
ENSMUSG00000021661-C,Luciferin,,,,-1.0,,1,-1,-1,-1
ENSMUSG00000021661-C,Octanoic acid,,,,-1.0,,1,-1,-1,-1
ENSMUSG00000021661-C,Tyr-Val,,,,-1.0,,1,-1,-1,-1
ENSMUSG00000021709-C,"3,3-Dimethylacrylic acid",,,,1.0,,1,-1,-1,-1
ENSMUSG00000021709-C,5-Nitroso-8-quinolinol,,,,1.0,,1,-1,-1,-1
ENSMUSG00000021709-C,"6-Methoxy-1-methyl-1,2,3,4-tetrahydroisoquinolin-7-ol",,,,-1.0,,1,-1,-1,-1
ENSMUSG00000021709-C,"9Z-Octadecenoic acid, (2S)-3-[(hydroxymercaptophosphinyl)oxy]-2-methoxypropyl ester",,,,-1.0,,1,-1,-1,-1
ENSMUSG00000021709-C,L-Norleucine,,-1.0,,-1.0,,1,-1,-1,-1
ENSMUSG00000021913-C,"1-Heptanol, 2-propyl-",,-1.0,,-1.0,,1,-1,-1,-1
ENSMUSG00000021913-C,2-Cyanobenzaldehyde,,-1.0,,-1.0,,1,-1,-1,-1
ENSMUSG00000021913-C,Benzeneacetic acid,,,,-1.0,,1,-1,-1,-1
ENSMUSG00000021913-C,Chlorobenzilate,,,,-1.0,,1,-1,-1,-1
ENSMUSG00000021913-C,L-Glutamic acid,,,,-1.0,,1,-1,-1,-1
ENSMUSG00000021913-C,Octadecanoic acid,,,,1.0,,1,-1,-1,-1
ENSMUSG00000021913-C,Sulindac,,,,-1.0,,1,-1,-1,-1
ENSMUSG00000021943-C,"1-Heptanol, 2-propyl-",,1.0,,1.0,,1,-1,-1,-1
ENSMUSG00000021943-C,5-Nitroso-8-quinolinol,,,,-1.0,,1,-1,-1,-1
ENSMUSG00000021943-C,"6-Methoxy-1-methyl-1,2,3,4-tetrahydroisoquinolin-7-ol",,,,1.0,,1,-1,-1,-1
ENSMUSG00000021943-C,Benzeneacetic acid,,,,1.0,,1,-1,-1,-1
ENSMUSG00000021943-C,Chlorobenzilate,,,,1.0,,1,-1,-1,-1
ENSMUSG00000021943-C,Luciferin,,,,-1.0,,1,-1,-1,-1
ENSMUSG00000021943-C,Sulindac,,,,-1.0,,1,-1,-1,-1
ENSMUSG00000021969-C,Benzeneacetic acid,,,,-1.0,,1,-1,-1,-1
ENSMUSG00000021969-C,Luciferin,,,,-1.0,,1,-1,-1,-1
ENSMUSG00000021969-C,Sulindac,,,,1.0,,1,-1,-1,-1
ENSMUSG00000021969-C,Tyr-Val,,,,-1.0,,1,-1,-1,-1
ENSMUSG00000021986-C,"(2,5-Dimethoxyphenyl)acetone",,-1.0,-1.0,-0.9700772721497396,1.0,1,-1,-1,-1
ENSMUSG00000021986-C,"4,5-Dihydro-1H-pyrazole",,,,1.0,,1,-1,-1,-1
ENSMUSG00000021986-C,5-Nitroso-8-quinolinol,,,,1.0,,1,-1,-1,-1
ENSMUSG00000021986-C,Benzeneacetic acid,,,,-1.0,,1,-1,-1,-1
ENSMUSG00000021986-C,Diethylamine,,-1.0,-1.0,-0.9461247469114746,1.0,1,-1,-1,-1
ENSMUSG00000021986-C,Sulindac,,,,-1.0,,1,-1,-1,-1
ENSMUSG00000022199-C,Chlorobenzilate,,,,-1.0,,1,-1,-1,-1
ENSMUSG00000022199-C,L-Glutamic acid,,,,-1.0,,1,-1,-1,-1
ENSMUSG00000022199-C,L-Threonine,,,,1.0,1.0,1,1,1,1
ENSMUSG00000022199-C,Lupinine,,1.0,,1.0,,1,-1,-1,-1
ENSMUSG00000022211-C,"2-Butene-1,4-diol",,,,-1.0,,1,-1,-1,-1
ENSMUSG00000022211-C,"3,3-Dimethylacrylic acid",,,,1.0,,1,-1,-1,-1
ENSMUSG00000022211-C,3-Hydroxymethyl-2-trimethylsilyloxypentane,,1.0,,1.0,,1,-1,-1,-1
ENSMUSG00000022211-C,"4,5-Dihydro-1H-pyrazole",,,,1.0,,1,-1,-1,-1
ENSMUSG00000022211-C,L-Glutamic acid,,,,-1.0,,1,-1,-1,-1
ENSMUSG00000022211-C,Tyr-Val,,,,-1.0,,1,-1,-1,-1
ENSMUSG00000022216-C,"2-Methylcyclohexylamine, tert.-butyldimethylsilyl ether",,,,1.0,,1,-1,-1,-1
ENSMUSG00000022216-C,"4,5-Dihydro-1H-pyrazole",,,,-1.0,,1,-1,-1,-1
ENSMUSG00000022216-C,5-Nitroso-8-quinolinol,,,,-1.0,,1,-1,-1,-1
ENSMUSG00000022216-C,6-Nitroveratryl alcohol,,,,-1.0,,1,-1,-1,-1
ENSMUSG00000022216-C,Luciferin,,,,-1.0,,1,-1,-1,-1
ENSMUSG00000022216-C,Octanoic acid,,,,-1.0,,1,-1,-1,-1
ENSMUSG00000022223-C,"1-Heptanol, 2-propyl-",,-1.0,,-1.0,,1,-1,-1,-1
ENSMUSG00000022223-C,2-Cyanobenzaldehyde,,-1.0,,-1.0,,1,-1,-1,-1
ENSMUSG00000022223-C,"2-Methylcyclohexylamine, tert.-butyldimethylsilyl ether",,,,1.0,,1,-1,-1,-1
ENSMUSG00000022223-C,"4,5-Dihydro-1H-pyrazole",,,,-1.0,,1,-1,-1,-1
ENSMUSG00000022223-C,Chlorobenzilate,,,,-1.0,,1,-1,-1,-1
ENSMUSG00000022223-C,Nonanoic acid,,,1.0,0.9642857142857144,1.0,1,1,1,1
ENSMUSG00000022223-C,Tyr-Val,,,,1.0,,1,-1,-1,-1
ENSMUSG00000022235-C,"1,2-Bis(trimethylsiloxy)cyclohexene",,,,-1.0,,1,-1,-1,-1
ENSMUSG00000022235-C,"9Z-Octadecenoic acid, (2S)-3-[(hydroxymercaptophosphinyl)oxy]-2-methoxypropyl ester",,,,1.0,,1,-1,-1,-1
ENSMUSG00000022235-C,Octadecanoic acid,,,,-1.0,,1,-1,-1,-1
ENSMUSG00000022235-C,Sulindac,,,,-1.0,,1,-1,-1,-1
ENSMUSG00000022354-C,Azelaic acid,,-1.0,-0.5,-0.9523809523809524,-1.0,1,1,1,1
ENSMUSG00000022354-C,Chlorobenzilate,,,,-1.0,,1,-1,-1,-1
ENSMUSG00000022354-C,Sulindac,,,,-1.0,,1,-1,-1,-1
ENSMUSG00000022354-C,Tyr-Val,,,,1.0,,1,-1,-1,-1
ENSMUSG00000022371-C,"2-Butene-1,4-diol",,,,-1.0,,1,-1,-1,-1
ENSMUSG00000022371-C,3-Hydroxymethyl-2-trimethylsilyloxypentane,,-1.0,,-1.0,,1,-1,-1,-1
ENSMUSG00000022371-C,Benzeneacetic acid,,,,-1.0,,1,-1,-1,-1
ENSMUSG00000022371-C,Chlorobenzilate,,,,-1.0,,1,-1,-1,-1
ENSMUSG00000022371-C,Sulindac,,,,1.0,,1,-1,-1,-1
ENSMUSG00000022371-C,Tyr-Val,,,,-1.0,,1,-1,-1,-1
ENSMUSG00000022407-C,"1,2-Bis(trimethylsiloxy)cyclohexene",,,,-1.0,,1,-1,-1,-1
ENSMUSG00000022407-C,Benzeneacetic acid,,,,-1.0,,1,-1,-1,-1
ENSMUSG00000022407-C,Chlorobenzilate,,,,-1.0,,1,-1,-1,-1
ENSMUSG00000022407-C,L-Threonine,,,,1.0,1.0,1,1,1,1
ENSMUSG00000022494-C,"1,2-Bis(trimethylsiloxy)cyclohexene",,,,-1.0,,1,-1,-1,-1
ENSMUSG00000022494-C,Chlorobenzilate,,,,-1.0,,1,-1,-1,-1
ENSMUSG00000022494-C,Octadecanoic acid,,,,-1.0,,1,-1,-1,-1
ENSMUSG00000022516-C,Azelaic acid,,-1.0,-0.5,-0.9285714285714288,-1.0,1,1,1,1
ENSMUSG00000022516-C,Chlorobenzilate,,,,-1.0,,1,-1,-1,-1
ENSMUSG00000022516-C,"l-Leucine, n-butoxycarbonyl-N-methyl-, hexadecyl ester",,,,1.0,,1,-1,-1,-1
ENSMUSG00000022516-C,Sulindac,,,,-1.0,,1,-1,-1,-1
ENSMUSG00000022523-C,"1,2-Bis(trimethylsiloxy)cyclohexene",,,,-1.0,,1,-1,-1,-1
ENSMUSG00000022523-C,"2-Butene-1,4-diol",,,,-1.0,,1,-1,-1,-1
ENSMUSG00000022523-C,"3,3-Dimethylacrylic acid",,,,1.0,,1,-1,-1,-1
ENSMUSG00000022523-C,3-Hydroxymethyl-2-trimethylsilyloxypentane,,1.0,,1.0,,1,-1,-1,-1
ENSMUSG00000022523-C,Benzeneacetic acid,,,,-1.0,,1,-1,-1,-1
ENSMUSG00000022523-C,L-Glutamic acid,,,,-1.0,,1,-1,-1,-1
ENSMUSG00000022523-C,Tyr-Val,,,,-1.0,,1,-1,-1,-1
ENSMUSG00000022604-C,"2-Butene-1,4-diol",,,,1.0,,1,-1,-1,-1
ENSMUSG00000022604-C,Benzeneacetic acid,,,,-1.0,,1,-1,-1,-1
ENSMUSG00000022750-C,"1-Heptanol, 2-propyl-",,-1.0,,-1.0,,1,-1,-1,-1
ENSMUSG00000022750-C,2-Cyanobenzaldehyde,,-1.0,,-1.0,,1,-1,-1,-1
ENSMUSG00000022750-C,Chlorobenzilate,,,,-1.0,,1,-1,-1,-1
ENSMUSG00000022750-C,L-Glutamic acid,,,,-1.0,,1,-1,-1,-1
ENSMUSG00000022750-C,"l-Leucine, n-butoxycarbonyl-N-methyl-, hexadecyl ester",,,,1.0,,1,-1,-1,-1
ENSMUSG00000022750-C,Sulindac,,,,-1.0,,1,-1,-1,-1
ENSMUSG00000022768-C,"2-Butene-1,4-diol",,,,1.0,,1,-1,-1,-1
ENSMUSG00000022768-C,5-Nitroso-8-quinolinol,,,,1.0,,1,-1,-1,-1
ENSMUSG00000022768-C,"6-Methoxy-1-methyl-1,2,3,4-tetrahydroisoquinolin-7-ol",,,,-1.0,,1,-1,-1,-1
ENSMUSG00000022768-C,Benzeneacetic acid,,,,-1.0,,1,-1,-1,-1
ENSMUSG00000022768-C,"l-Leucine, n-butoxycarbonyl-N-methyl-, hexadecyl ester",,,,-1.0,,1,-1,-1,-1
ENSMUSG00000022768-C,Sulindac,,,,-1.0,,1,-1,-1,-1
ENSMUSG00000022768-C,Trimethylolpropane,,,,-1.0,-1.0,1,1,1,1
ENSMUSG00000022801-C,"2-Butene-1,4-diol",,,,1.0,,1,-1,-1,-1
ENSMUSG00000022801-C,"3,3-Dimethylacrylic acid",,,,1.0,,1,-1,-1,-1
ENSMUSG00000022801-C,5-Nitroso-8-quinolinol,,,,1.0,,1,-1,-1,-1
ENSMUSG00000022801-C,"6-Methoxy-1-methyl-1,2,3,4-tetrahydroisoquinolin-7-ol",,,,-1.0,,1,-1,-1,-1
ENSMUSG00000022801-C,Benzeneacetic acid,,,,-1.0,,1,-1,-1,-1
ENSMUSG00000022801-C,Tyr-Val,,,,-1.0,,1,-1,-1,-1
ENSMUSG00000022833-C,"1-(1-Hydroxybutyl)-2,5-dimethoxybenzene",,1.0,0.5,0.9285714285714288,,1,-1,-1,-1
ENSMUSG00000022833-C,Benzeneacetic acid,,,,1.0,,1,-1,-1,-1
ENSMUSG00000022833-C,Octadecanoic acid,,,,-1.0,,1,-1,-1,-1
ENSMUSG00000022833-C,Sulindac,,,,1.0,,1,-1,-1,-1
ENSMUSG00000022842-C,"1-Heptanol, 2-propyl-",,1.0,,1.0,,1,-1,-1,-1
ENSMUSG00000022842-C,"2-Butene-1,4-diol",,,,1.0,,1,-1,-1,-1
ENSMUSG00000022842-C,5-Nitroso-8-quinolinol,,,,1.0,,1,-1,-1,-1
ENSMUSG00000022842-C,"6-Methoxy-1-methyl-1,2,3,4-tetrahydroisoquinolin-7-ol",,,,-1.0,,1,-1,-1,-1
ENSMUSG00000022842-C,Benzeneacetic acid,,,,-1.0,,1,-1,-1,-1
ENSMUSG00000022842-C,"l-Leucine, n-butoxycarbonyl-N-methyl-, hexadecyl ester",,,,-1.0,,1,-1,-1,-1
ENSMUSG00000022842-C,L-Threonine,,,,1.0,-1.0,1,-1,-1,-1
ENSMUSG00000022842-C,Trimethylolpropane,,,,-1.0,-1.0,1,1,1,1
ENSMUSG00000022893-C,"1,2-Bis(trimethylsiloxy)cyclohexene",,,,-1.0,,1,-1,-1,-1
ENSMUSG00000022893-C,"1-Heptanol, 2-propyl-",,-1.0,,-1.0,,1,-1,-1,-1
ENSMUSG00000022893-C,2-Cyanobenzaldehyde,,-1.0,,-1.0,,1,-1,-1,-1
ENSMUSG00000022893-C,"6-Methoxy-1-methyl-1,2,3,4-tetrahydroisoquinolin-7-ol",,,,1.0,,1,-1,-1,-1
ENSMUSG00000022893-C,Chlorobenzilate,,,,-1.0,,1,-1,-1,-1
ENSMUSG00000022914-C,Benzeneacetic acid,,,,-1.0,,1,-1,-1,-1
ENSMUSG00000022914-C,"l-Leucine, n-butoxycarbonyl-N-methyl-, hexadecyl ester",,,,-1.0,,1,-1,-1,-1
ENSMUSG00000022914-C,L-Threonine,,,,1.0,-1.0,1,-1,-1,-1
ENSMUSG00000022914-C,Lupinine,,1.0,,1.0,,1,-1,-1,-1
ENSMUSG00000022914-C,Sulindac,,,,-1.0,,1,-1,-1,-1
ENSMUSG00000022974-C,"1-(1-Hydroxybutyl)-2,5-dimethoxybenzene",,1.0,1.0,0.9285714285714288,,1,-1,-1,-1
ENSMUSG00000022974-C,"3,3-Dimethylacrylic acid",,,,1.0,,1,-1,-1,-1
ENSMUSG00000022974-C,Benzeneacetic acid,,,,-1.0,,1,-1,-1,-1
ENSMUSG00000022974-C,Chlorobenzilate,,,,1.0,,1,-1,-1,-1
ENSMUSG00000022974-C,Luciferin,,,,-1.0,,1,-1,-1,-1
ENSMUSG00000022974-C,Sulindac,,,,1.0,,1,-1,-1,-1
ENSMUSG00000022974-C,Tyr-Val,,,,-1.0,,1,-1,-1,-1
ENSMUSG00000022983-C,"1,2-Bis(trimethylsiloxy)cyclohexene",,,,1.0,,1,-1,-1,-1
ENSMUSG00000022983-C,"3,3-Dimethylacrylic acid",,,,-1.0,,1,-1,-1,-1
ENSMUSG00000022983-C,"6-Methoxy-1-methyl-1,2,3,4-tetrahydroisoquinolin-7-ol",,,,-1.0,,1,-1,-1,-1
ENSMUSG00000022983-C,Adipoyl-L-carnitine,,,,-1.0,,1,-1,-1,-1
ENSMUSG00000023025-C,"1,2-Bis(trimethylsiloxy)cyclohexene",,,,-1.0,,1,-1,-1,-1
ENSMUSG00000023025-C,"2-Butene-1,4-diol",,,,-1.0,,1,-1,-1,-1
ENSMUSG00000023025-C,"3,3-Dimethylacrylic acid",,,,1.0,,1,-1,-1,-1
ENSMUSG00000023025-C,"6-Methoxy-1-methyl-1,2,3,4-tetrahydroisoquinolin-7-ol",,,,1.0,,1,-1,-1,-1
ENSMUSG00000023025-C,Sulindac,,,,1.0,,1,-1,-1,-1
ENSMUSG00000023025-C,Trimethylolpropane,,,,1.0,-1.0,1,-1,-1,-1
ENSMUSG00000023025-C,Tyr-Val,,,,-1.0,,1,-1,-1,-1
ENSMUSG00000023064-C,"1,2-Bis(trimethylsiloxy)cyclohexene",,,,1.0,,1,-1,-1,-1
ENSMUSG00000023064-C,"2-Butene-1,4-diol",,,,1.0,,1,-1,-1,-1
ENSMUSG00000023064-C,L-Threonine,,,,1.0,1.0,1,1,1,1
ENSMUSG00000023064-C,Sulindac,,,,-1.0,,1,-1,-1,-1
ENSMUSG00000023064-C,Trimethylolpropane,,,,-1.0,1.0,1,-1,-1,-1
ENSMUSG00000023089-C,Chlorobenzilate,,,,-1.0,,1,-1,-1,-1
ENSMUSG00000023089-C,L-Glutamic acid,,,,-1.0,,1,-1,-1,-1
ENSMUSG00000023089-C,"l-Leucine, n-butoxycarbonyl-N-methyl-, hexadecyl ester",,,,1.0,,1,-1,-1,-1
ENSMUSG00000023094-C,"1,2-Bis(trimethylsiloxy)cyclohexene",,,,-1.0,,1,-1,-1,-1
ENSMUSG00000023094-C,"3,3-Dimethylacrylic acid",,,,1.0,,1,-1,-1,-1
ENSMUSG00000023094-C,Chlorobenzilate,,,,-1.0,,1,-1,-1,-1
ENSMUSG00000023094-C,L-Ornithine,,,,1.0,,1,-1,-1,-1
ENSMUSG00000023094-C,L-Threonine,,,,1.0,1.0,1,1,1,1
ENSMUSG00000023094-C,Octadecanoic acid,,,,-1.0,,1,-1,-1,-1
ENSMUSG00000023755-C,"4,5-Dihydro-1H-pyrazole",,,,1.0,,1,-1,-1,-1
ENSMUSG00000023755-C,Benzeneacetic acid,,,,-1.0,,1,-1,-1,-1
ENSMUSG00000023755-C,Chlorobenzilate,,,,-1.0,,1,-1,-1,-1
ENSMUSG00000023755-C,L-Glutamic acid,,,,-1.0,,1,-1,-1,-1
ENSMUSG00000023755-C,Tyr-Val,,,,-1.0,,1,-1,-1,-1
ENSMUSG00000024019-C,"1-Heptanol, 2-propyl-",,-1.0,,-1.0,,1,-1,-1,-1
ENSMUSG00000024019-C,"2-Butene-1,4-diol",,,,1.0,,1,-1,-1,-1
ENSMUSG00000024019-C,2-Cyanobenzaldehyde,,-1.0,,-1.0,,1,-1,-1,-1
ENSMUSG00000024019-C,"2-Methylcyclohexylamine, tert.-butyldimethylsilyl ether",,,,1.0,,1,-1,-1,-1
ENSMUSG00000024019-C,L-Leucine,,-0.5,-0.5,-0.9285714285714288,,1,-1,-1,-1
ENSMUSG00000024019-C,L-Ornithine,,,,1.0,,1,-1,-1,-1
ENSMUSG00000024019-C,Luciferin,,,,-1.0,,1,-1,-1,-1
ENSMUSG00000024019-C,Octadecanoic acid,,,,-1.0,,1,-1,-1,-1
ENSMUSG00000024019-C,Octanoic acid,,,,-1.0,,1,-1,-1,-1
ENSMUSG00000024038-C,5-Nitroso-8-quinolinol,,,,-1.0,,1,-1,-1,-1
ENSMUSG00000024038-C,"6-Methoxy-1-methyl-1,2,3,4-tetrahydroisoquinolin-7-ol",,,,1.0,,1,-1,-1,-1
ENSMUSG00000024038-C,6-Nitroveratryl alcohol,,,,-1.0,,1,-1,-1,-1
ENSMUSG00000024038-C,Chlorobenzilate,,,,-1.0,,1,-1,-1,-1
ENSMUSG00000024038-C,"l-Leucine, n-butoxycarbonyl-N-methyl-, hexadecyl ester",,,,1.0,,1,-1,-1,-1
ENSMUSG00000024059-C,"1,2-Bis(trimethylsiloxy)cyclohexene",,,,1.0,,1,-1,-1,-1
ENSMUSG00000024059-C,"2,6-di-tert-Butyl-4-(dimethylaminomethyl)phenol",,,,1.0,,1,-1,-1,-1
ENSMUSG00000024059-C,"2-Butene-1,4-diol",,,,1.0,,1,-1,-1,-1
ENSMUSG00000024059-C,Adipoyl-L-carnitine,,,,1.0,,1,-1,-1,-1
ENSMUSG00000024059-C,L-Threonine,,,,1.0,-1.0,1,-1,-1,-1
ENSMUSG00000024059-C,Lupinine,,1.0,,1.0,,1,-1,-1,-1
ENSMUSG00000024059-C,Methyl lactate,,1.0,1.0,0.9549937104572924,,1,-1,-1,-1
ENSMUSG00000024059-C,Octadecanoic acid,,,,1.0,,1,-1,-1,-1
ENSMUSG00000024083-C,"1-Heptanol, 2-propyl-",,-1.0,,-1.0,,1,-1,-1,-1
ENSMUSG00000024083-C,5-Nitroso-8-quinolinol,,,,1.0,,1,-1,-1,-1
ENSMUSG00000024083-C,"6-Methoxy-1-methyl-1,2,3,4-tetrahydroisoquinolin-7-ol",,,,-1.0,,1,-1,-1,-1
ENSMUSG00000024083-C,L-Serine,,,,-1.0,,1,-1,-1,-1
ENSMUSG00000024083-C,Octadecanoic acid,,,,-1.0,,1,-1,-1,-1
ENSMUSG00000024209-C,Sulindac,,,,1.0,,1,-1,-1,-1
ENSMUSG00000024220-C,"1,2-Bis(trimethylsiloxy)cyclohexene",,,,1.0,,1,-1,-1,-1
ENSMUSG00000024220-C,"1-Heptanol, 2-propyl-",,-1.0,,-1.0,,1,-1,-1,-1
ENSMUSG00000024220-C,2-Cyanobenzaldehyde,,-1.0,,-1.0,,1,-1,-1,-1
ENSMUSG00000024220-C,"2-Methylcyclohexylamine, tert.-butyldimethylsilyl ether",,,,1.0,,1,-1,-1,-1
ENSMUSG00000024220-C,alpha-Hydroxyisobutyric acid,,-1.0,,-1.0,,1,-1,-1,-1
ENSMUSG00000024220-C,Benzeneacetic acid,,,,-1.0,,1,-1,-1,-1
ENSMUSG00000024220-C,L-Serine,,,,1.0,,1,-1,-1,-1
ENSMUSG00000024220-C,Octadecanoic acid,,,,1.0,,1,-1,-1,-1
ENSMUSG00000024220-C,Octanoic acid,,,,-1.0,,1,-1,-1,-1
ENSMUSG00000024234-C,"1-Heptanol, 2-propyl-",,1.0,,1.0,,1,-1,-1,-1
ENSMUSG00000024234-C,"3,3-Dimethylacrylic acid",,,,1.0,,1,-1,-1,-1
ENSMUSG00000024234-C,5-Nitroso-8-quinolinol,,,,1.0,,1,-1,-1,-1
ENSMUSG00000024234-C,"6-Methoxy-1-methyl-1,2,3,4-tetrahydroisoquinolin-7-ol",,,,-1.0,,1,-1,-1,-1
ENSMUSG00000024234-C,"l-Leucine, n-butoxycarbonyl-N-methyl-, hexadecyl ester",,,,-1.0,,1,-1,-1,-1
ENSMUSG00000024234-C,L-Threonine,,,,1.0,-1.0,1,-1,-1,-1
ENSMUSG00000024234-C,Sulindac,,,,-1.0,,1,-1,-1,-1
ENSMUSG00000024236-C,"3,3-Dimethylacrylic acid",,,,-1.0,,1,-1,-1,-1
ENSMUSG00000024236-C,L-Threonine,,,,1.0,-1.0,1,-1,-1,-1
ENSMUSG00000024236-C,Sulindac,,,,-1.0,,1,-1,-1,-1
ENSMUSG00000024294-C,"3,3-Dimethylacrylic acid",,,,1.0,,1,-1,-1,-1
ENSMUSG00000024294-C,5-Nitroso-8-quinolinol,,,,1.0,,1,-1,-1,-1
ENSMUSG00000024294-C,"6-Methoxy-1-methyl-1,2,3,4-tetrahydroisoquinolin-7-ol",,,,-1.0,,1,-1,-1,-1
ENSMUSG00000024294-C,Benzeneacetic acid,,,,-1.0,,1,-1,-1,-1
ENSMUSG00000024294-C,Chlorobenzilate,,,,1.0,,1,-1,-1,-1
ENSMUSG00000024294-C,L-Threonine,,,,-1.0,-1.0,1,1,1,1
ENSMUSG00000024294-C,Sulindac,,,,1.0,,1,-1,-1,-1
ENSMUSG00000024294-C,Tyr-Val,,,,-1.0,,1,-1,-1,-1
ENSMUSG00000024349-C,"1-Heptanol, 2-propyl-",,1.0,,1.0,,1,-1,-1,-1
ENSMUSG00000024349-C,"2-Butene-1,4-diol",,,,1.0,,1,-1,-1,-1
ENSMUSG00000024349-C,2-Cyanobenzaldehyde,,1.0,,1.0,,1,-1,-1,-1
ENSMUSG00000024349-C,"4,5-Dihydro-1H-pyrazole",,,,-1.0,,1,-1,-1,-1
ENSMUSG00000024349-C,"6-Methoxy-1-methyl-1,2,3,4-tetrahydroisoquinolin-7-ol",,,,-1.0,,1,-1,-1,-1
ENSMUSG00000024349-C,Chlorobenzilate,,,,1.0,,1,-1,-1,-1
ENSMUSG00000024349-C,Sulindac,,,,-1.0,,1,-1,-1,-1
ENSMUSG00000024349-C,Trimethylolpropane,,,,-1.0,-1.0,1,1,1,1
ENSMUSG00000024352-C,"3,3-Dimethylacrylic acid",,,,-1.0,,1,-1,-1,-1
ENSMUSG00000024352-C,"4,5-Dihydro-1H-pyrazole",,,,-1.0,,1,-1,-1,-1
ENSMUSG00000024352-C,Hydracrylic acid,,0.5,1.0,0.9221722216732094,1.0,1,1,1,1
ENSMUSG00000024352-C,Lupinine,,1.0,,1.0,,1,-1,-1,-1
ENSMUSG00000024378-C,"1-Heptanol, 2-propyl-",,1.0,,1.0,,1,-1,-1,-1
ENSMUSG00000024378-C,"2-Butene-1,4-diol",,,,1.0,,1,-1,-1,-1
ENSMUSG00000024378-C,"3,3-Dimethylacrylic acid",,,,1.0,,1,-1,-1,-1
ENSMUSG00000024378-C,5-Nitroso-8-quinolinol,,,,1.0,,1,-1,-1,-1
ENSMUSG00000024378-C,L-Glutamic acid,,,,1.0,,1,-1,-1,-1
ENSMUSG00000024378-C,L-Threonine,,,,1.0,-1.0,1,-1,-1,-1
ENSMUSG00000024378-C,Trimethylolpropane,,,,-1.0,-1.0,1,1,1,1
ENSMUSG00000024383-C,"1-Heptanol, 2-propyl-",,-1.0,,-1.0,,1,-1,-1,-1
ENSMUSG00000024383-C,2-Cyanobenzaldehyde,,-1.0,,-1.0,,1,-1,-1,-1
ENSMUSG00000024383-C,5-Nitroso-8-quinolinol,,,,1.0,,1,-1,-1,-1
ENSMUSG00000024383-C,"6-Methoxy-1-methyl-1,2,3,4-tetrahydroisoquinolin-7-ol",,,,-1.0,,1,-1,-1,-1
ENSMUSG00000024383-C,Benzeneacetic acid,,,,-1.0,,1,-1,-1,-1
ENSMUSG00000024383-C,"l-Leucine, n-butoxycarbonyl-N-methyl-, hexadecyl ester",,,,-1.0,,1,-1,-1,-1
ENSMUSG00000024383-C,Sulindac,,,,1.0,,1,-1,-1,-1
ENSMUSG00000024384-C,"1,2-Bis(trimethylsiloxy)cyclohexene",,,,1.0,,1,-1,-1,-1
ENSMUSG00000024384-C,"1-Heptanol, 2-propyl-",,-1.0,,-1.0,,1,-1,-1,-1
ENSMUSG00000024384-C,"2-Butene-1,4-diol",,,,1.0,,1,-1,-1,-1
ENSMUSG00000024384-C,2-Cyanobenzaldehyde,,-1.0,,-1.0,,1,-1,-1,-1
ENSMUSG00000024384-C,2-Methyl-3-pentanol,,-1.0,,-1.0,1.0,1,-1,-1,-1
ENSMUSG00000024384-C,5-Nitroso-8-quinolinol,,,,1.0,,1,-1,-1,-1
ENSMUSG00000024384-C,"6-Methoxy-1-methyl-1,2,3,4-tetrahydroisoquinolin-7-ol",,,,-1.0,,1,-1,-1,-1
ENSMUSG00000024384-C,Adipoyl-L-carnitine,,,,1.0,,1,-1,-1,-1
ENSMUSG00000024384-C,Benzeneacetic acid,,,,-1.0,,1,-1,-1,-1
ENSMUSG00000024384-C,Octadecanoic acid,,,,1.0,,1,-1,-1,-1
ENSMUSG00000024387-C,"4,5-Dihydro-1H-pyrazole",,,,-1.0,,1,-1,-1,-1
ENSMUSG00000024387-C,Chlorobenzilate,,,,-1.0,,1,-1,-1,-1
ENSMUSG00000024387-C,Tyr-Val,,,,1.0,,1,-1,-1,-1
ENSMUSG00000024423-C,"2-Butene-1,4-diol",,,,1.0,,1,-1,-1,-1
ENSMUSG00000024423-C,5-Nitroso-8-quinolinol,,,,1.0,,1,-1,-1,-1
ENSMUSG00000024423-C,"6-Methoxy-1-methyl-1,2,3,4-tetrahydroisoquinolin-7-ol",,,,-1.0,,1,-1,-1,-1
ENSMUSG00000024423-C,Benzeneacetic acid,,,,-1.0,,1,-1,-1,-1
ENSMUSG00000024423-C,L-Threonine,,,,1.0,-1.0,1,-1,-1,-1
ENSMUSG00000024423-C,Sulindac,,,,-1.0,,1,-1,-1,-1
ENSMUSG00000024423-C,Trimethylolpropane,,,,-1.0,-1.0,1,1,1,1
ENSMUSG00000024472-C,"1-Heptanol, 2-propyl-",,-1.0,,-1.0,,1,-1,-1,-1
ENSMUSG00000024472-C,1-Octadecanol,,,,-1.0,1.0,1,-1,-1,-1
ENSMUSG00000024472-C,2-Cyanobenzaldehyde,,-1.0,,-1.0,,1,-1,-1,-1
ENSMUSG00000024472-C,"3,3-Dimethylacrylic acid",,,,1.0,,1,-1,-1,-1
ENSMUSG00000024472-C,"4,5-Dihydro-1H-pyrazole",,,,1.0,,1,-1,-1,-1
ENSMUSG00000024472-C,5-Azacytosine,,-1.0,-0.5,-0.9518763181059628,-1.0,1,1,1,1
ENSMUSG00000024472-C,"6-Methoxy-1-methyl-1,2,3,4-tetrahydroisoquinolin-7-ol",,,,1.0,,1,-1,-1,-1
ENSMUSG00000024472-C,Adipoyl-L-carnitine,,,,-1.0,,1,-1,-1,-1
ENSMUSG00000024472-C,Chlorobenzilate,,,,-1.0,,1,-1,-1,-1
ENSMUSG00000024472-C,Frangulin,,,,-1.0,-1.0,1,1,1,1
ENSMUSG00000024472-C,L-Ornithine,,,,1.0,,1,-1,-1,-1
ENSMUSG00000024472-C,Octadecanoic acid,,,,-1.0,,1,-1,-1,-1
ENSMUSG00000024664-C,"4,5-Dihydro-1H-pyrazole",,,,-1.0,,1,-1,-1,-1
ENSMUSG00000024664-C,Chlorobenzilate,,,,-1.0,,1,-1,-1,-1
ENSMUSG00000024665-C,"1-Heptanol, 2-propyl-",,1.0,,1.0,,1,-1,-1,-1
ENSMUSG00000024665-C,"3,3-Dimethylacrylic acid",,,,1.0,,1,-1,-1,-1
ENSMUSG00000024665-C,"4,5-Dihydro-1H-pyrazole",,,,1.0,,1,-1,-1,-1
ENSMUSG00000024665-C,Niacinamide,,1.0,1.0,0.9518763181059628,,1,-1,-1,-1
ENSMUSG00000024665-C,Sulindac,,,,-1.0,,1,-1,-1,-1
ENSMUSG00000024666-C,"1-Heptanol, 2-propyl-",,-1.0,,-1.0,,1,-1,-1,-1
ENSMUSG00000024666-C,2-Cyanobenzaldehyde,,-1.0,,-1.0,,1,-1,-1,-1
ENSMUSG00000024666-C,5-Nitroso-8-quinolinol,,,,1.0,,1,-1,-1,-1
ENSMUSG00000024666-C,"6-Methoxy-1-methyl-1,2,3,4-tetrahydroisoquinolin-7-ol",,,,-1.0,,1,-1,-1,-1
ENSMUSG00000024666-C,Benzeneacetic acid,,,,-1.0,,1,-1,-1,-1
ENSMUSG00000024666-C,"l-Leucine, n-butoxycarbonyl-N-methyl-, hexadecyl ester",,,,-1.0,,1,-1,-1,-1
ENSMUSG00000024666-C,Sulindac,,,,1.0,,1,-1,-1,-1
ENSMUSG00000024713-C,"2-Butene-1,4-diol",,,,1.0,,1,-1,-1,-1
ENSMUSG00000024713-C,Benzeneacetic acid,,,,-1.0,,1,-1,-1,-1
ENSMUSG00000024713-C,Guanosine,,,1.0,1.0,1.0,1,1,1,1
ENSMUSG00000024764-C,"3,3-Dimethylacrylic acid",,,,1.0,,1,-1,-1,-1
ENSMUSG00000024764-C,3-Hydroxymethyl-2-trimethylsilyloxypentane,,1.0,,1.0,,1,-1,-1,-1
ENSMUSG00000024764-C,"4,5-Dihydro-1H-pyrazole",,,,1.0,,1,-1,-1,-1
ENSMUSG00000024764-C,Chlorobenzilate,,,,1.0,,1,-1,-1,-1
ENSMUSG00000024764-C,L-Glutamic acid,,,,-1.0,,1,-1,-1,-1
ENSMUSG00000024764-C,Luciferin,,,,-1.0,,1,-1,-1,-1
ENSMUSG00000024764-C,Sulindac,,,,-1.0,,1,-1,-1,-1
ENSMUSG00000024764-C,Tyr-Val,,,,-1.0,,1,-1,-1,-1
ENSMUSG00000024892-C,"3,3-Dimethylacrylic acid",,,,-1.0,,1,-1,-1,-1
ENSMUSG00000024892-C,5-Nitroso-8-quinolinol,,,,-1.0,,1,-1,-1,-1
ENSMUSG00000024892-C,"6-Methoxy-1-methyl-1,2,3,4-tetrahydroisoquinolin-7-ol",,,,1.0,,1,-1,-1,-1
ENSMUSG00000024892-C,Chlorobenzilate,,,,-1.0,,1,-1,-1,-1
ENSMUSG00000024892-C,"l-Leucine, n-butoxycarbonyl-N-methyl-, hexadecyl ester",,,,1.0,,1,-1,-1,-1
ENSMUSG00000024892-C,L-Threonine,,,,1.0,1.0,1,1,1,1
ENSMUSG00000024892-C,Sulindac,,,,-1.0,,1,-1,-1,-1
ENSMUSG00000024892-C,Tyr-Val,,,,1.0,,1,-1,-1,-1
ENSMUSG00000024909-C,"1,2-Bis(trimethylsiloxy)cyclohexene",,,,-1.0,,1,-1,-1,-1
ENSMUSG00000024909-C,"1-Heptanol, 2-propyl-",,-1.0,,-1.0,,1,-1,-1,-1
ENSMUSG00000024909-C,"2-Butene-1,4-diol",,,,-1.0,,1,-1,-1,-1
ENSMUSG00000024909-C,2-Cyanobenzaldehyde,,-1.0,,-1.0,,1,-1,-1,-1
ENSMUSG00000024909-C,Benzeneacetic acid,,,,-1.0,,1,-1,-1,-1
ENSMUSG00000024909-C,Chlorobenzilate,,,,-1.0,,1,-1,-1,-1
ENSMUSG00000024909-C,L-Glutamic acid,,,,-1.0,,1,-1,-1,-1
ENSMUSG00000024909-C,Tyr-Val,,,,-1.0,,1,-1,-1,-1
ENSMUSG00000024914-C,"3-(4,7-Dimethoxy-2H-1,3-benzodioxol-5-yl)-2-methylprop-2-enal",,-1.0,-0.5,-0.9285714285714288,1.0,1,-1,-1,-1
ENSMUSG00000024914-C,Aceturic acid,,-1.0,,-1.0,,1,-1,-1,-1
ENSMUSG00000024914-C,Benzeneacetic acid,,,,-1.0,,1,-1,-1,-1
ENSMUSG00000024914-C,L-Ornithine,,,,-1.0,,1,-1,-1,-1
ENSMUSG00000024914-C,Octadecanoic acid,,,,1.0,,1,-1,-1,-1
ENSMUSG00000024914-C,Picolinic acid,,-1.0,-0.8660254037844387,-0.9452300860699552,,1,-1,-1,-1
ENSMUSG00000024914-C,Sulindac,,,,-1.0,,1,-1,-1,-1
ENSMUSG00000025027-C,"2,4,6-Cycloheptatrien-1-one",,,,-1.0,1.0,1,-1,-1,-1
ENSMUSG00000025027-C,Benzeneacetic acid,,,,-1.0,,1,-1,-1,-1
ENSMUSG00000025027-C,Chlorobenzilate,,,,-1.0,,1,-1,-1,-1
ENSMUSG00000025027-C,L-Serine,,,,1.0,,1,-1,-1,-1
ENSMUSG00000025027-C,Octadecanoic acid,,,,1.0,,1,-1,-1,-1
ENSMUSG00000025027-C,Sulindac,,,,-1.0,,1,-1,-1,-1
ENSMUSG00000025103-C,"1,2-Bis(trimethylsiloxy)cyclohexene",,,,-1.0,,1,-1,-1,-1
ENSMUSG00000025103-C,"1-Heptanol, 2-propyl-",,1.0,,1.0,,1,-1,-1,-1
ENSMUSG00000025103-C,"3,3-Dimethylacrylic acid",,,,1.0,,1,-1,-1,-1
ENSMUSG00000025103-C,Octadecanoic acid,,,,-1.0,,1,-1,-1,-1
ENSMUSG00000025154-C,2-Furoic acid,,1.0,0.8660254037844387,0.9572173526639411,,1,-1,-1,-1
ENSMUSG00000025154-C,"3,3-Dimethylacrylic acid",,,,-1.0,,1,-1,-1,-1
ENSMUSG00000025154-C,Benzeneacetic acid,,,,1.0,,1,-1,-1,-1
ENSMUSG00000025154-C,Tyr-Val,,,,1.0,,1,-1,-1,-1
ENSMUSG00000025278-C,1-Octadecanol,,,,1.0,1.0,1,1,1,1
ENSMUSG00000025278-C,Benzeneacetic acid,,,,-1.0,,1,-1,-1,-1
ENSMUSG00000025278-C,Chlorobenzilate,,,,1.0,,1,-1,-1,-1
ENSMUSG00000025278-C,DL-Glyceraldehyde,,1.0,0.8660254037844387,0.95150257112482,,1,-1,-1,-1
ENSMUSG00000025278-C,Luciferin,,,,-1.0,,1,-1,-1,-1
ENSMUSG00000025278-C,Lupinine,,1.0,,1.0,,1,-1,-1,-1
ENSMUSG00000025278-C,Tyr-Val,,,,-1.0,,1,-1,-1,-1
ENSMUSG00000025323-C,"1,2-Bis(trimethylsiloxy)cyclohexene",,,,-1.0,,1,-1,-1,-1
ENSMUSG00000025323-C,"2-Butene-1,4-diol",,,,-1.0,,1,-1,-1,-1
ENSMUSG00000025323-C,"6-Methoxy-1-methyl-1,2,3,4-tetrahydroisoquinolin-7-ol",,,,1.0,,1,-1,-1,-1
ENSMUSG00000025323-C,Aceturic acid,,1.0,,0.9642857142857144,,1,-1,-1,-1
ENSMUSG00000025323-C,Benzeneacetic acid,,,,1.0,,1,-1,-1,-1
ENSMUSG00000025323-C,L-Ornithine,,,,1.0,,1,-1,-1,-1
ENSMUSG00000025323-C,Octadecanoic acid,,,,-1.0,,1,-1,-1,-1
ENSMUSG00000025323-C,Sulindac,,,,1.0,,1,-1,-1,-1
ENSMUSG00000025323-C,Trimethylolpropane,,,,1.0,-1.0,1,-1,-1,-1
ENSMUSG00000025352-C,5-Nitroso-8-quinolinol,,,,-1.0,,1,-1,-1,-1
ENSMUSG00000025352-C,"6-Methoxy-1-methyl-1,2,3,4-tetrahydroisoquinolin-7-ol",,,,1.0,,1,-1,-1,-1
ENSMUSG00000025352-C,"9Z-Octadecenoic acid, (2S)-3-[(hydroxymercaptophosphinyl)oxy]-2-methoxypropyl ester",,,,1.0,,1,-1,-1,-1
ENSMUSG00000025352-C,"l-Leucine, n-butoxycarbonyl-N-methyl-, hexadecyl ester",,,,1.0,,1,-1,-1,-1
ENSMUSG00000025352-C,L-Norleucine,,1.0,,1.0,,1,-1,-1,-1
ENSMUSG00000025362-C,5-Nitroso-8-quinolinol,,,,-1.0,,1,-1,-1,-1
ENSMUSG00000025362-C,"6-Methoxy-1-methyl-1,2,3,4-tetrahydroisoquinolin-7-ol",,,,1.0,,1,-1,-1,-1
ENSMUSG00000025362-C,6-Nitroveratryl alcohol,,,,-1.0,,1,-1,-1,-1
ENSMUSG00000025362-C,"9Z-Octadecenoic acid, (2S)-3-[(hydroxymercaptophosphinyl)oxy]-2-methoxypropyl ester",,,,1.0,,1,-1,-1,-1
ENSMUSG00000025362-C,Chlorobenzilate,,,,-1.0,,1,-1,-1,-1
ENSMUSG00000025362-C,Sulindac,,,,-1.0,,1,-1,-1,-1
ENSMUSG00000025362-C,Tyr-Val,,,,1.0,,1,-1,-1,-1
ENSMUSG00000025371-C,"4,5-Dihydro-1H-pyrazole",,,,1.0,,1,-1,-1,-1
ENSMUSG00000025371-C,Benzeneacetic acid,,,,-1.0,,1,-1,-1,-1
ENSMUSG00000025371-C,Octanoic acid,,,,-1.0,,1,-1,-1,-1
ENSMUSG00000025371-C,Sulindac,,,,-1.0,,1,-1,-1,-1
ENSMUSG00000025429-C,"4,5-Dihydro-1H-pyrazole",,,,-1.0,,1,-1,-1,-1
ENSMUSG00000025429-C,Chlorobenzilate,,,,1.0,,1,-1,-1,-1
ENSMUSG00000025429-C,L-Glutamic acid,,,,1.0,,1,-1,-1,-1
ENSMUSG00000025429-C,Sulindac,,,,1.0,,1,-1,-1,-1
ENSMUSG00000025494-C,"3,3-Dimethylacrylic acid",,,,1.0,,1,-1,-1,-1
ENSMUSG00000025494-C,3-Hydroxymethyl-2-trimethylsilyloxypentane,,1.0,,1.0,,1,-1,-1,-1
ENSMUSG00000025494-C,L-Glutamic acid,,,,-1.0,,1,-1,-1,-1
ENSMUSG00000025494-C,L-Threonine,,,,1.0,-1.0,1,-1,-1,-1
ENSMUSG00000025494-C,Sulindac,,,,-1.0,,1,-1,-1,-1
ENSMUSG00000025504-C,"1,2-Bis(trimethylsiloxy)cyclohexene",,,,-1.0,,1,-1,-1,-1
ENSMUSG00000025504-C,"1-Heptanol, 2-propyl-",,-1.0,,-1.0,,1,-1,-1,-1
ENSMUSG00000025504-C,2-Cyanobenzaldehyde,,-1.0,,-1.0,,1,-1,-1,-1
ENSMUSG00000025504-C,alpha-Hydroxyisobutyric acid,,-1.0,,-1.0,,1,-1,-1,-1
ENSMUSG00000025504-C,Benzeneacetic acid,,,,-1.0,,1,-1,-1,-1
ENSMUSG00000025504-C,L-Glutamic acid,,,,-1.0,,1,-1,-1,-1
ENSMUSG00000025504-C,Octanoic acid,,,,-1.0,,1,-1,-1,-1
ENSMUSG00000025504-C,Sulindac,,,,-1.0,,1,-1,-1,-1
ENSMUSG00000025579-C,"1,2-Bis(trimethylsiloxy)cyclohexene",,,,1.0,,1,-1,-1,-1
ENSMUSG00000025579-C,"2-Methylcyclohexylamine, tert.-butyldimethylsilyl ether",,,,1.0,,1,-1,-1,-1
ENSMUSG00000025579-C,Benzeneacetic acid,,,,-1.0,,1,-1,-1,-1
ENSMUSG00000025579-C,L-Serine,,,,1.0,,1,-1,-1,-1
ENSMUSG00000025579-C,Octadecanoic acid,,,,1.0,,1,-1,-1,-1
ENSMUSG00000025579-C,Octanoic acid,,,,-1.0,,1,-1,-1,-1
ENSMUSG00000025730-C,"1-Heptanol, 2-propyl-",,-1.0,,-1.0,,1,-1,-1,-1
ENSMUSG00000025730-C,2-Cyanobenzaldehyde,,-1.0,,-1.0,,1,-1,-1,-1
ENSMUSG00000025730-C,Azelaic acid,,-0.5,-0.5,-0.9285714285714288,-1.0,1,1,1,1
ENSMUSG00000025730-C,Chlorobenzilate,,,,-1.0,,1,-1,-1,-1
ENSMUSG00000025730-C,L-Glutamic acid,,,,-1.0,,1,-1,-1,-1
ENSMUSG00000025730-C,Sulindac,,,,-1.0,,1,-1,-1,-1
ENSMUSG00000025730-C,Tyr-Val,,,,1.0,,1,-1,-1,-1
ENSMUSG00000025777-C,"2-Butene-1,4-diol",,,,-1.0,,1,-1,-1,-1
ENSMUSG00000025777-C,"3,3-Dimethylacrylic acid",,,,1.0,,1,-1,-1,-1
ENSMUSG00000025777-C,"4,5-Dihydro-1H-pyrazole",,,,1.0,,1,-1,-1,-1
ENSMUSG00000025777-C,"6-Methoxy-1-methyl-1,2,3,4-tetrahydroisoquinolin-7-ol",,,,1.0,,1,-1,-1,-1
ENSMUSG00000025777-C,Adipoyl-L-carnitine,,,,-1.0,,1,-1,-1,-1
ENSMUSG00000025777-C,Benzeneacetic acid,,,,-1.0,,1,-1,-1,-1
ENSMUSG00000025777-C,"Cyclopentaneacetic acid, 3-oxo-2-pentyl-, methyl ester",,0.0,-1.0,-0.9581010095306072,,1,-1,-1,-1
ENSMUSG00000025777-C,Sarcosine,,,,-1.0,,1,-1,-1,-1
ENSMUSG00000025777-C,Trimethylolpropane,,,,1.0,-1.0,1,-1,-1,-1
ENSMUSG00000025777-C,Tyr-Val,,,,-1.0,,1,-1,-1,-1
ENSMUSG00000025815-C,"3,3-Dimethylacrylic acid",,,,1.0,,1,-1,-1,-1
ENSMUSG00000025815-C,"4,5-Dihydro-1H-pyrazole",,,,1.0,,1,-1,-1,-1
ENSMUSG00000025815-C,Adipoyl-L-carnitine,,,,-1.0,,1,-1,-1,-1
ENSMUSG00000025815-C,Benzeneacetic acid,,,,-1.0,,1,-1,-1,-1
ENSMUSG00000025815-C,L-Threonine,,,,-1.0,-1.0,1,1,1,1
ENSMUSG00000025815-C,Tyr-Val,,,,-1.0,,1,-1,-1,-1
ENSMUSG00000025872-C,"3,3-Dimethylacrylic acid",,,,-1.0,,1,-1,-1,-1
ENSMUSG00000025872-C,Chlorobenzilate,,,,-1.0,,1,-1,-1,-1
ENSMUSG00000025872-C,L-Glutamic acid,,,,-1.0,,1,-1,-1,-1
ENSMUSG00000025872-C,L-Threonine,,,,1.0,1.0,1,1,1,1
ENSMUSG00000025872-C,Lupinine,,1.0,,1.0,,1,-1,-1,-1
ENSMUSG00000025872-C,Supraene,,,,-1.0,,1,-1,-1,-1
ENSMUSG00000025892-C,"1-Heptanol, 2-propyl-",,-1.0,,-1.0,,1,-1,-1,-1
ENSMUSG00000025892-C,"2-Butene-1,4-diol",,,,1.0,,1,-1,-1,-1
ENSMUSG00000025892-C,2-Cyanobenzaldehyde,,-1.0,,-1.0,,1,-1,-1,-1
ENSMUSG00000025892-C,2-Methyl-3-pentanol,,-1.0,,-1.0,1.0,1,-1,-1,-1
ENSMUSG00000025892-C,5-Nitroso-8-quinolinol,,,,1.0,,1,-1,-1,-1
ENSMUSG00000025892-C,"6-Methoxy-1-methyl-1,2,3,4-tetrahydroisoquinolin-7-ol",,,,-1.0,,1,-1,-1,-1
ENSMUSG00000025892-C,Benzeneacetic acid,,,,-1.0,,1,-1,-1,-1
ENSMUSG00000025892-C,Tyr-Val,,,,-1.0,,1,-1,-1,-1
ENSMUSG00000025909-C,"1,2-Bis(trimethylsiloxy)cyclohexene",,,,1.0,,1,-1,-1,-1
ENSMUSG00000025909-C,"3,3-Dimethylacrylic acid",,,,-1.0,,1,-1,-1,-1
ENSMUSG00000025909-C,5-Nitroso-8-quinolinol,,,,1.0,,1,-1,-1,-1
ENSMUSG00000025909-C,"6-Methoxy-1-methyl-1,2,3,4-tetrahydroisoquinolin-7-ol",,,,-1.0,,1,-1,-1,-1
ENSMUSG00000025909-C,6-Nitroveratryl alcohol,,,,1.0,,1,-1,-1,-1
ENSMUSG00000025909-C,"9Z-Octadecenoic acid, (2S)-3-[(hydroxymercaptophosphinyl)oxy]-2-methoxypropyl ester",,,,-1.0,,1,-1,-1,-1
ENSMUSG00000025909-C,Octadecanoic acid,,,,1.0,,1,-1,-1,-1
ENSMUSG00000026017-C,"2'-Hydroxy-2,4,4',5-tetramethoxychalcone",,-1.0,,-0.9636241116594316,-1.0,1,1,1,1
ENSMUSG00000026017-C,"3,3-Dimethylacrylic acid",,,,1.0,,1,-1,-1,-1
ENSMUSG00000026017-C,"4,5-Dihydro-1H-pyrazole",,,,1.0,,1,-1,-1,-1
ENSMUSG00000026017-C,"5-Chlorovaleric acid, nonyl ester",,-0.5,-1.0,-0.9221722216732094,,1,-1,-1,-1
ENSMUSG00000026017-C,"6-Methoxy-1-methyl-1,2,3,4-tetrahydroisoquinolin-7-ol",,,,1.0,,1,-1,-1,-1
ENSMUSG00000026017-C,Adenine,,-1.0,-1.0,-1.0,,1,-1,-1,-1
ENSMUSG00000026017-C,Benzeneacetic acid,,,,-1.0,,1,-1,-1,-1
ENSMUSG00000026017-C,Oxalic acid,,-0.5,-0.8660254037844387,-0.9456108576893004,,1,-1,-1,-1
ENSMUSG00000026017-C,Vanillylmandelic acid,,,-1.0,-1.0,1.0,1,-1,-1,-1
ENSMUSG00000026088-C,"1,2-Bis(trimethylsiloxy)cyclohexene",,,,1.0,,1,-1,-1,-1
ENSMUSG00000026088-C,"1-Heptanol, 2-propyl-",,-1.0,,-1.0,,1,-1,-1,-1
ENSMUSG00000026088-C,"2-Butene-1,4-diol",,,,-1.0,,1,-1,-1,-1
ENSMUSG00000026088-C,2-Cyanobenzaldehyde,,-1.0,,-1.0,,1,-1,-1,-1
ENSMUSG00000026088-C,"2-Methylcyclohexylamine, tert.-butyldimethylsilyl ether",,,,1.0,,1,-1,-1,-1
ENSMUSG00000026088-C,Chlorobenzilate,,,,-1.0,,1,-1,-1,-1
ENSMUSG00000026088-C,Diclofenac,,,,1.0,,1,-1,-1,-1
ENSMUSG00000026088-C,Trimethylolpropane,,,,1.0,1.0,1,1,1,1
ENSMUSG00000026103-C,1-Octadecanol,,,,-1.0,1.0,1,-1,-1,-1
ENSMUSG00000026103-C,"2-Butene-1,4-diol",,,,1.0,,1,-1,-1,-1
ENSMUSG00000026103-C,"2-Methylcyclohexanol, (Z)",,-1.0,-0.8660254037844387,-0.9271050693011064,,1,-1,-1,-1
ENSMUSG00000026103-C,"3,3-Dimethylacrylic acid",,,,1.0,,1,-1,-1,-1
ENSMUSG00000026103-C,"4,5-Dihydro-1H-pyrazole",,,,1.0,,1,-1,-1,-1
ENSMUSG00000026103-C,"Benzenesulfonamide, N-butyl",,-1.0,-1.0,-0.9700772721497396,,1,-1,-1,-1
ENSMUSG00000026103-C,"Cytosine, N-(tert-butyldimethylsilyl)-",,-1.0,-1.0,-0.9700772721497396,,1,-1,-1,-1
ENSMUSG00000026103-C,"Dodecanoic acid, 1-methylethyl ester",,-1.0,-1.0,-0.9761904761904764,,1,-1,-1,-1
ENSMUSG00000026103-C,Frangulin,,,,-1.0,-1.0,1,1,1,1
ENSMUSG00000026103-C,Isopropyl palmitate,,-1.0,-1.0,-0.9523809523809524,,1,-1,-1,-1
ENSMUSG00000026103-C,L-Alanine,,-1.0,-0.8660254037844387,-0.934148484292342,,1,-1,-1,-1
ENSMUSG00000026103-C,L-Ornithine,,,,1.0,,1,-1,-1,-1
ENSMUSG00000026103-C,Luciferin,,,,-1.0,,1,-1,-1,-1
ENSMUSG00000026103-C,Norketamine,,-1.0,-1.0,-0.9461247469114746,-1.0,1,1,1,1
ENSMUSG00000026103-C,Octadecanoic acid,,,,-1.0,,1,-1,-1,-1
ENSMUSG00000026197-C,"1,2-Bis(trimethylsiloxy)cyclohexene",,,,-1.0,,1,-1,-1,-1
ENSMUSG00000026197-C,"1-Heptanol, 2-propyl-",,-1.0,,-1.0,,1,-1,-1,-1
ENSMUSG00000026197-C,2-Cyanobenzaldehyde,,-1.0,,-1.0,,1,-1,-1,-1
ENSMUSG00000026197-C,Chlorobenzilate,,,,-1.0,,1,-1,-1,-1
ENSMUSG00000026197-C,Glycine,,-1.0,-1.0,-1.0,-1.0,1,1,1,1
ENSMUSG00000026197-C,"Glycine, tert.-butyldimethylsilyl ester",,-1.0,-1.0,-0.934148484292342,-1.0,1,1,1,1
ENSMUSG00000026197-C,L-Ornithine,,,,1.0,,1,-1,-1,-1
ENSMUSG00000026197-C,Octadecanoic acid,,,,-1.0,,1,-1,-1,-1
ENSMUSG00000026234-C,"2-Butene-1,4-diol",,,,1.0,,1,-1,-1,-1
ENSMUSG00000026234-C,"4,5-Dihydro-1H-pyrazole",,,,-1.0,,1,-1,-1,-1
ENSMUSG00000026234-C,Luciferin,,,,-1.0,,1,-1,-1,-1
ENSMUSG00000026361-C,"1-Heptanol, 2-propyl-",,-1.0,,-1.0,,1,-1,-1,-1
ENSMUSG00000026361-C,2-Cyanobenzaldehyde,,-1.0,,-1.0,,1,-1,-1,-1
ENSMUSG00000026361-C,"4,5-Dihydro-1H-pyrazole",,,,1.0,,1,-1,-1,-1
ENSMUSG00000026361-C,Benzeneacetic acid,,,,-1.0,,1,-1,-1,-1
ENSMUSG00000026361-C,Chlorobenzilate,,,,-1.0,,1,-1,-1,-1
ENSMUSG00000026361-C,Monocaproin,,,,1.0,,1,-1,-1,-1
ENSMUSG00000026361-C,Sulindac,,,,1.0,,1,-1,-1,-1
ENSMUSG00000026361-C,Tyr-Val,,,,-1.0,,1,-1,-1,-1
ENSMUSG00000026365-C,"1-Heptanol, 2-propyl-",,1.0,,1.0,,1,-1,-1,-1
ENSMUSG00000026365-C,"2-Butene-1,4-diol",,,,-1.0,,1,-1,-1,-1
ENSMUSG00000026365-C,"2-Methylcyclohexylamine, tert.-butyldimethylsilyl ether",,,,-1.0,,1,-1,-1,-1
ENSMUSG00000026365-C,"3,3-Dimethylacrylic acid",,,,1.0,,1,-1,-1,-1
ENSMUSG00000026365-C,"4,5-Dihydro-1H-pyrazole",,,,1.0,,1,-1,-1,-1
ENSMUSG00000026365-C,5-Nitroso-8-quinolinol,,,,1.0,,1,-1,-1,-1
ENSMUSG00000026365-C,Adipoyl-L-carnitine,,,,-1.0,,1,-1,-1,-1
ENSMUSG00000026365-C,Octanoic acid,,,,1.0,,1,-1,-1,-1
ENSMUSG00000026365-C,Tyr-Val,,,,-1.0,,1,-1,-1,-1
ENSMUSG00000026384-C,"1-(2,5-Dimethoxyphenyl)-1-[(trimethylsilyl)oxy]propan-2-amine",,-0.5,-1.0,-0.9523809523809524,,1,-1,-1,-1
ENSMUSG00000026384-C,"2-Butene-1,4-diol",,,,1.0,,1,-1,-1,-1
ENSMUSG00000026384-C,"3,3-Dimethylacrylic acid",,,,1.0,,1,-1,-1,-1
ENSMUSG00000026384-C,5-Nitroso-8-quinolinol,,,,1.0,,1,-1,-1,-1
ENSMUSG00000026389-C,"1,2-Bis(trimethylsiloxy)cyclohexene",,,,1.0,,1,-1,-1,-1
ENSMUSG00000026389-C,"9Z-Octadecenoic acid, (2S)-3-[(hydroxymercaptophosphinyl)oxy]-2-methoxypropyl ester",,,,1.0,,1,-1,-1,-1
ENSMUSG00000026389-C,Ketamine,,1.0,1.0,0.9700772721497396,-1.0,1,-1,-1,-1
ENSMUSG00000026421-C,"1-Heptanol, 2-propyl-",,-1.0,,-1.0,,1,-1,-1,-1
ENSMUSG00000026421-C,2-Cyanobenzaldehyde,,-1.0,,-1.0,,1,-1,-1,-1
ENSMUSG00000026421-C,alpha-Hydroxyisobutyric acid,,-1.0,,-1.0,,1,-1,-1,-1
ENSMUSG00000026421-C,Azelaic acid,,-0.5,-1.0,-0.9523809523809524,-1.0,1,1,1,1
ENSMUSG00000026421-C,L-Glutamic acid,,,,-1.0,,1,-1,-1,-1
ENSMUSG00000026421-C,Octanoic acid,,,,-1.0,,1,-1,-1,-1
ENSMUSG00000026421-C,Sulindac,,,,-1.0,,1,-1,-1,-1
ENSMUSG00000026421-C,Tyr-Val,,,,1.0,,1,-1,-1,-1
ENSMUSG00000026466-C,"1-Heptanol, 2-propyl-",,1.0,,1.0,,1,-1,-1,-1
ENSMUSG00000026466-C,"3,3-Dimethylacrylic acid",,,,1.0,,1,-1,-1,-1
ENSMUSG00000026466-C,"4,5-Dihydro-1H-pyrazole",,,,1.0,,1,-1,-1,-1
ENSMUSG00000026466-C,"6-Methoxy-1-methyl-1,2,3,4-tetrahydroisoquinolin-7-ol",,,,1.0,,1,-1,-1,-1
ENSMUSG00000026466-C,Tyr-Val,,,,-1.0,,1,-1,-1,-1
ENSMUSG00000026469-C,"4,5-Dihydro-1H-pyrazole",,,,1.0,,1,-1,-1,-1
ENSMUSG00000026469-C,Benzeneacetic acid,,,,-1.0,,1,-1,-1,-1
ENSMUSG00000026469-C,Luciferin,,,,-1.0,,1,-1,-1,-1
ENSMUSG00000026469-C,Octanoic acid,,,,-1.0,,1,-1,-1,-1
ENSMUSG00000026469-C,Sulindac,,,,-1.0,,1,-1,-1,-1
ENSMUSG00000026469-C,Tyr-Val,,,,-1.0,,1,-1,-1,-1
ENSMUSG00000026490-C,"2-Methylcyclohexanol, (Z)",,-1.0,0.0,-0.9271050693011064,,1,-1,-1,-1
ENSMUSG00000026490-C,Adipoyl-L-carnitine,,,,-1.0,,1,-1,-1,-1
ENSMUSG00000026490-C,Benzeneacetic acid,,,,-1.0,,1,-1,-1,-1
ENSMUSG00000026490-C,Luciferin,,,,-1.0,,1,-1,-1,-1
ENSMUSG00000026490-C,Tyr-Val,,,,-1.0,,1,-1,-1,-1
ENSMUSG00000026495-C,"2-Methylcyclohexanol, (Z)",,-1.0,-0.8660254037844387,-0.95150257112482,,1,-1,-1,-1
ENSMUSG00000026495-C,"4,5-Dihydro-1H-pyrazole",,,,1.0,,1,-1,-1,-1
ENSMUSG00000026495-C,Chlorobenzilate,,,,-1.0,,1,-1,-1,-1
ENSMUSG00000026495-C,L-Alanine,,-1.0,-0.8660254037844387,-0.9221722216732094,,1,-1,-1,-1
ENSMUSG00000026495-C,L-Ornithine,,,,1.0,,1,-1,-1,-1
ENSMUSG00000026495-C,Octadecanoic acid,,,,-1.0,,1,-1,-1,-1
ENSMUSG00000026510-C,"1,2-Bis(trimethylsiloxy)cyclohexene",,,,1.0,,1,-1,-1,-1
ENSMUSG00000026510-C,"1-Heptanol, 2-propyl-",,1.0,,1.0,,1,-1,-1,-1
ENSMUSG00000026510-C,"2-Butene-1,4-diol",,,,1.0,,1,-1,-1,-1
ENSMUSG00000026510-C,Chlorobenzilate,,,,1.0,,1,-1,-1,-1
ENSMUSG00000026510-C,L-Serine,,,,1.0,,1,-1,-1,-1
ENSMUSG00000026510-C,Octadecanoic acid,,,,1.0,,1,-1,-1,-1
ENSMUSG00000026510-C,Sulindac,,,,-1.0,,1,-1,-1,-1
ENSMUSG00000026576-C,"1-Heptanol, 2-propyl-",,-1.0,,-1.0,,1,-1,-1,-1
ENSMUSG00000026576-C,2-Cyanobenzaldehyde,,-1.0,,-1.0,,1,-1,-1,-1
ENSMUSG00000026576-C,"4,5-Dihydro-1H-pyrazole",,,,1.0,,1,-1,-1,-1
ENSMUSG00000026576-C,alpha-Hydroxyisobutyric acid,,-1.0,,-1.0,,1,-1,-1,-1
ENSMUSG00000026576-C,L-Glutamic acid,,,,-1.0,,1,-1,-1,-1
ENSMUSG00000026576-C,Luciferin,,,,-1.0,,1,-1,-1,-1
ENSMUSG00000026576-C,Octadecanoic acid,,,,-1.0,,1,-1,-1,-1
ENSMUSG00000026576-C,Octanoic acid,,,,-1.0,,1,-1,-1,-1
ENSMUSG00000026576-C,Sulindac,,,,-1.0,,1,-1,-1,-1
ENSMUSG00000026589-C,Benzeneacetic acid,,,,-1.0,,1,-1,-1,-1
ENSMUSG00000026589-C,Chlorobenzilate,,,,-1.0,,1,-1,-1,-1
ENSMUSG00000026589-C,Cholesterol,,1.0,0.8660254037844387,0.9759000729485332,1.0,1,1,1,1
ENSMUSG00000026589-C,Phenol,,-0.5,-0.8660254037844387,-0.9271050693011064,,1,-1,-1,-1
ENSMUSG00000026589-C,Tyr-Val,,,,-1.0,,1,-1,-1,-1
ENSMUSG00000026600-C,5-Nitroso-8-quinolinol,,,,1.0,,1,-1,-1,-1
ENSMUSG00000026600-C,"6-Methoxy-1-methyl-1,2,3,4-tetrahydroisoquinolin-7-ol",,,,-1.0,,1,-1,-1,-1
ENSMUSG00000026600-C,Benzeneacetic acid,,,,-1.0,,1,-1,-1,-1
ENSMUSG00000026600-C,"l-Leucine, n-butoxycarbonyl-N-methyl-, hexadecyl ester",,,,-1.0,,1,-1,-1,-1
ENSMUSG00000026600-C,Sulindac,,,,-1.0,,1,-1,-1,-1
ENSMUSG00000026628-C,"2,5-Bis((tert-butyldimethylsilyl)oxy)-4,4-dimethyl-4H-imidazole",,-1.0,,-0.9856107606091624,1.0,1,-1,-1,-1
ENSMUSG00000026628-C,"2-Butene-1,4-diol",,,,-1.0,,1,-1,-1,-1
ENSMUSG00000026628-C,Sulindac,,,,1.0,,1,-1,-1,-1
ENSMUSG00000026678-C,"2-Methylcyclohexylamine, tert.-butyldimethylsilyl ether",,,,1.0,,1,-1,-1,-1
ENSMUSG00000026678-C,Benzeneacetic acid,,,,-1.0,,1,-1,-1,-1
ENSMUSG00000026678-C,Octanoic acid,,,,-1.0,,1,-1,-1,-1
ENSMUSG00000026678-C,Sulindac,,,,-1.0,,1,-1,-1,-1
ENSMUSG00000026723-C,"2,4,6-Cycloheptatrien-1-one",,,,1.0,-1.0,1,-1,-1,-1
ENSMUSG00000026723-C,"3,3-Dimethylacrylic acid",,,,1.0,,1,-1,-1,-1
ENSMUSG00000026723-C,"9Z-Octadecenoic acid, (2S)-3-[(hydroxymercaptophosphinyl)oxy]-2-methoxypropyl ester",,,,1.0,,1,-1,-1,-1
ENSMUSG00000026723-C,Octadecanoic acid,,,,-1.0,,1,-1,-1,-1
ENSMUSG00000026765-C,"1-Heptanol, 2-propyl-",,-1.0,,-1.0,,1,-1,-1,-1
ENSMUSG00000026765-C,"2-Methylcyclohexylamine, tert.-butyldimethylsilyl ether",,,,1.0,,1,-1,-1,-1
ENSMUSG00000026765-C,"4,5-Dihydro-1H-pyrazole",,,,-1.0,,1,-1,-1,-1
ENSMUSG00000026765-C,Luciferin,,,,-1.0,,1,-1,-1,-1
ENSMUSG00000026765-C,Octanoic acid,,,,-1.0,,1,-1,-1,-1
ENSMUSG00000026765-C,Sulindac,,,,1.0,,1,-1,-1,-1
ENSMUSG00000026771-C,Benzeneacetic acid,,,,-1.0,,1,-1,-1,-1
ENSMUSG00000026771-C,Chlorobenzilate,,,,1.0,,1,-1,-1,-1
ENSMUSG00000026771-C,"l-Leucine, n-butoxycarbonyl-N-methyl-, hexadecyl ester",,,,-1.0,,1,-1,-1,-1
ENSMUSG00000026771-C,L-Threonine,,,,-1.0,-1.0,1,1,1,1
ENSMUSG00000026771-C,Luciferin,,,,-1.0,,1,-1,-1,-1
ENSMUSG00000026771-C,Tyr-Val,,,,-1.0,,1,-1,-1,-1
ENSMUSG00000026785-C,"1-Heptanol, 2-propyl-",,1.0,,1.0,,1,-1,-1,-1
ENSMUSG00000026785-C,2-Cyanobenzaldehyde,,1.0,,1.0,,1,-1,-1,-1
ENSMUSG00000026785-C,5-Nitroso-8-quinolinol,,,,-1.0,,1,-1,-1,-1
ENSMUSG00000026785-C,Sulindac,,,,-1.0,,1,-1,-1,-1
ENSMUSG00000026925-C,"2-Butene-1,4-diol",,,,-1.0,,1,-1,-1,-1
ENSMUSG00000026925-C,"3,3-Dimethylacrylic acid",,,,1.0,,1,-1,-1,-1
ENSMUSG00000026925-C,"4,5-Dihydro-1H-pyrazole",,,,1.0,,1,-1,-1,-1
ENSMUSG00000026925-C,"6-Methoxy-1-methyl-1,2,3,4-tetrahydroisoquinolin-7-ol",,,,1.0,,1,-1,-1,-1
ENSMUSG00000026925-C,Benzeneacetic acid,,,,-1.0,,1,-1,-1,-1
ENSMUSG00000026925-C,L-Threonine,,,,-1.0,-1.0,1,1,1,1
ENSMUSG00000026925-C,Lupinine,,-1.0,,-1.0,,1,-1,-1,-1
ENSMUSG00000026925-C,Sulindac,,,,1.0,,1,-1,-1,-1
ENSMUSG00000026925-C,Tyr-Val,,,,-1.0,,1,-1,-1,-1
ENSMUSG00000027010-C,5-Nitroso-8-quinolinol,,,,-1.0,,1,-1,-1,-1
ENSMUSG00000027010-C,"6-Methoxy-1-methyl-1,2,3,4-tetrahydroisoquinolin-7-ol",,,,1.0,,1,-1,-1,-1
ENSMUSG00000027010-C,6-Nitroveratryl alcohol,,,,-1.0,,1,-1,-1,-1
ENSMUSG00000027010-C,Chlorobenzilate,,,,-1.0,,1,-1,-1,-1
ENSMUSG00000027010-C,"l-Leucine, n-butoxycarbonyl-N-methyl-, hexadecyl ester",,,,1.0,,1,-1,-1,-1
ENSMUSG00000027109-C,"2-Butene-1,4-diol",,,,1.0,,1,-1,-1,-1
ENSMUSG00000027109-C,"3,3-Dimethylacrylic acid",,,,1.0,,1,-1,-1,-1
ENSMUSG00000027109-C,3-Hydroxymethyl-2-trimethylsilyloxypentane,,1.0,,1.0,,1,-1,-1,-1
ENSMUSG00000027109-C,5-Nitroso-8-quinolinol,,,,1.0,,1,-1,-1,-1
ENSMUSG00000027109-C,"6-Methoxy-1-methyl-1,2,3,4-tetrahydroisoquinolin-7-ol",,,,-1.0,,1,-1,-1,-1
ENSMUSG00000027109-C,Adipoyl-L-carnitine,,,,1.0,,1,-1,-1,-1
ENSMUSG00000027109-C,Chlorobenzilate,,,,1.0,,1,-1,-1,-1
ENSMUSG00000027109-C,"l-Leucine, n-butoxycarbonyl-N-methyl-, hexadecyl ester",,,,-1.0,,1,-1,-1,-1
ENSMUSG00000027253-C,2-Propyl-1-pentanol,,-1.0,-1.0,-0.9642857142857144,-1.0,1,1,1,1
ENSMUSG00000027253-C,"3,3-Dimethylacrylic acid",,,,1.0,,1,-1,-1,-1
ENSMUSG00000027253-C,"4,5-Dihydro-1H-pyrazole",,,,1.0,,1,-1,-1,-1
ENSMUSG00000027253-C,"6-Methoxy-1-methyl-1,2,3,4-tetrahydroisoquinolin-7-ol",,,,1.0,,1,-1,-1,-1
ENSMUSG00000027253-C,Benzeneacetic acid,,,,-1.0,,1,-1,-1,-1
ENSMUSG00000027253-C,Chlorobenzilate,,,,-1.0,,1,-1,-1,-1
ENSMUSG00000027253-C,L-Threonine,,,,1.0,-1.0,1,-1,-1,-1
ENSMUSG00000027253-C,Tyr-Val,,,,-1.0,,1,-1,-1,-1
ENSMUSG00000027291-C,5-Nitroso-8-quinolinol,,,,-1.0,,1,-1,-1,-1
ENSMUSG00000027291-C,6-Nitroveratryl alcohol,,,,-1.0,,1,-1,-1,-1
ENSMUSG00000027291-C,Benzeneacetic acid,,,,-1.0,,1,-1,-1,-1
ENSMUSG00000027291-C,"Benzoic acid, methyl ester",,-0.5,-0.5,-0.9285714285714288,,1,-1,-1,-1
ENSMUSG00000027291-C,Chlorobenzilate,,,,-1.0,,1,-1,-1,-1
ENSMUSG00000027291-C,L-Serine,,,,1.0,,1,-1,-1,-1
ENSMUSG00000027291-C,L-Threonine,,,,1.0,1.0,1,1,1,1
ENSMUSG00000027291-C,N-Ethylamphetamine,,-1.0,,-0.9549937104572924,,1,-1,-1,-1
ENSMUSG00000027291-C,Octadecanoic acid,,,,1.0,,1,-1,-1,-1
ENSMUSG00000027291-C,Sulindac,,,,-1.0,,1,-1,-1,-1
ENSMUSG00000027331-C,5-Nitroso-8-quinolinol,,,,1.0,,1,-1,-1,-1
ENSMUSG00000027331-C,"6-Methoxy-1-methyl-1,2,3,4-tetrahydroisoquinolin-7-ol",,,,-1.0,,1,-1,-1,-1
ENSMUSG00000027361-C,"4,5-Dihydro-1H-pyrazole",,,,1.0,,1,-1,-1,-1
ENSMUSG00000027361-C,Chlorobenzilate,,,,-1.0,,1,-1,-1,-1
ENSMUSG00000027361-C,Octadecanoic acid,,,,-1.0,,1,-1,-1,-1
ENSMUSG00000027361-C,Sulindac,,,,-1.0,,1,-1,-1,-1
ENSMUSG00000027408-C,"1-Heptanol, 2-propyl-",,-1.0,,-1.0,,1,-1,-1,-1
ENSMUSG00000027408-C,alpha-Hydroxyisobutyric acid,,-1.0,,-1.0,,1,-1,-1,-1
ENSMUSG00000027408-C,"l-Leucine, n-butoxycarbonyl-N-methyl-, hexadecyl ester",,,,1.0,,1,-1,-1,-1
ENSMUSG00000027408-C,Octanoic acid,,,,-1.0,,1,-1,-1,-1
ENSMUSG00000027408-C,Tyr-Val,,,,1.0,,1,-1,-1,-1
ENSMUSG00000027569-C,"2-Butene-1,4-diol",,,,1.0,,1,-1,-1,-1
ENSMUSG00000027569-C,"3,3-Dimethylacrylic acid",,,,1.0,,1,-1,-1,-1
ENSMUSG00000027569-C,Benzeneacetic acid,,,,-1.0,,1,-1,-1,-1
ENSMUSG00000027569-C,Chlorobenzilate,,,,1.0,,1,-1,-1,-1
ENSMUSG00000027569-C,Luciferin,,,,-1.0,,1,-1,-1,-1
ENSMUSG00000027569-C,Tyr-Val,,,,-1.0,,1,-1,-1,-1
ENSMUSG00000027612-C,"4,5-Dihydro-1H-pyrazole",,,,-1.0,,1,-1,-1,-1
ENSMUSG00000027612-C,L-Threonine,,,,1.0,1.0,1,1,1,1
ENSMUSG00000027612-C,Lupinine,,1.0,,1.0,,1,-1,-1,-1
ENSMUSG00000027612-C,Tyr-Val,,,,1.0,,1,-1,-1,-1
ENSMUSG00000027642-C,"1,2-Bis(trimethylsiloxy)cyclohexene",,,,-1.0,,1,-1,-1,-1
ENSMUSG00000027642-C,Chlorobenzilate,,,,-1.0,,1,-1,-1,-1
ENSMUSG00000027642-C,L-Threonine,,,,1.0,1.0,1,1,1,1
ENSMUSG00000027642-C,Octadecanoic acid,,,,-1.0,,1,-1,-1,-1
ENSMUSG00000027642-C,Sulindac,,,,-1.0,,1,-1,-1,-1
ENSMUSG00000027737-C,"2-Butene-1,4-diol",,,,-1.0,,1,-1,-1,-1
ENSMUSG00000027737-C,Tyr-Val,,,,-1.0,,1,-1,-1,-1
ENSMUSG00000027861-C,"1,2-Bis(trimethylsiloxy)cyclohexene",,,,1.0,,1,-1,-1,-1
ENSMUSG00000027861-C,5-Nitroso-8-quinolinol,,,,1.0,,1,-1,-1,-1
ENSMUSG00000027861-C,"6-Methoxy-1-methyl-1,2,3,4-tetrahydroisoquinolin-7-ol",,,,-1.0,,1,-1,-1,-1
ENSMUSG00000027861-C,Benzeneacetic acid,,,,-1.0,,1,-1,-1,-1
ENSMUSG00000027861-C,L-Serine,,,,1.0,,1,-1,-1,-1
ENSMUSG00000027861-C,Octadecanoic acid,,,,1.0,,1,-1,-1,-1
ENSMUSG00000027887-C,"2-Butene-1,4-diol",,,,-1.0,,1,-1,-1,-1
ENSMUSG00000027887-C,"4,5-Dihydro-1H-pyrazole",,,,1.0,,1,-1,-1,-1
ENSMUSG00000027887-C,Tyr-Val,,,,-1.0,,1,-1,-1,-1
ENSMUSG00000028015-C,"1-Heptanol, 2-propyl-",,1.0,,1.0,,1,-1,-1,-1
ENSMUSG00000028015-C,"2-Butene-1,4-diol",,,,1.0,,1,-1,-1,-1
ENSMUSG00000028015-C,"3,3-Dimethylacrylic acid",,,,1.0,,1,-1,-1,-1
ENSMUSG00000028015-C,5-Nitroso-8-quinolinol,,,,1.0,,1,-1,-1,-1
ENSMUSG00000028015-C,"6-Methoxy-1-methyl-1,2,3,4-tetrahydroisoquinolin-7-ol",,,,-1.0,,1,-1,-1,-1
ENSMUSG00000028015-C,Chlorobenzilate,,,,1.0,,1,-1,-1,-1
ENSMUSG00000028015-C,Trimethylolpropane,,,,-1.0,-1.0,1,1,1,1
ENSMUSG00000028015-C,Tyr-Val,,,,-1.0,,1,-1,-1,-1
ENSMUSG00000028068-C,1-Octadecanol,,,,1.0,1.0,1,1,1,1
ENSMUSG00000028068-C,"2-Butene-1,4-diol",,,,-1.0,,1,-1,-1,-1
ENSMUSG00000028068-C,Benzeneacetic acid,,,,-1.0,,1,-1,-1,-1
ENSMUSG00000028068-C,"L-Histidine, N,1-bis(tert-butyldimethylsilyl)-",,1.0,1.0,0.9761904761904764,,1,-1,-1,-1
ENSMUSG00000028068-C,Lupinine,,1.0,,1.0,,1,-1,-1,-1
ENSMUSG00000028068-C,"Oxymorphone, bis(trimethylsilyl) ether",,0.8660254037844387,,0.9549937104572924,,1,-1,-1,-1
ENSMUSG00000028068-C,Prostaglandin,,,1.0,1.0,,1,-1,-1,-1
ENSMUSG00000028068-C,Trimethylolpropane,,,,1.0,-1.0,1,-1,-1,-1
ENSMUSG00000028068-C,Tyr-Val,,,,-1.0,,1,-1,-1,-1
ENSMUSG00000028080-C,"1,2-Bis(trimethylsiloxy)cyclohexene",,,,-1.0,,1,-1,-1,-1
ENSMUSG00000028080-C,"1-Heptanol, 2-propyl-",,1.0,,1.0,,1,-1,-1,-1
ENSMUSG00000028080-C,"3,3-Dimethylacrylic acid",,,,1.0,,1,-1,-1,-1
ENSMUSG00000028080-C,Sulindac,,,,-1.0,,1,-1,-1,-1
ENSMUSG00000028080-C,Tyr-Val,,,,-1.0,,1,-1,-1,-1
ENSMUSG00000028180-C,L-Ornithine,,,,1.0,,1,-1,-1,-1
ENSMUSG00000028180-C,Luciferin,,,,-1.0,,1,-1,-1,-1
ENSMUSG00000028180-C,Octadecanoic acid,,,,-1.0,,1,-1,-1,-1
ENSMUSG00000028180-C,Sulindac,,,,1.0,,1,-1,-1,-1
ENSMUSG00000028261-C,"1,2-Bis(trimethylsiloxy)cyclohexene",,,,-1.0,,1,-1,-1,-1
ENSMUSG00000028261-C,"1-Heptanol, 2-propyl-",,-1.0,,-1.0,,1,-1,-1,-1
ENSMUSG00000028261-C,2-Cyanobenzaldehyde,,-1.0,,-1.0,,1,-1,-1,-1
ENSMUSG00000028261-C,Benzeneacetic acid,,,,-1.0,,1,-1,-1,-1
ENSMUSG00000028261-C,Chlorobenzilate,,,,-1.0,,1,-1,-1,-1
ENSMUSG00000028261-C,L-Glutamic acid,,,,-1.0,,1,-1,-1,-1
ENSMUSG00000028261-C,Sulindac,,,,-1.0,,1,-1,-1,-1
ENSMUSG00000028334-C,5-Nitroso-8-quinolinol,,,,-1.0,,1,-1,-1,-1
ENSMUSG00000028334-C,"6-Methoxy-1-methyl-1,2,3,4-tetrahydroisoquinolin-7-ol",,,,1.0,,1,-1,-1,-1
ENSMUSG00000028334-C,6-Nitroveratryl alcohol,,,,-1.0,,1,-1,-1,-1
ENSMUSG00000028334-C,"l-Leucine, n-butoxycarbonyl-N-methyl-, hexadecyl ester",,,,1.0,,1,-1,-1,-1
ENSMUSG00000028334-C,Octanoic acid,,,,-1.0,,1,-1,-1,-1
ENSMUSG00000028334-C,Sulindac,,,,-1.0,,1,-1,-1,-1
ENSMUSG00000028334-C,Tyr-Val,,,,1.0,,1,-1,-1,-1
ENSMUSG00000028443-C,"2-Butene-1,4-diol",,,,-1.0,,1,-1,-1,-1
ENSMUSG00000028443-C,"4,5-Dihydro-1H-pyrazole",,,,1.0,,1,-1,-1,-1
ENSMUSG00000028443-C,L-Glutamic acid,,,,-1.0,,1,-1,-1,-1
ENSMUSG00000028443-C,"L-Histidine, N,1-bis(tert-butyldimethylsilyl)-",,1.0,0.5,0.9523809523809524,,1,-1,-1,-1
ENSMUSG00000028443-C,Lupinine,,1.0,,1.0,,1,-1,-1,-1
ENSMUSG00000028443-C,Octadecanoic acid,,,,-1.0,,1,-1,-1,-1
ENSMUSG00000028443-C,"Oxymorphone, bis(trimethylsilyl) ether",,0.8660254037844387,,0.9910312089651148,,1,-1,-1,-1
ENSMUSG00000028443-C,Trimethylolpropane,,,,1.0,-1.0,1,-1,-1,-1
ENSMUSG00000028479-C,"1,2-Bis(trimethylsiloxy)cyclohexene",,,,-1.0,,1,-1,-1,-1
ENSMUSG00000028479-C,Benzeneacetic acid,,,,-1.0,,1,-1,-1,-1
ENSMUSG00000028479-C,Chlorobenzilate,,,,-1.0,,1,-1,-1,-1
ENSMUSG00000028479-C,L-Threonine,,,,1.0,1.0,1,1,1,1
ENSMUSG00000028479-C,Phenol,,-1.0,-0.5,-0.9285714285714288,,1,-1,-1,-1
ENSMUSG00000028479-C,Sulindac,,,,-1.0,,1,-1,-1,-1
ENSMUSG00000028494-C,"1-Heptanol, 2-propyl-",,1.0,,1.0,,1,-1,-1,-1
ENSMUSG00000028494-C,"2-Butene-1,4-diol",,,,-1.0,,1,-1,-1,-1
ENSMUSG00000028494-C,2-Ethyl-1-butanol,,1.0,,1.0,,1,-1,-1,-1
ENSMUSG00000028494-C,"3,3-Dimethylacrylic acid",,,,-1.0,,1,-1,-1,-1
ENSMUSG00000028494-C,"4,5-Dihydro-1H-pyrazole",,,,-1.0,,1,-1,-1,-1
ENSMUSG00000028494-C,5-Nitroso-8-quinolinol,,,,-1.0,,1,-1,-1,-1
ENSMUSG00000028494-C,"Benzene, 1,4-dimethoxy",,1.0,1.0,0.9221722216732094,-1.0,1,-1,-1,-1
ENSMUSG00000028494-C,DL-p-Hydroxyphenyllactic acid,,0.8660254037844387,1.0,0.9700772721497396,1.0,1,1,1,1
ENSMUSG00000028494-C,L-Serine,,,,1.0,,1,-1,-1,-1
ENSMUSG00000028494-C,Octadecanoic acid,,,,1.0,,1,-1,-1,-1
ENSMUSG00000028494-C,Pentanedioic acid,,1.0,,0.9642857142857144,,1,-1,-1,-1
ENSMUSG00000028494-C,Tyr-Val,,,,-1.0,,1,-1,-1,-1
ENSMUSG00000028517-C,"2-Butene-1,4-diol",,,,1.0,,1,-1,-1,-1
ENSMUSG00000028517-C,5-Nitroso-8-quinolinol,,,,1.0,,1,-1,-1,-1
ENSMUSG00000028517-C,"6-Methoxy-1-methyl-1,2,3,4-tetrahydroisoquinolin-7-ol",,,,-1.0,,1,-1,-1,-1
ENSMUSG00000028517-C,Adipoyl-L-carnitine,,,,1.0,,1,-1,-1,-1
ENSMUSG00000028517-C,"l-Leucine, n-butoxycarbonyl-N-methyl-, hexadecyl ester",,,,-1.0,,1,-1,-1,-1
ENSMUSG00000028580-C,"1-Heptanol, 2-propyl-",,-1.0,,-1.0,,1,-1,-1,-1
ENSMUSG00000028580-C,2-Buten-1-ol,,,,1.0,,1,-1,-1,-1
ENSMUSG00000028580-C,"2-Butene-1,4-diol",,,,1.0,,1,-1,-1,-1
ENSMUSG00000028580-C,2-Cyanobenzaldehyde,,-1.0,,-1.0,,1,-1,-1,-1
ENSMUSG00000028580-C,2-Methyl-3-pentanol,,-1.0,,-1.0,1.0,1,-1,-1,-1
ENSMUSG00000028580-C,"4,5-Dihydro-1H-pyrazole",,,,1.0,,1,-1,-1,-1
ENSMUSG00000028580-C,5-Nitroso-8-quinolinol,,,,1.0,,1,-1,-1,-1
ENSMUSG00000028580-C,Benzeneacetic acid,,,,-1.0,,1,-1,-1,-1
ENSMUSG00000028580-C,Levulinic acid,,-1.0,-1.0,-0.9277781834703688,,1,-1,-1,-1
ENSMUSG00000028639-C,"3,3-Dimethylacrylic acid",,,,1.0,,1,-1,-1,-1
ENSMUSG00000028639-C,5-Nitroso-8-quinolinol,,,,1.0,,1,-1,-1,-1
ENSMUSG00000028639-C,Benzeneacetic acid,,,,-1.0,,1,-1,-1,-1
ENSMUSG00000028639-C,L-Threonine,,,,1.0,-1.0,1,-1,-1,-1
ENSMUSG00000028639-C,Sulindac,,,,-1.0,,1,-1,-1,-1
ENSMUSG00000028649-C,"2-Butene-1,4-diol",,,,1.0,,1,-1,-1,-1
ENSMUSG00000028649-C,5-Nitroso-8-quinolinol,,,,1.0,,1,-1,-1,-1
ENSMUSG00000028649-C,"6-Methoxy-1-methyl-1,2,3,4-tetrahydroisoquinolin-7-ol",,,,-1.0,,1,-1,-1,-1
ENSMUSG00000028649-C,Benzeneacetic acid,,,,-1.0,,1,-1,-1,-1
ENSMUSG00000028649-C,Chlorobenzilate,,,,1.0,,1,-1,-1,-1
ENSMUSG00000028649-C,Lupinine,,1.0,,1.0,,1,-1,-1,-1
ENSMUSG00000028649-C,Tyr-Val,,,,-1.0,,1,-1,-1,-1
ENSMUSG00000028681-C,1-Octadecanol,,,,1.0,1.0,1,1,1,1
ENSMUSG00000028681-C,"2,5-Dimethoxyphenol",,-1.0,-1.0,-0.9285714285714288,1.0,1,-1,-1,-1
ENSMUSG00000028681-C,5-Nitroso-8-quinolinol,,,,1.0,,1,-1,-1,-1
ENSMUSG00000028681-C,Benzeneacetic acid,,,,-1.0,,1,-1,-1,-1
ENSMUSG00000028681-C,"l-Leucine, n-butoxycarbonyl-N-methyl-, hexadecyl ester",,,,-1.0,,1,-1,-1,-1
ENSMUSG00000028681-C,L-Threonine,,,,1.0,-1.0,1,-1,-1,-1
ENSMUSG00000028681-C,Sulindac,,,,-1.0,,1,-1,-1,-1
ENSMUSG00000028747-C,"1-Heptanol, 2-propyl-",,-1.0,,-1.0,,1,-1,-1,-1
ENSMUSG00000028747-C,5-Nitroso-8-quinolinol,,,,1.0,,1,-1,-1,-1
ENSMUSG00000028747-C,"9Z-Octadecenoic acid, (2S)-3-[(hydroxymercaptophosphinyl)oxy]-2-methoxypropyl ester",,,,-1.0,,1,-1,-1,-1
ENSMUSG00000028747-C,Benzeneacetic acid,,,,-1.0,,1,-1,-1,-1
ENSMUSG00000028795-C,"1-Heptanol, 2-propyl-",,-1.0,,-1.0,,1,-1,-1,-1
ENSMUSG00000028795-C,2-Cyanobenzaldehyde,,-1.0,,-1.0,,1,-1,-1,-1
ENSMUSG00000028795-C,"4,5-Dihydro-1H-pyrazole",,,,1.0,,1,-1,-1,-1
ENSMUSG00000028795-C,alpha-Hydroxyisobutyric acid,,-1.0,,-1.0,,1,-1,-1,-1
ENSMUSG00000028795-C,Benzeneacetic acid,,,,-1.0,,1,-1,-1,-1
ENSMUSG00000028795-C,L-Glutamic acid,,,,-1.0,,1,-1,-1,-1
ENSMUSG00000028795-C,Luciferin,,,,-1.0,,1,-1,-1,-1
ENSMUSG00000028795-C,Octanoic acid,,,,-1.0,,1,-1,-1,-1
ENSMUSG00000028795-C,Sulindac,,,,-1.0,,1,-1,-1,-1
ENSMUSG00000028795-C,Tyr-Val,,,,-1.0,,1,-1,-1,-1
ENSMUSG00000028811-C,5-Nitroso-8-quinolinol,,,,-1.0,,1,-1,-1,-1
ENSMUSG00000028811-C,6-Nitroveratryl alcohol,,,,-1.0,,1,-1,-1,-1
ENSMUSG00000028811-C,Chlorobenzilate,,,,-1.0,,1,-1,-1,-1
ENSMUSG00000028811-C,Tyr-Val,,,,1.0,,1,-1,-1,-1
ENSMUSG00000028838-C,"1-Heptanol, 2-propyl-",,-1.0,,-1.0,,1,-1,-1,-1
ENSMUSG00000028838-C,5-Nitroso-8-quinolinol,,,,-1.0,,1,-1,-1,-1
ENSMUSG00000028838-C,6-Nitroveratryl alcohol,,,,-1.0,,1,-1,-1,-1
ENSMUSG00000028838-C,Chlorobenzilate,,,,-1.0,,1,-1,-1,-1
ENSMUSG00000028838-C,L-Glutamic acid,,,,-1.0,,1,-1,-1,-1
ENSMUSG00000028967-C,"1,2-Bis(trimethylsiloxy)cyclohexene",,,,-1.0,,1,-1,-1,-1
ENSMUSG00000028967-C,"1-Heptanol, 2-propyl-",,1.0,,1.0,,1,-1,-1,-1
ENSMUSG00000028967-C,5-Nitroso-8-quinolinol,,,,-1.0,,1,-1,-1,-1
ENSMUSG00000028967-C,"6-Methoxy-1-methyl-1,2,3,4-tetrahydroisoquinolin-7-ol",,,,1.0,,1,-1,-1,-1
ENSMUSG00000028967-C,Sulindac,,,,-1.0,,1,-1,-1,-1
ENSMUSG00000028995-C,"1-Heptanol, 2-propyl-",,1.0,,1.0,,1,-1,-1,-1
ENSMUSG00000028995-C,"3,3-Dimethylacrylic acid",,,,1.0,,1,-1,-1,-1
ENSMUSG00000028995-C,Benzeneacetic acid,,,,-1.0,,1,-1,-1,-1
ENSMUSG00000028995-C,Chlorobenzilate,,,,1.0,,1,-1,-1,-1
ENSMUSG00000028995-C,Luciferin,,,,-1.0,,1,-1,-1,-1
ENSMUSG00000028995-C,Sulindac,,,,-1.0,,1,-1,-1,-1
ENSMUSG00000028995-C,Tyr-Val,,,,-1.0,,1,-1,-1,-1
ENSMUSG00000029020-C,"2-Methylcyclohexylamine, tert.-butyldimethylsilyl ether",,,,1.0,,1,-1,-1,-1
ENSMUSG00000029020-C,"4,5-Dihydro-1H-pyrazole",,,,-1.0,,1,-1,-1,-1
ENSMUSG00000029020-C,Chlorobenzilate,,,,-1.0,,1,-1,-1,-1
ENSMUSG00000029020-C,Nonanoic acid,,,1.0,1.0,1.0,1,1,1,1
ENSMUSG00000029131-C,"1-Heptanol, 2-propyl-",,-1.0,,-1.0,,1,-1,-1,-1
ENSMUSG00000029131-C,2-Cyanobenzaldehyde,,-1.0,,-1.0,,1,-1,-1,-1
ENSMUSG00000029131-C,5-Nitroso-8-quinolinol,,,,1.0,,1,-1,-1,-1
ENSMUSG00000029131-C,"6-Methoxy-1-methyl-1,2,3,4-tetrahydroisoquinolin-7-ol",,,,-1.0,,1,-1,-1,-1
ENSMUSG00000029131-C,Benzeneacetic acid,,,,-1.0,,1,-1,-1,-1
ENSMUSG00000029131-C,N-Acetyl-L-alanine,,-1.0,-0.5,-0.9277781834703688,1.0,1,-1,-1,-1
ENSMUSG00000029131-C,Sulindac,,,,1.0,,1,-1,-1,-1
ENSMUSG00000029131-C,Tyr-Val,,,,-1.0,,1,-1,-1,-1
ENSMUSG00000029276-C,"2-Butene-1,4-diol",,,,1.0,,1,-1,-1,-1
ENSMUSG00000029276-C,"3,3-Dimethylacrylic acid",,,,1.0,,1,-1,-1,-1
ENSMUSG00000029276-C,5-Nitroso-8-quinolinol,,,,1.0,,1,-1,-1,-1
ENSMUSG00000029276-C,"6-Methoxy-1-methyl-1,2,3,4-tetrahydroisoquinolin-7-ol",,,,-1.0,,1,-1,-1,-1
ENSMUSG00000029276-C,Chlorobenzilate,,,,1.0,,1,-1,-1,-1
ENSMUSG00000029276-C,Tyr-Val,,,,-1.0,,1,-1,-1,-1
ENSMUSG00000029279-C,"3,3-Dimethylacrylic acid",,,,1.0,,1,-1,-1,-1
ENSMUSG00000029279-C,5-Nitroso-8-quinolinol,,,,1.0,,1,-1,-1,-1
ENSMUSG00000029279-C,"9Z-Octadecenoic acid, (2S)-3-[(hydroxymercaptophosphinyl)oxy]-2-methoxypropyl ester",,,,-1.0,,1,-1,-1,-1
ENSMUSG00000029279-C,Chlorobenzilate,,,,1.0,,1,-1,-1,-1
ENSMUSG00000029279-C,L-Norleucine,,-1.0,,-1.0,,1,-1,-1,-1
ENSMUSG00000029279-C,L-Threonine,,,,-1.0,-1.0,1,1,1,1
ENSMUSG00000029279-C,N-Ethylamphetamine,,1.0,,0.9549937104572924,,1,-1,-1,-1
ENSMUSG00000029345-C,5-Nitroso-8-quinolinol,,,,-1.0,,1,-1,-1,-1
ENSMUSG00000029345-C,6-Nitroveratryl alcohol,,,,-1.0,,1,-1,-1,-1
ENSMUSG00000029345-C,"9Z-Octadecenoic acid, (2S)-3-[(hydroxymercaptophosphinyl)oxy]-2-methoxypropyl ester",,,,1.0,,1,-1,-1,-1
ENSMUSG00000029345-C,Chlorobenzilate,,,,-1.0,,1,-1,-1,-1
ENSMUSG00000029345-C,L-Threonine,,,,1.0,1.0,1,1,1,1
ENSMUSG00000029345-C,N-Ethylamphetamine,,-1.0,,-0.9910312089651148,,1,-1,-1,-1
ENSMUSG00000029348-C,5-Nitroso-8-quinolinol,,,,-1.0,,1,-1,-1,-1
ENSMUSG00000029348-C,6-Nitroveratryl alcohol,,,,-1.0,,1,-1,-1,-1
ENSMUSG00000029348-C,Azelaic acid,,-1.0,-1.0,-0.9523809523809524,-1.0,1,1,1,1
ENSMUSG00000029348-C,Octanoic acid,,,,-1.0,,1,-1,-1,-1
ENSMUSG00000029348-C,Sulindac,,,,-1.0,,1,-1,-1,-1
ENSMUSG00000029348-C,Tyr-Val,,,,1.0,,1,-1,-1,-1
ENSMUSG00000029461-C,"1-(2,5-Dimethoxyphenyl)-1-[(trimethylsilyl)oxy]propan-2-amine",,-1.0,-1.0,-0.9285714285714288,,1,-1,-1,-1
ENSMUSG00000029461-C,"1-Heptanol, 2-propyl-",,-1.0,,-1.0,,1,-1,-1,-1
ENSMUSG00000029461-C,2-Cyanobenzaldehyde,,-1.0,,-1.0,,1,-1,-1,-1
ENSMUSG00000029461-C,5-Nitroso-8-quinolinol,,,,1.0,,1,-1,-1,-1
ENSMUSG00000029461-C,"l-Leucine, n-butoxycarbonyl-N-methyl-, hexadecyl ester",,,,-1.0,,1,-1,-1,-1
ENSMUSG00000029513-C,"1-(4-Methoxyphenyl)-4,6-dimethyl-2(1H)-pyrimidinone",,-1.0,-1.0,-0.9910312089651148,1.0,1,-1,-1,-1
ENSMUSG00000029513-C,"1-Heptanol, 2-propyl-",,-1.0,,-1.0,,1,-1,-1,-1
ENSMUSG00000029513-C,Octadecanoic acid,,,,-1.0,,1,-1,-1,-1
ENSMUSG00000029513-C,Sulindac,,,,1.0,,1,-1,-1,-1
ENSMUSG00000029714-C,"2-Butene-1,4-diol",,,,1.0,,1,-1,-1,-1
ENSMUSG00000029714-C,"3,3-Dimethylacrylic acid",,,,1.0,,1,-1,-1,-1
ENSMUSG00000029714-C,3-Hydroxymethyl-2-trimethylsilyloxypentane,,1.0,,1.0,,1,-1,-1,-1
ENSMUSG00000029714-C,5-Nitroso-8-quinolinol,,,,1.0,,1,-1,-1,-1
ENSMUSG00000029714-C,"6-Methoxy-1-methyl-1,2,3,4-tetrahydroisoquinolin-7-ol",,,,-1.0,,1,-1,-1,-1
ENSMUSG00000029714-C,"l-Leucine, n-butoxycarbonyl-N-methyl-, hexadecyl ester",,,,-1.0,,1,-1,-1,-1
ENSMUSG00000029714-C,L-Threonine,,,,1.0,-1.0,1,-1,-1,-1
ENSMUSG00000029714-C,Sulindac,,,,-1.0,,1,-1,-1,-1
ENSMUSG00000029916-C,"1,2-Cyclohexanediol, (Z)",,1.0,1.0,0.981980506061966,,1,-1,-1,-1
ENSMUSG00000029916-C,5-Nitroso-8-quinolinol,,,,1.0,,1,-1,-1,-1
ENSMUSG00000029916-C,Chlorobenzilate,,,,1.0,,1,-1,-1,-1
ENSMUSG00000030002-C,"1-Heptanol, 2-propyl-",,1.0,,1.0,,1,-1,-1,-1
ENSMUSG00000030002-C,"2-Butene-1,4-diol",,,,1.0,,1,-1,-1,-1
ENSMUSG00000030002-C,"3,3-Dimethylacrylic acid",,,,1.0,,1,-1,-1,-1
ENSMUSG00000030002-C,5-Nitroso-8-quinolinol,,,,1.0,,1,-1,-1,-1
ENSMUSG00000030002-C,"6-Methoxy-1-methyl-1,2,3,4-tetrahydroisoquinolin-7-ol",,,,-1.0,,1,-1,-1,-1
ENSMUSG00000030002-C,Chlorobenzilate,,,,1.0,,1,-1,-1,-1
ENSMUSG00000030002-C,"l-Leucine, n-butoxycarbonyl-N-methyl-, hexadecyl ester",,,,-1.0,,1,-1,-1,-1
ENSMUSG00000030002-C,Trimethylolpropane,,,,-1.0,-1.0,1,1,1,1
ENSMUSG00000030016-C,5-Nitroso-8-quinolinol,,,,1.0,,1,-1,-1,-1
ENSMUSG00000030016-C,"6-Methoxy-1-methyl-1,2,3,4-tetrahydroisoquinolin-7-ol",,,,-1.0,,1,-1,-1,-1
ENSMUSG00000030016-C,Benzeneacetic acid,,,,-1.0,,1,-1,-1,-1
ENSMUSG00000030016-C,Chlorobenzilate,,,,1.0,,1,-1,-1,-1
ENSMUSG00000030016-C,L-Threonine,,,,-1.0,-1.0,1,1,1,1
ENSMUSG00000030016-C,Sulindac,,,,1.0,,1,-1,-1,-1
ENSMUSG00000030016-C,Tyr-Val,,,,-1.0,,1,-1,-1,-1
ENSMUSG00000030035-C,"1,2-Bis(trimethylsiloxy)cyclohexene",,,,1.0,,1,-1,-1,-1
ENSMUSG00000030035-C,"2-Butene-1,4-diol",,,,1.0,,1,-1,-1,-1
ENSMUSG00000030035-C,"6-Methoxy-1-methyl-1,2,3,4-tetrahydroisoquinolin-7-ol",,,,-1.0,,1,-1,-1,-1
ENSMUSG00000030035-C,L-Threonine,,,,1.0,1.0,1,1,1,1
ENSMUSG00000030035-C,Sulindac,,,,-1.0,,1,-1,-1,-1
ENSMUSG00000030035-C,Trimethylolpropane,,,,-1.0,1.0,1,-1,-1,-1
ENSMUSG00000030035-C,Tyr-Val,,,,1.0,,1,-1,-1,-1
ENSMUSG00000030323-C,"1-Heptanol, 2-propyl-",,-1.0,,-1.0,,1,-1,-1,-1
ENSMUSG00000030323-C,2-Cyanobenzaldehyde,,-1.0,,-1.0,,1,-1,-1,-1
ENSMUSG00000030323-C,"2-Methylcyclohexylamine, tert.-butyldimethylsilyl ether",,,,1.0,,1,-1,-1,-1
ENSMUSG00000030323-C,"4,5-Dihydro-1H-pyrazole",,,,-1.0,,1,-1,-1,-1
ENSMUSG00000030323-C,alpha-Hydroxyisobutyric acid,,-1.0,,-1.0,,1,-1,-1,-1
ENSMUSG00000030323-C,Ethanolamine,,-1.0,-0.8660254037844387,-0.9759000729485332,,1,-1,-1,-1
ENSMUSG00000030323-C,Octanoic acid,,,,-1.0,,1,-1,-1,-1
ENSMUSG00000030323-C,Sulindac,,,,-1.0,,1,-1,-1,-1
ENSMUSG00000030323-C,Tyr-Val,,,,1.0,,1,-1,-1,-1
ENSMUSG00000030433-C,Chlorobenzilate,,,,-1.0,,1,-1,-1,-1
ENSMUSG00000030433-C,L-Threonine,,,,1.0,-1.0,1,-1,-1,-1
ENSMUSG00000030465-C,5-Nitroso-8-quinolinol,,,,1.0,,1,-1,-1,-1
ENSMUSG00000030465-C,"6-Methoxy-1-methyl-1,2,3,4-tetrahydroisoquinolin-7-ol",,,,-1.0,,1,-1,-1,-1
ENSMUSG00000030465-C,Benzeneacetic acid,,,,-1.0,,1,-1,-1,-1
ENSMUSG00000030465-C,Chlorobenzilate,,,,1.0,,1,-1,-1,-1
ENSMUSG00000030465-C,L-Threonine,,,,-1.0,-1.0,1,1,1,1
ENSMUSG00000030465-C,Tyr-Val,,,,-1.0,,1,-1,-1,-1
ENSMUSG00000030522-C,Benzeneacetic acid,,,,-1.0,,1,-1,-1,-1
ENSMUSG00000030522-C,"l-Leucine, n-butoxycarbonyl-N-methyl-, hexadecyl ester",,,,-1.0,,1,-1,-1,-1
ENSMUSG00000030522-C,L-Threonine,,,,1.0,-1.0,1,-1,-1,-1
ENSMUSG00000030522-C,Luciferin,,,,-1.0,,1,-1,-1,-1
ENSMUSG00000030522-C,Lupinine,,1.0,,1.0,,1,-1,-1,-1
ENSMUSG00000030522-C,Tyr-Val,,,,-1.0,,1,-1,-1,-1
ENSMUSG00000030530-C,"1-Heptanol, 2-propyl-",,-1.0,,-1.0,,1,-1,-1,-1
ENSMUSG00000030530-C,5-Nitroso-8-quinolinol,,,,-1.0,,1,-1,-1,-1
ENSMUSG00000030530-C,6-Nitroveratryl alcohol,,,,-1.0,,1,-1,-1,-1
ENSMUSG00000030530-C,Chlorobenzilate,,,,-1.0,,1,-1,-1,-1
ENSMUSG00000030530-C,L-Glutamic acid,,,,-1.0,,1,-1,-1,-1
ENSMUSG00000030530-C,Sulindac,,,,-1.0,,1,-1,-1,-1
ENSMUSG00000030530-C,Tyr-Val,,,,1.0,,1,-1,-1,-1
ENSMUSG00000030714-C,"1-Heptanol, 2-propyl-",,-1.0,,-1.0,,1,-1,-1,-1
ENSMUSG00000030714-C,2-Cyanobenzaldehyde,,-1.0,,-1.0,,1,-1,-1,-1
ENSMUSG00000030714-C,Chlorobenzilate,,,,-1.0,,1,-1,-1,-1
ENSMUSG00000030714-C,L-Glutamic acid,,,,-1.0,,1,-1,-1,-1
ENSMUSG00000030714-C,"l-Leucine, n-butoxycarbonyl-N-methyl-, hexadecyl ester",,,,1.0,,1,-1,-1,-1
ENSMUSG00000030718-C,"2-Methylcyclohexylamine, tert.-butyldimethylsilyl ether",,,,1.0,,1,-1,-1,-1
ENSMUSG00000030718-C,"4,5-Dihydro-1H-pyrazole",,,,-1.0,,1,-1,-1,-1
ENSMUSG00000030718-C,5-Nitroso-8-quinolinol,,,,-1.0,,1,-1,-1,-1
ENSMUSG00000030718-C,6-Nitroveratryl alcohol,,,,-1.0,,1,-1,-1,-1
ENSMUSG00000030718-C,Chlorobenzilate,,,,-1.0,,1,-1,-1,-1
ENSMUSG00000030718-C,Tyr-Val,,,,1.0,,1,-1,-1,-1
ENSMUSG00000030733-C,Chlorobenzilate,,,,-1.0,,1,-1,-1,-1
ENSMUSG00000030733-C,"l-Leucine, n-butoxycarbonyl-N-methyl-, hexadecyl ester",,,,1.0,,1,-1,-1,-1
ENSMUSG00000030741-C,"1,2-Bis(trimethylsiloxy)cyclohexene",,,,1.0,,1,-1,-1,-1
ENSMUSG00000030741-C,"6-Methoxy-1-methyl-1,2,3,4-tetrahydroisoquinolin-7-ol",,,,-1.0,,1,-1,-1,-1
ENSMUSG00000030741-C,Tyr-Val,,,,1.0,,1,-1,-1,-1
ENSMUSG00000030847-C,"2,4,6-Cycloheptatrien-1-one",,,,1.0,1.0,1,1,1,1
ENSMUSG00000030847-C,"9Z-Octadecenoic acid, (2S)-3-[(hydroxymercaptophosphinyl)oxy]-2-methoxypropyl ester",,,,1.0,,1,-1,-1,-1
ENSMUSG00000030847-C,L-Threonine,,,,1.0,1.0,1,1,1,1
ENSMUSG00000030847-C,Octadecanoic acid,,,,-1.0,,1,-1,-1,-1
ENSMUSG00000030942-C,"1-Heptanol, 2-propyl-",,1.0,,1.0,,1,-1,-1,-1
ENSMUSG00000030942-C,"4,5-Dihydro-1H-pyrazole",,,,1.0,,1,-1,-1,-1
ENSMUSG00000030942-C,Chlorobenzilate,,,,1.0,,1,-1,-1,-1
ENSMUSG00000030942-C,Luciferin,,,,-1.0,,1,-1,-1,-1
ENSMUSG00000030942-C,N-Acetylaminoethanol,,1.0,-0.8660254037844387,0.9221722216732094,1.0,1,1,1,1
ENSMUSG00000030942-C,Sulindac,,,,-1.0,,1,-1,-1,-1
ENSMUSG00000030942-C,Tyr-Val,,,,-1.0,,1,-1,-1,-1
ENSMUSG00000031077-C,"4,5-Dihydro-1H-pyrazole",,,,-1.0,,1,-1,-1,-1
ENSMUSG00000031077-C,Benzeneacetic acid,,,,-1.0,,1,-1,-1,-1
ENSMUSG00000031077-C,Chlorobenzilate,,,,-1.0,,1,-1,-1,-1
ENSMUSG00000031077-C,"l-Norvaline, n-propargyloxycarbonyl-, isohexyl ester",,,,-1.0,1.0,1,-1,-1,-1
ENSMUSG00000031077-C,L-Serine,,,,1.0,,1,-1,-1,-1
ENSMUSG00000031077-C,L-Threonine,,,,1.0,1.0,1,1,1,1
ENSMUSG00000031077-C,Luciferin,,,,1.0,,1,-1,-1,-1
ENSMUSG00000031077-C,Octadecanoic acid,,,,1.0,,1,-1,-1,-1
ENSMUSG00000031095-C,"1,2-Bis(trimethylsiloxy)cyclohexene",,,,1.0,,1,-1,-1,-1
ENSMUSG00000031095-C,"1-Heptanol, 2-propyl-",,-1.0,,-1.0,,1,-1,-1,-1
ENSMUSG00000031095-C,Chlorobenzilate,,,,1.0,,1,-1,-1,-1
ENSMUSG00000031095-C,L-Threonine,,,,-1.0,-1.0,1,1,1,1
ENSMUSG00000031095-C,Sulindac,,,,1.0,,1,-1,-1,-1
ENSMUSG00000031103-C,"2-Butene-1,4-diol",,,,-1.0,,1,-1,-1,-1
ENSMUSG00000031103-C,Allylescaline,,-0.8660254037844387,-0.8660254037844387,-0.9559937503105924,,1,-1,-1,-1
ENSMUSG00000031103-C,Benzeneacetic acid,,,,-1.0,,1,-1,-1,-1
ENSMUSG00000031103-C,Chlorobenzilate,,,,-1.0,,1,-1,-1,-1
ENSMUSG00000031103-C,Pinosylvin,,1.0,0.8660254037844387,0.9856107606091624,-1.0,1,-1,-1,-1
ENSMUSG00000031103-C,Tyr-Val,,,,-1.0,,1,-1,-1,-1
ENSMUSG00000031138-C,"1,2-Bis(trimethylsiloxy)cyclohexene",,,,1.0,,1,-1,-1,-1
ENSMUSG00000031145-C,"1,2-Bis(trimethylsiloxy)cyclohexene",,,,1.0,,1,-1,-1,-1
ENSMUSG00000031145-C,"2-Butene-1,4-diol",,,,1.0,,1,-1,-1,-1
ENSMUSG00000031145-C,"6-Methoxy-1-methyl-1,2,3,4-tetrahydroisoquinolin-7-ol",,,,-1.0,,1,-1,-1,-1
ENSMUSG00000031145-C,Sarcosine,,,,1.0,,1,-1,-1,-1
ENSMUSG00000031145-C,Trimethylolpropane,,,,-1.0,-1.0,1,1,1,1
ENSMUSG00000031174-C,"1-Heptanol, 2-propyl-",,1.0,,1.0,,1,-1,-1,-1
ENSMUSG00000031174-C,"2-Butene-1,4-diol",,,,1.0,,1,-1,-1,-1
ENSMUSG00000031174-C,"3,3-Dimethylacrylic acid",,,,1.0,,1,-1,-1,-1
ENSMUSG00000031174-C,5-Nitroso-8-quinolinol,,,,1.0,,1,-1,-1,-1
ENSMUSG00000031174-C,"6-Methoxy-1-methyl-1,2,3,4-tetrahydroisoquinolin-7-ol",,,,-1.0,,1,-1,-1,-1
ENSMUSG00000031174-C,Chlorobenzilate,,,,1.0,,1,-1,-1,-1
ENSMUSG00000031174-C,Sulindac,,,,-1.0,,1,-1,-1,-1
ENSMUSG00000031174-C,Trimethylolpropane,,,,-1.0,-1.0,1,1,1,1
ENSMUSG00000031174-C,Tyr-Val,,,,-1.0,,1,-1,-1,-1
ENSMUSG00000031209-C,"1,2-Bis(trimethylsiloxy)cyclohexene",,,,-1.0,,1,-1,-1,-1
ENSMUSG00000031209-C,"1-Heptanol, 2-propyl-",,-1.0,,-1.0,,1,-1,-1,-1
ENSMUSG00000031209-C,"2-Butene-1,4-diol",,,,-1.0,,1,-1,-1,-1
ENSMUSG00000031209-C,2-Cyanobenzaldehyde,,-1.0,,-1.0,,1,-1,-1,-1
ENSMUSG00000031209-C,"6-Methoxy-1-methyl-1,2,3,4-tetrahydroisoquinolin-7-ol",,,,1.0,,1,-1,-1,-1
ENSMUSG00000031209-C,L-Ornithine,,,,1.0,,1,-1,-1,-1
ENSMUSG00000031209-C,L-Threonine,,,,-1.0,-1.0,1,1,1,1
ENSMUSG00000031209-C,Octadecanoic acid,,,,-1.0,,1,-1,-1,-1
ENSMUSG00000031209-C,Sulindac,,,,1.0,,1,-1,-1,-1
ENSMUSG00000031209-C,Trimethylolpropane,,,,1.0,-1.0,1,-1,-1,-1
ENSMUSG00000031327-C,"1-Heptanol, 2-propyl-",,-1.0,,-1.0,,1,-1,-1,-1
ENSMUSG00000031327-C,"2-Butene-1,4-diol",,,,-1.0,,1,-1,-1,-1
ENSMUSG00000031327-C,2-Cyanobenzaldehyde,,-1.0,,-1.0,,1,-1,-1,-1
ENSMUSG00000031327-C,"2-Methylcyclohexylamine, tert.-butyldimethylsilyl ether",,,,1.0,,1,-1,-1,-1
ENSMUSG00000031327-C,Benzeneacetic acid,,,,-1.0,,1,-1,-1,-1
ENSMUSG00000031327-C,Chlorobenzilate,,,,-1.0,,1,-1,-1,-1
ENSMUSG00000031328-C,"1-Heptanol, 2-propyl-",,-1.0,,-1.0,,1,-1,-1,-1
ENSMUSG00000031328-C,2-Cyanobenzaldehyde,,-1.0,,-1.0,,1,-1,-1,-1
ENSMUSG00000031328-C,"2-Methylcyclohexylamine, tert.-butyldimethylsilyl ether",,,,1.0,,1,-1,-1,-1
ENSMUSG00000031328-C,alpha-Hydroxyisobutyric acid,,-1.0,,-1.0,,1,-1,-1,-1
ENSMUSG00000031328-C,Benzeneacetic acid,,,,-1.0,,1,-1,-1,-1
ENSMUSG00000031328-C,Luciferin,,,,-1.0,,1,-1,-1,-1
ENSMUSG00000031328-C,Octanoic acid,,,,-1.0,,1,-1,-1,-1
ENSMUSG00000031328-C,Tyr-Val,,,,-1.0,,1,-1,-1,-1
ENSMUSG00000031337-C,"1-Heptanol, 2-propyl-",,-1.0,,-1.0,,1,-1,-1,-1
ENSMUSG00000031337-C,2-Cyanobenzaldehyde,,-1.0,,-1.0,,1,-1,-1,-1
ENSMUSG00000031337-C,"2-Methylcyclohexylamine, tert.-butyldimethylsilyl ether",,,,1.0,,1,-1,-1,-1
ENSMUSG00000031337-C,alpha-Hydroxyisobutyric acid,,-1.0,,-1.0,,1,-1,-1,-1
ENSMUSG00000031337-C,Benzeneacetic acid,,,,-1.0,,1,-1,-1,-1
ENSMUSG00000031337-C,Octanoic acid,,,,-1.0,,1,-1,-1,-1
ENSMUSG00000031337-C,Sulindac,,,,-1.0,,1,-1,-1,-1
ENSMUSG00000031393-C,"1-Heptanol, 2-propyl-",,-1.0,,-1.0,,1,-1,-1,-1
ENSMUSG00000031393-C,"2-Butene-1,4-diol",,,,1.0,,1,-1,-1,-1
ENSMUSG00000031393-C,2-Cyanobenzaldehyde,,-1.0,,-1.0,,1,-1,-1,-1
ENSMUSG00000031393-C,5-Nitroso-8-quinolinol,,,,1.0,,1,-1,-1,-1
ENSMUSG00000031393-C,"6-Methoxy-1-methyl-1,2,3,4-tetrahydroisoquinolin-7-ol",,,,-1.0,,1,-1,-1,-1
ENSMUSG00000031393-C,Benzeneacetic acid,,,,-1.0,,1,-1,-1,-1
ENSMUSG00000031393-C,"l-Leucine, n-butoxycarbonyl-N-methyl-, hexadecyl ester",,,,-1.0,,1,-1,-1,-1
ENSMUSG00000031393-C,Sulindac,,,,-1.0,,1,-1,-1,-1
ENSMUSG00000031429-C,2-Butenedioic acid,,-1.0,-0.5,-0.9549937104572924,,1,-1,-1,-1
ENSMUSG00000031429-C,"3,3-Dimethylacrylic acid",,,,-1.0,,1,-1,-1,-1
ENSMUSG00000031429-C,3-Hydroxymethyl-2-trimethylsilyloxypentane,,-1.0,,-1.0,,1,-1,-1,-1
ENSMUSG00000031429-C,Adipoyl-L-carnitine,,,,-1.0,,1,-1,-1,-1
ENSMUSG00000031490-C,"1-Heptanol, 2-propyl-",,-1.0,,-1.0,,1,-1,-1,-1
ENSMUSG00000031490-C,3-Buten-2-one,,-1.0,-1.0,-0.9523809523809524,1.0,1,-1,-1,-1
ENSMUSG00000031490-C,"4,5-Dihydro-1H-pyrazole",,,,1.0,,1,-1,-1,-1
ENSMUSG00000031490-C,"6-Methoxy-1-methyl-1,2,3,4-tetrahydroisoquinolin-7-ol",,,,1.0,,1,-1,-1,-1
ENSMUSG00000031490-C,"9Z-Octadecenoic acid, (2S)-3-[(hydroxymercaptophosphinyl)oxy]-2-methoxypropyl ester",,,,-1.0,,1,-1,-1,-1
ENSMUSG00000031490-C,Benzeneacetic acid,,,,-1.0,,1,-1,-1,-1
ENSMUSG00000031490-C,Benzyl alcohol,,-1.0,-1.0,-0.9277781834703688,-1.0,1,1,1,1
ENSMUSG00000031490-C,Dodecanoic acid,,-1.0,-1.0,-0.9277781834703688,-1.0,1,1,1,1
ENSMUSG00000031490-C,Octanoic acid,,,,-1.0,,1,-1,-1,-1
ENSMUSG00000031563-C,"1-Heptanol, 2-propyl-",,-1.0,,-1.0,,1,-1,-1,-1
ENSMUSG00000031563-C,2-Cyanobenzaldehyde,,-1.0,,-1.0,,1,-1,-1,-1
ENSMUSG00000031563-C,"4,5-Dihydro-1H-pyrazole",,,,1.0,,1,-1,-1,-1
ENSMUSG00000031563-C,Benzeneacetic acid,,,,-1.0,,1,-1,-1,-1
ENSMUSG00000031563-C,Chlorobenzilate,,,,-1.0,,1,-1,-1,-1
ENSMUSG00000031563-C,Cholesterol,,0.5,0.5,0.9523809523809524,-1.0,1,-1,-1,-1
ENSMUSG00000031563-C,L-Glutamic acid,,,,-1.0,,1,-1,-1,-1
ENSMUSG00000031563-C,Tyr-Val,,,,-1.0,,1,-1,-1,-1
ENSMUSG00000031574-C,2-(Methylamino)ethanol,,-1.0,-0.5,-0.9285714285714288,,1,-1,-1,-1
ENSMUSG00000031574-C,"2-Butene-1,4-diol",,,,1.0,,1,-1,-1,-1
ENSMUSG00000031574-C,"3,3-Dimethylacrylic acid",,,,1.0,,1,-1,-1,-1
ENSMUSG00000031574-C,"9Z-Octadecenoic acid, (2S)-3-[(hydroxymercaptophosphinyl)oxy]-2-methoxypropyl ester",,,,-1.0,,1,-1,-1,-1
ENSMUSG00000031574-C,Benzeneacetic acid,,,,-1.0,,1,-1,-1,-1
ENSMUSG00000031574-C,Leucylglycine,,1.0,1.0,1.0,,1,-1,-1,-1
ENSMUSG00000031604-C,"1,2-Bis(trimethylsiloxy)cyclohexene",,,,-1.0,,1,-1,-1,-1
ENSMUSG00000031604-C,"1-Heptanol, 2-propyl-",,-1.0,,-1.0,,1,-1,-1,-1
ENSMUSG00000031604-C,"2-Butene-1,4-diol",,,,-1.0,,1,-1,-1,-1
ENSMUSG00000031604-C,2-Cyanobenzaldehyde,,-1.0,,-1.0,,1,-1,-1,-1
ENSMUSG00000031604-C,Benzeneacetic acid,,,,-1.0,,1,-1,-1,-1
ENSMUSG00000031604-C,Chlorobenzilate,,,,-1.0,,1,-1,-1,-1
ENSMUSG00000031604-C,L-Glutamic acid,,,,-1.0,,1,-1,-1,-1
ENSMUSG00000031604-C,Trimethylolpropane,,,,1.0,-1.0,1,-1,-1,-1
ENSMUSG00000031604-C,Tyr-Val,,,,-1.0,,1,-1,-1,-1
ENSMUSG00000031618-C,"3,3-Dimethylacrylic acid",,,,1.0,,1,-1,-1,-1
ENSMUSG00000031618-C,"4,5-Dihydro-1H-pyrazole",,,,1.0,,1,-1,-1,-1
ENSMUSG00000031618-C,"9Z-Octadecenoic acid, (2S)-3-[(hydroxymercaptophosphinyl)oxy]-2-methoxypropyl ester",,,,1.0,,1,-1,-1,-1
ENSMUSG00000031618-C,Octadecanoic acid,,,,-1.0,,1,-1,-1,-1
ENSMUSG00000031644-C,"2-Butene-1,4-diol",,,,-1.0,,1,-1,-1,-1
ENSMUSG00000031644-C,"4,5-Dihydro-1H-pyrazole",,,,1.0,,1,-1,-1,-1
ENSMUSG00000031644-C,"6-Methoxy-1-methyl-1,2,3,4-tetrahydroisoquinolin-7-ol",,,,1.0,,1,-1,-1,-1
ENSMUSG00000031644-C,Benzeneacetic acid,,,,-1.0,,1,-1,-1,-1
ENSMUSG00000031644-C,Synephrine,,1.0,0.8660254037844387,0.9581010095306072,,1,-1,-1,-1
ENSMUSG00000031644-C,Tyr-Val,,,,-1.0,,1,-1,-1,-1
ENSMUSG00000031665-C,"1,2-Bis(trimethylsiloxy)cyclohexene",,,,-1.0,,1,-1,-1,-1
ENSMUSG00000031665-C,"1-Heptanol, 2-propyl-",,1.0,,1.0,,1,-1,-1,-1
ENSMUSG00000031665-C,Benzeneacetic acid,,,,1.0,,1,-1,-1,-1
ENSMUSG00000031665-C,Octadecanoic acid,,,,-1.0,,1,-1,-1,-1
ENSMUSG00000031706-C,"3,3-Dimethylacrylic acid",,,,1.0,,1,-1,-1,-1
ENSMUSG00000031706-C,3-Hydroxymethyl-2-trimethylsilyloxypentane,,1.0,,1.0,,1,-1,-1,-1
ENSMUSG00000031706-C,"4,5-Dihydro-1H-pyrazole",,,,1.0,,1,-1,-1,-1
ENSMUSG00000031706-C,"4-[2-(4,7-Dimethoxy-2H-1,3-benzodioxol-5-yl)ethenyl]-2-methoxyphenol",,-1.0,-1.0,-0.934148484292342,,1,-1,-1,-1
ENSMUSG00000031706-C,L-Glutamic acid,,,,-1.0,,1,-1,-1,-1
ENSMUSG00000031706-C,L-Threonine,,,,1.0,-1.0,1,-1,-1,-1
ENSMUSG00000031706-C,Sulindac,,,,-1.0,,1,-1,-1,-1
ENSMUSG00000031872-C,Adipoyl-L-carnitine,,,,-1.0,,1,-1,-1,-1
ENSMUSG00000031872-C,L-Ornithine,,,,1.0,,1,-1,-1,-1
ENSMUSG00000031872-C,Luciferin,,,,-1.0,,1,-1,-1,-1
ENSMUSG00000031872-C,Octadecanoic acid,,,,-1.0,,1,-1,-1,-1
ENSMUSG00000031913-C,"1,2-Bis(trimethylsiloxy)cyclohexene",,,,1.0,,1,-1,-1,-1
ENSMUSG00000031913-C,5-Nitroso-8-quinolinol,,,,1.0,,1,-1,-1,-1
ENSMUSG00000031913-C,"6-Methoxy-1-methyl-1,2,3,4-tetrahydroisoquinolin-7-ol",,,,-1.0,,1,-1,-1,-1
ENSMUSG00000031913-C,Benzeneacetic acid,,,,-1.0,,1,-1,-1,-1
ENSMUSG00000031913-C,L-Serine,,,,1.0,,1,-1,-1,-1
ENSMUSG00000031913-C,Octadecanoic acid,,,,1.0,,1,-1,-1,-1
ENSMUSG00000031913-C,Sulindac,,,,-1.0,,1,-1,-1,-1
ENSMUSG00000031954-C,"3,3-Dimethylacrylic acid",,,,-1.0,,1,-1,-1,-1
ENSMUSG00000031954-C,"4,5-Dihydro-1H-pyrazole",,,,-1.0,,1,-1,-1,-1
ENSMUSG00000031954-C,5-Nitroso-8-quinolinol,,,,-1.0,,1,-1,-1,-1
ENSMUSG00000031954-C,Luciferin,,,,-1.0,,1,-1,-1,-1
ENSMUSG00000032062-C,"3,3-Dimethylacrylic acid",,,,1.0,,1,-1,-1,-1
ENSMUSG00000032062-C,5-Nitroso-8-quinolinol,,,,1.0,,1,-1,-1,-1
ENSMUSG00000032062-C,Chlorobenzilate,,,,1.0,,1,-1,-1,-1
ENSMUSG00000032078-C,"1,2-Bis(trimethylsiloxy)cyclohexene",,,,-1.0,,1,-1,-1,-1
ENSMUSG00000032078-C,"1-Heptanol, 2-propyl-",,-1.0,,-1.0,,1,-1,-1,-1
ENSMUSG00000032078-C,2-Cyanobenzaldehyde,,-1.0,,-1.0,,1,-1,-1,-1
ENSMUSG00000032078-C,Benzeneacetic acid,,,,-1.0,,1,-1,-1,-1
ENSMUSG00000032078-C,Chlorobenzilate,,,,-1.0,,1,-1,-1,-1
ENSMUSG00000032078-C,L-Glutamic acid,,,,-1.0,,1,-1,-1,-1
ENSMUSG00000032089-C,"1-Heptanol, 2-propyl-",,1.0,,1.0,,1,-1,-1,-1
ENSMUSG00000032089-C,"4,5-Dihydro-1H-pyrazole",,,,-1.0,,1,-1,-1,-1
ENSMUSG00000032089-C,Benzeneacetic acid,,,,1.0,,1,-1,-1,-1
ENSMUSG00000032097-C,"2-Butene-1,4-diol",,,,1.0,,1,-1,-1,-1
ENSMUSG00000032097-C,5-Nitroso-8-quinolinol,,,,1.0,,1,-1,-1,-1
ENSMUSG00000032097-C,"6-Methoxy-1-methyl-1,2,3,4-tetrahydroisoquinolin-7-ol",,,,-1.0,,1,-1,-1,-1
ENSMUSG00000032097-C,Benzeneacetic acid,,,,-1.0,,1,-1,-1,-1
ENSMUSG00000032097-C,"l-Leucine, n-butoxycarbonyl-N-methyl-, hexadecyl ester",,,,-1.0,,1,-1,-1,-1
ENSMUSG00000032097-C,Tyr-Val,,,,-1.0,,1,-1,-1,-1
ENSMUSG00000032193-C,Benzeneacetic acid,,,,-1.0,,1,-1,-1,-1
ENSMUSG00000032193-C,Chlorobenzilate,,,,-1.0,,1,-1,-1,-1
ENSMUSG00000032193-C,L-Threonine,,,,1.0,1.0,1,1,1,1
ENSMUSG00000032193-C,Lupinine,,1.0,,1.0,,1,-1,-1,-1
ENSMUSG00000032193-C,Tyr-Val,,,,-1.0,,1,-1,-1,-1
ENSMUSG00000032198-C,"2-Methylcyclohexylamine, tert.-butyldimethylsilyl ether",,,,1.0,,1,-1,-1,-1
ENSMUSG00000032198-C,Benzeneacetic acid,,,,-1.0,,1,-1,-1,-1
ENSMUSG00000032198-C,"l-Leucine, n-butoxycarbonyl-N-methyl-, hexadecyl ester",,,,-1.0,,1,-1,-1,-1
ENSMUSG00000032198-C,L-Threonine,,,,1.0,-1.0,1,-1,-1,-1
ENSMUSG00000032198-C,Luciferin,,,,-1.0,,1,-1,-1,-1
ENSMUSG00000032198-C,Octanoic acid,,,,-1.0,,1,-1,-1,-1
ENSMUSG00000032198-C,"Propanoic acid, 3-[(tert-butyldimethylsilyl)oxy]-2-methyl-",,0.8660254037844387,,0.9549937104572924,,1,-1,-1,-1
ENSMUSG00000032198-C,Tyr-Val,,,,-1.0,,1,-1,-1,-1
ENSMUSG00000032202-C,"1-Heptanol, 2-propyl-",,-1.0,,-1.0,,1,-1,-1,-1
ENSMUSG00000032202-C,Chlorobenzilate,,,,-1.0,,1,-1,-1,-1
ENSMUSG00000032202-C,Sulindac,,,,1.0,,1,-1,-1,-1
ENSMUSG00000032253-C,"1-Heptanol, 2-propyl-",,-1.0,,-1.0,,1,-1,-1,-1
ENSMUSG00000032253-C,"2-Butene-1,4-diol",,,,1.0,,1,-1,-1,-1
ENSMUSG00000032253-C,2-Cyanobenzaldehyde,,-1.0,,-1.0,,1,-1,-1,-1
ENSMUSG00000032253-C,5-Nitroso-8-quinolinol,,,,1.0,,1,-1,-1,-1
ENSMUSG00000032253-C,"6-Methoxy-1-methyl-1,2,3,4-tetrahydroisoquinolin-7-ol",,,,-1.0,,1,-1,-1,-1
ENSMUSG00000032253-C,Benzeneacetic acid,,,,-1.0,,1,-1,-1,-1
ENSMUSG00000032253-C,Sulindac,,,,-1.0,,1,-1,-1,-1
ENSMUSG00000032253-C,Tyr-Val,,,,-1.0,,1,-1,-1,-1
ENSMUSG00000032336-C,"1,2-Bis(trimethylsiloxy)cyclohexene",,,,-1.0,,1,-1,-1,-1
ENSMUSG00000032336-C,"1-Heptanol, 2-propyl-",,1.0,,1.0,,1,-1,-1,-1
ENSMUSG00000032336-C,"3,3-Dimethylacrylic acid",,,,1.0,,1,-1,-1,-1
ENSMUSG00000032336-C,Octadecanoic acid,,,,-1.0,,1,-1,-1,-1
ENSMUSG00000032336-C,Sulindac,,,,-1.0,,1,-1,-1,-1
ENSMUSG00000032342-C,"1,2-Bis(trimethylsiloxy)cyclohexene",,,,-1.0,,1,-1,-1,-1
ENSMUSG00000032342-C,Chlorobenzilate,,,,-1.0,,1,-1,-1,-1
ENSMUSG00000032342-C,L-Threonine,,,,1.0,1.0,1,1,1,1
ENSMUSG00000032342-C,Octadecanoic acid,,,,-1.0,,1,-1,-1,-1
ENSMUSG00000032342-C,Sulindac,,,,-1.0,,1,-1,-1,-1
ENSMUSG00000032384-C,"1,2-Bis(trimethylsiloxy)cyclohexene",,,,1.0,,1,-1,-1,-1
ENSMUSG00000032384-C,"1,2-Cyclohexanediol, (Z)",,1.0,1.0,0.981980506061966,,1,-1,-1,-1
ENSMUSG00000032384-C,"2,6-di-tert-Butyl-4-(dimethylaminomethyl)phenol",,,,1.0,,1,-1,-1,-1
ENSMUSG00000032384-C,"2-Butene-1,4-diol",,,,1.0,,1,-1,-1,-1
ENSMUSG00000032384-C,5-Nitroso-8-quinolinol,,,,1.0,,1,-1,-1,-1
ENSMUSG00000032384-C,"6-Methoxy-1-methyl-1,2,3,4-tetrahydroisoquinolin-7-ol",,,,-1.0,,1,-1,-1,-1
ENSMUSG00000032384-C,Adipoyl-L-carnitine,,,,1.0,,1,-1,-1,-1
ENSMUSG00000032384-C,Chlorobenzilate,,,,1.0,,1,-1,-1,-1
ENSMUSG00000032384-C,Diclofenac,,,,1.0,,1,-1,-1,-1
ENSMUSG00000032384-C,Octadecanoic acid,,,,1.0,,1,-1,-1,-1
ENSMUSG00000032413-C,"1-Heptanol, 2-propyl-",,1.0,,1.0,,1,-1,-1,-1
ENSMUSG00000032413-C,"2-Butene-1,4-diol",,,,1.0,,1,-1,-1,-1
ENSMUSG00000032413-C,"3,3-Dimethylacrylic acid",,,,1.0,,1,-1,-1,-1
ENSMUSG00000032413-C,5-Nitroso-8-quinolinol,,,,1.0,,1,-1,-1,-1
ENSMUSG00000032413-C,Chlorobenzilate,,,,1.0,,1,-1,-1,-1
ENSMUSG00000032413-C,Sulindac,,,,-1.0,,1,-1,-1,-1
ENSMUSG00000032413-C,Tyr-Val,,,,-1.0,,1,-1,-1,-1
ENSMUSG00000032418-C,"1-Heptanol, 2-propyl-",,-1.0,,-1.0,,1,-1,-1,-1
ENSMUSG00000032418-C,"3,3-Dimethylacrylic acid",,,,-1.0,,1,-1,-1,-1
ENSMUSG00000032418-C,5-Nitroso-8-quinolinol,,,,-1.0,,1,-1,-1,-1
ENSMUSG00000032418-C,Benzeneacetic acid,,,,1.0,,1,-1,-1,-1
ENSMUSG00000032418-C,Chlorobenzilate,,,,-1.0,,1,-1,-1,-1
ENSMUSG00000032418-C,L-Glutamic acid,,,,-1.0,,1,-1,-1,-1
ENSMUSG00000032418-C,Sulindac,,,,-1.0,,1,-1,-1,-1
ENSMUSG00000032418-C,Tyr-Val,,,,1.0,,1,-1,-1,-1
ENSMUSG00000032418-C,Urea,,-1.0,-1.0,-0.9940297973880048,,1,-1,-1,-1
ENSMUSG00000032436-C,"2-Butene-1,4-diol",,,,-1.0,,1,-1,-1,-1
ENSMUSG00000032436-C,"Hymexazole, tert-butyldimethylsilyl ether",,1.0,1.0,0.9271050693011064,1.0,1,1,1,1
ENSMUSG00000032436-C,L-Threonine,,,,-1.0,1.0,1,-1,-1,-1
ENSMUSG00000032443-C,"2,6-di-tert-Butyl-4-(dimethylaminomethyl)phenol",,,,1.0,,1,-1,-1,-1
ENSMUSG00000032443-C,"2-Butene-1,4-diol",,,,-1.0,,1,-1,-1,-1
ENSMUSG00000032443-C,"4,5-Dihydro-1H-pyrazole",,,,-1.0,,1,-1,-1,-1
ENSMUSG00000032443-C,Luciferin,,,,1.0,,1,-1,-1,-1
ENSMUSG00000032443-C,Octadecanoic acid,,,,1.0,,1,-1,-1,-1
ENSMUSG00000032489-C,"2-Butene-1,4-diol",,,,1.0,,1,-1,-1,-1
ENSMUSG00000032489-C,5-Nitroso-8-quinolinol,,,,1.0,,1,-1,-1,-1
ENSMUSG00000032489-C,"6-Methoxy-1-methyl-1,2,3,4-tetrahydroisoquinolin-7-ol",,,,-1.0,,1,-1,-1,-1
ENSMUSG00000032489-C,Chlorobenzilate,,,,1.0,,1,-1,-1,-1
ENSMUSG00000032489-C,Lupinine,,1.0,,1.0,,1,-1,-1,-1
ENSMUSG00000032489-C,Norephedrine,,,1.0,0.9642857142857144,,1,-1,-1,-1
ENSMUSG00000032489-C,Octadecanoic acid,,,,-1.0,,1,-1,-1,-1
ENSMUSG00000032501-C,"1-Heptanol, 2-propyl-",,-1.0,,-1.0,,1,-1,-1,-1
ENSMUSG00000032501-C,"1-Octanol, 2-butyl-",,-0.8660254037844387,-1.0,-0.9221722216732094,,1,-1,-1,-1
ENSMUSG00000032501-C,"2,4,6-Cycloheptatrien-1-one",,,,-1.0,1.0,1,-1,-1,-1
ENSMUSG00000032501-C,"9Z-Octadecenoic acid, (2S)-3-[(hydroxymercaptophosphinyl)oxy]-2-methoxypropyl ester",,,,-1.0,,1,-1,-1,-1
ENSMUSG00000032501-C,alpha-Hydroxyisobutyric acid,,-1.0,,-1.0,,1,-1,-1,-1
ENSMUSG00000032501-C,Benzeneacetic acid,,,,-1.0,,1,-1,-1,-1
ENSMUSG00000032501-C,L-Glutamic acid,,,,-1.0,,1,-1,-1,-1
ENSMUSG00000032501-C,L-Ornithine,,,,-1.0,,1,-1,-1,-1
ENSMUSG00000032501-C,Octadecanoic acid,,,,1.0,,1,-1,-1,-1
ENSMUSG00000032501-C,Octanoic acid,,,,-1.0,,1,-1,-1,-1
ENSMUSG00000032501-C,Sulindac,,,,-1.0,,1,-1,-1,-1
ENSMUSG00000032530-C,"1,2-Bis(trimethylsiloxy)cyclohexene",,,,-1.0,,1,-1,-1,-1
ENSMUSG00000032530-C,"3,3-Dimethylacrylic acid",,,,1.0,,1,-1,-1,-1
ENSMUSG00000032530-C,5-Nitroso-8-quinolinol,,,,-1.0,,1,-1,-1,-1
ENSMUSG00000032530-C,"6-Methoxy-1-methyl-1,2,3,4-tetrahydroisoquinolin-7-ol",,,,1.0,,1,-1,-1,-1
ENSMUSG00000032530-C,6-Nitroveratryl alcohol,,,,-1.0,,1,-1,-1,-1
ENSMUSG00000032530-C,Chlorobenzilate,,,,-1.0,,1,-1,-1,-1
ENSMUSG00000032530-C,L-Threonine,,,,1.0,-1.0,1,-1,-1,-1
ENSMUSG00000032530-C,Octadecanoic acid,,,,-1.0,,1,-1,-1,-1
ENSMUSG00000032530-C,Sulindac,,,,-1.0,,1,-1,-1,-1
ENSMUSG00000032553-C,"1-Heptanol, 2-propyl-",,1.0,,1.0,,1,-1,-1,-1
ENSMUSG00000032553-C,2-Ethyl-1-butanol,,1.0,,1.0,,1,-1,-1,-1
ENSMUSG00000032553-C,"3,3-Dimethylacrylic acid",,,,-1.0,,1,-1,-1,-1
ENSMUSG00000032553-C,"4,5-Dihydro-1H-pyrazole",,,,-1.0,,1,-1,-1,-1
ENSMUSG00000032553-C,L-Threonine,,,,1.0,1.0,1,1,1,1
ENSMUSG00000032553-C,Sulindac,,,,-1.0,,1,-1,-1,-1
ENSMUSG00000032553-C,Tyr-Val,,,,1.0,,1,-1,-1,-1
ENSMUSG00000032558-C,1-Octadecanol,,,,-1.0,1.0,1,-1,-1,-1
ENSMUSG00000032558-C,"3,3-Dimethylacrylic acid",,,,1.0,,1,-1,-1,-1
ENSMUSG00000032558-C,"4,5-Dihydro-1H-pyrazole",,,,1.0,,1,-1,-1,-1
ENSMUSG00000032558-C,Chlorobenzilate,,,,-1.0,,1,-1,-1,-1
ENSMUSG00000032558-C,Luciferin,,,,1.0,,1,-1,-1,-1
ENSMUSG00000032558-C,Lupinine,,-1.0,,-1.0,,1,-1,-1,-1
ENSMUSG00000032563-C,"1-Heptanol, 2-propyl-",,1.0,,1.0,,1,-1,-1,-1
ENSMUSG00000032563-C,1-Octadecanol,,,,1.0,1.0,1,1,1,1
ENSMUSG00000032563-C,5-Nitroso-8-quinolinol,,,,1.0,,1,-1,-1,-1
ENSMUSG00000032563-C,"6-Methoxy-1-methyl-1,2,3,4-tetrahydroisoquinolin-7-ol",,,,-1.0,,1,-1,-1,-1
ENSMUSG00000032563-C,Benzeneacetic acid,,,,-1.0,,1,-1,-1,-1
ENSMUSG00000032563-C,Chlorobenzilate,,,,1.0,,1,-1,-1,-1
ENSMUSG00000032563-C,Tyr-Val,,,,-1.0,,1,-1,-1,-1
ENSMUSG00000032599-C,"2,5-Dimethoxyphenol",,-1.0,-1.0,-0.9761904761904764,-1.0,1,1,1,1
ENSMUSG00000032599-C,5-Nitroso-8-quinolinol,,,,1.0,,1,-1,-1,-1
ENSMUSG00000032599-C,Benzeneacetic acid,,,,-1.0,,1,-1,-1,-1
ENSMUSG00000032599-C,"Cyclohexanone, 3,3,5-trimethyl",,,-1.0,-0.9642857142857144,-1.0,1,1,1,1
ENSMUSG00000032599-C,"l-Norvaline, n-propargyloxycarbonyl-, isohexyl ester",,,,-1.0,1.0,1,-1,-1,-1
ENSMUSG00000032599-C,L-Threonine,,,,1.0,1.0,1,1,1,1
ENSMUSG00000032599-C,Sulindac,,,,-1.0,,1,-1,-1,-1
ENSMUSG00000032606-C,"1-Heptanol, 2-propyl-",,-1.0,,-1.0,,1,-1,-1,-1
ENSMUSG00000032606-C,"2-Methylcyclohexylamine, tert.-butyldimethylsilyl ether",,,,1.0,,1,-1,-1,-1
ENSMUSG00000032606-C,"4,5-Dihydro-1H-pyrazole",,,,-1.0,,1,-1,-1,-1
ENSMUSG00000032606-C,Chlorobenzilate,,,,-1.0,,1,-1,-1,-1
ENSMUSG00000032727-C,"1-Heptanol, 2-propyl-",,-1.0,,-1.0,,1,-1,-1,-1
ENSMUSG00000032727-C,5-Nitroso-8-quinolinol,,,,1.0,,1,-1,-1,-1
ENSMUSG00000032727-C,"6-Methoxy-1-methyl-1,2,3,4-tetrahydroisoquinolin-7-ol",,,,-1.0,,1,-1,-1,-1
ENSMUSG00000032727-C,Benzeneacetic acid,,,,-1.0,,1,-1,-1,-1
ENSMUSG00000032727-C,"l-Leucine, n-butoxycarbonyl-N-methyl-, hexadecyl ester",,,,-1.0,,1,-1,-1,-1
ENSMUSG00000032834-C,2-Buten-1-ol,,,,-1.0,,1,-1,-1,-1
ENSMUSG00000032834-C,5-Nitroso-8-quinolinol,,,,-1.0,,1,-1,-1,-1
ENSMUSG00000032834-C,"6-Methoxy-1-methyl-1,2,3,4-tetrahydroisoquinolin-7-ol",,,,1.0,,1,-1,-1,-1
ENSMUSG00000032834-C,6-Nitroveratryl alcohol,,,,-1.0,,1,-1,-1,-1
ENSMUSG00000032834-C,Chlorobenzilate,,,,-1.0,,1,-1,-1,-1
ENSMUSG00000033111-C,"2-Methylcyclohexylamine, tert.-butyldimethylsilyl ether",,,,1.0,,1,-1,-1,-1
ENSMUSG00000033111-C,Benzeneacetic acid,,,,-1.0,,1,-1,-1,-1
ENSMUSG00000033111-C,Luciferin,,,,-1.0,,1,-1,-1,-1
ENSMUSG00000033111-C,Octanoic acid,,,,-1.0,,1,-1,-1,-1
ENSMUSG00000033111-C,Tyr-Val,,,,-1.0,,1,-1,-1,-1
ENSMUSG00000033453-C,"1-Heptanol, 2-propyl-",,1.0,,1.0,,1,-1,-1,-1
ENSMUSG00000033453-C,1-Octadecanol,,,,1.0,1.0,1,1,1,1
ENSMUSG00000033453-C,5-Nitroso-8-quinolinol,,,,1.0,,1,-1,-1,-1
ENSMUSG00000033453-C,5-Oxohexanoic Acid,,0.5,1.0,0.9285714285714288,1.0,1,1,1,1
ENSMUSG00000033453-C,"6-Methoxy-1-methyl-1,2,3,4-tetrahydroisoquinolin-7-ol",,,,-1.0,,1,-1,-1,-1
ENSMUSG00000033453-C,L-Threonine,,,,1.0,-1.0,1,-1,-1,-1
ENSMUSG00000033453-C,Sulindac,,,,-1.0,,1,-1,-1,-1
ENSMUSG00000033544-C,Benzeneacetic acid,,,,-1.0,,1,-1,-1,-1
ENSMUSG00000033585-C,Chlorobenzilate,,,,-1.0,,1,-1,-1,-1
ENSMUSG00000033585-C,L-Threonine,,,,1.0,1.0,1,1,1,1
ENSMUSG00000033585-C,Phenol,,-1.0,-1.0,-0.9285714285714288,,1,-1,-1,-1
ENSMUSG00000033585-C,Tyr-Val,,,,1.0,,1,-1,-1,-1
ENSMUSG00000033618-C,"1,2-Bis(trimethylsiloxy)cyclohexene",,,,-1.0,,1,-1,-1,-1
ENSMUSG00000033618-C,Benzeneacetic acid,,,,-1.0,,1,-1,-1,-1
ENSMUSG00000033618-C,Chlorobenzilate,,,,-1.0,,1,-1,-1,-1
ENSMUSG00000033618-C,L-Threonine,,,,1.0,1.0,1,1,1,1
ENSMUSG00000033618-C,Tyr-Val,,,,-1.0,,1,-1,-1,-1
ENSMUSG00000033671-C,"2',5'-Dimethoxypropiophenone",,-1.0,-1.0,-0.934148484292342,1.0,1,-1,-1,-1
ENSMUSG00000033671-C,"2-Butene-1,4-diol",,,,1.0,,1,-1,-1,-1
ENSMUSG00000033671-C,5-Nitroso-8-quinolinol,,,,1.0,,1,-1,-1,-1
ENSMUSG00000033671-C,"6-Methoxy-1-methyl-1,2,3,4-tetrahydroisoquinolin-7-ol",,,,-1.0,,1,-1,-1,-1
ENSMUSG00000033671-C,Adipoyl-L-carnitine,,,,1.0,,1,-1,-1,-1
ENSMUSG00000033671-C,Benzeneacetic acid,,,,-1.0,,1,-1,-1,-1
ENSMUSG00000033671-C,"l-Leucine, n-butoxycarbonyl-N-methyl-, hexadecyl ester",,,,-1.0,,1,-1,-1,-1
ENSMUSG00000033671-C,Trimethylolpropane,,,,-1.0,-1.0,1,1,1,1
ENSMUSG00000033706-C,"1,2-Bis(trimethylsiloxy)cyclohexene",,,,1.0,,1,-1,-1,-1
ENSMUSG00000033706-C,1-Octadecanol,,,,1.0,-1.0,1,-1,-1,-1
ENSMUSG00000033706-C,L-Threonine,,,,1.0,1.0,1,1,1,1
ENSMUSG00000033706-C,Luciferin,,,,-1.0,,1,-1,-1,-1
ENSMUSG00000033706-C,Lupinine,,1.0,,1.0,,1,-1,-1,-1
ENSMUSG00000033773-C,Benzeneacetic acid,,,,-1.0,,1,-1,-1,-1
ENSMUSG00000033773-C,Luciferin,,,,-1.0,,1,-1,-1,-1
ENSMUSG00000033773-C,Tyr-Val,,,,-1.0,,1,-1,-1,-1
ENSMUSG00000033917-C,5-Nitroso-8-quinolinol,,,,-1.0,,1,-1,-1,-1
ENSMUSG00000033917-C,6-Nitroveratryl alcohol,,,,-1.0,,1,-1,-1,-1
ENSMUSG00000033917-C,Chlorobenzilate,,,,-1.0,,1,-1,-1,-1
ENSMUSG00000033991-C,"1,2-Bis(trimethylsiloxy)cyclohexene",,,,-1.0,,1,-1,-1,-1
ENSMUSG00000033991-C,"9Z-Octadecenoic acid, (2S)-3-[(hydroxymercaptophosphinyl)oxy]-2-methoxypropyl ester",,,,1.0,,1,-1,-1,-1
ENSMUSG00000033991-C,L-Ornithine,,,,1.0,,1,-1,-1,-1
ENSMUSG00000033991-C,L-Threonine,,,,1.0,-1.0,1,-1,-1,-1
ENSMUSG00000033991-C,Octadecanoic acid,,,,-1.0,,1,-1,-1,-1
ENSMUSG00000033991-C,Tyr-Val,,,,1.0,,1,-1,-1,-1
ENSMUSG00000034042-C,"2-Butene-1,4-diol",,,,-1.0,,1,-1,-1,-1
ENSMUSG00000034042-C,"3,3-Dimethylacrylic acid",,,,1.0,,1,-1,-1,-1
ENSMUSG00000034042-C,"4,5-Dihydro-1H-pyrazole",,,,1.0,,1,-1,-1,-1
ENSMUSG00000034042-C,Adipoyl-L-carnitine,,,,-1.0,,1,-1,-1,-1
ENSMUSG00000034042-C,Benzeneacetic acid,,,,-1.0,,1,-1,-1,-1
ENSMUSG00000034042-C,L-Threonine,,,,-1.0,-1.0,1,1,1,1
ENSMUSG00000034042-C,Tyr-Val,,,,-1.0,,1,-1,-1,-1
ENSMUSG00000034055-C,3-Hydroxymethyl-2-trimethylsilyloxypentane,,1.0,,1.0,,1,-1,-1,-1
ENSMUSG00000034055-C,Chlorobenzilate,,,,1.0,,1,-1,-1,-1
ENSMUSG00000034055-C,Luciferin,,,,-1.0,,1,-1,-1,-1
ENSMUSG00000034055-C,Sulindac,,,,-1.0,,1,-1,-1,-1
ENSMUSG00000034055-C,Tyr-Val,,,,-1.0,,1,-1,-1,-1
ENSMUSG00000034324-C,"3,3-Dimethylacrylic acid",,,,1.0,,1,-1,-1,-1
ENSMUSG00000034324-C,"4,5-Dihydro-1H-pyrazole",,,,1.0,,1,-1,-1,-1
ENSMUSG00000034324-C,"6-Methoxy-1-methyl-1,2,3,4-tetrahydroisoquinolin-7-ol",,,,1.0,,1,-1,-1,-1
ENSMUSG00000034324-C,Benzeneacetic acid,,,,-1.0,,1,-1,-1,-1
ENSMUSG00000034324-C,Cycloheptanol,,-1.0,-1.0,-0.9221722216732094,,1,-1,-1,-1
ENSMUSG00000034324-C,Lupinine,,-1.0,,-1.0,,1,-1,-1,-1
ENSMUSG00000034324-C,Octanoic acid,,,,-1.0,,1,-1,-1,-1
ENSMUSG00000034324-C,Vanillylmandelic acid,,,-1.0,-1.0,1.0,1,-1,-1,-1
ENSMUSG00000034432-C,"2-Methylcyclohexylamine, tert.-butyldimethylsilyl ether",,,,1.0,,1,-1,-1,-1
ENSMUSG00000034432-C,"4,5-Dihydro-1H-pyrazole",,,,-1.0,,1,-1,-1,-1
ENSMUSG00000034432-C,5-Nitroso-8-quinolinol,,,,-1.0,,1,-1,-1,-1
ENSMUSG00000034432-C,6-Nitroveratryl alcohol,,,,-1.0,,1,-1,-1,-1
ENSMUSG00000034432-C,"9Z-Octadecenoic acid, (2S)-3-[(hydroxymercaptophosphinyl)oxy]-2-methoxypropyl ester",,,,1.0,,1,-1,-1,-1
ENSMUSG00000034432-C,Chlorobenzilate,,,,-1.0,,1,-1,-1,-1
ENSMUSG00000034432-C,N-Ethylamphetamine,,-0.5,,-0.9549937104572924,,1,-1,-1,-1
ENSMUSG00000034462-C,"1-Heptanol, 2-propyl-",,1.0,,1.0,,1,-1,-1,-1
ENSMUSG00000034462-C,"3,3-Dimethylacrylic acid",,,,1.0,,1,-1,-1,-1
ENSMUSG00000034462-C,"4,5-Dihydro-1H-pyrazole",,,,1.0,,1,-1,-1,-1
ENSMUSG00000034462-C,"6-Methoxy-1-methyl-1,2,3,4-tetrahydroisoquinolin-7-ol",,,,1.0,,1,-1,-1,-1
ENSMUSG00000034462-C,Benzeneacetic acid,,,,-1.0,,1,-1,-1,-1
ENSMUSG00000034462-C,Sulindac,,,,-1.0,,1,-1,-1,-1
ENSMUSG00000034462-C,Tyr-Val,,,,-1.0,,1,-1,-1,-1
ENSMUSG00000034467-C,"1,2-Bis(trimethylsiloxy)cyclohexene",,,,-1.0,,1,-1,-1,-1
ENSMUSG00000034467-C,"1-Heptanol, 2-propyl-",,-1.0,,-1.0,,1,-1,-1,-1
ENSMUSG00000034467-C,"2-Butene-1,4-diol",,,,-1.0,,1,-1,-1,-1
ENSMUSG00000034467-C,"6-Methoxy-1-methyl-1,2,3,4-tetrahydroisoquinolin-7-ol",,,,1.0,,1,-1,-1,-1
ENSMUSG00000034467-C,Adipoyl-L-carnitine,,,,-1.0,,1,-1,-1,-1
ENSMUSG00000034467-C,Chlorobenzilate,,,,-1.0,,1,-1,-1,-1
ENSMUSG00000034467-C,Octadecanoic acid,,,,-1.0,,1,-1,-1,-1
ENSMUSG00000034467-C,Trimethylolpropane,,,,1.0,-1.0,1,-1,-1,-1
ENSMUSG00000034601-C,"2-Butene-1,4-diol",,,,1.0,,1,-1,-1,-1
ENSMUSG00000034601-C,Benzeneacetic acid,,,,-1.0,,1,-1,-1,-1
ENSMUSG00000034601-C,"l-Leucine, n-butoxycarbonyl-N-methyl-, hexadecyl ester",,,,-1.0,,1,-1,-1,-1
ENSMUSG00000034601-C,"Naringenin 4',7-dimethylether",,,-1.0,-1.0,-1.0,1,1,1,1
ENSMUSG00000034601-C,Sulindac,,,,-1.0,,1,-1,-1,-1
ENSMUSG00000034731-C,"1-Heptanol, 2-propyl-",,-1.0,,-1.0,,1,-1,-1,-1
ENSMUSG00000034731-C,2-Cyanobenzaldehyde,,-1.0,,-1.0,,1,-1,-1,-1
ENSMUSG00000034731-C,"2-Methylcyclohexylamine, tert.-butyldimethylsilyl ether",,,,1.0,,1,-1,-1,-1
ENSMUSG00000034731-C,Adipoyl-L-carnitine,,,,1.0,,1,-1,-1,-1
ENSMUSG00000034731-C,Benzeneacetic acid,,,,-1.0,,1,-1,-1,-1
ENSMUSG00000034731-C,Chlorobenzilate,,,,-1.0,,1,-1,-1,-1
ENSMUSG00000034789-C,"1-Heptanol, 2-propyl-",,-1.0,,-1.0,,1,-1,-1,-1
ENSMUSG00000034789-C,"2-Methylcyclohexylamine, tert.-butyldimethylsilyl ether",,,,1.0,,1,-1,-1,-1
ENSMUSG00000034789-C,"4,5-Dihydro-1H-pyrazole",,,,-1.0,,1,-1,-1,-1
ENSMUSG00000034789-C,Chlorobenzilate,,,,-1.0,,1,-1,-1,-1
ENSMUSG00000034789-C,Nonanoic acid,,,1.0,0.9642857142857144,1.0,1,1,1,1
ENSMUSG00000034880-C,"2-Butene-1,4-diol",,,,1.0,,1,-1,-1,-1
ENSMUSG00000034880-C,"3-(4,7-Dimethoxy-2H-1,3-benzodioxol-5-yl)-2-methylprop-2-enal",,-1.0,-1.0,-0.9285714285714288,1.0,1,-1,-1,-1
ENSMUSG00000034880-C,"3,3-Dimethylacrylic acid",,,,-1.0,,1,-1,-1,-1
ENSMUSG00000034880-C,"4,5-Dihydro-1H-pyrazole",,,,-1.0,,1,-1,-1,-1
ENSMUSG00000034880-C,"Naringenin 4',7-dimethylether",,,-1.0,-1.0,1.0,1,-1,-1,-1
ENSMUSG00000034880-C,Sulindac,,,,-1.0,,1,-1,-1,-1
ENSMUSG00000034880-C,Trimethylolpropane,,,,-1.0,1.0,1,-1,-1,-1
ENSMUSG00000034880-C,Tyr-Val,,,,1.0,,1,-1,-1,-1
ENSMUSG00000034906-C,"1-Heptanol, 2-propyl-",,-1.0,,-1.0,,1,-1,-1,-1
ENSMUSG00000034906-C,2-Cyanobenzaldehyde,,-1.0,,-1.0,,1,-1,-1,-1
ENSMUSG00000034906-C,Benzeneacetic acid,,,,-1.0,,1,-1,-1,-1
ENSMUSG00000035133-C,"3,3-Dimethylacrylic acid",,,,1.0,,1,-1,-1,-1
ENSMUSG00000035133-C,5-Nitroso-8-quinolinol,,,,1.0,,1,-1,-1,-1
ENSMUSG00000035133-C,Benzeneacetic acid,,,,-1.0,,1,-1,-1,-1
ENSMUSG00000035133-C,Chlorobenzilate,,,,1.0,,1,-1,-1,-1
ENSMUSG00000035133-C,L-Threonine,,,,-1.0,-1.0,1,1,1,1
ENSMUSG00000035133-C,Sulindac,,,,1.0,,1,-1,-1,-1
ENSMUSG00000035133-C,Tyr-Val,,,,-1.0,,1,-1,-1,-1
ENSMUSG00000035164-C,"1-Heptanol, 2-propyl-",,1.0,,1.0,,1,-1,-1,-1
ENSMUSG00000035164-C,2-Buten-1-ol,,,,1.0,,1,-1,-1,-1
ENSMUSG00000035164-C,"2-Butene-1,4-diol",,,,1.0,,1,-1,-1,-1
ENSMUSG00000035164-C,"3,3-Dimethylacrylic acid",,,,1.0,,1,-1,-1,-1
ENSMUSG00000035164-C,5-Nitroso-8-quinolinol,,,,1.0,,1,-1,-1,-1
ENSMUSG00000035164-C,L-Threonine,,,,1.0,1.0,1,1,1,1
ENSMUSG00000035164-C,Sulindac,,,,-1.0,,1,-1,-1,-1
ENSMUSG00000035164-C,Trimethylolpropane,,,,-1.0,1.0,1,-1,-1,-1
ENSMUSG00000035211-C,"1-Heptanol, 2-propyl-",,-1.0,,-1.0,,1,-1,-1,-1
ENSMUSG00000035211-C,5-Nitroso-8-quinolinol,,,,1.0,,1,-1,-1,-1
ENSMUSG00000035211-C,Benzeneacetic acid,,,,-1.0,,1,-1,-1,-1
ENSMUSG00000035211-C,N-Acetyl-L-alanine,,-1.0,-1.0,-0.9757754965005868,-1.0,1,1,1,1
ENSMUSG00000035211-C,Tyr-Val,,,,-1.0,,1,-1,-1,-1
ENSMUSG00000035247-C,"4,5-Dihydro-1H-pyrazole",,,,1.0,,1,-1,-1,-1
ENSMUSG00000035247-C,Benzeneacetic acid,,,,-1.0,,1,-1,-1,-1
ENSMUSG00000035247-C,Chlorobenzilate,,,,-1.0,,1,-1,-1,-1
ENSMUSG00000035247-C,L-Threonine,,,,1.0,-1.0,1,-1,-1,-1
ENSMUSG00000035247-C,Sulindac,,,,-1.0,,1,-1,-1,-1
ENSMUSG00000035247-C,Tyr-Val,,,,-1.0,,1,-1,-1,-1
ENSMUSG00000035284-C,"2-Butene-1,4-diol",,,,-1.0,,1,-1,-1,-1
ENSMUSG00000035284-C,"3,3-Dimethylacrylic acid",,,,1.0,,1,-1,-1,-1
ENSMUSG00000035284-C,"4,5-Dihydro-1H-pyrazole",,,,1.0,,1,-1,-1,-1
ENSMUSG00000035284-C,"6-Methoxy-1-methyl-1,2,3,4-tetrahydroisoquinolin-7-ol",,,,1.0,,1,-1,-1,-1
ENSMUSG00000035284-C,Benzeneacetic acid,,,,-1.0,,1,-1,-1,-1
ENSMUSG00000035284-C,L-Threonine,,,,-1.0,-1.0,1,1,1,1
ENSMUSG00000035284-C,"N,N-Dimethyl-2-aminoethanol",,1.0,,0.9636241116594316,-1.0,1,-1,-1,-1
ENSMUSG00000035284-C,Tyr-Val,,,,-1.0,,1,-1,-1,-1
ENSMUSG00000035576-C,Chlorobenzilate,,,,1.0,,1,-1,-1,-1
ENSMUSG00000035576-C,"l-Leucine, n-butoxycarbonyl-N-methyl-, hexadecyl ester",,,,-1.0,,1,-1,-1,-1
ENSMUSG00000035576-C,Luciferin,,,,-1.0,,1,-1,-1,-1
ENSMUSG00000035576-C,Sulindac,,,,1.0,,1,-1,-1,-1
ENSMUSG00000035576-C,Tyr-Val,,,,-1.0,,1,-1,-1,-1
ENSMUSG00000035585-C,"4,5-Dihydro-1H-pyrazole",,,,1.0,,1,-1,-1,-1
ENSMUSG00000035585-C,Chlorobenzilate,,,,-1.0,,1,-1,-1,-1
ENSMUSG00000035585-C,Octadecanoic acid,,,,-1.0,,1,-1,-1,-1
ENSMUSG00000035637-C,Chlorobenzilate,,,,-1.0,,1,-1,-1,-1
ENSMUSG00000035637-C,Diclofenac,,,,1.0,,1,-1,-1,-1
ENSMUSG00000035637-C,L-Threonine,,,,1.0,1.0,1,1,1,1
ENSMUSG00000035653-C,"3,3-Dimethylacrylic acid",,,,1.0,,1,-1,-1,-1
ENSMUSG00000035653-C,"4,5-Dihydro-1H-pyrazole",,,,1.0,,1,-1,-1,-1
ENSMUSG00000035653-C,"6-Methoxy-1-methyl-1,2,3,4-tetrahydroisoquinolin-7-ol",,,,1.0,,1,-1,-1,-1
ENSMUSG00000035653-C,Benzeneacetic acid,,,,-1.0,,1,-1,-1,-1
ENSMUSG00000035653-C,Tyr-Val,,,,-1.0,,1,-1,-1,-1
ENSMUSG00000035829-C,"1,2-Bis(trimethylsiloxy)cyclohexene",,,,1.0,,1,-1,-1,-1
ENSMUSG00000035829-C,"2-Butene-1,4-diol",,,,1.0,,1,-1,-1,-1
ENSMUSG00000035829-C,"Phenol, 2,4-bis(1-methyl-1-phenylethyl)-",,-0.5,-1.0,-0.9221722216732094,1.0,1,-1,-1,-1
ENSMUSG00000035829-C,Tyr-Val,,,,1.0,,1,-1,-1,-1
ENSMUSG00000036002-C,"1-Heptanol, 2-propyl-",,1.0,,1.0,,1,-1,-1,-1
ENSMUSG00000036002-C,"4,5-Dihydro-1H-pyrazole",,,,1.0,,1,-1,-1,-1
ENSMUSG00000036002-C,N-Acetylaminoethanol,,1.0,0.8660254037844387,0.9221722216732094,1.0,1,1,1,1
ENSMUSG00000036002-C,Octadecanoic acid,,,,-1.0,,1,-1,-1,-1
ENSMUSG00000036097-C,1-Octadecanol,,,,1.0,1.0,1,1,1,1
ENSMUSG00000036097-C,5-Nitroso-8-quinolinol,,,,1.0,,1,-1,-1,-1
ENSMUSG00000036097-C,"6-Methoxy-1-methyl-1,2,3,4-tetrahydroisoquinolin-7-ol",,,,-1.0,,1,-1,-1,-1
ENSMUSG00000036097-C,Benzeneacetic acid,,,,-1.0,,1,-1,-1,-1
ENSMUSG00000036097-C,"l-Leucine, n-butoxycarbonyl-N-methyl-, hexadecyl ester",,,,-1.0,,1,-1,-1,-1
ENSMUSG00000036097-C,L-Threonine,,,,1.0,-1.0,1,-1,-1,-1
ENSMUSG00000036097-C,Sulindac,,,,-1.0,,1,-1,-1,-1
ENSMUSG00000036120-C,"1,2-Bis(trimethylsiloxy)cyclohexene",,,,1.0,,1,-1,-1,-1
ENSMUSG00000036120-C,1-Octadecanol,,,,1.0,-1.0,1,-1,-1,-1
ENSMUSG00000036120-C,Lupinine,,1.0,,1.0,,1,-1,-1,-1
ENSMUSG00000036186-C,2-Buten-1-ol,,,,-1.0,,1,-1,-1,-1
ENSMUSG00000036186-C,5-Nitroso-8-quinolinol,,,,-1.0,,1,-1,-1,-1
ENSMUSG00000036186-C,"6-Methoxy-1-methyl-1,2,3,4-tetrahydroisoquinolin-7-ol",,,,1.0,,1,-1,-1,-1
ENSMUSG00000036186-C,6-Nitroveratryl alcohol,,,,-1.0,,1,-1,-1,-1
ENSMUSG00000036186-C,Chlorobenzilate,,,,-1.0,,1,-1,-1,-1
ENSMUSG00000036186-C,L-Threonine,,,,1.0,1.0,1,1,1,1
ENSMUSG00000036330-C,Phthalazin-1-one,,,,1.0,,1,-1,-1,-1
ENSMUSG00000036391-C,"2-Butene-1,4-diol",,,,1.0,,1,-1,-1,-1
ENSMUSG00000036391-C,Benzeneacetic acid,,,,-1.0,,1,-1,-1,-1
ENSMUSG00000036391-C,L-Threonine,,,,1.0,-1.0,1,-1,-1,-1
ENSMUSG00000036391-C,Lupinine,,1.0,,1.0,,1,-1,-1,-1
ENSMUSG00000036391-C,N-Isobutyrylglycine,,1.0,1.0,0.9221722216732094,,1,-1,-1,-1
ENSMUSG00000036391-C,Sulindac,,,,-1.0,,1,-1,-1,-1
ENSMUSG00000036442-C,"1,2-Bis(trimethylsiloxy)cyclohexene",,,,-1.0,,1,-1,-1,-1
ENSMUSG00000036442-C,"1-Heptanol, 2-propyl-",,1.0,,1.0,,1,-1,-1,-1
ENSMUSG00000036442-C,"3,3-Dimethylacrylic acid",,,,1.0,,1,-1,-1,-1
ENSMUSG00000036442-C,Chlorobenzilate,,,,-1.0,,1,-1,-1,-1
ENSMUSG00000036442-C,L-Threonine,,,,1.0,1.0,1,1,1,1
ENSMUSG00000036442-C,Octadecanoic acid,,,,-1.0,,1,-1,-1,-1
ENSMUSG00000036442-C,Sulindac,,,,-1.0,,1,-1,-1,-1
ENSMUSG00000036461-C,"1,2-Bis(trimethylsiloxy)cyclohexene",,,,-1.0,,1,-1,-1,-1
ENSMUSG00000036461-C,"2-Butene-1,4-diol",,,,-1.0,,1,-1,-1,-1
ENSMUSG00000036461-C,"3,3-Dimethylacrylic acid",,,,1.0,,1,-1,-1,-1
ENSMUSG00000036461-C,L-Threonine,,,,-1.0,1.0,1,-1,-1,-1
ENSMUSG00000036503-C,"4,5-Dihydro-1H-pyrazole",,,,1.0,,1,-1,-1,-1
ENSMUSG00000036503-C,"6-Methoxy-1-methyl-1,2,3,4-tetrahydroisoquinolin-7-ol",,,,1.0,,1,-1,-1,-1
ENSMUSG00000036503-C,Adipoyl-L-carnitine,,,,-1.0,,1,-1,-1,-1
ENSMUSG00000036503-C,Benzeneacetic acid,,,,1.0,,1,-1,-1,-1
ENSMUSG00000036503-C,Chlorobenzilate,,,,1.0,,1,-1,-1,-1
ENSMUSG00000036503-C,L-Ornithine,,,,1.0,,1,-1,-1,-1
ENSMUSG00000036503-C,Luciferin,,,,-1.0,,1,-1,-1,-1
ENSMUSG00000036503-C,Octadecanoic acid,,,,-1.0,,1,-1,-1,-1
ENSMUSG00000036504-C,"1,2-Bis(trimethylsiloxy)cyclohexene",,,,-1.0,,1,-1,-1,-1
ENSMUSG00000036504-C,Benzeneacetic acid,,,,-1.0,,1,-1,-1,-1
ENSMUSG00000036504-C,Chlorobenzilate,,,,-1.0,,1,-1,-1,-1
ENSMUSG00000036504-C,Sulindac,,,,-1.0,,1,-1,-1,-1
ENSMUSG00000036550-C,"1,2-Bis(trimethylsiloxy)cyclohexene",,,,1.0,,1,-1,-1,-1
ENSMUSG00000036550-C,"2-Butene-1,4-diol",,,,1.0,,1,-1,-1,-1
ENSMUSG00000036550-C,Luciferin,,,,-1.0,,1,-1,-1,-1
ENSMUSG00000036552-C,Benzeneacetic acid,,,,-1.0,,1,-1,-1,-1
ENSMUSG00000036552-C,L-Threonine,,,,-1.0,-1.0,1,1,1,1
ENSMUSG00000036552-C,Monocaproin,,,,1.0,,1,-1,-1,-1
ENSMUSG00000036552-C,Tyr-Val,,,,-1.0,,1,-1,-1,-1
ENSMUSG00000036632-C,"1,2-Bis(trimethylsiloxy)cyclohexene",,,,-1.0,,1,-1,-1,-1
ENSMUSG00000036632-C,"2-Butene-1,4-diol",,,,-1.0,,1,-1,-1,-1
ENSMUSG00000036632-C,Adipoyl-L-carnitine,,,,-1.0,,1,-1,-1,-1
ENSMUSG00000036632-C,Octadecanoic acid,,,,-1.0,,1,-1,-1,-1
ENSMUSG00000036655-C,5-Nitroso-8-quinolinol,,,,1.0,,1,-1,-1,-1
ENSMUSG00000036655-C,"6-Methoxy-1-methyl-1,2,3,4-tetrahydroisoquinolin-7-ol",,,,-1.0,,1,-1,-1,-1
ENSMUSG00000036655-C,"9Z-Octadecenoic acid, (2S)-3-[(hydroxymercaptophosphinyl)oxy]-2-methoxypropyl ester",,,,-1.0,,1,-1,-1,-1
ENSMUSG00000036655-C,Benzeneacetic acid,,,,-1.0,,1,-1,-1,-1
ENSMUSG00000036655-C,L-Norleucine,,-1.0,,-1.0,,1,-1,-1,-1
ENSMUSG00000036699-C,"1,2-Bis(trimethylsiloxy)cyclohexene",,,,1.0,,1,-1,-1,-1
ENSMUSG00000036699-C,"1-Heptanol, 2-propyl-",,1.0,,1.0,,1,-1,-1,-1
ENSMUSG00000036699-C,1-Octadecanol,,,,1.0,1.0,1,1,1,1
ENSMUSG00000036699-C,Benzeneacetic acid,,,,-1.0,,1,-1,-1,-1
ENSMUSG00000036699-C,L-Serine,,,,1.0,,1,-1,-1,-1
ENSMUSG00000036699-C,L-Valine,,1.0,1.0,0.9461247469114746,,1,-1,-1,-1
ENSMUSG00000036699-C,Octadecanoic acid,,,,1.0,,1,-1,-1,-1
ENSMUSG00000036699-C,Tyr-Val,,,,-1.0,,1,-1,-1,-1
ENSMUSG00000036850-C,"1-Heptanol, 2-propyl-",,-1.0,,-1.0,,1,-1,-1,-1
ENSMUSG00000036850-C,2-Cyanobenzaldehyde,,-1.0,,-1.0,,1,-1,-1,-1
ENSMUSG00000036850-C,Chlorobenzilate,,,,-1.0,,1,-1,-1,-1
ENSMUSG00000036850-C,L-Glutamic acid,,,,-1.0,,1,-1,-1,-1
ENSMUSG00000036885-C,"1-Heptanol, 2-propyl-",,-1.0,,-1.0,,1,-1,-1,-1
ENSMUSG00000036885-C,"3,3-Dimethylacrylic acid",,,,1.0,,1,-1,-1,-1
ENSMUSG00000036885-C,5-Nitroso-8-quinolinol,,,,1.0,,1,-1,-1,-1
ENSMUSG00000036885-C,"9Z-Octadecenoic acid, (2S)-3-[(hydroxymercaptophosphinyl)oxy]-2-methoxypropyl ester",,,,-1.0,,1,-1,-1,-1
ENSMUSG00000036885-C,Benzeneacetic acid,,,,-1.0,,1,-1,-1,-1
ENSMUSG00000036885-C,Tyr-Val,,,,-1.0,,1,-1,-1,-1
ENSMUSG00000036934-C,"1,2-Bis(trimethylsiloxy)cyclohexene",,,,-1.0,,1,-1,-1,-1
ENSMUSG00000036934-C,"2-Butene-1,4-diol",,,,-1.0,,1,-1,-1,-1
ENSMUSG00000036934-C,"3,3-Dimethylacrylic acid",,,,1.0,,1,-1,-1,-1
ENSMUSG00000036934-C,Adipoyl-L-carnitine,,,,-1.0,,1,-1,-1,-1
ENSMUSG00000036934-C,Benzeneacetic acid,,,,-1.0,,1,-1,-1,-1
ENSMUSG00000036934-C,Chlorobenzilate,,,,-1.0,,1,-1,-1,-1
ENSMUSG00000036934-C,Tyr-Val,,,,-1.0,,1,-1,-1,-1
ENSMUSG00000036985-C,"3,3-Dimethylacrylic acid",,,,-1.0,,1,-1,-1,-1
ENSMUSG00000036985-C,"4,5-Dihydro-1H-pyrazole",,,,-1.0,,1,-1,-1,-1
ENSMUSG00000036985-C,L-Threonine,,,,1.0,-1.0,1,-1,-1,-1
ENSMUSG00000036985-C,Lupinine,,1.0,,1.0,,1,-1,-1,-1
ENSMUSG00000036985-C,Monocaproin,,,,-1.0,,1,-1,-1,-1
ENSMUSG00000036985-C,Sulindac,,,,-1.0,,1,-1,-1,-1
ENSMUSG00000036985-C,Tyr-Val,,,,1.0,,1,-1,-1,-1
ENSMUSG00000037013-C,"1,2-Bis(trimethylsiloxy)cyclohexene",,,,-1.0,,1,-1,-1,-1
ENSMUSG00000037013-C,"2-Butene-1,4-diol",,,,-1.0,,1,-1,-1,-1
ENSMUSG00000037013-C,"3,3-Dimethylacrylic acid",,,,1.0,,1,-1,-1,-1
ENSMUSG00000037013-C,3-Hydroxymethyl-2-trimethylsilyloxypentane,,1.0,,1.0,,1,-1,-1,-1
ENSMUSG00000037013-C,L-Glutamic acid,,,,-1.0,,1,-1,-1,-1
ENSMUSG00000037013-C,Octadecanoic acid,,,,-1.0,,1,-1,-1,-1
ENSMUSG00000037104-C,"2-Butene-1,4-diol",,,,1.0,,1,-1,-1,-1
ENSMUSG00000037104-C,"3,3-Dimethylacrylic acid",,,,1.0,,1,-1,-1,-1
ENSMUSG00000037104-C,5-Nitroso-8-quinolinol,,,,1.0,,1,-1,-1,-1
ENSMUSG00000037104-C,Benzeneacetic acid,,,,-1.0,,1,-1,-1,-1
ENSMUSG00000037104-C,L-Glutamic acid,,,,1.0,,1,-1,-1,-1
ENSMUSG00000037104-C,L-Threonine,,,,1.0,-1.0,1,-1,-1,-1
ENSMUSG00000037104-C,Trimethylolpropane,,,,-1.0,-1.0,1,1,1,1
ENSMUSG00000037119-C,"1,2-Bis(trimethylsiloxy)cyclohexene",,,,-1.0,,1,-1,-1,-1
ENSMUSG00000037119-C,"1-Heptanol, 2-propyl-",,1.0,,1.0,,1,-1,-1,-1
ENSMUSG00000037119-C,"6-Methoxy-1-methyl-1,2,3,4-tetrahydroisoquinolin-7-ol",,,,1.0,,1,-1,-1,-1
ENSMUSG00000037119-C,Benzeneacetic acid,,,,1.0,,1,-1,-1,-1
ENSMUSG00000037119-C,Octadecanoic acid,,,,-1.0,,1,-1,-1,-1
ENSMUSG00000037119-C,Sulindac,,,,-1.0,,1,-1,-1,-1
ENSMUSG00000037349-C,"1-Heptanol, 2-propyl-",,-1.0,,-1.0,,1,-1,-1,-1
ENSMUSG00000037349-C,2-Cyanobenzaldehyde,,-1.0,,-1.0,,1,-1,-1,-1
ENSMUSG00000037349-C,"2-Methylcyclohexylamine, tert.-butyldimethylsilyl ether",,,,1.0,,1,-1,-1,-1
ENSMUSG00000037349-C,"4,5-Dihydro-1H-pyrazole",,,,-1.0,,1,-1,-1,-1
ENSMUSG00000037349-C,4-Oxohexanoic acid,,,1.0,1.0,1.0,1,1,1,1
ENSMUSG00000037349-C,Benzeneacetic acid,,,,-1.0,,1,-1,-1,-1
ENSMUSG00000037349-C,Chlorobenzilate,,,,-1.0,,1,-1,-1,-1
ENSMUSG00000037349-C,L-Serine,,,,1.0,,1,-1,-1,-1
ENSMUSG00000037349-C,Octadecanoic acid,,,,1.0,,1,-1,-1,-1
ENSMUSG00000037349-C,Tyr-Val,,,,-1.0,,1,-1,-1,-1
ENSMUSG00000037416-C,"2-Butene-1,4-diol",,,,1.0,,1,-1,-1,-1
ENSMUSG00000037416-C,5-Nitroso-8-quinolinol,,,,1.0,,1,-1,-1,-1
ENSMUSG00000037416-C,Benzeneacetic acid,,,,-1.0,,1,-1,-1,-1
ENSMUSG00000037416-C,Sulindac,,,,-1.0,,1,-1,-1,-1
ENSMUSG00000037416-C,Trimethylolpropane,,,,-1.0,-1.0,1,1,1,1
ENSMUSG00000037487-C,"1-Heptanol, 2-propyl-",,-1.0,,-1.0,,1,-1,-1,-1
ENSMUSG00000037487-C,"2-Butene-1,4-diol",,,,1.0,,1,-1,-1,-1
ENSMUSG00000037487-C,2-Cyanobenzaldehyde,,-1.0,,-1.0,,1,-1,-1,-1
ENSMUSG00000037487-C,"4,5-Dihydro-1H-pyrazole",,,,1.0,,1,-1,-1,-1
ENSMUSG00000037487-C,"5-Chlorovaleric acid, nonyl ester",,-1.0,-1.0,-0.9221722216732094,,1,-1,-1,-1
ENSMUSG00000037487-C,"6-Methoxy-1-methyl-1,2,3,4-tetrahydroisoquinolin-7-ol",,,,1.0,,1,-1,-1,-1
ENSMUSG00000037487-C,Benzeneacetic acid,,,,-1.0,,1,-1,-1,-1
ENSMUSG00000037487-C,Isonicotinic Acid,,-1.0,-1.0,-0.9461247469114746,,1,-1,-1,-1
ENSMUSG00000037487-C,Levulinic acid,,-1.0,-1.0,-0.9639253854237598,,1,-1,-1,-1
ENSMUSG00000037487-C,Octanoic acid,,,,-1.0,,1,-1,-1,-1
ENSMUSG00000037542-C,Phthalazin-1-one,,,,1.0,,1,-1,-1,-1
ENSMUSG00000037568-C,"1-Heptanol, 2-propyl-",,1.0,,1.0,,1,-1,-1,-1
ENSMUSG00000037568-C,"3,3-Dimethylacrylic acid",,,,1.0,,1,-1,-1,-1
ENSMUSG00000037568-C,Benzeneacetic acid,,,,-1.0,,1,-1,-1,-1
ENSMUSG00000037568-C,L-Threonine,,,,1.0,-1.0,1,-1,-1,-1
ENSMUSG00000037568-C,Luciferin,,,,-1.0,,1,-1,-1,-1
ENSMUSG00000037568-C,Sulindac,,,,-1.0,,1,-1,-1,-1
ENSMUSG00000037568-C,Tyr-Val,,,,-1.0,,1,-1,-1,-1
ENSMUSG00000037685-C,"1-Heptanol, 2-propyl-",,-1.0,,-1.0,,1,-1,-1,-1
ENSMUSG00000037685-C,"2(5H)-Furanone, 4-(hydroxymethyl)",,-1.0,-1.0,-0.9285714285714288,,1,-1,-1,-1
ENSMUSG00000037685-C,5-Nitroso-8-quinolinol,,,,1.0,,1,-1,-1,-1
ENSMUSG00000037685-C,Adipoyl-L-carnitine,,,,-1.0,,1,-1,-1,-1
ENSMUSG00000037685-C,Octadecanoic acid,,,,-1.0,,1,-1,-1,-1
ENSMUSG00000037697-C,"1-Heptanol, 2-propyl-",,1.0,,1.0,,1,-1,-1,-1
ENSMUSG00000037697-C,1-Octadecanol,,,,1.0,1.0,1,1,1,1
ENSMUSG00000037697-C,2-Ethylhexanoic acid,,1.0,0.8660254037844387,0.9221722216732094,1.0,1,1,1,1
ENSMUSG00000037697-C,Chlorobenzilate,,,,1.0,,1,-1,-1,-1
ENSMUSG00000037697-C,"l-Leucine, n-butoxycarbonyl-N-methyl-, hexadecyl ester",,,,-1.0,,1,-1,-1,-1
ENSMUSG00000037697-C,Luciferin,,,,-1.0,,1,-1,-1,-1
ENSMUSG00000037697-C,Tyr-Val,,,,-1.0,,1,-1,-1,-1
ENSMUSG00000037731-C,"2-Butene-1,4-diol",,,,-1.0,,1,-1,-1,-1
ENSMUSG00000037731-C,"3,3-Dimethylacrylic acid",,,,-1.0,,1,-1,-1,-1
ENSMUSG00000037731-C,5-Nitroso-8-quinolinol,,,,-1.0,,1,-1,-1,-1
ENSMUSG00000037731-C,L-Threonine,,,,-1.0,-1.0,1,1,1,1
ENSMUSG00000037784-C,"1,2-Bis(trimethylsiloxy)cyclohexene",,,,1.0,,1,-1,-1,-1
ENSMUSG00000037784-C,"1-Heptanol, 2-propyl-",,-1.0,,-1.0,,1,-1,-1,-1
ENSMUSG00000037784-C,"2-Allyl-1,4-dimethoxybenzene",,-1.0,-0.8660254037844387,-0.9271050693011064,1.0,1,-1,-1,-1
ENSMUSG00000037784-C,"2-Butene-1,4-diol",,,,1.0,,1,-1,-1,-1
ENSMUSG00000037784-C,2-Methyl-3-pentanol,,-1.0,,-1.0,1.0,1,-1,-1,-1
ENSMUSG00000037784-C,"6-Methoxy-1-methyl-1,2,3,4-tetrahydroisoquinolin-7-ol",,,,-1.0,,1,-1,-1,-1
ENSMUSG00000037784-C,"Phenol, 2,4-bis(1-methyl-1-phenylethyl)-",,-1.0,-1.0,-0.9221722216732094,1.0,1,-1,-1,-1
ENSMUSG00000037784-C,Tyr-Val,,,,1.0,,1,-1,-1,-1
ENSMUSG00000037857-C,"4,5-Dihydro-1H-pyrazole",,,,1.0,,1,-1,-1,-1
ENSMUSG00000037904-C,"1-Heptanol, 2-propyl-",,-1.0,,-1.0,,1,-1,-1,-1
ENSMUSG00000037904-C,"2-Butene-1,4-diol",,,,1.0,,1,-1,-1,-1
ENSMUSG00000037904-C,"2-Methylcyclohexylamine, tert.-butyldimethylsilyl ether",,,,1.0,,1,-1,-1,-1
ENSMUSG00000037904-C,"4,5-Dihydro-1H-pyrazole",,,,-1.0,,1,-1,-1,-1
ENSMUSG00000037904-C,Luciferin,,,,-1.0,,1,-1,-1,-1
ENSMUSG00000037904-C,Octanoic acid,,,,-1.0,,1,-1,-1,-1
ENSMUSG00000038056-C,"4,5-Dihydro-1H-pyrazole",,,,1.0,,1,-1,-1,-1
ENSMUSG00000038056-C,Benzeneacetic acid,,,,-1.0,,1,-1,-1,-1
ENSMUSG00000038056-C,Chlorobenzilate,,,,-1.0,,1,-1,-1,-1
ENSMUSG00000038056-C,L-Threonine,,,,1.0,-1.0,1,-1,-1,-1
ENSMUSG00000038056-C,Sulindac,,,,-1.0,,1,-1,-1,-1
ENSMUSG00000038135-C,"1,2-Bis(trimethylsiloxy)cyclohexene",,,,-1.0,,1,-1,-1,-1
ENSMUSG00000038135-C,Phthalazin-1-one,,,,1.0,,1,-1,-1,-1
ENSMUSG00000038146-C,"1,2-Bis(trimethylsiloxy)cyclohexene",,,,-1.0,,1,-1,-1,-1
ENSMUSG00000038146-C,"3,3-Dimethylacrylic acid",,,,1.0,,1,-1,-1,-1
ENSMUSG00000038146-C,3-Hydroxymethyl-2-trimethylsilyloxypentane,,1.0,,1.0,,1,-1,-1,-1
ENSMUSG00000038146-C,Chlorobenzilate,,,,-1.0,,1,-1,-1,-1
ENSMUSG00000038146-C,L-Glutamic acid,,,,-1.0,,1,-1,-1,-1
ENSMUSG00000038146-C,L-Threonine,,,,1.0,-1.0,1,-1,-1,-1
ENSMUSG00000038146-C,Sulindac,,,,-1.0,,1,-1,-1,-1
ENSMUSG00000038151-C,"1-Heptanol, 2-propyl-",,1.0,,1.0,,1,-1,-1,-1
ENSMUSG00000038151-C,2-Buten-1-ol,,,,1.0,,1,-1,-1,-1
ENSMUSG00000038151-C,"3,3-Dimethylacrylic acid",,,,1.0,,1,-1,-1,-1
ENSMUSG00000038151-C,5-Nitroso-8-quinolinol,,,,1.0,,1,-1,-1,-1
ENSMUSG00000038151-C,Chlorobenzilate,,,,1.0,,1,-1,-1,-1
ENSMUSG00000038151-C,"l-Norvaline, n-propargyloxycarbonyl-, isohexyl ester",,,,-1.0,-1.0,1,1,1,1
ENSMUSG00000038151-C,Sulindac,,,,-1.0,,1,-1,-1,-1
ENSMUSG00000038188-C,"1-Heptanol, 2-propyl-",,1.0,,1.0,,1,-1,-1,-1
ENSMUSG00000038188-C,"3,3-Dimethylacrylic acid",,,,1.0,,1,-1,-1,-1
ENSMUSG00000038188-C,Tyr-Val,,,,-1.0,,1,-1,-1,-1
ENSMUSG00000038214-C,3-Hydroxymethyl-2-trimethylsilyloxypentane,,-1.0,,-1.0,,1,-1,-1,-1
ENSMUSG00000038214-C,6-Methyluracil,,1.0,1.0,0.9285714285714288,-1.0,1,-1,-1,-1
ENSMUSG00000038214-C,Benzeneacetic acid,,,,-1.0,,1,-1,-1,-1
ENSMUSG00000038214-C,L-Glutamic acid,,,,1.0,,1,-1,-1,-1
ENSMUSG00000038214-C,"l-Leucine, n-butoxycarbonyl-N-methyl-, hexadecyl ester",,,,-1.0,,1,-1,-1,-1
ENSMUSG00000038214-C,L-Threonine,,,,-1.0,-1.0,1,1,1,1
ENSMUSG00000038214-C,Sulindac,,,,1.0,,1,-1,-1,-1
ENSMUSG00000038214-C,Tyr-Val,,,,-1.0,,1,-1,-1,-1
ENSMUSG00000038295-C,"1,2-Bis(trimethylsiloxy)cyclohexene",,,,1.0,,1,-1,-1,-1
ENSMUSG00000038295-C,"2-Butene-1,4-diol",,,,1.0,,1,-1,-1,-1
ENSMUSG00000038295-C,"6-Methoxy-1-methyl-1,2,3,4-tetrahydroisoquinolin-7-ol",,,,-1.0,,1,-1,-1,-1
ENSMUSG00000038295-C,L-Threonine,,,,1.0,-1.0,1,-1,-1,-1
ENSMUSG00000038295-C,Trimethylolpropane,,,,-1.0,-1.0,1,1,1,1
ENSMUSG00000038295-C,Tyr-Val,,,,1.0,,1,-1,-1,-1
ENSMUSG00000038319-C,"1-Heptanol, 2-propyl-",,1.0,,1.0,,1,-1,-1,-1
ENSMUSG00000038319-C,"4,5-Dihydro-1H-pyrazole",,,,1.0,,1,-1,-1,-1
ENSMUSG00000038319-C,Benzeneacetic acid,,,,-1.0,,1,-1,-1,-1
ENSMUSG00000038319-C,Tyr-Val,,,,-1.0,,1,-1,-1,-1
ENSMUSG00000038332-C,"1,2-Bis(trimethylsiloxy)cyclohexene",,,,-1.0,,1,-1,-1,-1
ENSMUSG00000038332-C,"1-Heptanol, 2-propyl-",,1.0,,1.0,,1,-1,-1,-1
ENSMUSG00000038332-C,"6-Methoxy-1-methyl-1,2,3,4-tetrahydroisoquinolin-7-ol",,,,1.0,,1,-1,-1,-1
ENSMUSG00000038332-C,Benzeneacetic acid,,,,1.0,,1,-1,-1,-1
ENSMUSG00000038332-C,L-Ornithine,,,,1.0,,1,-1,-1,-1
ENSMUSG00000038332-C,Octadecanoic acid,,,,-1.0,,1,-1,-1,-1
ENSMUSG00000038365-C,"1,2-Bis(trimethylsiloxy)cyclohexene",,,,1.0,,1,-1,-1,-1
ENSMUSG00000038365-C,"2-Butene-1,4-diol",,,,-1.0,,1,-1,-1,-1
ENSMUSG00000038437-C,"3,3-Dimethylacrylic acid",,,,1.0,,1,-1,-1,-1
ENSMUSG00000038437-C,3-Hydroxymethyl-2-trimethylsilyloxypentane,,1.0,,1.0,,1,-1,-1,-1
ENSMUSG00000038437-C,Chlorobenzilate,,,,1.0,,1,-1,-1,-1
ENSMUSG00000038437-C,Sulindac,,,,-1.0,,1,-1,-1,-1
ENSMUSG00000038451-C,"1,2-Bis(trimethylsiloxy)cyclohexene",,,,-1.0,,1,-1,-1,-1
ENSMUSG00000038451-C,5-Nitroso-8-quinolinol,,,,-1.0,,1,-1,-1,-1
ENSMUSG00000038451-C,"6-Methoxy-1-methyl-1,2,3,4-tetrahydroisoquinolin-7-ol",,,,1.0,,1,-1,-1,-1
ENSMUSG00000038451-C,L-Norleucine,,1.0,,1.0,,1,-1,-1,-1
ENSMUSG00000038451-C,Sulindac,,,,-1.0,,1,-1,-1,-1
ENSMUSG00000038608-C,"1-Heptanol, 2-propyl-",,1.0,,1.0,,1,-1,-1,-1
ENSMUSG00000038608-C,1-Octadecanol,,,,1.0,1.0,1,1,1,1
ENSMUSG00000038608-C,5-Nitroso-8-quinolinol,,,,1.0,,1,-1,-1,-1
ENSMUSG00000038608-C,"6-Methoxy-1-methyl-1,2,3,4-tetrahydroisoquinolin-7-ol",,,,-1.0,,1,-1,-1,-1
ENSMUSG00000038608-C,"l-Leucine, n-butoxycarbonyl-N-methyl-, hexadecyl ester",,,,-1.0,,1,-1,-1,-1
ENSMUSG00000038608-C,L-Threonine,,,,1.0,-1.0,1,-1,-1,-1
ENSMUSG00000038690-C,5-Nitroso-8-quinolinol,,,,-1.0,,1,-1,-1,-1
ENSMUSG00000038690-C,6-Nitroveratryl alcohol,,,,-1.0,,1,-1,-1,-1
ENSMUSG00000038690-C,"9Z-Octadecenoic acid, (2S)-3-[(hydroxymercaptophosphinyl)oxy]-2-methoxypropyl ester",,,,1.0,,1,-1,-1,-1
ENSMUSG00000038690-C,Chlorobenzilate,,,,-1.0,,1,-1,-1,-1
ENSMUSG00000038690-C,N-Ethylamphetamine,,-0.5,,-0.9549937104572924,,1,-1,-1,-1
ENSMUSG00000038690-C,Tyr-Val,,,,1.0,,1,-1,-1,-1
ENSMUSG00000038773-C,Chlorobenzilate,,,,1.0,,1,-1,-1,-1
ENSMUSG00000038773-C,"l-Leucine, n-butoxycarbonyl-N-methyl-, hexadecyl ester",,,,-1.0,,1,-1,-1,-1
ENSMUSG00000038773-C,L-Threonine,,,,-1.0,-1.0,1,1,1,1
ENSMUSG00000038774-C,Sulindac,,,,-1.0,,1,-1,-1,-1
ENSMUSG00000038777-C,"2-Butene-1,4-diol",,,,1.0,,1,-1,-1,-1
ENSMUSG00000038777-C,"4,5-Dihydro-1H-pyrazole",,,,-1.0,,1,-1,-1,-1
ENSMUSG00000038777-C,"6-Methoxy-1-methyl-1,2,3,4-tetrahydroisoquinolin-7-ol",,,,-1.0,,1,-1,-1,-1
ENSMUSG00000038777-C,"Naringenin 4',7-dimethylether",,,-1.0,-1.0,1.0,1,-1,-1,-1
ENSMUSG00000038777-C,Sulindac,,,,-1.0,,1,-1,-1,-1
ENSMUSG00000038777-C,Trimethylolpropane,,,,-1.0,1.0,1,-1,-1,-1
ENSMUSG00000038777-C,Tyr-Val,,,,1.0,,1,-1,-1,-1
ENSMUSG00000038888-C,"2-Butene-1,4-diol",,,,-1.0,,1,-1,-1,-1
ENSMUSG00000038888-C,3-Hydroxymethyl-2-trimethylsilyloxypentane,,-1.0,,-1.0,,1,-1,-1,-1
ENSMUSG00000038888-C,5-Nitroso-8-quinolinol,,,,-1.0,,1,-1,-1,-1
ENSMUSG00000038888-C,"6-Methoxy-1-methyl-1,2,3,4-tetrahydroisoquinolin-7-ol",,,,1.0,,1,-1,-1,-1
ENSMUSG00000038888-C,6-Nitroveratryl alcohol,,,,-1.0,,1,-1,-1,-1
ENSMUSG00000038888-C,Chlorobenzilate,,,,-1.0,,1,-1,-1,-1
ENSMUSG00000038888-C,"l-Leucine, n-butoxycarbonyl-N-methyl-, hexadecyl ester",,,,1.0,,1,-1,-1,-1
ENSMUSG00000038888-C,Sulindac,,,,1.0,,1,-1,-1,-1
ENSMUSG00000039096-C,5-Nitroso-8-quinolinol,,,,1.0,,1,-1,-1,-1
ENSMUSG00000039096-C,"6-Methoxy-1-methyl-1,2,3,4-tetrahydroisoquinolin-7-ol",,,,-1.0,,1,-1,-1,-1
ENSMUSG00000039096-C,6-Nitroveratryl alcohol,,,,1.0,,1,-1,-1,-1
ENSMUSG00000039096-C,"9Z-Octadecenoic acid, (2S)-3-[(hydroxymercaptophosphinyl)oxy]-2-methoxypropyl ester",,,,-1.0,,1,-1,-1,-1
ENSMUSG00000039096-C,Chlorobenzilate,,,,1.0,,1,-1,-1,-1
ENSMUSG00000039096-C,"l-Leucine, n-butoxycarbonyl-N-methyl-, hexadecyl ester",,,,-1.0,,1,-1,-1,-1
ENSMUSG00000039096-C,L-Threonine,,,,-1.0,1.0,1,-1,-1,-1
ENSMUSG00000039096-C,Sulindac,,,,1.0,,1,-1,-1,-1
ENSMUSG00000039130-C,"1-Heptanol, 2-propyl-",,-1.0,,-1.0,,1,-1,-1,-1
ENSMUSG00000039130-C,"2-Methylcyclohexylamine, tert.-butyldimethylsilyl ether",,,,1.0,,1,-1,-1,-1
ENSMUSG00000039130-C,"4,5-Dihydro-1H-pyrazole",,,,-1.0,,1,-1,-1,-1
ENSMUSG00000039130-C,alpha-Hydroxyisobutyric acid,,-1.0,,-1.0,,1,-1,-1,-1
ENSMUSG00000039130-C,Ethanolamine,,-1.0,-0.8660254037844387,-0.95150257112482,,1,-1,-1,-1
ENSMUSG00000039130-C,Luciferin,,,,-1.0,,1,-1,-1,-1
ENSMUSG00000039130-C,Octanoic acid,,,,-1.0,,1,-1,-1,-1
ENSMUSG00000039130-C,Sulindac,,,,-1.0,,1,-1,-1,-1
ENSMUSG00000039308-C,"1-Heptanol, 2-propyl-",,-1.0,,-1.0,,1,-1,-1,-1
ENSMUSG00000039308-C,2-Cyanobenzaldehyde,,-1.0,,-1.0,,1,-1,-1,-1
ENSMUSG00000039308-C,"4,5-Dihydro-1H-pyrazole",,,,1.0,,1,-1,-1,-1
ENSMUSG00000039308-C,alpha-Hydroxyisobutyric acid,,-1.0,,-1.0,,1,-1,-1,-1
ENSMUSG00000039308-C,Benzeneacetic acid,,,,-1.0,,1,-1,-1,-1
ENSMUSG00000039308-C,L-Glutamic acid,,,,-1.0,,1,-1,-1,-1
ENSMUSG00000039308-C,Luciferin,,,,-1.0,,1,-1,-1,-1
ENSMUSG00000039308-C,Octanoic acid,,,,-1.0,,1,-1,-1,-1
ENSMUSG00000039308-C,Sulindac,,,,-1.0,,1,-1,-1,-1
ENSMUSG00000039308-C,Tyr-Val,,,,-1.0,,1,-1,-1,-1
ENSMUSG00000039313-C,"1-Heptanol, 2-propyl-",,1.0,,1.0,,1,-1,-1,-1
ENSMUSG00000039313-C,"2-Butene-1,4-diol",,,,-1.0,,1,-1,-1,-1
ENSMUSG00000039313-C,2-Cyanobenzaldehyde,,1.0,,1.0,,1,-1,-1,-1
ENSMUSG00000039313-C,5-Nitroso-8-quinolinol,,,,-1.0,,1,-1,-1,-1
ENSMUSG00000039313-C,"6-Methoxy-1-methyl-1,2,3,4-tetrahydroisoquinolin-7-ol",,,,1.0,,1,-1,-1,-1
ENSMUSG00000039313-C,"l-Leucine, n-butoxycarbonyl-N-methyl-, hexadecyl ester",,,,1.0,,1,-1,-1,-1
ENSMUSG00000039377-C,"1-Heptanol, 2-propyl-",,1.0,,1.0,,1,-1,-1,-1
ENSMUSG00000039377-C,2-Cyanobenzaldehyde,,1.0,,1.0,,1,-1,-1,-1
ENSMUSG00000039377-C,5-Nitroso-8-quinolinol,,,,-1.0,,1,-1,-1,-1
ENSMUSG00000039377-C,Benzeneacetic acid,,,,1.0,,1,-1,-1,-1
ENSMUSG00000039377-C,Sarcosine,,,,1.0,,1,-1,-1,-1
ENSMUSG00000039377-C,Tyr-Val,,,,1.0,,1,-1,-1,-1
ENSMUSG00000039452-C,"1-Heptanol, 2-propyl-",,1.0,,1.0,,1,-1,-1,-1
ENSMUSG00000039452-C,Chlorobenzilate,,,,-1.0,,1,-1,-1,-1
ENSMUSG00000039452-C,L-Threonine,,,,1.0,-1.0,1,-1,-1,-1
ENSMUSG00000039452-C,Sulindac,,,,-1.0,,1,-1,-1,-1
ENSMUSG00000039477-C,"2-Butene-1,4-diol",,,,1.0,,1,-1,-1,-1
ENSMUSG00000039477-C,Benzeneacetic acid,,,,-1.0,,1,-1,-1,-1
ENSMUSG00000039477-C,"l-Leucine, n-butoxycarbonyl-N-methyl-, hexadecyl ester",,,,-1.0,,1,-1,-1,-1
ENSMUSG00000039477-C,Sulindac,,,,-1.0,,1,-1,-1,-1
ENSMUSG00000039545-C,Benzeneacetic acid,,,,1.0,,1,-1,-1,-1
ENSMUSG00000039545-C,Phthalazin-1-one,,,,1.0,,1,-1,-1,-1
ENSMUSG00000039545-C,Tyr-Val,,,,1.0,,1,-1,-1,-1
ENSMUSG00000039585-C,"2-Butene-1,4-diol",,,,1.0,,1,-1,-1,-1
ENSMUSG00000039585-C,5-Nitroso-8-quinolinol,,,,1.0,,1,-1,-1,-1
ENSMUSG00000039585-C,"6-Methoxy-1-methyl-1,2,3,4-tetrahydroisoquinolin-7-ol",,,,-1.0,,1,-1,-1,-1
ENSMUSG00000039585-C,Benzeneacetic acid,,,,-1.0,,1,-1,-1,-1
ENSMUSG00000039585-C,"l-Leucine, n-butoxycarbonyl-N-methyl-, hexadecyl ester",,,,-1.0,,1,-1,-1,-1
ENSMUSG00000039585-C,"Naringenin 4',7-dimethylether",,,-1.0,-1.0,-1.0,1,1,1,1
ENSMUSG00000039585-C,Sulindac,,,,-1.0,,1,-1,-1,-1
ENSMUSG00000039585-C,Trimethylolpropane,,,,-1.0,-1.0,1,1,1,1
ENSMUSG00000039656-C,"1-Heptanol, 2-propyl-",,-1.0,,-1.0,,1,-1,-1,-1
ENSMUSG00000039656-C,2-Cyanobenzaldehyde,,-1.0,,-1.0,,1,-1,-1,-1
ENSMUSG00000039656-C,"2-Methylcyclohexylamine, tert.-butyldimethylsilyl ether",,,,1.0,,1,-1,-1,-1
ENSMUSG00000039656-C,"4,5-Dihydro-1H-pyrazole",,,,-1.0,,1,-1,-1,-1
ENSMUSG00000039656-C,Chlorobenzilate,,,,-1.0,,1,-1,-1,-1
ENSMUSG00000039656-C,Nonanoic acid,,,1.0,1.0,1.0,1,1,1,1
ENSMUSG00000039704-C,"1-Heptanol, 2-propyl-",,-1.0,,-1.0,,1,-1,-1,-1
ENSMUSG00000039704-C,5-Nitroso-8-quinolinol,,,,1.0,,1,-1,-1,-1
ENSMUSG00000039704-C,Benzeneacetic acid,,,,-1.0,,1,-1,-1,-1
ENSMUSG00000039704-C,"l-Leucine, n-butoxycarbonyl-N-methyl-, hexadecyl ester",,,,-1.0,,1,-1,-1,-1
ENSMUSG00000039713-C,"2,4,6-Cycloheptatrien-1-one",,,,-1.0,1.0,1,-1,-1,-1
ENSMUSG00000039713-C,Azelaic acid,,-1.0,-1.0,-0.9285714285714288,-1.0,1,1,1,1
ENSMUSG00000039713-C,Benzeneacetic acid,,,,-1.0,,1,-1,-1,-1
ENSMUSG00000039713-C,L-Serine,,,,1.0,,1,-1,-1,-1
ENSMUSG00000039713-C,Octadecanoic acid,,,,1.0,,1,-1,-1,-1
ENSMUSG00000039713-C,Octanoic acid,,,,-1.0,,1,-1,-1,-1
ENSMUSG00000039713-C,Sulindac,,,,-1.0,,1,-1,-1,-1
ENSMUSG00000039835-C,"2-Butene-1,4-diol",,,,-1.0,,1,-1,-1,-1
ENSMUSG00000039835-C,5-Nitroso-8-quinolinol,,,,-1.0,,1,-1,-1,-1
ENSMUSG00000039835-C,"6-Methoxy-1-methyl-1,2,3,4-tetrahydroisoquinolin-7-ol",,,,1.0,,1,-1,-1,-1
ENSMUSG00000039835-C,"9Z-Octadecenoic acid, (2S)-3-[(hydroxymercaptophosphinyl)oxy]-2-methoxypropyl ester",,,,1.0,,1,-1,-1,-1
ENSMUSG00000039835-C,"l-Leucine, n-butoxycarbonyl-N-methyl-, hexadecyl ester",,,,1.0,,1,-1,-1,-1
ENSMUSG00000039835-C,L-Norleucine,,1.0,,1.0,,1,-1,-1,-1
ENSMUSG00000039851-C,"1-Heptanol, 2-propyl-",,-1.0,,-1.0,,1,-1,-1,-1
ENSMUSG00000039851-C,"2-Butene-1,4-diol",,,,-1.0,,1,-1,-1,-1
ENSMUSG00000039851-C,5-Nitroso-8-quinolinol,,,,-1.0,,1,-1,-1,-1
ENSMUSG00000039851-C,"6-Methoxy-1-methyl-1,2,3,4-tetrahydroisoquinolin-7-ol",,,,1.0,,1,-1,-1,-1
ENSMUSG00000039851-C,6-Nitroveratryl alcohol,,,,-1.0,,1,-1,-1,-1
ENSMUSG00000039851-C,Benzoic Acid,,0.8660254037844387,1.0,0.9322272357358043,,1,-1,-1,-1
ENSMUSG00000039851-C,"l-Leucine, n-butoxycarbonyl-N-methyl-, hexadecyl ester",,,,1.0,,1,-1,-1,-1
ENSMUSG00000039851-C,L-Threonine,,,,-1.0,-1.0,1,1,1,1
ENSMUSG00000039851-C,Sulindac,,,,1.0,,1,-1,-1,-1
ENSMUSG00000039851-C,Trimethylolpropane,,,,1.0,-1.0,1,-1,-1,-1
ENSMUSG00000040177-C,"1-Heptanol, 2-propyl-",,1.0,,1.0,,1,-1,-1,-1
ENSMUSG00000040177-C,Diclofenac,,,,1.0,,1,-1,-1,-1
ENSMUSG00000040209-C,"1,2-Bis(trimethylsiloxy)cyclohexene",,,,1.0,,1,-1,-1,-1
ENSMUSG00000040209-C,"2-Methylcyclohexylamine, tert.-butyldimethylsilyl ether",,,,1.0,,1,-1,-1,-1
ENSMUSG00000040209-C,Benzeneacetic acid,,,,-1.0,,1,-1,-1,-1
ENSMUSG00000040209-C,Chlorobenzilate,,,,-1.0,,1,-1,-1,-1
ENSMUSG00000040209-C,Cholesterol,,1.0,1.0,0.9761904761904764,-1.0,1,-1,-1,-1
ENSMUSG00000040209-C,L-Serine,,,,1.0,,1,-1,-1,-1
ENSMUSG00000040209-C,Octadecanoic acid,,,,1.0,,1,-1,-1,-1
ENSMUSG00000040209-C,Tyr-Val,,,,-1.0,,1,-1,-1,-1
ENSMUSG00000040351-C,"2-Butene-1,4-diol",,,,1.0,,1,-1,-1,-1
ENSMUSG00000040351-C,5-Nitroso-8-quinolinol,,,,1.0,,1,-1,-1,-1
ENSMUSG00000040351-C,Octadecanoic acid,,,,-1.0,,1,-1,-1,-1
ENSMUSG00000040351-C,Sulindac,,,,-1.0,,1,-1,-1,-1
ENSMUSG00000040389-C,"2-Butene-1,4-diol",,,,-1.0,,1,-1,-1,-1
ENSMUSG00000040389-C,"3,3-Dimethylacrylic acid",,,,1.0,,1,-1,-1,-1
ENSMUSG00000040389-C,"4,5-Dihydro-1H-pyrazole",,,,1.0,,1,-1,-1,-1
ENSMUSG00000040389-C,"6-Methoxy-1-methyl-1,2,3,4-tetrahydroisoquinolin-7-ol",,,,1.0,,1,-1,-1,-1
ENSMUSG00000040389-C,Sulindac,,,,1.0,,1,-1,-1,-1
ENSMUSG00000040389-C,Trimethylolpropane,,,,1.0,-1.0,1,-1,-1,-1
ENSMUSG00000040389-C,Tyr-Val,,,,-1.0,,1,-1,-1,-1
ENSMUSG00000040473-C,"1-Heptanol, 2-propyl-",,1.0,,1.0,,1,-1,-1,-1
ENSMUSG00000040473-C,"3,3-Dimethylacrylic acid",,,,1.0,,1,-1,-1,-1
ENSMUSG00000040473-C,"4,5-Dihydro-1H-pyrazole",,,,1.0,,1,-1,-1,-1
ENSMUSG00000040473-C,Octadecanoic acid,,,,-1.0,,1,-1,-1,-1
ENSMUSG00000040473-C,Sulindac,,,,-1.0,,1,-1,-1,-1
ENSMUSG00000040488-C,"1-Heptanol, 2-propyl-",,-1.0,,-1.0,,1,-1,-1,-1
ENSMUSG00000040488-C,2-Cyanobenzaldehyde,,-1.0,,-1.0,,1,-1,-1,-1
ENSMUSG00000040488-C,"2-Methylcyclohexylamine, tert.-butyldimethylsilyl ether",,,,1.0,,1,-1,-1,-1
ENSMUSG00000040488-C,Benzeneacetic acid,,,,-1.0,,1,-1,-1,-1
ENSMUSG00000040488-C,Chlorobenzilate,,,,-1.0,,1,-1,-1,-1
ENSMUSG00000040488-C,Cholesterol,,0.5,1.0,0.9523809523809524,-1.0,1,-1,-1,-1
ENSMUSG00000040520-C,"3,3-Dimethylacrylic acid",,,,1.0,,1,-1,-1,-1
ENSMUSG00000040520-C,"4,5-Dihydro-1H-pyrazole",,,,1.0,,1,-1,-1,-1
ENSMUSG00000040520-C,"6-Methoxy-1-methyl-1,2,3,4-tetrahydroisoquinolin-7-ol",,,,1.0,,1,-1,-1,-1
ENSMUSG00000040520-C,Adipoyl-L-carnitine,,,,-1.0,,1,-1,-1,-1
ENSMUSG00000040520-C,Chlorobenzilate,,,,1.0,,1,-1,-1,-1
ENSMUSG00000040520-C,Luciferin,,,,-1.0,,1,-1,-1,-1
ENSMUSG00000040520-C,Tyr-Val,,,,-1.0,,1,-1,-1,-1
ENSMUSG00000040532-C,"1,2-Bis(trimethylsiloxy)cyclohexene",,,,1.0,,1,-1,-1,-1
ENSMUSG00000040532-C,"2-Butene-1,4-diol",,,,1.0,,1,-1,-1,-1
ENSMUSG00000040532-C,"3,3-Dimethylacrylic acid",,,,-1.0,,1,-1,-1,-1
ENSMUSG00000040532-C,L-Threonine,,,,1.0,1.0,1,1,1,1
ENSMUSG00000040532-C,Lupinine,,1.0,,1.0,,1,-1,-1,-1
ENSMUSG00000040532-C,Sulindac,,,,-1.0,,1,-1,-1,-1
ENSMUSG00000040532-C,Tyr-Val,,,,1.0,,1,-1,-1,-1
ENSMUSG00000040652-C,"1-Heptanol, 2-propyl-",,-1.0,,-1.0,,1,-1,-1,-1
ENSMUSG00000040652-C,"2-Methylcyclohexylamine, tert.-butyldimethylsilyl ether",,,,1.0,,1,-1,-1,-1
ENSMUSG00000040652-C,"4,5-Dihydro-1H-pyrazole",,,,-1.0,,1,-1,-1,-1
ENSMUSG00000040652-C,5-Nitroso-8-quinolinol,,,,-1.0,,1,-1,-1,-1
ENSMUSG00000040652-C,6-Nitroveratryl alcohol,,,,-1.0,,1,-1,-1,-1
ENSMUSG00000040652-C,Chlorobenzilate,,,,-1.0,,1,-1,-1,-1
ENSMUSG00000040652-C,Tyr-Val,,,,1.0,,1,-1,-1,-1
ENSMUSG00000040661-C,"2-Butene-1,4-diol",,,,1.0,,1,-1,-1,-1
ENSMUSG00000040661-C,Benzeneacetic acid,,,,-1.0,,1,-1,-1,-1
ENSMUSG00000040661-C,Luciferin,,,,-1.0,,1,-1,-1,-1
ENSMUSG00000040661-C,Sulindac,,,,-1.0,,1,-1,-1,-1
ENSMUSG00000040661-C,Tyr-Val,,,,-1.0,,1,-1,-1,-1
ENSMUSG00000040760-C,"4,5-Dihydro-1H-pyrazole",,,,1.0,,1,-1,-1,-1
ENSMUSG00000040760-C,Benzeneacetic acid,,,,-1.0,,1,-1,-1,-1
ENSMUSG00000040760-C,Chlorobenzilate,,,,-1.0,,1,-1,-1,-1
ENSMUSG00000040760-C,"l-Norvaline, n-propargyloxycarbonyl-, isohexyl ester",,,,1.0,-1.0,1,-1,-1,-1
ENSMUSG00000040760-C,Sulindac,,,,1.0,,1,-1,-1,-1
ENSMUSG00000040760-C,Tyr-Val,,,,-1.0,,1,-1,-1,-1
ENSMUSG00000040940-C,1-Octadecanol,,,,1.0,1.0,1,1,1,1
ENSMUSG00000040940-C,Benzeneacetic acid,,,,-1.0,,1,-1,-1,-1
ENSMUSG00000040940-C,DL-Glyceraldehyde,,1.0,0.8660254037844387,0.95150257112482,,1,-1,-1,-1
ENSMUSG00000040940-C,Lupinine,,1.0,,1.0,,1,-1,-1,-1
ENSMUSG00000040940-C,Prostaglandin,,,1.0,1.0,,1,-1,-1,-1
ENSMUSG00000040940-C,Tyr-Val,,,,-1.0,,1,-1,-1,-1
ENSMUSG00000040957-C,3-Hydroxymethyl-2-trimethylsilyloxypentane,,1.0,,1.0,,1,-1,-1,-1
ENSMUSG00000040957-C,Chlorobenzilate,,,,1.0,,1,-1,-1,-1
ENSMUSG00000040957-C,Sulindac,,,,-1.0,,1,-1,-1,-1
ENSMUSG00000041058-C,"1-Heptanol, 2-propyl-",,-1.0,,-1.0,,1,-1,-1,-1
ENSMUSG00000041058-C,2-Cyanobenzaldehyde,,-1.0,,-1.0,,1,-1,-1,-1
ENSMUSG00000041058-C,5-Nitroso-8-quinolinol,,,,1.0,,1,-1,-1,-1
ENSMUSG00000041058-C,"6-Methoxy-1-methyl-1,2,3,4-tetrahydroisoquinolin-7-ol",,,,-1.0,,1,-1,-1,-1
ENSMUSG00000041058-C,Benzeneacetic acid,,,,-1.0,,1,-1,-1,-1
ENSMUSG00000041058-C,N-Acetyl-L-alanine,,-1.0,-1.0,-0.9880235200593538,-1.0,1,1,1,1
ENSMUSG00000041058-C,Tyr-Val,,,,-1.0,,1,-1,-1,-1
ENSMUSG00000041153-C,"1-Heptanol, 2-propyl-",,1.0,,1.0,,1,-1,-1,-1
ENSMUSG00000041153-C,"3,3-Dimethylacrylic acid",,,,1.0,,1,-1,-1,-1
ENSMUSG00000041153-C,"4,5-Dihydro-1H-pyrazole",,,,1.0,,1,-1,-1,-1
ENSMUSG00000041153-C,"6-Methoxy-1-methyl-1,2,3,4-tetrahydroisoquinolin-7-ol",,,,1.0,,1,-1,-1,-1
ENSMUSG00000041153-C,Benzeneacetic acid,,,,-1.0,,1,-1,-1,-1
ENSMUSG00000041153-C,L-Threonine,,,,1.0,-1.0,1,-1,-1,-1
ENSMUSG00000041153-C,m-Toluic acid,,-0.5,-1.0,-0.9461247469114746,,1,-1,-1,-1
ENSMUSG00000041153-C,Sulindac,,,,-1.0,,1,-1,-1,-1
ENSMUSG00000041229-C,"1-Heptanol, 2-propyl-",,1.0,,1.0,,1,-1,-1,-1
ENSMUSG00000041229-C,"2-Methylcyclohexylamine, tert.-butyldimethylsilyl ether",,,,-1.0,,1,-1,-1,-1
ENSMUSG00000041229-C,"4,5-Dihydro-1H-pyrazole",,,,1.0,,1,-1,-1,-1
ENSMUSG00000041229-C,5-Nitroso-8-quinolinol,,,,1.0,,1,-1,-1,-1
ENSMUSG00000041229-C,6-Nitroveratryl alcohol,,,,1.0,,1,-1,-1,-1
ENSMUSG00000041229-C,Chlorobenzilate,,,,1.0,,1,-1,-1,-1
ENSMUSG00000041229-C,Sulindac,,,,-1.0,,1,-1,-1,-1
ENSMUSG00000041361-C,L-Serine,,,,1.0,,1,-1,-1,-1
ENSMUSG00000041361-C,Octadecanoic acid,,,,1.0,,1,-1,-1,-1
ENSMUSG00000041361-C,Phthalazin-1-one,,,,1.0,,1,-1,-1,-1
ENSMUSG00000041361-C,Sulindac,,,,-1.0,,1,-1,-1,-1
ENSMUSG00000041548-C,"1,2-Bis(trimethylsiloxy)cyclohexene",,,,-1.0,,1,-1,-1,-1
ENSMUSG00000041548-C,"1,3-Oxazolidine, 2,5-diphenyl-4-methyl-, trans-",,-0.5,-0.5,-0.9277781834703688,,1,-1,-1,-1
ENSMUSG00000041548-C,"6-Methoxy-1-methyl-1,2,3,4-tetrahydroisoquinolin-7-ol",,,,1.0,,1,-1,-1,-1
ENSMUSG00000041548-C,Benzeneacetic acid,,,,-1.0,,1,-1,-1,-1
ENSMUSG00000041548-C,Chlorobenzilate,,,,-1.0,,1,-1,-1,-1
ENSMUSG00000041548-C,Sulindac,,,,-1.0,,1,-1,-1,-1
ENSMUSG00000041594-C,"1-Heptanol, 2-propyl-",,1.0,,1.0,,1,-1,-1,-1
ENSMUSG00000041594-C,2-Ethylhexanoic acid,,1.0,0.8660254037844387,0.9221722216732094,1.0,1,1,1,1
ENSMUSG00000041594-C,5-Nitroso-8-quinolinol,,,,1.0,,1,-1,-1,-1
ENSMUSG00000041594-C,"6-Methoxy-1-methyl-1,2,3,4-tetrahydroisoquinolin-7-ol",,,,-1.0,,1,-1,-1,-1
ENSMUSG00000041594-C,Chlorobenzilate,,,,1.0,,1,-1,-1,-1
ENSMUSG00000041594-C,"l-Leucine, n-butoxycarbonyl-N-methyl-, hexadecyl ester",,,,-1.0,,1,-1,-1,-1
ENSMUSG00000041594-C,Tyr-Val,,,,-1.0,,1,-1,-1,-1
ENSMUSG00000041605-C,"1,2-Bis(trimethylsiloxy)cyclohexene",,,,1.0,,1,-1,-1,-1
ENSMUSG00000041605-C,"6-Methoxy-1-methyl-1,2,3,4-tetrahydroisoquinolin-7-ol",,,,-1.0,,1,-1,-1,-1
ENSMUSG00000041605-C,Octadecanoic acid,,,,1.0,,1,-1,-1,-1
ENSMUSG00000041633-C,"1-Heptanol, 2-propyl-",,-1.0,,-1.0,,1,-1,-1,-1
ENSMUSG00000041633-C,2-Cyanobenzaldehyde,,-1.0,,-1.0,,1,-1,-1,-1
ENSMUSG00000041633-C,2-Ethyl-1-butanol,,-1.0,,-1.0,,1,-1,-1,-1
ENSMUSG00000041633-C,"3,3-Dimethylacrylic acid",,,,1.0,,1,-1,-1,-1
ENSMUSG00000041633-C,"4,5-Dihydro-1H-pyrazole",,,,1.0,,1,-1,-1,-1
ENSMUSG00000041633-C,5-Nitroso-8-quinolinol,,,,1.0,,1,-1,-1,-1
ENSMUSG00000041633-C,Adipoyl-L-carnitine,,,,-1.0,,1,-1,-1,-1
ENSMUSG00000041633-C,Heptanoic acid,,-1.0,-1.0,-0.9277781834703688,,1,-1,-1,-1
ENSMUSG00000041633-C,L-Ornithine,,,,1.0,,1,-1,-1,-1
ENSMUSG00000041633-C,Octadecanoic acid,,,,-1.0,,1,-1,-1,-1
ENSMUSG00000041633-C,Sarcosine,,,,-1.0,,1,-1,-1,-1
ENSMUSG00000041649-C,"3,3-Dimethylacrylic acid",,,,1.0,,1,-1,-1,-1
ENSMUSG00000041649-C,3-Hydroxymethyl-2-trimethylsilyloxypentane,,1.0,,1.0,,1,-1,-1,-1
ENSMUSG00000041649-C,5-Nitroso-8-quinolinol,,,,1.0,,1,-1,-1,-1
ENSMUSG00000041649-C,"6-Methoxy-1-methyl-1,2,3,4-tetrahydroisoquinolin-7-ol",,,,-1.0,,1,-1,-1,-1
ENSMUSG00000041649-C,Chlorobenzilate,,,,1.0,,1,-1,-1,-1
ENSMUSG00000041649-C,"l-Leucine, n-butoxycarbonyl-N-methyl-, hexadecyl ester",,,,-1.0,,1,-1,-1,-1
ENSMUSG00000041669-C,"2-Butene-1,4-diol",,,,-1.0,,1,-1,-1,-1
ENSMUSG00000041669-C,Octadecanoic acid,,,,1.0,,1,-1,-1,-1
ENSMUSG00000041669-C,Phthalazin-1-one,,,,1.0,,1,-1,-1,-1
ENSMUSG00000041685-C,5-Nitroso-8-quinolinol,,,,1.0,,1,-1,-1,-1
ENSMUSG00000041685-C,"6-Methoxy-1-methyl-1,2,3,4-tetrahydroisoquinolin-7-ol",,,,-1.0,,1,-1,-1,-1
ENSMUSG00000041685-C,Chlorobenzilate,,,,1.0,,1,-1,-1,-1
ENSMUSG00000041685-C,"l-Leucine, n-butoxycarbonyl-N-methyl-, hexadecyl ester",,,,-1.0,,1,-1,-1,-1
ENSMUSG00000041685-C,L-Threonine,,,,-1.0,-1.0,1,1,1,1
ENSMUSG00000041685-C,Sulindac,,,,1.0,,1,-1,-1,-1
ENSMUSG00000041685-C,Tyr-Val,,,,-1.0,,1,-1,-1,-1
ENSMUSG00000041805-C,5-Nitroso-8-quinolinol,,,,1.0,,1,-1,-1,-1
ENSMUSG00000041805-C,"6-Methoxy-1-methyl-1,2,3,4-tetrahydroisoquinolin-7-ol",,,,-1.0,,1,-1,-1,-1
ENSMUSG00000041841-C,Chlorobenzilate,,,,-1.0,,1,-1,-1,-1
ENSMUSG00000041841-C,L-Glutamic acid,,,,-1.0,,1,-1,-1,-1
ENSMUSG00000042099-C,"3,4,5-Trimethoxyamphetamine",,1.0,1.0,0.9642857142857144,,1,-1,-1,-1
ENSMUSG00000042099-C,"1-Heptanol, 2-propyl-",,1.0,,1.0,,1,-1,-1,-1
ENSMUSG00000042099-C,2-Ethyl-1-butanol,,1.0,,1.0,,1,-1,-1,-1
ENSMUSG00000042099-C,L-Valine,,1.0,1.0,0.9221722216732094,,1,-1,-1,-1
ENSMUSG00000042099-C,Tyr-Val,,,,-1.0,,1,-1,-1,-1
ENSMUSG00000042249-C,"2-Butene-1,4-diol",,,,1.0,,1,-1,-1,-1
ENSMUSG00000042249-C,5-Nitroso-8-quinolinol,,,,1.0,,1,-1,-1,-1
ENSMUSG00000042249-C,"6-Methoxy-1-methyl-1,2,3,4-tetrahydroisoquinolin-7-ol",,,,-1.0,,1,-1,-1,-1
ENSMUSG00000042249-C,Benzeneacetic acid,,,,-1.0,,1,-1,-1,-1
ENSMUSG00000042249-C,Sulindac,,,,-1.0,,1,-1,-1,-1
ENSMUSG00000042249-C,Tyr-Val,,,,-1.0,,1,-1,-1,-1
ENSMUSG00000042302-C,"2-Butene-1,4-diol",,,,1.0,,1,-1,-1,-1
ENSMUSG00000042302-C,3-Hydroxymethyl-2-trimethylsilyloxypentane,,-1.0,,-1.0,,1,-1,-1,-1
ENSMUSG00000042302-C,5-Nitroso-8-quinolinol,,,,1.0,,1,-1,-1,-1
ENSMUSG00000042302-C,Benzeneacetic acid,,,,-1.0,,1,-1,-1,-1
ENSMUSG00000042302-C,Citramalic acid,,-1.0,-0.5,-0.9221722216732094,1.0,1,-1,-1,-1
ENSMUSG00000042302-C,Guanosine,,,1.0,1.0,1.0,1,1,1,1
ENSMUSG00000042302-C,L-Glutamic acid,,,,1.0,,1,-1,-1,-1
ENSMUSG00000042302-C,Trimethylolpropane,,,,-1.0,-1.0,1,1,1,1
ENSMUSG00000042302-C,Tyr-Val,,,,-1.0,,1,-1,-1,-1
ENSMUSG00000042396-C,"1-Heptanol, 2-propyl-",,1.0,,1.0,,1,-1,-1,-1
ENSMUSG00000042396-C,"3,3-Dimethylacrylic acid",,,,1.0,,1,-1,-1,-1
ENSMUSG00000042396-C,"4,5-Dihydro-1H-pyrazole",,,,1.0,,1,-1,-1,-1
ENSMUSG00000042396-C,"6-Methoxy-1-methyl-1,2,3,4-tetrahydroisoquinolin-7-ol",,,,1.0,,1,-1,-1,-1
ENSMUSG00000042396-C,Benzeneacetic acid,,,,-1.0,,1,-1,-1,-1
ENSMUSG00000042396-C,L-Threonine,,,,1.0,-1.0,1,-1,-1,-1
ENSMUSG00000042396-C,m-Toluic acid,,-0.5,-1.0,-0.9461247469114746,,1,-1,-1,-1
ENSMUSG00000042408-C,5-Nitroso-8-quinolinol,,,,1.0,,1,-1,-1,-1
ENSMUSG00000042408-C,"6-Methoxy-1-methyl-1,2,3,4-tetrahydroisoquinolin-7-ol",,,,-1.0,,1,-1,-1,-1
ENSMUSG00000042408-C,Benzeneacetic acid,,,,-1.0,,1,-1,-1,-1
ENSMUSG00000042408-C,L-Threonine,,,,1.0,-1.0,1,-1,-1,-1
ENSMUSG00000042408-C,Sulindac,,,,-1.0,,1,-1,-1,-1
ENSMUSG00000042408-C,Tyr-Val,,,,-1.0,,1,-1,-1,-1
ENSMUSG00000042462-C,5-Nitroso-8-quinolinol,,,,-1.0,,1,-1,-1,-1
ENSMUSG00000042462-C,6-Nitroveratryl alcohol,,,,-1.0,,1,-1,-1,-1
ENSMUSG00000042462-C,Chlorobenzilate,,,,-1.0,,1,-1,-1,-1
ENSMUSG00000042462-C,Sarcosine,,,,1.0,,1,-1,-1,-1
ENSMUSG00000042496-C,"1-Heptanol, 2-propyl-",,1.0,,1.0,,1,-1,-1,-1
ENSMUSG00000042496-C,"2-Butene-1,4-diol",,,,1.0,,1,-1,-1,-1
ENSMUSG00000042496-C,Chlorobenzilate,,,,1.0,,1,-1,-1,-1
ENSMUSG00000042496-C,Nonanoic acid,,,-0.5,-0.9642857142857144,-1.0,1,1,1,1
ENSMUSG00000042496-C,Sulindac,,,,-1.0,,1,-1,-1,-1
ENSMUSG00000042508-C,"1-Heptanol, 2-propyl-",,1.0,,1.0,,1,-1,-1,-1
ENSMUSG00000042508-C,"2-Butene-1,4-diol",,,,-1.0,,1,-1,-1,-1
ENSMUSG00000042508-C,"2-Methylcyclohexylamine, tert.-butyldimethylsilyl ether",,,,-1.0,,1,-1,-1,-1
ENSMUSG00000042508-C,"3,3-Dimethylacrylic acid",,,,1.0,,1,-1,-1,-1
ENSMUSG00000042508-C,"4,5-Dihydro-1H-pyrazole",,,,1.0,,1,-1,-1,-1
ENSMUSG00000042508-C,5-Nitroso-8-quinolinol,,,,1.0,,1,-1,-1,-1
ENSMUSG00000042508-C,Adipoyl-L-carnitine,,,,-1.0,,1,-1,-1,-1
ENSMUSG00000042508-C,L-Ornithine,,,,1.0,,1,-1,-1,-1
ENSMUSG00000042508-C,Octadecanoic acid,,,,-1.0,,1,-1,-1,-1
ENSMUSG00000042508-C,Octanoic acid,,,,1.0,,1,-1,-1,-1
ENSMUSG00000042595-C,"3,3-Dimethylacrylic acid",,,,1.0,,1,-1,-1,-1
ENSMUSG00000042595-C,"4,5-Dihydro-1H-pyrazole",,,,1.0,,1,-1,-1,-1
ENSMUSG00000042595-C,"6-Methoxy-1-methyl-1,2,3,4-tetrahydroisoquinolin-7-ol",,,,1.0,,1,-1,-1,-1
ENSMUSG00000042670-C,"1-Heptanol, 2-propyl-",,1.0,,1.0,,1,-1,-1,-1
ENSMUSG00000042670-C,"3,3-Dimethylacrylic acid",,,,1.0,,1,-1,-1,-1
ENSMUSG00000042670-C,"4,5-Dihydro-1H-pyrazole",,,,1.0,,1,-1,-1,-1
ENSMUSG00000042670-C,"6-Methoxy-1-methyl-1,2,3,4-tetrahydroisoquinolin-7-ol",,,,1.0,,1,-1,-1,-1
ENSMUSG00000042670-C,Sulindac,,,,-1.0,,1,-1,-1,-1
ENSMUSG00000042747-C,5-Nitroso-8-quinolinol,,,,-1.0,,1,-1,-1,-1
ENSMUSG00000042747-C,"6-Methoxy-1-methyl-1,2,3,4-tetrahydroisoquinolin-7-ol",,,,1.0,,1,-1,-1,-1
ENSMUSG00000042747-C,6-Nitroveratryl alcohol,,,,-1.0,,1,-1,-1,-1
ENSMUSG00000042747-C,Chlorobenzilate,,,,-1.0,,1,-1,-1,-1
ENSMUSG00000042747-C,"l-Leucine, n-butoxycarbonyl-N-methyl-, hexadecyl ester",,,,1.0,,1,-1,-1,-1
ENSMUSG00000042747-C,Sulindac,,,,-1.0,,1,-1,-1,-1
ENSMUSG00000042747-C,Tyr-Val,,,,1.0,,1,-1,-1,-1
ENSMUSG00000043085-C,"1-Heptanol, 2-propyl-",,-1.0,,-1.0,,1,-1,-1,-1
ENSMUSG00000043085-C,5-Nitroso-8-quinolinol,,,,-1.0,,1,-1,-1,-1
ENSMUSG00000043085-C,6-Nitroveratryl alcohol,,,,-1.0,,1,-1,-1,-1
ENSMUSG00000043085-C,L-Threonine,,,,-1.0,1.0,1,-1,-1,-1
ENSMUSG00000043257-C,"2-Butene-1,4-diol",,,,-1.0,,1,-1,-1,-1
ENSMUSG00000043257-C,Benzeneacetic acid,,,,1.0,,1,-1,-1,-1
ENSMUSG00000043257-C,Cyclobutylamine,,1.0,1.0,0.9697815168769668,,1,-1,-1,-1
ENSMUSG00000043257-C,Cyclooctylamine,,1.0,1.0,0.9398272507881658,1.0,1,1,1,1
ENSMUSG00000043257-C,Diclofenac,,,,1.0,,1,-1,-1,-1
ENSMUSG00000043257-C,"Naringenin 4',7-dimethylether",,,1.0,1.0,-1.0,1,-1,-1,-1
ENSMUSG00000043257-C,Sulindac,,,,1.0,,1,-1,-1,-1
ENSMUSG00000043257-C,Trimethylolpropane,,,,1.0,-1.0,1,-1,-1,-1
ENSMUSG00000043298-C,"2-Butene-1,4-diol",,,,1.0,,1,-1,-1,-1
ENSMUSG00000043298-C,Benzeneacetic acid,,,,-1.0,,1,-1,-1,-1
ENSMUSG00000043298-C,"l-Leucine, n-butoxycarbonyl-N-methyl-, hexadecyl ester",,,,-1.0,,1,-1,-1,-1
ENSMUSG00000043313-C,"1-Heptanol, 2-propyl-",,-1.0,,-1.0,,1,-1,-1,-1
ENSMUSG00000043313-C,2-Cyanobenzaldehyde,,-1.0,,-1.0,,1,-1,-1,-1
ENSMUSG00000043313-C,"2-Methylcyclohexylamine, tert.-butyldimethylsilyl ether",,,,1.0,,1,-1,-1,-1
ENSMUSG00000043313-C,alpha-Hydroxyisobutyric acid,,-1.0,,-1.0,,1,-1,-1,-1
ENSMUSG00000043313-C,Benzeneacetic acid,,,,-1.0,,1,-1,-1,-1
ENSMUSG00000043313-C,Octanoic acid,,,,-1.0,,1,-1,-1,-1
ENSMUSG00000043313-C,Sulindac,,,,-1.0,,1,-1,-1,-1
ENSMUSG00000043372-C,5-Nitroso-8-quinolinol,,,,1.0,,1,-1,-1,-1
ENSMUSG00000043372-C,Octadecanoic acid,,,,-1.0,,1,-1,-1,-1
ENSMUSG00000043372-C,Sulindac,,,,-1.0,,1,-1,-1,-1
ENSMUSG00000043372-C,Tyr-Val,,,,1.0,,1,-1,-1,-1
ENSMUSG00000043467-C,"2-Butene-1,4-diol",,,,1.0,,1,-1,-1,-1
ENSMUSG00000043467-C,5-Nitroso-8-quinolinol,,,,1.0,,1,-1,-1,-1
ENSMUSG00000043467-C,"6-Methoxy-1-methyl-1,2,3,4-tetrahydroisoquinolin-7-ol",,,,-1.0,,1,-1,-1,-1
ENSMUSG00000043467-C,N-Isobutyrylglycine,,0.5,1.0,0.934148484292342,,1,-1,-1,-1
ENSMUSG00000043467-C,Octadecanoic acid,,,,-1.0,,1,-1,-1,-1
ENSMUSG00000043467-C,Sulindac,,,,-1.0,,1,-1,-1,-1
ENSMUSG00000043467-C,Tyr-Val,,,,1.0,,1,-1,-1,-1
ENSMUSG00000043510-C,"1,2-Bis(trimethylsiloxy)cyclohexene",,,,1.0,,1,-1,-1,-1
ENSMUSG00000043510-C,"1-Heptanol, 2-propyl-",,1.0,,1.0,,1,-1,-1,-1
ENSMUSG00000043510-C,"2-Butene-1,4-diol",,,,1.0,,1,-1,-1,-1
ENSMUSG00000043510-C,"3,3-Dimethylacrylic acid",,,,-1.0,,1,-1,-1,-1
ENSMUSG00000043510-C,5-Nitroso-8-quinolinol,,,,1.0,,1,-1,-1,-1
ENSMUSG00000043510-C,"6-Methoxy-1-methyl-1,2,3,4-tetrahydroisoquinolin-7-ol",,,,-1.0,,1,-1,-1,-1
ENSMUSG00000043510-C,6-Nitroveratryl alcohol,,,,1.0,,1,-1,-1,-1
ENSMUSG00000043510-C,Chlorobenzilate,,,,1.0,,1,-1,-1,-1
ENSMUSG00000043510-C,Trimethylolpropane,,,,-1.0,-1.0,1,1,1,1
ENSMUSG00000043635-C,"3,3-Dimethylacrylic acid",,,,-1.0,,1,-1,-1,-1
ENSMUSG00000043635-C,Chlorobenzilate,,,,-1.0,,1,-1,-1,-1
ENSMUSG00000043635-C,Sulindac,,,,1.0,,1,-1,-1,-1
ENSMUSG00000043857-C,"1-Heptanol, 2-propyl-",,1.0,,1.0,,1,-1,-1,-1
ENSMUSG00000043857-C,1-Octadecanol,,,,1.0,1.0,1,1,1,1
ENSMUSG00000043857-C,5-Nitroso-8-quinolinol,,,,1.0,,1,-1,-1,-1
ENSMUSG00000043857-C,"6-Methoxy-1-methyl-1,2,3,4-tetrahydroisoquinolin-7-ol",,,,-1.0,,1,-1,-1,-1
ENSMUSG00000043857-C,L-Threonine,,,,1.0,-1.0,1,-1,-1,-1
ENSMUSG00000043857-C,Octadecanoic acid,,,,-1.0,,1,-1,-1,-1
ENSMUSG00000043857-C,Sulindac,,,,-1.0,,1,-1,-1,-1
ENSMUSG00000043903-C,"1-Heptanol, 2-propyl-",,-1.0,,-1.0,,1,-1,-1,-1
ENSMUSG00000043903-C,"2-Butene-1,4-diol",,,,-1.0,,1,-1,-1,-1
ENSMUSG00000043903-C,"3,3-Dimethylacrylic acid",,,,-1.0,,1,-1,-1,-1
ENSMUSG00000043903-C,5-Nitroso-8-quinolinol,,,,-1.0,,1,-1,-1,-1
ENSMUSG00000043903-C,Adipoyl-L-carnitine,,,,-1.0,,1,-1,-1,-1
ENSMUSG00000043903-C,Chlorobenzilate,,,,-1.0,,1,-1,-1,-1
ENSMUSG00000043903-C,"l-Leucine, n-butoxycarbonyl-N-methyl-, hexadecyl ester",,,,1.0,,1,-1,-1,-1
ENSMUSG00000043948-C,"1-Heptanol, 2-propyl-",,-1.0,,-1.0,,1,-1,-1,-1
ENSMUSG00000043948-C,"2-Butene-1,4-diol",,,,1.0,,1,-1,-1,-1
ENSMUSG00000043948-C,2-Cyanobenzaldehyde,,-1.0,,-1.0,,1,-1,-1,-1
ENSMUSG00000043948-C,"2-Methylcyclohexylamine, tert.-butyldimethylsilyl ether",,,,1.0,,1,-1,-1,-1
ENSMUSG00000043948-C,Benzeneacetic acid,,,,-1.0,,1,-1,-1,-1
ENSMUSG00000043948-C,Luciferin,,,,-1.0,,1,-1,-1,-1
ENSMUSG00000043948-C,Octanoic acid,,,,-1.0,,1,-1,-1,-1
ENSMUSG00000043948-C,Tyr-Val,,,,-1.0,,1,-1,-1,-1
ENSMUSG00000044150-C,"l-Leucine, n-butoxycarbonyl-N-methyl-, hexadecyl ester",,,,-1.0,,1,-1,-1,-1
ENSMUSG00000044150-C,L-Threonine,,,,-1.0,-1.0,1,1,1,1
ENSMUSG00000044150-C,Prostaglandin,,,1.0,1.0,,1,-1,-1,-1
ENSMUSG00000044150-C,Tyr-Val,,,,-1.0,,1,-1,-1,-1
ENSMUSG00000044216-C,"2-Methylcyclohexylamine, tert.-butyldimethylsilyl ether",,,,1.0,,1,-1,-1,-1
ENSMUSG00000044216-C,"4,5-Dihydro-1H-pyrazole",,,,-1.0,,1,-1,-1,-1
ENSMUSG00000044216-C,5-Nitroso-8-quinolinol,,,,-1.0,,1,-1,-1,-1
ENSMUSG00000044216-C,6-Nitroveratryl alcohol,,,,-1.0,,1,-1,-1,-1
ENSMUSG00000044216-C,Luciferin,,,,-1.0,,1,-1,-1,-1
ENSMUSG00000044216-C,Octanoic acid,,,,-1.0,,1,-1,-1,-1
ENSMUSG00000044328-C,"1,2-Bis(trimethylsiloxy)cyclohexene",,,,1.0,,1,-1,-1,-1
ENSMUSG00000044328-C,"1-Heptanol, 2-propyl-",,-1.0,,-1.0,,1,-1,-1,-1
ENSMUSG00000044328-C,"2-Butene-1,4-diol",,,,1.0,,1,-1,-1,-1
ENSMUSG00000044328-C,2-Cyanobenzaldehyde,,-1.0,,-1.0,,1,-1,-1,-1
ENSMUSG00000044328-C,"2-Methylcyclohexylamine, tert.-butyldimethylsilyl ether",,,,1.0,,1,-1,-1,-1
ENSMUSG00000044328-C,Benzeneacetic acid,,,,-1.0,,1,-1,-1,-1
ENSMUSG00000044328-C,L-Serine,,,,1.0,,1,-1,-1,-1
ENSMUSG00000044328-C,Luciferin,,,,-1.0,,1,-1,-1,-1
ENSMUSG00000044328-C,Octadecanoic acid,,,,1.0,,1,-1,-1,-1
ENSMUSG00000044328-C,Octanoic acid,,,,-1.0,,1,-1,-1,-1
ENSMUSG00000044328-C,Tyr-Val,,,,-1.0,,1,-1,-1,-1
ENSMUSG00000044337-C,"1,2-Bis(trimethylsiloxy)cyclohexene",,,,1.0,,1,-1,-1,-1
ENSMUSG00000044337-C,1-Octadecanol,,,,1.0,1.0,1,1,1,1
ENSMUSG00000044337-C,"9Z-Octadecenoic acid, (2S)-3-[(hydroxymercaptophosphinyl)oxy]-2-methoxypropyl ester",,,,1.0,,1,-1,-1,-1
ENSMUSG00000044337-C,L-Threonine,,,,1.0,-1.0,1,-1,-1,-1
ENSMUSG00000044550-C,"1-Heptanol, 2-propyl-",,1.0,,1.0,,1,-1,-1,-1
ENSMUSG00000044550-C,Chlorobenzilate,,,,-1.0,,1,-1,-1,-1
ENSMUSG00000044550-C,"l-Leucine, n-butoxycarbonyl-N-methyl-, hexadecyl ester",,,,1.0,,1,-1,-1,-1
ENSMUSG00000044550-C,L-Threonine,,,,1.0,1.0,1,1,1,1
ENSMUSG00000044791-C,"2-Butene-1,4-diol",,,,1.0,,1,-1,-1,-1
ENSMUSG00000044791-C,Benzeneacetic acid,,,,-1.0,,1,-1,-1,-1
ENSMUSG00000044791-C,Guanosine,,,1.0,1.0,1.0,1,1,1,1
ENSMUSG00000044816-C,"1-Heptanol, 2-propyl-",,1.0,,1.0,,1,-1,-1,-1
ENSMUSG00000044816-C,"3,3-Dimethylacrylic acid",,,,1.0,,1,-1,-1,-1
ENSMUSG00000044816-C,"4,5-Dihydro-1H-pyrazole",,,,1.0,,1,-1,-1,-1
ENSMUSG00000044816-C,Benzeneacetic acid,,,,-1.0,,1,-1,-1,-1
ENSMUSG00000044816-C,L-Threonine,,,,1.0,-1.0,1,-1,-1,-1
ENSMUSG00000044816-C,Sulindac,,,,-1.0,,1,-1,-1,-1
ENSMUSG00000044927-C,"1,2-Bis(trimethylsiloxy)cyclohexene",,,,1.0,,1,-1,-1,-1
ENSMUSG00000044927-C,"2-Butene-1,4-diol",,,,1.0,,1,-1,-1,-1
ENSMUSG00000044927-C,Tyr-Val,,,,1.0,,1,-1,-1,-1
ENSMUSG00000045005-C,Phthalazin-1-one,,,,1.0,,1,-1,-1,-1
ENSMUSG00000045007-C,"1-Heptanol, 2-propyl-",,-1.0,,-1.0,,1,-1,-1,-1
ENSMUSG00000045007-C,5-Nitroso-8-quinolinol,,,,-1.0,,1,-1,-1,-1
ENSMUSG00000045007-C,6-Nitroveratryl alcohol,,,,-1.0,,1,-1,-1,-1
ENSMUSG00000045007-C,Chlorobenzilate,,,,-1.0,,1,-1,-1,-1
ENSMUSG00000045007-C,L-Glutamic acid,,,,-1.0,,1,-1,-1,-1
ENSMUSG00000045007-C,Sulindac,,,,-1.0,,1,-1,-1,-1
ENSMUSG00000045007-C,Tyr-Val,,,,1.0,,1,-1,-1,-1
ENSMUSG00000045036-C,"1,2-Bis(trimethylsiloxy)cyclohexene",,,,1.0,,1,-1,-1,-1
ENSMUSG00000045036-C,"1-Heptanol, 2-propyl-",,-1.0,,-1.0,,1,-1,-1,-1
ENSMUSG00000045036-C,"3,3-Dimethylacrylic acid",,,,-1.0,,1,-1,-1,-1
ENSMUSG00000045036-C,Chlorobenzilate,,,,1.0,,1,-1,-1,-1
ENSMUSG00000045036-C,L-Threonine,,,,-1.0,1.0,1,-1,-1,-1
ENSMUSG00000045036-C,Octadecanoic acid,,,,1.0,,1,-1,-1,-1
ENSMUSG00000045036-C,Sulindac,,,,1.0,,1,-1,-1,-1
ENSMUSG00000045210-C,"2-Butene-1,4-diol",,,,1.0,,1,-1,-1,-1
ENSMUSG00000045210-C,3-Hydroxymethyl-2-trimethylsilyloxypentane,,-1.0,,-1.0,,1,-1,-1,-1
ENSMUSG00000045210-C,5-Nitroso-8-quinolinol,,,,1.0,,1,-1,-1,-1
ENSMUSG00000045210-C,Benzeneacetic acid,,,,-1.0,,1,-1,-1,-1
ENSMUSG00000045210-C,Guanosine,,,1.0,1.0,1.0,1,1,1,1
ENSMUSG00000045210-C,L-Glutamic acid,,,,1.0,,1,-1,-1,-1
ENSMUSG00000045210-C,"l-Leucine, n-butoxycarbonyl-N-methyl-, hexadecyl ester",,,,-1.0,,1,-1,-1,-1
ENSMUSG00000045210-C,Trimethylolpropane,,,,-1.0,-1.0,1,1,1,1
ENSMUSG00000045790-C,"1,2-Bis(trimethylsiloxy)cyclohexene",,,,-1.0,,1,-1,-1,-1
ENSMUSG00000045790-C,"1-Heptanol, 2-propyl-",,1.0,,1.0,,1,-1,-1,-1
ENSMUSG00000045790-C,"3,3-Dimethylacrylic acid",,,,1.0,,1,-1,-1,-1
ENSMUSG00000045790-C,Chlorobenzilate,,,,-1.0,,1,-1,-1,-1
ENSMUSG00000045790-C,L-Threonine,,,,1.0,1.0,1,1,1,1
ENSMUSG00000045790-C,Sulindac,,,,-1.0,,1,-1,-1,-1
ENSMUSG00000045980-C,"1-Heptanol, 2-propyl-",,1.0,,1.0,,1,-1,-1,-1
ENSMUSG00000045980-C,"3,3-Dimethylacrylic acid",,,,-1.0,,1,-1,-1,-1
ENSMUSG00000045980-C,"l-Leucine, n-butoxycarbonyl-N-methyl-, hexadecyl ester",,,,1.0,,1,-1,-1,-1
ENSMUSG00000045980-C,L-Threonine,,,,1.0,1.0,1,1,1,1
ENSMUSG00000045980-C,Sulindac,,,,-1.0,,1,-1,-1,-1
ENSMUSG00000045980-C,Tyr-Val,,,,1.0,,1,-1,-1,-1
ENSMUSG00000046058-C,"1-Heptanol, 2-propyl-",,1.0,,1.0,,1,-1,-1,-1
ENSMUSG00000046058-C,2-Ethyl-1-butanol,,1.0,,1.0,,1,-1,-1,-1
ENSMUSG00000046058-C,"4,5-Dihydro-1H-pyrazole",,,,-1.0,,1,-1,-1,-1
ENSMUSG00000046058-C,Chlorobenzilate,,,,-1.0,,1,-1,-1,-1
ENSMUSG00000046058-C,L-Threonine,,,,1.0,1.0,1,1,1,1
ENSMUSG00000046139-C,"2-Butene-1,4-diol",,,,1.0,,1,-1,-1,-1
ENSMUSG00000046139-C,"3,3-Dimethylacrylic acid",,,,1.0,,1,-1,-1,-1
ENSMUSG00000046139-C,Chlorobenzilate,,,,1.0,,1,-1,-1,-1
ENSMUSG00000046139-C,"l-Leucine, n-butoxycarbonyl-N-methyl-, hexadecyl ester",,,,-1.0,,1,-1,-1,-1
ENSMUSG00000046139-C,Sulindac,,,,-1.0,,1,-1,-1,-1
ENSMUSG00000046139-C,Supraene,,,,1.0,,1,-1,-1,-1
ENSMUSG00000046157-C,"2-Methylcyclohexylamine, tert.-butyldimethylsilyl ether",,,,1.0,,1,-1,-1,-1
ENSMUSG00000046157-C,"4,5-Dihydro-1H-pyrazole",,,,-1.0,,1,-1,-1,-1
ENSMUSG00000046157-C,5-Nitroso-8-quinolinol,,,,-1.0,,1,-1,-1,-1
ENSMUSG00000046157-C,6-Nitroveratryl alcohol,,,,-1.0,,1,-1,-1,-1
ENSMUSG00000046157-C,Chlorobenzilate,,,,-1.0,,1,-1,-1,-1
ENSMUSG00000046157-C,L-Threonine,,,,1.0,1.0,1,1,1,1
ENSMUSG00000046230-C,"2-Butene-1,4-diol",,,,1.0,,1,-1,-1,-1
ENSMUSG00000046230-C,5-Nitroso-8-quinolinol,,,,1.0,,1,-1,-1,-1
ENSMUSG00000046230-C,"6-Methoxy-1-methyl-1,2,3,4-tetrahydroisoquinolin-7-ol",,,,-1.0,,1,-1,-1,-1
ENSMUSG00000046230-C,Benzeneacetic acid,,,,-1.0,,1,-1,-1,-1
ENSMUSG00000046230-C,Guanosine,,,1.0,1.0,1.0,1,1,1,1
ENSMUSG00000046719-C,"1-Heptanol, 2-propyl-",,-1.0,,-1.0,,1,-1,-1,-1
ENSMUSG00000046719-C,"2-Butene-1,4-diol",,,,1.0,,1,-1,-1,-1
ENSMUSG00000046719-C,"2-Methylcyclohexylamine, tert.-butyldimethylsilyl ether",,,,1.0,,1,-1,-1,-1
ENSMUSG00000046719-C,"4,5-Dihydro-1H-pyrazole",,,,-1.0,,1,-1,-1,-1
ENSMUSG00000046719-C,"Naringenin 4',7-dimethylether",,,-1.0,-1.0,1.0,1,-1,-1,-1
ENSMUSG00000046719-C,Octanoic acid,,,,-1.0,,1,-1,-1,-1
ENSMUSG00000046719-C,Sulindac,,,,-1.0,,1,-1,-1,-1
ENSMUSG00000046719-C,Tyr-Val,,,,1.0,,1,-1,-1,-1
ENSMUSG00000046916-C,"1-Heptanol, 2-propyl-",,1.0,,1.0,,1,-1,-1,-1
ENSMUSG00000046916-C,"2-Butene-1,4-diol",,,,1.0,,1,-1,-1,-1
ENSMUSG00000046916-C,2-Cyanobenzaldehyde,,1.0,,1.0,,1,-1,-1,-1
ENSMUSG00000046916-C,"4,5-Dihydro-1H-pyrazole",,,,-1.0,,1,-1,-1,-1
ENSMUSG00000046916-C,"6-Methoxy-1-methyl-1,2,3,4-tetrahydroisoquinolin-7-ol",,,,-1.0,,1,-1,-1,-1
ENSMUSG00000046916-C,Benzeneacetic acid,,,,1.0,,1,-1,-1,-1
ENSMUSG00000046916-C,Trimethylolpropane,,,,-1.0,1.0,1,-1,-1,-1
ENSMUSG00000046916-C,Tyr-Val,,,,1.0,,1,-1,-1,-1
ENSMUSG00000046991-C,"1-Heptanol, 2-propyl-",,-1.0,,-1.0,,1,-1,-1,-1
ENSMUSG00000046991-C,2-Cyanobenzaldehyde,,-1.0,,-1.0,,1,-1,-1,-1
ENSMUSG00000046991-C,"3,3-Dimethylacrylic acid",,,,1.0,,1,-1,-1,-1
ENSMUSG00000046991-C,5-Nitroso-8-quinolinol,,,,1.0,,1,-1,-1,-1
ENSMUSG00000046991-C,Benzeneacetic acid,,,,-1.0,,1,-1,-1,-1
ENSMUSG00000046991-C,N-Acetyl-L-alanine,,-1.0,-1.0,-0.9518763181059628,-1.0,1,1,1,1
ENSMUSG00000046991-C,Tyr-Val,,,,-1.0,,1,-1,-1,-1
ENSMUSG00000047022-C,"1-Heptanol, 2-propyl-",,1.0,,1.0,,1,-1,-1,-1
ENSMUSG00000047022-C,"2-Butene-1,4-diol",,,,1.0,,1,-1,-1,-1
ENSMUSG00000047022-C,"3,3-Dimethylacrylic acid",,,,1.0,,1,-1,-1,-1
ENSMUSG00000047022-C,5-Nitroso-8-quinolinol,,,,1.0,,1,-1,-1,-1
ENSMUSG00000047022-C,"6-Methoxy-1-methyl-1,2,3,4-tetrahydroisoquinolin-7-ol",,,,-1.0,,1,-1,-1,-1
ENSMUSG00000047022-C,Benzeneacetic acid,,,,-1.0,,1,-1,-1,-1
ENSMUSG00000047022-C,L-Threonine,,,,1.0,-1.0,1,-1,-1,-1
ENSMUSG00000047022-C,Sulindac,,,,-1.0,,1,-1,-1,-1
ENSMUSG00000047022-C,Trimethylolpropane,,,,-1.0,-1.0,1,1,1,1
ENSMUSG00000047022-C,Tyr-Val,,,,-1.0,,1,-1,-1,-1
ENSMUSG00000047139-C,"2-Butene-1,4-diol",,,,-1.0,,1,-1,-1,-1
ENSMUSG00000047139-C,"3-(4,7-Dimethoxy-2H-1,3-benzodioxol-5-yl)-2-methylprop-2-enal",,1.0,1.0,0.9285714285714288,-1.0,1,-1,-1,-1
ENSMUSG00000047139-C,3-Hydroxymethyl-2-trimethylsilyloxypentane,,1.0,,1.0,,1,-1,-1,-1
ENSMUSG00000047139-C,"4,5-Dihydro-1H-pyrazole",,,,1.0,,1,-1,-1,-1
ENSMUSG00000047139-C,L-Glutamic acid,,,,-1.0,,1,-1,-1,-1
ENSMUSG00000047139-C,N-Acetylaminoethanol,,0.5,0.8660254037844387,0.9221722216732094,1.0,1,1,1,1
ENSMUSG00000047139-C,Picolinic acid,,1.0,0.8660254037844387,0.9697815168769668,,1,-1,-1,-1
ENSMUSG00000047139-C,Tyr-Val,,,,-1.0,,1,-1,-1,-1
ENSMUSG00000047146-C,"2-Butene-1,4-diol",,,,1.0,,1,-1,-1,-1
ENSMUSG00000047146-C,"3,3-Dimethylacrylic acid",,,,1.0,,1,-1,-1,-1
ENSMUSG00000047146-C,5-Nitroso-8-quinolinol,,,,1.0,,1,-1,-1,-1
ENSMUSG00000047146-C,"6-Methoxy-1-methyl-1,2,3,4-tetrahydroisoquinolin-7-ol",,,,-1.0,,1,-1,-1,-1
ENSMUSG00000047146-C,"l-Leucine, n-butoxycarbonyl-N-methyl-, hexadecyl ester",,,,-1.0,,1,-1,-1,-1
ENSMUSG00000047146-C,L-Norleucine,,-1.0,,-1.0,,1,-1,-1,-1
ENSMUSG00000047260-C,"1,2-Bis(trimethylsiloxy)cyclohexene",,,,-1.0,,1,-1,-1,-1
ENSMUSG00000047260-C,"1-Heptanol, 2-propyl-",,-1.0,,-1.0,,1,-1,-1,-1
ENSMUSG00000047260-C,"2,6-di-tert-Butyl-4-(dimethylaminomethyl)phenol",,,,-1.0,,1,-1,-1,-1
ENSMUSG00000047260-C,5-Nitroso-8-quinolinol,,,,-1.0,,1,-1,-1,-1
ENSMUSG00000047260-C,"6-Methoxy-1-methyl-1,2,3,4-tetrahydroisoquinolin-7-ol",,,,1.0,,1,-1,-1,-1
ENSMUSG00000047260-C,Biphenyl,,-1.0,-1.0,-0.9221722216732094,,1,-1,-1,-1
ENSMUSG00000047260-C,Chlorobenzilate,,,,-1.0,,1,-1,-1,-1
ENSMUSG00000047260-C,Diclofenac,,,,-1.0,,1,-1,-1,-1
ENSMUSG00000047260-C,Octadecanoic acid,,,,-1.0,,1,-1,-1,-1
ENSMUSG00000047412-C,2-Buten-1-ol,,,,1.0,,1,-1,-1,-1
ENSMUSG00000047412-C,"2-Butene-1,4-diol",,,,1.0,,1,-1,-1,-1
ENSMUSG00000047412-C,5-Nitroso-8-quinolinol,,,,1.0,,1,-1,-1,-1
ENSMUSG00000047412-C,"6-Methoxy-1-methyl-1,2,3,4-tetrahydroisoquinolin-7-ol",,,,-1.0,,1,-1,-1,-1
ENSMUSG00000047412-C,Sulindac,,,,-1.0,,1,-1,-1,-1
ENSMUSG00000047419-C,"1-Heptanol, 2-propyl-",,1.0,,1.0,,1,-1,-1,-1
ENSMUSG00000047419-C,"2-Butene-1,4-diol",,,,1.0,,1,-1,-1,-1
ENSMUSG00000047419-C,2-Cyanobenzaldehyde,,1.0,,1.0,,1,-1,-1,-1
ENSMUSG00000047419-C,"4,5-Dihydro-1H-pyrazole",,,,-1.0,,1,-1,-1,-1
ENSMUSG00000047419-C,L-Glutamic acid,,,,1.0,,1,-1,-1,-1
ENSMUSG00000047419-C,L-Threonine,,,,1.0,-1.0,1,-1,-1,-1
ENSMUSG00000047419-C,Trimethylolpropane,,,,-1.0,-1.0,1,1,1,1
ENSMUSG00000047454-C,"1-Heptanol, 2-propyl-",,1.0,,1.0,,1,-1,-1,-1
ENSMUSG00000047454-C,Chlorobenzilate,,,,1.0,,1,-1,-1,-1
ENSMUSG00000047454-C,L-Glutamic acid,,,,1.0,,1,-1,-1,-1
ENSMUSG00000047454-C,"l-Leucine, n-butoxycarbonyl-N-methyl-, hexadecyl ester",,,,-1.0,,1,-1,-1,-1
ENSMUSG00000047591-C,1-Octadecanol,,,,1.0,-1.0,1,-1,-1,-1
ENSMUSG00000047591-C,"3,3-Dimethylacrylic acid",,,,-1.0,,1,-1,-1,-1
ENSMUSG00000047591-C,"4,5-Dihydro-1H-pyrazole",,,,-1.0,,1,-1,-1,-1
ENSMUSG00000047591-C,Adipoyl-L-carnitine,,,,1.0,,1,-1,-1,-1
ENSMUSG00000047591-C,Lupinine,,1.0,,1.0,,1,-1,-1,-1
ENSMUSG00000047591-C,Octadecanoic acid,,,,1.0,,1,-1,-1,-1
ENSMUSG00000047694-C,"2-Butene-1,4-diol",,,,-1.0,,1,-1,-1,-1
ENSMUSG00000047694-C,"4,5-Dihydro-1H-pyrazole",,,,1.0,,1,-1,-1,-1
ENSMUSG00000047694-C,L-Ornithine,,,,1.0,,1,-1,-1,-1
ENSMUSG00000047694-C,L-Threonine,,,,-1.0,-1.0,1,1,1,1
ENSMUSG00000047694-C,Octadecanoic acid,,,,-1.0,,1,-1,-1,-1
ENSMUSG00000047694-C,Sulindac,,,,1.0,,1,-1,-1,-1
ENSMUSG00000047694-C,Trimethylolpropane,,,,1.0,-1.0,1,-1,-1,-1
ENSMUSG00000047789-C,"2-Butene-1,4-diol",,,,-1.0,,1,-1,-1,-1
ENSMUSG00000047789-C,"4,5-Dihydro-1H-pyrazole",,,,1.0,,1,-1,-1,-1
ENSMUSG00000047789-C,Benzeneacetic acid,,,,-1.0,,1,-1,-1,-1
ENSMUSG00000047789-C,L-Glutamic acid,,,,-1.0,,1,-1,-1,-1
ENSMUSG00000047789-C,Lupinine,,1.0,,1.0,,1,-1,-1,-1
ENSMUSG00000047789-C,Tyr-Val,,,,-1.0,,1,-1,-1,-1
ENSMUSG00000047909-C,"2-Butene-1,4-diol",,,,1.0,,1,-1,-1,-1
ENSMUSG00000047909-C,"3,3-Dimethylacrylic acid",,,,1.0,,1,-1,-1,-1
ENSMUSG00000047909-C,Benzeneacetic acid,,,,-1.0,,1,-1,-1,-1
ENSMUSG00000047909-C,Chlorobenzilate,,,,1.0,,1,-1,-1,-1
ENSMUSG00000047909-C,Luciferin,,,,-1.0,,1,-1,-1,-1
ENSMUSG00000047909-C,Tyr-Val,,,,-1.0,,1,-1,-1,-1
ENSMUSG00000048154-C,"2-Butene-1,4-diol",,,,1.0,,1,-1,-1,-1
ENSMUSG00000048154-C,"3,3-Dimethylacrylic acid",,,,1.0,,1,-1,-1,-1
ENSMUSG00000048154-C,3-Hydroxymethyl-2-trimethylsilyloxypentane,,1.0,,1.0,,1,-1,-1,-1
ENSMUSG00000048154-C,Chlorobenzilate,,,,1.0,,1,-1,-1,-1
ENSMUSG00000048154-C,Luciferin,,,,-1.0,,1,-1,-1,-1
ENSMUSG00000048154-C,Tyr-Val,,,,-1.0,,1,-1,-1,-1
ENSMUSG00000048280-C,"2-Butene-1,4-diol",,,,-1.0,,1,-1,-1,-1
ENSMUSG00000048280-C,"3,3-Dimethylacrylic acid",,,,1.0,,1,-1,-1,-1
ENSMUSG00000048280-C,"4,5-Dihydro-1H-pyrazole",,,,1.0,,1,-1,-1,-1
ENSMUSG00000048280-C,Benzeneacetic acid,,,,-1.0,,1,-1,-1,-1
ENSMUSG00000048280-C,Sulindac,,,,1.0,,1,-1,-1,-1
ENSMUSG00000048280-C,Tyr-Val,,,,-1.0,,1,-1,-1,-1
ENSMUSG00000048537-C,"3,3-Dimethylacrylic acid",,,,1.0,,1,-1,-1,-1
ENSMUSG00000048537-C,3-Hydroxymethyl-2-trimethylsilyloxypentane,,1.0,,1.0,,1,-1,-1,-1
ENSMUSG00000048537-C,Chlorobenzilate,,,,1.0,,1,-1,-1,-1
ENSMUSG00000048537-C,"l-Leucine, n-butoxycarbonyl-N-methyl-, hexadecyl ester",,,,-1.0,,1,-1,-1,-1
ENSMUSG00000048537-C,Luciferin,,,,-1.0,,1,-1,-1,-1
ENSMUSG00000048537-C,Tyr-Val,,,,-1.0,,1,-1,-1,-1
ENSMUSG00000048655-C,"3,3-Dimethylacrylic acid",,,,1.0,,1,-1,-1,-1
ENSMUSG00000048655-C,5-Nitroso-8-quinolinol,,,,1.0,,1,-1,-1,-1
ENSMUSG00000048655-C,L-Threonine,,,,1.0,-1.0,1,-1,-1,-1
ENSMUSG00000048655-C,Sulindac,,,,-1.0,,1,-1,-1,-1
ENSMUSG00000048921-C,"2-Butene-1,4-diol",,,,1.0,,1,-1,-1,-1
ENSMUSG00000048921-C,"3,3-Dimethylacrylic acid",,,,-1.0,,1,-1,-1,-1
ENSMUSG00000048921-C,"4,5-Dihydro-1H-pyrazole",,,,-1.0,,1,-1,-1,-1
ENSMUSG00000048921-C,"6-Methoxy-1-methyl-1,2,3,4-tetrahydroisoquinolin-7-ol",,,,-1.0,,1,-1,-1,-1
ENSMUSG00000049122-C,"3,3-Dimethylacrylic acid",,,,1.0,,1,-1,-1,-1
ENSMUSG00000049122-C,"4,5-Dihydro-1H-pyrazole",,,,1.0,,1,-1,-1,-1
ENSMUSG00000049122-C,5-Nitroso-8-quinolinol,,,,1.0,,1,-1,-1,-1
ENSMUSG00000049122-C,Benzeneacetic acid,,,,-1.0,,1,-1,-1,-1
ENSMUSG00000049122-C,Chlorobenzilate,,,,-1.0,,1,-1,-1,-1
ENSMUSG00000049122-C,L-Threonine,,,,1.0,-1.0,1,-1,-1,-1
ENSMUSG00000049122-C,Sulindac,,,,-1.0,,1,-1,-1,-1
ENSMUSG00000049122-C,Tyr-Val,,,,-1.0,,1,-1,-1,-1
ENSMUSG00000049124-C,"1,2-Bis(trimethylsiloxy)cyclohexene",,,,-1.0,,1,-1,-1,-1
ENSMUSG00000049124-C,"3,3-Dimethylacrylic acid",,,,1.0,,1,-1,-1,-1
ENSMUSG00000049124-C,3-Hydroxymethyl-2-trimethylsilyloxypentane,,1.0,,1.0,,1,-1,-1,-1
ENSMUSG00000049124-C,Benzeneacetic acid,,,,-1.0,,1,-1,-1,-1
ENSMUSG00000049124-C,L-Glutamic acid,,,,-1.0,,1,-1,-1,-1
ENSMUSG00000049124-C,Tyr-Val,,,,-1.0,,1,-1,-1,-1
ENSMUSG00000049230-C,5-Nitroso-8-quinolinol,,,,1.0,,1,-1,-1,-1
ENSMUSG00000049230-C,"6-Methoxy-1-methyl-1,2,3,4-tetrahydroisoquinolin-7-ol",,,,-1.0,,1,-1,-1,-1
ENSMUSG00000049230-C,L-Norleucine,,-1.0,,-1.0,,1,-1,-1,-1
ENSMUSG00000049230-C,L-Serine,,,,-1.0,,1,-1,-1,-1
ENSMUSG00000049230-C,Octadecanoic acid,,,,-1.0,,1,-1,-1,-1
ENSMUSG00000049230-C,Sulindac,,,,1.0,,1,-1,-1,-1
ENSMUSG00000049553-C,Diclofenac,,,,-1.0,,1,-1,-1,-1
ENSMUSG00000049553-C,Octadecanoic acid,,,,-1.0,,1,-1,-1,-1
ENSMUSG00000049553-C,Sulindac,,,,-1.0,,1,-1,-1,-1
ENSMUSG00000049553-C,Tyr-Val,,,,1.0,,1,-1,-1,-1
ENSMUSG00000049600-C,"1,2-Bis(trimethylsiloxy)cyclohexene",,,,1.0,,1,-1,-1,-1
ENSMUSG00000049600-C,"1-Heptanol, 2-propyl-",,-1.0,,-1.0,,1,-1,-1,-1
ENSMUSG00000049600-C,"2-Butene-1,4-diol",,,,1.0,,1,-1,-1,-1
ENSMUSG00000049600-C,5-Nitroso-8-quinolinol,,,,1.0,,1,-1,-1,-1
ENSMUSG00000049600-C,"6-Methoxy-1-methyl-1,2,3,4-tetrahydroisoquinolin-7-ol",,,,-1.0,,1,-1,-1,-1
ENSMUSG00000049600-C,Sulindac,,,,-1.0,,1,-1,-1,-1
ENSMUSG00000049600-C,Tyr-Val,,,,1.0,,1,-1,-1,-1
ENSMUSG00000049929-C,"1,2-Bis(trimethylsiloxy)cyclohexene",,,,-1.0,,1,-1,-1,-1
ENSMUSG00000049929-C,"2-Butene-1,4-diol",,,,-1.0,,1,-1,-1,-1
ENSMUSG00000049929-C,"3,3-Dimethylacrylic acid",,,,1.0,,1,-1,-1,-1
ENSMUSG00000049929-C,"6-Methoxy-1-methyl-1,2,3,4-tetrahydroisoquinolin-7-ol",,,,1.0,,1,-1,-1,-1
ENSMUSG00000049929-C,Benzeneacetic acid,,,,-1.0,,1,-1,-1,-1
ENSMUSG00000049929-C,Tyr-Val,,,,-1.0,,1,-1,-1,-1
ENSMUSG00000050164-C,"1-Heptanol, 2-propyl-",,1.0,,1.0,,1,-1,-1,-1
ENSMUSG00000050164-C,2-Cyanobenzaldehyde,,1.0,,1.0,,1,-1,-1,-1
ENSMUSG00000050164-C,2-Ethyl-1-butanol,,1.0,,1.0,,1,-1,-1,-1
ENSMUSG00000050164-C,"3,3-Dimethylacrylic acid",,,,-1.0,,1,-1,-1,-1
ENSMUSG00000050164-C,"4,5-Dihydro-1H-pyrazole",,,,-1.0,,1,-1,-1,-1
ENSMUSG00000050164-C,5-Nitroso-8-quinolinol,,,,-1.0,,1,-1,-1,-1
ENSMUSG00000050164-C,L-Threonine,,,,1.0,1.0,1,1,1,1
ENSMUSG00000050164-C,Luciferin,,,,-1.0,,1,-1,-1,-1
ENSMUSG00000050164-C,Sarcosine,,,,1.0,,1,-1,-1,-1
ENSMUSG00000050174-C,"1,2-Bis(trimethylsiloxy)cyclohexene",,,,1.0,,1,-1,-1,-1
ENSMUSG00000050174-C,"1-Heptanol, 2-propyl-",,1.0,,1.0,,1,-1,-1,-1
ENSMUSG00000050174-C,1-Octadecanol,,,,1.0,-1.0,1,-1,-1,-1
ENSMUSG00000050174-C,L-Serine,,,,1.0,,1,-1,-1,-1
ENSMUSG00000050174-C,Octadecanoic acid,,,,1.0,,1,-1,-1,-1
ENSMUSG00000050213-C,"1-Heptanol, 2-propyl-",,1.0,,1.0,,1,-1,-1,-1
ENSMUSG00000050213-C,"3,3-Dimethylacrylic acid",,,,1.0,,1,-1,-1,-1
ENSMUSG00000050213-C,Chlorobenzilate,,,,1.0,,1,-1,-1,-1
ENSMUSG00000050213-C,Luciferin,,,,-1.0,,1,-1,-1,-1
ENSMUSG00000050213-C,Sulindac,,,,-1.0,,1,-1,-1,-1
ENSMUSG00000050213-C,Tyr-Val,,,,-1.0,,1,-1,-1,-1
ENSMUSG00000050315-C,"1,2-Bis(trimethylsiloxy)cyclohexene",,,,1.0,,1,-1,-1,-1
ENSMUSG00000050315-C,"2-Butene-1,4-diol",,,,-1.0,,1,-1,-1,-1
ENSMUSG00000050315-C,3-Aminobenzoic acid,,1.0,1.0,0.9910312089651148,-1.0,1,-1,-1,-1
ENSMUSG00000050315-C,5-Nitroso-8-quinolinol,,,,1.0,,1,-1,-1,-1
ENSMUSG00000050315-C,"6-Methoxy-1-methyl-1,2,3,4-tetrahydroisoquinolin-7-ol",,,,-1.0,,1,-1,-1,-1
ENSMUSG00000050315-C,Diclofenac,,,,1.0,,1,-1,-1,-1
ENSMUSG00000050315-C,L-Threonine,,,,-1.0,-1.0,1,1,1,1
ENSMUSG00000050334-C,"1-Heptanol, 2-propyl-",,1.0,,1.0,,1,-1,-1,-1
ENSMUSG00000050334-C,1-Octadecanol,,,,1.0,1.0,1,1,1,1
ENSMUSG00000050334-C,5-Nitroso-8-quinolinol,,,,1.0,,1,-1,-1,-1
ENSMUSG00000050334-C,"6-Methoxy-1-methyl-1,2,3,4-tetrahydroisoquinolin-7-ol",,,,-1.0,,1,-1,-1,-1
ENSMUSG00000050334-C,Benzeneacetic acid,,,,-1.0,,1,-1,-1,-1
ENSMUSG00000050334-C,L-Threonine,,,,1.0,-1.0,1,-1,-1,-1
ENSMUSG00000050334-C,Tyr-Val,,,,-1.0,,1,-1,-1,-1
ENSMUSG00000050423-C,"1,2-Bis(trimethylsiloxy)cyclohexene",,,,-1.0,,1,-1,-1,-1
ENSMUSG00000050423-C,"1-Heptanol, 2-propyl-",,1.0,,1.0,,1,-1,-1,-1
ENSMUSG00000050423-C,"3,3-Dimethylacrylic acid",,,,1.0,,1,-1,-1,-1
ENSMUSG00000050423-C,Benzenepropanoic acid,,1.0,1.0,0.9518763181059628,-1.0,1,-1,-1,-1
ENSMUSG00000050423-C,L-Threonine,,,,1.0,1.0,1,1,1,1
ENSMUSG00000050423-C,Sulindac,,,,-1.0,,1,-1,-1,-1
ENSMUSG00000050503-C,"2-Butene-1,4-diol",,,,1.0,,1,-1,-1,-1
ENSMUSG00000050503-C,5-Nitroso-8-quinolinol,,,,1.0,,1,-1,-1,-1
ENSMUSG00000050538-C,5-Nitroso-8-quinolinol,,,,1.0,,1,-1,-1,-1
ENSMUSG00000050538-C,"6-Methoxy-1-methyl-1,2,3,4-tetrahydroisoquinolin-7-ol",,,,-1.0,,1,-1,-1,-1
ENSMUSG00000050538-C,Adipoyl-L-carnitine,,,,-1.0,,1,-1,-1,-1
ENSMUSG00000050538-C,Benzeneacetic acid,,,,-1.0,,1,-1,-1,-1
ENSMUSG00000050538-C,N-Acetyl-L-alanine,,-0.5,-1.0,-0.9518763181059628,-1.0,1,1,1,1
ENSMUSG00000050538-C,Tyr-Val,,,,-1.0,,1,-1,-1,-1
ENSMUSG00000050619-C,Benzeneacetic acid,,,,1.0,,1,-1,-1,-1
ENSMUSG00000050619-C,Luciferin,,,,1.0,,1,-1,-1,-1
ENSMUSG00000050619-C,Tyr-Val,,,,1.0,,1,-1,-1,-1
ENSMUSG00000051029-C,Phthalazin-1-one,,,,1.0,,1,-1,-1,-1
ENSMUSG00000051124-C,"1,2-Bis(trimethylsiloxy)cyclohexene",,,,-1.0,,1,-1,-1,-1
ENSMUSG00000051124-C,"2-Butene-1,4-diol",,,,-1.0,,1,-1,-1,-1
ENSMUSG00000051124-C,"3,3-Dimethylacrylic acid",,,,1.0,,1,-1,-1,-1
ENSMUSG00000051124-C,"9Z-Octadecenoic acid, (2S)-3-[(hydroxymercaptophosphinyl)oxy]-2-methoxypropyl ester",,,,-1.0,,1,-1,-1,-1
ENSMUSG00000051124-C,Chlorobenzilate,,,,-1.0,,1,-1,-1,-1
ENSMUSG00000051278-C,"2-Butene-1,4-diol",,,,-1.0,,1,-1,-1,-1
ENSMUSG00000051278-C,"3,3-Dimethylacrylic acid",,,,1.0,,1,-1,-1,-1
ENSMUSG00000051278-C,3-Hydroxymethyl-2-trimethylsilyloxypentane,,1.0,,1.0,,1,-1,-1,-1
ENSMUSG00000051278-C,"l-Leucine, n-butoxycarbonyl-N-methyl-, hexadecyl ester",,,,-1.0,,1,-1,-1,-1
ENSMUSG00000051278-C,Tyr-Val,,,,-1.0,,1,-1,-1,-1
ENSMUSG00000051285-C,"1,2-Bis(trimethylsiloxy)cyclohexene",,,,1.0,,1,-1,-1,-1
ENSMUSG00000051285-C,5-Nitroso-8-quinolinol,,,,1.0,,1,-1,-1,-1
ENSMUSG00000051285-C,"6-Methoxy-1-methyl-1,2,3,4-tetrahydroisoquinolin-7-ol",,,,-1.0,,1,-1,-1,-1
ENSMUSG00000051285-C,L-Norleucine,,-1.0,,-1.0,,1,-1,-1,-1
ENSMUSG00000051285-C,Sulindac,,,,1.0,,1,-1,-1,-1
ENSMUSG00000051346-C,"1,2-Bis(trimethylsiloxy)cyclohexene",,,,1.0,,1,-1,-1,-1
ENSMUSG00000051346-C,"2-Butene-1,4-diol",,,,1.0,,1,-1,-1,-1
ENSMUSG00000051346-C,Sulindac,,,,-1.0,,1,-1,-1,-1
ENSMUSG00000051346-C,Trimethylolpropane,,,,-1.0,-1.0,1,1,1,1
ENSMUSG00000051346-C,Tyr-Val,,,,1.0,,1,-1,-1,-1
ENSMUSG00000051730-C,"2-Butene-1,4-diol",,,,-1.0,,1,-1,-1,-1
ENSMUSG00000051730-C,"3,3-Dimethylacrylic acid",,,,1.0,,1,-1,-1,-1
ENSMUSG00000051730-C,"4,5-Dihydro-1H-pyrazole",,,,1.0,,1,-1,-1,-1
ENSMUSG00000051730-C,"6-Methoxy-1-methyl-1,2,3,4-tetrahydroisoquinolin-7-ol",,,,1.0,,1,-1,-1,-1
ENSMUSG00000051730-C,Adipoyl-L-carnitine,,,,-1.0,,1,-1,-1,-1
ENSMUSG00000051730-C,Sarcosine,,,,-1.0,,1,-1,-1,-1
ENSMUSG00000051730-C,Trimethylolpropane,,,,1.0,1.0,1,1,1,1
ENSMUSG00000051730-C,Tyr-Val,,,,-1.0,,1,-1,-1,-1
ENSMUSG00000051790-C,5-Nitroso-8-quinolinol,,,,-1.0,,1,-1,-1,-1
ENSMUSG00000051790-C,6-Nitroveratryl alcohol,,,,-1.0,,1,-1,-1,-1
ENSMUSG00000051790-C,Chlorobenzilate,,,,-1.0,,1,-1,-1,-1
ENSMUSG00000051790-C,"l-Leucine, n-butoxycarbonyl-N-methyl-, hexadecyl ester",,,,1.0,,1,-1,-1,-1
ENSMUSG00000051790-C,Sulindac,,,,-1.0,,1,-1,-1,-1
ENSMUSG00000052302-C,"1-Heptanol, 2-propyl-",,1.0,,1.0,,1,-1,-1,-1
ENSMUSG00000052302-C,2-Ethyl-1-butanol,,1.0,,1.0,,1,-1,-1,-1
ENSMUSG00000052302-C,"3,3-Dimethylacrylic acid",,,,-1.0,,1,-1,-1,-1
ENSMUSG00000052302-C,"4,5-Dihydro-1H-pyrazole",,,,-1.0,,1,-1,-1,-1
ENSMUSG00000052302-C,5-Nitroso-8-quinolinol,,,,-1.0,,1,-1,-1,-1
ENSMUSG00000052302-C,Chlorobenzilate,,,,-1.0,,1,-1,-1,-1
ENSMUSG00000052302-C,L-Threonine,,,,1.0,1.0,1,1,1,1
ENSMUSG00000052353-C,"3,3-Dimethylacrylic acid",,,,1.0,,1,-1,-1,-1
ENSMUSG00000052353-C,5-Nitroso-8-quinolinol,,,,1.0,,1,-1,-1,-1
ENSMUSG00000052353-C,Adipoyl-L-carnitine,,,,-1.0,,1,-1,-1,-1
ENSMUSG00000052353-C,Chlorobenzilate,,,,1.0,,1,-1,-1,-1
ENSMUSG00000052353-C,L-Ornithine,,,,1.0,,1,-1,-1,-1
ENSMUSG00000052353-C,Octadecanoic acid,,,,-1.0,,1,-1,-1,-1
ENSMUSG00000052917-C,"3,3-Dimethylacrylic acid",,,,1.0,,1,-1,-1,-1
ENSMUSG00000052917-C,5-Nitroso-8-quinolinol,,,,1.0,,1,-1,-1,-1
ENSMUSG00000052917-C,"6-Methoxy-1-methyl-1,2,3,4-tetrahydroisoquinolin-7-ol",,,,-1.0,,1,-1,-1,-1
ENSMUSG00000052917-C,"9Z-Octadecenoic acid, (2S)-3-[(hydroxymercaptophosphinyl)oxy]-2-methoxypropyl ester",,,,-1.0,,1,-1,-1,-1
ENSMUSG00000052917-C,"l-Leucine, n-butoxycarbonyl-N-methyl-, hexadecyl ester",,,,-1.0,,1,-1,-1,-1
ENSMUSG00000052917-C,L-Norleucine,,-1.0,,-1.0,,1,-1,-1,-1
ENSMUSG00000052957-C,"4,5-Dihydro-1H-pyrazole",,,,1.0,,1,-1,-1,-1
ENSMUSG00000052957-C,Chlorobenzilate,,,,1.0,,1,-1,-1,-1
ENSMUSG00000052957-C,Sulindac,,,,-1.0,,1,-1,-1,-1
ENSMUSG00000053062-C,"1-Heptanol, 2-propyl-",,1.0,,1.0,,1,-1,-1,-1
ENSMUSG00000053062-C,"2-Butene-1,4-diol",,,,-1.0,,1,-1,-1,-1
ENSMUSG00000053062-C,"2-Methylcyclohexylamine, tert.-butyldimethylsilyl ether",,,,-1.0,,1,-1,-1,-1
ENSMUSG00000053062-C,"4,5-Dihydro-1H-pyrazole",,,,1.0,,1,-1,-1,-1
ENSMUSG00000053062-C,"9Z-Octadecenoic acid, (2S)-3-[(hydroxymercaptophosphinyl)oxy]-2-methoxypropyl ester",,,,1.0,,1,-1,-1,-1
ENSMUSG00000053062-C,Benzeneacetic acid,,,,1.0,,1,-1,-1,-1
ENSMUSG00000053062-C,Octadecanoic acid,,,,-1.0,,1,-1,-1,-1
ENSMUSG00000053062-C,Octanoic acid,,,,1.0,,1,-1,-1,-1
ENSMUSG00000053178-C,"1-Heptanol, 2-propyl-",,1.0,,1.0,,1,-1,-1,-1
ENSMUSG00000053178-C,1-Octadecanol,,,,1.0,1.0,1,1,1,1
ENSMUSG00000053178-C,"3,3-Dimethylacrylic acid",,,,-1.0,,1,-1,-1,-1
ENSMUSG00000053178-C,"4,5-Dihydro-1H-pyrazole",,,,-1.0,,1,-1,-1,-1
ENSMUSG00000053178-C,5-Azacytosine,,1.0,1.0,0.9518763181059628,-1.0,1,-1,-1,-1
ENSMUSG00000053178-C,5-Nitroso-8-quinolinol,,,,-1.0,,1,-1,-1,-1
ENSMUSG00000053178-C,Adipoyl-L-carnitine,,,,1.0,,1,-1,-1,-1
ENSMUSG00000053178-C,Octadecanoic acid,,,,1.0,,1,-1,-1,-1
ENSMUSG00000053477-C,"4,5-Dihydro-1H-pyrazole",,,,1.0,,1,-1,-1,-1
ENSMUSG00000053477-C,Chlorobenzilate,,,,-1.0,,1,-1,-1,-1
ENSMUSG00000053477-C,Sulindac,,,,1.0,,1,-1,-1,-1
ENSMUSG00000053545-C,"1,2-Bis(trimethylsiloxy)cyclohexene",,,,1.0,,1,-1,-1,-1
ENSMUSG00000053545-C,5-Nitroso-8-quinolinol,,,,1.0,,1,-1,-1,-1
ENSMUSG00000053545-C,"6-Methoxy-1-methyl-1,2,3,4-tetrahydroisoquinolin-7-ol",,,,-1.0,,1,-1,-1,-1
ENSMUSG00000053545-C,6-Nitroveratryl alcohol,,,,1.0,,1,-1,-1,-1
ENSMUSG00000053545-C,Chlorobenzilate,,,,1.0,,1,-1,-1,-1
ENSMUSG00000053545-C,"Erythrono-1,4-lactone",,1.0,1.0,0.9694893700057864,1.0,1,1,1,1
ENSMUSG00000053693-C,"1,2-Bis(trimethylsiloxy)cyclohexene",,,,1.0,,1,-1,-1,-1
ENSMUSG00000053693-C,"2-Butene-1,4-diol",,,,1.0,,1,-1,-1,-1
ENSMUSG00000053693-C,"6-Methoxy-1-methyl-1,2,3,4-tetrahydroisoquinolin-7-ol",,,,-1.0,,1,-1,-1,-1
ENSMUSG00000053693-C,Trimethylolpropane,,,,-1.0,-1.0,1,1,1,1
ENSMUSG00000053693-C,Tyr-Val,,,,1.0,,1,-1,-1,-1
ENSMUSG00000053861-C,"1-Heptanol, 2-propyl-",,-1.0,,-1.0,,1,-1,-1,-1
ENSMUSG00000053861-C,2-Cyanobenzaldehyde,,-1.0,,-1.0,,1,-1,-1,-1
ENSMUSG00000053870-C,1-Octadecanol,,,,-1.0,1.0,1,-1,-1,-1
ENSMUSG00000053870-C,"3,3-Dimethylacrylic acid",,,,1.0,,1,-1,-1,-1
ENSMUSG00000053870-C,"3,5-Dimethylphenol",,-1.0,-0.5,-0.9221722216732094,,1,-1,-1,-1
ENSMUSG00000053870-C,"4,5-Dihydro-1H-pyrazole",,,,1.0,,1,-1,-1,-1
ENSMUSG00000053870-C,"6-Methoxy-1-methyl-1,2,3,4-tetrahydroisoquinolin-7-ol",,,,1.0,,1,-1,-1,-1
ENSMUSG00000053870-C,Adipoyl-L-carnitine,,,,-1.0,,1,-1,-1,-1
ENSMUSG00000053870-C,Benzeneacetic acid,,,,-1.0,,1,-1,-1,-1
ENSMUSG00000053870-C,"Cyclopentaneacetic acid, 3-oxo-2-pentyl-, methyl ester",,-0.8660254037844387,-1.0,-0.934148484292342,,1,-1,-1,-1
ENSMUSG00000053870-C,L-Threonine,,,,-1.0,-1.0,1,1,1,1
ENSMUSG00000053870-C,Tyr-Val,,,,-1.0,,1,-1,-1,-1
ENSMUSG00000053877-C,Benzeneacetic acid,,,,-1.0,,1,-1,-1,-1
ENSMUSG00000053877-C,L-Threonine,,,,-1.0,-1.0,1,1,1,1
ENSMUSG00000053877-C,Prostaglandin,,,1.0,1.0,,1,-1,-1,-1
ENSMUSG00000053877-C,Tyr-Val,,,,-1.0,,1,-1,-1,-1
ENSMUSG00000054226-C,"1-Heptanol, 2-propyl-",,-1.0,,-1.0,,1,-1,-1,-1
ENSMUSG00000054226-C,"2-Butene-1,4-diol",,,,-1.0,,1,-1,-1,-1
ENSMUSG00000054226-C,2-Cyanobenzaldehyde,,-1.0,,-1.0,,1,-1,-1,-1
ENSMUSG00000054226-C,"2-Methylcyclohexylamine, tert.-butyldimethylsilyl ether",,,,1.0,,1,-1,-1,-1
ENSMUSG00000054226-C,"4,5-Dihydro-1H-pyrazole",,,,-1.0,,1,-1,-1,-1
ENSMUSG00000054226-C,Diclofenac,,,,1.0,,1,-1,-1,-1
ENSMUSG00000054226-C,L-Threonine,,,,-1.0,-1.0,1,1,1,1
ENSMUSG00000054226-C,Trimethylolpropane,,,,1.0,-1.0,1,-1,-1,-1
ENSMUSG00000054237-C,"1-Heptanol, 2-propyl-",,-1.0,,-1.0,,1,-1,-1,-1
ENSMUSG00000054237-C,"2,5-Dimethoxybenzonitrile",,-1.0,-1.0,-0.9221722216732094,,1,-1,-1,-1
ENSMUSG00000054237-C,"2-Butene-1,4-diol",,,,1.0,,1,-1,-1,-1
ENSMUSG00000054237-C,2-Cyanobenzaldehyde,,-1.0,,-1.0,,1,-1,-1,-1
ENSMUSG00000054237-C,2-Methyl-3-pentanol,,-1.0,,-1.0,1.0,1,-1,-1,-1
ENSMUSG00000054237-C,5-Nitroso-8-quinolinol,,,,1.0,,1,-1,-1,-1
ENSMUSG00000054237-C,"6-Methoxy-1-methyl-1,2,3,4-tetrahydroisoquinolin-7-ol",,,,-1.0,,1,-1,-1,-1
ENSMUSG00000054237-C,Benzeneacetic acid,,,,-1.0,,1,-1,-1,-1
ENSMUSG00000054405-C,"1,2-Bis(trimethylsiloxy)cyclohexene",,,,1.0,,1,-1,-1,-1
ENSMUSG00000054405-C,"1-Heptanol, 2-propyl-",,-1.0,,-1.0,,1,-1,-1,-1
ENSMUSG00000054405-C,"2-Butene-1,4-diol",,,,1.0,,1,-1,-1,-1
ENSMUSG00000054405-C,"6-Methoxy-1-methyl-1,2,3,4-tetrahydroisoquinolin-7-ol",,,,-1.0,,1,-1,-1,-1
ENSMUSG00000054405-C,Tyr-Val,,,,1.0,,1,-1,-1,-1
ENSMUSG00000054435-C,Phthalazin-1-one,,,,1.0,,1,-1,-1,-1
ENSMUSG00000054452-C,Chlorobenzilate,,,,-1.0,,1,-1,-1,-1
ENSMUSG00000054452-C,Tyr-Val,,,,1.0,,1,-1,-1,-1
ENSMUSG00000054648-C,2-Propyl-1-pentanol,,-1.0,-1.0,-0.9642857142857144,-1.0,1,1,1,1
ENSMUSG00000054648-C,"4,5-Dihydro-1H-pyrazole",,,,1.0,,1,-1,-1,-1
ENSMUSG00000054648-C,"6-Methoxy-1-methyl-1,2,3,4-tetrahydroisoquinolin-7-ol",,,,1.0,,1,-1,-1,-1
ENSMUSG00000054648-C,Benzeneacetic acid,,,,-1.0,,1,-1,-1,-1
ENSMUSG00000054648-C,Chlorobenzilate,,,,-1.0,,1,-1,-1,-1
ENSMUSG00000054648-C,L-Threonine,,,,1.0,-1.0,1,-1,-1,-1
ENSMUSG00000054648-C,Sulindac,,,,-1.0,,1,-1,-1,-1
ENSMUSG00000054693-C,"1,2-Bis(trimethylsiloxy)cyclohexene",,,,-1.0,,1,-1,-1,-1
ENSMUSG00000054693-C,"2-Butene-1,4-diol",,,,-1.0,,1,-1,-1,-1
ENSMUSG00000054693-C,"Naringenin 4',7-dimethylether",,,1.0,1.0,-1.0,1,-1,-1,-1
ENSMUSG00000054693-C,Octadecanoic acid,,,,-1.0,,1,-1,-1,-1
ENSMUSG00000054693-C,Sulindac,,,,1.0,,1,-1,-1,-1
ENSMUSG00000054693-C,Tromethamine,,1.0,,1.0,,1,-1,-1,-1
ENSMUSG00000054717-C,"4,5-Dihydro-1H-pyrazole",,,,-1.0,,1,-1,-1,-1
ENSMUSG00000054717-C,Benzeneacetic acid,,,,1.0,,1,-1,-1,-1
ENSMUSG00000054717-C,Chlorobenzilate,,,,1.0,,1,-1,-1,-1
ENSMUSG00000054717-C,Luciferin,,,,-1.0,,1,-1,-1,-1
ENSMUSG00000054717-C,Sulindac,,,,1.0,,1,-1,-1,-1
ENSMUSG00000054723-C,"2-Cyclohexen-1-one, 3-methyl-6-(1-methylethyl)",,,-1.0,-0.9549937104572924,,1,-1,-1,-1
ENSMUSG00000054723-C,"3,3-Dimethylacrylic acid",,,,1.0,,1,-1,-1,-1
ENSMUSG00000054723-C,3-Hydroxymethyl-2-trimethylsilyloxypentane,,1.0,,1.0,,1,-1,-1,-1
ENSMUSG00000054723-C,"4,5-Dihydro-1H-pyrazole",,,,1.0,,1,-1,-1,-1
ENSMUSG00000054723-C,L-Glutamic acid,,,,-1.0,,1,-1,-1,-1
ENSMUSG00000054723-C,Tyr-Val,,,,-1.0,,1,-1,-1,-1
ENSMUSG00000055024-C,"4,5-Dihydro-1H-pyrazole",,,,1.0,,1,-1,-1,-1
ENSMUSG00000055024-C,5-Nitroso-8-quinolinol,,,,1.0,,1,-1,-1,-1
ENSMUSG00000055024-C,Benzeneacetic acid,,,,-1.0,,1,-1,-1,-1
ENSMUSG00000055024-C,Chlorobenzilate,,,,-1.0,,1,-1,-1,-1
ENSMUSG00000055024-C,Luciferin,,,,1.0,,1,-1,-1,-1
ENSMUSG00000055093-C,"1,2-Bis(trimethylsiloxy)cyclohexene",,,,-1.0,,1,-1,-1,-1
ENSMUSG00000055093-C,"1-Heptanol, 2-propyl-",,1.0,,1.0,,1,-1,-1,-1
ENSMUSG00000055093-C,"6-Methoxy-1-methyl-1,2,3,4-tetrahydroisoquinolin-7-ol",,,,1.0,,1,-1,-1,-1
ENSMUSG00000055093-C,Benzeneacetic acid,,,,1.0,,1,-1,-1,-1
ENSMUSG00000055093-C,L-Ornithine,,,,1.0,,1,-1,-1,-1
ENSMUSG00000055093-C,Octadecanoic acid,,,,-1.0,,1,-1,-1,-1
ENSMUSG00000055302-C,"1,2-Bis(trimethylsiloxy)cyclohexene",,,,-1.0,,1,-1,-1,-1
ENSMUSG00000055302-C,Chlorobenzilate,,,,-1.0,,1,-1,-1,-1
ENSMUSG00000055302-C,L-Threonine,,,,1.0,1.0,1,1,1,1
ENSMUSG00000055302-C,Octadecanoic acid,,,,-1.0,,1,-1,-1,-1
ENSMUSG00000055435-C,"1-Heptanol, 2-propyl-",,-1.0,,-1.0,,1,-1,-1,-1
ENSMUSG00000055435-C,"2,4-Imidazolidinedione, 5,5-dimethyl",,0.5,0.5,0.9523809523809524,-1.0,1,-1,-1,-1
ENSMUSG00000055435-C,2-Cyanobenzaldehyde,,-1.0,,-1.0,,1,-1,-1,-1
ENSMUSG00000055435-C,5-Nitroso-8-quinolinol,,,,1.0,,1,-1,-1,-1
ENSMUSG00000055435-C,"6-Methoxy-1-methyl-1,2,3,4-tetrahydroisoquinolin-7-ol",,,,-1.0,,1,-1,-1,-1
ENSMUSG00000055435-C,Benzeneacetic acid,,,,-1.0,,1,-1,-1,-1
ENSMUSG00000055435-C,Chlorobenzilate,,,,1.0,,1,-1,-1,-1
ENSMUSG00000055435-C,L-Threonine,,,,-1.0,-1.0,1,1,1,1
ENSMUSG00000055435-C,Tyr-Val,,,,-1.0,,1,-1,-1,-1
ENSMUSG00000055538-C,"1,2-Bis(trimethylsiloxy)cyclohexene",,,,1.0,,1,-1,-1,-1
ENSMUSG00000055538-C,"1-Heptanol, 2-propyl-",,1.0,,1.0,,1,-1,-1,-1
ENSMUSG00000055538-C,2-Ethyl-1-butanol,,1.0,,1.0,,1,-1,-1,-1
ENSMUSG00000055538-C,DL-Glyceraldehyde,,0.5,0.8660254037844387,0.9271050693011064,,1,-1,-1,-1
ENSMUSG00000055538-C,L-Threonine,,,,1.0,-1.0,1,-1,-1,-1
ENSMUSG00000055538-C,Luciferin,,,,-1.0,,1,-1,-1,-1
ENSMUSG00000055560-C,"1-Heptanol, 2-propyl-",,1.0,,1.0,,1,-1,-1,-1
ENSMUSG00000055560-C,"4,5-Dihydro-1H-pyrazole",,,,1.0,,1,-1,-1,-1
ENSMUSG00000055560-C,Sulindac,,,,-1.0,,1,-1,-1,-1
ENSMUSG00000055707-C,"(2R)-Pyrrolidine-1,2-dicarboxylic acid, bis(tert-butyldimethylsilyl) ester",,-1.0,-1.0,-0.9523809523809524,,1,-1,-1,-1
ENSMUSG00000055707-C,"1,2-Bis(trimethylsiloxy)cyclohexene",,,,-1.0,,1,-1,-1,-1
ENSMUSG00000055707-C,"6-Methoxy-1-methyl-1,2,3,4-tetrahydroisoquinolin-7-ol",,,,1.0,,1,-1,-1,-1
ENSMUSG00000055707-C,Chlorobenzilate,,,,-1.0,,1,-1,-1,-1
ENSMUSG00000055707-C,Octadecanoic acid,,,,-1.0,,1,-1,-1,-1
ENSMUSG00000055707-C,Sulindac,,,,-1.0,,1,-1,-1,-1
ENSMUSG00000056211-C,"2-Butene-1,4-diol",,,,1.0,,1,-1,-1,-1
ENSMUSG00000056211-C,Benzeneacetic acid,,,,-1.0,,1,-1,-1,-1
ENSMUSG00000056211-C,"l-Leucine, n-butoxycarbonyl-N-methyl-, hexadecyl ester",,,,-1.0,,1,-1,-1,-1
ENSMUSG00000056211-C,"Naringenin 4',7-dimethylether",,,-1.0,-1.0,-1.0,1,1,1,1
ENSMUSG00000056211-C,Sulindac,,,,-1.0,,1,-1,-1,-1
ENSMUSG00000056418-C,"2-Butene-1,4-diol",,,,-1.0,,1,-1,-1,-1
ENSMUSG00000056476-C,"2-Butene-1,4-diol",,,,1.0,,1,-1,-1,-1
ENSMUSG00000056476-C,5-Nitroso-8-quinolinol,,,,1.0,,1,-1,-1,-1
ENSMUSG00000056476-C,"6-Methoxy-1-methyl-1,2,3,4-tetrahydroisoquinolin-7-ol",,,,-1.0,,1,-1,-1,-1
ENSMUSG00000056476-C,"l-Leucine, n-butoxycarbonyl-N-methyl-, hexadecyl ester",,,,-1.0,,1,-1,-1,-1
ENSMUSG00000056476-C,L-Threonine,,,,1.0,-1.0,1,-1,-1,-1
ENSMUSG00000056476-C,Lupinine,,1.0,,1.0,,1,-1,-1,-1
ENSMUSG00000056476-C,Sulindac,,,,-1.0,,1,-1,-1,-1
ENSMUSG00000056536-C,3-Hydroxymethyl-2-trimethylsilyloxypentane,,-1.0,,-1.0,,1,-1,-1,-1
ENSMUSG00000056536-C,Adipoyl-L-carnitine,,,,-1.0,,1,-1,-1,-1
ENSMUSG00000056536-C,Benzeneacetic acid,,,,-1.0,,1,-1,-1,-1
ENSMUSG00000056536-C,L-Glutamic acid,,,,1.0,,1,-1,-1,-1
ENSMUSG00000056536-C,Tyr-Val,,,,-1.0,,1,-1,-1,-1
ENSMUSG00000056602-C,"1-Heptanol, 2-propyl-",,1.0,,1.0,,1,-1,-1,-1
ENSMUSG00000056602-C,"3,3-Dimethylacrylic acid",,,,1.0,,1,-1,-1,-1
ENSMUSG00000056602-C,"4,5-Dihydro-1H-pyrazole",,,,1.0,,1,-1,-1,-1
ENSMUSG00000056602-C,"6-Methoxy-1-methyl-1,2,3,4-tetrahydroisoquinolin-7-ol",,,,1.0,,1,-1,-1,-1
ENSMUSG00000056602-C,Benzeneacetic acid,,,,-1.0,,1,-1,-1,-1
ENSMUSG00000056602-C,Sulindac,,,,-1.0,,1,-1,-1,-1
ENSMUSG00000056602-C,Tyr-Val,,,,-1.0,,1,-1,-1,-1
ENSMUSG00000056895-C,"1,2-Bis(trimethylsiloxy)cyclohexene",,,,1.0,,1,-1,-1,-1
ENSMUSG00000056895-C,"1-Heptanol, 2-propyl-",,-1.0,,-1.0,,1,-1,-1,-1
ENSMUSG00000056895-C,"2-Butene-1,4-diol",,,,1.0,,1,-1,-1,-1
ENSMUSG00000056895-C,2-Methyl-3-pentanol,,-1.0,,-1.0,-1.0,1,1,1,1
ENSMUSG00000056895-C,5-Nitroso-8-quinolinol,,,,1.0,,1,-1,-1,-1
ENSMUSG00000056895-C,"6-Methoxy-1-methyl-1,2,3,4-tetrahydroisoquinolin-7-ol",,,,-1.0,,1,-1,-1,-1
ENSMUSG00000056895-C,"Naringenin 4',7-dimethylether",,,-1.0,-1.0,1.0,1,-1,-1,-1
ENSMUSG00000056895-C,Sulindac,,,,-1.0,,1,-1,-1,-1
ENSMUSG00000057440-C,2-Propyl-1-pentanol,,-1.0,-1.0,-1.0,-1.0,1,1,1,1
ENSMUSG00000057440-C,"3,3-Dimethylacrylic acid",,,,1.0,,1,-1,-1,-1
ENSMUSG00000057440-C,"4,5-Dihydro-1H-pyrazole",,,,1.0,,1,-1,-1,-1
ENSMUSG00000057440-C,"6-Methoxy-1-methyl-1,2,3,4-tetrahydroisoquinolin-7-ol",,,,1.0,,1,-1,-1,-1
ENSMUSG00000057440-C,Benzeneacetic acid,,,,-1.0,,1,-1,-1,-1
ENSMUSG00000057440-C,Chlorobenzilate,,,,-1.0,,1,-1,-1,-1
ENSMUSG00000057440-C,L-Threonine,,,,1.0,-1.0,1,-1,-1,-1
ENSMUSG00000057440-C,m-Toluic acid,,-1.0,-0.5,-0.9221722216732094,,1,-1,-1,-1
ENSMUSG00000057440-C,Sulindac,,,,-1.0,,1,-1,-1,-1
ENSMUSG00000057440-C,Tyr-Val,,,,-1.0,,1,-1,-1,-1
ENSMUSG00000057778-C,"(2R)-Pyrrolidine-1,2-dicarboxylic acid, bis(tert-butyldimethylsilyl) ester",,-0.5,-1.0,-0.9285714285714288,,1,-1,-1,-1
ENSMUSG00000057778-C,"1,2-Bis(trimethylsiloxy)cyclohexene",,,,-1.0,,1,-1,-1,-1
ENSMUSG00000057778-C,"6-Methoxy-1-methyl-1,2,3,4-tetrahydroisoquinolin-7-ol",,,,1.0,,1,-1,-1,-1
ENSMUSG00000057778-C,Chlorobenzilate,,,,-1.0,,1,-1,-1,-1
ENSMUSG00000057778-C,Curcumin,,-1.0,-1.0,-0.9285714285714288,1.0,1,-1,-1,-1
ENSMUSG00000057778-C,L-Threonine,,,,1.0,1.0,1,1,1,1
ENSMUSG00000057778-C,Octadecanoic acid,,,,-1.0,,1,-1,-1,-1
ENSMUSG00000057778-C,Sulindac,,,,-1.0,,1,-1,-1,-1
ENSMUSG00000058183-C,"2-Butene-1,4-diol",,,,1.0,,1,-1,-1,-1
ENSMUSG00000058183-C,"4,5-Dihydro-1H-pyrazole",,,,-1.0,,1,-1,-1,-1
ENSMUSG00000058183-C,"9Z-Octadecenoic acid, (2S)-3-[(hydroxymercaptophosphinyl)oxy]-2-methoxypropyl ester",,,,-1.0,,1,-1,-1,-1
ENSMUSG00000058183-C,Adipoyl-L-carnitine,,,,1.0,,1,-1,-1,-1
ENSMUSG00000058183-C,Benzeneacetic acid,,,,-1.0,,1,-1,-1,-1
ENSMUSG00000058183-C,L-Ornithine,,,,-1.0,,1,-1,-1,-1
ENSMUSG00000058183-C,Octadecanoic acid,,,,1.0,,1,-1,-1,-1
ENSMUSG00000058258-C,"1,2-Bis(trimethylsiloxy)cyclohexene",,,,-1.0,,1,-1,-1,-1
ENSMUSG00000058258-C,"1-Heptanol, 2-propyl-",,-1.0,,-1.0,,1,-1,-1,-1
ENSMUSG00000058258-C,2-Ethyl-1-butanol,,-1.0,,-1.0,,1,-1,-1,-1
ENSMUSG00000058258-C,Benzeneacetic acid,,,,1.0,,1,-1,-1,-1
ENSMUSG00000058258-C,Diclofenac,,,,-1.0,,1,-1,-1,-1
ENSMUSG00000058258-C,L-Serine,,,,-1.0,,1,-1,-1,-1
ENSMUSG00000058258-C,L-Valine,,-1.0,-1.0,-0.9461247469114746,,1,-1,-1,-1
ENSMUSG00000058258-C,Octadecanoic acid,,,,-1.0,,1,-1,-1,-1
ENSMUSG00000058258-C,Tyr-Val,,,,1.0,,1,-1,-1,-1
ENSMUSG00000058392-C,"1,2-Bis(trimethylsiloxy)cyclohexene",,,,-1.0,,1,-1,-1,-1
ENSMUSG00000058392-C,Benzeneacetic acid,,,,-1.0,,1,-1,-1,-1
ENSMUSG00000058392-C,Chlorobenzilate,,,,-1.0,,1,-1,-1,-1
ENSMUSG00000058392-C,L-Threonine,,,,1.0,1.0,1,1,1,1
ENSMUSG00000058392-C,Phenol,,-1.0,-0.5,-0.9285714285714288,,1,-1,-1,-1
ENSMUSG00000058392-C,Sulindac,,,,-1.0,,1,-1,-1,-1
ENSMUSG00000058603-C,Tyr-Val,,,,1.0,,1,-1,-1,-1
ENSMUSG00000058672-C,5-Nitroso-8-quinolinol,,,,-1.0,,1,-1,-1,-1
ENSMUSG00000058672-C,6-Nitroveratryl alcohol,,,,-1.0,,1,-1,-1,-1
ENSMUSG00000058672-C,Chlorobenzilate,,,,-1.0,,1,-1,-1,-1
ENSMUSG00000058672-C,"l-Leucine, n-butoxycarbonyl-N-methyl-, hexadecyl ester",,,,1.0,,1,-1,-1,-1
ENSMUSG00000058672-C,L-Threonine,,,,1.0,1.0,1,1,1,1
ENSMUSG00000058799-C,Benzeneacetic acid,,,,-1.0,,1,-1,-1,-1
ENSMUSG00000058799-C,"l-Leucine, n-butoxycarbonyl-N-methyl-, hexadecyl ester",,,,-1.0,,1,-1,-1,-1
ENSMUSG00000058799-C,Sulindac,,,,1.0,,1,-1,-1,-1
ENSMUSG00000058806-C,"1,2-Bis(trimethylsiloxy)cyclohexene",,,,1.0,,1,-1,-1,-1
ENSMUSG00000058806-C,"6-Methoxy-1-methyl-1,2,3,4-tetrahydroisoquinolin-7-ol",,,,-1.0,,1,-1,-1,-1
ENSMUSG00000058806-C,Chlorobenzilate,,,,-1.0,,1,-1,-1,-1
ENSMUSG00000058897-C,"1-Heptanol, 2-propyl-",,1.0,,1.0,,1,-1,-1,-1
ENSMUSG00000058897-C,"2-Butene-1,4-diol",,,,-1.0,,1,-1,-1,-1
ENSMUSG00000058897-C,"3,3-Dimethylacrylic acid",,,,1.0,,1,-1,-1,-1
ENSMUSG00000058897-C,"4,5-Dihydro-1H-pyrazole",,,,1.0,,1,-1,-1,-1
ENSMUSG00000058897-C,"6-Methoxy-1-methyl-1,2,3,4-tetrahydroisoquinolin-7-ol",,,,1.0,,1,-1,-1,-1
ENSMUSG00000058897-C,Adipoyl-L-carnitine,,,,-1.0,,1,-1,-1,-1
ENSMUSG00000058897-C,L-Ornithine,,,,1.0,,1,-1,-1,-1
ENSMUSG00000058897-C,Octadecanoic acid,,,,-1.0,,1,-1,-1,-1
ENSMUSG00000059325-C,"1,2-Bis(trimethylsiloxy)cyclohexene",,,,-1.0,,1,-1,-1,-1
ENSMUSG00000059325-C,"3,3-Dimethylacrylic acid",,,,1.0,,1,-1,-1,-1
ENSMUSG00000059325-C,"6-Methoxy-1-methyl-1,2,3,4-tetrahydroisoquinolin-7-ol",,,,1.0,,1,-1,-1,-1
ENSMUSG00000059325-C,Octadecanoic acid,,,,-1.0,,1,-1,-1,-1
ENSMUSG00000059456-C,5-Nitroso-8-quinolinol,,,,-1.0,,1,-1,-1,-1
ENSMUSG00000059456-C,6-Nitroveratryl alcohol,,,,-1.0,,1,-1,-1,-1
ENSMUSG00000059456-C,Chlorobenzilate,,,,-1.0,,1,-1,-1,-1
ENSMUSG00000059456-C,Sulindac,,,,-1.0,,1,-1,-1,-1
ENSMUSG00000059482-C,"1-Heptanol, 2-propyl-",,1.0,,1.0,,1,-1,-1,-1
ENSMUSG00000059482-C,"2-Butene-1,4-diol",,,,1.0,,1,-1,-1,-1
ENSMUSG00000059482-C,5-Nitroso-8-quinolinol,,,,1.0,,1,-1,-1,-1
ENSMUSG00000059482-C,"6-Methoxy-1-methyl-1,2,3,4-tetrahydroisoquinolin-7-ol",,,,-1.0,,1,-1,-1,-1
ENSMUSG00000059482-C,6-Nitroveratryl alcohol,,,,1.0,,1,-1,-1,-1
ENSMUSG00000059482-C,Chlorobenzilate,,,,1.0,,1,-1,-1,-1
ENSMUSG00000059482-C,Tyr-Val,,,,-1.0,,1,-1,-1,-1
ENSMUSG00000059669-C,"3,3-Dimethylacrylic acid",,,,1.0,,1,-1,-1,-1
ENSMUSG00000059669-C,"4,5-Dihydro-1H-pyrazole",,,,1.0,,1,-1,-1,-1
ENSMUSG00000059669-C,"6-Methoxy-1-methyl-1,2,3,4-tetrahydroisoquinolin-7-ol",,,,1.0,,1,-1,-1,-1
ENSMUSG00000059742-C,"1-Heptanol, 2-propyl-",,-1.0,,-1.0,,1,-1,-1,-1
ENSMUSG00000059742-C,2-Ethyl-1-butanol,,-1.0,,-1.0,,1,-1,-1,-1
ENSMUSG00000059742-C,"3,3-Dimethylacrylic acid",,,,1.0,,1,-1,-1,-1
ENSMUSG00000059742-C,"4,5-Dihydro-1H-pyrazole",,,,1.0,,1,-1,-1,-1
ENSMUSG00000059742-C,5-Nitroso-8-quinolinol,,,,1.0,,1,-1,-1,-1
ENSMUSG00000059742-C,Benzeneacetic acid,,,,-1.0,,1,-1,-1,-1
ENSMUSG00000059742-C,Tyr-Val,,,,-1.0,,1,-1,-1,-1
ENSMUSG00000059791-C,"1-Heptanol, 2-propyl-",,1.0,,1.0,,1,-1,-1,-1
ENSMUSG00000059791-C,5-Nitroso-8-quinolinol,,,,1.0,,1,-1,-1,-1
ENSMUSG00000059791-C,"6-Methoxy-1-methyl-1,2,3,4-tetrahydroisoquinolin-7-ol",,,,-1.0,,1,-1,-1,-1
ENSMUSG00000059791-C,6-Nitroveratryl alcohol,,,,1.0,,1,-1,-1,-1
ENSMUSG00000059791-C,Chlorobenzilate,,,,1.0,,1,-1,-1,-1
ENSMUSG00000059791-C,"l-Leucine, n-butoxycarbonyl-N-methyl-, hexadecyl ester",,,,-1.0,,1,-1,-1,-1
ENSMUSG00000059791-C,Tyr-Val,,,,-1.0,,1,-1,-1,-1
ENSMUSG00000059975-C,"2-Butene-1,4-diol",,,,-1.0,,1,-1,-1,-1
ENSMUSG00000059975-C,"3,3-Dimethylacrylic acid",,,,1.0,,1,-1,-1,-1
ENSMUSG00000059975-C,"4,5-Dihydro-1H-pyrazole",,,,1.0,,1,-1,-1,-1
ENSMUSG00000059975-C,"6-Methoxy-1-methyl-1,2,3,4-tetrahydroisoquinolin-7-ol",,,,1.0,,1,-1,-1,-1
ENSMUSG00000059975-C,"Naringenin 4',7-dimethylether",,,1.0,1.0,-1.0,1,-1,-1,-1
ENSMUSG00000059975-C,Sulindac,,,,1.0,,1,-1,-1,-1
ENSMUSG00000059975-C,Trimethylolpropane,,,,1.0,-1.0,1,-1,-1,-1
ENSMUSG00000059975-C,Tyr-Val,,,,-1.0,,1,-1,-1,-1
ENSMUSG00000060257-C,"1-(2,5-Dimethoxyphenyl)-1-[(trimethylsilyl)oxy]propan-2-amine",,1.0,1.0,0.9523809523809524,,1,-1,-1,-1
ENSMUSG00000060257-C,"1-Heptanol, 2-propyl-",,1.0,,1.0,,1,-1,-1,-1
ENSMUSG00000060257-C,"3,3-Dimethylacrylic acid",,,,-1.0,,1,-1,-1,-1
ENSMUSG00000060257-C,5-Nitroso-8-quinolinol,,,,-1.0,,1,-1,-1,-1
ENSMUSG00000060257-C,"l-Leucine, n-butoxycarbonyl-N-methyl-, hexadecyl ester",,,,1.0,,1,-1,-1,-1
ENSMUSG00000060279-C,"2,4,6-Cycloheptatrien-1-one",,,,-1.0,1.0,1,-1,-1,-1
ENSMUSG00000060279-C,"9Z-Octadecenoic acid, (2S)-3-[(hydroxymercaptophosphinyl)oxy]-2-methoxypropyl ester",,,,-1.0,,1,-1,-1,-1
ENSMUSG00000060279-C,Adipoyl-L-carnitine,,,,1.0,,1,-1,-1,-1
ENSMUSG00000060279-C,Benzeneacetic acid,,,,-1.0,,1,-1,-1,-1
ENSMUSG00000060279-C,Chlorobenzilate,,,,-1.0,,1,-1,-1,-1
ENSMUSG00000060279-C,L-Glutamic acid,,,,-1.0,,1,-1,-1,-1
ENSMUSG00000060279-C,L-Ornithine,,,,-1.0,,1,-1,-1,-1
ENSMUSG00000060279-C,Octadecanoic acid,,,,1.0,,1,-1,-1,-1
ENSMUSG00000060445-C,Adipoyl-L-carnitine,,,,-1.0,,1,-1,-1,-1
ENSMUSG00000060445-C,Chlorobenzilate,,,,1.0,,1,-1,-1,-1
ENSMUSG00000060445-C,Luciferin,,,,-1.0,,1,-1,-1,-1
ENSMUSG00000060445-C,Tyr-Val,,,,-1.0,,1,-1,-1,-1
ENSMUSG00000060487-C,"2-Butene-1,4-diol",,,,-1.0,,1,-1,-1,-1
ENSMUSG00000060487-C,"4,5-Dihydro-1H-pyrazole",,,,1.0,,1,-1,-1,-1
ENSMUSG00000060487-C,L-Glutamic acid,,,,-1.0,,1,-1,-1,-1
ENSMUSG00000060487-C,L-Threonine,,,,-1.0,-1.0,1,1,1,1
ENSMUSG00000060548-C,"1-Heptanol, 2-propyl-",,1.0,,1.0,,1,-1,-1,-1
ENSMUSG00000060548-C,"3,3-Dimethylacrylic acid",,,,1.0,,1,-1,-1,-1
ENSMUSG00000060548-C,5-Nitroso-8-quinolinol,,,,1.0,,1,-1,-1,-1
ENSMUSG00000060548-C,Chlorobenzilate,,,,1.0,,1,-1,-1,-1
ENSMUSG00000060548-C,Tyr-Val,,,,-1.0,,1,-1,-1,-1
ENSMUSG00000060548-C,Urea,,1.0,1.0,0.934148484292342,,1,-1,-1,-1
ENSMUSG00000060743-C,"1-Heptanol, 2-propyl-",,1.0,,1.0,,1,-1,-1,-1
ENSMUSG00000060743-C,"3,3-Dimethylacrylic acid",,,,1.0,,1,-1,-1,-1
ENSMUSG00000060743-C,"4,5-Dihydro-1H-pyrazole",,,,1.0,,1,-1,-1,-1
ENSMUSG00000060743-C,Tyr-Val,,,,-1.0,,1,-1,-1,-1
ENSMUSG00000060904-C,"1,2-Bis(trimethylsiloxy)cyclohexene",,,,-1.0,,1,-1,-1,-1
ENSMUSG00000060904-C,5-Nitroso-8-quinolinol,,,,-1.0,,1,-1,-1,-1
ENSMUSG00000060904-C,"6-Methoxy-1-methyl-1,2,3,4-tetrahydroisoquinolin-7-ol",,,,1.0,,1,-1,-1,-1
ENSMUSG00000060904-C,L-Norleucine,,1.0,,1.0,,1,-1,-1,-1
ENSMUSG00000060904-C,L-Ornithine,,,,1.0,,1,-1,-1,-1
ENSMUSG00000060904-C,Octadecanoic acid,,,,-1.0,,1,-1,-1,-1
ENSMUSG00000060904-C,Palmitic Acid,,,,-1.0,,1,-1,-1,-1
ENSMUSG00000061244-C,"1,2-Bis(trimethylsiloxy)cyclohexene",,,,-1.0,,1,-1,-1,-1
ENSMUSG00000061244-C,"2-Butene-1,4-diol",,,,-1.0,,1,-1,-1,-1
ENSMUSG00000061244-C,"3,3-Dimethylacrylic acid",,,,1.0,,1,-1,-1,-1
ENSMUSG00000061244-C,Adipoyl-L-carnitine,,,,-1.0,,1,-1,-1,-1
ENSMUSG00000061244-C,Benzeneacetic acid,,,,-1.0,,1,-1,-1,-1
ENSMUSG00000061244-C,Tyr-Val,,,,-1.0,,1,-1,-1,-1
ENSMUSG00000062352-C,"1,2-Bis(trimethylsiloxy)cyclohexene",,,,-1.0,,1,-1,-1,-1
ENSMUSG00000062352-C,3-Hydroxymethyl-2-trimethylsilyloxypentane,,-1.0,,-1.0,,1,-1,-1,-1
ENSMUSG00000062352-C,"6-Aminocaproic acid, N-(tert.-butyldimethylsilyl)",,,-0.8660254037844387,-0.981980506061966,1.0,1,-1,-1,-1
ENSMUSG00000062352-C,"9Z-Octadecenoic acid, (2S)-3-[(hydroxymercaptophosphinyl)oxy]-2-methoxypropyl ester",,,,1.0,,1,-1,-1,-1
ENSMUSG00000062352-C,L-Ornithine,,,,1.0,,1,-1,-1,-1
ENSMUSG00000062352-C,Octadecanoic acid,,,,-1.0,,1,-1,-1,-1
ENSMUSG00000062352-C,"Propanoic acid, dimethyl(isopropyl)silyl ester",,-1.0,-1.0,-1.0,,1,-1,-1,-1
ENSMUSG00000062352-C,Tyr-Val,,,,1.0,,1,-1,-1,-1
ENSMUSG00000063052-C,"1,2-Bis(trimethylsiloxy)cyclohexene",,,,-1.0,,1,-1,-1,-1
ENSMUSG00000063052-C,"2-Butene-1,4-diol",,,,-1.0,,1,-1,-1,-1
ENSMUSG00000063052-C,Chlorobenzilate,,,,-1.0,,1,-1,-1,-1
ENSMUSG00000063052-C,L-Glutamic acid,,,,-1.0,,1,-1,-1,-1
ENSMUSG00000063052-C,Octadecanoic acid,,,,-1.0,,1,-1,-1,-1
ENSMUSG00000063109-C,Benzeneacetic acid,,,,1.0,,1,-1,-1,-1
ENSMUSG00000063109-C,Phthalazin-1-one,,,,1.0,,1,-1,-1,-1
ENSMUSG00000063109-C,Tyr-Val,,,,1.0,,1,-1,-1,-1
ENSMUSG00000063142-C,"1-Heptanol, 2-propyl-",,-1.0,,-1.0,,1,-1,-1,-1
ENSMUSG00000063142-C,"2-Butene-1,4-diol",,,,1.0,,1,-1,-1,-1
ENSMUSG00000063142-C,2-Cyanobenzaldehyde,,-1.0,,-1.0,,1,-1,-1,-1
ENSMUSG00000063142-C,"2-Methylcyclohexylamine, tert.-butyldimethylsilyl ether",,,,1.0,,1,-1,-1,-1
ENSMUSG00000063142-C,Adipoyl-L-carnitine,,,,1.0,,1,-1,-1,-1
ENSMUSG00000063142-C,Benzeneacetic acid,,,,-1.0,,1,-1,-1,-1
ENSMUSG00000063142-C,"l-Leucine, n-butoxycarbonyl-N-methyl-, hexadecyl ester",,,,-1.0,,1,-1,-1,-1
ENSMUSG00000063142-C,Octanoic acid,,,,-1.0,,1,-1,-1,-1
ENSMUSG00000063439-C,"2-Methylcyclohexylamine, tert.-butyldimethylsilyl ether",,,,1.0,,1,-1,-1,-1
ENSMUSG00000063439-C,"4,5-Dihydro-1H-pyrazole",,,,-1.0,,1,-1,-1,-1
ENSMUSG00000063439-C,5-Nitroso-8-quinolinol,,,,-1.0,,1,-1,-1,-1
ENSMUSG00000063439-C,6-Nitroveratryl alcohol,,,,-1.0,,1,-1,-1,-1
ENSMUSG00000063439-C,Octanoic acid,,,,-1.0,,1,-1,-1,-1
ENSMUSG00000063439-C,Salsoline,,,1.0,0.9642857142857144,1.0,1,1,1,1
ENSMUSG00000063439-C,Sarcosine,,,,1.0,,1,-1,-1,-1
ENSMUSG00000063439-C,Stearic acid,,,0.5,0.9549937104572924,,1,-1,-1,-1
ENSMUSG00000063439-C,Tyr-Val,,,,1.0,,1,-1,-1,-1
ENSMUSG00000063661-C,Chlorobenzilate,,,,1.0,,1,-1,-1,-1
ENSMUSG00000063661-C,L-Threonine,,,,-1.0,-1.0,1,1,1,1
ENSMUSG00000063661-C,Sulindac,,,,1.0,,1,-1,-1,-1
ENSMUSG00000063663-C,"1-Heptanol, 2-propyl-",,1.0,,1.0,,1,-1,-1,-1
ENSMUSG00000063663-C,"3,3-Dimethylacrylic acid",,,,1.0,,1,-1,-1,-1
ENSMUSG00000063663-C,"4,5-Dihydro-1H-pyrazole",,,,1.0,,1,-1,-1,-1
ENSMUSG00000063663-C,"6-Methoxy-1-methyl-1,2,3,4-tetrahydroisoquinolin-7-ol",,,,1.0,,1,-1,-1,-1
ENSMUSG00000063696-C,"1-Heptanol, 2-propyl-",,1.0,,1.0,,1,-1,-1,-1
ENSMUSG00000063696-C,"2-Butene-1,4-diol",,,,1.0,,1,-1,-1,-1
ENSMUSG00000063696-C,5-Nitroso-8-quinolinol,,,,1.0,,1,-1,-1,-1
ENSMUSG00000063696-C,"6-Methoxy-1-methyl-1,2,3,4-tetrahydroisoquinolin-7-ol",,,,-1.0,,1,-1,-1,-1
ENSMUSG00000063696-C,Trimethylolpropane,,,,-1.0,-1.0,1,1,1,1
ENSMUSG00000063931-C,L-Threonine,,,,1.0,1.0,1,1,1,1
ENSMUSG00000063931-C,Sulindac,,,,-1.0,,1,-1,-1,-1
ENSMUSG00000063931-C,Tyr-Val,,,,1.0,,1,-1,-1,-1
ENSMUSG00000064138-C,"1-Heptanol, 2-propyl-",,-1.0,,-1.0,,1,-1,-1,-1
ENSMUSG00000064138-C,2-Cyanobenzaldehyde,,-1.0,,-1.0,,1,-1,-1,-1
ENSMUSG00000064138-C,5-Nitroso-8-quinolinol,,,,1.0,,1,-1,-1,-1
ENSMUSG00000064138-C,"6-Methoxy-1-methyl-1,2,3,4-tetrahydroisoquinolin-7-ol",,,,-1.0,,1,-1,-1,-1
ENSMUSG00000064138-C,Benzeneacetic acid,,,,-1.0,,1,-1,-1,-1
ENSMUSG00000064138-C,"l-Leucine, n-butoxycarbonyl-N-methyl-, hexadecyl ester",,,,-1.0,,1,-1,-1,-1
ENSMUSG00000064138-C,Sulindac,,,,1.0,,1,-1,-1,-1
ENSMUSG00000064138-C,Tyr-Val,,,,-1.0,,1,-1,-1,-1
ENSMUSG00000064442-C,5-Nitroso-8-quinolinol,,,,1.0,,1,-1,-1,-1
ENSMUSG00000064442-C,"6-Methoxy-1-methyl-1,2,3,4-tetrahydroisoquinolin-7-ol",,,,-1.0,,1,-1,-1,-1
ENSMUSG00000066042-C,"1-(2,4-Dimethoxyphenyl)-propan-2-one",,,-0.5,-0.9549937104572924,1.0,1,-1,-1,-1
ENSMUSG00000066042-C,5-Nitroso-8-quinolinol,,,,-1.0,,1,-1,-1,-1
ENSMUSG00000066042-C,"6-Methoxy-1-methyl-1,2,3,4-tetrahydroisoquinolin-7-ol",,,,1.0,,1,-1,-1,-1
ENSMUSG00000066042-C,Chlorobenzilate,,,,-1.0,,1,-1,-1,-1
ENSMUSG00000066042-C,L-Norleucine,,1.0,,1.0,,1,-1,-1,-1
ENSMUSG00000066042-C,L-Serine,,,,1.0,,1,-1,-1,-1
ENSMUSG00000066042-C,L-Threonine,,,,1.0,1.0,1,1,1,1
ENSMUSG00000066042-C,Octadecanoic acid,,,,1.0,,1,-1,-1,-1
ENSMUSG00000066042-C,Sulindac,,,,-1.0,,1,-1,-1,-1
ENSMUSG00000066057-C,"1,2-Bis(trimethylsiloxy)cyclohexene",,,,1.0,,1,-1,-1,-1
ENSMUSG00000066057-C,3-Hydroxymethyl-2-trimethylsilyloxypentane,,-1.0,,-1.0,,1,-1,-1,-1
ENSMUSG00000066057-C,L-Glutamic acid,,,,1.0,,1,-1,-1,-1
ENSMUSG00000066057-C,Sulindac,,,,1.0,,1,-1,-1,-1
ENSMUSG00000066441-C,"1-Heptanol, 2-propyl-",,-1.0,,-1.0,,1,-1,-1,-1
ENSMUSG00000066441-C,2-Cyanobenzaldehyde,,-1.0,,-1.0,,1,-1,-1,-1
ENSMUSG00000066441-C,5-Nitroso-8-quinolinol,,,,1.0,,1,-1,-1,-1
ENSMUSG00000066441-C,"6-Methoxy-1-methyl-1,2,3,4-tetrahydroisoquinolin-7-ol",,,,-1.0,,1,-1,-1,-1
ENSMUSG00000066441-C,Benzeneacetic acid,,,,-1.0,,1,-1,-1,-1
ENSMUSG00000066441-C,"l-Leucine, n-butoxycarbonyl-N-methyl-, hexadecyl ester",,,,-1.0,,1,-1,-1,-1
ENSMUSG00000066441-C,L-Threonine,,,,-1.0,-1.0,1,1,1,1
ENSMUSG00000066441-C,Tyr-Val,,,,-1.0,,1,-1,-1,-1
ENSMUSG00000067028-C,"1-Heptanol, 2-propyl-",,-1.0,,-1.0,,1,-1,-1,-1
ENSMUSG00000067028-C,1-Octadecanol,,,,-1.0,1.0,1,-1,-1,-1
ENSMUSG00000067028-C,2-Cyanobenzaldehyde,,-1.0,,-1.0,,1,-1,-1,-1
ENSMUSG00000067028-C,"3,3-Dimethylacrylic acid",,,,1.0,,1,-1,-1,-1
ENSMUSG00000067028-C,"3,5-Dimethylphenol",,-0.5,-1.0,-0.9578313253012046,,1,-1,-1,-1
ENSMUSG00000067028-C,"4,5-Dihydro-1H-pyrazole",,,,1.0,,1,-1,-1,-1
ENSMUSG00000067028-C,5-Azacytosine,,-1.0,-1.0,-0.9757754965005868,-1.0,1,1,1,1
ENSMUSG00000067028-C,"6,7,4'-Trihydroxyisoflavone",,-1.0,-1.0,-0.9221722216732094,,1,-1,-1,-1
ENSMUSG00000067028-C,"6-Methoxy-1-methyl-1,2,3,4-tetrahydroisoquinolin-7-ol",,,,1.0,,1,-1,-1,-1
ENSMUSG00000067028-C,Adipoyl-L-carnitine,,,,-1.0,,1,-1,-1,-1
ENSMUSG00000067028-C,"Benzenesulfonamide, N-butyl",,-0.5,-1.0,-0.9216867469879516,,1,-1,-1,-1
ENSMUSG00000067028-C,"Cytosine, N-(tert-butyldimethylsilyl)-",,-0.5,-1.0,-0.9518072289156626,,1,-1,-1,-1
ENSMUSG00000067028-C,"Dodecanoic acid, 1-methylethyl ester",,-0.5,-1.0,-0.9461247469114744,,1,-1,-1,-1
ENSMUSG00000067028-C,"D-Streptamine, O-6-amino-6-deoxy-alpha-D-glucopyranosyl-(1-4)-O-(3-deoxy-4-C-methyl-3-(methylamino)-beta-L-arabinopyranosyl-(1-6))-2-deoxy-",,-1.0,-1.0,-0.9461247469114744,,1,-1,-1,-1
ENSMUSG00000067028-C,Frangulin,,,,-0.9856107606091624,-1.0,1,1,1,1
ENSMUSG00000067028-C,Heptanoic acid,,-1.0,-1.0,-0.9394111922831736,,1,-1,-1,-1
ENSMUSG00000067028-C,Isopropylamine,,1.0,1.0,0.9518072289156626,1.0,1,1,1,1
ENSMUSG00000067028-C,Luciferin,,,,-1.0,,1,-1,-1,-1
ENSMUSG00000067028-C,Octanoic acid,,,,-1.0,,1,-1,-1,-1
ENSMUSG00000067297-C,5-Nitroso-8-quinolinol,,,,1.0,,1,-1,-1,-1
ENSMUSG00000067297-C,6-Nitroveratryl alcohol,,,,1.0,,1,-1,-1,-1
ENSMUSG00000067297-C,Chlorobenzilate,,,,1.0,,1,-1,-1,-1
ENSMUSG00000067719-C,Sulindac,,,,-1.0,,1,-1,-1,-1
ENSMUSG00000067924-C,"4,5-Dihydro-1H-pyrazole",,,,-1.0,,1,-1,-1,-1
ENSMUSG00000067924-C,"6-Methoxy-1-methyl-1,2,3,4-tetrahydroisoquinolin-7-ol",,,,-1.0,,1,-1,-1,-1
ENSMUSG00000068114-C,"1,2-Bis(trimethylsiloxy)cyclohexene",,,,1.0,,1,-1,-1,-1
ENSMUSG00000068114-C,"6-Methoxy-1-methyl-1,2,3,4-tetrahydroisoquinolin-7-ol",,,,-1.0,,1,-1,-1,-1
ENSMUSG00000068114-C,Benzeneacetic acid,,,,-1.0,,1,-1,-1,-1
ENSMUSG00000068114-C,Chlorobenzilate,,,,-1.0,,1,-1,-1,-1
ENSMUSG00000068114-C,L-Ornithine,,,,-1.0,,1,-1,-1,-1
ENSMUSG00000068114-C,Luciferin,,,,1.0,,1,-1,-1,-1
ENSMUSG00000068114-C,Octadecanoic acid,,,,1.0,,1,-1,-1,-1
ENSMUSG00000068196-C,"1-Heptanol, 2-propyl-",,-1.0,,-1.0,,1,-1,-1,-1
ENSMUSG00000068196-C,5-Nitroso-8-quinolinol,,,,1.0,,1,-1,-1,-1
ENSMUSG00000068196-C,"6-Methoxy-1-methyl-1,2,3,4-tetrahydroisoquinolin-7-ol",,,,-1.0,,1,-1,-1,-1
ENSMUSG00000068196-C,Sulindac,,,,1.0,,1,-1,-1,-1
ENSMUSG00000068263-C,"1-Heptanol, 2-propyl-",,1.0,,1.0,,1,-1,-1,-1
ENSMUSG00000068263-C,"3,3-Dimethylacrylic acid",,,,1.0,,1,-1,-1,-1
ENSMUSG00000068263-C,5-Nitroso-8-quinolinol,,,,1.0,,1,-1,-1,-1
ENSMUSG00000068263-C,"6-Methoxy-1-methyl-1,2,3,4-tetrahydroisoquinolin-7-ol",,,,-1.0,,1,-1,-1,-1
ENSMUSG00000068263-C,Chlorobenzilate,,,,1.0,,1,-1,-1,-1
ENSMUSG00000068263-C,"l-Leucine, n-butoxycarbonyl-N-methyl-, hexadecyl ester",,,,-1.0,,1,-1,-1,-1
ENSMUSG00000068263-C,Sulindac,,,,-1.0,,1,-1,-1,-1
ENSMUSG00000068457-C,"2-Butene-1,4-diol",,,,1.0,,1,-1,-1,-1
ENSMUSG00000068457-C,5-Nitroso-8-quinolinol,,,,1.0,,1,-1,-1,-1
ENSMUSG00000068457-C,"l-Leucine, n-butoxycarbonyl-N-methyl-, hexadecyl ester",,,,-1.0,,1,-1,-1,-1
ENSMUSG00000068457-C,L-Threonine,,,,1.0,-1.0,1,-1,-1,-1
ENSMUSG00000068457-C,Sulindac,,,,-1.0,,1,-1,-1,-1
ENSMUSG00000068457-C,Trimethylolpropane,,,,-1.0,-1.0,1,1,1,1
ENSMUSG00000068522-C,Benzeneacetic acid,,,,-1.0,,1,-1,-1,-1
ENSMUSG00000068522-C,Chlorobenzilate,,,,1.0,,1,-1,-1,-1
ENSMUSG00000068522-C,L-Threonine,,,,-1.0,-1.0,1,1,1,1
ENSMUSG00000068522-C,Luciferin,,,,-1.0,,1,-1,-1,-1
ENSMUSG00000068522-C,Tyr-Val,,,,-1.0,,1,-1,-1,-1
ENSMUSG00000068699-C,"1,2-Bis(trimethylsiloxy)cyclohexene",,,,-1.0,,1,-1,-1,-1
ENSMUSG00000068699-C,"3,3-Dimethylacrylic acid",,,,1.0,,1,-1,-1,-1
ENSMUSG00000068699-C,L-Threonine,,,,1.0,-1.0,1,-1,-1,-1
ENSMUSG00000068699-C,Octadecanoic acid,,,,-1.0,,1,-1,-1,-1
ENSMUSG00000068699-C,Sulindac,,,,-1.0,,1,-1,-1,-1
ENSMUSG00000068742-C,"1,2-Bis(trimethylsiloxy)cyclohexene",,,,1.0,,1,-1,-1,-1
ENSMUSG00000068742-C,"2-Methylcyclohexylamine, tert.-butyldimethylsilyl ether",,,,1.0,,1,-1,-1,-1
ENSMUSG00000068742-C,L-Threonine,,,,1.0,1.0,1,1,1,1
ENSMUSG00000068742-C,Luciferin,,,,-1.0,,1,-1,-1,-1
ENSMUSG00000068742-C,Octanoic acid,,,,-1.0,,1,-1,-1,-1
ENSMUSG00000068921-C,"1,2-Bis(trimethylsiloxy)cyclohexene",,,,-1.0,,1,-1,-1,-1
ENSMUSG00000068921-C,Benzeneacetic acid,,,,-1.0,,1,-1,-1,-1
ENSMUSG00000068921-C,Chlorobenzilate,,,,-1.0,,1,-1,-1,-1
ENSMUSG00000068921-C,L-Threonine,,,,1.0,1.0,1,1,1,1
ENSMUSG00000068921-C,Sulindac,,,,-1.0,,1,-1,-1,-1
ENSMUSG00000069020-C,"1-Heptanol, 2-propyl-",,-1.0,,-1.0,,1,-1,-1,-1
ENSMUSG00000069020-C,Chlorobenzilate,,,,-1.0,,1,-1,-1,-1
ENSMUSG00000069020-C,L-Glutamic acid,,,,-1.0,,1,-1,-1,-1
ENSMUSG00000069020-C,"l-Leucine, n-butoxycarbonyl-N-methyl-, hexadecyl ester",,,,1.0,,1,-1,-1,-1
ENSMUSG00000069020-C,Sulindac,,,,-1.0,,1,-1,-1,-1
ENSMUSG00000069020-C,Tyr-Val,,,,1.0,,1,-1,-1,-1
ENSMUSG00000069072-C,"1-Heptanol, 2-propyl-",,-1.0,,-1.0,,1,-1,-1,-1
ENSMUSG00000069072-C,"2(5H)-Furanone, 4-(hydroxymethyl)",,-1.0,-0.5,-0.9523809523809524,,1,-1,-1,-1
ENSMUSG00000069072-C,2-Cyanobenzaldehyde,,-1.0,,-1.0,,1,-1,-1,-1
ENSMUSG00000069072-C,"4,5-Dihydro-1H-pyrazole",,,,1.0,,1,-1,-1,-1
ENSMUSG00000069072-C,5-Nitroso-8-quinolinol,,,,1.0,,1,-1,-1,-1
ENSMUSG00000069072-C,Adipoyl-L-carnitine,,,,-1.0,,1,-1,-1,-1
ENSMUSG00000069072-C,Benzeneacetic acid,,,,-1.0,,1,-1,-1,-1
ENSMUSG00000069072-C,Heptanoic acid,,-1.0,-1.0,-0.9639253854237598,,1,-1,-1,-1
ENSMUSG00000069072-C,Sarcosine,,,,-1.0,,1,-1,-1,-1
ENSMUSG00000069072-C,Stearic acid,,,-1.0,-0.9910312089651148,,1,-1,-1,-1
ENSMUSG00000069072-C,Tyr-Val,,,,-1.0,,1,-1,-1,-1
ENSMUSG00000069089-C,"3,3-Dimethylacrylic acid",,,,1.0,,1,-1,-1,-1
ENSMUSG00000069089-C,"l-Leucine, n-butoxycarbonyl-N-methyl-, hexadecyl ester",,,,-1.0,,1,-1,-1,-1
ENSMUSG00000069089-C,L-Threonine,,,,-1.0,-1.0,1,1,1,1
ENSMUSG00000069089-C,Sulindac,,,,1.0,,1,-1,-1,-1
ENSMUSG00000069089-C,Tyr-Val,,,,-1.0,,1,-1,-1,-1
ENSMUSG00000069206-C,"1,2-Bis(trimethylsiloxy)cyclohexene",,,,-1.0,,1,-1,-1,-1
ENSMUSG00000069206-C,"1-Heptanol, 2-propyl-",,1.0,,1.0,,1,-1,-1,-1
ENSMUSG00000069206-C,"6-Methoxy-1-methyl-1,2,3,4-tetrahydroisoquinolin-7-ol",,,,1.0,,1,-1,-1,-1
ENSMUSG00000069206-C,L-Threonine,,,,1.0,1.0,1,1,1,1
ENSMUSG00000069206-C,Octadecanoic acid,,,,-1.0,,1,-1,-1,-1
ENSMUSG00000069206-C,Sulindac,,,,-1.0,,1,-1,-1,-1
ENSMUSG00000069206-C,Tyr-Val,,,,1.0,,1,-1,-1,-1
ENSMUSG00000069670-C,"2-Butene-1,4-diol",,,,1.0,,1,-1,-1,-1
ENSMUSG00000069670-C,3-Hydroxymethyl-2-trimethylsilyloxypentane,,1.0,,1.0,,1,-1,-1,-1
ENSMUSG00000069670-C,5-Nitroso-8-quinolinol,,,,1.0,,1,-1,-1,-1
ENSMUSG00000069670-C,"6-Methoxy-1-methyl-1,2,3,4-tetrahydroisoquinolin-7-ol",,,,-1.0,,1,-1,-1,-1
ENSMUSG00000069670-C,6-Nitroveratryl alcohol,,,,1.0,,1,-1,-1,-1
ENSMUSG00000069670-C,Chlorobenzilate,,,,1.0,,1,-1,-1,-1
ENSMUSG00000069670-C,Tyr-Val,,,,-1.0,,1,-1,-1,-1
ENSMUSG00000069763-C,"1,2-Bis(trimethylsiloxy)cyclohexene",,,,-1.0,,1,-1,-1,-1
ENSMUSG00000069763-C,"1-Heptanol, 2-propyl-",,1.0,,1.0,,1,-1,-1,-1
ENSMUSG00000069763-C,"3,3-Dimethylacrylic acid",,,,1.0,,1,-1,-1,-1
ENSMUSG00000069763-C,"6-Methoxy-1-methyl-1,2,3,4-tetrahydroisoquinolin-7-ol",,,,1.0,,1,-1,-1,-1
ENSMUSG00000069763-C,Sulindac,,,,-1.0,,1,-1,-1,-1
ENSMUSG00000069763-C,Tyr-Val,,,,-1.0,,1,-1,-1,-1
ENSMUSG00000069769-C,"1-Heptanol, 2-propyl-",,-1.0,,-1.0,,1,-1,-1,-1
ENSMUSG00000069769-C,"2-Butene-1,4-diol",,,,1.0,,1,-1,-1,-1
ENSMUSG00000069769-C,2-Cyanobenzaldehyde,,-1.0,,-1.0,,1,-1,-1,-1
ENSMUSG00000069769-C,2-Methyl-3-pentanol,,-1.0,,-1.0,1.0,1,-1,-1,-1
ENSMUSG00000069769-C,5-Nitroso-8-quinolinol,,,,1.0,,1,-1,-1,-1
ENSMUSG00000069769-C,"6-Methoxy-1-methyl-1,2,3,4-tetrahydroisoquinolin-7-ol",,,,-1.0,,1,-1,-1,-1
ENSMUSG00000069769-C,Benzeneacetic acid,,,,-1.0,,1,-1,-1,-1
ENSMUSG00000069769-C,Tyr-Val,,,,-1.0,,1,-1,-1,-1
ENSMUSG00000070407-C,"2-Methylcyclohexylamine, tert.-butyldimethylsilyl ether",,,,1.0,,1,-1,-1,-1
ENSMUSG00000070407-C,L-Threonine,,,,1.0,1.0,1,1,1,1
ENSMUSG00000070407-C,Luciferin,,,,-1.0,,1,-1,-1,-1
ENSMUSG00000070407-C,Octadecanoic acid,,,,-1.0,,1,-1,-1,-1
ENSMUSG00000070407-C,Octanoic acid,,,,-1.0,,1,-1,-1,-1
ENSMUSG00000070407-C,"Propanoic acid, 3-[(tert-butyldimethylsilyl)oxy]-2-methyl-",,0.8660254037844387,,0.9549937104572924,,1,-1,-1,-1
ENSMUSG00000070407-C,Sulindac,,,,-1.0,,1,-1,-1,-1
ENSMUSG00000070871-C,"1-Heptanol, 2-propyl-",,1.0,,1.0,,1,-1,-1,-1
ENSMUSG00000070871-C,"3,3-Dimethylacrylic acid",,,,1.0,,1,-1,-1,-1
ENSMUSG00000070871-C,"4,5-Dihydro-1H-pyrazole",,,,1.0,,1,-1,-1,-1
ENSMUSG00000070871-C,"6-Methoxy-1-methyl-1,2,3,4-tetrahydroisoquinolin-7-ol",,,,1.0,,1,-1,-1,-1
ENSMUSG00000070871-C,Tyr-Val,,,,-1.0,,1,-1,-1,-1
ENSMUSG00000071531-C,5-Nitroso-8-quinolinol,,,,1.0,,1,-1,-1,-1
ENSMUSG00000071531-C,"6-Methoxy-1-methyl-1,2,3,4-tetrahydroisoquinolin-7-ol",,,,-1.0,,1,-1,-1,-1
ENSMUSG00000071531-C,Chlorobenzilate,,,,1.0,,1,-1,-1,-1
ENSMUSG00000071531-C,"l-Leucine, n-butoxycarbonyl-N-methyl-, hexadecyl ester",,,,-1.0,,1,-1,-1,-1
ENSMUSG00000071531-C,L-Threonine,,,,-1.0,-1.0,1,1,1,1
ENSMUSG00000071531-C,Tyr-Val,,,,-1.0,,1,-1,-1,-1
ENSMUSG00000071636-C,"2-Butene-1,4-diol",,,,-1.0,,1,-1,-1,-1
ENSMUSG00000071636-C,Benzeneacetic acid,,,,-1.0,,1,-1,-1,-1
ENSMUSG00000071636-C,Chlorobenzilate,,,,-1.0,,1,-1,-1,-1
ENSMUSG00000071636-C,Pinosylvin,,1.0,0.8660254037844387,0.9856107606091624,-1.0,1,-1,-1,-1
ENSMUSG00000071637-C,"3,3-Dimethylacrylic acid",,,,-1.0,,1,-1,-1,-1
ENSMUSG00000071637-C,5-Nitroso-8-quinolinol,,,,-1.0,,1,-1,-1,-1
ENSMUSG00000071637-C,Adipoyl-L-carnitine,,,,1.0,,1,-1,-1,-1
ENSMUSG00000071637-C,Chlorobenzilate,,,,-1.0,,1,-1,-1,-1
ENSMUSG00000071637-C,L-Norleucine,,1.0,,1.0,,1,-1,-1,-1
ENSMUSG00000071637-C,L-Threonine,,,,1.0,1.0,1,1,1,1
ENSMUSG00000071637-C,Octadecanoic acid,,,,1.0,,1,-1,-1,-1
ENSMUSG00000071648-C,"2-Butene-1,4-diol",,,,-1.0,,1,-1,-1,-1
ENSMUSG00000071648-C,Benzeneacetic acid,,,,1.0,,1,-1,-1,-1
ENSMUSG00000071648-C,"l-Leucine, n-butoxycarbonyl-N-methyl-, hexadecyl ester",,,,1.0,,1,-1,-1,-1
ENSMUSG00000071648-C,"Naringenin 4',7-dimethylether",,,1.0,1.0,1.0,1,1,1,1
ENSMUSG00000071648-C,Sulindac,,,,1.0,,1,-1,-1,-1
ENSMUSG00000071711-C,"1-Heptanol, 2-propyl-",,-1.0,,-1.0,,1,-1,-1,-1
ENSMUSG00000071711-C,2-Cyanobenzaldehyde,,-1.0,,-1.0,,1,-1,-1,-1
ENSMUSG00000071711-C,"2-Methylcyclohexylamine, tert.-butyldimethylsilyl ether",,,,1.0,,1,-1,-1,-1
ENSMUSG00000071711-C,alpha-Hydroxyisobutyric acid,,-1.0,,-1.0,,1,-1,-1,-1
ENSMUSG00000071711-C,Benzeneacetic acid,,,,-1.0,,1,-1,-1,-1
ENSMUSG00000071711-C,Octanoic acid,,,,-1.0,,1,-1,-1,-1
ENSMUSG00000071711-C,Sulindac,,,,-1.0,,1,-1,-1,-1
ENSMUSG00000072115-C,5-Nitroso-8-quinolinol,,,,-1.0,,1,-1,-1,-1
ENSMUSG00000072115-C,"6-Methoxy-1-methyl-1,2,3,4-tetrahydroisoquinolin-7-ol",,,,1.0,,1,-1,-1,-1
ENSMUSG00000072115-C,6-Nitroveratryl alcohol,,,,-1.0,,1,-1,-1,-1
ENSMUSG00000072115-C,"l-Leucine, n-butoxycarbonyl-N-methyl-, hexadecyl ester",,,,1.0,,1,-1,-1,-1
ENSMUSG00000072844-C,"2,4,6-Cycloheptatrien-1-one",,,,-1.0,1.0,1,-1,-1,-1
ENSMUSG00000072844-C,3-Hydroxymethyl-2-trimethylsilyloxypentane,,1.0,,1.0,,1,-1,-1,-1
ENSMUSG00000072844-C,L-Glutamic acid,,,,-1.0,,1,-1,-1,-1
ENSMUSG00000072844-C,L-Serine,,,,1.0,,1,-1,-1,-1
ENSMUSG00000072844-C,Octadecanoic acid,,,,1.0,,1,-1,-1,-1
ENSMUSG00000072844-C,Sulindac,,,,-1.0,,1,-1,-1,-1
ENSMUSG00000072893-C,"2-Butene-1,4-diol",,,,-1.0,,1,-1,-1,-1
ENSMUSG00000072893-C,"3,3-Dimethylacrylic acid",,,,1.0,,1,-1,-1,-1
ENSMUSG00000072893-C,3-Hydroxymethyl-2-trimethylsilyloxypentane,,1.0,,1.0,,1,-1,-1,-1
ENSMUSG00000072893-C,"4,5-Dihydro-1H-pyrazole",,,,1.0,,1,-1,-1,-1
ENSMUSG00000072893-C,Benzeneacetic acid,,,,-1.0,,1,-1,-1,-1
ENSMUSG00000072893-C,L-Glutamic acid,,,,-1.0,,1,-1,-1,-1
ENSMUSG00000072893-C,Tyr-Val,,,,-1.0,,1,-1,-1,-1
ENSMUSG00000073374-C,"3,4,5-Trimethoxyamphetamine",,1.0,1.0,0.9642857142857144,,1,-1,-1,-1
ENSMUSG00000073374-C,"1-Heptanol, 2-propyl-",,1.0,,1.0,,1,-1,-1,-1
ENSMUSG00000073374-C,2-Ethyl-1-butanol,,1.0,,1.0,,1,-1,-1,-1
ENSMUSG00000073374-C,Benzeneacetic acid,,,,-1.0,,1,-1,-1,-1
ENSMUSG00000073374-C,Chlorobenzilate,,,,-1.0,,1,-1,-1,-1
ENSMUSG00000073374-C,Cholesterol,,-0.5,1.0,0.9285714285714288,-1.0,1,-1,-1,-1
ENSMUSG00000073374-C,L-Threonine,,,,1.0,-1.0,1,-1,-1,-1
ENSMUSG00000073374-C,L-Valine,,1.0,1.0,0.934148484292342,,1,-1,-1,-1
ENSMUSG00000073374-C,Tyr-Val,,,,-1.0,,1,-1,-1,-1
ENSMUSG00000073664-C,Benzeneacetic acid,,,,-1.0,,1,-1,-1,-1
ENSMUSG00000073664-C,L-Threonine,,,,-1.0,-1.0,1,1,1,1
ENSMUSG00000073664-C,Sulindac,,,,1.0,,1,-1,-1,-1
ENSMUSG00000073664-C,Tyr-Val,,,,-1.0,,1,-1,-1,-1
ENSMUSG00000073702-C,"1,2-Bis(trimethylsiloxy)cyclohexene",,,,-1.0,,1,-1,-1,-1
ENSMUSG00000073702-C,Chlorobenzilate,,,,-1.0,,1,-1,-1,-1
ENSMUSG00000073702-C,L-Threonine,,,,1.0,1.0,1,1,1,1
ENSMUSG00000073702-C,Octadecanoic acid,,,,-1.0,,1,-1,-1,-1
ENSMUSG00000073702-C,Sulindac,,,,-1.0,,1,-1,-1,-1
ENSMUSG00000073705-C,"1-Heptanol, 2-propyl-",,1.0,,1.0,,1,-1,-1,-1
ENSMUSG00000073705-C,"3,3-Dimethylacrylic acid",,,,-1.0,,1,-1,-1,-1
ENSMUSG00000073705-C,"l-Leucine, n-butoxycarbonyl-N-methyl-, hexadecyl ester",,,,1.0,,1,-1,-1,-1
ENSMUSG00000073755-C,Chlorobenzilate,,,,-1.0,,1,-1,-1,-1
ENSMUSG00000073755-C,L-Glutamic acid,,,,-1.0,,1,-1,-1,-1
ENSMUSG00000073755-C,"l-Leucine, n-butoxycarbonyl-N-methyl-, hexadecyl ester",,,,1.0,,1,-1,-1,-1
ENSMUSG00000074136-C,"2-Butene-1,4-diol",,,,-1.0,,1,-1,-1,-1
ENSMUSG00000074136-C,"3,3-Dimethylacrylic acid",,,,-1.0,,1,-1,-1,-1
ENSMUSG00000074136-C,Chlorobenzilate,,,,-1.0,,1,-1,-1,-1
ENSMUSG00000074136-C,Supraene,,,,-1.0,,1,-1,-1,-1
ENSMUSG00000074220-C,"2-Butene-1,4-diol",,,,1.0,,1,-1,-1,-1
ENSMUSG00000074220-C,"3,3-Dimethylacrylic acid",,,,1.0,,1,-1,-1,-1
ENSMUSG00000074220-C,3-Hydroxymethyl-2-trimethylsilyloxypentane,,1.0,,1.0,,1,-1,-1,-1
ENSMUSG00000074220-C,Chlorobenzilate,,,,1.0,,1,-1,-1,-1
ENSMUSG00000074220-C,Luciferin,,,,-1.0,,1,-1,-1,-1
ENSMUSG00000074220-C,Octadecanoic acid,,,,-1.0,,1,-1,-1,-1
ENSMUSG00000074220-C,Sulindac,,,,-1.0,,1,-1,-1,-1
ENSMUSG00000074252-C,"2-Butene-1,4-diol",,,,-1.0,,1,-1,-1,-1
ENSMUSG00000074252-C,"4,5-Dihydro-1H-pyrazole",,,,-1.0,,1,-1,-1,-1
ENSMUSG00000074252-C,5-Nitroso-8-quinolinol,,,,-1.0,,1,-1,-1,-1
ENSMUSG00000074252-C,Benzeneacetic acid,,,,1.0,,1,-1,-1,-1
ENSMUSG00000074384-C,"2-Butene-1,4-diol",,,,1.0,,1,-1,-1,-1
ENSMUSG00000074384-C,3-Hydroxymethyl-2-trimethylsilyloxypentane,,-1.0,,-1.0,,1,-1,-1,-1
ENSMUSG00000074384-C,Trimethylolpropane,,,,-1.0,-1.0,1,1,1,1
ENSMUSG00000074384-C,Tyr-Val,,,,1.0,,1,-1,-1,-1
ENSMUSG00000074656-C,Chlorobenzilate,,,,-1.0,,1,-1,-1,-1
ENSMUSG00000074656-C,"l-Leucine, n-butoxycarbonyl-N-methyl-, hexadecyl ester",,,,1.0,,1,-1,-1,-1
ENSMUSG00000074916-C,"1-Heptanol, 2-propyl-",,1.0,,1.0,,1,-1,-1,-1
ENSMUSG00000074916-C,"2-Butene-1,4-diol",,,,1.0,,1,-1,-1,-1
ENSMUSG00000074916-C,5-Nitroso-8-quinolinol,,,,1.0,,1,-1,-1,-1
ENSMUSG00000074916-C,Chlorobenzilate,,,,1.0,,1,-1,-1,-1
ENSMUSG00000074916-C,Sulindac,,,,-1.0,,1,-1,-1,-1
ENSMUSG00000074916-C,Trimethylolpropane,,,,-1.0,-1.0,1,1,1,1
ENSMUSG00000075254-C,"3,3-Dimethylacrylic acid",,,,1.0,,1,-1,-1,-1
ENSMUSG00000075254-C,"4,5-Dihydro-1H-pyrazole",,,,1.0,,1,-1,-1,-1
ENSMUSG00000075254-C,5-Nitroso-8-quinolinol,,,,1.0,,1,-1,-1,-1
ENSMUSG00000075254-C,Benzeneacetic acid,,,,-1.0,,1,-1,-1,-1
ENSMUSG00000075254-C,L-Threonine,,,,1.0,-1.0,1,-1,-1,-1
ENSMUSG00000075254-C,m-Toluic acid,,-1.0,-1.0,-0.9700772721497396,,1,-1,-1,-1
ENSMUSG00000075254-C,Sulindac,,,,-1.0,,1,-1,-1,-1
ENSMUSG00000078091-C,"1,2-Bis(trimethylsiloxy)cyclohexene",,,,-1.0,,1,-1,-1,-1
ENSMUSG00000078091-C,"3,3-Dimethylacrylic acid",,,,1.0,,1,-1,-1,-1
ENSMUSG00000078091-C,5-Nitroso-8-quinolinol,,,,-1.0,,1,-1,-1,-1
ENSMUSG00000078091-C,"6-Methoxy-1-methyl-1,2,3,4-tetrahydroisoquinolin-7-ol",,,,1.0,,1,-1,-1,-1
ENSMUSG00000078091-C,6-Nitroveratryl alcohol,,,,-1.0,,1,-1,-1,-1
ENSMUSG00000078091-C,Benzeneacetic acid,,,,-1.0,,1,-1,-1,-1
ENSMUSG00000078091-C,Diclofenac,,,,-1.0,,1,-1,-1,-1
ENSMUSG00000078091-C,L-Threonine,,,,1.0,1.0,1,1,1,1
ENSMUSG00000078439-C,"1,2-Bis(trimethylsiloxy)cyclohexene",,,,1.0,,1,-1,-1,-1
ENSMUSG00000078439-C,"2-Butene-1,4-diol",,,,1.0,,1,-1,-1,-1
ENSMUSG00000078439-C,"3,3-Dimethylacrylic acid",,,,-1.0,,1,-1,-1,-1
ENSMUSG00000078451-C,"3-(4,7-Dimethoxy-2H-1,3-benzodioxol-5-yl)-2-methylprop-2-enal",,1.0,0.5,0.9285714285714288,-1.0,1,-1,-1,-1
ENSMUSG00000078451-C,"3,3-Dimethylacrylic acid",,,,1.0,,1,-1,-1,-1
ENSMUSG00000078451-C,"4,5-Dihydro-1H-pyrazole",,,,1.0,,1,-1,-1,-1
ENSMUSG00000078451-C,"l-Norvaline, n-propargyloxycarbonyl-, isohexyl ester",,,,1.0,-1.0,1,-1,-1,-1
ENSMUSG00000078451-C,Salsoline,,,-1.0,-1.0,-1.0,1,1,1,1
ENSMUSG00000078451-C,Tyr-Val,,,,-1.0,,1,-1,-1,-1
ENSMUSG00000078532-C,"1-Heptanol, 2-propyl-",,1.0,,1.0,,1,-1,-1,-1
ENSMUSG00000078532-C,"2-Methylcyclohexylamine, tert.-butyldimethylsilyl ether",,,,-1.0,,1,-1,-1,-1
ENSMUSG00000078532-C,"4,5-Dihydro-1H-pyrazole",,,,1.0,,1,-1,-1,-1
ENSMUSG00000078532-C,5-Nitroso-8-quinolinol,,,,1.0,,1,-1,-1,-1
ENSMUSG00000078532-C,Octanoic acid,,,,1.0,,1,-1,-1,-1
ENSMUSG00000078532-C,Sulindac,,,,-1.0,,1,-1,-1,-1
ENSMUSG00000078532-C,Tyr-Val,,,,-1.0,,1,-1,-1,-1
ENSMUSG00000078653-C,"1-Heptanol, 2-propyl-",,-1.0,,-1.0,,1,-1,-1,-1
ENSMUSG00000078653-C,"2-Butene-1,4-diol",,,,1.0,,1,-1,-1,-1
ENSMUSG00000078653-C,2-Cyanobenzaldehyde,,-1.0,,-1.0,,1,-1,-1,-1
ENSMUSG00000078653-C,5-Nitroso-8-quinolinol,,,,1.0,,1,-1,-1,-1
ENSMUSG00000078653-C,"6-Methoxy-1-methyl-1,2,3,4-tetrahydroisoquinolin-7-ol",,,,-1.0,,1,-1,-1,-1
ENSMUSG00000078700-C,"1-(2,5-Dimethoxyphenyl)-1-[(trimethylsilyl)oxy]propan-2-amine",,-1.0,-1.0,-0.9761904761904764,,1,-1,-1,-1
ENSMUSG00000078700-C,"1-Heptanol, 2-propyl-",,-1.0,,-1.0,,1,-1,-1,-1
ENSMUSG00000078700-C,2-Cyanobenzaldehyde,,-1.0,,-1.0,,1,-1,-1,-1
ENSMUSG00000078700-C,"3,3-Dimethylacrylic acid",,,,1.0,,1,-1,-1,-1
ENSMUSG00000078700-C,5-Nitroso-8-quinolinol,,,,1.0,,1,-1,-1,-1
ENSMUSG00000078700-C,"l-Leucine, n-butoxycarbonyl-N-methyl-, hexadecyl ester",,,,-1.0,,1,-1,-1,-1
ENSMUSG00000078716-C,"1-Heptanol, 2-propyl-",,-1.0,,-1.0,,1,-1,-1,-1
ENSMUSG00000078716-C,"4,5-Dihydro-1H-pyrazole",,,,-1.0,,1,-1,-1,-1
ENSMUSG00000078716-C,"6-Methoxy-1-methyl-1,2,3,4-tetrahydroisoquinolin-7-ol",,,,-1.0,,1,-1,-1,-1
ENSMUSG00000078716-C,Chlorobenzilate,,,,-1.0,,1,-1,-1,-1
ENSMUSG00000078716-C,Sulindac,,,,1.0,,1,-1,-1,-1
ENSMUSG00000079036-C,"1,2-Bis(trimethylsiloxy)cyclohexene",,,,1.0,,1,-1,-1,-1
ENSMUSG00000079036-C,3-Hydroxymethyl-2-trimethylsilyloxypentane,,1.0,,1.0,,1,-1,-1,-1
ENSMUSG00000079036-C,Chlorobenzilate,,,,1.0,,1,-1,-1,-1
ENSMUSG00000079036-C,Octadecanoic acid,,,,1.0,,1,-1,-1,-1
ENSMUSG00000079215-C,"2-Butene-1,4-diol",,,,1.0,,1,-1,-1,-1
ENSMUSG00000079215-C,"3,3-Dimethylacrylic acid",,,,1.0,,1,-1,-1,-1
ENSMUSG00000079215-C,5-Nitroso-8-quinolinol,,,,1.0,,1,-1,-1,-1
ENSMUSG00000079215-C,Benzeneacetic acid,,,,-1.0,,1,-1,-1,-1
ENSMUSG00000079215-C,L-Glutamic acid,,,,1.0,,1,-1,-1,-1
ENSMUSG00000079215-C,L-Threonine,,,,1.0,-1.0,1,-1,-1,-1
ENSMUSG00000079215-C,Trimethylolpropane,,,,-1.0,-1.0,1,1,1,1
ENSMUSG00000079434-C,"1-Heptanol, 2-propyl-",,-1.0,,-1.0,,1,-1,-1,-1
ENSMUSG00000079434-C,"2-Butene-1,4-diol",,,,-1.0,,1,-1,-1,-1
ENSMUSG00000079434-C,"2-Methylcyclohexylamine, tert.-butyldimethylsilyl ether",,,,1.0,,1,-1,-1,-1
ENSMUSG00000079434-C,"4,5-Dihydro-1H-pyrazole",,,,-1.0,,1,-1,-1,-1
ENSMUSG00000079434-C,5-Nitroso-8-quinolinol,,,,-1.0,,1,-1,-1,-1
ENSMUSG00000079434-C,6-Nitroveratryl alcohol,,,,-1.0,,1,-1,-1,-1
ENSMUSG00000079434-C,Chlorobenzilate,,,,-1.0,,1,-1,-1,-1
ENSMUSG00000079434-C,Trimethylolpropane,,,,1.0,1.0,1,1,1,1
ENSMUSG00000082491-C,"2-Butene-1,4-diol",,,,-1.0,,1,-1,-1,-1
ENSMUSG00000082491-C,Chlorobenzilate,,,,-1.0,,1,-1,-1,-1
ENSMUSG00000082491-C,Octadecanoic acid,,,,1.0,,1,-1,-1,-1
ENSMUSG00000082626-C,Benzeneacetic acid,,,,1.0,,1,-1,-1,-1
ENSMUSG00000082626-C,Phthalazin-1-one,,,,1.0,,1,-1,-1,-1
ENSMUSG00000082626-C,Tyr-Val,,,,1.0,,1,-1,-1,-1
ENSMUSG00000083061-C,Phthalazin-1-one,,,,1.0,,1,-1,-1,-1
ENSMUSG00000083396-C,"1-Heptanol, 2-propyl-",,-1.0,,-1.0,,1,-1,-1,-1
ENSMUSG00000083396-C,5-Nitroso-8-quinolinol,,,,-1.0,,1,-1,-1,-1
ENSMUSG00000083396-C,6-Nitroveratryl alcohol,,,,-1.0,,1,-1,-1,-1
ENSMUSG00000083396-C,Benzeneacetic acid,,,,-1.0,,1,-1,-1,-1
ENSMUSG00000083396-C,Chlorobenzilate,,,,-1.0,,1,-1,-1,-1
ENSMUSG00000083396-C,Octadecanoic acid,,,,1.0,,1,-1,-1,-1
ENSMUSG00000083563-C,"1,2-Bis(trimethylsiloxy)cyclohexene",,,,-1.0,,1,-1,-1,-1
ENSMUSG00000083563-C,Benzeneacetic acid,,,,-1.0,,1,-1,-1,-1
ENSMUSG00000083563-C,Chlorobenzilate,,,,-1.0,,1,-1,-1,-1
ENSMUSG00000083563-C,L-Glutamic acid,,,,-1.0,,1,-1,-1,-1
ENSMUSG00000083563-C,L-Threonine,,,,1.0,-1.0,1,-1,-1,-1
ENSMUSG00000083563-C,Lupinine,,1.0,,1.0,,1,-1,-1,-1
ENSMUSG00000083563-C,Sulindac,,,,-1.0,,1,-1,-1,-1
ENSMUSG00000085028-C,"3,3-Dimethylacrylic acid",,,,1.0,,1,-1,-1,-1
ENSMUSG00000085028-C,"4,5-Dihydro-1H-pyrazole",,,,1.0,,1,-1,-1,-1
ENSMUSG00000085037-C,"4,5-Dihydro-1H-pyrazole",,,,1.0,,1,-1,-1,-1
ENSMUSG00000085037-C,Lactic acid,,1.0,,0.9642857142857144,,1,-1,-1,-1
ENSMUSG00000085037-C,L-Serine,,,,-1.0,,1,-1,-1,-1
ENSMUSG00000085037-C,Lupinine,,-1.0,,-1.0,,1,-1,-1,-1
ENSMUSG00000085037-C,Octadecanoic acid,,,,-1.0,,1,-1,-1,-1
ENSMUSG00000085111-C,Benzoic Acid,,1.0,0.8660254037844387,0.921699034169528,,1,-1,-1,-1
ENSMUSG00000085111-C,L-Threonine,,,,-1.0,-1.0,1,1,1,1
ENSMUSG00000085255-C,5-Nitroso-8-quinolinol,,,,-1.0,,1,-1,-1,-1
ENSMUSG00000085255-C,"6-Methoxy-1-methyl-1,2,3,4-tetrahydroisoquinolin-7-ol",,,,1.0,,1,-1,-1,-1
ENSMUSG00000085255-C,6-Nitroveratryl alcohol,,,,-1.0,,1,-1,-1,-1
ENSMUSG00000085255-C,Benzeneacetic acid,,,,-1.0,,1,-1,-1,-1
ENSMUSG00000085255-C,Chlorobenzilate,,,,-1.0,,1,-1,-1,-1
ENSMUSG00000085255-C,L-Serine,,,,1.0,,1,-1,-1,-1
ENSMUSG00000085255-C,Octadecanoic acid,,,,1.0,,1,-1,-1,-1
ENSMUSG00000085315-C,"1,2-Bis(trimethylsiloxy)cyclohexene",,,,-1.0,,1,-1,-1,-1
ENSMUSG00000085315-C,"2-Butene-1,4-diol",,,,-1.0,,1,-1,-1,-1
ENSMUSG00000085315-C,Sulindac,,,,1.0,,1,-1,-1,-1
ENSMUSG00000085315-C,Trimethylolpropane,,,,1.0,-1.0,1,-1,-1,-1
ENSMUSG00000085315-C,Tyr-Val,,,,-1.0,,1,-1,-1,-1
ENSMUSG00000085891-C,"1-Heptanol, 2-propyl-",,-1.0,,-1.0,,1,-1,-1,-1
ENSMUSG00000085891-C,"6-Methoxy-1-methyl-1,2,3,4-tetrahydroisoquinolin-7-ol",,,,1.0,,1,-1,-1,-1
ENSMUSG00000085891-C,Benzeneacetic acid,,,,-1.0,,1,-1,-1,-1
ENSMUSG00000085891-C,Chlorobenzilate,,,,-1.0,,1,-1,-1,-1
ENSMUSG00000085891-C,Tyr-Val,,,,-1.0,,1,-1,-1,-1
ENSMUSG00000086015-C,Phthalazin-1-one,,,,1.0,,1,-1,-1,-1
ENSMUSG00000086213-C,"2-Butene-1,4-diol",,,,1.0,,1,-1,-1,-1
ENSMUSG00000086213-C,5-Nitroso-8-quinolinol,,,,1.0,,1,-1,-1,-1
ENSMUSG00000086213-C,Benzeneacetic acid,,,,-1.0,,1,-1,-1,-1
ENSMUSG00000086213-C,"l-Leucine, n-butoxycarbonyl-N-methyl-, hexadecyl ester",,,,-1.0,,1,-1,-1,-1
ENSMUSG00000086213-C,L-Threonine,,,,1.0,-1.0,1,-1,-1,-1
ENSMUSG00000086213-C,Sulindac,,,,-1.0,,1,-1,-1,-1
ENSMUSG00000086213-C,Trimethylolpropane,,,,-1.0,-1.0,1,1,1,1
ENSMUSG00000086291-C,"2-Butene-1,4-diol",,,,1.0,,1,-1,-1,-1
ENSMUSG00000086291-C,"3,3-Dimethylacrylic acid",,,,1.0,,1,-1,-1,-1
ENSMUSG00000086291-C,3-Hydroxymethyl-2-trimethylsilyloxypentane,,1.0,,1.0,,1,-1,-1,-1
ENSMUSG00000086291-C,Chlorobenzilate,,,,1.0,,1,-1,-1,-1
ENSMUSG00000086291-C,"l-Leucine, n-butoxycarbonyl-N-methyl-, hexadecyl ester",,,,-1.0,,1,-1,-1,-1
ENSMUSG00000086291-C,Sulindac,,,,-1.0,,1,-1,-1,-1
ENSMUSG00000086370-C,"1-Heptanol, 2-propyl-",,1.0,,1.0,,1,-1,-1,-1
ENSMUSG00000086370-C,"2-Butene-1,4-diol",,,,1.0,,1,-1,-1,-1
ENSMUSG00000086370-C,5-Nitroso-8-quinolinol,,,,1.0,,1,-1,-1,-1
ENSMUSG00000086370-C,"6-Methoxy-1-methyl-1,2,3,4-tetrahydroisoquinolin-7-ol",,,,-1.0,,1,-1,-1,-1
ENSMUSG00000086370-C,Chlorobenzilate,,,,1.0,,1,-1,-1,-1
ENSMUSG00000086370-C,"l-Leucine, n-butoxycarbonyl-N-methyl-, hexadecyl ester",,,,-1.0,,1,-1,-1,-1
ENSMUSG00000086370-C,Trimethylolpropane,,,,-1.0,-1.0,1,1,1,1
ENSMUSG00000086822-C,"1-Heptanol, 2-propyl-",,-1.0,,-1.0,,1,-1,-1,-1
ENSMUSG00000086822-C,"2-Butene-1,4-diol",,,,-1.0,,1,-1,-1,-1
ENSMUSG00000086822-C,2-Cyanobenzaldehyde,,-1.0,,-1.0,,1,-1,-1,-1
ENSMUSG00000086822-C,"4,5-Dihydro-1H-pyrazole",,,,1.0,,1,-1,-1,-1
ENSMUSG00000086822-C,"6-Methoxy-1-methyl-1,2,3,4-tetrahydroisoquinolin-7-ol",,,,1.0,,1,-1,-1,-1
ENSMUSG00000086822-C,Benzeneacetic acid,,,,-1.0,,1,-1,-1,-1
ENSMUSG00000086822-C,Chlorobenzilate,,,,-1.0,,1,-1,-1,-1
ENSMUSG00000086822-C,Tyr-Val,,,,-1.0,,1,-1,-1,-1
ENSMUSG00000087252-C,Chlorobenzilate,,,,1.0,,1,-1,-1,-1
ENSMUSG00000087331-C,"2-Butene-1,4-diol",,,,-1.0,,1,-1,-1,-1
ENSMUSG00000087331-C,"3,3-Dimethylacrylic acid",,,,-1.0,,1,-1,-1,-1
ENSMUSG00000087331-C,5-Nitroso-8-quinolinol,,,,-1.0,,1,-1,-1,-1
ENSMUSG00000087331-C,Benzeneacetic acid,,,,1.0,,1,-1,-1,-1
ENSMUSG00000087331-C,L-Threonine,,,,-1.0,1.0,1,-1,-1,-1
ENSMUSG00000087331-C,Sulindac,,,,1.0,,1,-1,-1,-1
ENSMUSG00000087331-C,Tyr-Val,,,,1.0,,1,-1,-1,-1
ENSMUSG00000087352-C,"2-Butene-1,4-diol",,,,1.0,,1,-1,-1,-1
ENSMUSG00000087352-C,"3,3-Dimethylacrylic acid",,,,-1.0,,1,-1,-1,-1
ENSMUSG00000087352-C,"4,5-Dihydro-1H-pyrazole",,,,-1.0,,1,-1,-1,-1
ENSMUSG00000087352-C,Tyr-Val,,,,1.0,,1,-1,-1,-1
ENSMUSG00000087516-C,"2-Butene-1,4-diol",,,,-1.0,,1,-1,-1,-1
ENSMUSG00000087516-C,"3,3-Dimethylacrylic acid",,,,1.0,,1,-1,-1,-1
ENSMUSG00000087516-C,"4,5-Dihydro-1H-pyrazole",,,,1.0,,1,-1,-1,-1
ENSMUSG00000087516-C,"6-Methoxy-1-methyl-1,2,3,4-tetrahydroisoquinolin-7-ol",,,,1.0,,1,-1,-1,-1
ENSMUSG00000087516-C,Adipoyl-L-carnitine,,,,-1.0,,1,-1,-1,-1
ENSMUSG00000087516-C,"Cyclopentaneacetic acid, 3-oxo-2-pentyl-, methyl ester",,-0.8660254037844387,-1.0,-0.9879518072289156,,1,-1,-1,-1
ENSMUSG00000087516-C,L-Threonine,,,,-1.0,-1.0,1,1,1,1
ENSMUSG00000087516-C,Sarcosine,,,,-1.0,,1,-1,-1,-1
ENSMUSG00000087516-C,Trimethylolpropane,,,,1.0,-1.0,1,-1,-1,-1
ENSMUSG00000087556-C,Chlorobenzilate,,,,1.0,,1,-1,-1,-1
ENSMUSG00000087660-C,"2-Butene-1,4-diol",,,,1.0,,1,-1,-1,-1
ENSMUSG00000087660-C,Phthalazin-1-one,,,,1.0,,1,-1,-1,-1
ENSMUSG00000087679-C,"1,2-Bis(trimethylsiloxy)cyclohexene",,,,1.0,,1,-1,-1,-1
ENSMUSG00000087679-C,"2-Methylcyclohexylamine, tert.-butyldimethylsilyl ether",,,,1.0,,1,-1,-1,-1
ENSMUSG00000087679-C,Chlorobenzilate,,,,-1.0,,1,-1,-1,-1
ENSMUSG00000087698-C,"2-Butene-1,4-diol",,,,1.0,,1,-1,-1,-1
ENSMUSG00000087698-C,Allylescaline,,0.8660254037844387,1.0,0.9697815168769668,,1,-1,-1,-1
ENSMUSG00000087698-C,Benzeneacetic acid,,,,1.0,,1,-1,-1,-1
ENSMUSG00000087698-C,Chlorobenzilate,,,,1.0,,1,-1,-1,-1
ENSMUSG00000087698-C,Diclofenac,,,,-1.0,,1,-1,-1,-1
ENSMUSG00000087698-C,Octadecanoic acid,,,,-1.0,,1,-1,-1,-1
ENSMUSG00000087698-C,Tyr-Val,,,,1.0,,1,-1,-1,-1
ENSMUSG00000088208-C,"2-Butene-1,4-diol",,,,1.0,,1,-1,-1,-1
ENSMUSG00000088208-C,L-Threonine,,,,1.0,-1.0,1,-1,-1,-1
ENSMUSG00000088208-C,Norephedrine,,,1.0,0.9636241116594316,,1,-1,-1,-1
ENSMUSG00000089665-C,"1,2-Bis(trimethylsiloxy)cyclohexene",,,,-1.0,,1,-1,-1,-1
ENSMUSG00000089665-C,"6-Methoxy-1-methyl-1,2,3,4-tetrahydroisoquinolin-7-ol",,,,1.0,,1,-1,-1,-1
ENSMUSG00000089665-C,Octadecanoic acid,,,,-1.0,,1,-1,-1,-1
ENSMUSG00000089665-C,Octanoic acid,,,,-1.0,,1,-1,-1,-1
ENSMUSG00000089665-C,Sulindac,,,,-1.0,,1,-1,-1,-1
ENSMUSG00000089665-C,Tyr-Val,,,,1.0,,1,-1,-1,-1
ENSMUSG00000089715-C,"1,2-Bis(trimethylsiloxy)cyclohexene",,,,-1.0,,1,-1,-1,-1
ENSMUSG00000089715-C,Chlorobenzilate,,,,-1.0,,1,-1,-1,-1
ENSMUSG00000089715-C,Octadecanoic acid,,,,-1.0,,1,-1,-1,-1
ENSMUSG00000089941-C,"1-Heptanol, 2-propyl-",,1.0,,1.0,,1,-1,-1,-1
ENSMUSG00000089941-C,5-Nitroso-8-quinolinol,,,,1.0,,1,-1,-1,-1
ENSMUSG00000089941-C,"6-Methoxy-1-methyl-1,2,3,4-tetrahydroisoquinolin-7-ol",,,,-1.0,,1,-1,-1,-1
ENSMUSG00000090138-C,5-Nitroso-8-quinolinol,,,,1.0,,1,-1,-1,-1
ENSMUSG00000090138-C,"6-Methoxy-1-methyl-1,2,3,4-tetrahydroisoquinolin-7-ol",,,,-1.0,,1,-1,-1,-1
ENSMUSG00000090138-C,"l-Leucine, n-butoxycarbonyl-N-methyl-, hexadecyl ester",,,,-1.0,,1,-1,-1,-1
ENSMUSG00000090290-C,"1,2-Bis(trimethylsiloxy)cyclohexene",,,,-1.0,,1,-1,-1,-1
ENSMUSG00000090290-C,"6-Methoxy-1-methyl-1,2,3,4-tetrahydroisoquinolin-7-ol",,,,1.0,,1,-1,-1,-1
ENSMUSG00000090290-C,Benzeneacetic acid,,,,1.0,,1,-1,-1,-1
ENSMUSG00000090290-C,Chlorobenzilate,,,,1.0,,1,-1,-1,-1
ENSMUSG00000090290-C,L-Serine,,,,-1.0,,1,-1,-1,-1
ENSMUSG00000090290-C,Methanesulfonic acid,,-1.0,-1.0,-0.9642857142857144,-1.0,1,1,1,1
ENSMUSG00000090290-C,Methylthiouracil,,-1.0,-1.0,-0.9549937104572924,-1.0,1,1,1,1
ENSMUSG00000090290-C,Octadecanoic acid,,,,-1.0,,1,-1,-1,-1
ENSMUSG00000090290-C,Tyr-Val,,,,1.0,,1,-1,-1,-1
ENSMUSG00000090523-C,"1,2-Bis(trimethylsiloxy)cyclohexene",,,,1.0,,1,-1,-1,-1
ENSMUSG00000090523-C,"2-Butene-1,4-diol",,,,1.0,,1,-1,-1,-1
ENSMUSG00000090523-C,Benzeneacetic acid,,,,1.0,,1,-1,-1,-1
ENSMUSG00000090523-C,Chlorobenzilate,,,,1.0,,1,-1,-1,-1
ENSMUSG00000090523-C,L-Glutamic acid,,,,1.0,,1,-1,-1,-1
ENSMUSG00000091523-C,"2-Butene-1,4-diol",,,,-1.0,,1,-1,-1,-1
ENSMUSG00000091523-C,Tyr-Val,,,,-1.0,,1,-1,-1,-1
ENSMUSG00000092074-C,5-Nitroso-8-quinolinol,,,,1.0,,1,-1,-1,-1
ENSMUSG00000092074-C,Benzeneacetic acid,,,,-1.0,,1,-1,-1,-1
ENSMUSG00000092074-C,Hypoxanthine,,1.0,1.0,0.9523809523809524,-1.0,1,-1,-1,-1
ENSMUSG00000092074-C,Tyr-Val,,,,-1.0,,1,-1,-1,-1
ENSMUSG00000092074-C,Xylazine,,1.0,1.0,0.9398272507881658,1.0,1,1,1,1
ENSMUSG00000092241-C,"1,2-Bis(trimethylsiloxy)cyclohexene",,,,1.0,,1,-1,-1,-1
ENSMUSG00000092241-C,"1-Heptanol, 2-propyl-",,1.0,,1.0,,1,-1,-1,-1
ENSMUSG00000092241-C,5-Nitroso-8-quinolinol,,,,1.0,,1,-1,-1,-1
ENSMUSG00000092241-C,"6-Methoxy-1-methyl-1,2,3,4-tetrahydroisoquinolin-7-ol",,,,-1.0,,1,-1,-1,-1
ENSMUSG00000092241-C,6-Nitroveratryl alcohol,,,,1.0,,1,-1,-1,-1
ENSMUSG00000092241-C,Benzeneacetic acid,,,,1.0,,1,-1,-1,-1
ENSMUSG00000092241-C,Chlorobenzilate,,,,1.0,,1,-1,-1,-1
ENSMUSG00000092325-C,"2-Butene-1,4-diol",,,,-1.0,,1,-1,-1,-1
ENSMUSG00000093577-C,Benzeneacetic acid,,,,-1.0,,1,-1,-1,-1
ENSMUSG00000093577-C,"l-Leucine, n-butoxycarbonyl-N-methyl-, hexadecyl ester",,,,-1.0,,1,-1,-1,-1
ENSMUSG00000093577-C,L-Threonine,,,,-1.0,1.0,1,-1,-1,-1
ENSMUSG00000093577-C,Sulindac,,,,1.0,,1,-1,-1,-1
ENSMUSG00000093577-C,Tyr-Val,,,,-1.0,,1,-1,-1,-1
ENSMUSG00000093930-C,"1,2-Bis(trimethylsiloxy)cyclohexene",,,,-1.0,,1,-1,-1,-1
ENSMUSG00000093930-C,"2-Butene-1,4-diol",,,,-1.0,,1,-1,-1,-1
ENSMUSG00000093930-C,Chlorobenzilate,,,,-1.0,,1,-1,-1,-1
ENSMUSG00000093930-C,L-Glutamic acid,,,,-1.0,,1,-1,-1,-1
ENSMUSG00000093930-C,Octadecanoic acid,,,,-1.0,,1,-1,-1,-1
ENSMUSG00000094152-C,Benzeneacetic acid,,,,-1.0,,1,-1,-1,-1
ENSMUSG00000094152-C,Octadecanoic acid,,,,1.0,,1,-1,-1,-1
ENSMUSG00000094595-C,"1,2-Bis(trimethylsiloxy)cyclohexene",,,,1.0,,1,-1,-1,-1
ENSMUSG00000094595-C,"3,3-Dimethylacrylic acid",,,,-1.0,,1,-1,-1,-1
ENSMUSG00000094595-C,Lupinine,,1.0,,1.0,,1,-1,-1,-1
ENSMUSG00000094595-C,Vanillylmandelic acid,,,1.0,1.0,1.0,1,1,1,1
ENSMUSG00000094724-C,"1,2-Bis(trimethylsiloxy)cyclohexene",,,,-1.0,,1,-1,-1,-1
ENSMUSG00000094724-C,"6-Methoxy-1-methyl-1,2,3,4-tetrahydroisoquinolin-7-ol",,,,1.0,,1,-1,-1,-1
ENSMUSG00000094724-C,Benzeneacetic acid,,,,1.0,,1,-1,-1,-1
ENSMUSG00000094724-C,L-Serine,,,,-1.0,,1,-1,-1,-1
ENSMUSG00000094724-C,Malic acid,,-0.8660254037844387,-0.8660254037844387,-0.938590635448906,-1.0,1,1,1,1
ENSMUSG00000094724-C,Octadecanoic acid,,,,-1.0,,1,-1,-1,-1
ENSMUSG00000094724-C,Tyr-Val,,,,1.0,,1,-1,-1,-1
ENSMUSG00000094840-C,Benzeneacetic acid,,,,-1.0,,1,-1,-1,-1
ENSMUSG00000094840-C,Chlorobenzilate,,,,-1.0,,1,-1,-1,-1
ENSMUSG00000094840-C,"l-Leucine, n-butoxycarbonyl-N-methyl-, hexadecyl ester",,,,-1.0,,1,-1,-1,-1
ENSMUSG00000094840-C,L-Threonine,,,,1.0,-1.0,1,-1,-1,-1
ENSMUSG00000094840-C,Lupinine,,1.0,,1.0,,1,-1,-1,-1
ENSMUSG00000094840-C,L-Valine,,0.5,1.0,0.9221722216732094,,1,-1,-1,-1
ENSMUSG00000094840-C,Tyr-Val,,,,-1.0,,1,-1,-1,-1
ENSMUSG00000095253-C,"2-Butene-1,4-diol",,,,1.0,,1,-1,-1,-1
ENSMUSG00000095253-C,3-Hydroxymethyl-2-trimethylsilyloxypentane,,1.0,,1.0,,1,-1,-1,-1
ENSMUSG00000095253-C,5-Nitroso-8-quinolinol,,,,1.0,,1,-1,-1,-1
ENSMUSG00000095253-C,"6-Methoxy-1-methyl-1,2,3,4-tetrahydroisoquinolin-7-ol",,,,-1.0,,1,-1,-1,-1
ENSMUSG00000095253-C,6-Nitroveratryl alcohol,,,,1.0,,1,-1,-1,-1
ENSMUSG00000095253-C,Benzeneacetic acid,,,,1.0,,1,-1,-1,-1
ENSMUSG00000095253-C,Chlorobenzilate,,,,1.0,,1,-1,-1,-1
ENSMUSG00000095253-C,Octadecanoic acid,,,,-1.0,,1,-1,-1,-1
ENSMUSG00000097156-C,1-Octadecanol,,,,1.0,1.0,1,1,1,1
ENSMUSG00000097156-C,Benzeneacetic acid,,,,-1.0,,1,-1,-1,-1
ENSMUSG00000097156-C,DL-Glyceraldehyde,,1.0,0.8660254037844387,0.95150257112482,,1,-1,-1,-1
ENSMUSG00000097156-C,L-Threonine,,,,1.0,-1.0,1,-1,-1,-1
ENSMUSG00000097156-C,Luciferin,,,,-1.0,,1,-1,-1,-1
ENSMUSG00000097156-C,Lupinine,,1.0,,1.0,,1,-1,-1,-1
ENSMUSG00000097156-C,Tyr-Val,,,,-1.0,,1,-1,-1,-1
ENSMUSG00000097316-C,"3,3-Dimethylacrylic acid",,,,1.0,,1,-1,-1,-1
ENSMUSG00000097316-C,5-Nitroso-8-quinolinol,,,,1.0,,1,-1,-1,-1
ENSMUSG00000097316-C,Benzeneacetic acid,,,,-1.0,,1,-1,-1,-1
ENSMUSG00000097316-C,Tyr-Val,,,,-1.0,,1,-1,-1,-1
ENSMUSG00000097439-C,Benzeneacetic acid,,,,-1.0,,1,-1,-1,-1
ENSMUSG00000097439-C,Chlorobenzilate,,,,-1.0,,1,-1,-1,-1
ENSMUSG00000097439-C,Tyr-Val,,,,-1.0,,1,-1,-1,-1
ENSMUSG00000097497-C,"1-Heptanol, 2-propyl-",,-1.0,,-1.0,,1,-1,-1,-1
ENSMUSG00000097497-C,2-Cyanobenzaldehyde,,-1.0,,-1.0,,1,-1,-1,-1
ENSMUSG00000097497-C,2-Ethyl-1-butanol,,-1.0,,-1.0,,1,-1,-1,-1
ENSMUSG00000097497-C,"3,3-Dimethylacrylic acid",,,,1.0,,1,-1,-1,-1
ENSMUSG00000097497-C,"4,5-Dihydro-1H-pyrazole",,,,1.0,,1,-1,-1,-1
ENSMUSG00000097497-C,5-Nitroso-8-quinolinol,,,,1.0,,1,-1,-1,-1
ENSMUSG00000097497-C,Benzeneacetic acid,,,,-1.0,,1,-1,-1,-1
ENSMUSG00000097497-C,Isopropylamine,,1.0,1.0,0.934148484292342,1.0,1,1,1,1
ENSMUSG00000097535-C,Chlorobenzilate,,,,1.0,,1,-1,-1,-1
ENSMUSG00000097535-C,Phthalazin-1-one,,,,1.0,,1,-1,-1,-1
ENSMUSG00000097602-C,"6-Methoxy-1-methyl-1,2,3,4-tetrahydroisoquinolin-7-ol",,,,1.0,,1,-1,-1,-1
ENSMUSG00000097793-C,"2,4,6-Cycloheptatrien-1-one",,,,-1.0,1.0,1,-1,-1,-1
ENSMUSG00000097793-C,3-Hydroxymethyl-2-trimethylsilyloxypentane,,1.0,,1.0,,1,-1,-1,-1
ENSMUSG00000097793-C,"9Z-Octadecenoic acid, (2S)-3-[(hydroxymercaptophosphinyl)oxy]-2-methoxypropyl ester",,,,-1.0,,1,-1,-1,-1
ENSMUSG00000097793-C,L-Glutamic acid,,,,-1.0,,1,-1,-1,-1
ENSMUSG00000097793-C,L-Ornithine,,,,-1.0,,1,-1,-1,-1
ENSMUSG00000097793-C,Octadecanoic acid,,,,1.0,,1,-1,-1,-1
ENSMUSG00000097793-C,Sulindac,,,,-1.0,,1,-1,-1,-1
ENSMUSG00000097881-C,"1,2-Bis(trimethylsiloxy)cyclohexene",,,,-1.0,,1,-1,-1,-1
ENSMUSG00000097881-C,"2-Butene-1,4-diol",,,,-1.0,,1,-1,-1,-1
ENSMUSG00000097881-C,"3,3-Dimethylacrylic acid",,,,1.0,,1,-1,-1,-1
ENSMUSG00000097881-C,5-Nitroso-8-quinolinol,,,,-1.0,,1,-1,-1,-1
ENSMUSG00000097881-C,"6-Methoxy-1-methyl-1,2,3,4-tetrahydroisoquinolin-7-ol",,,,1.0,,1,-1,-1,-1
ENSMUSG00000097881-C,6-Nitroveratryl alcohol,,,,-1.0,,1,-1,-1,-1
ENSMUSG00000097881-C,L-Threonine,,,,-1.0,1.0,1,-1,-1,-1
ENSMUSG00000097881-C,Lupinine,,-1.0,,-1.0,,1,-1,-1,-1
ENSMUSG00000097881-C,Supraene,,,,1.0,,1,-1,-1,-1
ENSMUSG00000097911-C,"3,3-Dimethylacrylic acid",,,,1.0,,1,-1,-1,-1
ENSMUSG00000097911-C,"4,5-Dihydro-1H-pyrazole",,,,1.0,,1,-1,-1,-1
ENSMUSG00000098098-C,"1,2-Bis(trimethylsiloxy)cyclohexene",,,,1.0,,1,-1,-1,-1
ENSMUSG00000098098-C,"2-Butene-1,4-diol",,,,1.0,,1,-1,-1,-1
ENSMUSG00000098098-C,Tyr-Val,,,,1.0,,1,-1,-1,-1
ENSMUSG00000098187-C,Phthalazin-1-one,,,,1.0,,1,-1,-1,-1
ENSMUSG00000098187-C,Sulindac,,,,-1.0,,1,-1,-1,-1
ENSMUSG00000098383-C,"1-Heptanol, 2-propyl-",,1.0,,1.0,,1,-1,-1,-1
ENSMUSG00000098383-C,Benzeneacetic acid,,,,1.0,,1,-1,-1,-1
ENSMUSG00000098383-C,Tyr-Val,,,,1.0,,1,-1,-1,-1
ENSMUSG00000098739-C,"6-Methoxy-1-methyl-1,2,3,4-tetrahydroisoquinolin-7-ol",,,,1.0,,1,-1,-1,-1
ENSMUSG00000099655-C,"1-Heptanol, 2-propyl-",,1.0,,1.0,,1,-1,-1,-1
ENSMUSG00000099655-C,"2-Butene-1,4-diol",,,,1.0,,1,-1,-1,-1
ENSMUSG00000099655-C,5-Nitroso-8-quinolinol,,,,1.0,,1,-1,-1,-1
ENSMUSG00000099655-C,"6-Methoxy-1-methyl-1,2,3,4-tetrahydroisoquinolin-7-ol",,,,-1.0,,1,-1,-1,-1
ENSMUSG00000099655-C,Benzeneacetic acid,,,,-1.0,,1,-1,-1,-1
ENSMUSG00000099655-C,"l-Leucine, n-butoxycarbonyl-N-methyl-, hexadecyl ester",,,,-1.0,,1,-1,-1,-1
ENSMUSG00000099655-C,L-Threonine,,,,1.0,-1.0,1,-1,-1,-1
ENSMUSG00000099655-C,Trimethylolpropane,,,,-1.0,-1.0,1,1,1,1
ENSMUSG00000100707-C,5-Nitroso-8-quinolinol,,,,-1.0,,1,-1,-1,-1
ENSMUSG00000100764-C,"1-Heptanol, 2-propyl-",,1.0,,1.0,,1,-1,-1,-1
ENSMUSG00000100764-C,5-Nitroso-8-quinolinol,,,,-1.0,,1,-1,-1,-1
ENSMUSG00000100764-C,"9Z-Octadecenoic acid, (2S)-3-[(hydroxymercaptophosphinyl)oxy]-2-methoxypropyl ester",,,,1.0,,1,-1,-1,-1
ENSMUSG00000100764-C,Benzeneacetic acid,,,,1.0,,1,-1,-1,-1
ENSMUSG00000100764-C,Tyr-Val,,,,1.0,,1,-1,-1,-1
ENSMUSG00000101599-C,"1,2-Bis(trimethylsiloxy)cyclohexene",,,,-1.0,,1,-1,-1,-1
ENSMUSG00000101599-C,Benzeneacetic acid,,,,-1.0,,1,-1,-1,-1
ENSMUSG00000101599-C,Chlorobenzilate,,,,-1.0,,1,-1,-1,-1
ENSMUSG00000101599-C,Sulindac,,,,-1.0,,1,-1,-1,-1
ENSMUSG00000101599-C,Tyr-Val,,,,-1.0,,1,-1,-1,-1
ENSMUSG00000102018-C,1-Octadecanol,,,,-1.0,1.0,1,-1,-1,-1
ENSMUSG00000102018-C,"2-Butene-1,4-diol",,,,1.0,,1,-1,-1,-1
ENSMUSG00000102018-C,2-Butoxyethanol,,-1.0,-1.0,-0.9700772721497398,-1.0,1,1,1,1
ENSMUSG00000102018-C,"2-Methyl-1,3-butanediol",,-1.0,-1.0,-0.9638554216867468,,1,-1,-1,-1
ENSMUSG00000102018-C,5-Nitroso-8-quinolinol,,,,-1.0,,1,-1,-1,-1
ENSMUSG00000102018-C,"6-Methoxy-1-methyl-1,2,3,4-tetrahydroisoquinolin-7-ol",,,,1.0,,1,-1,-1,-1
ENSMUSG00000102018-C,Prostaglandin,,,-1.0,-1.0,,1,-1,-1,-1
ENSMUSG00000102555-C,"2-Butene-1,4-diol",,,,1.0,,1,-1,-1,-1
ENSMUSG00000102555-C,"3,3-Dimethylacrylic acid",,,,1.0,,1,-1,-1,-1
ENSMUSG00000102555-C,3-Hydroxymethyl-2-trimethylsilyloxypentane,,1.0,,1.0,,1,-1,-1,-1
ENSMUSG00000102555-C,Chlorobenzilate,,,,1.0,,1,-1,-1,-1
ENSMUSG00000102555-C,"l-Leucine, n-butoxycarbonyl-N-methyl-, hexadecyl ester",,,,-1.0,,1,-1,-1,-1
ENSMUSG00000102555-C,Sulindac,,,,-1.0,,1,-1,-1,-1
ENSMUSG00000102570-C,"1,2-Bis(trimethylsiloxy)cyclohexene",,,,-1.0,,1,-1,-1,-1
ENSMUSG00000102570-C,"2-Butene-1,4-diol",,,,-1.0,,1,-1,-1,-1
ENSMUSG00000102570-C,"9Z-Octadecenoic acid, (2S)-3-[(hydroxymercaptophosphinyl)oxy]-2-methoxypropyl ester",,,,-1.0,,1,-1,-1,-1
ENSMUSG00000102570-C,Benzeneacetic acid,,,,-1.0,,1,-1,-1,-1
ENSMUSG00000102570-C,L-Threonine,,,,-1.0,-1.0,1,1,1,1
ENSMUSG00000102570-C,Sulindac,,,,1.0,,1,-1,-1,-1
ENSMUSG00000102570-C,Tyr-Val,,,,-1.0,,1,-1,-1,-1
ENSMUSG00000102573-C,"2-Butene-1,4-diol",,,,-1.0,,1,-1,-1,-1
ENSMUSG00000102573-C,"4,5-Dihydro-1H-pyrazole",,,,-1.0,,1,-1,-1,-1
ENSMUSG00000102573-C,Benzeneacetic acid,,,,-1.0,,1,-1,-1,-1
ENSMUSG00000102573-C,Chlorobenzilate,,,,-1.0,,1,-1,-1,-1
ENSMUSG00000102573-C,Luciferin,,,,1.0,,1,-1,-1,-1
ENSMUSG00000102573-C,Octadecanoic acid,,,,1.0,,1,-1,-1,-1
ENSMUSG00000102600-C,"9Z-Octadecenoic acid, (2S)-3-[(hydroxymercaptophosphinyl)oxy]-2-methoxypropyl ester",,,,-1.0,,1,-1,-1,-1
ENSMUSG00000102698-C,"3,3-Dimethylacrylic acid",,,,1.0,,1,-1,-1,-1
ENSMUSG00000102698-C,5-Nitroso-8-quinolinol,,,,1.0,,1,-1,-1,-1
ENSMUSG00000102698-C,Octanoic acid,,,,1.0,,1,-1,-1,-1
ENSMUSG00000102698-C,Sulindac,,,,1.0,,1,-1,-1,-1
ENSMUSG00000102698-C,Tyr-Val,,,,-1.0,,1,-1,-1,-1
ENSMUSG00000102698-C,Urea,,0.5,0.5,0.9461247469114746,,1,-1,-1,-1
ENSMUSG00000102760-C,"1-Heptanol, 2-propyl-",,1.0,,1.0,,1,-1,-1,-1
ENSMUSG00000102760-C,"2-Butene-1,4-diol",,,,1.0,,1,-1,-1,-1
ENSMUSG00000102760-C,"3,3-Dimethylacrylic acid",,,,1.0,,1,-1,-1,-1
ENSMUSG00000102760-C,5-Nitroso-8-quinolinol,,,,1.0,,1,-1,-1,-1
ENSMUSG00000102760-C,L-Threonine,,,,1.0,-1.0,1,-1,-1,-1
ENSMUSG00000102760-C,Octadecanoic acid,,,,-1.0,,1,-1,-1,-1
ENSMUSG00000102760-C,Sulindac,,,,-1.0,,1,-1,-1,-1
ENSMUSG00000102760-C,Trimethylolpropane,,,,-1.0,-1.0,1,1,1,1
ENSMUSG00000102760-C,Tyr-Val,,,,1.0,,1,-1,-1,-1
ENSMUSG00000102783-C,Phthalazin-1-one,,,,1.0,,1,-1,-1,-1
ENSMUSG00000102854-C,"1-Heptanol, 2-propyl-",,1.0,,1.0,,1,-1,-1,-1
ENSMUSG00000102854-C,"3,3-Dimethylacrylic acid",,,,1.0,,1,-1,-1,-1
ENSMUSG00000102854-C,5-Nitroso-8-quinolinol,,,,1.0,,1,-1,-1,-1
ENSMUSG00000102854-C,"6-Methoxy-1-methyl-1,2,3,4-tetrahydroisoquinolin-7-ol",,,,-1.0,,1,-1,-1,-1
ENSMUSG00000102854-C,Chlorobenzilate,,,,1.0,,1,-1,-1,-1
ENSMUSG00000102854-C,Sulindac,,,,-1.0,,1,-1,-1,-1
ENSMUSG00000102854-C,Tyr-Val,,,,-1.0,,1,-1,-1,-1
ENSMUSG00000102976-C,Phthalazin-1-one,,,,1.0,,1,-1,-1,-1
ENSMUSG00000103038-C,"3,3-Dimethylacrylic acid",,,,1.0,,1,-1,-1,-1
ENSMUSG00000103038-C,"4,5-Dihydro-1H-pyrazole",,,,1.0,,1,-1,-1,-1
ENSMUSG00000103038-C,5-Nitroso-8-quinolinol,,,,1.0,,1,-1,-1,-1
ENSMUSG00000103038-C,Benzeneacetic acid,,,,-1.0,,1,-1,-1,-1
ENSMUSG00000103038-C,L-Threonine,,,,1.0,-1.0,1,-1,-1,-1
ENSMUSG00000103038-C,Sulindac,,,,-1.0,,1,-1,-1,-1
ENSMUSG00000103038-C,Tyr-Val,,,,-1.0,,1,-1,-1,-1
ENSMUSG00000103146-C,"1-Heptanol, 2-propyl-",,1.0,,1.0,,1,-1,-1,-1
ENSMUSG00000103146-C,"2-Butene-1,4-diol",,,,1.0,,1,-1,-1,-1
ENSMUSG00000103146-C,5-Nitroso-8-quinolinol,,,,1.0,,1,-1,-1,-1
ENSMUSG00000103146-C,Sulindac,,,,-1.0,,1,-1,-1,-1
ENSMUSG00000103146-C,Trimethylolpropane,,,,-1.0,-1.0,1,1,1,1
ENSMUSG00000103313-C,"1-Heptanol, 2-propyl-",,-1.0,,-1.0,,1,-1,-1,-1
ENSMUSG00000103313-C,4-Methylvaleric acid,,,1.0,0.9636241116594316,,1,-1,-1,-1
ENSMUSG00000103313-C,5-Nitroso-8-quinolinol,,,,1.0,,1,-1,-1,-1
ENSMUSG00000103313-C,"6-Methoxy-1-methyl-1,2,3,4-tetrahydroisoquinolin-7-ol",,,,-1.0,,1,-1,-1,-1
ENSMUSG00000103423-C,Phthalazin-1-one,,,,1.0,,1,-1,-1,-1
ENSMUSG00000103539-C,"(9H-fluoren-9-yl)methanol, O-methoxycarbonyl-",,1.0,1.0,0.9442278671275492,,1,-1,-1,-1
ENSMUSG00000103539-C,"2-Butene-1,4-diol",,,,-1.0,,1,-1,-1,-1
ENSMUSG00000103539-C,Phthalazin-1-one,,,,1.0,,1,-1,-1,-1
ENSMUSG00000103539-C,Sulindac,,,,1.0,,1,-1,-1,-1
ENSMUSG00000103552-C,5-Nitroso-8-quinolinol,,,,1.0,,1,-1,-1,-1
ENSMUSG00000103552-C,"6-Methoxy-1-methyl-1,2,3,4-tetrahydroisoquinolin-7-ol",,,,-1.0,,1,-1,-1,-1
ENSMUSG00000103552-C,Chlorobenzilate,,,,1.0,,1,-1,-1,-1
ENSMUSG00000103693-C,1-Octadecanol,,,,1.0,1.0,1,1,1,1
ENSMUSG00000103693-C,Benzeneacetic acid,,,,-1.0,,1,-1,-1,-1
ENSMUSG00000103693-C,L-Threonine,,,,1.0,-1.0,1,-1,-1,-1
ENSMUSG00000103693-C,Lupinine,,1.0,,1.0,,1,-1,-1,-1
ENSMUSG00000103693-C,Sulindac,,,,-1.0,,1,-1,-1,-1
ENSMUSG00000103776-C,L-Threonine,,,,1.0,1.0,1,1,1,1
ENSMUSG00000103776-C,Lupinine,,1.0,,1.0,,1,-1,-1,-1
ENSMUSG00000103809-C,"1-Heptanol, 2-propyl-",,-1.0,,-1.0,,1,-1,-1,-1
ENSMUSG00000103809-C,1-Octadecanol,,,,-1.0,1.0,1,-1,-1,-1
ENSMUSG00000103809-C,"3,3-Dimethylacrylic acid",,,,1.0,,1,-1,-1,-1
ENSMUSG00000103809-C,"4,5-Dihydro-1H-pyrazole",,,,1.0,,1,-1,-1,-1
ENSMUSG00000103809-C,5-Nitroso-8-quinolinol,,,,1.0,,1,-1,-1,-1
ENSMUSG00000103809-C,L-Threonine,,,,-1.0,-1.0,1,1,1,1
ENSMUSG00000103809-C,Luciferin,,,,1.0,,1,-1,-1,-1
ENSMUSG00000103869-C,"2-Butene-1,4-diol",,,,1.0,,1,-1,-1,-1
ENSMUSG00000103869-C,"3,3-Dimethylacrylic acid",,,,1.0,,1,-1,-1,-1
ENSMUSG00000103869-C,5-Nitroso-8-quinolinol,,,,1.0,,1,-1,-1,-1
ENSMUSG00000103869-C,"6-Methoxy-1-methyl-1,2,3,4-tetrahydroisoquinolin-7-ol",,,,-1.0,,1,-1,-1,-1
ENSMUSG00000103869-C,Chlorobenzilate,,,,1.0,,1,-1,-1,-1
ENSMUSG00000103882-C,"4,5-Dihydro-1H-pyrazole",,,,1.0,,1,-1,-1,-1
ENSMUSG00000103882-C,Benzeneacetic acid,,,,-1.0,,1,-1,-1,-1
ENSMUSG00000103882-C,Chlorobenzilate,,,,-1.0,,1,-1,-1,-1
ENSMUSG00000103882-C,L-Glutamic acid,,,,-1.0,,1,-1,-1,-1
ENSMUSG00000103882-C,Tyr-Val,,,,-1.0,,1,-1,-1,-1
ENSMUSG00000103891-C,"1-Heptanol, 2-propyl-",,1.0,,1.0,,1,-1,-1,-1
ENSMUSG00000103891-C,"2-Butene-1,4-diol",,,,1.0,,1,-1,-1,-1
ENSMUSG00000103891-C,"3,3-Dimethylacrylic acid",,,,1.0,,1,-1,-1,-1
ENSMUSG00000103891-C,5-Nitroso-8-quinolinol,,,,1.0,,1,-1,-1,-1
ENSMUSG00000103891-C,Chlorobenzilate,,,,1.0,,1,-1,-1,-1
ENSMUSG00000103891-C,"l-Leucine, n-butoxycarbonyl-N-methyl-, hexadecyl ester",,,,-1.0,,1,-1,-1,-1
ENSMUSG00000103891-C,Sulindac,,,,-1.0,,1,-1,-1,-1
ENSMUSG00000103891-C,Trimethylolpropane,,,,-1.0,-1.0,1,1,1,1
ENSMUSG00000103970-C,"2-Butene-1,4-diol",,,,-1.0,,1,-1,-1,-1
ENSMUSG00000103970-C,Chlorobenzilate,,,,-1.0,,1,-1,-1,-1
ENSMUSG00000103991-C,Phthalazin-1-one,,,,1.0,,1,-1,-1,-1
ENSMUSG00000104154-C,"1-Heptanol, 2-propyl-",,1.0,,1.0,,1,-1,-1,-1
ENSMUSG00000104154-C,"2-Butene-1,4-diol",,,,1.0,,1,-1,-1,-1
ENSMUSG00000104154-C,"3,3-Dimethylacrylic acid",,,,1.0,,1,-1,-1,-1
ENSMUSG00000104154-C,5-Nitroso-8-quinolinol,,,,1.0,,1,-1,-1,-1
ENSMUSG00000104154-C,"6-Methoxy-1-methyl-1,2,3,4-tetrahydroisoquinolin-7-ol",,,,-1.0,,1,-1,-1,-1
ENSMUSG00000104154-C,Chlorobenzilate,,,,1.0,,1,-1,-1,-1
ENSMUSG00000104154-C,"l-Leucine, n-butoxycarbonyl-N-methyl-, hexadecyl ester",,,,-1.0,,1,-1,-1,-1
ENSMUSG00000104154-C,Sulindac,,,,-1.0,,1,-1,-1,-1
ENSMUSG00000104154-C,Trimethylolpropane,,,,-1.0,-1.0,1,1,1,1
ENSMUSG00000104204-C,"1,2-Bis(trimethylsiloxy)cyclohexene",,,,-1.0,,1,-1,-1,-1
ENSMUSG00000104204-C,"2-Butene-1,4-diol",,,,-1.0,,1,-1,-1,-1
ENSMUSG00000104204-C,"9Z-Octadecenoic acid, (2S)-3-[(hydroxymercaptophosphinyl)oxy]-2-methoxypropyl ester",,,,1.0,,1,-1,-1,-1
ENSMUSG00000104204-C,Adipoyl-L-carnitine,,,,-1.0,,1,-1,-1,-1
ENSMUSG00000104204-C,Benzeneacetic acid,,,,1.0,,1,-1,-1,-1
ENSMUSG00000104204-C,L-Ornithine,,,,1.0,,1,-1,-1,-1
ENSMUSG00000104204-C,Octadecanoic acid,,,,-1.0,,1,-1,-1,-1
ENSMUSG00000104277-C,"3,3-Dimethylacrylic acid",,,,1.0,,1,-1,-1,-1
ENSMUSG00000104277-C,Monocaproin,,,,1.0,,1,-1,-1,-1
ENSMUSG00000104277-C,Sulindac,,,,1.0,,1,-1,-1,-1
ENSMUSG00000104277-C,Tyr-Val,,,,-1.0,,1,-1,-1,-1
ENSMUSG00000104343-C,1-Octadecanol,,,,-1.0,1.0,1,-1,-1,-1
ENSMUSG00000104343-C,"2-Butene-1,4-diol",,,,1.0,,1,-1,-1,-1
ENSMUSG00000104343-C,"3,3-Dimethylacrylic acid",,,,1.0,,1,-1,-1,-1
ENSMUSG00000104343-C,"4,5-Dihydro-1H-pyrazole",,,,1.0,,1,-1,-1,-1
ENSMUSG00000104343-C,Benzeneacetic acid,,,,-1.0,,1,-1,-1,-1
ENSMUSG00000104343-C,"Cytosine, N-(tert-butyldimethylsilyl)-",,-1.0,-1.0,-0.934148484292342,,1,-1,-1,-1
ENSMUSG00000104343-C,Propylene glycol,,-0.5,-1.0,-0.9221722216732094,1.0,1,-1,-1,-1
ENSMUSG00000104344-C,"3,3-Dimethylacrylic acid",,,,1.0,,1,-1,-1,-1
ENSMUSG00000104344-C,Chlorobenzilate,,,,1.0,,1,-1,-1,-1
ENSMUSG00000104388-C,"3,3-Dimethylacrylic acid",,,,1.0,,1,-1,-1,-1
ENSMUSG00000104388-C,3-Hydroxymethyl-2-trimethylsilyloxypentane,,1.0,,1.0,,1,-1,-1,-1
ENSMUSG00000104388-C,Benzeneacetic acid,,,,-1.0,,1,-1,-1,-1
ENSMUSG00000104388-C,Tyr-Val,,,,-1.0,,1,-1,-1,-1
ENSMUSG00000104420-C,"2-Butene-1,4-diol",,,,1.0,,1,-1,-1,-1
ENSMUSG00000104420-C,Benzeneacetic acid,,,,-1.0,,1,-1,-1,-1
ENSMUSG00000104420-C,Lignoceric acid,,-1.0,-0.5,-0.934148484292342,-1.0,1,1,1,1
ENSMUSG00000104693-C,Chlorobenzilate,,,,1.0,,1,-1,-1,-1
ENSMUSG00000104693-C,Phthalazin-1-one,,,,1.0,,1,-1,-1,-1
ENSMUSG00000104693-C,Tyr-Val,,,,-1.0,,1,-1,-1,-1
ENSMUSG00000104704-C,"2-Butene-1,4-diol",,,,-1.0,,1,-1,-1,-1
ENSMUSG00000104704-C,"4,5-Dihydro-1H-pyrazole",,,,1.0,,1,-1,-1,-1
ENSMUSG00000104704-C,Benzeneacetic acid,,,,-1.0,,1,-1,-1,-1
ENSMUSG00000104704-C,L-Threonine,,,,-1.0,-1.0,1,1,1,1
ENSMUSG00000104704-C,Synephrine,,0.5,0.8660254037844387,0.934148484292342,,1,-1,-1,-1
ENSMUSG00000104704-C,Tyr-Val,,,,-1.0,,1,-1,-1,-1
ENSMUSG00000104764-C,"1-Heptanol, 2-propyl-",,1.0,,1.0,,1,-1,-1,-1
ENSMUSG00000104764-C,1-Octadecanol,,,,1.0,1.0,1,1,1,1
ENSMUSG00000104764-C,Benzeneacetic acid,,,,-1.0,,1,-1,-1,-1
ENSMUSG00000104764-C,L-Threonine,,,,1.0,-1.0,1,-1,-1,-1
ENSMUSG00000104764-C,Luciferin,,,,-1.0,,1,-1,-1,-1
ENSMUSG00000104764-C,Sulindac,,,,-1.0,,1,-1,-1,-1
ENSMUSG00000104764-C,Tyr-Val,,,,-1.0,,1,-1,-1,-1
ENSMUSG00000104951-C,5-Nitroso-8-quinolinol,,,,1.0,,1,-1,-1,-1
ENSMUSG00000104951-C,"6-Methoxy-1-methyl-1,2,3,4-tetrahydroisoquinolin-7-ol",,,,-1.0,,1,-1,-1,-1
ENSMUSG00000104951-C,Benzeneacetic acid,,,,-1.0,,1,-1,-1,-1
ENSMUSG00000104951-C,"l-Leucine, n-butoxycarbonyl-N-methyl-, hexadecyl ester",,,,-1.0,,1,-1,-1,-1
ENSMUSG00000104973-C,"1-Heptanol, 2-propyl-",,-1.0,,-1.0,,1,-1,-1,-1
ENSMUSG00000104973-C,2-Cyanobenzaldehyde,,-1.0,,-1.0,,1,-1,-1,-1
ENSMUSG00000104973-C,5-Nitroso-8-quinolinol,,,,1.0,,1,-1,-1,-1
ENSMUSG00000104973-C,Benzeneacetic acid,,,,-1.0,,1,-1,-1,-1
ENSMUSG00000104973-C,Chlorobenzilate,,,,-1.0,,1,-1,-1,-1
ENSMUSG00000104973-C,Luciferin,,,,1.0,,1,-1,-1,-1
ENSMUSG00000104973-C,Sulindac,,,,1.0,,1,-1,-1,-1
ENSMUSG00000104994-C,"2-Butene-1,4-diol",,,,1.0,,1,-1,-1,-1
ENSMUSG00000104994-C,5-Nitroso-8-quinolinol,,,,1.0,,1,-1,-1,-1
ENSMUSG00000104994-C,"l-Leucine, n-butoxycarbonyl-N-methyl-, hexadecyl ester",,,,-1.0,,1,-1,-1,-1
ENSMUSG00000104994-C,L-Threonine,,,,1.0,-1.0,1,-1,-1,-1
ENSMUSG00000104994-C,Sulindac,,,,-1.0,,1,-1,-1,-1
ENSMUSG00000104994-C,Trimethylolpropane,,,,-1.0,-1.0,1,1,1,1
ENSMUSG00000105050-C,"1-Heptanol, 2-propyl-",,-1.0,,-1.0,,1,-1,-1,-1
ENSMUSG00000105050-C,"2-Butene-1,4-diol",,,,1.0,,1,-1,-1,-1
ENSMUSG00000105050-C,2-Cyanobenzaldehyde,,-1.0,,-1.0,,1,-1,-1,-1
ENSMUSG00000105050-C,5-Nitroso-8-quinolinol,,,,1.0,,1,-1,-1,-1
ENSMUSG00000105050-C,"6-Methoxy-1-methyl-1,2,3,4-tetrahydroisoquinolin-7-ol",,,,-1.0,,1,-1,-1,-1
ENSMUSG00000105050-C,Benzeneacetic acid,,,,-1.0,,1,-1,-1,-1
ENSMUSG00000105050-C,"l-Leucine, n-butoxycarbonyl-N-methyl-, hexadecyl ester",,,,-1.0,,1,-1,-1,-1
ENSMUSG00000105119-C,"1-Heptanol, 2-propyl-",,-1.0,,-1.0,,1,-1,-1,-1
ENSMUSG00000105119-C,2-Cyanobenzaldehyde,,-1.0,,-1.0,,1,-1,-1,-1
ENSMUSG00000105119-C,"2-Methylcyclohexylamine, tert.-butyldimethylsilyl ether",,,,1.0,,1,-1,-1,-1
ENSMUSG00000105119-C,Benzeneacetic acid,,,,-1.0,,1,-1,-1,-1
ENSMUSG00000105119-C,Chlorobenzilate,,,,-1.0,,1,-1,-1,-1
ENSMUSG00000105119-C,Sulindac,,,,1.0,,1,-1,-1,-1
ENSMUSG00000105119-C,Tyr-Val,,,,-1.0,,1,-1,-1,-1
ENSMUSG00000105224-C,"1-Heptanol, 2-propyl-",,-1.0,,-1.0,,1,-1,-1,-1
ENSMUSG00000105224-C,"2-Butene-1,4-diol",,,,-1.0,,1,-1,-1,-1
ENSMUSG00000105224-C,2-Cyanobenzaldehyde,,-1.0,,-1.0,,1,-1,-1,-1
ENSMUSG00000105224-C,"4,5-Dihydro-1H-pyrazole",,,,1.0,,1,-1,-1,-1
ENSMUSG00000105224-C,Benzeneacetic acid,,,,-1.0,,1,-1,-1,-1
ENSMUSG00000105224-C,Chlorobenzilate,,,,-1.0,,1,-1,-1,-1
ENSMUSG00000105224-C,Sulindac,,,,1.0,,1,-1,-1,-1
ENSMUSG00000105224-C,Tyr-Val,,,,-1.0,,1,-1,-1,-1
ENSMUSG00000105322-C,"4,5-Dihydro-1H-pyrazole",,,,1.0,,1,-1,-1,-1
ENSMUSG00000105322-C,Benzeneacetic acid,,,,-1.0,,1,-1,-1,-1
ENSMUSG00000105322-C,L-Glutamic acid,,,,-1.0,,1,-1,-1,-1
ENSMUSG00000105322-C,L-Threonine,,,,1.0,-1.0,1,-1,-1,-1
ENSMUSG00000105322-C,Lupinine,,1.0,,1.0,,1,-1,-1,-1
ENSMUSG00000105322-C,Sulindac,,,,-1.0,,1,-1,-1,-1
ENSMUSG00000105578-C,"2-Butene-1,4-diol",,,,-1.0,,1,-1,-1,-1
ENSMUSG00000105578-C,"3,3-Dimethylacrylic acid",,,,1.0,,1,-1,-1,-1
ENSMUSG00000105578-C,"6-Methoxy-1-methyl-1,2,3,4-tetrahydroisoquinolin-7-ol",,,,1.0,,1,-1,-1,-1
ENSMUSG00000105578-C,Adipoyl-L-carnitine,,,,-1.0,,1,-1,-1,-1
ENSMUSG00000105578-C,Benzeneacetic acid,,,,-1.0,,1,-1,-1,-1
ENSMUSG00000105578-C,L-Threonine,,,,-1.0,-1.0,1,1,1,1
ENSMUSG00000105578-C,Tyr-Val,,,,-1.0,,1,-1,-1,-1
ENSMUSG00000105586-C,"2-Butene-1,4-diol",,,,1.0,,1,-1,-1,-1
ENSMUSG00000105586-C,"Naringenin 4',7-dimethylether",,,-1.0,-1.0,-1.0,1,1,1,1
ENSMUSG00000105586-C,Sulindac,,,,-1.0,,1,-1,-1,-1
ENSMUSG00000105624-C,"1-Heptanol, 2-propyl-",,1.0,,1.0,,1,-1,-1,-1
ENSMUSG00000105624-C,1-Octadecanol,,,,1.0,1.0,1,1,1,1
ENSMUSG00000105624-C,"l-Leucine, n-butoxycarbonyl-N-methyl-, hexadecyl ester",,,,-1.0,,1,-1,-1,-1
ENSMUSG00000105624-C,L-Threonine,,,,1.0,-1.0,1,-1,-1,-1
ENSMUSG00000105624-C,Sulindac,,,,-1.0,,1,-1,-1,-1
ENSMUSG00000105843-C,5-Nitroso-8-quinolinol,,,,-1.0,,1,-1,-1,-1
ENSMUSG00000105843-C,"6-Methoxy-1-methyl-1,2,3,4-tetrahydroisoquinolin-7-ol",,,,1.0,,1,-1,-1,-1
ENSMUSG00000105843-C,6-Nitroveratryl alcohol,,,,-1.0,,1,-1,-1,-1
ENSMUSG00000105843-C,Aceturic acid,,-1.0,,-0.9642857142857144,,1,-1,-1,-1
ENSMUSG00000105843-C,Benzeneacetic acid,,,,-1.0,,1,-1,-1,-1
ENSMUSG00000105843-C,"Benzoic acid, methyl ester",,-1.0,-0.5,-0.9523809523809524,,1,-1,-1,-1
ENSMUSG00000105843-C,Chlorobenzilate,,,,-1.0,,1,-1,-1,-1
ENSMUSG00000105843-C,Octadecanoic acid,,,,1.0,,1,-1,-1,-1
ENSMUSG00000105843-C,Sulindac,,,,-1.0,,1,-1,-1,-1
ENSMUSG00000105846-C,Benzeneacetic acid,,,,-1.0,,1,-1,-1,-1
ENSMUSG00000105896-C,"3,3-Dimethylacrylic acid",,,,1.0,,1,-1,-1,-1
ENSMUSG00000105896-C,Benzeneacetic acid,,,,-1.0,,1,-1,-1,-1
ENSMUSG00000106115-C,5-Nitroso-8-quinolinol,,,,1.0,,1,-1,-1,-1
ENSMUSG00000106115-C,Benzeneacetic acid,,,,-1.0,,1,-1,-1,-1
ENSMUSG00000106115-C,"l-Leucine, n-butoxycarbonyl-N-methyl-, hexadecyl ester",,,,-1.0,,1,-1,-1,-1
ENSMUSG00000106115-C,Tyr-Val,,,,-1.0,,1,-1,-1,-1
ENSMUSG00000106121-C,Phthalazin-1-one,,,,1.0,,1,-1,-1,-1
ENSMUSG00000106153-C,Phthalazin-1-one,,,,1.0,,1,-1,-1,-1
ENSMUSG00000106557-C,"2-Butene-1,4-diol",,,,-1.0,,1,-1,-1,-1
ENSMUSG00000106557-C,"3,3-Dimethylacrylic acid",,,,1.0,,1,-1,-1,-1
ENSMUSG00000106557-C,L-Threonine,,,,-1.0,-1.0,1,1,1,1
ENSMUSG00000106557-C,"N,N-Dimethyl-2-aminoethanol",,1.0,,0.9536459298086264,-1.0,1,-1,-1,-1
ENSMUSG00000106579-C,Lupinine,,1.0,,1.0,,1,-1,-1,-1
ENSMUSG00000106579-C,Prostaglandin,,,1.0,1.0,,1,-1,-1,-1
ENSMUSG00000106579-C,Vanillylmandelic acid,,,1.0,1.0,1.0,1,1,1,1
ENSMUSG00000106648-C,5-Nitroso-8-quinolinol,,,,1.0,,1,-1,-1,-1
ENSMUSG00000106648-C,"6-Methoxy-1-methyl-1,2,3,4-tetrahydroisoquinolin-7-ol",,,,-1.0,,1,-1,-1,-1
ENSMUSG00000106648-C,Benzeneacetic acid,,,,-1.0,,1,-1,-1,-1
ENSMUSG00000106648-C,Chlorobenzilate,,,,1.0,,1,-1,-1,-1
ENSMUSG00000106648-C,L-Tyrosine,,,,0.9856107606091624,1.0,1,1,1,1
ENSMUSG00000106648-C,Lupinine,,1.0,,1.0,,1,-1,-1,-1
ENSMUSG00000106648-C,Tyr-Val,,,,-1.0,,1,-1,-1,-1
ENSMUSG00000106720-C,"2-Butene-1,4-diol",,,,1.0,,1,-1,-1,-1
ENSMUSG00000106720-C,5-Nitroso-8-quinolinol,,,,1.0,,1,-1,-1,-1
ENSMUSG00000106720-C,Benzeneacetic acid,,,,-1.0,,1,-1,-1,-1
ENSMUSG00000106720-C,L-Threonine,,,,1.0,-1.0,1,-1,-1,-1
ENSMUSG00000106720-C,Sulindac,,,,-1.0,,1,-1,-1,-1
ENSMUSG00000106720-C,Trimethylolpropane,,,,-1.0,-1.0,1,1,1,1
ENSMUSG00000106734-C,"2-Butene-1,4-diol",,,,-1.0,,1,-1,-1,-1
ENSMUSG00000106734-C,Chlorobenzilate,,,,-1.0,,1,-1,-1,-1
ENSMUSG00000106767-C,Benzeneacetic acid,,,,-1.0,,1,-1,-1,-1
ENSMUSG00000106767-C,"l-Leucine, n-butoxycarbonyl-N-methyl-, hexadecyl ester",,,,-1.0,,1,-1,-1,-1
ENSMUSG00000106767-C,Luciferin,,,,-1.0,,1,-1,-1,-1
ENSMUSG00000106767-C,Tyr-Val,,,,-1.0,,1,-1,-1,-1
ENSMUSG00000106847-C,"1-Heptanol, 2-propyl-",,-1.0,,-1.0,,1,-1,-1,-1
ENSMUSG00000106847-C,2-Cyanobenzaldehyde,,-1.0,,-1.0,,1,-1,-1,-1
ENSMUSG00000106847-C,Chlorobenzilate,,,,-1.0,,1,-1,-1,-1
ENSMUSG00000106847-C,L-Glutamic acid,,,,-1.0,,1,-1,-1,-1
ENSMUSG00000106847-C,Tyr-Val,,,,1.0,,1,-1,-1,-1
ENSMUSG00000106993-C,"1-Heptanol, 2-propyl-",,-1.0,,-1.0,,1,-1,-1,-1
ENSMUSG00000106993-C,2-Cyanobenzaldehyde,,-1.0,,-1.0,,1,-1,-1,-1
ENSMUSG00000106993-C,"4,5-Dihydro-1H-pyrazole",,,,1.0,,1,-1,-1,-1
ENSMUSG00000106993-C,"5-Chlorovaleric acid, nonyl ester",,-1.0,-1.0,-0.9518072289156626,,1,-1,-1,-1
ENSMUSG00000106993-C,"6,7,4'-Trihydroxyisoflavone",,-1.0,-1.0,-0.934148484292342,,1,-1,-1,-1
ENSMUSG00000106993-C,"6-Methoxy-1-methyl-1,2,3,4-tetrahydroisoquinolin-7-ol",,,,1.0,,1,-1,-1,-1
ENSMUSG00000106993-C,alpha-Hydroxyisobutyric acid,,-1.0,,-1.0,,1,-1,-1,-1
ENSMUSG00000106993-C,Benzeneacetic acid,,,,-1.0,,1,-1,-1,-1
ENSMUSG00000106993-C,Diacetyl monoxime,,-1.0,-1.0,-0.9457831325301204,1.0,1,-1,-1,-1
ENSMUSG00000106993-C,Diethylamine,,-0.5,-1.0,-0.9518072289156626,-1.0,1,1,1,1
ENSMUSG00000106993-C,N-Methyl-1-[(trimethylsilyl)oxy]-1-{4-[(trimethylsilyl)oxy]phenyl}propan-2-amine,,,-1.0,-0.991031208965115,-1.0,1,1,1,1
ENSMUSG00000106993-C,Octanoic acid,,,,-1.0,,1,-1,-1,-1
ENSMUSG00000106993-C,Propylene glycol,,-1.0,-1.0,-0.927710843373494,1.0,1,-1,-1,-1
ENSMUSG00000107021-C,"2-Butene-1,4-diol",,,,-1.0,,1,-1,-1,-1
ENSMUSG00000107021-C,"2-Methylcyclohexylamine, tert.-butyldimethylsilyl ether",,,,1.0,,1,-1,-1,-1
ENSMUSG00000107021-C,Benzeneacetic acid,,,,-1.0,,1,-1,-1,-1
ENSMUSG00000107021-C,Tyr-Val,,,,-1.0,,1,-1,-1,-1
ENSMUSG00000107207-C,2-Buten-1-ol,,,,1.0,,1,-1,-1,-1
ENSMUSG00000107207-C,"3,3-Dimethylacrylic acid",,,,1.0,,1,-1,-1,-1
ENSMUSG00000107207-C,5-Nitroso-8-quinolinol,,,,1.0,,1,-1,-1,-1
ENSMUSG00000107207-C,Chlorobenzilate,,,,1.0,,1,-1,-1,-1
ENSMUSG00000107207-C,L-Threonine,,,,-1.0,1.0,1,-1,-1,-1
ENSMUSG00000107278-C,"1-Heptanol, 2-propyl-",,-1.0,,-1.0,,1,-1,-1,-1
ENSMUSG00000107278-C,2-Cyanobenzaldehyde,,-1.0,,-1.0,,1,-1,-1,-1
ENSMUSG00000107278-C,Benzeneacetic acid,,,,-1.0,,1,-1,-1,-1
ENSMUSG00000107278-C,Chlorobenzilate,,,,-1.0,,1,-1,-1,-1
ENSMUSG00000107278-C,Glycine,,-1.0,-1.0,-0.9581010095306072,1.0,1,-1,-1,-1
ENSMUSG00000107278-C,Tyr-Val,,,,-1.0,,1,-1,-1,-1
