ID,36,37,38,41,42,43
ENSMUSG00000027374-P,6.615488087556025,6.359462826882996,6.731443787784425,6.825285165053963,6.575085749865443,6.844618859895456
ENSMUSG00000042626-P,5.307449543185963,4.942038178517604,5.701403726240479,4.977680582447654,4.298104939536926,4.252640047634348
ENSMUSG00000055681-P,7.813033015219128,8.098378958470615,7.988953557785727,7.597582104243076,7.881908069644026,7.838328791566402
ENSMUSG00000028412-P,6.348901173749178,5.896719670711514,6.316120126028523,6.241576125946,6.560138125621913,6.534500861155465
ENSMUSG00000054484-P,5.043665381412245,5.024242728639026,4.943465455302347,4.451172027377437,5.0631190143554665,4.700947400377628
ENSMUSG00000024425-P,10.20318773482849,9.934885311451852,10.085541281076145,9.764368204662478,9.939278230770716,9.770732416319294
ENSMUSG00000032216-P,9.469733113266724,9.086207746032446,9.999748644781958,10.017771273042875,10.416836928576156,10.344391847531782
ENSMUSG00000025979-P,7.599934293538317,7.798938682665896,7.672961357874305,7.874260836503107,7.35876785617645,7.238929229176315
ENSMUSG00000051343-P,5.043665381412245,5.024242728639026,5.671619863072131,5.417812516162077,5.0631190143554665,5.0424752552067345
ENSMUSG00000035443-P,8.624707318395737,8.486953234967084,8.476206920526254,8.234914748730626,8.208615782460724,8.324456786242296
ENSMUSG00000028991-P,6.2267499791404335,6.632728042457236,6.064363292374095,5.85806032627422,6.2040681132011395,6.445306768518016
ENSMUSG00000036948-P,6.798145964744758,6.001904191842039,6.774113126984875,6.441387448538115,6.279013089628651,6.13893452079274
ENSMUSG00000033900-P,6.3874232372913085,6.851166333688574,6.595297338780084,7.343187726400538,7.350103907851755,7.198560098846078
ENSMUSG00000041936-P,5.753228359186448,5.345294605051995,5.814746626998824,5.214466084194152,4.676324781005206,5.159263134006526
ENSMUSG00000034584-P,3.588413176024308,4.028615856195515,1.644524637198008,3.410658846623913,4.3684340633204695,3.222863846480197
ENSMUSG00000068921-P,5.782429735667016,5.852400307614175,6.513712606035222,6.301543691787303,5.975307404046377,5.749456405487739
ENSMUSG00000049670-P,5.181577911249507,5.783258962668004,5.173383165887978,4.8629553682010584,5.434918702122314,4.915393872976637
ENSMUSG00000044224-P,4.891162234118836,5.939718030230672,4.543972575687705,5.837951504031949,6.062746991028016,6.248448553326723
ENSMUSG00000030216-P,6.329247423936927,6.50970779403364,6.354117710036407,6.751954012747458,6.940898759950688,6.945642350481263
ENSMUSG00000071072-P,7.378780750422187,7.612211160859154,7.237588588812777,7.492159127041547,7.458869182813468,7.341363895940468
ENSMUSG00000021243-P,7.462354266180769,7.302045855505167,6.041257694906058,7.579529040479794,6.905856790644351,7.128661778450114
ENSMUSG00000016495-P,4.994600610353493,4.762084009432767,5.545926290761863,5.471009825516781,5.297472671066822,5.26730081503223
ENSMUSG00000026803-P,5.723423689788241,5.874730167948002,5.512714021628471,6.271871465536351,6.041378893527714,6.7359850352559345
ENSMUSG00000036188-P,6.4433437939658145,6.001904191842039,5.512714021628471,6.162931855610215,5.882224354039638,5.9246719765045155
ENSMUSG00000068284-P,5.091116240655791,6.022051183825807,5.255985743248763,6.616861689478417,6.384600669736601,6.490593004100329
ENSMUSG00000033237-P,5.459827368535989,6.099938259092898,6.462451201305003,6.301543691787303,5.782718799196082,6.13893452079274
ENSMUSG00000063894-P,4.132832161798551,4.4414684486850105,4.083073932513149,4.451172027377437,4.3684340633204695,4.776027546772013
ENSMUSG00000027536-P,3.449675285104147,0.0,3.0776820435059644,3.297408618726716,3.883488798682337,3.222863846480197
ENSMUSG00000069727-P,2.4360270815356015,3.037322543347878,1.0449005473594477,3.5156624624613326,1.5682857555401204,2.99040787202365
ENSMUSG00000042118-P,2.1072261594039285,3.562485519943336,3.4017693127773,4.022756145667588,3.147646225708344,3.4230107876057687
ENSMUSG00000094002-P,1.680660685039108,0.9269160351229908,0.0,0.8502888279616356,0.9875105484522038,0.0
ENSMUSG00000039253-P,6.998087917929735,6.949117315711156,7.316692394232792,7.069047583252809,7.296998287804286,7.252138427119792
ENSMUSG00000031916-P,6.247840314815037,6.8169802460896545,6.335244011574411,6.2568033162489805,5.560401671877235,6.248448553326723
ENSMUSG00000025477-P,6.348901173749178,7.079803952557726,6.882088528746082,6.519217707550713,6.350256337756722,6.5979543869599
ENSMUSG00000036371-P,9.656783473764458,9.810092013446708,9.872983320660614,9.873351437015607,9.927678814663365,9.912668294219024
ENSMUSG00000094595-P,0.0,1.4866706657115965,1.644524637198008,3.410658846623913,2.5640862732757217,2.713165506010181
ENSMUSG00000041126-P,7.820090992093833,7.80476518079776,8.22256673335395,7.960490298244009,8.093944134067621,7.793857961333414
ENSMUSG00000034064-P,7.310257662816774,6.099938259092898,7.237588588812777,6.194905824038242,6.6045242579786025,6.618500169311961
ENSMUSG00000004591-P,6.069797048200696,7.010908171459212,5.7305851300136235,7.446406395300333,7.392912534133613,7.303798025795707
ENSMUSG00000035295-P,1.0723621528571825,2.203147957548002,2.88349271729182,2.726838355924407,2.301892742392315,1.9179260834722285
ENSMUSG00000085558-P,3.449675285104147,3.037322543347878,3.2488069851981782,3.7913753794272904,3.5619819391917837,3.896656719144944
ENSMUSG00000057421-P,6.549074361566092,6.565682240695157,6.153253931343048,6.942924935066531,6.845493036213632,6.5979543869599
ENSMUSG00000022781-P,6.894908420027317,7.358594646628449,6.8690253459961905,7.874260836503107,7.917529407672716,7.73861777287988
ENSMUSG00000030060-P,4.132832161798551,4.610664411920954,5.295578618849955,4.1586681136641985,3.976492875004384,3.7553763845397103
ENSMUSG00000015112-P,5.630127004574053,6.451473653442934,6.236984059880915,6.581015167663808,6.2040681132011395,6.717056660514422
ENSMUSG00000042426-P,5.946217345326749,5.874730167948002,6.65739802656506,6.226186501495635,6.019689543979886,6.080893600935071
ENSMUSG00000027642-P,8.892499282556592,8.836085142709807,8.72122483232432,8.462107459084688,8.367304770874213,8.506338087489445
ENSMUSG00000105382-P,1.680660685039108,0.9269160351229908,0.0,2.5403176978191047,2.978071989188756,1.256646745267199
ENSMUSG00000024081-P,5.782429735667016,6.696795930261391,5.578391154308508,7.292369432611691,6.589880090019639,6.945642350481263
ENSMUSG00000079442-P,5.661901008214602,6.343540569975755,5.255985743248763,5.390459717457241,5.0200728362489775,5.214293052212603
ENSMUSG00000003184-P,6.631624570874712,6.793731021155078,6.513712606035222,6.730298922738651,6.083803214208118,6.300238100600774
ENSMUSG00000005469-P,8.374440014273704,8.748108275954948,8.514461091010855,8.19199113184869,8.2650117293933,8.116292272631577
ENSMUSG00000030094-P,5.043665381412245,4.942038178517604,4.892733509557958,5.3341473795355485,4.9757026692765285,6.050973347241968
ENSMUSG00000024941-P,7.471348276491703,7.040838685687671,7.672961357874305,6.568865629125391,6.845493036213632,7.142914994519532
ENSMUSG00000049295-P,7.320248200543911,6.927917918114813,6.801873991396523,7.144666592557083,7.083619862392183,7.024740167738741
ENSMUSG00000049097-P,2.1072261594039285,2.203147957548002,3.0776820435059644,3.410658846623913,2.301892742392315,2.99040787202365
ENSMUSG00000070348-P,5.307449543185963,6.118770299801592,5.371646562501183,5.3341473795355485,5.833329293702817,5.749456405487739
ENSMUSG00000046711-P,1.0723621528571825,0.9269160351229908,1.644524637198008,0.0,2.301892742392315,0.0
ENSMUSG00000034647-P,6.4433437939658145,7.87290726347126,6.933189610126316,9.005705115032068,8.706290607053957,8.597130529303119
ENSMUSG00000002319-P,6.754603500368547,5.685593241710341,6.513712606035222,6.568865629125391,6.450929785968784,6.325451983947782
ENSMUSG00000020108-P,7.407179923485969,6.828465852322095,6.882088528746082,7.299739706011485,6.833111176152505,7.040052337320204
ENSMUSG00000026273-P,5.423215024556173,4.854865093623743,4.840152365914312,5.4446563537551675,4.83376542989838,4.847392928297673
ENSMUSG00000022246-P,6.934470489462872,6.721647112875435,6.316120126028523,6.531790781131416,6.332772628629253,6.445306768518016
ENSMUSG00000020308-P,6.2053467502856705,6.155712582389329,6.8950344888103166,6.493737984718577,6.498749040491763,6.697876637342029
ENSMUSG00000050910-P,6.663365969133095,6.480884530193858,7.1321897998874695,6.387065528694904,6.6045242579786025,6.512713965979975
ENSMUSG00000061533-P,4.220792566333152,4.316533778507413,4.60827290644347,4.940443394064977,4.676324781005206,3.5987437213043223
ENSMUSG00000102840-P,0.0,0.9269160351229908,1.0449005473594477,2.3260509354779892,0.0,1.256646745267199
ENSMUSG00000058756-P,8.96433763023702,8.46504453897955,8.774738031009534,8.863743346590763,8.86978295957554,8.826368971924536
ENSMUSG00000004698-P,2.7036252497054964,4.179745383959693,3.666241375023308,3.87269590566056,4.063862773336467,3.896656719144944
ENSMUSG00000033948-P,3.8313182420880993,3.3236691687308055,2.3931131584133563,1.7691731579606451,2.301892742392315,4.025327408372177
ENSMUSG00000028655-P,2.4360270815356015,3.037322543347878,1.644524637198008,2.5403176978191047,4.146242312574113,1.256646745267199
ENSMUSG00000106032-P,1.680660685039108,2.8695660282412425,1.0449005473594477,2.0743161096747316,0.9875105484522038,0.0
ENSMUSG00000086610-P,1.680660685039108,0.0,0.0,2.0743161096747316,1.9812250416989712,1.256646745267199
ENSMUSG00000026309-P,6.894908420027317,6.451473653442934,6.257178737709851,6.794312790415974,6.893984404468084,6.717056660514422
ENSMUSG00000021903-P,1.680660685039108,0.0,2.88349271729182,1.381684084294751,2.301892742392315,3.5987437213043223
ENSMUSG00000037262-P,4.039158644825996,4.179745383959693,3.0776820435059644,4.73831271207171,5.0631190143554665,5.26730081503223
ENSMUSG00000026603-P,4.8365220755324145,4.179745383959693,4.476672173666001,3.410658846623913,4.78317050436923,4.621744423540839
ENSMUSG00000005514-P,8.222919870300172,8.149641302898415,8.28782626040534,7.839284158487308,7.81422632691213,8.049769511958633
ENSMUSG00000033808-P,5.996926418439346,5.874730167948002,6.19572634422963,6.34493822595115,5.882224354039638,5.891290019019173
ENSMUSG00000015461-P,8.264906384274664,8.074461815651496,8.018831444724023,7.609493185949515,7.498611520075851,7.671378317446801
ENSMUSG00000045128-P,8.528883011609391,8.772098289327745,8.930609171795055,8.227204845453269,8.269613373869158,8.247398774225251
ENSMUSG00000047146-P,1.680660685039108,2.6797042233767265,1.0449005473594477,3.410658846623913,3.147646225708344,4.252640047634348
ENSMUSG00000070705-P,4.132832161798551,3.1875884978886755,3.4017693127773,4.503175016645742,3.436642487092037,5.0424752552067345
ENSMUSG00000040795-P,4.4564512721831075,3.9466673111887647,4.543972575687705,4.822592599363206,4.78317050436923,4.700947400377628
ENSMUSG00000031511-P,5.996926418439346,6.022051183825807,6.788060331245916,6.21063094000576,6.062746991028016,5.7862433228761505
ENSMUSG00000024805-P,3.714971891269714,4.762084009432767,3.0776820435059644,4.822592599363206,4.063862773336467,4.915393872976637
ENSMUSG00000029198-P,6.116409774256625,5.896719670711514,5.130237847052339,5.817558430853102,6.125015547874256,5.957298958075648
ENSMUSG00000032482-P,6.960255061028064,7.217211693695278,6.335244011574411,7.051691178939626,7.008528205166074,7.171005810733309
ENSMUSG00000021288-P,7.86172875638175,8.203561691771286,8.943128826575869,8.387976450815255,8.073036473179638,8.247398774225251
ENSMUSG00000024151-P,5.723423689788241,6.061520270843222,5.545926290761863,4.9022195597211295,5.590138259223642,6.167102195354035
ENSMUSG00000023243-P,1.680660685039108,0.0,2.659038723635503,2.726838355924407,2.978071989188756,1.256646745267199
ENSMUSG00000030591-P,8.868870522153948,8.833237396741719,9.204635122879674,8.686729005180398,8.69948571068218,8.721056025782945
ENSMUSG00000052751-P,5.564399275391578,6.191732474661941,6.37274768308604,5.817558430853102,5.5300392365001345,6.167102195354035
ENSMUSG00000020389-P,2.1072261594039285,2.461014499836793,4.60827290644347,4.397224232267905,3.784073490652618,4.1434560588218705
ENSMUSG00000028959-P,7.151451176712015,6.721647112875435,6.801873991396523,6.467800156646568,6.5143429382524,6.8619550407191126
ENSMUSG00000025474-P,4.4564512721831075,5.21133551557592,4.669829260738149,4.6018743381215605,3.784073490652618,4.847392928297673
ENSMUSG00000064370-P,15.73899728634366,15.478607789051544,15.778578540773507,15.670848381401688,15.682864726873891,15.853624957400012
ENSMUSG00000005580-P,4.720611921530422,4.762084009432767,2.3931131584133563,4.6018743381215605,4.730736538492143,5.10205063677679
ENSMUSG00000030663-P,6.631624570874712,6.658697602368062,5.701403726240479,7.254942472704976,7.287954142878638,7.437005149594579
ENSMUSG00000035941-P,6.3874232372913085,6.451473653442934,6.153253931343048,6.605011537918345,6.589880090019639,6.194730429945663
ENSMUSG00000036501-P,4.4564512721831075,5.24600933394438,3.540057190346136,5.150683891235962,5.401765208785627,5.367808596147874
ENSMUSG00000033411-P,4.8365220755324145,4.556440986587682,4.331850957763941,5.013980781063252,5.297472671066822,5.26730081503223
ENSMUSG00000035934-P,6.348901173749178,6.061520270843222,6.064363292374095,5.897456161246051,5.730268111645454,6.274575705700078
ENSMUSG00000003344-P,6.069797048200696,6.244130255391919,6.496827043436045,6.0967761409997285,6.2040681132011395,5.891290019019173
ENSMUSG00000037608-P,7.238316963204603,7.751459681686853,6.829110740477407,8.538856907287869,8.051821355517736,8.151965559820706
ENSMUSG00000026333-P,4.779730753820537,3.767326996465912,3.0776820435059644,4.8629553682010584,4.78317050436923,4.5379393841988005
ENSMUSG00000003527-P,4.220792566333152,3.562485519943336,4.406077991232827,4.451172027377437,4.9757026692765285,3.7553763845397103
ENSMUSG00000058420-P,5.597637418736228,5.6077445694465435,5.787234727124673,5.775886569943317,5.8082459653885605,5.7862433228761505
ENSMUSG00000019907-P,7.320248200543911,7.435717275112043,7.041950041210445,8.046243724032452,7.323795436339765,7.641573559779625
ENSMUSG00000025410-P,7.524165738389974,7.243189797521107,7.829511791683296,7.621306732895197,7.560006334438178,7.661511655817156
ENSMUSG00000061718-P,11.53460791795927,11.295520226795182,11.54271446484768,11.09539412462399,11.406418797421068,11.456539896001123
ENSMUSG00000008690-P,6.7097058591098095,6.684207945372457,6.131539442339836,6.286783861717844,6.450929785968784,6.274575705700078
ENSMUSG00000092417-P,5.224766906985408,5.852400307614175,4.785582100135434,5.666115557722789,5.367831884023063,4.621744423540839
ENSMUSG00000004895-P,1.0723621528571825,3.4480132671647272,2.88349271729182,2.891981879899189,3.883488798682337,1.9179260834722285
ENSMUSG00000025934-P,2.7036252497054964,0.0,3.540057190346136,2.726838355924407,3.784073490652618,2.713165506010181
ENSMUSG00000028273-P,6.406305288417043,6.884561063915415,6.041257694906058,7.262505943454566,7.314918243284739,7.040052337320204
ENSMUSG00000026520-P,7.349811300552166,7.302045855505167,7.335808745512428,6.804710971439467,6.619021271823814,6.929288748155309
ENSMUSG00000024193-P,6.069797048200696,5.759455353363163,7.087775361292764,6.875472478136167,6.647585462651965,6.7731126614443875
ENSMUSG00000083899-P,2.929268684986816,3.3236691687308055,1.0449005473594477,4.1586681136641985,2.301892742392315,3.5987437213043223
ENSMUSG00000030879-P,7.310257662816774,6.733913998053996,7.657849760664851,7.034123422400831,7.030384734462175,7.225597970456422
ENSMUSG00000021585-P,6.289117989184021,6.451473653442934,5.969634007166271,6.9334798137695675,7.094035159175282,6.638757457725568
ENSMUSG00000026623-P,8.168657793034864,8.404940709634083,7.809138292620712,8.554345073676075,8.574890096399079,8.6678353862637
ENSMUSG00000056215-P,2.7036252497054964,2.461014499836793,3.0776820435059644,3.705195797462184,4.435493525991653,4.1434560588218705
ENSMUSG00000001964-P,6.7097058591098095,6.537966466119466,6.427236233216999,6.330617921309654,6.4181463863879,6.374595070117787
ENSMUSG00000057367-P,5.782429735667016,5.102014708421716,4.253596790705888,5.877892712891693,5.560401671877235,4.915393872976637
ENSMUSG00000036613-P,7.010481565702379,6.436540276334898,6.611074908457811,6.427997517604973,6.184707347148136,6.167102195354035
ENSMUSG00000045100-P,4.039158644825996,4.380353079586573,3.0776820435059644,2.891981879899189,3.147646225708344,3.7553763845397103
ENSMUSG00000031010-P,3.588413176024308,5.660107599879281,3.889659817380317,6.146675148673491,6.4014710269899595,6.300238100600774
ENSMUSG00000015839-P,7.320248200543911,6.7819643831773115,7.030262608670507,7.453032007690899,7.675473413576067,7.238929229176315
ENSMUSG00000038859-P,6.812372898630292,7.389940141254915,7.505796481526476,7.042934040916285,6.940898759950688,7.278199440565441
ENSMUSG00000044296-P,1.680660685039108,0.0,0.0,1.7691731579606451,2.301892742392315,0.0
ENSMUSG00000032633-P,6.82646090451578,6.436540276334898,6.37274768308604,6.751954012747458,6.92931241817933,6.555963629727359
ENSMUSG00000032724-P,2.7036252497054964,1.4866706657115965,2.3931131584133563,2.726838355924407,1.9812250416989712,1.9179260834722285
ENSMUSG00000024235-P,1.680660685039108,2.203147957548002,2.88349271729182,1.7691731579606451,0.0,2.3696596197532793
ENSMUSG00000023236-P,7.679702615304077,7.551131165295002,7.829511791683296,7.277514957660255,7.604396459936451,7.526698291546111
ENSMUSG00000026483-P,3.714971891269714,4.316533778507413,3.2488069851981782,3.87269590566056,2.785877769442253,2.99040787202365
ENSMUSG00000057738-P,9.320944539598385,9.144803864017748,9.421468082722484,9.012449365993785,9.14488096768125,9.102794385534812
ENSMUSG00000032301-P,6.531981979840145,6.770100986655095,6.611074908457811,7.603549937495282,6.689398550647538,7.611140050869522
ENSMUSG00000010607-P,5.811051758636241,6.359462826882996,6.216502681343285,5.522315119058797,5.997669135225367,5.5065484011192165
ENSMUSG00000030862-P,4.9438082645706585,4.500099726422591,4.840152365914312,5.3341473795355485,4.063862773336467,5.5065484011192165
ENSMUSG00000035505-P,4.994600610353493,4.249760164574368,5.295578618849955,3.949676189373547,4.83376542989838,4.448964308292506
ENSMUSG00000022283-P,7.369188756565237,8.369998422586505,6.8950344888103166,8.47843711381562,8.668460115622466,8.725798309621222
ENSMUSG00000050989-P,5.597637418736228,6.22687491803298,6.236984059880915,5.817558430853102,6.4829847469129565,6.221839498569228
ENSMUSG00000014195-P,7.928560998329808,7.745413416081257,7.795394344138136,7.536505375244331,7.845384897198156,7.864367833053538
ENSMUSG00000036718-P,1.680660685039108,4.028615856195515,2.88349271729182,3.410658846623913,3.677297157552445,3.7553763845397103
ENSMUSG00000028885-P,2.1072261594039285,0.0,2.3931131584133563,0.0,0.0,2.3696596197532793
ENSMUSG00000021693-P,4.720611921530422,6.8735151542566175,5.578391154308508,6.773288857304325,7.073128826993391,7.303798025795707
ENSMUSG00000062044-P,4.594569219566535,3.4480132671647272,4.406077991232827,4.092312020475909,4.78317050436923,4.1434560588218705
ENSMUSG00000028441-P,6.985586877780256,6.684207945372457,7.030262608670507,6.55661290465285,6.661658239426168,6.993619480024249
ENSMUSG00000005124-P,3.2961620850227487,1.4866706657115965,3.989605695113597,2.0743161096747316,2.978071989188756,1.9179260834722285
ENSMUSG00000043991-P,9.650857883164488,10.199886578711885,9.619711269558769,10.804268520085744,10.500450008668397,10.78247929309706
ENSMUSG00000086825-P,3.449675285104147,4.316533778507413,4.331850957763941,3.7913753794272904,1.5682857555401204,3.5987437213043223
ENSMUSG00000019080-P,2.4360270815356015,3.767326996465912,3.2488069851981782,2.5403176978191047,1.9812250416989712,3.222863846480197
ENSMUSG00000018199-P,6.754603500368547,7.487350436593213,6.236984059880915,7.734408323921465,7.384451825862594,7.864367833053538
ENSMUSG00000041134-P,1.680660685039108,2.8695660282412425,1.0449005473594477,3.0401483485866754,1.5682857555401204,2.3696596197532793
ENSMUSG00000059495-P,8.035519714273788,8.461360523718803,7.710062020653747,8.781901989304437,8.937858751121242,8.936837668414265
ENSMUSG00000049624-P,5.423215024556173,5.5534091963975545,5.334113880080709,5.619756603232332,6.165083224097141,6.1102059209871
ENSMUSG00000102142-P,0.0,2.461014499836793,0.0,2.5403176978191047,1.5682857555401204,2.3696596197532793
ENSMUSG00000024170-P,4.527162473660295,4.179745383959693,5.130237847052339,5.117703209624991,3.883488798682337,4.025327408372177
ENSMUSG00000030058-P,7.960850878670501,7.5160460820384145,8.093736445542849,7.536505375244331,7.756386772954625,8.042185134071712
ENSMUSG00000062421-P,6.116409774256625,6.7460774596579265,6.444951160549242,6.301543691787303,6.4014710269899595,5.857117316594801
ENSMUSG00000050822-P,10.15515780593586,10.02624113710493,9.661980343899678,9.451814130091492,9.569269373211974,9.985657838419668
ENSMUSG00000014075-P,5.224766906985408,5.312952805578695,4.943465455302347,5.150683891235962,5.5300392365001345,5.26730081503223
ENSMUSG00000023092-P,4.527162473660295,4.942038178517604,5.039872004732743,5.150683891235962,5.297472671066822,5.5065484011192165
ENSMUSG00000003099-P,7.656231775787445,7.098898912626173,8.518649610960432,7.33603664904,7.923381717447758,8.019189794511593
ENSMUSG00000028772-P,6.694424017978742,7.251746244360133,6.3911401452511205,6.865573714456842,6.756501792720863,6.87908537204299
ENSMUSG00000035133-P,6.854230803410582,7.480086447708976,6.479741506323403,8.006258305436493,8.093944134067621,7.964064216043475
ENSMUSG00000041012-P,7.583437377437982,7.413010265791075,7.579822156035135,7.378420892267599,7.2134843585939326,7.493713362816156
ENSMUSG00000039275-P,4.527162473660295,5.063652716017436,4.785582100135434,5.013980781063252,5.145539843359258,5.10205063677679
ENSMUSG00000025060-P,7.827114607849546,8.015389175602724,7.436647489217842,8.632307767332088,8.470837159208896,8.627857866951
ENSMUSG00000013858-P,7.010481565702379,6.8735151542566175,7.767507300001124,6.330617921309654,6.529770084446827,6.422119172788541
ENSMUSG00000057722-P,5.091116240655791,5.918379035960999,4.170853317022545,6.773288857304325,7.030384734462175,7.070197583915613
ENSMUSG00000020777-P,7.935077049328985,7.487350436593213,7.927274859218645,7.419595404786818,7.618894751593973,7.328950307812276
ENSMUSG00000024150-P,7.695140356547538,7.251746244360133,7.724639199720161,6.9334798137695675,7.743212439475784,7.341363895940468
ENSMUSG00000043467-P,3.449675285104147,3.9466673111887647,3.7822711559702658,5.04938998927252,4.676324781005206,3.896656719144944
ENSMUSG00000024921-P,8.72211666565376,9.242484051577607,8.839790743555502,9.667991733477884,9.377961435230691,9.666060652583711
ENSMUSG00000030016-P,5.137055989944297,6.721647112875435,6.153253931343048,7.094696847899788,6.782492893562912,7.291055508776876
ENSMUSG00000056531-P,1.680660685039108,1.888937113351682,1.0449005473594477,2.0743161096747316,2.978071989188756,3.222863846480197
ENSMUSG00000020102-P,1.680660685039108,0.0,3.2488069851981782,2.891981879899189,2.5640862732757217,1.9179260834722285
ENSMUSG00000050493-P,3.588413176024308,2.6797042233767265,5.371646562501183,4.222105922301955,3.2993686457991767,3.7553763845397103
ENSMUSG00000043059-P,5.043665381412245,5.139383001929164,5.919829900154173,4.822592599363206,5.0200728362489775,5.957298958075648
ENSMUSG00000048200-P,4.303696860985152,4.028615856195515,5.334113880080709,4.940443394064977,4.435493525991653,4.025327408372177
ENSMUSG00000024181-P,6.960255061028064,6.9385565553582635,7.164625726640406,6.67469494676835,6.743328514341886,6.445306768518016
ENSMUSG00000005510-P,7.128892167901669,7.070160853471522,6.335244011574411,6.84557007190795,7.124837359941351,7.128661778450114
ENSMUSG00000032615-P,5.137055989944297,5.496947062045408,5.173383165887978,4.694251536510696,4.224170896552707,4.5379393841988005
ENSMUSG00000035873-P,1.680660685039108,2.8695660282412425,0.0,3.410658846623913,3.883488798682337,3.4230107876057687
ENSMUSG00000020496-P,8.426238323652058,8.285016544085265,8.042296089806664,8.037453356400174,8.218169534238168,8.207269259461722
ENSMUSG00000024687-P,5.597637418736228,5.279869321114219,5.173383165887978,5.754590390960918,5.703309903695489,5.957298958075648
ENSMUSG00000030008-P,4.132832161798551,4.762084009432767,5.334113880080709,4.282871356752379,4.435493525991653,3.7553763845397103
ENSMUSG00000021377-P,7.173662860817026,7.974619355374601,7.603676713773029,8.227204845453269,7.905753083077862,8.253979831046616
ENSMUSG00000032641-P,0.0,2.461014499836793,1.0449005473594477,2.726838355924407,1.5682857555401204,3.222863846480197
ENSMUSG00000022711-P,4.779730753820537,5.24600933394438,5.408227514520033,5.117703209624991,5.0631190143554665,5.592143269759895
ENSMUSG00000038644-P,4.220792566333152,2.203147957548002,3.0776820435059644,4.648802186528175,4.298104939536926,3.5987437213043223
ENSMUSG00000018322-P,6.0932916571563975,6.118770299801592,6.174646428674754,6.226186501495635,6.125015547874256,6.490593004100329
ENSMUSG00000056054-P,3.2961620850227487,3.037322543347878,0.0,2.0743161096747316,2.301892742392315,1.256646745267199
ENSMUSG00000062937-P,5.307449543185963,6.041920696975281,5.295578618849955,5.775886569943317,5.782718799196082,5.989204359342829
ENSMUSG00000004040-P,9.313461751692843,8.167839604923346,7.364016565496948,7.90840957343506,7.6685212406627405,7.820704612430833
ENSMUSG00000018372-P,3.714971891269714,3.3236691687308055,1.0449005473594477,4.73831271207171,4.224170896552707,2.99040787202365
ENSMUSG00000039804-P,5.091116240655791,6.244130255391919,5.701403726240479,5.117703209624991,5.401765208785627,5.549980533610538
ENSMUSG00000024740-P,10.253585425527232,9.999817634119951,10.096791074227095,9.75233169544849,9.774222055074276,9.81591069573134
ENSMUSG00000038836-P,4.4564512721831075,3.767326996465912,5.408227514520033,4.1586681136641985,3.976492875004384,4.915393872976637
ENSMUSG00000006777-P,5.385649294638699,4.713355519152925,4.60827290644347,4.397224232267905,4.3684340633204695,4.847392928297673
ENSMUSG00000017405-P,3.8313182420880993,3.9466673111887647,5.2152755578335155,4.8629553682010584,4.499573887818065,4.252640047634348
ENSMUSG00000064345-P,14.804431216553864,15.11045063145993,14.452781557104988,15.860005402723084,16.31995367345291,16.246457163245985
ENSMUSG00000040158-P,2.4360270815356015,2.461014499836793,1.644524637198008,2.0743161096747316,1.5682857555401204,1.256646745267199
ENSMUSG00000039883-P,12.468793950566482,11.627642628178648,10.17184600182355,11.770767854842838,11.903806960610815,11.824691049970196
ENSMUSG00000024253-P,6.2267499791404335,6.4662540370310495,7.087775361292764,6.241576125946,6.242027200964104,6.512713965979975
ENSMUSG00000019897-P,6.045913481318784,6.770100986655095,5.2152755578335155,6.544255226507444,6.560138125621913,6.8619550407191126
ENSMUSG00000031451-P,11.29981830730845,10.492984430041323,11.13893420247765,10.77878253509162,11.139201495930662,11.075969749450946
ENSMUSG00000031751-P,9.391344917781304,8.979496706215727,8.917979920136617,8.938831850931974,9.016619202915477,8.808597175240733
ENSMUSG00000029623-P,7.5154960202231695,8.079277069477765,7.7815182024845475,8.578785402418202,8.25111807015118,8.403538449889203
ENSMUSG00000030691-P,3.2961620850227487,4.4414684486850105,4.083073932513149,5.275547422615667,4.78317050436923,5.318429784139239
ENSMUSG00000036819-P,2.4360270815356015,4.028615856195515,4.253596790705888,3.5156624624613326,2.978071989188756,2.713165506010181
ENSMUSG00000024290-P,7.369188756565237,8.24700530074183,7.480252427504678,9.032494990969116,8.709681056479354,8.878407416267901
ENSMUSG00000017548-P,5.459827368535989,6.137359682903388,4.406077991232827,6.708313826526949,7.01949785965146,6.468127571031348
ENSMUSG00000032555-P,1.0723621528571825,2.461014499836793,3.540057190346136,4.397224232267905,2.5640862732757217,3.5987437213043223
ENSMUSG00000029178-P,5.423215024556173,6.523906318276414,4.728866279791471,7.406000719247384,7.314918243284739,7.437005149594579
ENSMUSG00000035640-P,5.385649294638699,5.852400307614175,5.478719120821888,5.4446563537551675,5.906064183415077,5.5065484011192165
ENSMUSG00000024168-P,4.994600610353493,4.942038178517604,5.4439038116594975,4.694251536510696,5.145539843359258,4.354139119526331
ENSMUSG00000001687-P,7.195537753265302,7.757480713401022,7.143083004826292,7.627177427460726,7.367380084544855,7.21214237407695
ENSMUSG00000041438-P,5.347079195864581,5.660107599879281,5.371646562501183,5.30514491014857,5.647833510184462,5.0424752552067345
ENSMUSG00000029790-P,5.971794666122453,5.634163638025787,5.478719120821888,5.643122282355173,6.4829847469129565,6.020419407946366
ENSMUSG00000030703-P,0.0,0.0,2.0668374318045664,1.381684084294751,0.0,2.99040787202365
ENSMUSG00000008140-P,8.851752713036152,7.839238499794024,8.423570474082005,8.076594957665337,8.42206776884887,8.318190176216305
ENSMUSG00000035011-P,8.355133435140965,8.698897265008055,8.268058979937182,8.749973562641022,8.896805146778544,8.891128939160074
ENSMUSG00000001855-P,6.3874232372913085,5.345294605051995,5.868244811375232,5.935804743836561,5.333081156153189,4.776027546772013
ENSMUSG00000028826-P,7.640369694862379,7.793088558067178,6.8690253459961905,7.667616693468311,7.682392245411376,7.923357949918777
ENSMUSG00000007892-P,11.17737701743448,11.017418209150678,11.306367426835507,10.912189902822917,10.653527610251125,10.656505521127142
ENSMUSG00000036499-P,6.021627860853612,7.413010265791075,5.478719120821888,7.854378114391781,7.887906372756318,7.651577050672563
ENSMUSG00000000305-P,3.8313182420880993,3.1875884978886755,1.0449005473594477,3.410658846623913,2.978071989188756,2.3696596197532793
ENSMUSG00000026341-P,7.022769650539288,6.9385565553582635,6.672514331525194,6.387065528694904,6.845493036213632,7.040052337320204
ENSMUSG00000042010-P,8.185151776989322,8.03535002012705,7.958443797575334,7.392276709781935,7.611663818170686,7.600851191461097
ENSMUSG00000021431-P,5.347079195864581,6.721647112875435,5.255985743248763,6.885303785998692,6.4014710269899595,6.221839498569228
ENSMUSG00000042729-P,5.043665381412245,5.21133551557592,4.253596790705888,5.083950900083653,5.185049217143508,4.5379393841988005
ENSMUSG00000047264-P,5.946217345326749,5.829719387609735,5.868244811375232,4.822592599363206,5.434918702122314,5.159263134006526
ENSMUSG00000036478-P,3.714971891269714,4.179745383959693,2.88349271729182,4.022756145667588,4.224170896552707,4.5379393841988005
ENSMUSG00000032238-P,7.378780750422187,7.605550802986431,6.882088528746082,7.913222643741606,7.709740459793854,7.964064216043475
ENSMUSG00000039323-P,13.028660759862095,12.429508793521418,12.950684124324402,11.995609013672553,12.5247009191443,12.261022758350592
ENSMUSG00000030979-P,2.1072261594039285,4.028615856195515,3.0776820435059644,3.410658846623913,3.883488798682337,4.448964308292506
ENSMUSG00000020608-P,7.3595325616797425,7.964244300771707,6.37274768308604,8.709042953626733,8.458798497017082,8.642979552127136
ENSMUSG00000055150-P,2.7036252497054964,0.0,2.659038723635503,1.7691731579606451,0.0,2.3696596197532793
ENSMUSG00000022941-P,1.680660685039108,0.0,2.88349271729182,4.022756145667588,0.0,2.3696596197532793
ENSMUSG00000021244-P,6.514684665126092,7.326552952804208,5.610141512327783,7.86435372727292,7.482845715502133,7.471296846048657
ENSMUSG00000022463-P,7.591709415207913,6.579342982857718,6.760029771300565,7.277514957660255,7.689278054435755,7.225597970456422
ENSMUSG00000023030-P,6.881476248995693,6.55189090873659,7.3070383842294016,6.330617921309654,6.434631204278045,6.7731126614443875
ENSMUSG00000026784-P,3.449675285104147,0.9269160351229908,2.0668374318045664,2.3260509354779892,1.5682857555401204,2.99040787202365
ENSMUSG00000031027-P,3.714971891269714,4.4414684486850105,3.4017693127773,3.7913753794272904,4.146242312574113,4.776027546772013
ENSMUSG00000036641-P,5.307449543185963,6.155712582389329,5.759187964693586,6.480827361056254,6.756501792720863,6.555963629727359
ENSMUSG00000027690-P,1.0723621528571825,1.888937113351682,0.0,0.8502888279616356,1.9812250416989712,1.256646745267199
ENSMUSG00000072772-P,4.9438082645706585,3.4480132671647272,2.88349271729182,4.503175016645742,4.78317050436923,4.621744423540839
ENSMUSG00000033487-P,5.996926418439346,6.733913998053996,5.512714021628471,6.914402014547066,6.689398550647538,6.977803719707436
ENSMUSG00000029550-P,7.506773887192525,7.494578034349297,7.087775361292764,6.762660872626339,7.01949785965146,7.184848736818501
ENSMUSG00000096971-P,3.714971891269714,4.942038178517604,3.889659817380317,5.013980781063252,4.3684340633204695,4.5379393841988005
ENSMUSG00000037664-P,9.225828024944995,9.398964346698053,9.35976994880567,9.722479302907155,9.821996854471411,9.999431256520776
ENSMUSG00000106718-P,1.680660685039108,2.203147957548002,3.889659817380317,2.5403176978191047,3.147646225708344,2.713165506010181
ENSMUSG00000002455-P,8.071453197834474,7.745413416081257,7.964597585039653,8.257800284042814,7.86376205761276,7.956014328170038
ENSMUSG00000106365-P,1.680660685039108,3.1875884978886755,2.659038723635503,2.0743161096747316,0.0,1.256646745267199
ENSMUSG00000087368-P,2.1072261594039285,4.028615856195515,3.0776820435059644,4.282871356752379,0.9875105484522038,3.5987437213043223
ENSMUSG00000024335-P,9.600507941319774,8.878140240507621,8.961706926578957,9.338299089810848,9.157349941544648,9.14942727483944
ENSMUSG00000030782-P,4.9438082645706585,4.662923467500477,5.919829900154173,4.648802186528175,5.0200728362489775,4.252640047634348
ENSMUSG00000051074-P,1.680660685039108,2.6797042233767265,2.0668374318045664,2.5403176978191047,0.9875105484522038,2.713165506010181
ENSMUSG00000055447-P,8.449181940081054,8.259787316222424,8.18088860562333,8.29146196753231,8.848410102287158,8.692270228344666
ENSMUSG00000021025-P,10.228606636913684,8.680001582476054,8.551727068978229,9.209225005477537,8.675412582387592,8.848280215577807
ENSMUSG00000049739-P,2.4360270815356015,3.668538768064413,4.170853317022545,3.87269590566056,2.785877769442253,3.222863846480197
ENSMUSG00000070858-P,6.960255061028064,6.980343532312802,6.626681796745451,6.0967761409997285,6.315074436279856,6.374595070117787
ENSMUSG00000024491-P,6.783777335486467,7.285473412398336,6.017776016576882,7.314368248384675,7.401323913593947,7.085037243147694
ENSMUSG00000030079-P,5.307449543185963,4.662923467500477,4.60827290644347,4.781068004890147,4.3684340633204695,4.700947400377628
ENSMUSG00000055044-P,3.588413176024308,2.461014499836793,4.170853317022545,2.891981879899189,2.301892742392315,2.3696596197532793
ENSMUSG00000091549-P,2.7036252497054964,0.9269160351229908,0.0,1.381684084294751,1.9812250416989712,2.99040787202365
ENSMUSG00000032372-P,5.423215024556173,4.713355519152925,4.785582100135434,5.362578284149815,5.26096301051565,5.5065484011192165
ENSMUSG00000032009-P,6.549074361566092,7.234582300525569,6.920583026148906,6.825285165053963,7.164909917145757,7.471296846048657
ENSMUSG00000023967-P,6.783777335486467,7.751459681686853,6.672514331525194,6.009573000801277,6.083803214208118,6.167102195354035
ENSMUSG00000028041-P,6.139163275707383,6.080857141803789,6.65739802656506,6.0450892352812815,5.782718799196082,6.221839498569228
ENSMUSG00000031864-P,5.137055989944297,4.249760164574368,3.4017693127773,4.648802186528175,4.146242312574113,4.847392928297673
ENSMUSG00000005131-P,1.0723621528571825,2.461014499836793,3.4017693127773,3.174505208994624,3.147646225708344,1.9179260834722285
ENSMUSG00000060512-P,4.720611921530422,5.376927246712734,4.170853317022545,5.362578284149815,4.3684340633204695,4.847392928297673
ENSMUSG00000030560-P,8.30066821852193,8.167839604923346,8.373572972351074,8.159951777420632,8.0464684694433,8.172953664682863
ENSMUSG00000053012-P,5.137055989944297,6.839860740914613,6.37274768308604,7.439750214180604,7.241862895433261,7.085037243147694
ENSMUSG00000043639-P,3.588413176024308,2.461014499836793,1.0449005473594477,2.891981879899189,4.298104939536926,1.9179260834722285
ENSMUSG00000029291-P,5.564399275391578,5.6077445694465435,5.578391154308508,6.400838964194045,5.647833510184462,5.672942976976067
ENSMUSG00000058492-P,3.1243472247523707,3.037322543347878,0.0,0.0,0.9875105484522038,0.0
ENSMUSG00000020080-P,2.4360270815356015,0.9269160351229908,1.644524637198008,2.3260509354779892,1.5682857555401204,3.222863846480197
ENSMUSG00000040701-P,3.714971891269714,3.4480132671647272,3.889659817380317,4.397224232267905,3.436642487092037,3.4230107876057687
ENSMUSG00000041408-P,6.565966609460035,6.592875585147518,6.017776016576882,7.254942472704976,6.997474502504033,6.8619550407191126
ENSMUSG00000026687-P,6.549074361566092,6.001904191842039,6.496827043436045,6.544255226507444,6.529770084446827,5.672942976976067
ENSMUSG00000102687-P,2.7036252497054964,2.203147957548002,1.644524637198008,3.0401483485866754,1.5682857555401204,2.99040787202365
ENSMUSG00000026029-P,5.723423689788241,5.7352524005339065,5.701403726240479,5.471009825516781,5.975307404046377,6.050973347241968
ENSMUSG00000027706-P,10.55373859957652,10.339889239879575,10.750170885544785,10.740027635560018,10.649119786545134,10.771053934489435
ENSMUSG00000071180-P,4.779730753820537,6.61956583080594,5.173383165887978,6.286783861717844,6.619021271823814,6.350232764440913
ENSMUSG00000021254-P,3.8313182420880993,4.316533778507413,3.989605695113597,3.705195797462184,4.224170896552707,5.10205063677679
ENSMUSG00000064294-P,2.929268684986816,2.8695660282412425,3.989605695113597,4.397224232267905,4.435493525991653,3.7553763845397103
ENSMUSG00000022312-P,7.2695889600864545,7.6254403355709055,7.882475121847002,7.364430710312312,7.314918243284739,6.912747642871415
ENSMUSG00000019699-P,5.347079195864581,5.710636475970664,6.017776016576882,5.496890525893949,5.730268111645454,5.367808596147874
ENSMUSG00000020477-P,6.021627860853612,6.191732474661941,6.8155566405638615,6.162931855610215,6.4181463863879,6.274575705700078
ENSMUSG00000023341-P,4.132832161798551,0.0,0.0,0.8502888279616356,1.5682857555401204,2.3696596197532793
ENSMUSG00000103657-P,2.929268684986816,0.9269160351229908,0.0,2.3260509354779892,0.0,2.3696596197532793
ENSMUSG00000026896-P,5.893660771919597,4.028615856195515,4.728866279791471,4.977680582447654,4.83376542989838,4.776027546772013
ENSMUSG00000020248-P,5.423215024556173,5.918379035960999,4.728866279791471,5.85806032627422,6.184707347148136,5.957298958075648
ENSMUSG00000021482-P,5.597637418736228,5.407881163815295,5.039872004732743,5.837951504031949,5.367831884023063,5.9246719765045155
ENSMUSG00000023249-P,6.16156348448748,4.983725874778318,6.087104665898618,5.643122282355173,5.434918702122314,4.980333374892511
ENSMUSG00000087640-P,1.0723621528571825,1.4866706657115965,0.0,0.0,0.0,0.0
ENSMUSG00000072704-P,6.531981979840145,7.571779830936428,6.842538684127176,7.328849948936821,7.375941206785225,7.719724135517678
ENSMUSG00000020135-P,3.449675285104147,3.1875884978886755,4.083073932513149,3.5156624624613326,4.56092862000084,4.025327408372177
ENSMUSG00000031657-P,3.2961620850227487,4.662923467500477,4.840152365914312,5.214466084194152,4.619780160286661,4.847392928297673
ENSMUSG00000046947-P,4.594569219566535,3.767326996465912,4.331850957763941,4.451172027377437,3.436642487092037,4.915393872976637
ENSMUSG00000034930-P,5.307449543185963,5.710636475970664,6.37274768308604,6.009573000801277,5.590138259223642,5.633108708906212
ENSMUSG00000022561-P,8.612563578090823,7.937975467081717,8.242962807992255,8.006258305436493,8.078291862788296,7.864367833053538
ENSMUSG00000097626-P,0.0,1.888937113351682,1.644524637198008,3.87269590566056,4.146242312574113,4.700947400377628
ENSMUSG00000031583-P,4.9438082645706585,3.9466673111887647,5.295578618849955,5.5718583702669555,5.104917934158347,5.26730081503223
ENSMUSG00000044317-P,2.7036252497054964,2.8695660282412425,4.170853317022545,2.891981879899189,2.301892742392315,1.256646745267199
ENSMUSG00000001441-P,7.854872046950275,8.280842192579147,7.927274859218645,8.649716219502592,9.067715521171989,9.088137183304728
ENSMUSG00000037742-P,7.195537753265302,7.020954161743021,7.18585149362216,7.364430710312312,7.935015595025448,7.621356052574392
ENSMUSG00000001054-P,5.692990272910709,6.436540276334898,5.671619863072131,5.688748114137347,6.062746991028016,5.749456405487739
ENSMUSG00000021886-P,1.680660685039108,1.4866706657115965,2.0668374318045664,3.5156624624613326,2.5640862732757217,2.713165506010181
ENSMUSG00000031157-P,6.724827521564999,6.828465852322095,6.611074908457811,6.751954012747458,6.743328514341886,6.809308734841607
ENSMUSG00000037326-P,5.224766906985408,5.6077445694465435,5.7305851300136235,5.013980781063252,5.26096301051565,5.711706868649924
ENSMUSG00000046351-P,5.811051758636241,7.000791736613788,6.216502681343285,7.111546471002956,6.4014710269899595,6.490593004100329
ENSMUSG00000030605-P,11.006155245013495,11.108561887512703,11.311808279253317,10.261827974803856,10.494565522589472,10.23720617857846
ENSMUSG00000030108-P,1.680660685039108,4.179745383959693,2.88349271729182,3.0401483485866754,2.5640862732757217,4.025327408372177
ENSMUSG00000042349-P,2.7036252497054964,2.203147957548002,3.2488069851981782,3.297408618726716,1.5682857555401204,0.0
ENSMUSG00000037012-P,9.5355302111509,9.395107436274426,9.283056194098988,9.261116043339538,9.36941232843942,9.191174862444358
ENSMUSG00000040640-P,4.8365220755324145,3.037322543347878,3.889659817380317,4.282871356752379,4.676324781005206,4.776027546772013
ENSMUSG00000039943-P,5.564399275391578,6.645771255494283,5.894267903417416,6.952308622465345,6.95239279219562,6.7359850352559345
ENSMUSG00000056598-P,6.582663356046102,6.436540276334898,6.174646428674754,6.286783861717844,6.165083224097141,6.248448553326723
ENSMUSG00000037736-P,6.368290776116931,6.7819643831773115,5.919829900154173,7.00736405030181,7.164909917145757,7.4485265179357185
ENSMUSG00000095677-P,2.929268684986816,0.9269160351229908,2.3931131584133563,1.381684084294751,0.9875105484522038,1.256646745267199
ENSMUSG00000004098-P,0.0,2.8695660282412425,1.644524637198008,0.0,2.785877769442253,1.256646745267199
ENSMUSG00000100075-P,0.0,0.0,1.644524637198008,2.3260509354779892,1.9812250416989712,1.256646745267199
ENSMUSG00000031918-P,6.139163275707383,5.939718030230672,5.944946857524697,5.54729940335648,5.997669135225367,5.749456405487739
ENSMUSG00000035152-P,6.045913481318784,6.851166333688574,5.255985743248763,7.254942472704976,7.597092308062832,7.238929229176315
ENSMUSG00000104339-P,3.588413176024308,1.888937113351682,2.3931131584133563,4.092312020475909,2.785877769442253,1.9179260834722285
ENSMUSG00000038717-P,6.116409774256625,5.17580777936811,5.545926290761863,5.775886569943317,5.22350537382003,5.857117316594801
ENSMUSG00000019464-P,3.714971891269714,3.037322543347878,4.083073932513149,3.7913753794272904,4.146242312574113,3.5987437213043223
ENSMUSG00000038990-P,3.588413176024308,3.9466673111887647,4.669829260738149,3.705195797462184,4.730736538492143,4.354139119526331
ENSMUSG00000025437-P,6.4433437939658145,6.758139227069784,5.868244811375232,6.78383912040238,6.560138125621913,6.300238100600774
ENSMUSG00000051224-P,0.0,1.4866706657115965,1.644524637198008,1.7691731579606451,2.301892742392315,1.256646745267199
ENSMUSG00000078485-P,2.4360270815356015,0.9269160351229908,3.2488069851981782,1.7691731579606451,3.5619819391917837,2.713165506010181
ENSMUSG00000021392-P,5.597637418736228,6.041920696975281,4.785582100135434,6.0625247674531915,5.782718799196082,5.857117316594801
ENSMUSG00000021686-P,6.783777335486467,6.980343532312802,7.267763064143851,7.254942472704976,7.749814644256391,7.471296846048657
ENSMUSG00000044134-P,3.8313182420880993,4.762084009432767,4.943465455302347,4.648802186528175,4.619780160286661,3.222863846480197
ENSMUSG00000024975-P,6.82646090451578,7.098898912626173,6.788060331245916,7.4128140749985265,7.589750988090875,7.291055508776876
ENSMUSG00000002844-P,7.310257662816774,6.862384019298687,6.5632149304091545,6.855606562888967,6.857769533194927,6.020419407946366
ENSMUSG00000029270-P,6.045913481318784,5.7352524005339065,6.109493120358433,6.387065528694904,6.315074436279856,6.274575705700078
ENSMUSG00000029684-P,7.453303833725307,7.117744436944952,5.759187964693586,7.844333043909637,7.81422632691213,7.923357949918777
ENSMUSG00000017697-P,2.1072261594039285,0.9269160351229908,2.659038723635503,0.0,0.0,0.0
ENSMUSG00000022812-P,7.827114607849546,8.069630436213552,7.0990078146874165,8.398312330667443,8.518011697343276,8.721056025782945
ENSMUSG00000053749-P,0.0,0.9269160351229908,3.2488069851981782,0.0,0.9875105484522038,1.9179260834722285
ENSMUSG00000025323-P,5.459827368535989,5.918379035960999,4.785582100135434,5.85806032627422,5.997669135225367,5.891290019019173
ENSMUSG00000034863-P,5.347079195864581,5.102014708421716,5.701403726240479,5.214466084194152,5.367831884023063,5.461768057669626
ENSMUSG00000068762-P,2.7036252497054964,1.4866706657115965,2.88349271729182,1.7691731579606451,2.978071989188756,3.4230107876057687
ENSMUSG00000068335-P,4.994600610353493,5.660107599879281,5.919829900154173,4.977680582447654,5.833329293702817,5.10205063677679
ENSMUSG00000021215-P,3.714971891269714,3.1875884978886755,3.540057190346136,3.7913753794272904,3.784073490652618,4.1434560588218705
ENSMUSG00000085197-P,1.0723621528571825,0.0,0.0,1.381684084294751,2.301892742392315,0.0
ENSMUSG00000091007-P,0.0,1.4866706657115965,2.3931131584133563,1.381684084294751,1.9812250416989712,2.3696596197532793
ENSMUSG00000028133-P,1.0723621528571825,3.3236691687308055,3.540057190346136,2.3260509354779892,3.883488798682337,3.5987437213043223
ENSMUSG00000031112-P,4.303696860985152,4.4414684486850105,3.7822711559702658,3.7913753794272904,4.619780160286661,4.1434560588218705
ENSMUSG00000028700-P,8.93862657440166,8.953506631459579,9.12170501746017,8.32435611428365,8.696071188036777,8.6678353862637
ENSMUSG00000032018-P,6.3093222301236445,6.390789667456393,6.409301076360799,6.3161540459107695,6.845493036213632,6.350232764440913
ENSMUSG00000030304-P,7.279864117263825,7.775394489721295,7.24771703266975,8.155896361931056,7.958005630869996,8.234145908784384
ENSMUSG00000054364-P,7.656231775787445,5.345294605051995,7.627143250218181,6.544255226507444,5.975307404046377,6.5979543869599
ENSMUSG00000029878-P,2.7036252497054964,0.0,3.0776820435059644,2.5403176978191047,1.5682857555401204,3.7553763845397103
ENSMUSG00000057181-P,4.891162234118836,4.4414684486850105,2.3931131584133563,5.496890525893949,4.619780160286661,4.915393872976637
ENSMUSG00000050321-P,4.039158644825996,1.888937113351682,2.88349271729182,1.381684084294751,2.785877769442253,4.025327408372177
ENSMUSG00000021957-P,9.369861875292283,9.25955479662569,9.048275399374305,8.744582778038536,9.35216061658265,9.251614973808184
ENSMUSG00000030265-P,6.7097058591098095,7.5301826677412125,6.546902157039615,7.48571118884169,7.426267748649455,7.471296846048657
ENSMUSG00000052566-P,4.9438082645706585,4.316533778507413,5.173383165887978,5.083950900083653,4.676324781005206,5.10205063677679
ENSMUSG00000030256-P,4.303696860985152,4.179745383959693,4.943465455302347,4.940443394064977,4.882645958734499,5.461768057669626
ENSMUSG00000022361-P,6.247840314815037,6.7819643831773115,6.37274768308604,7.016339102765241,7.203899426957918,7.024740167738741
ENSMUSG00000028383-P,6.73979232841196,6.645771255494283,6.236984059880915,6.441387448538115,6.820622128785795,6.490593004100329
ENSMUSG00000017221-P,8.407617042257675,8.540312157575462,9.00414749557269,8.127184701571544,8.232382574655139,8.330696293782582
ENSMUSG00000021481-P,4.891162234118836,4.380353079586573,4.543972575687705,4.451172027377437,4.224170896552707,4.776027546772013
ENSMUSG00000020752-P,4.594569219566535,3.4480132671647272,4.083073932513149,4.553368554348876,4.619780160286661,4.025327408372177
ENSMUSG00000041642-P,2.929268684986816,1.888937113351682,2.88349271729182,3.410658846623913,2.785877769442253,1.9179260834722285
ENSMUSG00000031147-P,2.7036252497054964,2.203147957548002,3.540057190346136,1.7691731579606451,3.2993686457991767,2.713165506010181
ENSMUSG00000038084-P,6.647582562884117,6.862384019298687,6.842538684127176,6.55661290465285,6.661658239426168,6.194730429945663
ENSMUSG00000066113-P,7.640369694862379,7.751459681686853,6.642121657010994,7.48571118884169,7.008528205166074,7.238929229176315
ENSMUSG00000051043-P,8.12942226865719,8.040297375578769,7.373297928382081,7.350303532424038,7.633248791840027,7.341363895940468
ENSMUSG00000042797-P,6.021627860853612,6.041920696975281,6.19572634422963,6.113601637931112,6.2040681132011395,6.020419407946366
ENSMUSG00000028030-P,4.132832161798551,4.610664411920954,4.406077991232827,4.694251536510696,4.56092862000084,4.776027546772013
ENSMUSG00000028484-P,6.461512458635819,7.894924357364677,6.109493120358433,8.118875313286246,8.144924902089238,8.158995575158547
ENSMUSG00000045817-P,2.4360270815356015,1.4866706657115965,1.644524637198008,2.891981879899189,2.785877769442253,2.3696596197532793
ENSMUSG00000031808-P,7.010481565702379,6.917200246887342,6.842538684127176,7.111546471002956,7.223006030218317,6.912747642871415
ENSMUSG00000021676-P,7.330170030190688,7.670809881824164,7.400789044773967,8.159951777420632,8.409613398978037,8.576275924851052
ENSMUSG00000027523-P,11.40095586827136,11.381366192517817,11.661117806705416,11.52920188495786,11.821192815095117,11.800169233578554
ENSMUSG00000037716-P,0.0,2.461014499836793,3.989605695113597,3.705195797462184,3.677297157552445,3.222863846480197
ENSMUSG00000070319-P,7.227740493958753,6.805402466164583,7.717369021323715,6.825285165053963,6.92931241817933,7.009263736142881
ENSMUSG00000024472-P,6.0932916571563975,6.311158980409005,5.841743683213001,5.471009825516781,5.857983954661776,5.891290019019173
ENSMUSG00000007476-P,8.157556101260738,6.770100986655095,7.571782173480742,7.419595404786818,7.426267748649455,7.303798025795707
ENSMUSG00000041308-P,6.694424017978742,7.551131165295002,6.041257694906058,7.661908593146774,7.574955317169453,7.600851191461097
ENSMUSG00000033436-P,8.118013299002794,8.098378958470615,8.042296089806664,7.978972096267818,8.03028960336484,7.906748311831864
ENSMUSG00000034579-P,2.1072261594039285,0.0,0.0,2.0743161096747316,0.9875105484522038,0.0
ENSMUSG00000038545-P,5.224766906985408,5.8066761929904,5.944946857524697,5.596006258431614,5.730268111645454,6.350232764440913
ENSMUSG00000042831-P,5.385649294638699,6.862384019298687,6.277094630689882,6.009573000801277,6.041378893527714,5.549980533610538
ENSMUSG00000030217-P,2.1072261594039285,2.203147957548002,1.644524637198008,3.174505208994624,0.0,2.713165506010181
ENSMUSG00000065799-P,0.0,2.203147957548002,0.0,3.5156624624613326,0.9875105484522038,1.9179260834722285
ENSMUSG00000022085-P,0.0,2.461014499836793,2.659038723635503,2.0743161096747316,2.785877769442253,1.256646745267199
ENSMUSG00000029840-P,7.671921351921786,7.827838676000046,7.875960065831572,7.854378114391781,7.940797541103858,8.019189794511593
ENSMUSG00000105970-P,0.0,2.461014499836793,1.0449005473594477,0.0,0.0,3.5987437213043223
ENSMUSG00000021904-P,2.4360270815356015,3.9466673111887647,3.540057190346136,3.613539375051084,2.785877769442253,3.4230107876057687
ENSMUSG00000105607-P,2.929268684986816,3.037322543347878,1.644524637198008,3.87269590566056,0.0,1.256646745267199
ENSMUSG00000033502-P,2.4360270815356015,2.461014499836793,1.644524637198008,1.7691731579606451,2.978071989188756,4.252640047634348
ENSMUSG00000090877-P,1.0723621528571825,3.3236691687308055,0.0,4.8629553682010584,3.147646225708344,2.3696596197532793
ENSMUSG00000044813-P,3.8313182420880993,4.028615856195515,4.253596790705888,3.87269590566056,3.784073490652618,3.4230107876057687
ENSMUSG00000030268-P,3.588413176024308,0.0,2.0668374318045664,1.381684084294751,3.147646225708344,2.3696596197532793
ENSMUSG00000031967-P,7.128892167901669,7.494578034349297,7.316692394232792,7.00736405030181,6.905856790644351,7.252138427119792
ENSMUSG00000028977-P,1.0723621528571825,0.9269160351229908,1.644524637198008,2.3260509354779892,1.9812250416989712,2.3696596197532793
ENSMUSG00000090110-P,3.449675285104147,4.179745383959693,3.4017693127773,3.297408618726716,2.978071989188756,1.256646745267199
ENSMUSG00000048106-P,5.043665381412245,5.467865125388594,4.785582100135434,5.897456161246051,5.590138259223642,5.0424752552067345
ENSMUSG00000026563-P,5.630127004574053,6.770100986655095,5.919829900154173,5.775886569943317,5.5300392365001345,5.592143269759895
ENSMUSG00000046157-P,7.38830939132038,6.592875585147518,6.041257694906058,6.113601637931112,6.434631204278045,5.957298958075648
ENSMUSG00000047067-P,5.564399275391578,6.061520270843222,5.919829900154173,5.417812516162077,5.906064183415077,5.822115496419822
ENSMUSG00000067928-P,2.929268684986816,3.1875884978886755,0.0,3.297408618726716,3.147646225708344,3.7553763845397103
ENSMUSG00000047181-P,3.588413176024308,4.899109951823938,4.728866279791471,3.410658846623913,3.883488798682337,4.448964308292506
ENSMUSG00000038880-P,6.406305288417043,6.632728042457236,6.427236233216999,6.17900741655958,6.6045242579786025,6.3985528002142384
ENSMUSG00000034786-P,1.0723621528571825,4.106158662722397,3.666241375023308,2.5403176978191047,2.785877769442253,2.99040787202365
ENSMUSG00000053746-P,2.4360270815356015,3.767326996465912,3.2488069851981782,3.410658846623913,3.677297157552445,3.222863846480197
ENSMUSG00000032740-P,5.091116240655791,6.42145070524118,5.512714021628471,7.307072518307702,6.940898759950688,7.225597970456422
ENSMUSG00000028701-P,4.8365220755324145,5.139383001929164,5.085762338984941,5.362578284149815,5.401765208785627,5.26730081503223
ENSMUSG00000003360-P,4.720611921530422,3.859782068540047,3.2488069851981782,4.694251536510696,4.499573887818065,4.448964308292506
ENSMUSG00000032172-P,3.714971891269714,2.6797042233767265,3.0776820435059644,3.174505208994624,4.146242312574113,2.99040787202365
ENSMUSG00000041720-P,7.541350423790568,7.472785699380918,7.345272765105936,6.815034743864564,7.0411900695977465,7.184848736818501
ENSMUSG00000047371-P,6.2267499791404335,5.376927246712734,6.702279923604359,6.762660872626339,6.661658239426168,6.697876637342029
ENSMUSG00000040761-P,7.841060082978882,7.060452865103809,7.326282232161117,7.299739706011485,7.604396459936451,7.526698291546111
ENSMUSG00000085207-P,1.0723621528571825,0.0,1.644524637198008,2.0743161096747316,0.0,2.713165506010181
ENSMUSG00000024190-P,6.565966609460035,5.7352524005339065,6.595297338780084,6.400838964194045,6.782492893562912,6.300238100600774
ENSMUSG00000061838-P,6.2267499791404335,5.685593241710341,6.611074908457811,5.1829274389221895,6.297156432890818,6.050973347241968
ENSMUSG00000033453-P,4.039158644825996,4.556440986587682,4.253596790705888,3.410658846623913,2.301892742392315,3.7553763845397103
ENSMUSG00000032251-P,5.692990272910709,6.9906038622823585,4.840152365914312,6.17900741655958,6.4014710269899595,6.13893452079274
ENSMUSG00000048118-P,5.530377266023749,6.645771255494283,5.039872004732743,7.555101413503676,6.893984404468084,6.490593004100329
ENSMUSG00000020444-P,7.162599764634595,7.618840911715063,7.611541380161908,7.177043403892546,7.134960331068105,6.618500169311961
ENSMUSG00000048175-P,6.289117989184021,6.099938259092898,6.316120126028523,5.666115557722789,5.560401671877235,5.633108708906212
ENSMUSG00000049744-P,0.0,1.4866706657115965,2.3931131584133563,2.3260509354779892,0.9875105484522038,2.3696596197532793
ENSMUSG00000047989-P,5.181577911249507,5.981471861116301,6.760029771300565,6.271871465536351,5.590138259223642,5.989204359342829
ENSMUSG00000071253-P,4.594569219566535,4.249760164574368,4.728866279791471,5.013980781063252,5.297472671066822,5.10205063677679
ENSMUSG00000045302-P,5.630127004574053,6.436540276334898,6.3911401452511205,5.85806032627422,6.279013089628651,6.13893452079274
ENSMUSG00000041841-P,10.778713560261522,10.636290481823492,11.076378028835116,10.497201598450369,10.34561855150516,10.271666319807789
ENSMUSG00000070544-P,8.827441348474508,9.114631037727683,8.436910718249894,9.492582661053495,9.194123012368904,9.487697353693155
ENSMUSG00000036435-P,4.220792566333152,4.179745383959693,3.989605695113597,4.451172027377437,3.976492875004384,4.621744423540839
ENSMUSG00000039157-P,6.069797048200696,6.980343532312802,6.513712606035222,6.506534095707475,5.8082459653885605,6.638757457725568
ENSMUSG00000052534-P,8.412294943876025,8.74204791886582,8.137970525381322,8.9761101247579,8.92040719937555,8.920383382792224
ENSMUSG00000015932-P,7.162599764634595,8.557668738900167,6.131539442339836,8.841190814653325,9.169712070915647,9.128091541746
ENSMUSG00000040612-P,7.733027095406172,8.238420605737344,7.579822156035135,8.422145253717911,8.661473982036112,8.450133702006859
ENSMUSG00000067795-P,3.1243472247523707,3.767326996465912,2.659038723635503,2.726838355924407,2.785877769442253,2.713165506010181
ENSMUSG00000021010-P,4.382094852155088,4.028615856195515,3.0776820435059644,4.6018743381215605,4.3684340633204695,4.252640047634348
ENSMUSG00000004285-P,10.13972636581522,10.251994312200193,10.306331409875968,9.799886683669738,9.914517015835155,9.887494115199631
ENSMUSG00000044927-P,3.2961620850227487,3.562485519943336,1.644524637198008,2.3260509354779892,2.785877769442253,3.7553763845397103
ENSMUSG00000027782-P,5.564399275391578,6.001904191842039,5.787234727124673,6.359117782057307,5.675838346852909,5.989204359342829
ENSMUSG00000038064-P,2.1072261594039285,3.9466673111887647,3.989605695113597,3.0401483485866754,3.883488798682337,2.99040787202365
ENSMUSG00000005575-P,7.034953955528993,7.136346958287239,6.945686988595622,6.9047676684384065,7.174756524071954,7.341363895940468
ENSMUSG00000029034-P,3.938978000974403,4.380353079586573,4.170853317022545,4.503175016645742,4.063862773336467,3.7553763845397103
ENSMUSG00000034768-P,4.220792566333152,3.767326996465912,4.785582100135434,3.705195797462184,2.978071989188756,4.1434560588218705
ENSMUSG00000017802-P,5.137055989944297,3.767326996465912,3.2488069851981782,3.613539375051084,4.435493525991653,3.4230107876057687
ENSMUSG00000032050-P,8.238808350704815,9.017624469216925,8.484795936436862,9.082492022350715,9.091301589883765,8.969193725334243
ENSMUSG00000050856-P,11.135554956901114,10.32577579159008,11.201497996945232,10.314624013841682,10.352141588857569,10.30056229017222
ENSMUSG00000028051-P,0.0,0.0,1.644524637198008,0.0,2.301892742392315,1.9179260834722285
ENSMUSG00000056952-P,6.960255061028064,5.525454328374005,6.174646428674754,6.923972448869484,6.743328514341886,6.350232764440913
ENSMUSG00000047547-P,8.550262571472434,8.020405337728043,8.572021867796906,7.89873499170425,8.25111807015118,7.590488427678029
ENSMUSG00000027598-P,4.658966616099442,4.028615856195515,4.669829260738149,6.162931855610215,5.104917934158347,5.672942976976067
ENSMUSG00000060227-P,5.753228359186448,7.225923140556413,5.944946857524697,7.717998068351463,7.749814644256391,7.802862468239965
ENSMUSG00000024576-P,8.140741722530473,8.468719170824711,7.267763064143851,8.76336305060573,8.597028080435834,8.706734920509906
ENSMUSG00000030697-P,4.527162473660295,4.028615856195515,4.331850957763941,4.022756145667588,4.224170896552707,4.1434560588218705
ENSMUSG00000024191-P,3.714971891269714,4.983725874778318,4.60827290644347,3.410658846623913,3.677297157552445,3.896656719144944
ENSMUSG00000030286-P,7.671921351921786,8.055038455056025,7.345272765105936,7.392276709781935,7.305986088709749,7.21214237407695
ENSMUSG00000031970-P,1.0723621528571825,4.106158662722397,4.253596790705888,3.0401483485866754,2.978071989188756,2.3696596197532793
ENSMUSG00000091475-P,3.2961620850227487,1.888937113351682,1.0449005473594477,2.3260509354779892,2.301892742392315,1.256646745267199
ENSMUSG00000026509-P,6.47945515792002,6.311158980409005,6.85584279829937,6.773288857304325,6.467046292478669,6.534500861155465
ENSMUSG00000035762-P,4.132832161798551,5.783258962668004,2.88349271729182,5.85806032627422,5.4673274033492225,6.080893600935071
ENSMUSG00000099689-P,3.449675285104147,4.249760164574368,2.88349271729182,3.297408618726716,3.5619819391917837,3.5987437213043223
ENSMUSG00000034377-P,5.224766906985408,6.261181647371697,5.039872004732743,6.493737984718577,7.104375803078495,6.717056660514422
ENSMUSG00000039715-P,5.530377266023749,5.496947062045408,5.408227514520033,5.30514491014857,5.499024042003715,5.891290019019173
ENSMUSG00000098113-P,1.0723621528571825,2.203147957548002,0.0,1.7691731579606451,1.9812250416989712,1.256646745267199
ENSMUSG00000007379-P,0.0,0.9269160351229908,1.644524637198008,0.0,0.0,1.256646745267199
ENSMUSG00000087083-P,1.0723621528571825,2.203147957548002,2.659038723635503,1.7691731579606451,0.9875105484522038,3.222863846480197
ENSMUSG00000023064-P,4.9438082645706585,5.139383001929164,5.841743683213001,5.775886569943317,5.499024042003715,5.461768057669626
ENSMUSG00000030554-P,7.184641766455867,7.544182075873311,6.296739331302462,7.042934040916285,7.498611520075851,7.504792344920436
ENSMUSG00000037221-P,5.530377266023749,5.8066761929904,7.1538945755956584,6.0967761409997285,5.906064183415077,5.857117316594801
ENSMUSG00000006005-P,7.407179923485969,8.45766707699741,7.445474550004294,9.425104382921852,9.253402240754676,9.225064796548274
ENSMUSG00000038608-P,1.0723621528571825,0.0,1.0449005473594477,3.613539375051084,2.978071989188756,0.0
ENSMUSG00000104682-P,1.680660685039108,0.9269160351229908,3.2488069851981782,2.726838355924407,1.5682857555401204,3.222863846480197
ENSMUSG00000022023-P,6.694424017978742,6.451473653442934,5.868244811375232,7.385365435079064,6.857769533194927,7.42539103035403
ENSMUSG00000041135-P,2.4360270815356015,3.037322543347878,4.083073932513149,3.613539375051084,3.2993686457991767,2.99040787202365
ENSMUSG00000091183-P,0.0,0.0,1.644524637198008,1.7691731579606451,1.9812250416989712,1.256646745267199
ENSMUSG00000026820-P,6.183621204184978,6.001904191842039,5.512714021628471,5.275547422615667,5.882224354039638,5.214293052212603
ENSMUSG00000030352-P,7.09437813653874,6.839860740914613,7.530896115319602,6.663312278191288,6.4181463863879,6.422119172788541
ENSMUSG00000034295-P,2.1072261594039285,2.461014499836793,1.0449005473594477,1.7691731579606451,2.301892742392315,0.0
ENSMUSG00000037646-P,5.630127004574053,5.96074599297581,6.316120126028523,6.493737984718577,6.498749040491763,7.198560098846078
ENSMUSG00000040167-P,6.021627860853612,6.041920696975281,5.4439038116594975,5.596006258431614,5.906064183415077,5.891290019019173
ENSMUSG00000077767-P,0.0,4.380353079586573,2.3931131584133563,4.503175016645742,3.436642487092037,4.700947400377628
ENSMUSG00000055239-P,7.070901359172485,7.1638085798629225,6.444951160549242,6.855606562888967,6.905856790644351,7.198560098846078
ENSMUSG00000031489-P,3.2961620850227487,1.4866706657115965,3.2488069851981782,1.381684084294751,2.301892742392315,2.99040787202365
ENSMUSG00000035093-P,7.558332820730689,7.310261230724605,6.731443787784425,7.633024329456121,7.633248791840027,7.681177958594043
ENSMUSG00000032306-P,5.723423689788241,5.759455353363163,5.512714021628471,5.3341473795355485,5.104917934158347,5.318429784139239
ENSMUSG00000043535-P,5.266700474549855,5.312952805578695,5.334113880080709,5.85806032627422,6.2040681132011395,5.989204359342829
ENSMUSG00000025869-P,5.091116240655791,5.063652716017436,5.512714021628471,4.822592599363206,4.676324781005206,4.915393872976637
ENSMUSG00000007613-P,4.039158644825996,5.496947062045408,5.085762338984941,4.6018743381215605,4.78317050436923,5.415553112632965
ENSMUSG00000049571-P,3.588413176024308,1.888937113351682,3.666241375023308,2.891981879899189,3.883488798682337,3.7553763845397103
ENSMUSG00000018983-P,4.594569219566535,3.1875884978886755,2.659038723635503,3.0401483485866754,3.5619819391917837,3.7553763845397103
ENSMUSG00000024870-P,7.279864117263825,7.443207546181093,6.296739331302462,6.605011537918345,6.675595068258722,6.791324211509572
ENSMUSG00000043487-P,3.1243472247523707,2.6797042233767265,3.4017693127773,4.1586681136641985,3.5619819391917837,4.700947400377628
ENSMUSG00000017831-P,3.2961620850227487,3.562485519943336,0.0,1.7691731579606451,3.677297157552445,2.3696596197532793
ENSMUSG00000024947-P,5.996926418439346,5.7352524005339065,6.296739331302462,5.688748114137347,5.590138259223642,5.318429784139239
ENSMUSG00000025478-P,2.929268684986816,2.461014499836793,3.2488069851981782,1.381684084294751,2.301892742392315,1.256646745267199
ENSMUSG00000028032-P,6.329247423936927,5.981471861116301,6.85584279829937,6.467800156646568,6.92931241817933,6.618500169311961
ENSMUSG00000029772-P,9.626909097646482,9.41809573210557,9.82136025334235,9.6363222832196,9.939278230770716,9.977727869775007
ENSMUSG00000075704-P,4.4564512721831075,4.610664411920954,4.331850957763941,4.451172027377437,3.883488798682337,4.980333374892511
ENSMUSG00000028599-P,2.7036252497054964,2.8695660282412425,3.4017693127773,4.503175016645742,2.301892742392315,3.4230107876057687
ENSMUSG00000059820-P,4.658966616099442,5.139383001929164,4.083073932513149,5.522315119058797,5.675838346852909,6.167102195354035
ENSMUSG00000085776-P,1.680660685039108,3.037322543347878,2.0668374318045664,1.381684084294751,0.9875105484522038,1.9179260834722285
ENSMUSG00000022426-P,4.720611921530422,5.279869321114219,3.889659817380317,4.940443394064977,4.56092862000084,4.448964308292506
ENSMUSG00000011831-P,6.139163275707383,7.1638085798629225,6.236984059880915,7.756002277584128,7.682392245411376,7.621356052574392
ENSMUSG00000064246-P,6.116409774256625,5.102014708421716,4.170853317022545,5.3341473795355485,4.9757026692765285,5.711706868649924
ENSMUSG00000004085-P,5.091116240655791,5.5534091963975545,5.295578618849955,5.522315119058797,5.185049217143508,5.549980533610538
ENSMUSG00000042686-P,5.839116970259891,6.022051183825807,4.083073932513149,6.74116709816977,6.4829847469129565,5.857117316594801
ENSMUSG00000028626-P,3.588413176024308,3.767326996465912,3.666241375023308,2.891981879899189,3.883488798682337,4.621744423540839
ENSMUSG00000068196-P,10.81890497130036,10.59401637817576,9.76782121978627,10.539840204499802,10.64115160698134,10.79944944695642
ENSMUSG00000030088-P,6.82646090451578,6.451473653442934,6.257178737709851,6.519217707550713,6.845493036213632,6.490593004100329
ENSMUSG00000058351-P,8.196043927114909,7.9326638118527235,8.201878169583976,8.054980855993998,8.057154453972288,8.227473540963008
ENSMUSG00000007739-P,7.591709415207913,7.4654478176733186,7.373297928382081,7.2008579266325885,7.682392245411376,7.238929229176315
ENSMUSG00000031590-P,5.692990272910709,6.137359682903388,5.2152755578335155,6.616861689478417,6.279013089628651,6.534500861155465
ENSMUSG00000025505-P,5.423215024556173,6.137359682903388,5.4439038116594975,6.4144821470016105,6.384600669736601,5.989204359342829
ENSMUSG00000039194-P,5.839116970259891,5.918379035960999,6.064363292374095,5.643122282355173,6.260638666402865,6.080893600935071
ENSMUSG00000028863-P,5.266700474549855,5.710636475970664,5.512714021628471,5.643122282355173,5.26096301051565,5.367808596147874
ENSMUSG00000002660-P,6.972976567839603,7.225923140556413,7.087775361292764,6.441387448538115,6.769555873199211,6.844618859895456
ENSMUSG00000048612-P,6.6789785683711616,6.155712582389329,7.1321897998874695,7.216518649530283,7.375941206785225,7.471296846048657
ENSMUSG00000005609-P,6.934470489462872,7.310261230724605,6.716935547333,7.119898055845538,6.689398550647538,7.316428979954096
ENSMUSG00000054720-P,6.549074361566092,6.022051183825807,7.076454768216542,7.042934040916285,6.869942445144929,6.977803719707436
ENSMUSG00000031246-P,7.632372771481469,8.103115172401308,7.547389842754645,8.080879189855896,8.189316358794384,8.355387922796394
ENSMUSG00000014603-P,1.680660685039108,2.461014499836793,2.3931131584133563,1.381684084294751,0.0,2.3696596197532793
ENSMUSG00000031838-P,6.934470489462872,6.565682240695157,7.514211639163342,6.875472478136167,6.467046292478669,6.445306768518016
ENSMUSG00000031922-P,4.527162473660295,5.685593241710341,4.543972575687705,5.85806032627422,5.8082459653885605,6.445306768518016
ENSMUSG00000045094-P,3.449675285104147,2.203147957548002,1.644524637198008,2.0743161096747316,2.5640862732757217,1.9179260834722285
ENSMUSG00000047141-P,3.8313182420880993,5.5534091963975545,4.170853317022545,4.73831271207171,4.3684340633204695,4.915393872976637
ENSMUSG00000032288-P,7.960850878670501,7.450659129583849,7.665425345097473,7.111546471002956,7.582372119815923,7.471296846048657
ENSMUSG00000054717-P,3.8313182420880993,3.767326996465912,3.7822711559702658,4.73831271207171,4.882645958734499,3.4230107876057687
ENSMUSG00000029438-P,4.658966616099442,4.854865093623743,4.170853317022545,5.4446563537551675,4.619780160286661,4.980333374892511
ENSMUSG00000026895-P,8.954749600550892,9.311635061710316,9.118948839094292,8.38104449521312,8.458798497017082,8.56573447484278
ENSMUSG00000038555-P,7.471348276491703,6.733913998053996,6.788060331245916,6.519217707550713,7.008528205166074,6.827071822087671
ENSMUSG00000035293-P,3.938978000974403,4.380353079586573,3.7822711559702658,3.87269590566056,3.976492875004384,4.5379393841988005
ENSMUSG00000022141-P,7.340024090360006,8.181339251850149,6.760029771300565,8.810561664310507,8.719804858336657,8.662898360223505
ENSMUSG00000024002-P,7.290066609981066,7.1638085798629225,6.716935547333,7.638847630954804,7.589750988090875,7.365875159501015
ENSMUSG00000048874-P,7.425806811481539,7.793088558067178,7.391683421482374,8.067988135924587,8.078291862788296,7.8557402668930285
ENSMUSG00000006476-P,6.47945515792002,6.261181647371697,6.257178737709851,6.493737984718577,6.104556536074967,5.891290019019173
ENSMUSG00000066357-P,9.573614626376076,9.642899886084695,10.004236312453884,9.726586639891206,9.699455797457672,9.690525318138748
ENSMUSG00000038646-P,5.091116240655791,4.762084009432767,5.039872004732743,5.150683891235962,5.703309903695489,5.318429784139239
ENSMUSG00000105729-P,1.680660685039108,0.9269160351229908,2.659038723635503,2.0743161096747316,0.9875105484522038,0.0
ENSMUSG00000041570-P,6.549074361566092,6.980343532312802,6.642121657010994,7.239695524896034,6.769555873199211,6.658734241926996
ENSMUSG00000045930-P,3.588413176024308,4.106158662722397,4.840152365914312,3.7913753794272904,3.436642487092037,4.354139119526331
ENSMUSG00000002324-P,4.779730753820537,5.024242728639026,5.610141512327783,4.648802186528175,4.298104939536926,5.7862433228761505
ENSMUSG00000030493-P,2.1072261594039285,1.4866706657115965,1.0449005473594477,4.222105922301955,2.785877769442253,3.4230107876057687
ENSMUSG00000022199-P,13.41461242543581,12.649032702749496,13.545434156580756,12.699726474193575,12.973329259755811,12.998932263192938
ENSMUSG00000052584-P,4.527162473660295,2.8695660282412425,3.666241375023308,3.0401483485866754,3.147646225708344,4.252640047634348
ENSMUSG00000027108-P,6.368290776116931,6.709275030247018,6.579345313153673,6.9334798137695675,6.350256337756722,6.7731126614443875
ENSMUSG00000023960-P,9.24168468512781,8.676828100103883,8.983083267700874,8.468661517567048,8.81417107380912,8.61257600261508
ENSMUSG00000044365-P,3.8313182420880993,4.854865093623743,4.083073932513149,4.503175016645742,4.882645958734499,5.26730081503223
ENSMUSG00000056735-P,2.4360270815356015,1.4866706657115965,0.0,2.891981879899189,3.147646225708344,2.3696596197532793
ENSMUSG00000012422-P,6.514684665126092,6.884561063915415,6.595297338780084,6.78383912040238,6.845493036213632,5.989204359342829
ENSMUSG00000062040-P,3.1243472247523707,2.8695660282412425,2.88349271729182,2.891981879899189,3.436642487092037,3.4230107876057687
ENSMUSG00000028890-P,6.47945515792002,6.436540276334898,6.19572634422963,6.519217707550713,6.575085749865443,6.350232764440913
ENSMUSG00000042129-P,4.303696860985152,3.4480132671647272,1.644524637198008,3.297408618726716,3.784073490652618,3.4230107876057687
ENSMUSG00000069631-P,4.132832161798551,4.899109951823938,4.406077991232827,5.1829274389221895,4.676324781005206,4.025327408372177
ENSMUSG00000040242-P,6.694424017978742,6.980343532312802,6.296739331302462,7.034123422400831,7.094035159175282,6.929288748155309
ENSMUSG00000039959-P,4.720611921530422,4.662923467500477,5.130237847052339,4.781068004890147,5.22350537382003,5.214293052212603
ENSMUSG00000020227-P,2.7036252497054964,0.0,0.0,2.5403176978191047,0.9875105484522038,1.9179260834722285
ENSMUSG00000020297-P,10.37836595190212,10.137770198659462,10.634318128905736,10.16123028167775,10.290081457114107,10.186504169529522
ENSMUSG00000061689-P,9.08350844819362,8.98207014656712,9.096707776542694,8.529483562161738,8.723163733242522,8.6678353862637
ENSMUSG00000040586-P,2.4360270815356015,3.767326996465912,3.989605695113597,4.648802186528175,4.78317050436923,4.776027546772013
ENSMUSG00000051435-P,7.935077049328985,8.280842192579147,6.8690253459961905,8.455523490058958,8.305907500799245,8.455853702156412
ENSMUSG00000070527-P,0.0,0.0,1.0449005473594477,3.174505208994624,2.785877769442253,1.256646745267199
ENSMUSG00000022427-P,6.47945515792002,7.070160853471522,7.297319337524607,6.531790781131416,6.6045242579786025,6.658734241926996
ENSMUSG00000020553-P,3.2961620850227487,3.562485519943336,3.0776820435059644,3.0401483485866754,3.677297157552445,3.896656719144944
ENSMUSG00000031198-P,7.369188756565237,7.5301826677412125,7.6348813662667006,7.479234302992935,7.626089623516559,7.171005810733309
ENSMUSG00000061524-P,4.039158644825996,4.556440986587682,2.3931131584133563,4.73831271207171,5.333081156153189,4.980333374892511
ENSMUSG00000030403-P,6.329247423936927,6.406201638207938,6.933189610126316,6.815034743864564,6.857769533194927,6.7359850352559345
ENSMUSG00000023931-P,3.1243472247523707,3.767326996465912,4.669829260738149,5.596006258431614,5.367831884023063,6.080893600935071
ENSMUSG00000005045-P,4.658966616099442,4.662923467500477,3.666241375023308,4.73831271207171,4.882645958734499,4.776027546772013
ENSMUSG00000089875-P,0.0,2.8695660282412425,2.0668374318045664,0.8502888279616356,2.301892742392315,1.256646745267199
ENSMUSG00000038390-P,7.217085915111962,6.721647112875435,6.257178737709851,6.3161540459107695,6.857769533194927,6.221839498569228
ENSMUSG00000002748-P,7.349811300552166,8.163311504940742,7.505796481526476,7.988124960793973,7.923381717447758,8.151965559820706
ENSMUSG00000001089-P,7.558332820730689,7.3664950991238465,7.087775361292764,7.818910047797822,7.618894751593973,7.964064216043475
ENSMUSG00000034349-P,3.2961620850227487,5.063652716017436,4.253596790705888,6.146675148673491,5.882224354039638,5.7862433228761505
ENSMUSG00000027860-P,6.069797048200696,6.696795930261391,6.087104665898618,6.441387448538115,6.869942445144929,6.5979543869599
ENSMUSG00000085890-P,0.0,0.0,2.3931131584133563,2.5403176978191047,0.9875105484522038,1.256646745267199
ENSMUSG00000001014-P,0.0,3.3236691687308055,2.0668374318045664,2.0743161096747316,0.9875105484522038,0.0
ENSMUSG00000052056-P,4.382094852155088,3.859782068540047,3.540057190346136,4.648802186528175,4.3684340633204695,4.1434560588218705
ENSMUSG00000020235-P,6.139163275707383,5.783258962668004,6.427236233216999,6.21063094000576,6.104556536074967,6.194730429945663
ENSMUSG00000071637-P,7.14021576545192,3.9466673111887647,4.253596790705888,3.87269590566056,4.3684340633204695,4.025327408372177
ENSMUSG00000097462-P,2.4360270815356015,3.1875884978886755,0.0,3.5156624624613326,2.785877769442253,2.713165506010181
ENSMUSG00000043263-P,3.449675285104147,0.0,1.644524637198008,2.5403176978191047,1.5682857555401204,0.0
ENSMUSG00000019173-P,8.652651405758988,8.431544754605612,8.35963111131546,8.261579492175715,8.518011697343276,8.26053100371866
ENSMUSG00000009076-P,4.891162234118836,5.759455353363163,6.37274768308604,5.916757867765257,5.0200728362489775,5.159263134006526
ENSMUSG00000054792-P,4.303696860985152,4.809220277953722,5.173383165887978,5.117703209624991,5.297472671066822,4.700947400377628
ENSMUSG00000020491-P,2.1072261594039285,0.9269160351229908,2.0668374318045664,1.7691731579606451,3.147646225708344,1.9179260834722285
ENSMUSG00000018570-P,0.0,0.0,2.0668374318045664,0.8502888279616356,0.0,0.0
ENSMUSG00000066800-P,1.0723621528571825,0.0,1.644524637198008,2.3260509354779892,1.5682857555401204,2.713165506010181
ENSMUSG00000028053-P,7.310257662816774,7.889451504141937,6.945686988595622,8.626457954661374,8.434415543290665,8.617687964549372
ENSMUSG00000032261-P,7.349811300552166,7.816348055654821,7.382519962486041,7.292369432611691,7.401323913593947,7.252138427119792
ENSMUSG00000029551-P,5.224766906985408,6.294691488976819,5.919829900154173,4.977680582447654,5.619274279001974,5.592143269759895
ENSMUSG00000027210-P,6.116409774256625,4.380353079586573,5.2152755578335155,4.73831271207171,5.367831884023063,6.577111774642871
ENSMUSG00000017286-P,5.459827368535989,6.375211274811811,5.7305851300136235,5.3341473795355485,6.104556536074967,5.9246719765045155
ENSMUSG00000027957-P,5.866646622125944,5.685593241710341,5.130237847052339,5.73297513495142,5.9525936024434705,5.549980533610538
ENSMUSG00000086851-P,0.0,1.888937113351682,0.0,2.0743161096747316,0.9875105484522038,1.9179260834722285
ENSMUSG00000056999-P,7.279864117263825,7.154712663745744,6.672514331525194,6.593063243718423,7.44266055301132,6.468127571031348
ENSMUSG00000102101-P,4.382094852155088,4.854865093623743,5.255985743248763,4.822592599363206,4.929924476927659,4.915393872976637
ENSMUSG00000051297-P,0.0,2.461014499836793,1.0449005473594477,2.0743161096747316,0.0,1.256646745267199
ENSMUSG00000103731-P,4.382094852155088,3.1875884978886755,3.0776820435059644,2.5403176978191047,3.147646225708344,2.713165506010181
ENSMUSG00000078486-P,0.0,1.4866706657115965,3.540057190346136,2.3260509354779892,0.0,1.9179260834722285
ENSMUSG00000003190-P,3.1243472247523707,1.888937113351682,3.0776820435059644,2.891981879899189,3.147646225708344,2.99040787202365
ENSMUSG00000051285-P,6.73979232841196,7.010908171459212,6.427236233216999,7.357384413341883,7.618894751593973,7.504792344920436
ENSMUSG00000098098-P,3.449675285104147,3.037322543347878,4.170853317022545,2.5403176978191047,2.978071989188756,3.5987437213043223
ENSMUSG00000051510-P,6.247840314815037,6.001904191842039,6.427236233216999,7.472728208405071,7.184536381766285,7.070197583915613
ENSMUSG00000037110-P,6.16156348448748,6.244130255391919,5.039872004732743,5.991481533015665,5.8082459653885605,5.857117316594801
ENSMUSG00000006281-P,4.891162234118836,4.179745383959693,4.476672173666001,5.013980781063252,4.146242312574113,5.0424752552067345
ENSMUSG00000022674-P,4.039158644825996,4.762084009432767,2.88349271729182,3.7913753794272904,1.9812250416989712,3.5987437213043223
ENSMUSG00000027770-P,6.8404126694853336,7.020954161743021,5.814746626998824,7.299739706011485,7.341387614616761,7.252138427119792
ENSMUSG00000036815-P,3.1243472247523707,1.888937113351682,2.659038723635503,2.726838355924407,3.5619819391917837,4.1434560588218705
ENSMUSG00000030677-P,3.588413176024308,3.562485519943336,3.889659817380317,4.694251536510696,2.301892742392315,3.7553763845397103
ENSMUSG00000097318-P,1.680660685039108,2.203147957548002,2.3931131584133563,2.891981879899189,3.147646225708344,3.222863846480197
ENSMUSG00000025789-P,0.0,1.4866706657115965,1.644524637198008,1.381684084294751,0.0,3.222863846480197
ENSMUSG00000025894-P,5.385649294638699,5.660107599879281,5.130237847052339,5.013980781063252,4.9757026692765285,5.318429784139239
ENSMUSG00000030801-P,4.8365220755324145,5.467865125388594,5.478719120821888,4.694251536510696,4.224170896552707,5.592143269759895
ENSMUSG00000032763-P,7.462354266180769,7.480086447708976,7.642578199073921,7.277514957660255,7.702951854528195,7.413682654734235
ENSMUSG00000038324-P,7.640369694862379,7.450659129583849,7.59576893906043,7.466192640439568,7.689278054435755,7.600851191461097
ENSMUSG00000030201-P,8.528883011609391,8.408771455857952,8.154214791071672,8.578785402418202,8.926247870564227,8.602297415429383
ENSMUSG00000033068-P,3.449675285104147,4.249760164574368,3.989605695113597,3.5156624624613326,3.976492875004384,3.896656719144944
ENSMUSG00000016018-P,7.599934293538317,7.708593825292325,6.716935547333,7.567366927265784,7.3326183401212015,7.611140050869522
ENSMUSG00000074994-P,6.754603500368547,6.884561063915415,6.37274768308604,7.712486238916691,7.094035159175282,7.070197583915613
ENSMUSG00000032560-P,5.782429735667016,6.137359682903388,6.296739331302462,6.241576125946,5.434918702122314,6.221839498569228
ENSMUSG00000022439-P,0.0,0.0,1.0449005473594477,1.381684084294751,0.9875105484522038,0.0
ENSMUSG00000045767-P,7.290066609981066,7.984920330815275,7.530896115319602,8.159951777420632,8.184450891477217,8.305574699690077
ENSMUSG00000043241-P,7.300197458770933,7.714796050499313,8.048103101073936,8.09789001613766,7.736579882071974,7.906748311831864
ENSMUSG00000015748-P,5.996926418439346,5.685593241710341,5.969634007166271,5.522315119058797,5.833329293702817,5.822115496419822
ENSMUSG00000048330-P,5.630127004574053,6.390789667456393,6.444951160549242,6.519217707550713,6.4829847469129565,6.534500861155465
ENSMUSG00000020380-P,5.043665381412245,5.874730167948002,4.253596790705888,6.45465424688125,6.782492893562912,6.422119172788541
ENSMUSG00000039145-P,7.5154960202231695,7.757480713401022,6.731443787784425,7.913222643741606,8.169755255623377,8.26053100371866
ENSMUSG00000041491-P,2.1072261594039285,2.6797042233767265,1.644524637198008,3.297408618726716,2.5640862732757217,1.256646745267199
ENSMUSG00000032459-P,5.091116240655791,4.500099726422591,5.334113880080709,4.694251536510696,4.730736538492143,4.5379393841988005
ENSMUSG00000015363-P,6.16156348448748,6.523906318276414,6.316120126028523,6.009573000801277,5.703309903695489,5.822115496419822
ENSMUSG00000027680-P,6.7097058591098095,7.389940141254915,6.131539442339836,7.6846067262279325,7.696131154380762,7.87294411143234
ENSMUSG00000035539-P,0.0,2.8695660282412425,2.3931131584133563,1.381684084294751,1.5682857555401204,3.4230107876057687
ENSMUSG00000045284-P,8.63274672632514,8.529797086868083,8.21742233949111,8.60579477309245,8.76613204517437,8.907918330861337
ENSMUSG00000033054-P,4.220792566333152,5.139383001929164,3.7822711559702658,5.362578284149815,5.730268111645454,5.415553112632965
ENSMUSG00000064338-P,5.459827368535989,6.001904191842039,4.170853317022545,5.214466084194152,5.997669135225367,5.461768057669626
ENSMUSG00000024873-P,5.630127004574053,4.4414684486850105,4.992473863270092,4.1586681136641985,3.976492875004384,4.847392928297673
ENSMUSG00000097537-P,3.1243472247523707,4.500099726422591,3.540057190346136,5.3341473795355485,5.0631190143554665,4.252640047634348
ENSMUSG00000043614-P,3.714971891269714,1.4866706657115965,4.60827290644347,3.613539375051084,4.3684340633204695,5.10205063677679
ENSMUSG00000027710-P,3.1243472247523707,3.1875884978886755,1.644524637198008,3.0401483485866754,2.978071989188756,3.5987437213043223
ENSMUSG00000007570-P,5.597637418736228,4.662923467500477,5.787234727124673,4.8629553682010584,4.882645958734499,5.415553112632965
ENSMUSG00000052951-P,2.929268684986816,0.0,3.2488069851981782,2.5403176978191047,2.785877769442253,0.0
ENSMUSG00000033021-P,5.893660771919597,5.376927246712734,5.787234727124673,5.496890525893949,6.041378893527714,4.5379393841988005
ENSMUSG00000067148-P,6.663365969133095,6.592875585147518,6.427236233216999,6.685988510200116,6.145188480444248,6.080893600935071
ENSMUSG00000013663-P,5.946217345326749,6.155712582389329,6.316120126028523,6.804710971439467,6.782492893562912,6.3985528002142384
ENSMUSG00000006800-P,5.224766906985408,5.139383001929164,5.130237847052339,4.694251536510696,4.730736538492143,4.980333374892511
ENSMUSG00000022843-P,3.1243472247523707,3.9466673111887647,3.540057190346136,4.092312020475909,3.5619819391917837,3.7553763845397103
ENSMUSG00000039899-P,5.385649294638699,2.6797042233767265,2.659038723635503,3.613539375051084,2.5640862732757217,3.222863846480197
ENSMUSG00000042557-P,6.183621204184978,5.7352524005339065,5.085762338984941,6.2568033162489805,6.297156432890818,5.822115496419822
ENSMUSG00000038884-P,3.2961620850227487,2.8695660282412425,2.659038723635503,4.341180497371334,2.978071989188756,3.4230107876057687
ENSMUSG00000035692-P,7.407179923485969,1.4866706657115965,2.659038723635503,4.092312020475909,3.5619819391917837,1.256646745267199
ENSMUSG00000063801-P,5.996926418439346,5.376927246712734,6.174646428674754,5.897456161246051,5.703309903695489,5.711706868649924
ENSMUSG00000059456-P,7.320248200543911,6.733913998053996,7.603676713773029,7.144666592557083,7.030384734462175,7.128661778450114
ENSMUSG00000031637-P,1.0723621528571825,0.0,1.0449005473594477,1.381684084294751,2.785877769442253,2.3696596197532793
ENSMUSG00000036202-P,5.971794666122453,7.26025224302032,5.814746626998824,7.555101413503676,7.008528205166074,7.198560098846078
ENSMUSG00000043411-P,8.206854458820754,8.255539214906904,7.760450490479172,8.085150737235267,7.6685212406627405,8.03456067361604
ENSMUSG00000017670-P,6.6789785683711616,7.145559035562384,6.958077037321802,6.804710971439467,7.25119969991616,6.422119172788541
ENSMUSG00000014846-P,5.839116970259891,5.896719670711514,6.427236233216999,5.619756603232332,5.647833510184462,4.980333374892511
ENSMUSG00000030611-P,5.564399275391578,5.407881163815295,5.4439038116594975,4.648802186528175,4.435493525991653,5.415553112632965
ENSMUSG00000034563-P,7.834104195433963,7.435717275112043,7.563697133762064,7.224285718886632,7.514206896341483,7.42539103035403
ENSMUSG00000010057-P,5.347079195864581,5.376927246712734,5.671619863072131,5.214466084194152,5.185049217143508,5.415553112632965
ENSMUSG00000020886-P,9.008258037360518,8.326108911946028,8.423570474082005,7.844333043909637,8.035702743243169,8.087104609840841
ENSMUSG00000018171-P,7.583437377437982,7.612211160859154,7.110153490276926,7.350303532424038,7.611663818170686,7.537527781623901
ENSMUSG00000008348-P,11.255599841739652,10.80056711313022,11.207348242965756,10.300916555734355,10.456729159515232,10.45847843192234
ENSMUSG00000042659-P,3.1243472247523707,3.562485519943336,1.0449005473594477,3.7913753794272904,4.063862773336467,3.5987437213043223
ENSMUSG00000019647-P,3.449675285104147,4.028615856195515,3.2488069851981782,5.4446563537551675,5.367831884023063,5.214293052212603
ENSMUSG00000021709-P,5.866646622125944,6.523906318276414,5.478719120821888,6.45465424688125,6.350256337756722,7.070197583915613
ENSMUSG00000086769-P,0.0,1.888937113351682,2.88349271729182,2.5403176978191047,0.9875105484522038,2.3696596197532793
ENSMUSG00000031617-P,6.348901173749178,7.480086447708976,4.728866279791471,6.885303785998692,6.845493036213632,7.459956605074171
ENSMUSG00000071650-P,9.36504410875828,8.468719170824711,9.19157756467471,8.744582778038536,8.986188330383026,8.767791657921922
ENSMUSG00000024098-P,7.047036218960267,7.020954161743021,6.982542410636551,6.895068551189986,6.92931241817933,6.6784381842622
ENSMUSG00000046806-P,4.594569219566535,4.854865093623743,4.476672173666001,4.694251536510696,4.929924476927659,4.700947400377628
ENSMUSG00000040661-P,4.303696860985152,5.102014708421716,4.60827290644347,5.30514491014857,5.0200728362489775,5.415553112632965
ENSMUSG00000040675-P,2.4360270815356015,3.562485519943336,2.3931131584133563,1.7691731579606451,2.301892742392315,1.9179260834722285
ENSMUSG00000016487-P,5.266700474549855,5.759455353363163,4.60827290644347,6.21063094000576,5.9525936024434705,5.822115496419822
ENSMUSG00000028967-P,5.266700474549855,3.767326996465912,4.669829260738149,3.5156624624613326,3.2993686457991767,4.025327408372177
ENSMUSG00000036197-P,6.4433437939658145,6.671509158718037,6.496827043436045,6.708313826526949,6.4014710269899595,6.7546682795665705
ENSMUSG00000105302-P,2.1072261594039285,3.3236691687308055,4.170853317022545,4.1586681136641985,3.147646225708344,2.713165506010181
ENSMUSG00000028057-P,6.069797048200696,5.829719387609735,6.444951160549242,6.0625247674531915,5.782718799196082,5.822115496419822
ENSMUSG00000031513-P,7.695140356547538,7.714796050499313,7.18585149362216,7.177043403892546,7.466905716500175,7.558945898603186
ENSMUSG00000042198-P,6.73979232841196,6.709275030247018,7.445474550004294,6.773288857304325,7.145012766891616,7.009263736142881
ENSMUSG00000022751-P,3.2961620850227487,3.1875884978886755,4.331850957763941,2.891981879899189,3.5619819391917837,3.5987437213043223
ENSMUSG00000033585-P,6.2686267740055275,6.080857141803789,5.371646562501183,6.55661290465285,5.730268111645454,5.9246719765045155
ENSMUSG00000038058-P,4.382094852155088,5.063652716017436,4.728866279791471,4.397224232267905,4.619780160286661,4.354139119526331
ENSMUSG00000042745-P,8.275214826798633,8.366063185081499,8.635110803834351,8.352978721680474,8.848410102287158,8.571014827827703
ENSMUSG00000026096-P,3.938978000974403,4.249760164574368,5.334113880080709,4.6018743381215605,3.2993686457991767,4.252640047634348
ENSMUSG00000072662-P,4.779730753820537,4.809220277953722,2.88349271729182,5.596006258431614,5.756731804746928,6.167102195354035
ENSMUSG00000023764-P,5.564399275391578,5.063652716017436,6.427236233216999,5.596006258431614,5.499024042003715,5.159263134006526
ENSMUSG00000040483-P,3.714971891269714,0.0,1.0449005473594477,3.174505208994624,1.9812250416989712,3.4230107876057687
ENSMUSG00000033047-P,7.070901359172485,7.060452865103809,7.206769497318835,6.794312790415974,6.730033841174915,6.809308734841607
ENSMUSG00000032602-P,6.289117989184021,6.343540569975755,6.153253931343048,6.593063243718423,6.689398550647538,7.055203695150798
ENSMUSG00000064340-P,5.723423689788241,5.24600933394438,3.4017693127773,5.275547422615667,4.882645958734499,4.847392928297673
ENSMUSG00000019971-P,5.385649294638699,7.374352522874012,5.039872004732743,8.448909336234218,7.85766231050962,8.042185134071712
ENSMUSG00000031256-P,5.723423689788241,5.634163638025787,6.064363292374095,6.271871465536351,6.223172497289862,6.13893452079274
ENSMUSG00000023826-P,3.588413176024308,3.4480132671647272,4.60827290644347,4.451172027377437,3.976492875004384,4.252640047634348
ENSMUSG00000070643-P,5.091116240655791,4.713355519152925,5.578391154308508,3.949676189373547,3.883488798682337,5.214293052212603
ENSMUSG00000022568-P,5.137055989944297,3.9466673111887647,4.083073932513149,4.092312020475909,4.83376542989838,4.354139119526331
ENSMUSG00000024548-P,3.8313182420880993,3.3236691687308055,3.0776820435059644,4.222105922301955,4.9757026692765285,3.896656719144944
ENSMUSG00000050199-P,4.8365220755324145,5.312952805578695,5.4439038116594975,5.30514491014857,5.882224354039638,5.592143269759895
ENSMUSG00000057440-P,6.615488087556025,7.443207546181093,6.277094630689882,7.728958952677974,7.164909917145757,7.504792344920436
ENSMUSG00000022010-P,10.104028645865789,9.934885311451852,10.127283183364264,9.890537606767104,9.70286232835013,9.9536730319138
ENSMUSG00000024083-P,7.834104195433963,8.149641302898415,7.143083004826292,8.207747876514418,8.380128144721585,8.361495359950235
ENSMUSG00000072763-P,2.4360270815356015,4.500099726422591,2.3931131584133563,5.245329989706711,3.677297157552445,4.621744423540839
ENSMUSG00000030616-P,6.497177443547104,6.311158980409005,5.610141512327783,7.016339102765241,6.845493036213632,6.844618859895456
ENSMUSG00000003949-P,5.347079195864581,6.406201638207938,6.017776016576882,6.226186501495635,6.833111176152505,6.7359850352559345
ENSMUSG00000085184-P,0.0,0.0,1.644524637198008,1.381684084294751,0.0,2.3696596197532793
ENSMUSG00000066595-P,7.2695889600864545,6.155712582389329,5.039872004732743,5.711031094938873,5.333081156153189,5.7862433228761505
ENSMUSG00000046714-P,3.588413176024308,3.3236691687308055,3.540057190346136,3.7913753794272904,3.976492875004384,4.448964308292506
ENSMUSG00000004263-P,6.934470489462872,7.268708384894042,7.650234186799642,7.216518649530283,7.482845715502133,7.590488427678029
ENSMUSG00000021929-P,5.347079195864581,5.710636475970664,4.669829260738149,6.45465424688125,5.703309903695489,6.274575705700078
ENSMUSG00000074480-P,3.449675285104147,3.4480132671647272,1.644524637198008,4.022756145667588,2.978071989188756,4.5379393841988005
ENSMUSG00000000127-P,5.307449543185963,5.496947062045408,4.840152365914312,6.113601637931112,5.997669135225367,5.891290019019173
ENSMUSG00000075256-P,1.0723621528571825,2.203147957548002,3.889659817380317,3.613539375051084,3.147646225708344,1.9179260834722285
ENSMUSG00000028811-P,4.779730753820537,5.24600933394438,5.7305851300136235,5.596006258431614,4.78317050436923,5.7862433228761505
ENSMUSG00000025016-P,8.813362960282488,8.064782822796088,8.921147612750994,8.868707501510691,8.884857727388937,8.920383382792224
ENSMUSG00000034957-P,3.2961620850227487,4.610664411920954,3.4017693127773,3.5156624624613326,2.301892742392315,3.222863846480197
ENSMUSG00000025862-P,6.647582562884117,7.225923140556413,6.65739802656506,7.262505943454566,7.164909917145757,7.413682654734235
ENSMUSG00000024800-P,3.714971891269714,3.3236691687308055,4.543972575687705,4.1586681136641985,4.3684340633204695,3.896656719144944
ENSMUSG00000025104-P,4.9438082645706585,5.939718030230672,5.512714021628471,6.286783861717844,5.782718799196082,6.248448553326723
ENSMUSG00000078201-P,5.423215024556173,5.24600933394438,5.478719120821888,5.688748114137347,5.560401671877235,5.822115496419822
ENSMUSG00000042506-P,6.647582562884117,7.326552952804208,6.579345313153673,6.773288857304325,7.305986088709749,6.87908537204299
ENSMUSG00000101059-P,0.0,0.0,1.0449005473594477,2.5403176978191047,0.9875105484522038,0.0
ENSMUSG00000022629-P,6.183621204184978,6.4953681425651135,4.785582100135434,6.989244686136067,7.323795436339765,7.265227779195277
ENSMUSG00000049287-P,6.2267499791404335,5.660107599879281,5.408227514520033,5.688748114137347,5.756731804746928,5.592143269759895
ENSMUSG00000033792-P,8.791984385491414,8.772098289327745,7.018479721125385,8.494584002341147,8.43031134977948,8.292847934754425
ENSMUSG00000018707-P,9.644907853936788,9.566081333204934,9.9633357275082,9.428470269638469,9.330301763614202,9.26470905446634
ENSMUSG00000018293-P,5.996926418439346,5.981471861116301,5.545926290761863,5.666115557722789,6.450929785968784,6.350232764440913
ENSMUSG00000026547-P,6.934470489462872,6.311158980409005,6.8950344888103166,6.593063243718423,6.4181463863879,5.9246719765045155
ENSMUSG00000026527-P,1.680660685039108,2.203147957548002,2.88349271729182,3.5156624624613326,2.785877769442253,1.256646745267199
ENSMUSG00000085945-P,4.720611921530422,4.316533778507413,4.406077991232827,5.117703209624991,4.83376542989838,4.700947400377628
ENSMUSG00000071369-P,6.783777335486467,7.268708384894042,7.267763064143851,7.144666592557083,7.296998287804286,6.7359850352559345
ENSMUSG00000015970-P,6.94742037883315,6.632728042457236,5.814746626998824,6.441387448538115,6.145188480444248,6.7359850352559345
ENSMUSG00000017314-P,5.564399275391578,4.179745383959693,5.255985743248763,4.940443394064977,5.145539843359258,5.159263134006526
ENSMUSG00000051579-P,7.1174789887611105,7.181830155080111,6.882088528746082,7.343187726400538,7.375941206785225,6.945642350481263
ENSMUSG00000093606-P,2.4360270815356015,1.4866706657115965,2.3931131584133563,2.3260509354779892,2.978071989188756,2.713165506010181
ENSMUSG00000049090-P,6.461512458635819,7.26025224302032,7.373297928382081,6.762660872626339,7.154995643572326,6.618500169311961
ENSMUSG00000032307-P,4.039158644825996,5.660107599879281,3.540057190346136,5.150683891235962,5.675838346852909,5.0424752552067345
ENSMUSG00000062866-P,8.430856330148748,8.821789865914685,8.006954437980509,9.27613944921379,9.488674246242104,9.170452070778197
ENSMUSG00000041685-P,6.045913481318784,6.684207945372457,5.641208139237051,6.855606562888967,6.782492893562912,7.225597970456422
ENSMUSG00000046807-P,3.449675285104147,4.809220277953722,1.644524637198008,3.5156624624613326,4.146242312574113,3.7553763845397103
ENSMUSG00000027305-P,4.382094852155088,5.345294605051995,4.943465455302347,4.822592599363206,3.976492875004384,2.99040787202365
ENSMUSG00000031715-P,6.329247423936927,7.030930681749066,6.496827043436045,7.152829168280428,7.287954142878638,7.58005069013129
ENSMUSG00000005699-P,4.779730753820537,5.279869321114219,5.255985743248763,4.8629553682010584,5.26096301051565,5.461768057669626
ENSMUSG00000042594-P,4.891162234118836,4.942038178517604,4.840152365914312,5.04938998927252,4.499573887818065,4.354139119526331
ENSMUSG00000071652-P,5.307449543185963,5.710636475970664,5.295578618849955,5.150683891235962,5.590138259223642,4.448964308292506
ENSMUSG00000019933-P,4.039158644825996,2.8695660282412425,2.88349271729182,3.410658846623913,3.2993686457991767,3.5987437213043223
ENSMUSG00000102664-P,3.938978000974403,2.203147957548002,4.406077991232827,3.7913753794272904,1.9812250416989712,3.5987437213043223
ENSMUSG00000020219-P,8.330631112158677,8.362117184067644,7.4973319506243055,7.70139900093868,7.905753083077862,8.05731422651014
ENSMUSG00000052837-P,7.151451176712015,3.562485519943336,5.255985743248763,4.503175016645742,4.882645958734499,4.252640047634348
ENSMUSG00000022774-P,6.183621204184978,6.099938259092898,5.919829900154173,6.286783861717844,6.083803214208118,5.891290019019173
ENSMUSG00000031079-P,1.680660685039108,2.461014499836793,2.3931131584133563,3.0401483485866754,1.5682857555401204,0.0
ENSMUSG00000021149-P,5.266700474549855,6.436540276334898,5.255985743248763,6.923972448869484,6.619021271823814,7.009263736142881
ENSMUSG00000039000-P,6.289117989184021,6.137359682903388,6.37274768308604,6.241576125946,5.857983954661776,6.194730429945663
ENSMUSG00000048776-P,2.929268684986816,3.1875884978886755,3.4017693127773,3.174505208994624,4.499573887818065,2.3696596197532793
ENSMUSG00000035173-P,5.307449543185963,6.7819643831773115,5.039872004732743,6.989244686136067,7.241862895433261,6.445306768518016
ENSMUSG00000038780-P,3.1243472247523707,4.316533778507413,4.669829260738149,4.451172027377437,4.56092862000084,4.354139119526331
ENSMUSG00000026113-P,4.4564512721831075,3.4480132671647272,3.2488069851981782,4.282871356752379,4.063862773336467,4.1434560588218705
ENSMUSG00000090247-P,4.658966616099442,4.4414684486850105,2.88349271729182,4.397224232267905,4.730736538492143,4.847392928297673
ENSMUSG00000009013-P,8.596211262925035,9.03011304276228,8.326566386237062,8.327965149615432,8.458798497017082,8.450133702006859
ENSMUSG00000027349-P,5.866646622125944,4.983725874778318,5.7305851300136235,5.916757867765257,5.882224354039638,6.050973347241968
ENSMUSG00000026315-P,2.7036252497054964,3.4480132671647272,4.785582100135434,3.410658846623913,3.976492875004384,3.7553763845397103
ENSMUSG00000027646-P,5.091116240655791,5.24600933394438,5.512714021628471,4.940443394064977,5.367831884023063,5.159263134006526
ENSMUSG00000038827-P,2.929268684986816,2.203147957548002,3.0776820435059644,3.297408618726716,3.784073490652618,2.3696596197532793
ENSMUSG00000025231-P,4.039158644825996,4.316533778507413,4.669829260738149,4.022756145667588,4.224170896552707,3.7553763845397103
ENSMUSG00000020546-P,7.471348276491703,7.389940141254915,7.121213718615324,7.745245702090989,7.4507876307183665,7.881469708202607
ENSMUSG00000020330-P,1.680660685039108,0.9269160351229908,0.0,1.381684084294751,0.0,1.256646745267199
ENSMUSG00000019088-P,3.2961620850227487,3.859782068540047,2.88349271729182,4.1586681136641985,3.784073490652618,2.713165506010181
ENSMUSG00000020074-P,6.783777335486467,7.397671245768694,7.00659980650345,8.155896361931056,7.384451825862594,7.864367833053538
ENSMUSG00000037408-P,3.2961620850227487,3.4480132671647272,3.2488069851981782,3.7913753794272904,3.5619819391917837,3.7553763845397103
ENSMUSG00000023046-P,2.929268684986816,3.562485519943336,2.3931131584133563,3.7913753794272904,4.435493525991653,2.3696596197532793
ENSMUSG00000031776-P,7.369188756565237,7.450659129583849,7.0990078146874165,7.025258666158756,7.375941206785225,7.157028771327737
ENSMUSG00000020899-P,6.0932916571563975,4.854865093623743,5.578391154308508,5.275547422615667,5.619274279001974,4.847392928297673
ENSMUSG00000055022-P,10.104028645865789,10.194348861242512,9.243113338890458,10.48674575777468,10.492598681398691,10.621307498851674
ENSMUSG00000024976-P,5.307449543185963,5.634163638025787,4.406077991232827,6.146675148673491,6.041378893527714,5.957298958075648
ENSMUSG00000003199-P,7.059018135810454,6.9385565553582635,6.530402821146494,6.640273922510343,6.703071214124335,6.7359850352559345
ENSMUSG00000039450-P,5.946217345326749,5.874730167948002,6.017776016576882,5.619756603232332,5.26096301051565,5.318429784139239
ENSMUSG00000066057-P,2.929268684986816,4.028615856195515,4.406077991232827,3.705195797462184,4.435493525991653,4.5379393841988005
ENSMUSG00000041649-P,0.0,1.4866706657115965,0.0,0.0,0.9875105484522038,1.256646745267199
ENSMUSG00000042699-P,6.894908420027317,6.4662540370310495,6.153253931343048,7.119898055845538,7.647461422891008,7.024740167738741
ENSMUSG00000032348-P,8.421605487628286,8.757151343816137,9.048275399374305,8.38104449521312,8.55994043433133,8.560434724422144
ENSMUSG00000022177-P,1.680660685039108,0.9269160351229908,3.540057190346136,1.7691731579606451,1.9812250416989712,2.713165506010181
ENSMUSG00000045098-P,5.920178371212223,5.634163638025787,5.814746626998824,5.837951504031949,5.647833510184462,5.7862433228761505
ENSMUSG00000024772-P,7.74048649618877,7.098898912626173,7.869415455005379,7.077648105664101,7.5372883499556815,7.471296846048657
ENSMUSG00000021000-P,7.599934293538317,7.921981470217131,6.8690253459961905,8.028609100384278,8.129818934619555,8.227473540963008
ENSMUSG00000056938-P,7.227740493958753,7.4654478176733186,7.539166549642437,7.262505943454566,7.11464285665716,7.114266340380219
ENSMUSG00000060279-P,5.181577911249507,5.96074599297581,5.478719120821888,5.5718583702669555,5.730268111645454,5.711706868649924
ENSMUSG00000030557-P,5.996926418439346,6.209410697546557,5.130237847052339,6.616861689478417,6.498749040491763,6.5979543869599
ENSMUSG00000023118-P,5.564399275391578,5.981471861116301,5.334113880080709,5.013980781063252,5.4673274033492225,6.13893452079274
ENSMUSG00000021583-P,5.224766906985408,4.899109951823938,5.545926290761863,5.596006258431614,5.4673274033492225,5.461768057669626
ENSMUSG00000021990-P,7.3595325616797425,7.45807242291548,7.530896115319602,7.208709537984444,6.997474502504033,6.945642350481263
ENSMUSG00000029265-P,4.994600610353493,5.580832667946543,4.992473863270092,5.390459717457241,5.22350537382003,4.776027546772013
ENSMUSG00000036087-P,6.881476248995693,7.251746244360133,7.354675105516818,7.37144275951906,7.654515575326816,7.252138427119792
ENSMUSG00000031479-P,5.996926418439346,5.660107599879281,6.131539442339836,6.241576125946,6.367530700092263,6.325451983947782
ENSMUSG00000039813-P,6.497177443547104,6.671509158718037,6.933189610126316,6.45465424688125,6.95239279219562,6.717056660514422
ENSMUSG00000044617-P,3.714971891269714,2.203147957548002,2.88349271729182,2.891981879899189,1.5682857555401204,4.1434560588218705
ENSMUSG00000032796-P,1.680660685039108,4.380353079586573,3.666241375023308,3.0401483485866754,3.436642487092037,3.4230107876057687
ENSMUSG00000038135-P,3.449675285104147,2.461014499836793,0.0,2.5403176978191047,2.978071989188756,2.713165506010181
ENSMUSG00000000326-C,,6.627640855690067,6.9000625784282255,,,6.812187383856947
ENSMUSG00000000827-C,,6.354506408712426,5.885576709257968,,,6.436457459027397
ENSMUSG00000000881-C,,9.088903631563587,9.185373410370593,,,8.96730900599604
ENSMUSG00000000976-C,,4.972823382048754,5.299435004031162,,,5.132480833986183
ENSMUSG00000001128-C,,3.5996739263906603,3.442207073065027,,,3.659499454058248
ENSMUSG00000001521-C,,4.8296828663221545,3.82367468051064,,,4.550986184927251
ENSMUSG00000001666-C,,6.033717124436005,6.471324811191249,,,6.422545572628353
ENSMUSG00000001773-C,,1.987732424191134,1.0680554872113692,,,1.4126867783113457
ENSMUSG00000002228-C,,3.194853116705421,0.0,,,1.4126867783113457
ENSMUSG00000002608-C,,7.358758606605153,7.097811899742801,,,7.029688769622747
ENSMUSG00000002633-C,,2.6301094702480934,0.0,,,3.2190330748149605
ENSMUSG00000002733-C,,6.741995327236029,6.131057510928048,,,6.350899762247737
ENSMUSG00000002778-C,,8.591916975111832,8.640490166098507,,,8.46859999159206
ENSMUSG00000002820-C,,5.33275229413072,5.715356997036679,,,5.166266667433585
ENSMUSG00000002910-C,,4.341975302691646,3.442207073065027,,,4.388733841451062
ENSMUSG00000002963-C,,4.584211939071658,4.935853410223768,,,5.132480833986183
ENSMUSG00000003228-C,,4.791563079148306,4.935853410223768,,,4.601253901034637
ENSMUSG00000003282-C,,1.3121223935613218,1.0680554872113692,,,0.8727598826207578
ENSMUSG00000003382-C,,4.393785888058045,4.125079381585428,,,4.330324568503661
ENSMUSG00000003418-C,,1.6891195143635438,2.1009160241147065,,,1.4126867783113457
ENSMUSG00000003421-C,,6.049954982467728,6.301203449547498,,,6.111768566925712
ENSMUSG00000003452-C,,6.467619767178247,7.219572749518852,,,6.885012050953814
ENSMUSG00000003527-C,,4.8296828663221545,4.77180816512325,,,4.950554856354362
ENSMUSG00000003549-C,,4.972823382048754,5.684926907145686,,,5.166266667433585
ENSMUSG00000003752-C,,4.050692283249386,3.442207073065027,,,2.9353278433826433
ENSMUSG00000003970-C,,9.45175808681583,9.74943165955932,,,9.280488798700578
ENSMUSG00000004070-C,,7.936427679005297,8.230612888823616,,,8.01027205201053
ENSMUSG00000004085-C,,4.712161899715245,4.031437387137405,,,4.139408221510954
ENSMUSG00000004151-C,,7.32579613671904,7.240647917493037,,,7.694381001928989
ENSMUSG00000004268-C,,5.765279140116933,4.374267508812298,,,5.782030210611711
ENSMUSG00000004356-C,,4.938347553851586,3.707376963716697,,,3.8378021129317026
ENSMUSG00000004360-C,,7.1334830660210224,6.523848329091592,,,6.689760367659822
ENSMUSG00000004508-C,,5.4597235135574715,6.061697045822214,,,5.760072005537932
ENSMUSG00000004895-C,,3.4114162920058955,3.707376963716697,,,3.084143061959374
ENSMUSG00000004945-C,,7.794264952371413,8.121228956955077,,,7.399981443023476
ENSMUSG00000004952-C,,3.984649161581813,3.288778564963921,,,3.084143061959374
ENSMUSG00000005089-C,,11.956424374913832,12.072591586477316,,,11.859004504103607
ENSMUSG00000005699-C,,6.731966023701812,6.62348497355707,,,6.436457459027397
ENSMUSG00000005871-C,,9.07706766265069,9.322651643638071,,,9.071277383650996
ENSMUSG00000005947-C,,0.0,0.0,,,0.0
ENSMUSG00000006095-C,,7.914424791240377,8.337184980047821,,,7.996251724038281
ENSMUSG00000006241-C,,2.7933262888489865,2.696667789000302,,,2.58182735415899
ENSMUSG00000006307-C,,5.359056267457752,5.339059015308414,,,5.644969287575916
ENSMUSG00000006333-C,,8.807819495673506,8.864064682968063,,,8.764429972467722
ENSMUSG00000006642-C,,0.0,1.0680554872113692,,,1.4126867783113457
ENSMUSG00000006998-C,,8.86629789153464,8.563128843660433,,,8.685079234823098
ENSMUSG00000007038-C,,7.581757462978484,7.575257611970175,,,7.49610370982389
ENSMUSG00000007080-C,,0.8003576570276729,1.0680554872113692,,,0.0
ENSMUSG00000007610-C,,4.9030276510342405,3.5808757985520483,,,4.550986184927251
ENSMUSG00000009145-C,,1.987732424191134,1.0680554872113692,,,1.8046680709167229
ENSMUSG00000009863-C,,9.271358678072716,9.606571712677374,,,8.878378524564415
ENSMUSG00000011960-C,,7.014413063653701,6.789997302030276,,,6.746699855310175
ENSMUSG00000014158-C,,2.6301094702480934,1.0680554872113692,,,0.0
ENSMUSG00000014763-C,,6.443238745539636,6.239726061007098,,,6.244214096033418
ENSMUSG00000014776-C,,6.049954982467728,6.175511889235857,,,5.715126793932639
ENSMUSG00000015149-C,,7.86020698575914,7.790626893971552,,,7.821742467318599
ENSMUSG00000015568-C,,5.006494539162363,5.129067552291397,,,5.0260996885769
ENSMUSG00000015837-C,,9.486474451483748,9.664254429665103,,,9.326039199270992
ENSMUSG00000015981-C,,9.43639947840626,9.411289511401574,,,8.938270371361634
ENSMUSG00000016477-C,,5.222460996108933,5.299435004031162,,,4.988821691730987
ENSMUSG00000016510-C,,5.530866730368256,5.339059015308414,,,4.498903567833338
ENSMUSG00000016833-C,,6.017294423225089,6.013532026136244,,,6.076666104460603
ENSMUSG00000016933-C,,6.731966023701812,7.208918578464264,,,7.1611701893521635
ENSMUSG00000016984-C,,3.508613656214325,2.9221280948258475,,,3.659499454058248
ENSMUSG00000017491-C,,3.842736585875398,3.1170698124358824,,,1.8046680709167229
ENSMUSG00000017550-C,,4.050692283249386,3.1170698124358824,,,3.5613400039776715
ENSMUSG00000017716-C,,1.987732424191134,1.0680554872113692,,,2.7693778051683604
ENSMUSG00000018076-C,,8.331291879688143,8.46356684961357,,,8.534759436537453
ENSMUSG00000018238-C,,1.6891195143635438,2.1009160241147065,,,2.112583478009447
ENSMUSG00000018481-C,,6.920392350790864,7.026794076363859,,,7.258356397510966
ENSMUSG00000018697-C,,4.538909618475811,4.125079381585428,,,3.919317557186984
ENSMUSG00000018965-C,,10.41120664992186,10.73936841591039,,,10.37904395485012
ENSMUSG00000019039-C,,6.893650011518242,6.435215789487232,,,6.790686816780743
ENSMUSG00000019505-C,,10.50253016145633,10.53915607256065,,,10.223254343227536
ENSMUSG00000019579-C,,6.515179481655259,6.013532026136244,,,6.195960613683977
ENSMUSG00000019718-C,,2.2350113770874733,1.675007964280378,,,2.112583478009447
ENSMUSG00000019775-C,,7.536376777313529,8.241108624936349,,,7.717354051701676
ENSMUSG00000019809-C,,5.1935184652807305,5.589584943164772,,,5.4935069662257
ENSMUSG00000019848-C,,0.0,1.0680554872113692,,,0.0
ENSMUSG00000019861-C,,6.549847830756573,6.686280878431464,,,6.593707769139173
ENSMUSG00000019970-C,,6.273849295576005,6.037815527987776,,,6.450236473578326
ENSMUSG00000020114-C,,7.489522130083697,7.399005744936482,,,7.234666697859876
ENSMUSG00000020175-C,,5.006494539162363,5.377623770307308,,,5.382908125616131
ENSMUSG00000020218-C,,0.8003576570276729,1.0680554872113692,,,0.8727598826207578
ENSMUSG00000020220-C,,6.810313561399023,6.859765681046661,,,6.490801076468076
ENSMUSG00000020321-C,,10.577955200708084,10.546579476848423,,,10.455329713511292
ENSMUSG00000020453-C,,4.791563079148306,4.65107023252703,,,4.330324568503661
ENSMUSG00000020491-C,,2.446043618687812,2.9221280948258475,,,2.112583478009447
ENSMUSG00000020589-C,,8.224465729977991,8.160463691273078,,,8.014915379122932
ENSMUSG00000020592-C,,1.6891195143635438,2.429327355217106,,,1.4126867783113457
ENSMUSG00000020648-C,,2.2350113770874733,3.1170698124358824,,,2.7693778051683604
ENSMUSG00000020661-C,,7.434925183797613,7.761759314989095,,,8.014915379122932
ENSMUSG00000020687-C,,6.3281185845273855,6.340779579486233,,,6.146037193358439
ENSMUSG00000020713-C,,5.765279140116933,1.675007964280378,,,3.456011120625007
ENSMUSG00000020734-C,,7.141082272419189,6.761116995524101,,,7.1611701893521635
ENSMUSG00000020770-C,,4.972823382048754,3.82367468051064,,,4.550986184927251
ENSMUSG00000020799-C,,2.446043618687812,1.0680554872113692,,,2.112583478009447
ENSMUSG00000020805-C,,4.393785888058045,4.65107023252703,,,4.601253901034637
ENSMUSG00000020814-C,,4.443800156595397,4.213011992017143,,,4.870834569271519
ENSMUSG00000021000-C,,5.841884932627136,5.589584943164772,,,5.668736226321217
ENSMUSG00000021007-C,,6.1587736113394635,6.239726061007098,,,6.606069938158553
ENSMUSG00000021010-C,,5.94966777630464,6.435215789487232,,,6.365516394184873
ENSMUSG00000021013-C,,4.712161899715245,3.442207073065027,,,4.649828954687912
ENSMUSG00000021091-C,,4.670760070376401,5.487493535305077,,,4.4448700720759104
ENSMUSG00000021118-C,,0.0,0.0,,,0.0
ENSMUSG00000021131-C,,2.9399402873012845,2.696667789000302,,,2.112583478009447
ENSMUSG00000021188-C,,5.966873941516326,6.506552089150127,,,6.422545572628353
ENSMUSG00000021273-C,,6.405876804323094,6.435215789487232,,,6.543171763515704
ENSMUSG00000021294-C,,5.553822316388153,4.519297308313774,,,5.545781276497139
ENSMUSG00000021476-C,,9.655181208262563,9.815884687895927,,,9.644898875996333
ENSMUSG00000021495-C,,7.69966028093635,6.939264432867785,,,7.938766827679547
ENSMUSG00000021508-C,,7.760128107044544,7.977982089382854,,,7.319690650498881
ENSMUSG00000021519-C,,2.9399402873012845,0.0,,,3.2190330748149605
ENSMUSG00000021550-C,,5.133831025639021,4.374267508812298,,,4.550986184927251
ENSMUSG00000021585-C,,3.842736585875398,4.519297308313774,,,3.5613400039776715
ENSMUSG00000021661-C,,7.030868410628799,7.5246054387556915,,,7.047927526575228
ENSMUSG00000021709-C,,4.752408667901649,5.083135383946214,,,5.5198808704635
ENSMUSG00000021913-C,,7.292062900840496,7.761759314989095,,,7.304599807951858
ENSMUSG00000021943-C,,4.050692283249386,2.1009160241147065,,,3.084143061959374
ENSMUSG00000021969-C,,6.594813254615875,6.859765681046661,,,7.144316392180699
ENSMUSG00000021986-C,,7.559245546777717,7.616150306577484,,,7.319690650498881
ENSMUSG00000022199-C,,10.739977290382486,10.68562920679931,,,10.753629191817453
ENSMUSG00000022211-C,,4.288234544654291,3.5808757985520483,,,5.231553496860846
ENSMUSG00000022216-C,,6.341372827072583,6.398179748007456,,,6.076666104460603
ENSMUSG00000022223-C,,6.616781107756908,6.701561880657942,,,6.678097745620989
ENSMUSG00000022235-C,,4.288234544654291,3.5808757985520483,,,2.58182735415899
ENSMUSG00000022354-C,,9.34394343185525,9.681696941593286,,,9.327906274967546
ENSMUSG00000022371-C,,0.8003576570276729,2.9221280948258475,,,0.0
ENSMUSG00000022407-C,,4.791563079148306,4.65107023252703,,,4.4448700720759104
ENSMUSG00000022494-C,,5.983877315232928,6.197235739840798,,,5.760072005537932
ENSMUSG00000022516-C,,8.012970222989722,8.02732838300386,,,7.665140505386645
ENSMUSG00000022523-C,,7.620327340395569,7.566938119489352,,,7.676907916475314
ENSMUSG00000022604-C,,5.250834299087075,5.5223329167526565,,,5.571224886602449
ENSMUSG00000022750-C,,6.583702602377605,6.9000625784282255,,,6.7578229650016555
ENSMUSG00000022768-C,,1.987732424191134,2.1009160241147065,,,1.8046680709167229
ENSMUSG00000022801-C,,5.071567212984205,5.216764648837222,,,5.571224886602449
ENSMUSG00000022833-C,,2.2350113770874733,1.0680554872113692,,,2.9353278433826433
ENSMUSG00000022842-C,,3.5996739263906603,2.9221280948258475,,,2.9353278433826433
ENSMUSG00000022893-C,,4.393785888058045,4.58668773266516,,,4.498903567833338
ENSMUSG00000022914-C,,7.547856474388732,7.541687856922889,,,7.659220609974698
ENSMUSG00000022974-C,,5.705031388170234,5.556350768278735,,,6.022357120688298
ENSMUSG00000022983-C,,4.752408667901649,4.935853410223768,,,4.950554856354362
ENSMUSG00000023025-C,,6.273849295576005,6.239726061007098,,,6.350899762247737
ENSMUSG00000023064-C,,2.9399402873012845,2.429327355217106,,,1.4126867783113457
ENSMUSG00000023089-C,,9.868189502765134,10.032268562197247,,,10.178427660359688
ENSMUSG00000023094-C,,6.1587736113394635,6.131057510928048,,,6.490801076468076
ENSMUSG00000023755-C,,5.305959812428818,5.556350768278735,,,6.129004626450016
ENSMUSG00000024019-C,,6.049954982467728,6.6073494255969525,,,6.5812387549390765
ENSMUSG00000024038-C,,9.032818909915903,9.380763190025526,,,8.537989088477179
ENSMUSG00000024059-C,,6.902619315973454,6.859765681046661,,,7.047927526575228
ENSMUSG00000024083-C,,9.57469607455456,10.033778586476002,,,9.946553690155302
ENSMUSG00000024209-C,,0.0,0.0,,,0.0
ENSMUSG00000024220-C,,7.9709488717377,8.346935858664361,,,8.01027205201053
ENSMUSG00000024234-C,,5.507539970321911,5.129067552291397,,,5.263121410795831
ENSMUSG00000024236-C,,3.984649161581813,3.82367468051064,,,3.456011120625007
ENSMUSG00000024294-C,,7.030868410628799,7.074525576063826,,,7.210581499412753
ENSMUSG00000024349-C,,3.508613656214325,2.696667789000302,,,3.456011120625007
ENSMUSG00000024352-C,,3.6853262878543753,3.1170698124358824,,,3.919317557186984
ENSMUSG00000024378-C,,5.507539970321911,5.339059015308414,,,5.439267117509091
ENSMUSG00000024383-C,,5.039397732361058,5.45179196004185,,,5.294013345412765
ENSMUSG00000024384-C,,5.483829835510054,6.131057510928048,,,5.984981028385628
ENSMUSG00000024387-C,,7.564906543659095,7.599932052548491,,,7.71164499340708
ENSMUSG00000024423-C,,8.19920835934836,8.149362220871012,,,8.096036860138403
ENSMUSG00000024472-C,,6.08189249182748,6.321127217221583,,,6.2599464845971795
ENSMUSG00000024664-C,,5.039397732361058,5.415184431128024,,,5.946610816829285
ENSMUSG00000024665-C,,8.158602624081793,7.880646320351825,,,7.977343455660141
ENSMUSG00000024666-C,,3.9154370975961177,5.129067552291397,,,4.74233179515021
ENSMUSG00000024713-C,,4.4921385053376435,4.71270188738475,,,5.263121410795831
ENSMUSG00000024764-C,,5.41026774748383,4.65107023252703,,,6.290905752626847
ENSMUSG00000024892-C,,5.553822316388153,5.487493535305077,,,5.132480833986183
ENSMUSG00000024909-C,,2.9399402873012845,3.5808757985520483,,,3.2190330748149605
ENSMUSG00000024914-C,,8.73185110063703,9.0546235915433,,,8.3777912549398
ENSMUSG00000025027-C,,6.2030095642996015,6.239726061007098,,,6.022357120688298
ENSMUSG00000025103-C,,6.937949095591225,6.197235739840798,,,6.768860971771084
ENSMUSG00000025154-C,,1.6891195143635438,1.0680554872113692,,,0.0
ENSMUSG00000025278-C,,5.6843764208328995,5.339059015308414,,,6.244214096033418
ENSMUSG00000025317-C,,0.8003576570276729,0.0,,,2.366199903278748
ENSMUSG00000025323-C,,5.1935184652807305,4.828587901398478,,,5.294013345412765
ENSMUSG00000025352-C,,5.4597235135574715,4.58668773266516,,,4.269450378667082
ENSMUSG00000025362-C,,10.237776277083348,10.612735988148124,,,9.881937362051572
ENSMUSG00000025371-C,,5.745474798950419,5.802975869139889,,,5.737774418563194
ENSMUSG00000025429-C,,1.987732424191134,1.675007964280378,,,1.4126867783113457
ENSMUSG00000025494-C,,2.2350113770874733,1.675007964280378,,,2.9353278433826433
ENSMUSG00000025504-C,,2.446043618687812,2.696667789000302,,,2.58182735415899
ENSMUSG00000025579-C,,8.021229590021754,8.063261093454189,,,7.878896020707456
ENSMUSG00000025730-C,,6.701452872761374,7.050857216522951,,,6.746699855310175
ENSMUSG00000025777-C,,7.945135726082777,7.933374585914605,,,7.98209380619184
ENSMUSG00000025815-C,,1.3121223935613218,2.1009160241147065,,,2.9353278433826433
ENSMUSG00000025872-C,,6.731966023701812,6.506552089150127,,,6.790686816780743
ENSMUSG00000025892-C,,6.3675215065322135,6.832261867500877,,,6.606069938158553
ENSMUSG00000025909-C,,4.1743468699676285,4.77180816512325,,,4.950554856354362
ENSMUSG00000026017-C,,4.8296828663221545,4.935853410223768,,,4.950554856354362
ENSMUSG00000026088-C,,4.538909618475811,5.129067552291397,,,4.649828954687912
ENSMUSG00000026103-C,,8.915868415313629,8.984518647663835,,,9.13877624091282
ENSMUSG00000026197-C,,4.712161899715245,5.083135383946214,,,5.062438666611843
ENSMUSG00000026234-C,,9.657832372609304,9.933802138928744,,,10.143869262662417
ENSMUSG00000026295-C,,0.8003576570276729,0.0,,,0.0
ENSMUSG00000026361-C,,6.430891962051793,7.0146103046674035,,,6.9735468329366785
ENSMUSG00000026365-C,,4.23241421537003,3.82367468051064,,,3.996472480641343
ENSMUSG00000026384-C,,6.354506408712426,6.41681661149185,,,6.422545572628353
ENSMUSG00000026389-C,,4.050692283249386,3.1170698124358824,,,2.366199903278748
ENSMUSG00000026421-C,,7.927666751171395,8.436423223244418,,,8.22185872735483
ENSMUSG00000026466-C,,6.14372165690366,5.258691899999647,,,5.887071438612729
ENSMUSG00000026469-C,,7.837000731291956,7.880646320351825,,,7.821742467318599
ENSMUSG00000026490-C,,8.143548876252353,8.563128843660433,,,8.649688601686481
ENSMUSG00000026495-C,,5.41026774748383,5.8585651808694195,,,6.076666104460603
ENSMUSG00000026510-C,,4.393785888058045,3.442207073065027,,,3.8378021129317026
ENSMUSG00000026576-C,,12.27277758643297,12.34277585471873,,,12.316568220298214
ENSMUSG00000026589-C,,2.7933262888489865,2.9221280948258475,,,2.58182735415899
ENSMUSG00000026600-C,,6.24592940785711,6.360167831352448,,,5.803659210255832
ENSMUSG00000026628-C,,0.8003576570276729,0.0,,,2.366199903278748
ENSMUSG00000026678-C,,7.2783456125124335,7.389601649796575,,,7.083727551906267
ENSMUSG00000026723-C,,3.766177223083601,2.429327355217106,,,1.4126867783113457
ENSMUSG00000026765-C,,4.1743468699676285,5.622070737276084,,,5.545781276497139
ENSMUSG00000026771-C,,5.133831025639021,5.339059015308414,,,5.668736226321217
ENSMUSG00000026785-C,,2.2350113770874733,0.0,,,1.4126867783113457
ENSMUSG00000026925-C,,4.752408667901649,4.77180816512325,,,4.550986184927251
ENSMUSG00000027010-C,,8.86629789153464,9.177198118760504,,,8.402807454891015
ENSMUSG00000027109-C,,5.163983398388806,4.883217335620884,,,5.4935069662257
ENSMUSG00000027253-C,,4.584211939071658,4.4486040679813845,,,4.4448700720759104
ENSMUSG00000027291-C,,6.731966023701812,6.591031369522042,,,6.179510680772605
ENSMUSG00000027331-C,,0.0,0.0,,,2.58182735415899
ENSMUSG00000027361-C,,4.972823382048754,5.129067552291397,,,4.69682163605729
ENSMUSG00000027408-C,,1.6891195143635438,2.429327355217106,,,2.366199903278748
ENSMUSG00000027569-C,,4.288234544654291,4.213011992017143,,,4.69682163605729
ENSMUSG00000027612-C,,5.765279140116933,5.745158475495504,,,5.984981028385628
ENSMUSG00000027642-C,,7.501379222426027,7.361015874288954,,,7.092540452987477
ENSMUSG00000027737-C,,6.49159559653505,5.715356997036679,,,5.545781276497139
ENSMUSG00000027861-C,,3.194853116705421,3.931292798388528,,,2.58182735415899
ENSMUSG00000027887-C,,2.6301094702480934,2.1009160241147065,,,3.659499454058248
ENSMUSG00000028015-C,,4.584211939071658,3.288778564963921,,,4.550986184927251
ENSMUSG00000028068-C,,1.6891195143635438,1.0680554872113692,,,1.8046680709167229
ENSMUSG00000028080-C,,5.784815297975318,4.883217335620884,,,5.760072005537932
ENSMUSG00000028125-C,,1.987732424191134,0.0,,,2.366199903278748
ENSMUSG00000028180-C,,7.832314348094623,8.307530571065685,,,8.64370482842909
ENSMUSG00000028261-C,,6.354506408712426,6.846079315524949,,,6.822818690049529
ENSMUSG00000028334-C,,5.039397732361058,5.5223329167526565,,,4.4448700720759104
ENSMUSG00000028443-C,,4.341975302691646,4.2958915964377065,,,4.649828954687912
ENSMUSG00000028479-C,,5.507539970321911,5.415184431128024,,,4.950554856354362
ENSMUSG00000028494-C,,3.766177223083601,2.696667789000302,,,2.9353278433826433
ENSMUSG00000028517-C,,9.102590642160472,9.104335084216336,,,9.13451549249938
ENSMUSG00000028580-C,,7.794264952371413,8.104081841509846,,,7.938766827679547
ENSMUSG00000028639-C,,8.23515640638601,7.9203720856012465,,,7.762230996893057
ENSMUSG00000028649-C,,8.321292764828224,8.297508749683313,,,8.56989408270695
ENSMUSG00000028681-C,,2.6301094702480934,2.1009160241147065,,,0.8727598826207578
ENSMUSG00000028747-C,,1.3121223935613218,2.9221280948258475,,,2.7693778051683604
ENSMUSG00000028795-C,,5.663421437213151,5.9888327755056645,,,5.845968070577831
ENSMUSG00000028811-C,,6.72186651025223,7.026794076363859,,,6.606069938158553
ENSMUSG00000028838-C,,6.701452872761374,7.5331719310157,,,6.91513138238837
ENSMUSG00000028967-C,,5.133831025639021,3.442207073065027,,,3.996472480641343
ENSMUSG00000028995-C,,6.18841443641273,5.173582353370481,,,5.294013345412765
ENSMUSG00000029020-C,,8.427646786523164,8.588009811150359,,,8.352333610508564
ENSMUSG00000029131-C,,7.257521988304905,7.926887984075607,,,7.6109660737279565
ENSMUSG00000029276-C,,4.866821302962881,4.4486040679813845,,,4.950554856354362
ENSMUSG00000029279-C,,4.670760070376401,4.77180816512325,,,5.097884772855301
ENSMUSG00000029345-C,,6.443238745539636,6.301203449547498,,,5.9071921550146795
ENSMUSG00000029348-C,,8.367373554511191,8.390017170329365,,,8.147689687987778
ENSMUSG00000029461-C,,8.75184204863338,8.990751787359835,,,8.930918457912314
ENSMUSG00000029513-C,,3.9154370975961177,4.58668773266516,,,3.919317557186984
ENSMUSG00000029714-C,,6.538384031290001,6.061697045822214,,,6.701329465605389
ENSMUSG00000029882-C,,0.8003576570276729,0.0,,,0.0
ENSMUSG00000029916-C,,4.050692283249386,3.931292798388528,,,3.75140358505242
ENSMUSG00000030002-C,,6.0006826220173455,4.935853410223768,,,5.82496872997746
ENSMUSG00000030016-C,,7.1334830660210224,7.389601649796575,,,7.4281046143804526
ENSMUSG00000030035-C,,5.071567212984205,4.986636488921788,,,4.829259221068079
ENSMUSG00000030323-C,,6.341372827072583,6.574526629378969,,,6.379986422122188
ENSMUSG00000030433-C,,1.3121223935613218,1.0680554872113692,,,0.0
ENSMUSG00000030465-C,,8.577987166611024,8.628547650471935,,,8.658617982652643
ENSMUSG00000030522-C,,4.443800156595397,4.374267508812298,,,4.74233179515021
ENSMUSG00000030530-C,,5.94966777630464,6.321127217221583,,,5.965923481594502
ENSMUSG00000030714-C,,4.584211939071658,5.173582353370481,,,4.649828954687912
ENSMUSG00000030718-C,,10.014992278917992,10.024694641990216,,,9.962265486803922
ENSMUSG00000030733-C,,6.955294751451896,7.109315613733173,,,6.864577388925192
ENSMUSG00000030741-C,,6.066012111998842,6.239726061007098,,,5.571224886602449
ENSMUSG00000030847-C,,4.584211939071658,4.519297308313774,,,3.5613400039776715
ENSMUSG00000030942-C,,6.341372827072583,5.258691899999647,,,6.022357120688298
ENSMUSG00000031077-C,,2.9399402873012845,2.429327355217106,,,1.4126867783113457
ENSMUSG00000031095-C,,2.446043618687812,4.031437387137405,,,2.9353278433826433
ENSMUSG00000031103-C,,1.3121223935613218,2.429327355217106,,,0.8727598826207578
ENSMUSG00000031138-C,,0.0,0.0,,,0.0
ENSMUSG00000031145-C,,2.2350113770874733,3.1170698124358824,,,2.112583478009447
ENSMUSG00000031174-C,,5.039397732361058,4.031437387137405,,,4.870834569271519
ENSMUSG00000031209-C,,1.987732424191134,2.696667789000302,,,2.58182735415899
ENSMUSG00000031327-C,,6.49159559653505,7.261419642771534,,,6.822818690049529
ENSMUSG00000031328-C,,5.384889227875278,5.831038251407883,,,5.782030210611711
ENSMUSG00000031337-C,,3.307194436369124,3.5808757985520483,,,3.456011120625007
ENSMUSG00000031393-C,,7.82761269224452,7.887343710788691,,,7.848002358335808
ENSMUSG00000031429-C,,5.4352075388743915,5.745158475495504,,,5.097884772855301
ENSMUSG00000031490-C,,3.307194436369124,4.2958915964377065,,,4.069709806402361
ENSMUSG00000031563-C,,7.501379222426027,7.5331719310157,,,7.509327215045187
ENSMUSG00000031574-C,,1.3121223935613218,2.1009160241147065,,,2.58182735415899
ENSMUSG00000031604-C,,7.949470118080116,8.10982022109675,,,8.01027205201053
ENSMUSG00000031618-C,,4.443800156595397,3.82367468051064,,,2.9353278433826433
ENSMUSG00000031644-C,,6.2876091984777,6.281000674971384,,,6.179510680772605
ENSMUSG00000031665-C,,5.530866730368256,3.288778564963921,,,4.269450378667082
ENSMUSG00000031706-C,,5.983877315232928,5.035692612574602,,,6.111768566925712
ENSMUSG00000031872-C,,5.222460996108933,5.487493535305077,,,5.737774418563194
ENSMUSG00000031913-C,,7.614880088706504,7.724843095384779,,,7.509327215045187
ENSMUSG00000031954-C,,7.559245546777717,7.575257611970175,,,7.579966264568384
ENSMUSG00000031995-C,,0.0,0.0,,,0.8727598826207578
ENSMUSG00000032062-C,,1.987732424191134,1.0680554872113692,,,0.8727598826207578
ENSMUSG00000032078-C,,6.3675215065322135,7.074525576063826,,,6.40849822682691
ENSMUSG00000032089-C,,3.4114162920058955,1.675007964280378,,,2.7693778051683604
ENSMUSG00000032097-C,,8.76665554680822,8.860665401063606,,,8.56356928025006
ENSMUSG00000032193-C,,5.896782669068075,5.8585651808694195,,,6.111768566925712
ENSMUSG00000032198-C,,4.972823382048754,4.883217335620884,,,4.829259221068079
ENSMUSG00000032202-C,,1.3121223935613218,2.696667789000302,,,2.366199903278748
ENSMUSG00000032253-C,,7.32579613671904,7.6321882658120765,,,7.528937954982347
ENSMUSG00000032336-C,,10.265852865926544,10.059210096249505,,,10.187710759718856
ENSMUSG00000032342-C,,5.878714541926954,5.415184431128024,,,5.353880907569391
ENSMUSG00000032384-C,,6.049954982467728,5.938128321175317,,,5.782030210611711
ENSMUSG00000032413-C,,6.751955390291634,6.061697045822214,,,6.490801076468076
ENSMUSG00000032418-C,,5.966873941516326,6.175511889235857,,,6.05878930800938
ENSMUSG00000032436-C,,1.6891195143635438,2.9221280948258475,,,0.0
ENSMUSG00000032443-C,,2.446043618687812,2.429327355217106,,,1.8046680709167229
ENSMUSG00000032489-C,,3.508613656214325,2.429327355217106,,,3.5613400039776715
ENSMUSG00000032501-C,,7.039026231655944,7.4176320097382815,,,7.34940687634135
ENSMUSG00000032530-C,,2.6301094702480934,2.1009160241147065,,,0.8727598826207578
ENSMUSG00000032553-C,,5.598665938100884,5.216764648837222,,,5.439267117509091
ENSMUSG00000032558-C,,1.987732424191134,2.429327355217106,,,1.8046680709167229
ENSMUSG00000032563-C,,6.605838993722637,6.435215789487232,,,6.5812387549390765
ENSMUSG00000032599-C,,7.102679522846187,6.926315145912565,,,6.365516394184873
ENSMUSG00000032606-C,,7.603923491973291,8.02732838300386,,,7.873792799796941
ENSMUSG00000032727-C,,5.384889227875278,6.037815527987776,,,5.782030210611711
ENSMUSG00000032834-C,,5.1935184652807305,5.216764648837222,,,4.988821691730987
ENSMUSG00000033111-C,,5.745474798950419,5.912091782626747,,,5.737774418563194
ENSMUSG00000033453-C,,3.9154370975961177,3.288778564963921,,,3.3423824086880285
ENSMUSG00000033544-C,,0.0,1.675007964280378,,,1.8046680709167229
ENSMUSG00000033585-C,,8.081712144928607,8.051382686823013,,,7.688580122136799
ENSMUSG00000033618-C,,6.963889995435879,6.775629414411467,,,6.179510680772605
ENSMUSG00000033671-C,,6.066012111998842,6.398179748007456,,,6.040688213445052
ENSMUSG00000033706-C,,5.278660333624193,4.828587901398478,,,5.668736226321217
ENSMUSG00000033773-C,,5.006494539162363,5.173582353370481,,,5.439267117509091
ENSMUSG00000033917-C,,9.084969087970714,9.23610143775034,,,8.925996285523512
ENSMUSG00000033991-C,,4.752408667901649,4.58668773266516,,,4.330324568503661
ENSMUSG00000034042-C,,4.9030276510342405,4.986636488921788,,,5.231553496860846
ENSMUSG00000034055-C,,5.33275229413072,4.125079381585428,,,5.545781276497139
ENSMUSG00000034324-C,,3.508613656214325,3.707376963716697,,,3.3423824086880285
ENSMUSG00000034432-C,,7.501379222426027,7.724843095384779,,,7.226682892098809
ENSMUSG00000034462-C,,5.278660333624193,4.828587901398478,,,4.988821691730987
ENSMUSG00000034467-C,,2.2350113770874733,3.707376963716697,,,2.7693778051683604
ENSMUSG00000034601-C,,3.4114162920058955,3.82367468051064,,,4.330324568503661
ENSMUSG00000034731-C,,8.49145983740572,8.94333327452889,,,8.634682374912027
ENSMUSG00000034789-C,,7.730210970084021,8.235870301536899,,,8.209758999730594
ENSMUSG00000034880-C,,7.236393392022902,7.6792593792144,,,7.152767901725075
ENSMUSG00000034906-C,,1.3121223935613218,2.429327355217106,,,2.112583478009447
ENSMUSG00000035133-C,,7.678927716273914,8.187849286491886,,,8.225869523573957
ENSMUSG00000035164-C,,2.446043618687812,2.1009160241147065,,,2.112583478009447
ENSMUSG00000035211-C,,0.0,2.1009160241147065,,,0.8727598826207578
ENSMUSG00000035247-C,,8.589141752475163,8.498981756889764,,,8.395704122422792
ENSMUSG00000035284-C,,6.217458517084787,6.281000674971384,,,6.365516394184873
ENSMUSG00000035576-C,,1.3121223935613218,0.0,,,2.366199903278748
ENSMUSG00000035585-C,,7.740252439407709,7.952661216821045,,,7.2426065646640465
ENSMUSG00000035637-C,,6.0006826220173455,5.938128321175317,,,5.737774418563194
ENSMUSG00000035653-C,,7.250513448180768,7.050857216522951,,,7.0018908768523795
ENSMUSG00000035829-C,,5.133831025639021,5.715356997036679,,,5.82496872997746
ENSMUSG00000036002-C,,6.033717124436005,5.487493535305077,,,6.022357120688298
ENSMUSG00000036097-C,,5.914627309344491,5.802975869139889,,,5.571224886602449
ENSMUSG00000036120-C,,4.288234544654291,3.707376963716697,,,4.870834569271519
ENSMUSG00000036186-C,,8.54112736727531,8.476949523819775,,,7.904144813812245
ENSMUSG00000036330-C,,0.0,0.0,,,0.0
ENSMUSG00000036391-C,,5.006494539162363,4.986636488921788,,,5.199279356866284
ENSMUSG00000036442-C,,6.920392350790864,6.260510968106849,,,6.606069938158553
ENSMUSG00000036461-C,,3.766177223083601,3.82367468051064,,,4.601253901034637
ENSMUSG00000036503-C,,5.841884932627136,5.377623770307308,,,6.450236473578326
ENSMUSG00000036504-C,,7.285220559783234,7.445128126604101,,,6.90516130957689
ENSMUSG00000036550-C,,6.097599970789213,6.131057510928048,,,6.350899762247737
ENSMUSG00000036552-C,,2.9399402873012845,3.1170698124358824,,,3.996472480641343
ENSMUSG00000036632-C,,5.039397732361058,5.035692612574602,,,5.692117966029936
ENSMUSG00000036655-C,,0.0,1.675007964280378,,,2.366199903278748
ENSMUSG00000036699-C,,6.49159559653505,5.45179196004185,,,5.9071921550146795
ENSMUSG00000036850-C,,6.829253232110153,7.143286419680487,,,6.9735468329366785
ENSMUSG00000036885-C,,4.288234544654291,4.935853410223768,,,4.601253901034637
ENSMUSG00000036934-C,,4.866821302962881,5.083135383946214,,,5.32425764497948
ENSMUSG00000036985-C,,6.273849295576005,6.061697045822214,,,6.701329465605389
ENSMUSG00000037013-C,,6.0006826220173455,5.745158475495504,,,6.129004626450016
ENSMUSG00000037104-C,,6.78142953508102,6.775629414411467,,,6.712806527496721
ENSMUSG00000037119-C,,6.231764193743425,5.299435004031162,,,5.965923481594502
ENSMUSG00000037349-C,,3.9154370975961177,4.2958915964377065,,,3.919317557186984
ENSMUSG00000037416-C,,5.896782669068075,6.108305869211885,,,5.715126793932639
ENSMUSG00000037487-C,,6.526828409204541,7.038875815396829,,,6.701329465605389
ENSMUSG00000037542-C,,0.0,0.0,,,0.0
ENSMUSG00000037568-C,,3.307194436369124,2.1009160241147065,,,2.7693778051683604
ENSMUSG00000037685-C,,8.238702432883796,8.588009811150359,,,8.363299081986948
ENSMUSG00000037697-C,,7.1334830660210224,6.655224562160149,,,7.01121648019643
ENSMUSG00000037731-C,,1.987732424191134,2.1009160241147065,,,1.8046680709167229
ENSMUSG00000037784-C,,2.9399402873012845,4.125079381585428,,,3.3423824086880285
ENSMUSG00000037857-C,,7.979451629052924,8.115535866436511,,,8.15191176243418
ENSMUSG00000037904-C,,5.071567212984205,5.774356788906187,,,5.596227534610578
ENSMUSG00000038056-C,,8.077757912652027,7.853541448450854,,,7.762230996893057
ENSMUSG00000038135-C,,0.8003576570276729,0.0,,,0.0
ENSMUSG00000038146-C,,4.1743468699676285,3.707376963716697,,,5.132480833986183
ENSMUSG00000038151-C,,3.5996739263906603,1.675007964280378,,,2.58182735415899
ENSMUSG00000038188-C,,2.6301094702480934,1.0680554872113692,,,1.8046680709167229
ENSMUSG00000038214-C,,1.6891195143635438,2.696667789000302,,,0.8727598826207578
ENSMUSG00000038295-C,,3.4114162920058955,3.1170698124358824,,,2.58182735415899
ENSMUSG00000038319-C,,5.745474798950419,5.339059015308414,,,5.5198808704635
ENSMUSG00000038332-C,,6.033717124436005,5.083135383946214,,,5.866666132526671
ENSMUSG00000038365-C,,6.680746238576375,6.574526629378969,,,6.365516394184873
ENSMUSG00000038437-C,,8.290872757103607,7.709807987488906,,,8.348659853679644
ENSMUSG00000038451-C,,3.194853116705421,2.1009160241147065,,,1.4126867783113457
ENSMUSG00000038608-C,,5.507539970321911,4.125079381585428,,,4.649828954687912
ENSMUSG00000038690-C,,9.35868418179504,9.79822411705581,,,9.199183457892168
ENSMUSG00000038773-C,,3.5996739263906603,3.82367468051064,,,4.498903567833338
ENSMUSG00000038774-C,,4.866821302962881,5.258691899999647,,,5.439267117509091
ENSMUSG00000038777-C,,4.113843988412434,5.129067552291397,,,4.069709806402361
ENSMUSG00000038888-C,,4.113843988412434,4.71270188738475,,,3.75140358505242
ENSMUSG00000039096-C,,4.670760070376401,4.77180816512325,,,5.571224886602449
ENSMUSG00000039130-C,,6.3804202392219205,6.655224562160149,,,6.618327077532995
ENSMUSG00000039308-C,,4.443800156595397,4.65107023252703,,,4.649828954687912
ENSMUSG00000039313-C,,3.508613656214325,3.1170698124358824,,,3.456011120625007
ENSMUSG00000039377-C,,2.2350113770874733,0.0,,,1.8046680709167229
ENSMUSG00000039452-C,,2.2350113770874733,1.0680554872113692,,,1.4126867783113457
ENSMUSG00000039477-C,,6.341372827072583,6.832261867500877,,,6.963973705320386
ENSMUSG00000039545-C,,1.3121223935613218,0.0,,,0.0
ENSMUSG00000039585-C,,8.180892760768971,8.399418566125846,,,8.176987977918508
ENSMUSG00000039656-C,,7.039026231655944,7.219572749518852,,,7.065938582192967
ENSMUSG00000039704-C,,6.866402589012932,7.463171984540649,,,7.234666697859876
ENSMUSG00000039713-C,,7.489522130083697,7.984243472908693,,,7.34940687634135
ENSMUSG00000039835-C,,4.443800156595397,3.442207073065027,,,3.3423824086880285
ENSMUSG00000039851-C,,0.8003576570276729,2.1009160241147065,,,1.8046680709167229
ENSMUSG00000040177-C,,6.1587736113394635,5.938128321175317,,,5.946610816829285
ENSMUSG00000040209-C,,6.955294751451896,7.002322762246939,,,6.654485794000399
ENSMUSG00000040351-C,,5.278660333624193,5.377623770307308,,,5.097884772855301
ENSMUSG00000040389-C,,6.711695796947272,6.523848329091592,,,6.812187383856947
ENSMUSG00000040473-C,,4.866821302962881,4.031437387137405,,,4.550986184927251
ENSMUSG00000040488-C,,5.804090438874453,6.108305869211885,,,5.866666132526671
ENSMUSG00000040489-C,,0.0,0.0,,,0.0
ENSMUSG00000040520-C,,4.8296828663221545,4.77180816512325,,,5.353880907569391
ENSMUSG00000040532-C,,5.483829835510054,5.45179196004185,,,5.620804245090756
ENSMUSG00000040652-C,,8.238702432883796,8.904243334900842,,,8.257560696283093
ENSMUSG00000040661-C,,4.8296828663221545,4.986636488921788,,,5.32425764497948
ENSMUSG00000040760-C,,8.112961790639817,8.494602145444647,,,8.687989637100275
ENSMUSG00000040940-C,,5.966873941516326,4.986636488921788,,,6.05878930800938
ENSMUSG00000040957-C,,5.359056267457752,4.519297308313774,,,5.760072005537932
ENSMUSG00000041058-C,,5.507539970321911,5.9888327755056645,,,5.927036110922783
ENSMUSG00000041153-C,,5.1935184652807305,4.935853410223768,,,4.950554856354362
ENSMUSG00000041229-C,,6.097599970789213,4.77180816512325,,,5.5198808704635
ENSMUSG00000041361-C,,1.6891195143635438,0.0,,,0.0
ENSMUSG00000041548-C,,6.033717124436005,6.239726061007098,,,5.5198808704635
ENSMUSG00000041594-C,,4.670760070376401,4.125079381585428,,,4.4448700720759104
ENSMUSG00000041596-C,,0.0,0.0,,,0.0
ENSMUSG00000041605-C,,1.3121223935613218,2.1009160241147065,,,0.8727598826207578
ENSMUSG00000041633-C,,1.987732424191134,2.9221280948258475,,,2.366199903278748
ENSMUSG00000041649-C,,2.2350113770874733,2.1009160241147065,,,2.58182735415899
ENSMUSG00000041669-C,,0.8003576570276729,0.0,,,0.0
ENSMUSG00000041685-C,,5.278660333624193,5.5223329167526565,,,5.715126793932639
ENSMUSG00000041805-C,,0.0,0.0,,,1.8046680709167229
ENSMUSG00000041841-C,,11.269173252899783,11.373187241503036,,,11.426778039131548
ENSMUSG00000042099-C,,5.1935184652807305,3.82367468051064,,,4.330324568503661
ENSMUSG00000042249-C,,6.731966023701812,6.775629414411467,,,6.90516130957689
ENSMUSG00000042302-C,,5.745474798950419,5.9888327755056645,,,5.668736226321217
ENSMUSG00000042396-C,,5.4352075388743915,5.129067552291397,,,5.353880907569391
ENSMUSG00000042408-C,,4.288234544654291,3.707376963716697,,,3.5613400039776715
ENSMUSG00000042462-C,,5.483829835510054,6.013532026136244,,,5.353880907569391
ENSMUSG00000042496-C,,5.039397732361058,4.374267508812298,,,4.388733841451062
ENSMUSG00000042508-C,,6.0006826220173455,5.589584943164772,,,5.782030210611711
ENSMUSG00000042595-C,,5.006494539162363,4.77180816512325,,,5.439267117509091
ENSMUSG00000042670-C,,5.305959812428818,4.519297308313774,,,5.0260996885769
ENSMUSG00000042747-C,,7.305650991285314,7.399005744936482,,,7.250502973502386
ENSMUSG00000043085-C,,0.0,1.0680554872113692,,,0.8727598826207578
ENSMUSG00000043257-C,,2.2350113770874733,1.675007964280378,,,2.9353278433826433
ENSMUSG00000043298-C,,2.2350113770874733,2.429327355217106,,,3.456011120625007
ENSMUSG00000043313-C,,4.341975302691646,4.58668773266516,,,4.4448700720759104
ENSMUSG00000043372-C,,4.393785888058045,4.71270188738475,,,4.139408221510954
ENSMUSG00000043467-C,,4.443800156595397,4.519297308313774,,,4.69682163605729
ENSMUSG00000043510-C,,4.23241421537003,3.288778564963921,,,4.205894027582234
ENSMUSG00000043635-C,,0.0,1.675007964280378,,,0.0
ENSMUSG00000043857-C,,6.751955390291634,6.41681661149185,,,6.530256238016478
ENSMUSG00000043903-C,,1.6891195143635438,2.696667789000302,,,2.366199903278748
ENSMUSG00000043948-C,,2.7933262888489865,3.931292798388528,,,3.3423824086880285
ENSMUSG00000044150-C,,3.984649161581813,4.2958915964377065,,,4.550986184927251
ENSMUSG00000044162-C,,0.0,0.0,,,0.0
ENSMUSG00000044201-C,,0.0,0.0,,,0.0
ENSMUSG00000044216-C,,9.686678094302454,10.068079951682524,,,9.433994511217517
ENSMUSG00000044328-C,,1.987732424191134,2.9221280948258475,,,2.366199903278748
ENSMUSG00000044337-C,,4.1743468699676285,4.031437387137405,,,3.5613400039776715
ENSMUSG00000044550-C,,9.157949998534503,8.981391949825552,,,9.051074483020784
ENSMUSG00000044791-C,,7.047138182959842,7.575257611970175,,,7.598645966961327
ENSMUSG00000044816-C,,3.508613656214325,2.696667789000302,,,2.9353278433826433
ENSMUSG00000044927-C,,6.097599970789213,6.398179748007456,,,6.504073050895981
ENSMUSG00000045005-C,,1.3121223935613218,0.0,,,0.0
ENSMUSG00000045007-C,,7.1710850351375655,7.575257611970175,,,7.218654658359932
ENSMUSG00000045036-C,,0.8003576570276729,2.429327355217106,,,2.112583478009447
ENSMUSG00000045210-C,,6.711695796947272,6.846079315524949,,,6.689760367659822
ENSMUSG00000045790-C,,6.405876804323094,5.802975869139889,,,6.350899762247737
ENSMUSG00000045980-C,,5.642157593133574,5.173582353370481,,,5.382908125616131
ENSMUSG00000046058-C,,7.949470118080116,7.811904722226298,,,7.816432640199877
ENSMUSG00000046139-C,,5.620575647482715,4.71270188738475,,,4.139408221510954
ENSMUSG00000046157-C,,5.765279140116933,5.487493535305077,,,5.353880907569391
ENSMUSG00000046230-C,,6.72186651025223,6.926315145912565,,,7.0204821896422684
ENSMUSG00000046719-C,,5.305959812428818,6.453383268376466,,,6.350899762247737
ENSMUSG00000046916-C,,1.3121223935613218,0.0,,,0.8727598826207578
ENSMUSG00000046991-C,,2.6301094702480934,3.442207073065027,,,3.084143061959374
ENSMUSG00000047022-C,,2.9399402873012845,2.696667789000302,,,2.9353278433826433
ENSMUSG00000047139-C,,2.9399402873012845,0.0,,,3.456011120625007
ENSMUSG00000047146-C,,3.4114162920058955,4.031437387137405,,,4.139408221510954
ENSMUSG00000047260-C,,7.725163904174652,7.887343710788691,,,7.728704836091852
ENSMUSG00000047412-C,,6.273849295576005,6.506552089150127,,,6.517224042826975
ENSMUSG00000047419-C,,3.508613656214325,3.288778564963921,,,3.456011120625007
ENSMUSG00000047454-C,,6.3804202392219205,6.2186373231339225,,,6.290905752626847
ENSMUSG00000047591-C,,2.7933262888489865,1.675007964280378,,,3.2190330748149605
ENSMUSG00000047694-C,,5.33275229413072,5.715356997036679,,,5.845968070577831
ENSMUSG00000047789-C,,5.896782669068075,5.774356788906187,,,6.05878930800938
ENSMUSG00000047909-C,,4.791563079148306,4.4486040679813845,,,5.263121410795831
ENSMUSG00000048154-C,,6.771671573552533,6.1534559172761,,,6.925033027355661
ENSMUSG00000048280-C,,5.914627309344491,5.8585651808694195,,,6.05878930800938
ENSMUSG00000048537-C,,6.594813254615875,5.487493535305077,,,6.822818690049529
ENSMUSG00000048655-C,,2.6301094702480934,1.0680554872113692,,,0.8727598826207578
ENSMUSG00000048921-C,,3.5996739263906603,4.125079381585428,,,3.084143061959374
ENSMUSG00000049122-C,,4.538909618475811,4.031437387137405,,,3.659499454058248
ENSMUSG00000049124-C,,2.7933262888489865,2.1009160241147065,,,2.9353278433826433
ENSMUSG00000049230-C,,0.8003576570276729,2.9221280948258475,,,2.9353278433826433
ENSMUSG00000049553-C,,5.705031388170234,5.715356997036679,,,4.7864501193042175
ENSMUSG00000049600-C,,5.071567212984205,5.258691899999647,,,5.166266667433585
ENSMUSG00000049929-C,,3.194853116705421,2.9221280948258475,,,2.366199903278748
ENSMUSG00000050164-C,,5.33275229413072,5.173582353370481,,,5.32425764497948
ENSMUSG00000050174-C,,3.508613656214325,2.429327355217106,,,3.456011120625007
ENSMUSG00000050213-C,,5.006494539162363,4.213011992017143,,,4.601253901034637
ENSMUSG00000050315-C,,2.2350113770874733,2.429327355217106,,,2.112583478009447
ENSMUSG00000050334-C,,7.2434706946456995,6.686280878431464,,,6.854250482441044
ENSMUSG00000050423-C,,5.222460996108933,4.519297308313774,,,5.166266667433585
ENSMUSG00000050503-C,,0.8003576570276729,0.0,,,0.8727598826207578
ENSMUSG00000050538-C,,6.24592940785711,6.453383268376466,,,6.504073050895981
ENSMUSG00000050619-C,,2.6301094702480934,2.429327355217106,,,1.8046680709167229
ENSMUSG00000051029-C,,0.8003576570276729,0.0,,,0.0
ENSMUSG00000051124-C,,0.8003576570276729,1.0680554872113692,,,2.366199903278748
ENSMUSG00000051278-C,,3.766177223083601,2.1009160241147065,,,4.205894027582234
ENSMUSG00000051285-C,,6.691136704980312,7.389601649796575,,,7.407063798162063
ENSMUSG00000051346-C,,3.508613656214325,3.5808757985520483,,,3.3423824086880285
ENSMUSG00000051730-C,,4.584211939071658,4.125079381585428,,,4.69682163605729
ENSMUSG00000051790-C,,8.517967255730433,8.54206180924622,,,8.23783544127519
ENSMUSG00000052302-C,,7.447237645285227,7.097811899742801,,,7.135815080619649
ENSMUSG00000052353-C,,4.050692283249386,4.031437387137405,,,4.139408221510954
ENSMUSG00000052917-C,,5.663421437213151,5.963703291999701,,,6.244214096033418
ENSMUSG00000052957-C,,3.984649161581813,2.429327355217106,,,2.112583478009447
ENSMUSG00000053062-C,,5.071567212984205,3.707376963716697,,,4.550986184927251
ENSMUSG00000053178-C,,2.6301094702480934,1.0680554872113692,,,1.8046680709167229
ENSMUSG00000053477-C,,10.717280532716064,10.844635913354049,,,10.991299318869652
ENSMUSG00000053545-C,,1.3121223935613218,0.0,,,1.8046680709167229
ENSMUSG00000053693-C,,6.30123910330637,6.639442050785743,,,6.1628710165934075
ENSMUSG00000053861-C,,0.8003576570276729,1.675007964280378,,,1.4126867783113457
ENSMUSG00000053870-C,,3.766177223083601,3.931292798388528,,,4.4448700720759104
ENSMUSG00000053877-C,,1.987732424191134,2.1009160241147065,,,3.456011120625007
ENSMUSG00000054226-C,,6.955294751451896,7.27169442068305,,,6.983056855744785
ENSMUSG00000054237-C,,5.163983398388806,5.5223329167526565,,,5.382908125616131
ENSMUSG00000054405-C,,7.918852296404441,8.512041380317417,,,8.402807454891015
ENSMUSG00000054435-C,,1.3121223935613218,0.0,,,0.0
ENSMUSG00000054452-C,,10.005656754499975,10.08565772140117,,,9.764149881499888
ENSMUSG00000054648-C,,5.94966777630464,5.8585651808694195,,,5.466641928369365
ENSMUSG00000054693-C,,6.217458517084787,6.108305869211885,,,6.022357120688298
ENSMUSG00000054717-C,,2.6301094702480934,1.675007964280378,,,3.659499454058248
ENSMUSG00000054723-C,,4.791563079148306,3.707376963716697,,,4.950554856354362
ENSMUSG00000055024-C,,6.659738074312974,6.926315145912565,,,6.1628710165934075
ENSMUSG00000055093-C,,2.2350113770874733,0.0,,,2.112583478009447
ENSMUSG00000055302-C,,9.591433696065533,9.31024474312442,,,9.23544394955405
ENSMUSG00000055435-C,,8.19920835934836,8.287416823470332,,,8.27701989126361
ENSMUSG00000055538-C,,6.680746238576375,6.62348497355707,,,6.678097745620989
ENSMUSG00000055560-C,,4.113843988412434,2.696667789000302,,,3.8378021129317026
ENSMUSG00000055707-C,,6.659738074312974,7.026794076363859,,,6.212225093358232
ENSMUSG00000056211-C,,9.187607577145942,9.28002548371873,,,9.686239538772146
ENSMUSG00000056418-C,,0.8003576570276729,0.0,,,1.4126867783113457
ENSMUSG00000056476-C,,5.384889227875278,5.258691899999647,,,5.439267117509091
ENSMUSG00000056536-C,,3.194853116705421,3.931292798388528,,,2.112583478009447
ENSMUSG00000056602-C,,7.371735571971561,6.775629414411467,,,7.1611701893521635
ENSMUSG00000056895-C,,6.3675215065322135,6.591031369522042,,,6.436457459027397
ENSMUSG00000057440-C,,3.842736585875398,3.5808757985520483,,,3.5613400039776715
ENSMUSG00000057778-C,,5.966873941516326,5.684926907145686,,,5.411362812604818
ENSMUSG00000058183-C,,1.3121223935613218,2.696667789000302,,,3.3423824086880285
ENSMUSG00000058258-C,,0.8003576570276729,1.0680554872113692,,,0.8727598826207578
ENSMUSG00000058392-C,,5.745474798950419,5.487493535305077,,,5.382908125616131
ENSMUSG00000058603-C,,0.0,1.0680554872113692,,,0.0
ENSMUSG00000058672-C,,10.493653596785284,10.25187150322106,,,9.982556838181518
ENSMUSG00000058799-C,,8.664898482628548,8.894303087066023,,,9.021383800056055
ENSMUSG00000058806-C,,2.7933262888489865,3.1170698124358824,,,2.58182735415899
ENSMUSG00000058897-C,,5.483829835510054,5.415184431128024,,,5.466641928369365
ENSMUSG00000059325-C,,5.507539970321911,5.035692612574602,,,4.950554856354362
ENSMUSG00000059456-C,,9.511607896406783,9.992442700700218,,,9.290097792647622
ENSMUSG00000059482-C,,6.08189249182748,5.129067552291397,,,5.927036110922783
ENSMUSG00000059669-C,,4.8296828663221545,4.031437387137405,,,5.199279356866284
ENSMUSG00000059742-C,,7.434925183797613,7.873917693707882,,,7.694381001928989
ENSMUSG00000059791-C,,3.4114162920058955,1.675007964280378,,,2.58182735415899
ENSMUSG00000059975-C,,4.938347553851586,3.5808757985520483,,,5.062438666611843
ENSMUSG00000060257-C,,4.584211939071658,4.125079381585428,,,4.205894027582234
ENSMUSG00000060279-C,,6.884624595435304,7.498596468138242,,,7.972577412000016
ENSMUSG00000060445-C,,1.6891195143635438,0.0,,,2.366199903278748
ENSMUSG00000060487-C,,5.765279140116933,5.774356788906187,,,5.965923481594502
ENSMUSG00000060548-C,,6.980928366789436,6.489045968586717,,,6.555972689755225
ENSMUSG00000060743-C,,5.071567212984205,4.213011992017143,,,4.911245289649324
ENSMUSG00000060904-C,,7.156161645793706,7.002322762246939,,,6.712806527496721
ENSMUSG00000061244-C,,7.222133771886115,7.187371250611202,,,7.378523348519891
ENSMUSG00000062352-C,,5.359056267457752,5.622070737276084,,,4.7864501193042175
ENSMUSG00000062743-C,,0.8003576570276729,0.0,,,2.112583478009447
ENSMUSG00000063052-C,,5.384889227875278,5.802975869139889,,,5.9071921550146795
ENSMUSG00000063109-C,,0.0,0.0,,,0.0
ENSMUSG00000063142-C,,9.660478673986647,10.027728983163769,,,9.804937297802596
ENSMUSG00000063439-C,,5.222460996108933,5.745158475495504,,,4.69682163605729
ENSMUSG00000063661-C,,0.0,1.0680554872113692,,,1.8046680709167229
ENSMUSG00000063663-C,,4.752408667901649,4.519297308313774,,,4.74233179515021
ENSMUSG00000063696-C,,1.3121223935613218,0.0,,,0.8727598826207578
ENSMUSG00000063931-C,,5.384889227875278,4.77180816512325,,,4.69682163605729
ENSMUSG00000064032-C,,0.0,0.0,,,0.8727598826207578
ENSMUSG00000064138-C,,5.784815297975318,6.281000674971384,,,6.05878930800938
ENSMUSG00000064442-C,,0.0,0.0,,,0.8727598826207578
ENSMUSG00000066042-C,,3.9154370975961177,2.429327355217106,,,2.366199903278748
ENSMUSG00000066057-C,,6.430891962051793,6.731646724090479,,,6.195960613683977
ENSMUSG00000066441-C,,5.4352075388743915,5.745158475495504,,,5.466641928369365
ENSMUSG00000067028-C,,0.8003576570276729,2.1009160241147065,,,1.8046680709167229
ENSMUSG00000067297-C,,1.6891195143635438,1.0680554872113692,,,2.112583478009447
ENSMUSG00000067719-C,,1.3121223935613218,0.0,,,0.0
ENSMUSG00000067869-C,,0.0,1.0680554872113692,,,1.4126867783113457
ENSMUSG00000067924-C,,9.198573850329504,9.32758468204764,,,8.893586189245804
ENSMUSG00000068114-C,,3.508613656214325,3.82367468051064,,,3.456011120625007
ENSMUSG00000068196-C,,2.2350113770874733,3.442207073065027,,,2.58182735415899
ENSMUSG00000068263-C,,3.984649161581813,3.1170698124358824,,,3.659499454058248
ENSMUSG00000068457-C,,4.972823382048754,4.58668773266516,,,4.330324568503661
ENSMUSG00000068522-C,,2.2350113770874733,2.429327355217106,,,2.7693778051683604
ENSMUSG00000068699-C,,1.6891195143635438,1.0680554872113692,,,0.0
ENSMUSG00000068742-C,,7.631160527033749,7.616150306577484,,,7.535416074255592
ENSMUSG00000068921-C,,7.371735571971561,7.331852226612674,,,7.234666697859876
ENSMUSG00000069020-C,,7.1334830660210224,7.445128126604101,,,7.312164960742089
ENSMUSG00000069072-C,,6.741995327236029,6.964819448775418,,,6.746699855310175
ENSMUSG00000069089-C,,4.288234544654291,4.65107023252703,,,5.132480833986183
ENSMUSG00000069206-C,,4.288234544654291,3.82367468051064,,,3.996472480641343
ENSMUSG00000069670-C,,5.576418355806496,4.519297308313774,,,5.737774418563194
ENSMUSG00000069763-C,,4.752408667901649,3.931292798388528,,,4.649828954687912
ENSMUSG00000069769-C,,7.094874763235709,7.261419642771534,,,7.1778293690994195
ENSMUSG00000070407-C,,3.307194436369124,2.696667789000302,,,1.8046680709167229
ENSMUSG00000070871-C,,4.443800156595397,3.707376963716697,,,3.919317557186984
ENSMUSG00000071531-C,,2.7933262888489865,2.9221280948258475,,,2.7693778051683604
ENSMUSG00000071636-C,,1.3121223935613218,2.429327355217106,,,0.8727598826207578
ENSMUSG00000071637-C,,4.1743468699676285,3.82367468051064,,,3.456011120625007
ENSMUSG00000071648-C,,3.508613656214325,2.9221280948258475,,,4.498903567833338
ENSMUSG00000071711-C,,4.866821302962881,5.45179196004185,,,4.950554856354362
ENSMUSG00000072115-C,,3.5996739263906603,2.696667789000302,,,0.8727598826207578
ENSMUSG00000072844-C,,2.2350113770874733,0.0,,,2.366199903278748
ENSMUSG00000072893-C,,5.33275229413072,5.129067552291397,,,6.350899762247737
ENSMUSG00000073374-C,,3.766177223083601,3.5808757985520483,,,3.75140358505242
ENSMUSG00000073664-C,,5.133831025639021,6.013532026136244,,,6.040688213445052
ENSMUSG00000073702-C,,9.862454722805357,9.838524899027291,,,9.638895162226415
ENSMUSG00000073705-C,,4.113843988412434,3.288778564963921,,,3.8378021129317026
ENSMUSG00000073755-C,,8.380273604169648,8.706358296414422,,,8.868150285855995
ENSMUSG00000074136-C,,0.8003576570276729,1.0680554872113692,,,2.112583478009447
ENSMUSG00000074220-C,,2.9399402873012845,2.429327355217106,,,3.659499454058248
ENSMUSG00000074252-C,,1.6891195143635438,0.0,,,2.112583478009447
ENSMUSG00000074274-C,,0.0,0.0,,,0.0
ENSMUSG00000074384-C,,2.9399402873012845,4.031437387137405,,,2.366199903278748
ENSMUSG00000074656-C,,8.63291714789632,9.212294568318436,,,9.29964320961678
ENSMUSG00000074916-C,,1.987732424191134,0.0,,,1.4126867783113457
ENSMUSG00000075254-C,,5.896782669068075,5.622070737276084,,,5.166266667433585
ENSMUSG00000078091-C,,1.6891195143635438,1.675007964280378,,,1.4126867783113457
ENSMUSG00000078439-C,,1.3121223935613218,1.675007964280378,,,0.0
ENSMUSG00000078451-C,,2.446043618687812,2.429327355217106,,,3.996472480641343
ENSMUSG00000078532-C,,2.2350113770874733,0.0,,,1.4126867783113457
ENSMUSG00000078653-C,,0.8003576570276729,1.675007964280378,,,0.8727598826207578
ENSMUSG00000078700-C,,3.307194436369124,3.82367468051064,,,3.75140358505242
ENSMUSG00000078716-C,,6.638419468275145,7.351360014353157,,,6.712806527496721
ENSMUSG00000078942-C,,0.0,0.0,,,0.8727598826207578
ENSMUSG00000079036-C,,4.670760070376401,4.125079381585428,,,5.439267117509091
ENSMUSG00000079215-C,,6.538384031290001,6.506552089150127,,,6.450236473578326
ENSMUSG00000079434-C,,2.6301094702480934,3.707376963716697,,,3.3423824086880285
ENSMUSG00000081278-C,,0.0,0.0,,,0.0
ENSMUSG00000082491-C,,1.3121223935613218,1.675007964280378,,,0.0
ENSMUSG00000082515-C,,0.0,2.1009160241147065,,,0.0
ENSMUSG00000082626-C,,0.8003576570276729,0.0,,,0.0
ENSMUSG00000083061-C,,0.0,0.0,,,0.0
ENSMUSG00000083396-C,,0.0,1.675007964280378,,,0.8727598826207578
ENSMUSG00000083563-C,,5.006494539162363,4.935853410223768,,,5.231553496860846
ENSMUSG00000085028-C,,3.4114162920058955,2.429327355217106,,,3.75140358505242
ENSMUSG00000085037-C,,2.446043618687812,2.9221280948258475,,,1.8046680709167229
ENSMUSG00000085078-C,,2.6301094702480934,1.0680554872113692,,,0.0
ENSMUSG00000085111-C,,0.0,1.0680554872113692,,,0.0
ENSMUSG00000085255-C,,2.446043618687812,2.696667789000302,,,0.8727598826207578
ENSMUSG00000085315-C,,1.6891195143635438,0.0,,,2.58182735415899
ENSMUSG00000085712-C,,1.6891195143635438,0.0,,,0.0
ENSMUSG00000085891-C,,0.0,1.675007964280378,,,0.8727598826207578
ENSMUSG00000086015-C,,0.8003576570276729,0.0,,,0.0
ENSMUSG00000086170-C,,1.3121223935613218,0.0,,,0.0
ENSMUSG00000086213-C,,1.6891195143635438,1.675007964280378,,,0.8727598826207578
ENSMUSG00000086291-C,,3.307194436369124,2.1009160241147065,,,3.75140358505242
ENSMUSG00000086370-C,,4.866821302962881,4.2958915964377065,,,4.601253901034637
ENSMUSG00000086822-C,,1.6891195143635438,2.9221280948258475,,,2.366199903278748
ENSMUSG00000087252-C,,1.3121223935613218,0.0,,,0.0
ENSMUSG00000087331-C,,1.987732424191134,2.429327355217106,,,3.2190330748149605
ENSMUSG00000087347-C,,0.0,0.0,,,0.0
ENSMUSG00000087352-C,,0.8003576570276729,1.675007964280378,,,2.58182735415899
ENSMUSG00000087444-C,,0.0,0.0,,,0.8727598826207578
ENSMUSG00000087516-C,,1.6891195143635438,2.1009160241147065,,,2.112583478009447
ENSMUSG00000087556-C,,0.0,0.0,,,0.0
ENSMUSG00000087660-C,,0.8003576570276729,0.0,,,0.0
ENSMUSG00000087679-C,,7.730210970084021,7.9072513317649005,,,7.623181861348596
ENSMUSG00000087698-C,,1.3121223935613218,0.0,,,1.4126867783113457
ENSMUSG00000088208-C,,1.6891195143635438,1.0680554872113692,,,0.0
ENSMUSG00000089665-C,,4.23241421537003,4.2958915964377065,,,4.069709806402361
ENSMUSG00000089715-C,,11.893423573163604,11.91436833524357,,,11.767727553006823
ENSMUSG00000089941-C,,1.987732424191134,0.0,,,0.8727598826207578
ENSMUSG00000090138-C,,0.0,0.0,,,1.4126867783113457
ENSMUSG00000090290-C,,1.6891195143635438,1.0680554872113692,,,2.366199903278748
ENSMUSG00000090523-C,,1.987732424191134,1.0680554872113692,,,0.8727598826207578
ENSMUSG00000091523-C,,0.8003576570276729,0.0,,,1.4126867783113457
ENSMUSG00000092074-C,,3.766177223083601,2.9221280948258475,,,2.58182735415899
ENSMUSG00000092241-C,,1.987732424191134,0.0,,,1.4126867783113457
ENSMUSG00000092325-C,,0.8003576570276729,0.0,,,0.0
ENSMUSG00000093577-C,,0.0,1.675007964280378,,,2.58182735415899
ENSMUSG00000093930-C,,9.065133786849785,9.277478405517924,,,9.43745752203596
ENSMUSG00000094152-C,,0.0,1.675007964280378,,,0.0
ENSMUSG00000094595-C,,1.987732424191134,1.675007964280378,,,2.9353278433826433
ENSMUSG00000094724-C,,0.0,0.0,,,1.8046680709167229
ENSMUSG00000094840-C,,4.113843988412434,4.031437387137405,,,4.69682163605729
ENSMUSG00000095253-C,,4.670760070376401,2.9221280948258475,,,4.69682163605729
ENSMUSG00000097156-C,,7.156161645793706,7.038875815396829,,,7.327177286798351
ENSMUSG00000097316-C,,3.5996739263906603,3.442207073065027,,,2.58182735415899
ENSMUSG00000097439-C,,0.0,1.675007964280378,,,0.0
ENSMUSG00000097497-C,,1.6891195143635438,3.1170698124358824,,,3.084143061959374
ENSMUSG00000097535-C,,0.0,0.0,,,0.0
ENSMUSG00000097602-C,,0.0,0.0,,,1.4126867783113457
ENSMUSG00000097793-C,,1.3121223935613218,0.0,,,1.8046680709167229
ENSMUSG00000097881-C,,1.6891195143635438,2.429327355217106,,,0.8727598826207578
ENSMUSG00000097911-C,,1.6891195143635438,1.675007964280378,,,2.9353278433826433
ENSMUSG00000098098-C,,2.2350113770874733,2.429327355217106,,,0.0
ENSMUSG00000098158-C,,0.0,0.0,,,0.0
ENSMUSG00000098187-C,,2.6301094702480934,0.0,,,0.0
ENSMUSG00000098383-C,,1.6891195143635438,0.0,,,1.4126867783113457
ENSMUSG00000098739-C,,0.0,0.0,,,1.4126867783113457
ENSMUSG00000099655-C,,2.7933262888489865,2.429327355217106,,,2.58182735415899
ENSMUSG00000100707-C,,0.0,0.0,,,0.8727598826207578
ENSMUSG00000100764-C,,2.6301094702480934,1.0680554872113692,,,1.8046680709167229
ENSMUSG00000101599-C,,4.443800156595397,4.519297308313774,,,4.205894027582234
ENSMUSG00000101778-C,,0.8003576570276729,1.0680554872113692,,,0.0
ENSMUSG00000102018-C,,0.8003576570276729,1.675007964280378,,,2.112583478009447
ENSMUSG00000102555-C,,1.987732424191134,1.675007964280378,,,2.7693778051683604
ENSMUSG00000102570-C,,0.8003576570276729,2.1009160241147065,,,2.366199903278748
ENSMUSG00000102573-C,,2.2350113770874733,2.9221280948258475,,,1.4126867783113457
ENSMUSG00000102600-C,,3.5996739263906603,4.65107023252703,,,5.32425764497948
ENSMUSG00000102698-C,,1.987732424191134,1.675007964280378,,,2.112583478009447
ENSMUSG00000102760-C,,2.446043618687812,2.1009160241147065,,,2.112583478009447
ENSMUSG00000102783-C,,1.6891195143635438,0.0,,,0.0
ENSMUSG00000102854-C,,4.584211939071658,3.707376963716697,,,4.139408221510954
ENSMUSG00000102976-C,,1.3121223935613218,0.0,,,0.0
ENSMUSG00000103038-C,,4.393785888058045,4.031437387137405,,,3.659499454058248
ENSMUSG00000103146-C,,1.3121223935613218,0.0,,,0.8727598826207578
ENSMUSG00000103313-C,,0.0,1.0680554872113692,,,0.8727598826207578
ENSMUSG00000103423-C,,0.0,0.0,,,0.0
ENSMUSG00000103539-C,,1.3121223935613218,0.0,,,0.0
ENSMUSG00000103552-C,,0.8003576570276729,0.0,,,0.8727598826207578
ENSMUSG00000103693-C,,4.1743468699676285,4.125079381585428,,,4.205894027582234
ENSMUSG00000103776-C,,1.987732424191134,1.0680554872113692,,,2.366199903278748
ENSMUSG00000103800-C,,0.0,0.0,,,0.0
ENSMUSG00000103809-C,,0.0,1.675007964280378,,,1.4126867783113457
ENSMUSG00000103869-C,,2.2350113770874733,1.0680554872113692,,,2.58182735415899
ENSMUSG00000103882-C,,4.050692283249386,4.4486040679813845,,,5.062438666611843
ENSMUSG00000103891-C,,4.050692283249386,3.5808757985520483,,,3.75140358505242
ENSMUSG00000103970-C,,0.8003576570276729,1.0680554872113692,,,1.4126867783113457
ENSMUSG00000103991-C,,0.0,0.0,,,0.0
ENSMUSG00000104154-C,,2.9399402873012845,2.1009160241147065,,,2.7693778051683604
ENSMUSG00000104204-C,,1.987732424191134,1.675007964280378,,,0.8727598826207578
ENSMUSG00000104277-C,,3.9154370975961177,3.82367468051064,,,4.649828954687912
ENSMUSG00000104343-C,,3.194853116705421,3.288778564963921,,,3.659499454058248
ENSMUSG00000104344-C,,3.5996739263906603,3.288778564963921,,,4.550986184927251
ENSMUSG00000104388-C,,3.073019528998395,2.1009160241147065,,,3.75140358505242
ENSMUSG00000104420-C,,2.9399402873012845,3.442207073065027,,,3.996472480641343
ENSMUSG00000104693-C,,0.8003576570276729,0.0,,,0.0
ENSMUSG00000104704-C,,3.508613656214325,3.707376963716697,,,3.456011120625007
ENSMUSG00000104713-C,,0.0,0.0,,,0.0
ENSMUSG00000104764-C,,2.9399402873012845,2.1009160241147065,,,2.7693778051683604
ENSMUSG00000104951-C,,3.5996739263906603,4.125079381585428,,,2.9353278433826433
ENSMUSG00000104973-C,,0.8003576570276729,3.288778564963921,,,1.4126867783113457
ENSMUSG00000104994-C,,3.194853116705421,2.429327355217106,,,2.366199903278748
ENSMUSG00000105050-C,,3.4114162920058955,3.82367468051064,,,3.456011120625007
ENSMUSG00000105119-C,,2.446043618687812,3.82367468051064,,,3.3423824086880285
ENSMUSG00000105224-C,,2.2350113770874733,3.288778564963921,,,2.9353278433826433
ENSMUSG00000105322-C,,5.133831025639021,4.65107023252703,,,5.382908125616131
ENSMUSG00000105520-C,,0.0,1.0680554872113692,,,0.0
ENSMUSG00000105578-C,,1.6891195143635438,2.429327355217106,,,2.9353278433826433
ENSMUSG00000105586-C,,1.3121223935613218,2.429327355217106,,,0.0
ENSMUSG00000105624-C,,3.5996739263906603,2.429327355217106,,,3.5613400039776715
ENSMUSG00000105843-C,,3.194853116705421,3.442207073065027,,,2.366199903278748
ENSMUSG00000105846-C,,0.0,1.0680554872113692,,,0.0
ENSMUSG00000105896-C,,0.0,1.0680554872113692,,,0.0
ENSMUSG00000106115-C,,1.6891195143635438,2.1009160241147065,,,0.8727598826207578
ENSMUSG00000106121-C,,1.3121223935613218,0.0,,,0.0
ENSMUSG00000106153-C,,0.0,0.0,,,0.0
ENSMUSG00000106557-C,,0.8003576570276729,1.0680554872113692,,,2.58182735415899
ENSMUSG00000106579-C,,1.6891195143635438,1.675007964280378,,,2.9353278433826433
ENSMUSG00000106648-C,,1.987732424191134,1.675007964280378,,,2.112583478009447
ENSMUSG00000106720-C,,2.9399402873012845,2.696667789000302,,,2.366199903278748
ENSMUSG00000106734-C,,0.8003576570276729,2.696667789000302,,,0.0
ENSMUSG00000106767-C,,1.3121223935613218,1.675007964280378,,,2.9353278433826433
ENSMUSG00000106847-C,,8.746870221103656,8.9009375229925,,,8.855262162245282
ENSMUSG00000106867-C,,0.8003576570276729,0.0,,,0.0
ENSMUSG00000106993-C,,1.987732424191134,2.429327355217106,,,2.112583478009447
ENSMUSG00000107021-C,,3.766177223083601,3.707376963716697,,,3.456011120625007
ENSMUSG00000107207-C,,0.0,1.0680554872113692,,,1.4126867783113457
ENSMUSG00000107278-C,,1.3121223935613218,2.429327355217106,,,1.8046680709167229
ENSMUSG00000000290-S,2.1273528570580367,1.252033481761931,1.9152733459730824,2.8638130617722606,0.8988096753164998,
ENSMUSG00000000308-S,8.98645328186252,8.476197880641314,8.709517454189935,8.262654690338028,8.298398483774148,
ENSMUSG00000000530-S,6.113227516804359,6.953933793464587,6.559477155905074,6.38226426273374,5.7244215983780675,
ENSMUSG00000000732-S,2.1273528570580367,2.363257137421632,0.9440719876953962,1.7462107371414175,0.8988096753164998,
ENSMUSG00000000782-S,2.1273528570580367,2.363257137421632,3.701700061705504,2.5133708470354534,3.1343429957332973,
ENSMUSG00000000792-S,4.287644323036166,3.215773920361264,4.14005191965989,3.9192043340289806,3.613396190469504,
ENSMUSG00000000823-S,5.564555649271768,6.102378460546361,6.628464442318559,5.941080722734081,5.6518564477232065,
ENSMUSG00000000826-S,9.555203782220016,9.457254947907966,9.46912568330678,9.241718896324787,9.31581042160153,
ENSMUSG00000001016-S,6.3698486335169635,5.916860337589944,6.472087015299897,6.5963441030053165,6.235522596653522,
ENSMUSG00000001089-S,7.6300509433525665,7.333470256910313,7.386389899333573,7.317901187531614,8.00019982125333,
ENSMUSG00000001098-S,5.965484165482666,5.6651563310553525,5.588609598366368,5.611177565255836,5.880766517524521,
ENSMUSG00000001270-S,11.74786495822847,12.065370889819228,12.140645792514835,11.823444839933831,11.964645445634265,
ENSMUSG00000001300-S,4.804941818439524,5.151543247134289,4.976839260629534,5.465016164281359,4.49909163489714,
ENSMUSG00000001552-S,6.130675342801464,5.6651563310553525,6.172811908291399,6.395776029654818,5.9017800603685595,
ENSMUSG00000001642-S,2.1273528570580367,2.9834669963003715,1.5098994093134157,3.3811519668481234,1.448400923237856,
ENSMUSG00000001763-S,5.639599293909598,3.5914582317488906,5.098547262714951,4.749662448503417,4.88407967019736,
ENSMUSG00000001946-S,5.401633731870477,5.778444887040087,5.695361937972607,5.656782864836955,5.626833663545276,
ENSMUSG00000001964-S,6.649470962290994,6.482738823713279,6.805732382181406,6.929291796751583,6.492594758846733,
ENSMUSG00000002012-S,7.730736433788912,7.673274013182639,7.410095276559935,6.803147571105655,6.91054947886507,
ENSMUSG00000002031-S,5.081050642191776,4.53033944780547,4.645166924187268,5.412808901682653,5.0811702465615625,
ENSMUSG00000002032-S,5.864819091217013,4.245115061327776,4.534486340402758,5.587822654982696,5.3796475820574,
ENSMUSG00000002109-S,2.7857626338523107,1.9120895180850064,3.219642216040465,3.268154397447143,2.15643154456857,
ENSMUSG00000002210-S,6.214883012351143,5.625326433022477,5.5321172659835725,5.587822654982696,5.3796475820574,
ENSMUSG00000002266-S,1.424693889909158,1.252033481761931,2.900655540153005,0.8358601519897243,0.0,
ENSMUSG00000002393-S,5.485393293004125,4.6141251428220995,4.843909861384497,5.358641234599949,5.549050874813313,
ENSMUSG00000002459-S,7.548017121493672,7.915448007797188,7.593815288899107,8.090549851687621,8.108104030119575,
ENSMUSG00000002500-S,0.0,3.215773920361264,1.5098994093134157,1.3616795639125414,0.8988096753164998,
ENSMUSG00000002732-S,3.1010766827490013,1.9120895180850064,1.9152733459730824,3.0115472012359445,3.393662872112152,
ENSMUSG00000002797-S,5.71093169626494,6.102378460546361,5.7705423991131415,5.439148675192057,5.254543412253529,
ENSMUSG00000002968-S,7.277414277613691,7.149141825818337,6.719819376624818,6.560800361676979,6.478676640636891,
ENSMUSG00000002996-S,4.804941818439524,4.693310841844703,4.534486340402758,5.182749538479859,5.286851112344599,
ENSMUSG00000003198-S,1.8183855359868224,2.9834669963003715,3.8006734726731857,3.7611506373277046,3.50770887389526,
ENSMUSG00000003402-S,7.4190509615355715,7.016858581189317,7.312843079467221,6.548755149390798,7.067565101712631,
ENSMUSG00000003436-S,3.578907283604972,2.706436814589186,2.4905071181678275,3.0115472012359445,3.613396190469504,
ENSMUSG00000003500-S,6.776829221030488,6.610638474618335,6.573541047483937,6.4485921061730265,6.7804465896283785,
ENSMUSG00000003657-S,4.087756923331383,3.5914582317488906,4.534486340402758,4.251959975632417,4.44285378614437,
ENSMUSG00000003808-S,7.903082930022792,7.890461859498994,7.719298841881,7.252568330318763,7.314772988459074,
ENSMUSG00000004071-S,8.964728707890979,8.736688898940825,8.759585385556978,8.843587617000283,8.58490784747297,
ENSMUSG00000004266-S,3.1010766827490013,2.363257137421632,3.5954333501320948,3.5836265212987755,2.412140613208748,
ENSMUSG00000004508-S,5.564555649271768,5.542207775347679,6.2092997642599,6.012984124523574,5.700636465430905,
ENSMUSG00000004530-S,8.497848330615037,7.93186822354452,8.57267682238964,8.419709936243043,8.266351225318074,
ENSMUSG00000004929-S,5.281807468287595,5.259564849484186,4.889594159225845,4.251959975632417,4.3843344898943,
ENSMUSG00000004947-S,4.34855936407696,4.693310841844703,4.14005191965989,4.420074324097543,3.804043719866039,
ENSMUSG00000005087-S,1.8183855359868224,1.252033481761931,2.900655540153005,2.8638130617722606,2.629277784575916,
ENSMUSG00000005267-S,3.677173021775615,3.4158104165687497,3.893290717484193,4.310202091370707,4.655738528595867,
ENSMUSG00000005268-S,0.8814983508565049,3.215773920361264,1.5098994093134157,0.0,0.0,
ENSMUSG00000005360-S,9.84802887194564,9.635749240615905,9.923548038633108,10.045375566356546,9.853589246462793,
ENSMUSG00000005506-S,9.038220008255736,9.437265729971108,9.33520662056222,9.47919051529603,9.251782980065151,
ENSMUSG00000006235-S,3.4734560020283936,4.135963911216731,3.068947160363723,3.268154397447143,4.0497601938964145,
ENSMUSG00000006471-S,3.937239890567626,2.706436814589186,2.710107810154817,2.6992065503008127,3.711866848994471,
ENSMUSG00000006575-S,9.865068456693924,9.47136527293045,9.764065203786505,9.477602997206048,9.823621601390286,
ENSMUSG00000006587-S,2.1273528570580367,2.363257137421632,0.9440719876953962,1.3616795639125414,0.8988096753164998,
ENSMUSG00000006673-S,6.355079994361663,5.814313516643948,5.745914996934853,5.922530633206184,5.549050874813313,
ENSMUSG00000006850-S,2.1273528570580367,3.215773920361264,3.3560746442565823,2.3000078836598825,1.8454221841165777,
ENSMUSG00000006941-S,8.83503230485328,8.487350335321944,8.66094624923898,8.712055241209132,8.626527857069773,
ENSMUSG00000007888-S,1.8183855359868224,0.0,0.9440719876953962,1.7462107371414175,0.0,
ENSMUSG00000008489-S,8.171027111933336,7.721296667146651,7.7443808464596735,7.86626874803442,8.17867486990102,
ENSMUSG00000009894-S,10.329046187976914,9.4908907108424,9.76712798411809,9.710334111417987,9.936114564350383,
ENSMUSG00000010025-S,4.760802042391417,4.53033944780547,4.889594159225845,5.465016164281359,5.153038368397865,
ENSMUSG00000011306-S,6.130675342801464,5.778444887040087,6.22720336594662,6.2546017452825815,6.377298405830814,
ENSMUSG00000011752-S,4.889365515122079,5.2065648251484395,3.701700061705504,3.842340840334267,3.9724131580259057,
ENSMUSG00000012848-S,9.665554478113474,9.643247364463411,9.68043768842865,9.410963275327571,9.514763951621052,
ENSMUSG00000013698-S,10.235381664260167,9.991496286378736,9.972133568105908,9.622556446583385,9.67439262743602,
ENSMUSG00000013736-S,4.287644323036166,4.839726816948395,4.843909861384497,5.0523183935005855,5.153038368397865,
ENSMUSG00000014767-S,5.044697112081977,4.768375462585618,4.414603722801029,4.570627257209177,5.005533443185442,
ENSMUSG00000015133-S,3.578907283604972,2.706436814589186,1.9152733459730824,3.268154397447143,2.412140613208748,
ENSMUSG00000015342-S,4.9691208282971555,5.407796954309,4.475789898725806,4.831483685753933,4.323340783761273,
ENSMUSG00000015377-S,6.198430098217759,6.1311047873469855,6.191171187069902,5.08604823626242,5.793510971375659,
ENSMUSG00000015405-S,0.8814983508565049,0.0,2.900655540153005,2.0495205232084777,0.8988096753164998,
ENSMUSG00000015668-S,5.590006392391629,5.981386985200087,5.7705423991131415,5.941080722734081,5.837798306068265,
ENSMUSG00000015843-S,7.285225854327998,8.464958542150404,8.329172785269359,8.013764051864598,7.813219960252209,
ENSMUSG00000015937-S,7.797801939477748,7.692675314875759,7.756760197785042,7.7657878053127565,7.71572544294687,
ENSMUSG00000016087-S,2.1273528570580367,2.9834669963003715,2.2313720798832146,2.8638130617722606,3.1343429957332973,
ENSMUSG00000016386-S,7.4190509615355715,8.026648297610857,7.731894351447778,8.240360274022763,7.851525296274867,
ENSMUSG00000016541-S,8.507897624376497,8.158076479557899,8.436951512227619,8.302653937935396,8.019554968001971,
ENSMUSG00000016833-S,6.278880161432731,6.1311047873469855,6.313532969080742,6.2396937361670455,5.922491919822913,
ENSMUSG00000016933-S,6.7657047483559545,6.390704454364174,6.984786688274291,6.653704325618293,6.961476996990755,
ENSMUSG00000017491-S,5.77890269791347,7.091841129049699,6.472087015299897,7.237639185037099,6.078280581178634,
ENSMUSG00000018411-S,11.116622077020551,10.703396103803671,10.981998590026498,10.940219707917269,10.904477921192086,
ENSMUSG00000018412-S,6.113227516804359,6.482738823713279,5.975096157791689,5.8458489418377955,6.114734141359767,
ENSMUSG00000018574-S,5.4300973404130755,5.094339764822258,5.910081626845286,5.679056051471869,5.770846826546299,
ENSMUSG00000018809-S,3.855651169204714,3.8892486258592904,3.5954333501320948,4.127908848497372,3.9724131580259057,
ENSMUSG00000018858-S,6.673478973456704,6.709189613560245,6.769537127265096,6.79297151003074,6.879107083564174,
ENSMUSG00000018920-S,1.8183855359868224,1.252033481761931,0.9440719876953962,0.0,2.817968824125128,
ENSMUSG00000018995-S,2.1273528570580367,3.7480232874605903,3.980319160809084,4.251959975632417,3.1343429957332973,
ENSMUSG00000019146-S,9.00075669167873,8.981126772828192,8.780955313613307,9.37047688998504,9.08266504824978,
ENSMUSG00000019158-S,7.846131251497474,7.032170105041157,7.614368574473552,7.63517445484748,7.630173566453199,
ENSMUSG00000019188-S,7.605302927114931,7.46339897724813,7.321202563641474,7.079180490697137,7.104286995590794,
ENSMUSG00000019820-S,6.852387466823264,7.3700815034322416,6.995272784976403,7.1040875094739055,7.058236698548599,
ENSMUSG00000019843-S,7.030251102254848,7.016858581189317,7.244163990190065,7.478908130090192,7.405845714617354,
ENSMUSG00000019872-S,5.342964297448219,4.441386177064962,4.976839260629534,5.017781038509307,4.925710727711269,
ENSMUSG00000019951-S,7.541509315862912,7.749361233914122,7.537530452393503,8.098834701827712,7.960692661249173,
ENSMUSG00000019984-S,4.715269056070795,5.151543247134289,5.412029193242214,5.182749538479859,5.0811702465615625,
ENSMUSG00000020014-S,2.5978233785255886,2.9834669963003715,2.2313720798832146,3.3811519668481234,1.448400923237856,
ENSMUSG00000020015-S,8.0340240546152,8.239482231944343,8.085964291996227,8.957305272754633,8.477032041270606,
ENSMUSG00000020111-S,7.759060219533568,7.830420841231313,7.641325253404316,7.352958238804919,7.525753503230751,
ENSMUSG00000020142-S,6.6853348025998125,5.849311962763751,6.22720336594662,6.5963441030053165,6.251981243359341,
ENSMUSG00000020163-S,8.892415181237578,8.89581314295076,8.722198275237206,8.524905965469664,8.654654095822462,
ENSMUSG00000020178-S,8.72159082948675,9.832234567985136,9.320687921060436,9.085818586770124,8.747539742637333,
ENSMUSG00000020189-S,6.8938508744117195,7.847831899085803,6.920217281422865,7.2599753667222675,6.91054947886507,
ENSMUSG00000020193-S,1.8183855359868224,1.9120895180850064,0.9440719876953962,1.3616795639125414,0.8988096753164998,
ENSMUSG00000020218-S,0.8814983508565049,1.252033481761931,1.5098994093134157,0.0,0.0,
ENSMUSG00000020220-S,6.198430098217759,6.043150718593695,6.456993132112383,6.524358760451273,6.546962151410839,
ENSMUSG00000020238-S,6.914144099027086,7.190671569773879,6.655161433313774,6.0646534614533305,6.30025972028762,
ENSMUSG00000020261-S,7.048725271189362,6.482738823713279,7.18126500093293,6.823286861286245,7.058236698548599,
ENSMUSG00000020381-S,4.715269056070795,3.7480232874605903,4.796731486939921,4.61751168452487,4.605389347702585,
ENSMUSG00000020589-S,7.9869018007048735,7.856459260243859,7.968475257729135,8.244100017492984,7.94559402724571,
ENSMUSG00000020605-S,4.760802042391417,5.034774158225798,4.590887770328477,4.420074324097543,3.8906832365505664,
ENSMUSG00000020610-S,6.562149768463643,6.482738823713279,6.587469161908324,6.2546017452825815,6.31600007884439,
ENSMUSG00000020623-S,3.3596848186603263,3.215773920361264,3.701700061705504,2.8638130617722606,2.629277784575916,
ENSMUSG00000020635-S,6.022675466681505,4.245115061327776,5.246333454911168,5.53994705005325,6.002488074136208,
ENSMUSG00000020642-S,6.309844709350904,6.548105525749144,6.757267392522311,6.79297151003074,6.698756206097152,
ENSMUSG00000020672-S,2.1273528570580367,2.706436814589186,1.9152733459730824,3.9192043340289806,3.711866848994471,
ENSMUSG00000020695-S,2.952016909406638,2.706436814589186,1.9152733459730824,1.3616795639125414,2.412140613208748,
ENSMUSG00000020708-S,9.737070048570615,9.515612696628928,9.46912568330678,9.199968809728514,9.45914558597579,
ENSMUSG00000020718-S,1.8183855359868224,1.9120895180850064,1.9152733459730824,1.7462107371414175,3.2698215982021024,
ENSMUSG00000020720-S,7.245738009269198,6.8712102830196145,6.90916906128368,6.862741168128958,7.192199424249157,
ENSMUSG00000020723-S,8.14550611679669,9.141498548989532,8.620876445310449,8.409755104172316,8.670046052446777,
ENSMUSG00000020806-S,0.8814983508565049,0.0,1.9152733459730824,0.0,0.8988096753164998,
ENSMUSG00000020811-S,7.803252511033307,7.830420841231313,7.738151107705284,7.339037475572721,7.250698450523294,
ENSMUSG00000020823-S,8.617150662369772,8.787198347811973,8.780955313613307,8.88728883186326,8.804440580103861,
ENSMUSG00000020941-S,2.5978233785255886,1.9120895180850064,2.2313720798832146,3.5836265212987755,2.817968824125128,
ENSMUSG00000020953-S,5.663770770431704,6.437455412376871,6.077338407715166,6.194022497820422,6.30025972028762,
ENSMUSG00000021115-S,5.98480093952982,6.437455412376871,5.7947564475811975,6.114536094684639,5.676452613866228,
ENSMUSG00000021124-S,9.43043438504707,9.762798782780097,9.391862987024629,9.30753384472301,9.388327075254995,
ENSMUSG00000021130-S,6.74319510892481,6.292396412187517,6.732410362230863,6.61956257221264,6.9208798188018585,
ENSMUSG00000021265-S,4.6196509752931405,3.7480232874605903,4.747957996456652,4.061639545947828,4.259654139385937,
ENSMUSG00000021266-S,6.6002220815138015,6.390704454364174,6.472087015299897,6.354855059178326,6.520034541689481,
ENSMUSG00000021285-S,6.398939953807072,6.50485843792916,6.516443683268365,5.700990592947135,6.3469747791089315,
ENSMUSG00000021376-S,3.236167561083,4.90771502599764,4.414603722801029,3.145548524333338,4.193025736535522,
ENSMUSG00000021379-S,8.106357634669235,8.857647041549027,8.304087789276364,8.860740181499926,7.985511125959031,
ENSMUSG00000021451-S,6.113227516804359,6.073068506804958,5.348015979617434,6.178471709924905,6.3469747791089315,
ENSMUSG00000021461-S,3.937239890567626,4.135963911216731,4.283849055635033,4.4720239969047695,3.8906832365505664,
ENSMUSG00000021481-S,4.847771117424166,5.360058715819535,5.018559887162254,5.490428007609252,5.153038368397865,
ENSMUSG00000021500-S,6.8938508744117195,7.295905682352898,7.172051316721231,7.079180490697137,7.368594868706382,
ENSMUSG00000021536-S,7.6901250537000285,6.266735830991656,6.9528631890753365,7.168477634537367,7.4984233134223235,
ENSMUSG00000021606-S,8.63865231559225,8.84035474531754,8.70632975639338,8.64291749681943,8.875207565951102,
ENSMUSG00000021662-S,4.92979423239614,3.8892486258592904,4.747957996456652,4.251959975632417,4.44285378614437,
ENSMUSG00000021704-S,4.847771117424166,5.625326433022477,4.6974777412786635,5.385979276735687,4.88407967019736,
ENSMUSG00000021721-S,4.6196509752931405,1.9120895180850064,2.4905071181678275,3.842340840334267,3.711866848994471,
ENSMUSG00000021806-S,1.424693889909158,0.0,0.0,1.3616795639125414,1.448400923237856,
ENSMUSG00000021991-S,7.447176311096968,8.144050809848254,7.846366850674821,8.018138854263936,7.679679725824699,
ENSMUSG00000022003-S,4.287644323036166,4.53033944780547,4.062395079675458,5.151230510377745,4.49909163489714,
ENSMUSG00000022075-S,7.775791363997651,8.05690668396515,7.621155111466467,7.781313380436211,7.667461536357399,
ENSMUSG00000022103-S,7.770235847261892,5.542207775347679,6.852622046624862,7.534936357955543,7.376122381700315,
ENSMUSG00000022131-S,4.0144604561828565,3.215773920361264,2.900655540153005,4.706943200969149,4.655738528595867,
ENSMUSG00000022178-S,2.5978233785255886,1.9120895180850064,0.9440719876953962,2.0495205232084777,0.8988096753164998,
ENSMUSG00000022185-S,8.24898807416764,8.39561921920502,8.654344757804468,7.728898199242424,8.13053048794819,
ENSMUSG00000022194-S,4.157508899183894,4.135963911216731,4.475789898725806,5.08604823626242,4.193025736535522,
ENSMUSG00000022195-S,5.822500369288781,5.31068661896662,5.281030051291837,6.012984124523574,5.6518564477232065,
ENSMUSG00000022257-S,7.938188287770258,7.062314100234277,7.600698970006061,7.541029497835284,7.940525829254947,
ENSMUSG00000022299-S,5.184918256544655,5.31068661896662,5.1369371387826135,4.982396556311253,5.3184511329259045,
ENSMUSG00000022307-S,7.346240965187321,6.366748305021206,6.9742238159622385,6.929291796751583,7.398472094560097,
ENSMUSG00000022339-S,5.401633731870477,5.6651563310553525,5.348015979617434,5.465016164281359,5.549050874813313,
ENSMUSG00000022365-S,6.754493829006852,5.981386985200087,6.394987058664444,6.803147571105655,7.020307954874572,
ENSMUSG00000022436-S,4.715269056070795,3.4158104165687497,4.213741325458526,4.831483685753933,4.925710727711269,
ENSMUSG00000022439-S,3.4734560020283936,1.9120895180850064,3.068947160363723,2.3000078836598825,3.2698215982021024,
ENSMUSG00000022474-S,8.37145765000842,7.948103651743747,8.349748830615894,7.846724635956198,7.878276650259446,
ENSMUSG00000022577-S,8.407691128104329,8.278524960093193,7.880707138134236,7.152647517162606,7.306917578934916,
ENSMUSG00000022587-S,8.85616382490165,7.393982823876659,8.620876445310449,8.29906312385469,8.654654095822462,
ENSMUSG00000022619-S,9.11034868275022,8.654975259469571,9.169167049357618,8.50009941203062,8.982662109798124,
ENSMUSG00000022751-S,2.7857626338523107,2.9834669963003715,4.14005191965989,4.420074324097543,4.259654139385937,
ENSMUSG00000022752-S,8.641697986757162,9.326745865086828,8.762657680998547,8.984387319727459,8.801648212394346,
ENSMUSG00000022774-S,5.68754393293477,6.012599350318927,6.057461417157606,6.548755149390798,6.021812750623437,
ENSMUSG00000022840-S,9.367439308827246,10.28465711293206,9.898627592123994,10.183242030256938,9.92845528085243,
ENSMUSG00000022844-S,3.236167561083,2.9834669963003715,2.710107810154817,3.145548524333338,3.2698215982021024,
ENSMUSG00000022864-S,4.847771117424166,5.542207775347679,4.645166924187268,5.1190074663172975,5.043847468583399,
ENSMUSG00000022865-S,3.578907283604972,3.215773920361264,3.701700061705504,4.310202091370707,4.12317059208696,
ENSMUSG00000022956-S,9.668543940661408,9.360496543494746,9.515394649435596,9.456804703991178,9.397603019302124,
ENSMUSG00000022995-S,8.393306752546733,8.669735740049946,8.530041129795213,8.596864679233656,8.455875537343893,
ENSMUSG00000023055-S,7.567366235659031,8.199353456425232,7.441108447197128,7.472546301611154,7.266985842967838,
ENSMUSG00000023206-S,1.424693889909158,2.363257137421632,1.5098994093134157,2.0495205232084777,3.393662872112152,
ENSMUSG00000023249-S,3.677173021775615,4.01787370251873,2.900655540153005,2.8638130617722606,2.412140613208748,
ENSMUSG00000023411-S,2.5978233785255886,1.252033481761931,0.9440719876953962,0.8358601519897243,0.0,
ENSMUSG00000023800-S,6.482851590077713,6.650870318010111,6.441739661332237,6.891639571326619,6.698756206097152,
ENSMUSG00000023919-S,0.0,2.363257137421632,2.2313720798832146,3.6751174087359417,2.15643154456857,
ENSMUSG00000023921-S,6.003862487740904,5.949484387425713,6.22720336594662,5.587822654982696,5.859442372746998,
ENSMUSG00000023972-S,2.5978233785255886,3.215773920361264,2.710107810154817,3.5836265212987755,1.8454221841165777,
ENSMUSG00000024030-S,6.309844709350904,6.214003453837115,6.11628920993161,6.61956257221264,6.674540549076575,
ENSMUSG00000024052-S,6.340158605984437,6.159270276796894,6.313532969080742,5.8654048404337775,6.0597024682529055,
ENSMUSG00000024077-S,7.495113691138606,8.541854959572834,7.712959608523683,8.078032681219085,7.756671190986539,
ENSMUSG00000024122-S,9.00075669167873,8.791703623868505,8.555064819533833,8.882498001331564,8.597842358584987,
ENSMUSG00000024151-S,6.130675342801464,5.6651563310553525,5.996132495470622,5.941080722734081,5.982901028228473,
ENSMUSG00000024220-S,7.948063466849257,8.265627760694585,8.295628252453374,7.880755019559611,8.03390280369828,
ENSMUSG00000024277-S,8.480942369935555,8.698811231658242,8.463627753535794,8.376067312089841,8.325867506704487,
ENSMUSG00000024346-S,7.567366235659031,7.643673909682771,7.725610342323806,7.310786380567531,7.477580449392421,
ENSMUSG00000024349-S,3.3596848186603263,3.5914582317488906,2.2313720798832146,3.145548524333338,2.817968824125128,
ENSMUSG00000024424-S,4.6682520354957875,3.7480232874605903,4.283849055635033,3.6751174087359417,3.9724131580259057,
ENSMUSG00000024426-S,6.469200881007631,6.073068506804958,6.22720336594662,5.8458489418377955,5.6518564477232065,
ENSMUSG00000024436-S,0.8814983508565049,1.252033481761931,0.9440719876953962,0.0,1.8454221841165777,
ENSMUSG00000024457-S,4.407006245450018,4.346585755776222,4.590887770328477,4.310202091370707,4.7514535167859515,
ENSMUSG00000024556-S,4.92979423239614,5.542207775347679,5.932080288152712,4.982396556311253,5.3184511329259045,
ENSMUSG00000024563-S,5.044697112081977,4.972642913292944,4.93387611367644,4.982396556311253,4.605389347702585,
ENSMUSG00000024583-S,7.213350603598958,6.590093854837631,6.587469161908324,6.803147571105655,7.131227738448319,
ENSMUSG00000024598-S,1.424693889909158,1.9120895180850064,1.5098994093134157,2.5133708470354534,2.9848109526219546,
ENSMUSG00000024614-S,6.164950438402501,6.414269297406943,6.22720336594662,5.977480332232857,6.3469747791089315,
ENSMUSG00000024647-S,6.355079994361663,4.6141251428220995,6.330195854400267,6.708870898340294,6.710713298215515,
ENSMUSG00000024683-S,6.809697038963033,6.969924155759229,7.026281383317203,6.536608523052639,6.710713298215515,
ENSMUSG00000024764-S,5.044697112081977,5.703916084390923,5.841998406373932,5.679056051471869,5.466834248092573,
ENSMUSG00000024766-S,3.1010766827490013,4.135963911216731,2.2313720798832146,2.5133708470354534,3.711866848994471,
ENSMUSG00000024776-S,3.677173021775615,3.4158104165687497,4.213741325458526,3.5836265212987755,3.711866848994471,
ENSMUSG00000024855-S,6.637315455590168,6.590093854837631,6.296675379241278,5.977480332232857,6.078280581178634,
ENSMUSG00000024867-S,2.952016909406638,3.4158104165687497,2.710107810154817,4.061639545947828,4.12317059208696,
ENSMUSG00000024871-S,2.381681604991121,3.5914582317488906,3.480712338875618,2.3000078836598825,0.8988096753164998,
ENSMUSG00000024875-S,5.564555649271768,5.625326433022477,5.64297293652291,5.805923468176708,5.466834248092573,
ENSMUSG00000024924-S,6.7087581165546215,7.257336801547574,7.3044348750523405,7.317901187531614,7.183645365909092,
ENSMUSG00000024948-S,5.312709918582393,4.90771502599764,5.5321172659835725,5.330775133617914,5.286851112344599,
ENSMUSG00000024966-S,8.75291245640743,8.63505672455964,8.448444638467935,7.791571712518866,8.019554968001971,
ENSMUSG00000025066-S,8.375122223455564,8.547193857064201,8.40191235003392,8.056926325633546,8.245954056753957,
ENSMUSG00000025147-S,6.095566092470916,4.6141251428220995,5.21078180451625,5.273374291794299,5.575447185555685,
ENSMUSG00000025198-S,3.769170314971537,5.094339764822258,4.213741325458526,4.831483685753933,4.797030438558475,
ENSMUSG00000025231-S,4.92979423239614,5.151543247134289,4.414603722801029,4.310202091370707,4.3843344898943,
ENSMUSG00000025266-S,7.952975823343952,7.204253336934808,7.89757554365288,7.841796956667938,7.667461536357399,
ENSMUSG00000025401-S,1.424693889909158,3.7480232874605903,0.0,2.3000078836598825,0.8988096753164998,
ENSMUSG00000025410-S,8.964728707890979,8.38968765491276,8.448444638467935,8.478038172701433,8.568574907843521,
ENSMUSG00000025425-S,6.661524907217687,4.768375462585618,6.11628920993161,5.7855385985333285,6.132621229324472,
ENSMUSG00000025468-S,8.996004627592074,9.02004477263027,9.169167049357618,8.436150183475997,8.821082230966441,
ENSMUSG00000025475-S,6.077685775124264,5.151543247134289,6.456993132112383,5.412808901682653,6.4216212782822835,
ENSMUSG00000025481-S,1.8183855359868224,0.0,2.2313720798832146,0.8358601519897243,0.0,
ENSMUSG00000025485-S,6.095566092470916,5.407796954309,5.887742322191545,5.805923468176708,5.494763636635576,
ENSMUSG00000025613-S,8.566766311613467,8.525718689430528,8.793026067381968,8.63724064982954,8.383025497311293,
ENSMUSG00000025665-S,1.8183855359868224,3.215773920361264,2.710107810154817,3.0115472012359445,1.448400923237856,
ENSMUSG00000025738-S,10.099106141457082,10.446261290939225,10.203393777130598,10.718237763766014,10.622205749676796,
ENSMUSG00000025873-S,5.885521873236442,5.542207775347679,6.077338407715166,6.0646534614533305,5.7244215983780675,
ENSMUSG00000025894-S,4.34855936407696,5.094339764822258,4.843909861384497,4.90891249893456,4.7514535167859515,
ENSMUSG00000025934-S,1.8183855359868224,2.363257137421632,0.9440719876953962,0.8358601519897243,1.448400923237856,
ENSMUSG00000025937-S,3.937239890567626,3.215773920361264,3.480712338875618,3.6751174087359417,3.50770887389526,
ENSMUSG00000025938-S,2.952016909406638,2.706436814589186,1.5098994093134157,3.268154397447143,2.629277784575916,
ENSMUSG00000025997-S,3.677173021775615,4.245115061327776,4.590887770328477,3.9921790295597224,3.393662872112152,
ENSMUSG00000026029-S,2.381681604991121,2.9834669963003715,2.2313720798832146,3.0115472012359445,3.393662872112152,
ENSMUSG00000026087-S,7.221515872742431,7.077153152973872,6.93118153642252,7.062333668421332,7.250698450523294,
ENSMUSG00000026135-S,5.21794295537928,5.849311962763751,4.843909861384497,4.706943200969149,5.254543412253529,
ENSMUSG00000026259-S,10.143829664636836,10.245782234432896,9.831452368681845,10.074023007485462,10.182468519508088,
ENSMUSG00000026277-S,6.562149768463643,6.482738823713279,6.346668481553069,6.698005053282052,6.649911482955152,
ENSMUSG00000026317-S,5.458010225017755,5.883481449087959,5.841998406373932,5.634160412238118,5.494763636635576,
ENSMUSG00000026355-S,2.5978233785255886,2.363257137421632,2.710107810154817,3.268154397447143,2.412140613208748,
ENSMUSG00000026360-S,8.710030415785386,9.892201697592313,9.258932258442442,9.586187994188217,9.08266504824978,
ENSMUSG00000026433-S,3.578907283604972,2.9834669963003715,1.9152733459730824,2.6992065503008127,2.817968824125128,
ENSMUSG00000026483-S,0.8814983508565049,1.252033481761931,1.5098994093134157,1.7462107371414175,2.9848109526219546,
ENSMUSG00000026634-S,6.983003409617319,6.836745406770029,6.8293677037134595,6.843148883285012,7.104286995590794,
ENSMUSG00000026659-S,4.287644323036166,4.346585755776222,3.480712338875618,4.1912673292218585,4.7514535167859515,
ENSMUSG00000026712-S,2.381681604991121,0.0,0.0,0.8358601519897243,2.629277784575916,
ENSMUSG00000026781-S,6.661524907217687,6.548105525749144,6.4107402035406755,6.209407449962355,6.114734141359767,
ENSMUSG00000026782-S,8.755726443918206,9.02004477263027,8.762657680998547,9.20573364815201,8.929935032884021,
ENSMUSG00000026787-S,8.216674370176166,9.162523142016486,8.620876445310449,8.712055241209132,8.165703111035096,
ENSMUSG00000026806-S,2.952016909406638,3.4158104165687497,3.5954333501320948,4.1912673292218585,2.412140613208748,
ENSMUSG00000026918-S,7.508522529016957,7.5187987319006195,7.579948601649216,7.373590722371684,7.667461536357399,
ENSMUSG00000026970-S,6.8938508744117195,7.3700815034322416,7.0666159019821055,7.691040520996306,7.420480848994512,
ENSMUSG00000026988-S,4.287644323036166,3.7480232874605903,3.893290717484193,3.9921790295597224,4.12317059208696,
ENSMUSG00000027009-S,2.952016909406638,0.0,2.2313720798832146,2.6992065503008127,3.393662872112152,
ENSMUSG00000027160-S,6.625056661123682,6.81919921693808,6.441739661332237,6.0646534614533305,6.746001226529983,
ENSMUSG00000027185-S,3.855651169204714,5.31068661896662,4.747957996456652,4.310202091370707,3.8906832365505664,
ENSMUSG00000027187-S,5.401633731870477,5.814313516643948,5.348015979617434,5.700990592947135,5.6518564477232065,
ENSMUSG00000027298-S,9.242608566668013,9.196897261387647,9.01795671895708,9.106509444899702,8.929935032884021,
ENSMUSG00000027301-S,0.0,1.9120895180850064,0.0,0.0,0.8988096753164998,
ENSMUSG00000027357-S,3.855651169204714,4.135963911216731,3.219642216040465,3.3811519668481234,3.613396190469504,
ENSMUSG00000027395-S,3.677173021775615,4.53033944780547,3.3560746442565823,3.9192043340289806,3.2698215982021024,
ENSMUSG00000027405-S,6.022675466681505,6.214003453837115,6.279618480816357,5.151230510377745,5.575447185555685,
ENSMUSG00000027408-S,0.0,2.363257137421632,2.2313720798832146,1.7462107371414175,2.629277784575916,
ENSMUSG00000027499-S,8.582701261524587,8.988994813958069,8.124685990139303,8.21008812491938,8.542051392614256,
ENSMUSG00000027534-S,7.221515872742431,7.062314100234277,6.472087015299897,6.687056749257479,6.85775821447956,
ENSMUSG00000027655-S,3.578907283604972,3.4158104165687497,4.283849055635033,4.420074324097543,3.50770887389526,
ENSMUSG00000027710-S,0.8814983508565049,3.8892486258592904,0.0,1.7462107371414175,3.50770887389526,
ENSMUSG00000027716-S,4.087756923331383,5.454006017166845,4.35070720586557,4.662920305381572,4.323340783761273,
ENSMUSG00000027827-S,7.323661614550701,8.226229608370241,7.600698970006061,7.6179838946789795,7.470565371011097,
ENSMUSG00000027854-S,6.509771526849625,6.437455412376871,6.441739661332237,6.354855059178326,5.982901028228473,
ENSMUSG00000027861-S,3.1010766827490013,4.346585755776222,3.480712338875618,4.127908848497372,4.44285378614437,
ENSMUSG00000027882-S,3.578907283604972,4.53033944780547,3.8006734726731857,4.570627257209177,4.12317059208696,
ENSMUSG00000027896-S,1.424693889909158,0.0,0.0,0.0,1.8454221841165777,
ENSMUSG00000027905-S,3.578907283604972,4.839726816948395,4.062395079675458,4.90891249893456,4.797030438558475,
ENSMUSG00000027952-S,6.427456236515119,5.981386985200087,6.545274813863475,6.48697276002973,6.31600007884439,
ENSMUSG00000028007-S,2.952016909406638,4.441386177064962,2.4905071181678275,3.842340840334267,4.0497601938964145,
ENSMUSG00000028033-S,6.924184662375448,6.783453366131838,6.6813733604736765,7.534936357955543,7.104286995590794,
ENSMUSG00000028082-S,3.4734560020283936,3.215773920361264,3.3560746442565823,2.6992065503008127,3.711866848994471,
ENSMUSG00000028099-S,5.564555649271768,5.151543247134289,5.018559887162254,5.515399979759172,5.837798306068265,
ENSMUSG00000028295-S,4.715269056070795,4.53033944780547,5.174331889531738,4.870717476339724,5.005533443185442,
ENSMUSG00000028345-S,4.463177213100735,5.741661696638082,4.414603722801029,3.4859383607508043,4.841211501107677,
ENSMUSG00000028423-S,6.8938508744117195,6.783453366131838,7.096143586799021,6.992907380444878,6.91054947886507,
ENSMUSG00000028445-S,7.353689562340604,7.149141825818337,7.217542348696336,7.128571815247375,7.076833575124674,
ENSMUSG00000028469-S,6.1817873836428054,5.703916084390923,6.057461417157606,5.490428007609252,5.859442372746998,
ENSMUSG00000028532-S,4.224043439660156,3.5914582317488906,3.8006734726731857,3.6751174087359417,3.50770887389526,
ENSMUSG00000028545-S,4.517242891238822,2.9834669963003715,3.8006734726731857,4.522167862499306,4.44285378614437,
ENSMUSG00000028622-S,7.120343410446092,6.414269297406943,6.995272784976403,6.803147571105655,6.734334225216701,
ENSMUSG00000028637-S,4.804941818439524,5.31068661896662,4.645166924187268,4.982396556311253,4.655738528595867,
ENSMUSG00000028747-S,2.5978233785255886,2.363257137421632,1.9152733459730824,2.5133708470354534,3.613396190469504,
ENSMUSG00000028792-S,5.590006392391629,5.814313516643948,5.473322366074002,4.90891249893456,5.837798306068265,
ENSMUSG00000028847-S,7.111583172258827,6.836745406770029,7.005683214097696,6.823286861286245,7.175040285994503,
ENSMUSG00000028869-S,6.914144099027086,7.393982823876659,7.096143586799021,6.698005053282052,6.9208798188018585,
ENSMUSG00000028932-S,7.8514025846840925,7.7400669061931024,7.863639166682047,7.6179838946789795,7.86228543553994,
ENSMUSG00000028937-S,9.884482648719318,9.15204914444942,9.81674710370016,9.122851096306938,9.720951848612934,
ENSMUSG00000028988-S,8.484339447977817,8.165038510305916,8.515544558121162,8.42959654879906,8.405269343256045,
ENSMUSG00000028992-S,2.381681604991121,3.4158104165687497,3.5954333501320948,2.3000078836598825,2.817968824125128,
ENSMUSG00000029009-S,4.0144604561828565,3.215773920361264,3.219642216040465,3.6751174087359417,4.193025736535522,
ENSMUSG00000029060-S,7.253722517199631,7.405786614557456,7.036471223085498,7.0875306993742555,7.1400973366155815,
ENSMUSG00000029147-S,6.787868570005028,7.2310392039330225,7.402236683761636,6.956899798225038,7.175040285994503,
ENSMUSG00000029165-S,3.3596848186603263,4.441386177064962,3.5954333501320948,3.3811519668481234,2.412140613208748,
ENSMUSG00000029211-S,7.861887819220378,8.71313214864392,7.984353503217218,8.202419785438254,8.052813949210952,
ENSMUSG00000029217-S,0.0,0.0,1.9152733459730824,0.8358601519897243,0.8988096753164998,
ENSMUSG00000029307-S,1.424693889909158,0.0,1.5098994093134157,1.7462107371414175,2.629277784575916,
ENSMUSG00000029352-S,2.381681604991121,0.0,1.9152733459730824,0.0,2.15643154456857,
ENSMUSG00000029376-S,2.381681604991121,3.215773920361264,1.5098994093134157,3.0115472012359445,2.817968824125128,
ENSMUSG00000029557-S,4.224043439660156,4.245115061327776,4.534486340402758,4.522167862499306,5.005533443185442,
ENSMUSG00000029716-S,1.424693889909158,2.363257137421632,2.4905071181678275,2.3000078836598825,2.412140613208748,
ENSMUSG00000029755-S,3.1010766827490013,4.01787370251873,3.980319160809084,4.522167862499306,3.393662872112152,
ENSMUSG00000029763-S,7.4815790574248435,7.71181916702903,7.828885237772431,7.806823727235602,7.785222622962106,
ENSMUSG00000029775-S,7.368472369277754,7.204253336934808,7.208558172818519,6.8132523576936626,6.846964129705442,
ENSMUSG00000029823-S,7.50183368823888,7.89883874961675,8.010434967726313,7.497827005865808,7.745090504803654,
ENSMUSG00000029922-S,7.991683893405408,8.239482231944343,8.000058894058922,8.217715920376726,8.117116490105884,
ENSMUSG00000029999-S,5.21794295537928,5.949484387425713,6.135377222902538,6.283963420530525,5.60136920042422,
ENSMUSG00000030058-S,8.75291245640743,8.750640504550411,8.66094624923898,8.379471710811078,8.565286013226256,
ENSMUSG00000030265-S,7.8826324066914255,7.45205909045421,8.030965884751115,7.781313380436211,7.790865725097137,
ENSMUSG00000030282-S,8.494482950097668,7.97211927691218,8.374058870325948,8.186959734174714,8.152613659686669,
ENSMUSG00000030323-S,6.398939953807072,5.49878083796507,5.745914996934853,5.700990592947135,5.793510971375659,
ENSMUSG00000030346-S,1.424693889909158,0.0,0.9440719876953962,0.8358601519897243,0.0,
ENSMUSG00000030350-S,8.553890401910266,8.39561921920502,8.519182380016064,8.537151102353887,8.679203014858153,
ENSMUSG00000030357-S,8.83503230485328,8.63505672455964,8.7565065335346,8.35892376269915,8.617029257051009,
ENSMUSG00000030469-S,4.087756923331383,3.8892486258592904,3.701700061705504,3.7611506373277046,2.817968824125128,
ENSMUSG00000030606-S,1.424693889909158,1.252033481761931,0.0,1.3616795639125414,0.8988096753164998,
ENSMUSG00000030641-S,0.0,1.252033481761931,0.9440719876953962,0.8358601519897243,0.0,
ENSMUSG00000030691-S,5.281807468287595,6.266735830991656,5.865051658503505,5.656782864836955,5.747820947077054,
ENSMUSG00000030731-S,7.433182173215901,7.135028597621194,7.278912177321537,6.77240149220066,7.266985842967838,
ENSMUSG00000030770-S,6.022675466681505,5.542207775347679,5.246333454911168,6.178471709924905,6.202031067858249,
ENSMUSG00000030786-S,4.087756923331383,4.441386177064962,4.283849055635033,5.358641234599949,3.613396190469504,
ENSMUSG00000030805-S,6.509771526849625,6.3176085446727495,6.191171187069902,6.326915017327909,6.392224509053216,
ENSMUSG00000030846-S,6.9538937706376975,6.8712102830196145,6.394987058664444,6.63103316616467,6.746001226529983,
ENSMUSG00000030982-S,5.342964297448219,5.259564849484186,5.695361937972607,6.114536094684639,6.002488074136208,
ENSMUSG00000030990-S,4.407006245450018,5.259564849484186,4.645166924187268,4.522167862499306,4.323340783761273,
ENSMUSG00000031090-S,1.8183855359868224,1.252033481761931,0.0,2.3000078836598825,2.412140613208748,
ENSMUSG00000031134-S,5.538647851758487,6.292396412187517,6.296675379241278,6.409162423480398,5.982901028228473,
ENSMUSG00000031158-S,6.130675342801464,6.342387633936613,6.279618480816357,5.743883865781123,5.7244215983780675,
ENSMUSG00000031242-S,6.23115040640026,5.949484387425713,5.975096157791689,6.422425749462718,6.132621229324472,
ENSMUSG00000031309-S,5.71093169626494,5.849311962763751,5.669405226299566,6.081473373685834,6.251981243359341,
ENSMUSG00000031371-S,0.8814983508565049,0.0,0.9440719876953962,2.6992065503008127,2.629277784575916,
ENSMUSG00000031429-S,5.615015928273263,6.414269297406943,5.21078180451625,5.412808901682653,5.254543412253529,
ENSMUSG00000031432-S,8.553890401910266,8.37174521919935,8.361955054209618,7.951081654427417,8.195791088621332,
ENSMUSG00000031485-S,6.095566092470916,6.342387633936613,5.910081626845286,5.903738917510723,6.268254241407476,
ENSMUSG00000031503-S,5.564555649271768,5.151543247134289,5.05910784669898,5.465016164281359,5.409299115549597,
ENSMUSG00000031529-S,5.843814892117794,6.414269297406943,6.426323192227173,6.283963420530525,6.4646229410474305,
ENSMUSG00000031532-S,9.428672179476038,9.127309981823217,9.136381495351754,9.258456246083092,9.348703411166742,
ENSMUSG00000031636-S,2.5978233785255886,1.9120895180850064,2.4905071181678275,1.7462107371414175,2.817968824125128,
ENSMUSG00000031753-S,6.077685775124264,6.526644025837436,6.330195854400267,5.490428007609252,6.184989158780298,
ENSMUSG00000031772-S,4.760802042391417,3.4158104165687497,3.980319160809084,4.061639545947828,4.193025736535522,
ENSMUSG00000031776-S,7.586459274327549,7.3820816601323695,7.005683214097696,7.63517445484748,7.463516015197551,
ENSMUSG00000031812-S,9.670036352173229,8.957261865761001,9.409611392056163,9.172757390513905,9.553455393887637,
ENSMUSG00000031962-S,3.3596848186603263,1.9120895180850064,2.2313720798832146,3.6751174087359417,2.15643154456857,
ENSMUSG00000031970-S,4.517242891238822,4.90771502599764,4.35070720586557,4.3661839061440535,4.44285378614437,
ENSMUSG00000032120-S,8.453473880153792,8.916588221520323,8.586613242562814,8.524905965469664,8.4523190922889,
ENSMUSG00000032258-S,3.769170314971537,3.5914582317488906,2.4905071181678275,2.8638130617722606,3.1343429957332973,
ENSMUSG00000032300-S,4.224043439660156,2.9834669963003715,4.414603722801029,4.061639545947828,3.50770887389526,
ENSMUSG00000032334-S,2.7857626338523107,1.252033481761931,2.710107810154817,2.6992065503008127,3.2698215982021024,
ENSMUSG00000032336-S,10.170434914754114,10.202450984059146,10.167913507358223,10.213123057490831,10.12219482150656,
ENSMUSG00000032350-S,5.885521873236442,6.342387633936613,5.910081626845286,5.8846991978265715,5.963044390395709,
ENSMUSG00000032409-S,4.34855936407696,4.768375462585618,4.747957996456652,4.662920305381572,4.3843344898943,
ENSMUSG00000032415-S,2.952016909406638,0.0,0.9440719876953962,2.0495205232084777,2.412140613208748,
ENSMUSG00000032435-S,7.154861926119732,7.474650424843078,7.329513888930085,7.582975788243509,7.5854167515976,
ENSMUSG00000032456-S,1.8183855359868224,3.5914582317488906,3.219642216040465,3.6751174087359417,2.9848109526219546,
ENSMUSG00000032485-S,6.904033167473012,7.295905682352898,7.056637497249797,7.222553934745344,7.35342097973942,
ENSMUSG00000032513-S,4.34855936407696,4.346585755776222,4.14005191965989,4.946122343317337,5.005533443185442,
ENSMUSG00000032534-S,4.6682520354957875,5.814313516643948,5.818570789304804,5.358641234599949,5.466834248092573,
ENSMUSG00000032567-S,3.855651169204714,3.8892486258592904,3.3560746442565823,3.268154397447143,1.448400923237856,
ENSMUSG00000032572-S,3.3596848186603263,2.363257137421632,3.068947160363723,3.0115472012359445,2.629277784575916,
ENSMUSG00000032586-S,6.8835962053602895,7.308536197119968,6.719819376624818,6.803147571105655,6.362216261542825,
ENSMUSG00000032594-S,8.747267961551872,8.782678958507356,8.828643944283595,8.6737470432441,8.594619586235748,
ENSMUSG00000032598-S,6.003862487740904,6.043150718593695,6.037306737418842,6.3127394277493165,6.078280581178634,
ENSMUSG00000032599-S,7.048725271189362,7.135028597621194,6.6813733604736765,6.560800361676979,6.5733963579777885,
ENSMUSG00000032604-S,6.247236417540254,6.482738823713279,6.172811908291399,6.283963420530525,6.021812750623437,
ENSMUSG00000032698-S,5.485393293004125,6.043150718593695,5.64297293652291,6.194022497820422,5.793510971375659,
ENSMUSG00000032757-S,2.5978233785255886,3.5914582317488906,2.710107810154817,4.946122343317337,3.50770887389526,
ENSMUSG00000032777-S,6.924184662375448,6.921411345150419,7.456368558022068,7.657781136035763,7.405845714617354,
ENSMUSG00000032786-S,6.041246275850274,5.981386985200087,6.1542159804073755,5.8846991978265715,5.837798306068265,
ENSMUSG00000032946-S,9.352645858202036,10.520067277175304,10.044601679493422,9.878564815458263,9.478507208470472,
ENSMUSG00000032968-S,5.485393293004125,5.31068661896662,5.281030051291837,4.706943200969149,4.49909163489714,
ENSMUSG00000033054-S,5.1165105940161535,5.542207775347679,5.018559887162254,5.1190074663172975,5.409299115549597,
ENSMUSG00000033063-S,4.6196509752931405,4.245115061327776,4.534486340402758,4.251959975632417,4.605389347702585,
ENSMUSG00000033152-S,4.463177213100735,4.346585755776222,3.5954333501320948,4.420074324097543,4.259654139385937,
ENSMUSG00000033253-S,3.769170314971537,4.53033944780547,4.475789898725806,3.5836265212987755,3.804043719866039,
ENSMUSG00000033365-S,7.020924540872975,7.135028597621194,6.864110150963791,7.001770586221078,7.058236698548599,
ENSMUSG00000033373-S,6.384467619153066,6.186896409169396,6.172811908291399,6.012984124523574,6.0597024682529055,
ENSMUSG00000033417-S,7.196880103954372,6.728117001564042,7.026281383317203,7.274676319712451,7.131227738448319,
ENSMUSG00000033629-S,8.662839531064499,8.171967105584093,8.28284520582323,8.240360274022763,8.043389362634482,
ENSMUSG00000033658-S,4.087756923331383,4.135963911216731,5.05910784669898,4.61751168452487,4.655738528595867,
ENSMUSG00000033717-S,5.538647851758487,4.135963911216731,4.590887770328477,3.0115472012359445,5.254543412253529,
ENSMUSG00000033721-S,2.5978233785255886,3.5914582317488906,3.8006734726731857,2.0495205232084777,3.393662872112152,
ENSMUSG00000033735-S,6.904033167473012,6.526644025837436,7.026281383317203,6.422425749462718,6.586434021622412,
ENSMUSG00000033910-S,6.914144099027086,7.730712312818764,7.005683214097696,7.760575261725251,7.434969009842988,
ENSMUSG00000033916-S,7.8514025846840925,7.915448007797188,8.115102561922122,7.94649837819922,7.970671339128986,
ENSMUSG00000033960-S,8.166804841126071,9.179812575393417,8.813909878577633,8.833693806124503,8.798850429513363,
ENSMUSG00000034055-S,4.087756923331383,4.135963911216731,4.14005191965989,4.706943200969149,5.187672995329554,
ENSMUSG00000034064-S,6.787868570005028,6.765242729484086,6.757267392522311,6.572745839342076,6.492594758846733,
ENSMUSG00000034154-S,5.733946357153648,5.625326433022477,5.841998406373932,5.243794081508397,5.815824571638442,
ENSMUSG00000034156-S,7.814092262875505,7.776890265300822,7.880707138134236,7.750093332335288,7.930335704640708,
ENSMUSG00000034402-S,2.381681604991121,2.363257137421632,2.2313720798832146,2.0495205232084777,0.0,
ENSMUSG00000034532-S,3.769170314971537,4.441386177064962,4.35070720586557,4.310202091370707,3.393662872112152,
ENSMUSG00000034848-S,2.5978233785255886,3.5914582317488906,3.893290717484193,4.061639545947828,2.412140613208748,
ENSMUSG00000034892-S,10.841959394257604,11.05309701844565,10.829928295428816,10.84431334887886,10.915497560885727,
ENSMUSG00000034919-S,0.8814983508565049,1.9120895180850064,2.710107810154817,1.7462107371414175,1.8454221841165777,
ENSMUSG00000034981-S,7.020924540872975,6.159270276796894,6.530931268313351,6.843148883285012,7.076833575124674,
ENSMUSG00000035007-S,6.340158605984437,6.953933793464587,6.441739661332237,5.656782864836955,5.9017800603685595,
ENSMUSG00000035021-S,4.715269056070795,5.949484387425713,5.281030051291837,4.662920305381572,4.797030438558475,
ENSMUSG00000035151-S,3.236167561083,2.706436814589186,4.14005191965989,3.3811519668481234,3.393662872112152,
ENSMUSG00000035208-S,1.424693889909158,1.252033481761931,0.0,0.8358601519897243,0.8988096753164998,
ENSMUSG00000035274-S,3.855651169204714,3.7480232874605903,3.480712338875618,3.842340840334267,3.1343429957332973,
ENSMUSG00000035277-S,4.087756923331383,4.768375462585618,4.747957996456652,5.1190074663172975,4.655738528595867,
ENSMUSG00000035278-S,5.615015928273263,5.883481449087959,5.560639926830598,5.1190074663172975,5.1175517766974465,
ENSMUSG00000035397-S,6.873268124047846,7.592949467938157,7.378400751675888,7.237639185037099,7.058236698548599,
ENSMUSG00000035495-S,5.044697112081977,4.6141251428220995,5.21078180451625,5.679056051471869,4.704389648422898,
ENSMUSG00000035595-S,3.1010766827490013,4.135963911216731,3.480712338875618,3.145548524333338,3.50770887389526,
ENSMUSG00000035601-S,3.578907283604972,3.8892486258592904,4.475789898725806,3.5836265212987755,3.711866848994471,
ENSMUSG00000035686-S,5.21794295537928,4.01787370251873,5.1369371387826135,5.302360171452159,4.7514535167859515,
ENSMUSG00000035776-S,6.6126928085241214,6.630894632879531,7.0666159019821055,6.719655517259492,6.586434021622412,
ENSMUSG00000035863-S,8.0340240546152,7.882036045446568,8.148369694017763,7.446814684074512,7.82976122407152,
ENSMUSG00000035914-S,3.677173021775615,3.5914582317488906,2.710107810154817,3.3811519668481234,2.629277784575916,
ENSMUSG00000035967-S,5.007403801176462,5.151543247134289,4.976839260629534,5.8654048404337775,4.3843344898943,
ENSMUSG00000036053-S,5.77890269791347,5.703916084390923,5.314911759390498,5.017781038509307,6.132621229324472,
ENSMUSG00000036114-S,5.281807468287595,5.259564849484186,4.843909861384497,5.330775133617914,5.549050874813313,
ENSMUSG00000036169-S,1.424693889909158,0.0,1.5098994093134157,1.3616795639125414,0.0,
ENSMUSG00000036199-S,9.195716514441552,9.223818784435093,9.25020294033065,9.263992488472876,9.180488733881498,
ENSMUSG00000036225-S,7.713471347909686,7.907167280668749,8.030965884751115,8.082217149870859,7.935439763861664,
ENSMUSG00000036381-S,3.3596848186603263,3.215773920361264,3.3560746442565823,2.0495205232084777,1.448400923237856,
ENSMUSG00000036501-S,4.889365515122079,4.972642913292944,5.281030051291837,4.662920305381572,4.88407967019736,
ENSMUSG00000036632-S,5.044697112081977,5.151543247134289,5.281030051291837,5.1190074663172975,4.925710727711269,
ENSMUSG00000036698-S,7.433182173215901,7.758596067519955,7.600698970006061,7.485242028039063,6.971450270039055,
ENSMUSG00000036949-S,4.6196509752931405,2.706436814589186,4.796731486939921,5.151230510377745,4.797030438558475,
ENSMUSG00000036966-S,9.085959049198834,8.219557363164045,8.759585385556978,8.561333920260207,8.607467704229686,
ENSMUSG00000037139-S,2.381681604991121,3.215773920361264,3.3560746442565823,4.251959975632417,3.2698215982021024,
ENSMUSG00000037148-S,6.6002220815138015,6.569252438926133,6.719819376624818,6.4485921061730265,6.5733963579777885,
ENSMUSG00000037185-S,2.381681604991121,2.363257137421632,2.2313720798832146,2.3000078836598825,1.8454221841165777,
ENSMUSG00000037266-S,8.015359440252652,7.97211927691218,7.984353503217218,8.462071010762076,7.835233100037494,
ENSMUSG00000037474-S,4.34855936407696,1.252033481761931,3.893290717484193,3.7611506373277046,3.8906832365505664,
ENSMUSG00000037553-S,6.077685775124264,6.414269297406943,6.22720336594662,5.53994705005325,5.7244215983780675,
ENSMUSG00000037570-S,3.578907283604972,4.346585755776222,4.534486340402758,4.1912673292218585,4.259654139385937,
ENSMUSG00000037601-S,9.010214117898265,8.619935249310632,8.366000953155481,8.561333920260207,8.601057947769446,
ENSMUSG00000037697-S,6.340158605984437,6.590093854837631,6.60126409579883,6.676024725157274,6.846964129705442,
ENSMUSG00000037791-S,5.843814892117794,5.981386985200087,6.487024615680451,6.2396937361670455,6.235522596653522,
ENSMUSG00000037815-S,5.800866215375006,5.741661696638082,6.394987058664444,6.283963420530525,6.002488074136208,
ENSMUSG00000037936-S,5.843814892117794,6.240610558611428,5.865051658503505,5.995341441294356,5.7244215983780675,
ENSMUSG00000038034-S,9.151528782202224,8.769035219896297,9.201224070042011,8.770271104672386,9.139057747795702,
ENSMUSG00000038042-S,4.715269056070795,4.839726816948395,3.8006734726731857,3.3811519668481234,4.704389648422898,
ENSMUSG00000038046-S,4.34855936407696,4.90771502599764,4.213741325458526,4.420074324097543,5.043847468583399,
ENSMUSG00000038065-S,6.983003409617319,6.548105525749144,6.781703390580005,6.653704325618293,6.836088675603819,
ENSMUSG00000038115-S,3.1010766827490013,3.4158104165687497,3.068947160363723,3.9192043340289806,3.804043719866039,
ENSMUSG00000038168-S,0.8814983508565049,2.706436814589186,1.5098994093134157,0.8358601519897243,3.2698215982021024,
ENSMUSG00000038365-S,6.325081275622167,6.590093854837631,6.7071175361883135,6.872438429342408,6.492594758846733,
ENSMUSG00000038374-S,8.425472230774794,8.453630955466782,8.252570111400354,7.996130962279584,8.27443002548169,
ENSMUSG00000038503-S,5.77890269791347,5.2065648251484395,6.077338407715166,6.146858050991135,6.021812750623437,
ENSMUSG00000038524-S,3.769170314971537,2.706436814589186,3.068947160363723,3.0115472012359445,3.2698215982021024,
ENSMUSG00000038563-S,3.937239890567626,4.01787370251873,4.590887770328477,4.310202091370707,4.323340783761273,
ENSMUSG00000038564-S,5.342964297448219,5.360058715819535,5.348015979617434,4.791153042247958,5.793510971375659,
ENSMUSG00000038602-S,8.272757072716411,8.38968765491276,7.947028710516329,8.221514747632936,7.985511125959031,
ENSMUSG00000038665-S,4.407006245450018,5.916860337589944,4.645166924187268,4.61751168452487,4.5532192713349815,
ENSMUSG00000038677-S,4.287644323036166,5.259564849484186,5.098547262714951,4.831483685753933,4.797030438558475,
ENSMUSG00000038773-S,4.087756923331383,4.01787370251873,4.414603722801029,3.268154397447143,4.12317059208696,
ENSMUSG00000038780-S,5.843814892117794,5.981386985200087,6.135377222902538,5.941080722734081,6.021812750623437,
ENSMUSG00000038884-S,5.926056943589847,6.073068506804958,6.016866499588671,5.564083436445876,6.167743532460847,
ENSMUSG00000038894-S,7.180219395569444,7.032170105041157,7.162778411460987,6.910588514038361,6.674540549076575,
ENSMUSG00000038970-S,5.044697112081977,4.90771502599764,4.414603722801029,6.2546017452825815,5.043847468583399,
ENSMUSG00000038984-S,6.661524907217687,6.969924155759229,6.628464442318559,7.0875306993742555,6.900144635287063,
ENSMUSG00000039202-S,6.587642616303481,6.746799284528518,6.817598443870792,7.60058602618965,6.868472138487745,
ENSMUSG00000039375-S,5.965484165482666,6.414269297406943,5.745914996934853,6.642413278534206,6.078280581178634,
ENSMUSG00000039611-S,8.005935793747346,7.3820816601323695,7.799270079969146,7.60058602618965,7.796486840210599,
ENSMUSG00000039629-S,4.569355407885359,5.883481449087959,4.843909861384497,5.611177565255836,4.7514535167859515,
ENSMUSG00000039637-S,6.820488657798112,7.345777526406197,6.530931268313351,6.395776029654818,6.284345732250679,
ENSMUSG00000039715-S,4.463177213100735,4.245115061327776,3.701700061705504,4.946122343317337,4.88407967019736,
ENSMUSG00000039716-S,7.770235847261892,8.011277743858663,7.880707138134236,8.255261432536962,7.94559402724571,
ENSMUSG00000039771-S,6.340158605984437,6.186896409169396,6.077338407715166,6.178471709924905,6.218874016456546,
ENSMUSG00000039804-S,6.469200881007631,6.548105525749144,6.362955146302068,6.782723161847655,6.218874016456546,
ENSMUSG00000039954-S,4.6682520354957875,5.542207775347679,5.246333454911168,5.634160412238118,4.259654139385937,
ENSMUSG00000039960-S,6.1817873836428054,6.159270276796894,6.559477155905074,6.326915017327909,6.002488074136208,
ENSMUSG00000039982-S,6.649470962290994,5.778444887040087,5.669405226299566,6.130787588069941,6.520034541689481,
ENSMUSG00000040055-S,6.413268550551798,5.625326433022477,6.573541047483937,6.48697276002973,6.6866991845093855,
ENSMUSG00000040112-S,5.1165105940161535,5.703916084390923,5.314911759390498,5.7225966328626745,5.626833663545276,
ENSMUSG00000040219-S,1.424693889909158,2.706436814589186,2.4905071181678275,2.8638130617722606,2.9848109526219546,
ENSMUSG00000040236-S,6.809697038963033,6.590093854837631,6.279618480816357,6.572745839342076,6.971450270039055,
ENSMUSG00000040272-S,0.8814983508565049,2.363257137421632,2.2313720798832146,2.3000078836598825,0.8988096753164998,
ENSMUSG00000040289-S,6.278880161432731,6.6900106035365665,6.545274813863475,6.740985871585343,6.5733963579777885,
ENSMUSG00000040363-S,5.590006392391629,4.972642913292944,5.1369371387826135,5.302360171452159,5.286851112344599,
ENSMUSG00000040380-S,0.8814983508565049,0.0,3.5954333501320948,0.8358601519897243,0.0,
ENSMUSG00000040447-S,5.401633731870477,3.7480232874605903,4.414603722801029,5.151230510377745,5.0811702465615625,
ENSMUSG00000040659-S,8.05245027963688,6.8712102830196145,7.930731950510361,8.531041525476432,8.548728126352408,
ENSMUSG00000040759-S,5.926056943589847,6.709189613560245,6.744892411239863,6.965986296552648,6.15028925948454,
ENSMUSG00000040850-S,5.905931766797873,6.292396412187517,5.695361937972607,5.764861563346892,6.132621229324472,
ENSMUSG00000040875-S,3.4734560020283936,1.9120895180850064,3.219642216040465,2.0495205232084777,2.412140613208748,
ENSMUSG00000040913-S,5.184918256544655,6.012599350318927,5.1369371387826135,5.182749538479859,5.6518564477232065,
ENSMUSG00000041236-S,8.154063375715994,7.89883874961675,7.947028710516329,7.594739798730566,8.089908429570864,
ENSMUSG00000041261-S,3.677173021775615,4.01787370251873,3.8006734726731857,4.420074324097543,4.704389648422898,
ENSMUSG00000041272-S,5.864819091217013,4.972642913292944,5.174331889531738,6.098099445781234,5.3796475820574,
ENSMUSG00000041298-S,7.8514025846840925,7.149141825818337,7.700196960632081,7.629466997418,8.019554968001971,
ENSMUSG00000041354-S,4.6682520354957875,4.839726816948395,4.93387611367644,4.831483685753933,3.393662872112152,
ENSMUSG00000041380-S,6.263145046079862,6.836745406770029,6.172811908291399,6.130787588069941,5.60136920042422,
ENSMUSG00000041439-S,6.841832703658686,6.526644025837436,7.016019059852344,6.676024725157274,7.095193778602104,
ENSMUSG00000041488-S,5.312709918582393,5.31068661896662,5.246333454911168,5.385979276735687,5.438353477716852,
ENSMUSG00000041515-S,3.677173021775615,4.90771502599764,4.475789898725806,5.017781038509307,5.187672995329554,
ENSMUSG00000041528-S,6.649470962290994,5.883481449087959,6.379060000544352,6.081473373685834,6.15028925948454,
ENSMUSG00000041608-S,4.463177213100735,5.151543247134289,5.018559887162254,5.611177565255836,4.12317059208696,
ENSMUSG00000041710-S,1.8183855359868224,1.252033481761931,2.900655540153005,2.0495205232084777,1.8454221841165777,
ENSMUSG00000041712-S,5.184918256544655,5.151543247134289,5.588609598366368,5.764861563346892,5.815824571638442,
ENSMUSG00000041911-S,4.463177213100735,2.9834669963003715,3.701700061705504,4.662920305381572,4.3843344898943,
ENSMUSG00000041992-S,6.413268550551798,6.590093854837631,6.6813733604736765,6.63103316616467,6.8896642055979544,
ENSMUSG00000042063-S,4.889365515122079,5.360058715819535,4.6974777412786635,4.870717476339724,4.3843344898943,
ENSMUSG00000042202-S,5.21794295537928,4.6141251428220995,4.6974777412786635,5.273374291794299,5.3184511329259045,
ENSMUSG00000042203-S,7.1718163302297055,6.186896409169396,6.4107402035406755,5.959395321011692,6.218874016456546,
ENSMUSG00000042216-S,8.149791090855409,7.321057093180761,7.891974627732712,7.728898199242424,7.790865725097137,
ENSMUSG00000042258-S,4.569355407885359,6.186896409169396,4.645166924187268,5.564083436445876,4.966174077827383,
ENSMUSG00000042312-S,6.720328688981667,6.888138806717544,7.086368021051478,7.152647517162606,6.710713298215515,
ENSMUSG00000042350-S,7.6483372819655715,7.923681476639584,7.725610342323806,7.969270526989354,7.63645553997481,
ENSMUSG00000042359-S,6.5749524999206495,6.073068506804958,6.559477155905074,6.162751472167259,6.478676640636891,
ENSMUSG00000042417-S,2.381681604991121,3.8892486258592904,4.35070720586557,3.842340840334267,2.9848109526219546,
ENSMUSG00000042510-S,1.424693889909158,2.706436814589186,1.9152733459730824,2.6992065503008127,2.9848109526219546,
ENSMUSG00000042644-S,1.424693889909158,2.363257137421632,2.710107810154817,2.8638130617722606,2.412140613208748,
ENSMUSG00000042854-S,3.677173021775615,3.7480232874605903,3.3560746442565823,3.9921790295597224,4.259654139385937,
ENSMUSG00000042942-S,2.952016909406638,2.706436814589186,2.900655540153005,2.3000078836598825,1.448400923237856,
ENSMUSG00000043207-S,5.864819091217013,6.073068506804958,5.246333454911168,5.634160412238118,5.254543412253529,
ENSMUSG00000043311-S,4.9691208282971555,4.346585755776222,5.314911759390498,4.420074324097543,4.44285378614437,
ENSMUSG00000043388-S,8.735912284999673,8.476197880641314,8.690284753245457,7.982763255468637,8.117116490105884,
ENSMUSG00000043909-S,7.467916245181943,7.106381073712524,7.544687320521683,7.674506670166678,7.484561582076554,
ENSMUSG00000043924-S,2.952016909406638,1.252033481761931,2.900655540153005,1.7462107371414175,3.1343429957332973,
ENSMUSG00000044149-S,4.157508899183894,4.346585755776222,4.283849055635033,4.4720239969047695,4.3843344898943,
ENSMUSG00000044348-S,4.92979423239614,4.441386177064962,4.6974777412786635,3.7611506373277046,4.7514535167859515,
ENSMUSG00000044499-S,4.287644323036166,4.245115061327776,3.480712338875618,3.6751174087359417,4.0497601938964145,
ENSMUSG00000044501-S,3.1010766827490013,2.706436814589186,2.2313720798832146,0.8358601519897243,1.448400923237856,
ENSMUSG00000044700-S,6.673478973456704,6.8712102830196145,6.587469161908324,6.409162423480398,6.599354918082385,
ENSMUSG00000044709-S,5.401633731870477,5.407796954309,5.018559887162254,5.151230510377745,5.770846826546299,
ENSMUSG00000045027-S,2.381681604991121,0.0,2.4905071181678275,2.6992065503008127,2.817968824125128,
ENSMUSG00000045062-S,4.517242891238822,4.53033944780547,5.5321172659835725,4.946122343317337,4.605389347702585,
ENSMUSG00000045107-S,4.224043439660156,4.135963911216731,2.900655540153005,4.127908848497372,3.9724131580259057,
ENSMUSG00000045136-S,10.672132638792096,10.620984838559629,11.116558453183716,10.59626349119034,10.645752062093852,
ENSMUSG00000045237-S,3.236167561083,2.363257137421632,2.710107810154817,2.8638130617722606,2.412140613208748,
ENSMUSG00000045275-S,2.1273528570580367,3.4158104165687497,2.2313720798832146,1.3616795639125414,1.8454221841165777,
ENSMUSG00000045573-S,11.121539080339227,11.969210866178246,11.850258688841368,12.032506568441336,11.361809807425978,
ENSMUSG00000045672-S,3.855651169204714,4.01787370251873,3.980319160809084,3.9921790295597224,4.605389347702585,
ENSMUSG00000045690-S,4.087756923331383,4.839726816948395,3.893290717484193,4.1912673292218585,4.259654139385937,
ENSMUSG00000045731-S,2.5978233785255886,0.0,2.4905071181678275,2.6992065503008127,2.15643154456857,
ENSMUSG00000045763-S,11.149089922667423,10.262107590640944,10.808533684348324,11.027978341717436,10.860208988321403,
ENSMUSG00000045838-S,3.236167561083,2.363257137421632,3.068947160363723,3.0115472012359445,3.50770887389526,
ENSMUSG00000045948-S,8.1282378063371,8.259135665519304,7.863639166682047,7.303636312194469,7.703809991253371,
ENSMUSG00000046109-S,1.424693889909158,3.215773920361264,1.5098994093134157,0.8358601519897243,1.448400923237856,
ENSMUSG00000046178-S,5.250228573329713,5.2065648251484395,5.018559887162254,5.213594657007224,5.494763636635576,
ENSMUSG00000046191-S,3.578907283604972,4.01787370251873,3.893290717484193,4.061639545947828,3.50770887389526,
ENSMUSG00000046280-S,2.5978233785255886,3.5914582317488906,3.8006734726731857,3.145548524333338,2.817968824125128,
ENSMUSG00000046410-S,3.3596848186603263,2.363257137421632,2.4905071181678275,2.5133708470354534,3.613396190469504,
ENSMUSG00000046480-S,8.5244924402085,9.569079317947605,9.045967025164558,10.022694169973748,9.304019725686391,
ENSMUSG00000046561-S,1.8183855359868224,0.0,0.9440719876953962,0.0,0.0,
ENSMUSG00000046613-S,5.081050642191776,4.135963911216731,5.720859883013014,4.662920305381572,5.3796475820574,
ENSMUSG00000046785-S,7.33875371145048,6.937764210924323,7.144051857966631,7.310786380567531,7.157674601149086,
ENSMUSG00000047085-S,7.753439773228509,7.507887663698476,7.925258530161719,7.63517445484748,7.679679725824699,
ENSMUSG00000047181-S,5.184918256544655,4.768375462585618,5.473322366074002,4.1912673292218585,3.2698215982021024,
ENSMUSG00000047307-S,1.8183855359868224,2.706436814589186,0.9440719876953962,3.3811519668481234,2.817968824125128,
ENSMUSG00000047368-S,6.482851590077713,6.526644025837436,6.456993132112383,6.608000046327656,6.791748012875061,
ENSMUSG00000047539-S,6.095566092470916,5.49878083796507,5.818570789304804,6.298423168760387,6.251981243359341,
ENSMUSG00000047591-S,3.677173021775615,5.454006017166845,4.14005191965989,5.213594657007224,4.193025736535522,
ENSMUSG00000047604-S,3.937239890567626,4.6141251428220995,4.35070720586557,4.570627257209177,3.613396190469504,
ENSMUSG00000047649-S,6.787868570005028,6.6900106035365665,6.8410417283324225,6.584593220441917,6.377298405830814,
ENSMUSG00000047935-S,3.677173021775615,4.135963911216731,3.8006734726731857,3.0115472012359445,3.804043719866039,
ENSMUSG00000048038-S,2.952016909406638,4.346585755776222,3.480712338875618,4.310202091370707,3.613396190469504,
ENSMUSG00000048126-S,2.1273528570580367,0.0,2.710107810154817,2.0495205232084777,0.8988096753164998,
ENSMUSG00000048186-S,3.4734560020283936,2.9834669963003715,3.5954333501320948,3.4859383607508043,2.412140613208748,
ENSMUSG00000048218-S,4.463177213100735,4.01787370251873,4.590887770328477,3.4859383607508043,3.9724131580259057,
ENSMUSG00000048240-S,9.714105562891165,10.461893117257176,9.977432328911403,9.87011932825899,9.720951848612934,
ENSMUSG00000048546-S,5.485393293004125,5.259564849484186,5.7947564475811975,6.326915017327909,5.7244215983780675,
ENSMUSG00000048782-S,1.424693889909158,1.252033481761931,1.9152733459730824,3.4859383607508043,2.15643154456857,
ENSMUSG00000049047-S,4.224043439660156,4.839726816948395,5.174331889531738,4.061639545947828,4.88407967019736,
ENSMUSG00000049124-S,0.8814983508565049,2.9834669963003715,1.9152733459730824,2.3000078836598825,2.15643154456857,
ENSMUSG00000049411-S,2.1273528570580367,3.4158104165687497,3.219642216040465,2.8638130617722606,2.629277784575916,
ENSMUSG00000049643-S,4.804941818439524,4.90771502599764,5.018559887162254,5.439148675192057,4.88407967019736,
ENSMUSG00000050002-S,5.98480093952982,6.102378460546361,5.7705423991131415,5.764861563346892,5.9017800603685595,
ENSMUSG00000050240-S,4.889365515122079,5.454006017166845,3.5954333501320948,5.515399979759172,5.1175517766974465,
ENSMUSG00000050272-S,6.003862487740904,5.542207775347679,5.720859883013014,6.584593220441917,6.6622785724739995,
ENSMUSG00000050315-S,3.855651169204714,4.53033944780547,4.534486340402758,4.522167862499306,4.12317059208696,
ENSMUSG00000050473-S,6.113227516804359,6.8712102830196145,5.588609598366368,6.536608523052639,5.793510971375659,
ENSMUSG00000050549-S,3.578907283604972,4.135963911216731,3.068947160363723,4.3661839061440535,3.613396190469504,
ENSMUSG00000050552-S,7.730736433788912,7.692675314875759,7.515844328769899,7.723550402125067,7.807663790072375,
ENSMUSG00000050555-S,0.0,0.0,0.0,1.7462107371414175,0.0,
ENSMUSG00000050587-S,8.592178427253593,8.664832340423278,8.357897777014124,9.368765048866663,8.89368168919501,
ENSMUSG00000050711-S,8.710030415785386,8.878974956670119,9.040914525748128,9.425857468648251,8.84297663503715,
ENSMUSG00000050973-S,3.855651169204714,3.5914582317488906,3.701700061705504,3.5836265212987755,3.50770887389526,
ENSMUSG00000051391-S,11.331789160843998,10.51598888355831,10.838689263338722,10.84246435120127,11.072582956748349,
ENSMUSG00000051451-S,4.715269056070795,5.034774158225798,4.534486340402758,4.1912673292218585,4.605389347702585,
ENSMUSG00000051615-S,6.673478973456704,6.6900106035365665,7.551808860306952,7.045287793596419,7.442158891931357,
ENSMUSG00000051674-S,6.482851590077713,6.390704454364174,6.26235750448008,6.63103316616467,6.184989158780298,
ENSMUSG00000051811-S,3.4734560020283936,2.9834669963003715,3.3560746442565823,3.5836265212987755,2.9848109526219546,
ENSMUSG00000052085-S,2.1273528570580367,1.9120895180850064,0.0,2.0495205232084777,1.448400923237856,
ENSMUSG00000052336-S,8.260921523400816,8.470589156398674,8.15773537369074,7.964744762146604,7.756671190986539,
ENSMUSG00000052516-S,7.011537293732101,7.702278994404797,7.0765257648457665,7.045287793596419,7.058236698548599,
ENSMUSG00000052593-S,5.044697112081977,5.151543247134289,5.05910784669898,4.706943200969149,5.005533443185442,
ENSMUSG00000052712-S,6.9440585552474525,6.765242729484086,6.886815511532227,7.045287793596419,7.020307954874572,
ENSMUSG00000052848-S,4.287644323036166,3.8892486258592904,3.8006734726731857,3.7611506373277046,4.0497601938964145,
ENSMUSG00000053063-S,2.7857626338523107,4.53033944780547,3.068947160363723,3.268154397447143,3.50770887389526,
ENSMUSG00000053192-S,9.703942498886905,9.569079317947605,9.517214896010174,9.560923162063226,9.584653328077213,
ENSMUSG00000053519-S,5.733946357153648,4.768375462585618,5.174331889531738,5.273374291794299,5.5221625877843605,
ENSMUSG00000053916-S,4.087756923331383,4.01787370251873,2.900655540153005,3.268154397447143,2.817968824125128,
ENSMUSG00000053980-S,0.0,0.0,0.9440719876953962,1.3616795639125414,0.8988096753164998,
ENSMUSG00000054162-S,7.383105236883253,8.419104570297987,7.857904673869407,8.107072246744108,7.840684300581416,
ENSMUSG00000054484-S,4.287644323036166,5.360058715819535,4.14005191965989,5.0523183935005855,4.7514535167859515,
ENSMUSG00000054690-S,2.5978233785255886,3.7480232874605903,3.980319160809084,3.3811519668481234,4.12317059208696,
ENSMUSG00000055003-S,8.36778374451021,8.407409683404882,8.657649279410764,8.738808549299673,8.314159051654254,
ENSMUSG00000055200-S,2.7857626338523107,3.8892486258592904,4.590887770328477,3.7611506373277046,3.9724131580259057,
ENSMUSG00000055202-S,4.92979423239614,3.7480232874605903,3.893290717484193,4.310202091370707,4.7514535167859515,
ENSMUSG00000055214-S,5.885521873236442,7.001382809251415,6.487024615680451,5.700990592947135,6.392224509053216,
ENSMUSG00000055692-S,8.37145765000842,8.383731602592025,8.208187234098169,8.302653937935396,8.568574907843521,
ENSMUSG00000055760-S,2.7857626338523107,3.5914582317488906,2.900655540153005,3.9192043340289806,3.613396190469504,
ENSMUSG00000056004-S,5.639599293909598,5.454006017166845,5.348015979617434,5.358641234599949,5.3796475820574,
ENSMUSG00000056069-S,4.804941818439524,5.31068661896662,4.414603722801029,4.749662448503417,5.187672995329554,
ENSMUSG00000056076-S,6.914144099027086,7.001382809251415,6.886815511532227,6.664907690718361,6.546962151410839,
ENSMUSG00000056091-S,9.62303824253356,9.381570302246876,9.53708748297386,9.742416888774857,9.99474561627948,
ENSMUSG00000056145-S,5.485393293004125,5.151543247134289,5.05910784669898,4.870717476339724,4.49909163489714,
ENSMUSG00000056687-S,2.1273528570580367,2.706436814589186,1.5098994093134157,1.7462107371414175,2.15643154456857,
ENSMUSG00000057098-S,5.1165105940161535,6.240610558611428,6.330195854400267,5.611177565255836,5.770846826546299,
ENSMUSG00000057132-S,1.8183855359868224,0.0,1.9152733459730824,1.3616795639125414,0.0,
ENSMUSG00000057457-S,2.1273528570580367,3.5914582317488906,3.480712338875618,1.7462107371414175,2.15643154456857,
ENSMUSG00000057969-S,1.8183855359868224,0.0,3.068947160363723,1.7462107371414175,1.448400923237856,
ENSMUSG00000058153-S,6.8938508744117195,4.53033944780547,6.379060000544352,6.852978284180263,7.039396967412493,
ENSMUSG00000058260-S,5.885521873236442,6.854080759874858,6.077338407715166,5.634160412238118,5.3796475820574,
ENSMUSG00000058498-S,3.1010766827490013,3.7480232874605903,3.8006734726731857,3.3811519668481234,3.613396190469504,
ENSMUSG00000058669-S,0.0,2.706436814589186,2.2313720798832146,3.145548524333338,2.412140613208748,
ENSMUSG00000059534-S,9.358211193791282,9.369565873633707,9.088213521266782,9.108562302939667,9.298088044104508,
ENSMUSG00000059751-S,0.8814983508565049,0.0,1.5098994093134157,0.8358601519897243,0.0,
ENSMUSG00000059923-S,8.701298905349212,8.158076479557899,8.357897777014124,8.6542046137944,8.66698077030417,
ENSMUSG00000060862-S,4.6196509752931405,3.8892486258592904,3.701700061705504,4.1912673292218585,3.50770887389526,
ENSMUSG00000060969-S,0.0,0.0,0.0,0.8358601519897243,0.0,
ENSMUSG00000060988-S,5.1511198444644375,5.883481449087959,5.174331889531738,5.656782864836955,5.1175517766974465,
ENSMUSG00000061207-S,7.642267552889171,7.663474636520845,7.0765257648457665,7.062333668421332,7.413181839629467,
ENSMUSG00000061666-S,6.862865571787131,7.0473208306339385,6.313532969080742,5.977480332232857,6.637437462815353,
ENSMUSG00000062175-S,0.0,0.0,0.0,2.0495205232084777,0.0,
ENSMUSG00000062198-S,3.578907283604972,4.768375462585618,3.893290717484193,4.251959975632417,4.5532192713349815,
ENSMUSG00000062296-S,6.523045441807172,6.728117001564042,6.757267392522311,6.872438429342408,6.599354918082385,
ENSMUSG00000062580-S,7.541509315862912,7.63367069439314,7.378400751675888,7.427210240372656,7.463516015197551,
ENSMUSG00000062761-S,7.066965860424788,6.482738823713279,6.655161433313774,6.719655517259492,6.4216212782822835,
ENSMUSG00000062778-S,1.424693889909158,3.4158104165687497,1.5098994093134157,3.6751174087359417,1.448400923237856,
ENSMUSG00000062867-S,5.184918256544655,4.90771502599764,5.44300126169156,5.330775133617914,5.254543412253529,
ENSMUSG00000062908-S,5.250228573329713,5.31068661896662,5.05910784669898,6.130787588069941,5.005533443185442,
ENSMUSG00000062961-S,6.697093996096988,6.746799284528518,6.456993132112383,6.098099445781234,6.879107083564174,
ENSMUSG00000063019-S,7.076000393991549,6.390704454364174,6.559477155905074,6.209407449962355,6.814088686631359,
ENSMUSG00000063450-S,3.578907283604972,4.346585755776222,4.414603722801029,4.251959975632417,4.44285378614437,
ENSMUSG00000063511-S,8.378777512140056,8.849026801690963,8.91402156684595,8.759859638382698,8.718225000539364,
ENSMUSG00000063576-S,7.300723252448266,7.001382809251415,7.0765257648457665,6.762005444373055,7.148912738080676,
ENSMUSG00000063600-S,2.952016909406638,3.215773920361264,2.2313720798832146,3.0115472012359445,1.448400923237856,
ENSMUSG00000063873-S,8.4569361789357,8.239482231944343,8.417590465557199,7.955650416212684,8.298398483774148,
ENSMUSG00000063875-S,2.1273528570580367,2.363257137421632,0.9440719876953962,2.5133708470354534,1.8454221841165777,
ENSMUSG00000064325-S,5.044697112081977,5.814313516643948,4.747957996456652,4.420074324097543,4.0497601938964145,
ENSMUSG00000064341-S,15.313439761218763,15.53805100687972,15.138741338366271,15.224185745986818,15.35082789006766,
ENSMUSG00000064370-S,15.352767937361056,15.649443141789144,15.301533573065798,15.577384822424136,15.39210632961384,
ENSMUSG00000065979-S,5.312709918582393,5.407796954309,5.818570789304804,6.524358760451273,6.251981243359341,
ENSMUSG00000066090-S,1.424693889909158,2.363257137421632,0.0,1.7462107371414175,1.448400923237856,
ENSMUSG00000066129-S,5.945905238011381,5.360058715819535,6.487024615680451,6.0646534614533305,6.362216261542825,
ENSMUSG00000066233-S,5.77890269791347,5.034774158225798,4.796731486939921,5.213594657007224,5.3184511329259045,
ENSMUSG00000066705-S,8.576348386604094,7.120775941056437,7.963143435813212,7.60058602618965,8.019554968001971,
ENSMUSG00000066842-S,0.8814983508565049,1.9120895180850064,2.2313720798832146,0.0,0.8988096753164998,
ENSMUSG00000066880-S,5.885521873236442,5.360058715819535,5.473322366074002,5.634160412238118,5.982901028228473,
ENSMUSG00000067071-S,5.081050642191776,4.245115061327776,4.590887770328477,4.706943200969149,4.3843344898943,
ENSMUSG00000067795-S,1.8183855359868224,0.0,0.9440719876953962,1.7462107371414175,0.0,
ENSMUSG00000067873-S,6.263145046079862,6.953933793464587,6.8293677037134595,6.762005444373055,6.95143429903444,
ENSMUSG00000068015-S,4.407006245450018,5.2065648251484395,4.475789898725806,4.127908848497372,4.3843344898943,
ENSMUSG00000068079-S,1.8183855359868224,2.706436814589186,2.4905071181678275,1.7462107371414175,1.448400923237856,
ENSMUSG00000068267-S,7.6483372819655715,7.321057093180761,7.125079028755446,7.324981079172285,7.258865131310595,
ENSMUSG00000068696-S,9.311163883889163,10.55890849734118,10.049641305019406,10.0335393178144,9.65904722129364,
ENSMUSG00000069237-S,8.005935793747346,7.653608243006654,7.312843079467221,7.522672328401433,7.477580449392421,
ENSMUSG00000069581-S,0.0,1.252033481761931,0.9440719876953962,1.3616795639125414,0.8988096753164998,
ENSMUSG00000070462-S,7.666394737069104,8.383731602592025,7.94161688577717,7.274676319712451,7.383610822360871,
ENSMUSG00000070639-S,6.754493829006852,6.50485843792916,6.037306737418842,7.324981079172285,7.2175614319378,
ENSMUSG00000070687-S,4.287644323036166,5.2065648251484395,4.843909861384497,3.842340840334267,3.393662872112152,
ENSMUSG00000071042-S,3.1010766827490013,5.034774158225798,5.05910784669898,4.662920305381572,4.259654139385937,
ENSMUSG00000071253-S,3.236167561083,4.01787370251873,4.283849055635033,4.310202091370707,3.711866848994471,
ENSMUSG00000071266-S,0.0,1.252033481761931,1.5098994093134157,0.0,0.0,
ENSMUSG00000071456-S,3.855651169204714,3.215773920361264,3.480712338875618,3.9192043340289806,3.50770887389526,
ENSMUSG00000071632-S,6.413268550551798,6.342387633936613,5.932080288152712,6.354855059178326,6.492594758846733,
ENSMUSG00000071661-S,2.5978233785255886,3.4158104165687497,2.900655540153005,3.145548524333338,2.9848109526219546,
ENSMUSG00000071757-S,3.937239890567626,4.441386177064962,3.980319160809084,4.4720239969047695,3.8906832365505664,
ENSMUSG00000072487-S,0.8814983508565049,0.0,2.4905071181678275,1.3616795639125414,1.8454221841165777,
ENSMUSG00000073424-S,4.569355407885359,4.839726816948395,4.213741325458526,5.017781038509307,4.193025736535522,
ENSMUSG00000073427-S,4.34855936407696,4.135963911216731,4.843909861384497,4.310202091370707,4.12317059208696,
ENSMUSG00000073805-S,2.7857626338523107,0.0,1.9152733459730824,1.7462107371414175,2.15643154456857,
ENSMUSG00000073968-S,2.7857626338523107,1.252033481761931,2.2313720798832146,2.6992065503008127,2.412140613208748,
ENSMUSG00000074238-S,7.269560174183456,7.393982823876659,7.354164381648895,7.890332349654582,7.532505913343599,
ENSMUSG00000074406-S,5.68754393293477,5.094339764822258,5.44300126169156,4.4720239969047695,5.286851112344599,
ENSMUSG00000074461-S,4.224043439660156,5.034774158225798,4.213741325458526,5.151230510377745,4.88407967019736,
ENSMUSG00000074591-S,1.8183855359868224,3.215773920361264,0.9440719876953962,3.7611506373277046,2.15643154456857,
ENSMUSG00000074682-S,5.312709918582393,5.360058715819535,5.44300126169156,5.564083436445876,5.349373813158634,
ENSMUSG00000074886-S,6.562149768463643,6.073068506804958,5.910081626845286,6.146858050991135,5.6518564477232065,
ENSMUSG00000075514-S,2.381681604991121,2.363257137421632,2.710107810154817,2.5133708470354534,3.1343429957332973,
ENSMUSG00000076435-S,2.7857626338523107,2.9834669963003715,3.219642216040465,2.6992065503008127,1.8454221841165777,
ENSMUSG00000078307-S,8.585867239160649,9.112980486283814,8.984136861903199,9.419256803250883,9.300067982343698,
ENSMUSG00000078572-S,7.753439773228509,7.692675314875759,7.345994260258298,7.296450631155551,7.434969009842988,
ENSMUSG00000078627-S,0.8814983508565049,0.0,1.9152733459730824,2.0495205232084777,1.448400923237856,
ENSMUSG00000078676-S,6.8938508744117195,7.135028597621194,6.995272784976403,6.938553290123603,6.710713298215515,
ENSMUSG00000078695-S,7.261663078465286,6.6900106035365665,6.864110150963791,6.956899798225038,7.104286995590794,
ENSMUSG00000078908-S,4.760802042391417,5.034774158225798,4.283849055635033,4.982396556311253,4.49909163489714,
ENSMUSG00000079037-S,9.836113224346372,9.476970986551295,9.79590462036654,9.927062378178755,10.03809631422255,
ENSMUSG00000079056-S,7.617730000571637,7.440629363130679,7.354164381648895,7.252568330318763,7.470565371011097,
ENSMUSG00000079434-S,3.855651169204714,4.53033944780547,4.14005191965989,3.9921790295597224,4.605389347702585,
ENSMUSG00000079469-S,4.157508899183894,3.7480232874605903,4.283849055635033,3.9192043340289806,3.2698215982021024,
ENSMUSG00000080316-S,4.889365515122079,5.259564849484186,5.281030051291837,4.310202091370707,4.44285378614437,
ENSMUSG00000082396-S,2.381681604991121,2.363257137421632,2.2313720798832146,0.8358601519897243,0.0,
ENSMUSG00000084291-S,1.424693889909158,0.0,0.9440719876953962,1.3616795639125414,1.8454221841165777,
ENSMUSG00000085041-S,2.1273528570580367,2.363257137421632,3.3560746442565823,2.3000078836598825,2.817968824125128,
ENSMUSG00000085287-S,1.424693889909158,1.9120895180850064,1.5098994093134157,2.3000078836598825,0.0,
ENSMUSG00000085396-S,5.564555649271768,5.49878083796507,6.1542159804073755,5.53994705005325,5.700636465430905,
ENSMUSG00000086022-S,1.8183855359868224,0.0,0.0,3.145548524333338,0.8988096753164998,
ENSMUSG00000086290-S,6.23115040640026,5.778444887040087,5.503019307688792,6.194022497820422,5.982901028228473,
ENSMUSG00000086324-S,1.424693889909158,1.252033481761931,1.9152733459730824,0.0,2.15643154456857,
ENSMUSG00000087260-S,6.7988240881145465,6.3176085446727495,6.441739661332237,6.560800361676979,6.6622785724739995,
ENSMUSG00000087461-S,1.424693889909158,2.363257137421632,2.4905071181678275,1.7462107371414175,0.0,
ENSMUSG00000087651-S,4.6682520354957875,4.768375462585618,4.976839260629534,4.791153042247958,5.3796475820574,
ENSMUSG00000087674-S,2.952016909406638,3.8892486258592904,2.900655540153005,4.3661839061440535,3.8906832365505664,
ENSMUSG00000089840-S,1.8183855359868224,0.0,1.5098994093134157,0.0,0.0,
ENSMUSG00000089997-S,2.381681604991121,2.9834669963003715,3.701700061705504,2.0495205232084777,2.412140613208748,
ENSMUSG00000090015-S,3.855651169204714,2.363257137421632,2.2313720798832146,2.6992065503008127,3.2698215982021024,
ENSMUSG00000090050-S,2.1273528570580367,4.01787370251873,3.219642216040465,3.145548524333338,2.817968824125128,
ENSMUSG00000090523-S,0.0,1.252033481761931,0.9440719876953962,0.8358601519897243,0.8988096753164998,
ENSMUSG00000090935-S,6.820488657798112,7.163118327191364,6.694302871571116,6.499542714856306,6.546962151410839,
ENSMUSG00000091742-S,3.1010766827490013,2.363257137421632,3.068947160363723,2.5133708470354534,2.412140613208748,
ENSMUSG00000091780-S,5.864819091217013,4.346585755776222,4.590887770328477,4.90891249893456,4.605389347702585,
ENSMUSG00000091971-S,4.569355407885359,2.9834669963003715,3.068947160363723,4.420074324097543,4.259654139385937,
ENSMUSG00000092090-S,2.952016909406638,4.693310841844703,3.701700061705504,3.3811519668481234,2.9848109526219546,
ENSMUSG00000093677-S,4.287644323036166,3.5914582317488906,3.980319160809084,4.570627257209177,4.49909163489714,
ENSMUSG00000093858-S,2.1273528570580367,3.215773920361264,3.5954333501320948,2.6992065503008127,2.817968824125128,
ENSMUSG00000094595-S,0.0,3.215773920361264,3.068947160363723,2.0495205232084777,2.817968824125128,
ENSMUSG00000094732-S,0.8814983508565049,2.9834669963003715,0.0,2.0495205232084777,0.0,
ENSMUSG00000096883-S,3.937239890567626,3.215773920361264,3.5954333501320948,3.268154397447143,1.448400923237856,
ENSMUSG00000096974-S,5.68754393293477,6.50485843792916,5.314911759390498,5.8458489418377955,5.770846826546299,
ENSMUSG00000097023-S,5.312709918582393,4.6141251428220995,5.61604731581409,5.243794081508397,5.982901028228473,
ENSMUSG00000097061-S,4.569355407885359,4.135963911216731,4.14005191965989,4.982396556311253,5.438353477716852,
ENSMUSG00000097063-S,3.769170314971537,2.9834669963003715,3.219642216040465,2.6992065503008127,3.613396190469504,
ENSMUSG00000097333-S,5.081050642191776,5.151543247134289,4.6974777412786635,3.842340840334267,4.655738528595867,
ENSMUSG00000097385-S,4.087756923331383,4.972642913292944,3.5954333501320948,4.870717476339724,4.655738528595867,
ENSMUSG00000097466-S,2.952016909406638,4.01787370251873,3.8006734726731857,4.061639545947828,3.613396190469504,
ENSMUSG00000097604-S,5.663770770431704,4.693310841844703,5.61604731581409,5.611177565255836,5.7244215983780675,
ENSMUSG00000097652-S,3.236167561083,5.2065648251484395,5.05910784669898,3.4859383607508043,2.9848109526219546,
ENSMUSG00000097806-S,0.0,1.9120895180850064,3.219642216040465,1.7462107371414175,0.8988096753164998,
ENSMUSG00000098113-S,1.8183855359868224,0.0,1.9152733459730824,2.5133708470354534,1.8454221841165777,
ENSMUSG00000098449-S,0.8814983508565049,1.9120895180850064,1.9152733459730824,3.5836265212987755,2.629277784575916,
ENSMUSG00000098729-S,1.424693889909158,1.252033481761931,2.4905071181678275,1.3616795639125414,0.8988096753164998,
ENSMUSG00000099471-S,1.424693889909158,0.0,0.9440719876953962,2.0495205232084777,1.448400923237856,
ENSMUSG00000099625-S,1.8183855359868224,1.252033481761931,0.0,0.0,1.448400923237856,
ENSMUSG00000100680-S,0.8814983508565049,2.9834669963003715,1.9152733459730824,1.3616795639125414,2.15643154456857,
ENSMUSG00000100764-S,0.8814983508565049,3.8892486258592904,1.5098994093134157,1.3616795639125414,0.0,
ENSMUSG00000102543-S,3.1010766827490013,4.346585755776222,3.5954333501320948,3.5836265212987755,4.3843344898943,
ENSMUSG00000102556-S,2.381681604991121,3.215773920361264,2.4905071181678275,2.0495205232084777,2.412140613208748,
ENSMUSG00000103038-S,3.236167561083,2.363257137421632,4.534486340402758,4.570627257209177,3.613396190469504,
ENSMUSG00000103427-S,2.1273528570580367,1.252033481761931,1.9152733459730824,0.8358601519897243,0.0,
ENSMUSG00000103567-S,0.0,1.9120895180850064,1.9152733459730824,1.3616795639125414,1.8454221841165777,
ENSMUSG00000103731-S,2.381681604991121,2.9834669963003715,2.4905071181678275,3.7611506373277046,2.15643154456857,
ENSMUSG00000103793-S,4.715269056070795,6.043150718593695,4.590887770328477,3.6751174087359417,4.3843344898943,
ENSMUSG00000103916-S,0.0,2.9834669963003715,1.9152733459730824,3.0115472012359445,2.412140613208748,
ENSMUSG00000103983-S,4.0144604561828565,4.135963911216731,3.893290717484193,3.0115472012359445,3.1343429957332973,
ENSMUSG00000104204-S,1.424693889909158,1.252033481761931,1.9152733459730824,1.3616795639125414,2.15643154456857,
ENSMUSG00000104508-S,0.0,0.0,0.9440719876953962,2.0495205232084777,2.15643154456857,
ENSMUSG00000104586-S,2.1273528570580367,0.0,1.5098994093134157,1.3616795639125414,3.2698215982021024,
ENSMUSG00000104735-S,2.5978233785255886,0.0,2.710107810154817,1.7462107371414175,2.629277784575916,
ENSMUSG00000105137-S,0.0,1.252033481761931,1.5098994093134157,0.0,0.8988096753164998,
ENSMUSG00000105434-S,3.236167561083,4.768375462585618,3.3560746442565823,4.1912673292218585,2.817968824125128,
ENSMUSG00000105584-S,0.0,2.9834669963003715,3.219642216040465,1.7462107371414175,1.448400923237856,
ENSMUSG00000105601-S,2.1273528570580367,1.252033481761931,0.0,0.8358601519897243,0.8988096753164998,
ENSMUSG00000106019-S,4.087756923331383,3.4158104165687497,2.2313720798832146,3.4859383607508043,4.49909163489714,
ENSMUSG00000106032-S,2.381681604991121,2.9834669963003715,2.4905071181678275,2.8638130617722606,1.448400923237856,
ENSMUSG00000106047-S,1.8183855359868224,3.215773920361264,3.701700061705504,2.5133708470354534,3.50770887389526,
ENSMUSG00000106093-S,2.7857626338523107,3.4158104165687497,2.2313720798832146,3.3811519668481234,3.1343429957332973,
ENSMUSG00000106767-S,0.0,1.252033481761931,1.5098994093134157,2.0495205232084777,0.8988096753164998,
ENSMUSG00000107278-S,0.8814983508565049,0.0,2.4905071181678275,0.0,2.15643154456857,
ENSMUSG00000000093-B,1.0089201542886188,2.3337942340902966,0.8835379103768013,1.4381060961904937,1.8482151513686695,0.0
ENSMUSG00000000384-B,5.9716966745628905,6.143889893186952,6.0082504087257105,6.202811287750556,5.884569353957416,5.903783585000353
ENSMUSG00000000555-B,0.0,0.0,0.8835379103768013,1.4381060961904937,0.900604630476427,1.0234847419496351
ENSMUSG00000000562-B,0.0,1.5948577153675143,0.8835379103768013,1.8336891264456736,2.159433125265605,2.359322344576064
ENSMUSG00000000627-B,6.167283630040462,6.406959402893037,5.848194676091759,5.986460914069973,6.350795720662249,6.068255577737103
ENSMUSG00000001021-B,1.0089201542886188,0.0,2.130791176299231,0.0,1.450853040369649,1.0234847419496351
ENSMUSG00000001029-B,1.5968438254781343,1.0074277664920572,2.385284659426389,0.0,2.4152830223730466,1.0234847419496351
ENSMUSG00000001418-B,6.146815970260121,6.184537728388995,6.298846080989826,6.420004594339444,6.795581545700528,6.235789659983958
ENSMUSG00000001555-B,4.104208177392387,2.5973209506378527,2.9558989561580975,3.6968334167431,3.807635516468859,3.363929204552695
ENSMUSG00000001767-B,5.661288114362257,6.45759152826845,5.155451869157071,5.585423892173066,5.383423187753583,6.000049927262916
ENSMUSG00000001864-B,5.187219403336857,5.769431969412283,4.809239875036287,5.333492860055802,5.290620552913764,4.95195479285147
ENSMUSG00000001918-B,3.015574261233889,2.820064919656635,1.821580401267869,2.804006512785884,3.3971636439971347,3.363929204552695
ENSMUSG00000001946-B,4.602011293767844,5.440739371474874,5.085376433305287,5.171839666559339,4.887817239450957,4.852309835227633
ENSMUSG00000002068-B,5.409681990950544,5.795909145224039,5.691914851538447,5.422448507070198,5.2583106116147835,5.718119368391722
ENSMUSG00000002500-B,0.0,0.0,0.8835379103768013,2.1438173585239833,0.900604630476427,1.0234847419496351
ENSMUSG00000002550-B,6.302961075839799,5.658378813238103,6.0082504087257105,5.9268942421437405,5.946716236479624,5.853129264063206
ENSMUSG00000002718-B,7.460627398447593,7.281508299160654,7.465468024611947,7.433124257552774,7.071404702353331,7.631316990016925
ENSMUSG00000002732-B,2.5997989305116143,3.0129736021557663,2.789574405893652,3.1199240906364327,2.4152830223730466,3.211414963633655
ENSMUSG00000002984-B,7.6324051502078625,7.860243442039378,7.871540209690211,7.867354693133149,7.772010337224417,8.029405647842369
ENSMUSG00000004031-B,8.326068762005633,8.118051688067819,8.093052313642978,7.669547210733801,8.004053134009968,7.760620478486974
ENSMUSG00000005124-B,3.1857451226598252,3.0129736021557663,3.681282350118108,3.4928652304846852,1.8482151513686695,3.040850773071988
ENSMUSG00000005251-B,2.3361739877134577,1.0074277664920572,1.427492445617763,0.0,0.0,1.0234847419496351
ENSMUSG00000005360-B,10.997201934506569,10.82296903772842,10.916198673707092,11.012803470080504,10.88670990346204,11.132708440881403
ENSMUSG00000005469-B,9.346432930873046,9.538359413162,9.512036230604656,9.606858989467849,9.535577145754113,9.406273079002716
ENSMUSG00000006019-B,2.822613016020247,3.4729083321478047,3.582992083521086,4.307875937252778,3.894291156871041,4.131356625746441
ENSMUSG00000006179-B,2.013359633899684,1.0074277664920572,0.0,0.0,0.900604630476427,0.0
ENSMUSG00000006412-B,9.433501381843254,8.989202768710134,9.455865565645288,9.412443646147125,9.295994112712789,9.343436618905594
ENSMUSG00000006456-B,5.994784813989279,5.33637699313304,5.8899038653670095,5.754864143560435,5.498546359231696,5.600206317803025
ENSMUSG00000006920-B,7.115688547188384,7.281508299160654,7.015960075704917,7.15021500837408,7.024146596480352,6.91656610065645
ENSMUSG00000007670-B,7.094470149636999,7.080796660587865,7.015960075704917,7.051404618894501,7.052686810117969,7.16520449212228
ENSMUSG00000007721-B,6.357417254467795,6.9804838332779156,6.996999872489513,7.079030980396243,7.262708308577455,6.746592101150911
ENSMUSG00000007837-B,3.823877269588491,3.598550992932378,4.6725342681339965,3.95717341038548,4.800759870255176,4.43672579137573
ENSMUSG00000008668-B,8.850636743984063,8.33218388760927,8.717375883548824,8.542446518436643,8.555913050318175,8.3728799541097
ENSMUSG00000008855-B,7.924602436607064,8.086225046494349,7.972052819159003,7.872626361708632,7.811514948592197,7.807933237163778
ENSMUSG00000008958-B,7.844256110151658,8.12850643276634,7.545942701921156,7.81355064484566,8.03298964123097,7.675718346816431
ENSMUSG00000010025-B,6.357417254467795,6.45759152826845,6.329483040224206,6.080579204516653,6.319819990397912,6.5055038194084895
ENSMUSG00000010044-B,2.5997989305116143,3.714122785565889,3.1050152051192725,3.4928652304846852,2.9881912580676815,3.950424061994663
ENSMUSG00000015189-B,7.246486337776869,7.184640111880604,7.176242739027,7.502776062163452,7.204545202059565,7.245953719171147
ENSMUSG00000015224-B,5.994784813989279,5.658378813238103,5.405985722440424,5.77752361484972,5.7282169300451296,5.569158200946751
ENSMUSG00000015980-B,4.016680301357339,2.820064919656635,3.582992083521086,1.8336891264456736,2.8212892783330923,2.8473834642060067
ENSMUSG00000017264-B,6.0836108349386455,6.599626420321873,6.283280119580984,6.59604594315731,6.641267059281245,6.090292576656598
ENSMUSG00000017405-B,2.013359633899684,3.4729083321478047,2.130791176299231,2.3989312282184883,1.8482151513686695,2.359322344576064
ENSMUSG00000017801-B,6.061911765745391,6.336561299113642,6.553642157914911,6.268273251285974,6.439921832959732,6.5055038194084895
ENSMUSG00000017837-B,4.924086758981448,4.336008310520878,4.467432706953443,4.107827408326218,4.327016200364572,4.292105696052246
ENSMUSG00000017858-B,6.0836108349386455,5.769431969412283,5.783278915589941,5.635899543000484,5.92629662539904,5.504982526205071
ENSMUSG00000018846-B,6.798984504998752,7.014702312899184,6.958315146539458,7.15021500837408,6.641267059281245,7.2161998764901245
ENSMUSG00000018920-B,2.822613016020247,2.3337942340902966,1.821580401267869,2.804006512785884,3.511237591449954,2.8473834642060067
ENSMUSG00000019102-B,2.013359633899684,2.5973209506378527,2.130791176299231,2.615639381685247,1.8482151513686695,1.0234847419496351
ENSMUSG00000019791-B,3.015574261233889,3.714122785565889,4.0919524391219735,3.7889330061759665,3.976035425850128,4.131356625746441
ENSMUSG00000019864-B,5.017233003602457,5.184332939605705,5.1208395775962545,5.478844189060445,5.047598753645568,4.799781698382433
ENSMUSG00000019888-B,5.924381454480281,6.1020635226026645,5.59437127060438,5.101740817811926,5.680245475088138,5.4717914114895425
ENSMUSG00000019891-B,5.187219403336857,4.473578874481304,5.347311918081684,5.333492860055802,5.2583106116147835,4.852309835227633
ENSMUSG00000019933-B,2.013359633899684,3.4729083321478047,3.363708484120931,1.4381060961904937,2.4152830223730466,3.211414963633655
ENSMUSG00000020130-B,6.4933203012126794,5.968776008850778,6.135069099812623,6.252184116475977,6.205846993402151,6.312784282539739
ENSMUSG00000020135-B,6.850520444633528,7.069989078407516,7.312839165093497,7.344844923457974,7.417027575711605,7.359187873960749
ENSMUSG00000020193-B,1.5968438254781343,2.0111273579927036,1.427492445617763,0.8912827722170882,0.900604630476427,2.359322344576064
ENSMUSG00000020225-B,7.850597978575563,7.6071981402861075,7.70628132393562,7.516311801434544,7.737266354198718,7.593242563175855
ENSMUSG00000020374-B,4.409260942089341,4.336008310520878,4.352798171812022,4.537634011309451,4.929452018530055,5.045159814016469
ENSMUSG00000020411-B,1.0089201542886188,2.0111273579927036,2.9558989561580975,2.1438173585239833,2.4152830223730466,2.8473834642060067
ENSMUSG00000020456-B,8.745664258727654,8.99206816055543,9.079184085571011,8.993279903708668,9.032622886341713,8.722438234143155
ENSMUSG00000020553-B,3.47560927959857,1.5948577153675143,2.6015453154704016,2.3989312282184883,2.159433125265605,2.035085291391048
ENSMUSG00000020605-B,4.540578710084166,5.058764820074238,4.765095152102016,5.302578879369597,5.442132783760685,4.902992435575768
ENSMUSG00000020642-B,6.704114396464123,6.860179343622053,6.781245909229914,6.682631278584773,6.366037701859401,6.8275361503370995
ENSMUSG00000020644-B,10.305483732615302,10.00348766386228,10.158984082276977,10.12593122119084,10.21922836004308,10.090944006819852
ENSMUSG00000020758-B,5.50924573005686,5.473914028812617,6.045635970904636,5.610882455625438,5.630623881428075,5.254806977989811
ENSMUSG00000020905-B,1.5968438254781343,2.3337942340902966,2.130791176299231,1.4381060961904937,2.4152830223730466,2.6238940055118434
ENSMUSG00000020917-B,7.881895772837933,7.658599966288678,8.005640690556255,8.003335516890699,8.160844885526386,7.904376662482881
ENSMUSG00000020963-B,1.0089201542886188,1.0074277664920572,0.0,0.0,0.0,1.0234847419496351
ENSMUSG00000021044-B,5.8503653642477484,5.33637699313304,5.376947079594351,5.585423892173066,5.498546359231696,5.600206317803025
ENSMUSG00000021125-B,3.015574261233889,3.335270662524132,2.130791176299231,1.8336891264456736,2.8212892783330923,2.035085291391048
ENSMUSG00000021483-B,5.061643868208803,4.714690106687776,4.0919524391219735,4.9504152816752764,3.894291156871041,4.366227129719248
ENSMUSG00000021607-B,6.745539181433494,6.584517911349313,6.579363092269135,6.98480825994035,6.381120334536516,6.553884023253324
ENSMUSG00000021661-B,7.654321286297661,7.31850493021993,7.328091106875603,7.562711138157264,7.2869350060568925,7.472591472084773
ENSMUSG00000021786-B,3.337944873929122,3.598550992932378,3.8598009907086706,3.6968334167431,4.659453660616243,4.568160450599088
ENSMUSG00000021843-B,8.80564806136311,8.951425340346255,8.720268891421695,8.681101295568341,8.588766188036377,9.012285889527451
ENSMUSG00000021903-B,3.6012742162453297,4.599165621027614,4.291873708189772,4.7813367796268755,3.715440394059799,4.745268524016443
ENSMUSG00000021948-B,6.357417254467795,6.672883005067002,7.266091350853253,6.8944030307577115,7.178881954233348,7.023509302719099
ENSMUSG00000022132-B,7.900353641968867,7.490468096975515,7.565379027564435,7.620255280035452,7.431589080078361,7.068608391353954
ENSMUSG00000022148-B,3.47560927959857,3.8211190490169087,3.363708484120931,2.804006512785884,3.137771365053633,3.8506695799639914
ENSMUSG00000022468-B,3.6012742162453297,4.10141291111091,4.228262552792894,4.177638166011907,3.715440394059799,3.62772999219573
ENSMUSG00000022505-B,6.321342474202575,5.686953747645559,6.099958284739061,5.986460914069973,6.044691717737754,6.090292576656598
ENSMUSG00000022674-B,6.617516094823975,6.08068663566313,6.724743756146977,6.490277442105768,6.523860848208287,6.660835227481099
ENSMUSG00000022718-B,5.924381454480281,6.300030697588265,5.8899038653670095,5.906479319655543,6.205846993402151,5.746151043680593
ENSMUSG00000022765-B,5.772345620063434,5.742459770005629,6.063971619230753,5.559507990871671,5.92629662539904,6.068255577737103
ENSMUSG00000022789-B,8.105183347524955,8.09691212974739,8.300583921782486,8.286124113150649,8.216561997547243,8.185982063985394
ENSMUSG00000022790-B,6.061911765745391,5.742459770005629,5.59437127060438,6.024848127270313,6.044691717737754,5.853129264063206
ENSMUSG00000022855-B,7.1469422462215,7.398433503063512,7.4092109754942,7.389659718050726,7.262708308577455,7.704577795571084
ENSMUSG00000022863-B,1.5968438254781343,0.0,0.0,0.0,1.450853040369649,2.035085291391048
ENSMUSG00000022876-B,2.013359633899684,2.5973209506378527,2.9558989561580975,2.1438173585239833,1.450853040369649,2.359322344576064
ENSMUSG00000023186-B,4.824508981159114,3.335270662524132,4.573625219805471,4.688735036566729,4.126817283801403,2.8473834642060067
ENSMUSG00000023707-B,6.704114396464123,6.860179343622053,6.770121122387053,7.15021500837408,6.496420257053561,6.472324834514592
ENSMUSG00000023960-B,8.831527404171098,8.725588736990934,8.754539907456126,8.850969599801049,8.704205025213328,8.693937391069326
ENSMUSG00000024140-B,7.62502515732469,7.354576488817933,7.380237833724449,7.209744142462963,7.052686810117969,7.226186161376791
ENSMUSG00000024164-B,2.5997989305116143,2.5973209506378527,2.385284659426389,0.0,2.4152830223730466,1.6161912973223032
ENSMUSG00000024172-B,5.602379691361456,5.262357009689984,5.59437127060438,5.478844189060445,5.383423187753583,5.600206317803025
ENSMUSG00000024220-B,7.579934389905689,7.921646657409108,7.996123682607191,7.802544786283224,7.372439893365409,8.079841300608189
ENSMUSG00000024325-B,4.186728143820816,5.372009893945684,5.347311918081684,4.368835802509168,4.755178487912343,5.254806977989811
ENSMUSG00000024500-B,9.307776103919457,8.945524615604784,8.990901781817774,8.845618051501358,8.60812486040101,9.077172773966746
ENSMUSG00000024570-B,5.994784813989279,5.968776008850778,5.28615034051559,5.731843087994668,5.946716236479624,5.630600303571132
ENSMUSG00000024576-B,9.519598297759975,9.48240221505279,9.313699959986968,9.077868720988691,8.907993417515476,9.226423343615377
ENSMUSG00000024620-B,4.772018169472108,4.53773835884697,4.973436011778948,5.393401825066743,4.609099035979622,3.950424061994663
ENSMUSG00000025134-B,5.302734403022431,5.5690926520393385,5.1208395775962545,5.137215952848541,5.2583106116147835,5.367374721207392
ENSMUSG00000025340-B,5.409681990950544,5.506342953494758,5.691914851538447,5.585423892173066,5.884569353957416,5.689532224890862
ENSMUSG00000025354-B,5.798823784383855,5.506342953494758,5.543009381406879,6.005782192720362,5.121308894952936,5.293313762964279
ENSMUSG00000025355-B,2.013359633899684,1.0074277664920572,0.0,1.4381060961904937,1.8482151513686695,3.211414963633655
ENSMUSG00000025372-B,8.921630436916342,9.209549184462157,9.261032720828426,9.05949516058708,9.070333086414385,9.082679584256589
ENSMUSG00000025466-B,5.717885243161745,5.921462367124039,5.9698702167419375,5.8647618381165,6.044691717737754,6.02314528443074
ENSMUSG00000025510-B,6.339492618229063,6.440910816606555,6.099958284739061,6.633791983150618,6.523860848208287,6.111998021087902
ENSMUSG00000025732-B,4.602011293767844,4.769158898319819,4.893672621922326,4.989760553642424,5.7282169300451296,5.215244162666781
ENSMUSG00000025825-B,6.587455024056161,6.490385271565296,6.4176736067090765,6.530854711358676,6.381120334536516,6.3314075976969075
ENSMUSG00000025927-B,6.187464970378624,5.991863396685836,5.989187938085958,6.346132743146125,6.205846993402151,6.349793570621164
ENSMUSG00000025937-B,4.186728143820816,3.335270662524132,3.8598009907086706,3.7889330061759665,4.755178487912343,4.043724896586897
ENSMUSG00000026035-B,5.540963131366604,4.714690106687776,4.467432706953443,4.868351536010444,5.047598753645568,5.045159814016469
ENSMUSG00000026087-B,7.384000575279617,7.47416534347528,7.320485291027565,7.523032343606691,7.509151690096725,7.438637792220521
ENSMUSG00000026096-B,4.772018169472108,5.184332939605705,5.085376433305287,4.989760553642424,5.498546359231696,5.367374721207392
ENSMUSG00000026097-B,3.716864854720897,4.872290059335252,4.852073831492052,4.24422618753497,3.807635516468859,4.131356625746441
ENSMUSG00000026197-B,4.824508981159114,4.968538181450855,4.291873708189772,4.537634011309451,5.047598753645568,4.799781698382433
ENSMUSG00000026260-B,9.60460229586112,9.45150775641765,9.599481043804548,9.430428786822578,9.61108058242152,9.47279141792758
ENSMUSG00000026315-B,3.1857451226598252,3.0129736021557663,3.477512552977962,2.1438173585239833,2.632521657997895,2.359322344576064
ENSMUSG00000026418-B,3.015574261233889,4.406432755101535,4.0186423283581965,4.427323947587403,3.976035425850128,4.366227129719248
ENSMUSG00000026473-B,12.84849632473745,12.268661953292252,12.44250726208281,12.348806961891562,12.525202918416426,12.425150505525425
ENSMUSG00000026504-B,5.661288114362257,4.714690106687776,4.893672621922326,5.393401825066743,5.047598753645568,4.902992435575768
ENSMUSG00000026514-B,6.675821953313566,6.614578345036845,6.86728460963919,6.557285738780086,7.152753917759612,6.472324834514592
ENSMUSG00000026553-B,9.026179792909035,8.954366676932581,8.978872909878161,8.903420820083175,8.961654792284206,8.801374672110025
ENSMUSG00000026628-B,0.0,1.5948577153675143,2.130791176299231,0.0,0.900604630476427,1.0234847419496351
ENSMUSG00000026630-B,1.5968438254781343,1.5948577153675143,0.0,1.8336891264456736,1.450853040369649,0.0
ENSMUSG00000026788-B,5.443639113245914,5.686953747645559,5.8052436577396,6.168931653822972,5.751617454347055,5.827119160977592
ENSMUSG00000026893-B,4.104208177392387,3.598550992932378,4.161716770569888,2.615639381685247,4.126817283801403,3.62772999219573
ENSMUSG00000027193-B,8.477166895148885,8.45356685546594,8.357437506367173,8.20067717317805,8.258003310254082,8.395180812102796
ENSMUSG00000027208-B,2.013359633899684,2.0111273579927036,2.789574405893652,1.4381060961904937,3.3971636439971347,2.035085291391048
ENSMUSG00000027318-B,1.5968438254781343,2.5973209506378527,1.427492445617763,2.1438173585239833,1.8482151513686695,2.359322344576064
ENSMUSG00000027331-B,0.0,2.0111273579927036,1.821580401267869,2.1438173585239833,0.0,2.6238940055118434
ENSMUSG00000027339-B,7.1875877382266715,7.143995202241471,7.603483336976297,7.447326235148608,7.212999164537108,7.377225379591919
ENSMUSG00000027356-B,1.5968438254781343,1.5948577153675143,2.130791176299231,2.1438173585239833,2.632521657997895,1.0234847419496351
ENSMUSG00000027377-B,2.3361739877134577,1.5948577153675143,0.0,1.8336891264456736,0.900604630476427,0.0
ENSMUSG00000027663-B,7.930601482851163,8.359068034933388,8.13267917462348,8.114306365008224,8.138828905562828,8.085337953827628
ENSMUSG00000027673-B,9.974869752627006,9.60725542840016,9.872124670647134,9.938820682379264,9.956435986792282,9.697587969675274
ENSMUSG00000027714-B,7.094470149636999,6.6440251934678916,7.071389942473691,6.658418289484148,7.16151594565345,6.774081158116149
ENSMUSG00000027782-B,7.485291174632773,7.102171929331427,7.124768698126222,6.81994943624165,7.187487193127358,7.294219149750815
ENSMUSG00000027849-B,3.6012742162453297,5.058764820074238,4.809239875036287,4.735778754900015,5.084924522708586,5.089597393449868
ENSMUSG00000028044-B,3.6012742162453297,4.183923274809938,4.0919524391219735,3.7889330061759665,3.976035425850128,4.213968891928525
ENSMUSG00000028082-B,4.924086758981448,5.372009893945684,5.347311918081684,4.427323947587403,4.659453660616243,4.852309835227633
ENSMUSG00000028149-B,9.412221923603768,9.40496447302009,9.50366483348392,9.484799128143491,9.377222961114722,9.386372552277328
ENSMUSG00000028167-B,3.9234971873322686,3.8211190490169087,3.1050152051192725,2.1438173585239833,2.632521657997895,1.6161912973223032
ENSMUSG00000028214-B,0.0,0.0,1.427492445617763,1.8336891264456736,1.8482151513686695,0.0
ENSMUSG00000028251-B,6.477016231636206,6.474081576785245,6.736222603635499,6.116572042697617,6.335390987915023,6.660835227481099
ENSMUSG00000028545-B,5.146563385174545,4.769158898319819,5.25456891372427,4.9504152816752764,4.609099035979622,5.174565757502112
ENSMUSG00000028552-B,8.435586323018123,8.749492501654897,8.717375883548824,8.54904668823839,8.736816149470446,8.562167868168578
ENSMUSG00000028637-B,5.061643868208803,5.33637699313304,5.04901954778731,4.7813367796268755,5.290620552913764,5.045159814016469
ENSMUSG00000028688-B,4.602011293767844,4.406432755101535,5.155451869157071,4.24422618753497,4.26332084538167,4.131356625746441
ENSMUSG00000028706-B,5.443639113245914,5.372009893945684,5.462366250569543,5.065371329411787,4.887817239450957,5.215244162666781
ENSMUSG00000028763-B,4.33882950255249,1.5948577153675143,3.8598009907086706,3.1199240906364327,3.137771365053633,2.6238940055118434
ENSMUSG00000028776-B,3.716864854720897,3.4729083321478047,3.681282350118108,3.3789375282937875,3.894291156871041,3.7435018634808537
ENSMUSG00000028807-B,4.016680301357339,5.014356736425135,4.765095152102016,4.735778754900015,4.800759870255176,4.213968891928525
ENSMUSG00000028871-B,4.476413420195277,3.714122785565889,4.0919524391219735,3.4928652304846852,4.659453660616243,4.131356625746441
ENSMUSG00000028948-B,4.824508981159114,4.769158898319819,4.573625219805471,4.735778754900015,4.755178487912343,4.745268524016443
ENSMUSG00000029176-B,7.745622567501125,7.599703205897105,7.402022056386835,7.797010210966968,7.671310935059225,7.794572888573117
ENSMUSG00000029245-B,8.212482018630922,8.149191344531175,8.024488410057726,7.979101805332884,8.337477110646963,8.112511407819307
ENSMUSG00000029433-B,5.265247766468882,5.506342953494758,5.462366250569543,5.101740817811926,5.498546359231696,4.999309859013929
ENSMUSG00000029551-B,6.375121917895275,6.440910816606555,6.540607660398353,6.448525785270703,6.381120334536516,6.3679481748136135
ENSMUSG00000029569-B,4.602011293767844,3.598550992932378,4.623927210362141,4.537634011309451,4.887817239450957,4.568160450599088
ENSMUSG00000029660-B,0.0,0.0,1.821580401267869,0.8912827722170882,1.450853040369649,1.0234847419496351
ENSMUSG00000029699-B,0.0,0.0,1.427492445617763,0.0,0.900604630476427,1.6161912973223032
ENSMUSG00000029913-B,3.1857451226598252,3.714122785565889,3.1050152051192725,3.59845095259921,3.273289414056743,4.043724896586897
ENSMUSG00000029915-B,2.822613016020247,1.0074277664920572,2.385284659426389,2.970595430034886,1.450853040369649,2.035085291391048
ENSMUSG00000030047-B,3.337944873929122,3.598550992932378,4.352798171812022,3.3789375282937875,3.511237591449954,3.040850773071988
ENSMUSG00000030074-B,3.716864854720897,3.0129736021557663,3.1050152051192725,3.4928652304846852,3.273289414056743,3.5018508052118755
ENSMUSG00000030108-B,5.924381454480281,5.40678387498943,5.011722705730682,5.422448507070198,5.905583844887199,5.330819431159779
ENSMUSG00000030111-B,4.264782375228313,4.658083889759377,4.6725342681339965,4.7813367796268755,5.2583106116147835,5.254806977989811
ENSMUSG00000030189-B,6.339492618229063,6.300030697588265,6.298846080989826,6.168931653822972,6.288164568105418,6.472324834514592
ENSMUSG00000030224-B,8.468946101380753,8.233936537642595,8.429916560574899,8.403675553979928,8.274252170164527,8.460086774038047
ENSMUSG00000030271-B,4.264782375228313,3.8211190490169087,4.291873708189772,3.95717341038548,4.38801789588369,4.292105696052246
ENSMUSG00000030401-B,7.1875877382266715,7.1232351159113865,6.9484796855825595,7.38228659273828,7.080673360202495,6.569656817477827
ENSMUSG00000030889-B,3.47560927959857,2.820064919656635,2.130791176299231,2.970595430034886,3.511237591449954,2.8473834642060067
ENSMUSG00000030942-B,7.0063309906706595,6.522450121574881,6.781245909229914,7.141506727476758,6.82896494647257,6.732648628729814
ENSMUSG00000031059-B,8.81216154846938,8.595979578119087,8.682199581756738,8.757178055272886,8.713172323948267,8.331848565292812
ENSMUSG00000031099-B,6.863121829865149,6.389679296794276,6.527454323970576,6.235913527908097,6.439921832959732,6.438364804334821
ENSMUSG00000031264-B,2.013359633899684,2.0111273579927036,0.0,0.8912827722170882,0.0,0.0
ENSMUSG00000031355-B,4.6609344580909875,4.769158898319819,5.085376433305287,4.688735036566729,5.19143539328083,5.403026609573726
ENSMUSG00000031409-B,9.012104271189862,9.028809442861116,8.762981951706173,8.986001756947113,9.065672865477744,8.79467952586319
ENSMUSG00000031659-B,3.1857451226598252,3.8211190490169087,4.0186423283581965,3.8755042468697742,2.9881912580676815,4.292105696052246
ENSMUSG00000031734-B,5.540963131366604,4.769158898319819,5.376947079594351,5.101740817811926,5.383423187753583,4.503939374376524
ENSMUSG00000031775-B,8.379675539523353,8.411378523404226,8.673269840550063,8.512366293172736,8.416465456570798,8.399599913506332
ENSMUSG00000031788-B,7.2750578007898,7.389768110136432,7.116008265119676,7.1929849778714345,7.379967528015141,7.112340299206923
ENSMUSG00000031844-B,1.0089201542886188,1.5948577153675143,1.427492445617763,0.0,1.450853040369649,1.0234847419496351
ENSMUSG00000031872-B,5.6321345520943265,5.821909140889564,5.405985722440424,5.50623631021111,5.442132783760685,5.600206317803025
ENSMUSG00000031951-B,5.900128913896102,5.473914028812617,5.376947079594351,5.171839666559339,5.630623881428075,5.903783585000353
ENSMUSG00000032018-B,7.246486337776869,6.991980408169961,7.289654596544161,7.274899264609974,7.089882851069643,7.196017509112015
ENSMUSG00000032235-B,3.015574261233889,4.658083889759377,4.228262552792894,4.640105448646964,4.755178487912343,4.366227129719248
ENSMUSG00000032243-B,1.0089201542886188,2.0111273579927036,1.821580401267869,3.255235748423378,2.159433125265605,2.6238940055118434
ENSMUSG00000032251-B,6.0836108349386455,6.224071627004186,5.8052436577396,6.005782192720362,6.136434568419982,6.215881375556381
ENSMUSG00000032295-B,5.017233003602457,5.847448852144659,5.516626045937314,5.585423892173066,5.156798190645047,5.215244162666781
ENSMUSG00000032300-B,4.875156832453922,5.5690926520393385,4.893672621922326,5.065371329411787,5.009281576157641,5.403026609573726
ENSMUSG00000032307-B,5.265247766468882,4.921216610118436,4.809239875036287,4.483533026459233,5.047598753645568,5.089597393449868
ENSMUSG00000032308-B,5.717885243161745,6.08068663566313,5.462366250569543,4.909966826547472,6.044691717737754,5.403026609573726
ENSMUSG00000032334-B,4.476413420195277,3.183103596070372,3.1050152051192725,3.1199240906364327,4.659453660616243,3.8506695799639914
ENSMUSG00000032346-B,1.0089201542886188,1.5948577153675143,2.130791176299231,0.0,2.159433125265605,0.0
ENSMUSG00000032387-B,4.6609344580909875,4.53773835884697,4.352798171812022,4.427323947587403,4.38801789588369,4.43672579137573
ENSMUSG00000032481-B,7.541251380121636,7.498550905971806,7.234062809942524,7.337238556234874,7.071404702353331,7.386160262585044
ENSMUSG00000032526-B,7.051073555719833,7.31850493021993,7.597202098600552,7.502776062163452,7.589265038303177,7.430023027411536
ENSMUSG00000032691-B,1.0089201542886188,0.0,2.130791176299231,0.0,1.450853040369649,0.0
ENSMUSG00000032727-B,5.9716966745628905,6.672883005067002,5.8052436577396,5.8647618381165,5.7282169300451296,6.421080234244255
ENSMUSG00000032737-B,6.875614099249932,7.080796660587865,6.928605291358463,7.051404618894501,7.071404702353331,6.631078134091449
ENSMUSG00000032816-B,6.850520444633528,6.872671392974503,6.47360792291582,6.71820545828679,6.67837113081431,6.349793570621164
ENSMUSG00000032878-B,6.339492618229063,6.08068663566313,6.459826334575967,5.799832685013369,6.044691717737754,6.2748005472723944
ENSMUSG00000033106-B,4.6609344580909875,4.599165621027614,4.291873708189772,4.7813367796268755,3.715440394059799,4.503939374376524
ENSMUSG00000033356-B,2.5997989305116143,2.0111273579927036,2.6015453154704016,0.8912827722170882,3.6169489052138504,2.6238940055118434
ENSMUSG00000033411-B,5.265247766468882,5.714973683611267,5.668140254209929,4.909966826547472,5.156798190645047,4.999309859013929
ENSMUSG00000033420-B,4.97141148818929,4.10141291111091,4.809239875036287,4.868351536010444,4.327016200364572,4.292105696052246
ENSMUSG00000033427-B,2.3361739877134577,2.5973209506378527,1.427492445617763,2.970595430034886,1.450853040369649,0.0
ENSMUSG00000033554-B,4.924086758981448,5.184332939605705,5.222280649339975,4.868351536010444,5.009281576157641,5.089597393449868
ENSMUSG00000033581-B,1.5968438254781343,2.0111273579927036,0.0,2.615639381685247,2.159433125265605,0.0
ENSMUSG00000033684-B,7.227119420318268,7.272108975463008,7.133476256331702,7.132745562974539,7.1702250795502085,6.774081158116149
ENSMUSG00000033740-B,5.6321345520943265,6.014587129938454,6.283280119580984,5.754864143560435,6.154103268804013,6.068255577737103
ENSMUSG00000033906-B,4.97141148818929,4.658083889759377,4.228262552792894,5.238689739706479,4.196682908426215,4.213968891928525
ENSMUSG00000033938-B,8.464818071043107,8.506629633375514,8.568003602862788,8.581602069047026,8.81386894758894,8.526245135559664
ENSMUSG00000034006-B,6.246368481244498,6.474081576785245,6.540607660398353,6.151688733597615,6.188804460762816,6.068255577737103
ENSMUSG00000034118-B,6.812042105676291,6.490385271565296,6.08207715574981,6.361212817681373,6.67837113081431,6.2748005472723944
ENSMUSG00000034126-B,4.6609344580909875,4.261968914899732,4.893672621922326,4.307875937252778,4.327016200364572,4.95195479285147
ENSMUSG00000034460-B,3.337944873929122,2.5973209506378527,3.2401524609867787,2.804006512785884,2.9881912580676815,3.211414963633655
ENSMUSG00000034480-B,6.477016231636206,6.715115451173238,6.235548436564506,6.71820545828679,6.468447599291915,6.521811487894632
ENSMUSG00000034486-B,3.015574261233889,2.5973209506378527,2.6015453154704016,3.8755042468697742,3.807635516468859,2.8473834642060067
ENSMUSG00000034509-B,5.226761042486335,4.53773835884697,5.155451869157071,5.3637582906604,4.929452018530055,5.254806977989811
ENSMUSG00000034520-B,3.47560927959857,3.8211190490169087,4.0919524391219735,4.537634011309451,2.632521657997895,4.043724896586897
ENSMUSG00000034575-B,5.82482473324708,5.5690926520393385,5.668140254209929,5.50623631021111,6.044691717737754,5.928459044808573
ENSMUSG00000034706-B,3.337944873929122,4.261968914899732,3.2401524609867787,2.615639381685247,3.273289414056743,3.7435018634808537
ENSMUSG00000034762-B,1.0089201542886188,2.0111273579927036,2.130791176299231,1.8336891264456736,0.900604630476427,2.6238940055118434
ENSMUSG00000034892-B,11.644857746228094,11.157556243430776,11.222502275686054,11.272135642228186,11.289783056560104,11.043044352267705
ENSMUSG00000035168-B,7.409997696974335,7.243537896122712,7.670830104018778,7.575698543150779,7.16151594565345,7.522069135273841
ENSMUSG00000035234-B,3.823877269588491,4.013895838989916,4.161716770569888,3.4928652304846852,3.137771365053633,3.7435018634808537
ENSMUSG00000035394-B,2.3361739877134577,1.5948577153675143,0.8835379103768013,1.4381060961904937,2.159433125265605,1.0234847419496351
ENSMUSG00000035441-B,5.540963131366604,5.821909140889564,5.738320009159168,5.635899543000484,5.552836761608836,5.660367153350024
ENSMUSG00000035569-B,9.330640656256591,9.400657851781212,9.429592098237851,9.202416081550975,9.25564504447686,9.46015400593872
ENSMUSG00000035671-B,4.476413420195277,3.9207249704805607,4.573625219805471,4.735778754900015,4.887817239450957,3.7435018634808537
ENSMUSG00000035835-B,6.690037528554222,6.957212136183558,6.617104606234318,6.330893374425911,7.152753917759612,7.1230692408904925
ENSMUSG00000035941-B,6.409892469309127,6.424034981159043,5.869199995227533,5.906479319655543,6.171558195884439,5.746151043680593
ENSMUSG00000035948-B,2.013359633899684,2.3337942340902966,3.2401524609867787,0.8912827722170882,2.632521657997895,2.359322344576064
ENSMUSG00000035963-B,0.0,1.5948577153675143,0.0,1.4381060961904937,0.900604630476427,0.0
ENSMUSG00000035969-B,8.187649118233264,8.45356685546594,8.342494271986352,8.43608328812994,8.290320057950243,8.133887574763587
ENSMUSG00000035983-B,1.5968438254781343,1.5948577153675143,2.385284659426389,2.1438173585239833,1.450853040369649,1.0234847419496351
ENSMUSG00000036112-B,9.05941110404106,9.094275021336593,8.932226049743331,9.000521517703993,8.926103222262268,9.14454172024715
ENSMUSG00000036246-B,3.337944873929122,3.0129736021557663,2.130791176299231,2.615639381685247,1.8482151513686695,3.040850773071988
ENSMUSG00000036356-B,5.6321345520943265,5.62922644933469,5.434451387889293,5.302578879369597,5.8415991603421995,5.330819431159779
ENSMUSG00000036712-B,8.537373581882576,8.309391286851122,8.372227546218712,8.321249773121087,8.368080008135424,8.558220340415607
ENSMUSG00000036885-B,6.039881338291585,5.714973683611267,5.405985722440424,6.024848127270313,5.525946922243989,6.000049927262916
ENSMUSG00000036908-B,5.226761042486335,4.714690106687776,5.31705521532958,5.635899543000484,5.084924522708586,4.503939374376524
ENSMUSG00000036915-B,3.015574261233889,3.4729083321478047,0.0,1.8336891264456736,3.273289414056743,1.6161912973223032
ENSMUSG00000037025-B,2.3361739877134577,1.5948577153675143,1.821580401267869,2.1438173585239833,1.450853040369649,2.359322344576064
ENSMUSG00000037103-B,4.97141148818929,4.406432755101535,5.011722705730682,4.825500084767641,5.442132783760685,5.293313762964279
ENSMUSG00000037148-B,5.540963131366604,5.821909140889564,5.189253181510014,5.101740817811926,5.525946922243989,5.718119368391722
ENSMUSG00000037341-B,1.0089201542886188,2.0111273579927036,2.130791176299231,1.4381060961904937,1.8482151513686695,0.0
ENSMUSG00000037353-B,6.812042105676291,6.991980408169961,6.459826334575967,6.682631278584773,6.5772241930652635,6.537936879255144
ENSMUSG00000037366-B,4.104208177392387,3.9207249704805607,3.8598009907086706,4.307875937252778,4.38801789588369,4.043724896586897
ENSMUSG00000037437-B,1.0089201542886188,1.5948577153675143,0.0,0.0,0.900604630476427,1.0234847419496351
ENSMUSG00000037514-B,6.587455024056161,5.945313137533027,6.445911824505158,6.608738003467911,6.439921832959732,6.349793570621164
ENSMUSG00000037578-B,0.0,3.0129736021557663,2.385284659426389,2.1438173585239833,3.137771365053633,3.363929204552695
ENSMUSG00000037709-B,5.745372394837991,5.847448852144659,5.668140254209929,6.080579204516653,5.353147450973358,5.773648426229184
ENSMUSG00000037824-B,7.1469422462215,7.336653443275206,7.4092109754942,7.218051279182312,7.394905980079261,7.226186161376791
ENSMUSG00000038070-B,6.167283630040462,6.318411619563415,5.848194676091759,5.754864143560435,5.655648010002173,6.255426957807501
ENSMUSG00000038324-B,8.73884279528573,8.580832628127867,8.847440523204744,8.829443259086256,8.595247984221334,8.542321321573473
ENSMUSG00000038344-B,4.33882950255249,4.599165621027614,4.352798171812022,3.7889330061759665,3.976035425850128,4.6296441674859885
ENSMUSG00000038371-B,6.284342454097875,7.003386092754822,6.724743756146977,6.862963634161456,6.7842798482327735,7.2557368478343
ENSMUSG00000038453-B,9.107865479882577,9.28625666056345,9.397419011992518,9.275875440224487,9.180044908805073,9.425902828841744
ENSMUSG00000038507-B,4.104208177392387,4.183923274809938,3.681282350118108,4.427323947587403,3.511237591449954,4.366227129719248
ENSMUSG00000038564-B,5.37490630476733,5.714973683611267,5.25456891372427,5.885771363319548,5.751617454347055,5.630600303571132
ENSMUSG00000038605-B,5.948233027006931,5.795909145224039,6.235548436564506,5.450921897503919,6.118546793508149,6.133381740043126
ENSMUSG00000038756-B,1.0089201542886188,0.0,0.8835379103768013,0.0,1.8482151513686695,0.0
ENSMUSG00000038816-B,4.540578710084166,5.223872374199529,4.623927210362141,4.368835802509168,4.929452018530055,4.999309859013929
ENSMUSG00000038843-B,4.717545193864014,4.261968914899732,4.0186423283581965,4.107827408326218,3.511237591449954,4.131356625746441
ENSMUSG00000038900-B,9.337429952405056,9.10754762796635,9.20430483940071,9.125014690148117,9.197190618335624,8.746922805788031
ENSMUSG00000039086-B,7.15721147721005,7.546119260366508,7.365530104030733,7.3674263253963455,7.502270349899806,7.472591472084773
ENSMUSG00000039191-B,5.540963131366604,5.686953747645559,5.568918883001572,5.585423892173066,4.969918884344981,5.403026609573726
ENSMUSG00000039367-B,7.1469422462215,6.991980408169961,7.499546296486627,7.282840586945821,7.254541484597177,6.660835227481099
ENSMUSG00000039477-B,6.837808020564286,6.318411619563415,6.5007823257543995,6.361212817681373,6.1004344431735955,6.8916846149952375
ENSMUSG00000039512-B,4.264782375228313,4.872290059335252,4.411253727509437,5.137215952848541,4.609099035979622,5.174565757502112
ENSMUSG00000039536-B,7.236835376791801,6.909511365212213,7.124768698126222,7.02323889128091,7.0990339255571,6.814356936546653
ENSMUSG00000039828-B,6.246368481244498,6.389679296794276,5.715304003547377,5.821802026281046,6.350795720662249,6.646033400821165
ENSMUSG00000039835-B,5.745372394837991,5.014356736425135,5.347311918081684,4.825500084767641,4.844945124302163,5.403026609573726
ENSMUSG00000039883-B,15.769381533809437,15.037098153679594,14.87124274225896,15.3097705472198,15.5328447925215,15.207487668591485
ENSMUSG00000039956-B,0.0,0.0,1.821580401267869,0.8912827722170882,1.450853040369649,1.0234847419496351
ENSMUSG00000039990-B,4.97141148818929,5.014356736425135,5.011722705730682,4.688735036566729,4.556923114932377,5.403026609573726
ENSMUSG00000040043-B,3.337944873929122,3.4729083321478047,3.477512552977962,3.4928652304846852,2.159433125265605,3.211414963633655
ENSMUSG00000040276-B,11.13606977563312,11.6863540341623,11.38537141330048,11.790915840698965,11.739717056175577,11.26816122709095
ENSMUSG00000040649-B,6.661464909993018,6.506506777544906,6.82490655584484,6.530854711358676,6.666108831394436,6.866366468099406
ENSMUSG00000040693-B,1.0089201542886188,2.0111273579927036,1.427492445617763,0.8912827722170882,0.900604630476427,2.035085291391048
ENSMUSG00000040729-B,4.824508981159114,5.299841664884461,4.411253727509437,4.989760553642424,3.976035425850128,4.568160450599088
ENSMUSG00000040797-B,7.452311542980184,7.6071981402861075,7.723685519275811,7.65125952672639,7.424326699458565,6.976954783212451
ENSMUSG00000040907-B,9.7941983710582,10.202156916882124,10.167488159331784,10.117074665197729,10.108042072751552,10.188659788121052
ENSMUSG00000040918-B,5.061643868208803,4.53773835884697,5.25456891372427,5.028061224233596,5.121308894952936,4.852309835227633
ENSMUSG00000041020-B,9.454471529151588,9.000630347135209,9.332728543472324,9.22319946808736,9.506642404400004,9.324968931174048
ENSMUSG00000041057-B,6.971839246612024,7.014702312899184,6.928605291358463,7.013726780260906,6.690530083645983,6.8790810799943465
ENSMUSG00000041133-B,8.815407297439586,8.715221767703312,8.633922569425211,8.771359225162886,8.604916400330726,8.840905904932727
ENSMUSG00000041147-B,2.5997989305116143,2.5973209506378527,2.9558989561580975,3.1199240906364327,3.137771365053633,3.211414963633655
ENSMUSG00000041308-B,4.409260942089341,4.769158898319819,4.0919524391219735,4.307875937252778,4.196682908426215,4.745268524016443
ENSMUSG00000041468-B,5.900128913896102,6.058988230344193,5.8899038653670095,5.821802026281046,5.680245475088138,5.660367153350024
ENSMUSG00000041598-B,8.067567339023675,7.644099652027375,7.5328381374719875,7.7802779402297215,8.216561997547243,7.89188399958679
ENSMUSG00000041608-B,4.924086758981448,4.714690106687776,4.809239875036287,4.868351536010444,4.800759870255176,3.62772999219573
ENSMUSG00000041649-B,3.6012742162453297,2.0111273579927036,3.8598009907086706,2.3989312282184883,3.137771365053633,2.6238940055118434
ENSMUSG00000041733-B,6.4933203012126794,6.629376897901038,6.2192803707035935,6.098687865866216,6.482501722933901,6.133381740043126
ENSMUSG00000041736-B,3.6012742162453297,3.4729083321478047,3.477512552977962,2.615639381685247,3.976035425850128,3.5018508052118755
ENSMUSG00000041794-B,6.104988366223554,6.204440090950675,6.235548436564506,5.660490204919677,6.366037701859401,6.02314528443074
ENSMUSG00000041852-B,6.146815970260121,6.08068663566313,6.388871622373106,5.986460914069973,6.4108206426307595,6.5055038194084895
ENSMUSG00000042190-B,2.822613016020247,3.0129736021557663,3.477512552977962,3.1199240906364327,3.511237591449954,3.363929204552695
ENSMUSG00000042757-B,6.167283630040462,6.569249503716413,6.592053617476656,6.59604594315731,6.806795396335228,6.91656610065645
ENSMUSG00000042759-B,2.013359633899684,2.5973209506378527,0.0,1.4381060961904937,2.8212892783330923,0.0
ENSMUSG00000042793-B,3.337944873929122,4.336008310520878,4.623927210362141,4.58977932873845,3.976035425850128,3.62772999219573
ENSMUSG00000043090-B,5.661288114362257,5.686953747645559,5.691914851538447,5.585423892173066,5.19143539328083,5.215244162666781
ENSMUSG00000043243-B,0.0,1.0074277664920572,1.821580401267869,0.8912827722170882,1.450853040369649,2.035085291391048
ENSMUSG00000043262-B,4.016680301357339,3.335270662524132,3.2401524609867787,3.3789375282937875,3.3971636439971347,3.5018508052118755
ENSMUSG00000043290-B,3.823877269588491,4.183923274809938,3.773301140810181,2.970595430034886,3.715440394059799,4.6296441674859885
ENSMUSG00000043631-B,3.716864854720897,4.821645825006173,2.385284659426389,2.970595430034886,3.894291156871041,4.503939374376524
ENSMUSG00000043702-B,5.5719982050506545,5.184332939605705,5.155451869157071,5.450921897503919,4.844945124302163,5.827119160977592
ENSMUSG00000043811-B,6.9365026388258775,7.722106082793751,7.142131574175086,7.461389769352585,7.062076112359301,7.068608391353954
ENSMUSG00000044022-B,3.1857451226598252,2.820064919656635,2.6015453154704016,3.255235748423378,3.137771365053633,3.211414963633655
ENSMUSG00000044026-B,3.1857451226598252,2.5973209506378527,3.2401524609867787,3.1199240906364327,2.8212892783330923,3.363929204552695
ENSMUSG00000044172-B,2.013359633899684,1.5948577153675143,0.0,1.8336891264456736,0.900604630476427,1.6161912973223032
ENSMUSG00000044749-B,2.013359633899684,2.0111273579927036,0.8835379103768013,0.8912827722170882,0.0,0.0
ENSMUSG00000045087-B,5.339271613534292,5.686953747645559,5.434451387889293,5.302578879369597,5.290620552913764,5.569158200946751
ENSMUSG00000045102-B,0.0,0.0,0.0,2.3989312282184883,0.900604630476427,0.0
ENSMUSG00000045667-B,2.013359633899684,2.5973209506378527,2.385284659426389,0.0,3.137771365053633,3.040850773071988
ENSMUSG00000047003-B,4.875156832453922,4.261968914899732,4.521505807466241,4.034466029383136,4.556923114932377,3.62772999219573
ENSMUSG00000047216-B,3.015574261233889,3.9207249704805607,4.291873708189772,3.7889330061759665,3.3971636439971347,3.040850773071988
ENSMUSG00000047238-B,7.942525253925865,7.735846808023463,7.996123682607191,7.903858145772888,7.887419949440151,8.139182491949517
ENSMUSG00000047606-B,4.476413420195277,4.406432755101535,4.228262552792894,4.537634011309451,4.800759870255176,4.688614370749845
ENSMUSG00000047676-B,0.0,0.0,0.0,0.0,0.900604630476427,0.0
ENSMUSG00000047866-B,7.312293650698268,7.30934433661816,7.025347546551721,7.158871040263464,6.934973458608773,6.774081158116149
ENSMUSG00000047867-B,2.5997989305116143,2.3337942340902966,2.9558989561580975,1.8336891264456736,0.0,3.040850773071988
ENSMUSG00000048249-B,8.690167511208587,8.636831890271484,8.386867500721994,8.41094044661921,8.40174971730035,8.47272477239225
ENSMUSG00000048347-B,4.186728143820816,3.714122785565889,3.681282350118108,3.8755042468697742,3.511237591449954,4.043724896586897
ENSMUSG00000048706-B,5.798823784383855,5.40678387498943,5.619382394443351,5.635899543000484,5.751617454347055,5.746151043680593
ENSMUSG00000049387-B,1.5968438254781343,2.0111273579927036,1.821580401267869,0.0,1.450853040369649,1.0234847419496351
ENSMUSG00000049764-B,4.33882950255249,4.921216610118436,4.6725342681339965,4.735778754900015,4.755178487912343,4.852309835227633
ENSMUSG00000050052-B,4.476413420195277,4.658083889759377,4.7195569016388,4.537634011309451,4.053395311193678,4.366227129719248
ENSMUSG00000050074-B,4.409260942089341,4.714690106687776,4.623927210362141,4.107827408326218,4.126817283801403,4.131356625746441
ENSMUSG00000050549-B,3.337944873929122,2.3337942340902966,3.681282350118108,2.615639381685247,3.273289414056743,3.040850773071988
ENSMUSG00000050592-B,3.1857451226598252,2.3337942340902966,2.6015453154704016,1.8336891264456736,1.8482151513686695,1.6161912973223032
ENSMUSG00000050666-B,4.6609344580909875,3.9207249704805607,4.809239875036287,3.1199240906364327,4.38801789588369,4.6296441674859885
ENSMUSG00000050677-B,2.5997989305116143,3.8211190490169087,2.789574405893652,2.1438173585239833,1.8482151513686695,3.040850773071988
ENSMUSG00000050930-B,3.337944873929122,2.3337942340902966,3.582992083521086,2.970595430034886,2.8212892783330923,3.040850773071988
ENSMUSG00000051297-B,2.5997989305116143,3.0129736021557663,1.821580401267869,3.255235748423378,2.632521657997895,1.0234847419496351
ENSMUSG00000051495-B,7.105118356685763,6.715115451173238,7.372902711263357,7.1061382456632565,6.985192898591437,7.196017509112015
ENSMUSG00000051855-B,5.50924573005686,5.473914028812617,4.893672621922326,5.393401825066743,5.442132783760685,5.215244162666781
ENSMUSG00000052117-B,2.822613016020247,2.0111273579927036,2.9558989561580975,1.4381060961904937,0.0,1.0234847419496351
ENSMUSG00000052516-B,6.983428361406823,7.102171929331427,6.653883904682906,6.7414434094916285,6.8179227552576975,6.98873500715628
ENSMUSG00000052533-B,4.33882950255249,4.473578874481304,5.085376433305287,4.688735036566729,4.38801789588369,4.292105696052246
ENSMUSG00000052698-B,7.918578340799061,7.986302307732467,8.31978513807273,8.017682728156455,7.999173449154747,8.18085645314813
ENSMUSG00000052837-B,7.265596711404248,7.272108975463008,7.519613447144297,8.041282165620778,8.152078768674683,8.006411093664319
ENSMUSG00000052951-B,2.822613016020247,2.0111273579927036,2.6015453154704016,3.255235748423378,3.273289414056743,2.359322344576064
ENSMUSG00000053279-B,7.837886240703203,7.465944358017328,7.86632596239381,7.829903590901528,7.939292383878006,7.653688477443067
ENSMUSG00000053358-B,0.0,2.0111273579927036,0.8835379103768013,2.3989312282184883,1.450853040369649,1.0234847419496351
ENSMUSG00000053768-B,6.863121829865149,7.091523882149059,6.877687436614846,6.490277442105768,6.88294266514778,6.569656817477827
ENSMUSG00000054519-B,2.5997989305116143,3.4729083321478047,2.9558989561580975,2.1438173585239833,2.4152830223730466,2.035085291391048
ENSMUSG00000054920-B,6.265480405803249,6.6440251934678916,6.736222603635499,6.530854711358676,6.482501722933901,6.455444741531574
ENSMUSG00000055239-B,7.468895594974873,7.214389544658016,7.1846459836233105,7.352411397625307,7.582756245039082,7.653688477443067
ENSMUSG00000055639-B,5.265247766468882,5.40678387498943,5.760974587871021,5.843441830618017,4.969918884344981,5.928459044808573
ENSMUSG00000055818-B,0.0,0.0,1.427492445617763,1.4381060961904937,2.632521657997895,1.0234847419496351
ENSMUSG00000055945-B,8.769288540363299,8.372324546516937,8.636987676523617,8.505595763749666,8.585514336508394,8.363862185167248
ENSMUSG00000056071-B,4.104208177392387,3.4729083321478047,2.6015453154704016,3.95717341038548,3.6169489052138504,2.035085291391048
ENSMUSG00000056116-B,4.824508981159114,5.262357009689984,4.623927210362141,4.7813367796268755,4.969918884344981,4.366227129719248
ENSMUSG00000056411-B,1.5968438254781343,0.0,1.427492445617763,0.0,0.0,2.359322344576064
ENSMUSG00000056423-B,0.0,1.0074277664920572,0.0,0.8912827722170882,1.450853040369649,0.0
ENSMUSG00000056737-B,2.3361739877134577,0.0,2.385284659426389,0.8912827722170882,2.159433125265605,2.035085291391048
ENSMUSG00000056770-B,8.23204509755115,8.009113111959136,8.429916560574899,8.542446518436643,8.360489926908025,8.112511407819307
ENSMUSG00000056900-B,6.646963554591763,6.79604317893227,6.566559944699064,6.8308238141214135,6.903980691986703,6.732648628729814
ENSMUSG00000057322-B,10.228441921174197,10.209561762829328,10.196863769510545,10.209547500197026,10.264666333931286,10.079972557557026
ENSMUSG00000057440-B,5.017233003602457,4.658083889759377,4.573625219805471,5.171839666559339,4.502789186891137,5.437818673549586
ENSMUSG00000057455-B,8.284514643110276,8.086225046494349,8.522322535223068,8.217347731566605,8.371860126675507,8.160169942555939
ENSMUSG00000057531-B,7.339603107881956,7.345642798808055,7.558929303177885,7.44024272192137,7.402317598361763,6.98873500715628
ENSMUSG00000058400-B,3.1857451226598252,2.820064919656635,3.477512552977962,2.970595430034886,3.273289414056743,2.359322344576064
ENSMUSG00000058897-B,6.443844695712667,5.599472836909883,6.298846080989826,5.966877358882761,6.304079099892124,6.349793570621164
ENSMUSG00000059447-B,5.994784813989279,5.299841664884461,5.8052436577396,5.986460914069973,5.751617454347055,5.878678727961357
ENSMUSG00000059669-B,5.443639113245914,5.101846684704441,4.973436011778948,5.478844189060445,5.3222227175867225,5.537427176484457
ENSMUSG00000059674-B,2.3361739877134577,1.0074277664920572,3.2401524609867787,2.970595430034886,2.632521657997895,2.6238940055118434
ENSMUSG00000060424-B,7.654321286297661,7.498550905971806,7.458554697753979,7.258884265308679,7.800337864625172,7.546185861401582
ENSMUSG00000061039-B,1.5968438254781343,0.0,0.8835379103768013,0.8912827722170882,1.450853040369649,1.0234847419496351
ENSMUSG00000061535-B,1.5968438254781343,1.0074277664920572,0.0,0.0,2.159433125265605,0.0
ENSMUSG00000061983-B,10.708645809964112,10.0162112988847,10.281563728312822,10.394075825097238,10.452199906573412,10.197569519515511
ENSMUSG00000062380-B,9.914099349903656,10.205864090659064,10.293267776187536,10.246563597279764,10.01320571713124,10.059173459594184
ENSMUSG00000062470-B,3.1857451226598252,2.3337942340902966,0.0,2.1438173585239833,2.632521657997895,2.359322344576064
ENSMUSG00000062661-B,9.147036945939757,8.960231420798468,8.82073226518896,9.08469892340271,8.981583432560953,8.65380605322813
ENSMUSG00000062704-B,1.0089201542886188,2.0111273579927036,2.385284659426389,1.4381060961904937,2.8212892783330923,1.6161912973223032
ENSMUSG00000063049-B,7.246486337776869,7.224171243087799,7.089403196757053,7.097158963787137,7.117163757190749,7.144290685942468
ENSMUSG00000063077-B,9.966134834654063,10.25559663559036,10.17910001400602,9.9857952129543,9.846628001678988,10.13666366147526
ENSMUSG00000063409-B,1.5968438254781343,2.3337942340902966,1.427492445617763,0.0,0.900604630476427,1.6161912973223032
ENSMUSG00000063681-B,1.5968438254781343,1.5948577153675143,3.2401524609867787,1.8336891264456736,3.807635516468859,2.035085291391048
ENSMUSG00000063870-B,8.831527404171098,9.05370844972738,8.919695693145538,9.033843249408488,9.070333086414385,9.046503754169969
ENSMUSG00000063931-B,5.602379691361456,5.897210655853129,5.930441021516748,5.660490204919677,5.704430582409335,6.133381740043126
ENSMUSG00000064128-B,3.6012742162453297,4.013895838989916,3.363708484120931,2.1438173585239833,2.159433125265605,2.035085291391048
ENSMUSG00000064363-B,16.769250938109927,16.53752145088991,16.12560756235303,16.209047815980533,16.62860815356471,16.533836198831885
ENSMUSG00000066197-B,3.6012742162453297,3.9207249704805607,3.477512552977962,4.24422618753497,3.976035425850128,3.211414963633655
ENSMUSG00000066441-B,6.321342474202575,6.164356962304127,6.344560947696467,6.448525785270703,6.082091806695575,6.5055038194084895
ENSMUSG00000067279-B,7.668749240824878,7.224171243087799,7.365530104030733,7.258884265308679,7.204545202059565,7.000419819072049
ENSMUSG00000067768-B,1.0089201542886188,2.0111273579927036,0.8835379103768013,1.4381060961904937,0.900604630476427,0.0
ENSMUSG00000068154-B,3.337944873929122,4.658083889759377,3.773301140810181,4.307875937252778,3.511237591449954,3.211414963633655
ENSMUSG00000068220-B,6.617516094823975,5.742459770005629,6.298846080989826,6.284184934977925,6.171558195884439,5.537427176484457
ENSMUSG00000068966-B,4.717545193864014,4.821645825006173,4.573625219805471,4.427323947587403,3.894291156871041,4.852309835227633
ENSMUSG00000070167-B,1.0089201542886188,1.5948577153675143,0.0,0.8912827722170882,0.900604630476427,0.0
ENSMUSG00000070407-B,2.822613016020247,2.5973209506378527,2.385284659426389,3.1199240906364327,1.450853040369649,1.0234847419496351
ENSMUSG00000070527-B,3.1857451226598252,2.3337942340902966,3.582992083521086,2.804006512785884,2.4152830223730466,3.211414963633655
ENSMUSG00000070532-B,3.823877269588491,4.261968914899732,4.228262552792894,4.307875937252778,4.556923114932377,3.8506695799639914
ENSMUSG00000070687-B,2.5997989305116143,3.0129736021557663,3.1050152051192725,2.970595430034886,3.6169489052138504,3.62772999219573
ENSMUSG00000070806-B,1.0089201542886188,1.0074277664920572,1.821580401267869,0.0,0.900604630476427,1.0234847419496351
ENSMUSG00000070953-B,6.104988366223554,6.506506777544906,6.283280119580984,6.116572042697617,6.523860848208287,6.293917417283149
ENSMUSG00000071648-B,4.409260942089341,3.9207249704805607,4.973436011778948,4.909966826547472,4.969918884344981,4.745268524016443
ENSMUSG00000071661-B,2.822613016020247,2.5973209506378527,2.6015453154704016,1.4381060961904937,0.900604630476427,2.035085291391048
ENSMUSG00000072809-B,3.1857451226598252,2.820064919656635,1.821580401267869,3.1199240906364327,2.159433125265605,3.040850773071988
ENSMUSG00000072919-B,2.013359633899684,1.5948577153675143,0.8835379103768013,1.4381060961904937,0.900604630476427,0.0
ENSMUSG00000072964-B,6.994925122659873,6.318411619563415,6.856806225955368,6.935284048150675,6.439921832959732,6.801056218045932
ENSMUSG00000073460-B,1.5968438254781343,1.5948577153675143,2.130791176299231,2.804006512785884,2.159433125265605,1.6161912973223032
ENSMUSG00000073680-B,8.73884279528573,8.749492501654897,9.05188464484813,9.07558478201889,8.87906774029542,8.869859330365058
ENSMUSG00000073795-B,3.337944873929122,2.3337942340902966,0.8835379103768013,0.0,0.0,2.035085291391048
ENSMUSG00000074215-B,3.1857451226598252,1.5948577153675143,2.9558989561580975,3.59845095259921,2.9881912580676815,3.211414963633655
ENSMUSG00000074476-B,2.822613016020247,2.3337942340902966,3.1050152051192725,3.4928652304846852,3.807635516468859,3.8506695799639914
ENSMUSG00000074580-B,1.5968438254781343,2.820064919656635,3.1050152051192725,2.1438173585239833,3.3971636439971347,2.359322344576064
ENSMUSG00000074646-B,0.0,2.0111273579927036,0.8835379103768013,0.0,0.0,1.0234847419496351
ENSMUSG00000074793-B,3.47560927959857,2.0111273579927036,2.130791176299231,2.804006512785884,2.9881912580676815,1.0234847419496351
ENSMUSG00000074811-B,4.772018169472108,3.8211190490169087,4.623927210362141,5.333492860055802,4.446544546311149,4.43672579137573
ENSMUSG00000074813-B,0.0,0.0,2.130791176299231,1.8336891264456736,0.0,2.035085291391048
ENSMUSG00000075225-B,2.3361739877134577,1.0074277664920572,2.385284659426389,2.1438173585239833,2.159433125265605,1.0234847419496351
ENSMUSG00000078435-B,3.6012742162453297,2.820064919656635,3.1050152051192725,3.1199240906364327,3.273289414056743,2.8473834642060067
ENSMUSG00000079043-B,4.924086758981448,3.598550992932378,3.773301140810181,4.368835802509168,4.446544546311149,4.043724896586897
ENSMUSG00000079083-B,4.264782375228313,5.262357009689984,5.04901954778731,4.735778754900015,4.659453660616243,5.330819431159779
ENSMUSG00000079157-B,8.572327333624939,8.651405067402273,8.60290791922921,8.453777915225713,8.545909429826317,8.631436403151723
ENSMUSG00000081683-B,2.3361739877134577,2.5973209506378527,2.130791176299231,3.255235748423378,3.3971636439971347,2.8473834642060067
ENSMUSG00000083153-B,0.0,0.0,0.0,0.0,2.159433125265605,1.6161912973223032
ENSMUSG00000083307-B,2.5997989305116143,2.0111273579927036,1.427492445617763,0.8912827722170882,1.450853040369649,1.6161912973223032
ENSMUSG00000084375-B,2.5997989305116143,1.0074277664920572,2.130791176299231,0.8912827722170882,1.450853040369649,1.0234847419496351
ENSMUSG00000085007-B,5.50924573005686,5.686953747645559,5.691914851538447,5.270987943583599,5.774644472190196,5.437818673549586
ENSMUSG00000085111-B,1.5968438254781343,1.0074277664920572,0.0,0.0,0.0,1.0234847419496351
ENSMUSG00000085382-B,2.013359633899684,0.0,2.130791176299231,1.4381060961904937,0.900604630476427,1.6161912973223032
ENSMUSG00000086034-B,2.013359633899684,1.5948577153675143,1.821580401267869,3.1199240906364327,1.8482151513686695,1.6161912973223032
ENSMUSG00000086109-B,0.0,0.0,0.0,0.8912827722170882,0.0,1.0234847419496351
ENSMUSG00000086213-B,1.0089201542886188,1.5948577153675143,2.6015453154704016,0.0,0.0,0.0
ENSMUSG00000086732-B,1.5968438254781343,0.0,0.8835379103768013,1.4381060961904937,2.632521657997895,1.0234847419496351
ENSMUSG00000087067-B,0.0,1.5948577153675143,1.821580401267869,0.0,0.0,0.0
ENSMUSG00000087141-B,7.217337586978235,7.672955989087679,7.335657035436098,7.298593283441161,7.004801215417664,7.331701591069685
ENSMUSG00000089940-B,0.0,1.0074277664920572,0.0,1.4381060961904937,0.900604630476427,0.0
ENSMUSG00000090862-B,10.067617367772645,9.81408256302594,9.827209517047208,9.853411556177022,9.956435986792282,9.589563664908102
ENSMUSG00000091387-B,4.104208177392387,4.336008310520878,4.7195569016388,3.255235748423378,4.126817283801403,3.8506695799639914
ENSMUSG00000092094-B,3.6012742162453297,2.0111273579927036,3.2401524609867787,2.1438173585239833,0.900604630476427,2.6238940055118434
ENSMUSG00000092417-B,6.226999970932254,6.474081576785245,6.4176736067090765,6.633791983150618,6.188804460762816,6.2748005472723944
ENSMUSG00000093720-B,0.0,0.0,0.0,2.1438173585239833,0.900604630476427,0.0
ENSMUSG00000094344-B,2.013359633899684,0.0,1.427492445617763,1.4381060961904937,2.159433125265605,0.0
ENSMUSG00000095845-B,2.5997989305116143,2.0111273579927036,0.8835379103768013,2.1438173585239833,0.900604630476427,1.6161912973223032
ENSMUSG00000096606-B,3.337944873929122,3.9207249704805607,3.2401524609867787,1.8336891264456736,3.715440394059799,3.211414963633655
ENSMUSG00000096917-B,3.337944873929122,2.0111273579927036,1.821580401267869,2.970595430034886,2.159433125265605,1.6161912973223032
ENSMUSG00000096971-B,1.5968438254781343,0.0,0.0,0.0,0.900604630476427,2.035085291391048
ENSMUSG00000097061-B,5.50924573005686,5.372009893945684,5.011722705730682,5.585423892173066,5.552836761608836,5.254806977989811
ENSMUSG00000097403-B,0.0,1.0074277664920572,0.8835379103768013,0.8912827722170882,0.900604630476427,1.6161912973223032
ENSMUSG00000097595-B,2.5997989305116143,2.0111273579927036,0.0,0.8912827722170882,1.450853040369649,2.035085291391048
ENSMUSG00000097666-B,1.5968438254781343,1.0074277664920572,0.0,0.0,1.8482151513686695,1.6161912973223032
ENSMUSG00000097781-B,0.0,1.5948577153675143,1.427492445617763,2.1438173585239833,3.137771365053633,2.035085291391048
ENSMUSG00000098132-B,2.822613016020247,1.5948577153675143,0.8835379103768013,0.8912827722170882,2.4152830223730466,1.6161912973223032
ENSMUSG00000098447-B,0.0,0.0,1.427492445617763,0.8912827722170882,0.0,1.6161912973223032
ENSMUSG00000098789-B,2.5997989305116143,2.5973209506378527,0.8835379103768013,1.8336891264456736,2.4152830223730466,1.6161912973223032
ENSMUSG00000099098-B,2.013359633899684,2.820064919656635,1.821580401267869,2.804006512785884,2.4152830223730466,1.6161912973223032
ENSMUSG00000100680-B,1.5968438254781343,2.0111273579927036,1.427492445617763,2.1438173585239833,2.8212892783330923,1.0234847419496351
ENSMUSG00000101225-B,3.1857451226598252,2.3337942340902966,3.681282350118108,2.804006512785884,3.137771365053633,3.040850773071988
ENSMUSG00000102692-B,1.5968438254781343,1.0074277664920572,1.427492445617763,0.8912827722170882,0.0,1.0234847419496351
ENSMUSG00000103123-B,1.5968438254781343,2.3337942340902966,1.821580401267869,1.4381060961904937,0.900604630476427,1.6161912973223032
ENSMUSG00000103486-B,1.5968438254781343,3.183103596070372,2.789574405893652,2.3989312282184883,2.159433125265605,1.6161912973223032
ENSMUSG00000103755-B,2.3361739877134577,2.820064919656635,1.427492445617763,0.8912827722170882,1.8482151513686695,1.6161912973223032
ENSMUSG00000104399-B,1.0089201542886188,1.0074277664920572,0.8835379103768013,0.0,1.450853040369649,2.035085291391048
ENSMUSG00000104411-B,0.0,2.0111273579927036,0.0,0.8912827722170882,0.0,0.0
ENSMUSG00000105139-B,1.5968438254781343,2.0111273579927036,0.8835379103768013,1.4381060961904937,2.8212892783330923,1.6161912973223032
ENSMUSG00000105471-B,2.3361739877134577,2.5973209506378527,0.8835379103768013,2.804006512785884,0.900604630476427,2.359322344576064
ENSMUSG00000105867-B,6.187464970378624,6.164356962304127,6.1693456866819805,5.843441830618017,6.063512952718492,6.215881375556381
"(2,5-Dimethoxyphenyl)acetone",14.22183651652919,15.39656988471546,14.77794148459306,15.79492488769024,16.10708189958663,15.684213392506413
"(2R)-Pyrrolidine-1,2-dicarboxylic acid, bis(tert-butyldimethylsilyl) ester",17.848056725654924,18.697253042531315,18.145516841146943,17.917954706335404,19.90628699179653,19.90628699179653
(4-Fluorophenyl)phenylmethanol,,,18.572420897099427,,,
"(9H-fluoren-9-yl)methanol, O-methoxycarbonyl-",27.60464096162688,28.139723574834868,27.21934825959647,25.491807134917025,24.05947168021112,27.21934825959647
"3,4,5-Trimethoxyamphetamine",24.69908251133796,25.404802973180967,23.99000942053065,17.044039991717742,11.432133533201071,24.361767611067528
Oxypeucedanin,,,,,,
"1-(1-Hydroxybutyl)-2,5-dimethoxybenzene ",,24.491789288861316,23.920579189958964,,27.084943944408092,27.60464096162688
"1-(2,4-Dimethoxyphenyl)-propan-2-one",18.145516841146943,,18.090663406345644,18.299161313868307,18.090663406345644,18.090663406345644
"1-(2,5-Dimethoxyphenyl)-1-[(trimethylsilyl)oxy]propan-2-amine",25.96252317418443,25.6563659490016,25.313618060977973,25.050447238005177,25.491807134917025,25.491807134917025
"1-(4-Methoxyphenyl)-4,6-dimethyl-2(1H)-pyrimidinone",18.994720196960333,22.336032499821258,20.060474603176942,17.67570612907752,21.9535073039897,22.176682287677355
1-(Cyclohexylmethyl)-4-piperidinylamine,14.021419364841742,8.64390924178897,10.101353297214947,,12.73466395698144,11.053448878828174
1-(tert-Butyldimethylsilyl)-4-methyl-1H-pyrazole,18.40008695193352,18.76637914203081,18.527065735233,18.964499198463745,18.40008695193352,18.40008695193352
"1,2,4-Butanetriol, (S)",,17.420656950089175,,,,
"1,2-Benzenedicarboxylic acid, butyl octyl ester",,,,,,
"1,2-Bis(trimethylsiloxy)cyclohexene",,,,,,
"1,2-Cinnolinedicarboxylic acid, 1,2,3,5,6,7,8,8a-octahydro-4-trimethylsilyloxy-, diethyl ester",,,,8.64390924178897,,
"1,2-Cyclohexanediol, (Z)",16.649394651426014,17.259371352214917,16.894290018224726,16.649394651426014,16.78619280811605,16.548397760488008
"1,3-Butanediamine",,,,,,
"1,3-Oxazolidine, 2,5-diphenyl-4-methyl-, trans-",28.504702814838293,27.439594575526513,27.70606970193908,28.504702814838293,28.022288157553156,28.022288157553156
"1,3-Propanediol",,,,,,
10-Undecynoic acid,16.027442504336406,,,,,
"13-Docosenamide, (Z)",15.564115838261683,,,,16.548397760488008,16.894290018224726
1-Butanol,26.779800290688794,26.45236086775373,,,,
"1-Heptanol, 2-propyl-",20.776972835570746,21.03415127487163,19.90628699179653,20.437043584347983,20.776972835570746,20.060474603176942
1-Hexacosanol,,,,,,
1-Octadecanol,6.637474595960846,11.432133533201071,6.033603261326803,10.101353297214947,8.959893012120766,
"1-Octanol, 2-butyl-",25.491807134917025,25.491807134917025,25.050447238005177,26.269939079141064,25.792817913981175,25.050447238005177
"1-Pentene, 1,3-diphenyl-1-(trimethylsilyloxy)-",,,,36.317196840651846,36.98883560312424,
"2(1H)-Quinolinone, 3-[3-(4-methoxyphenyl)-1-oxo-2-propen-1-yl]-4-phenyl",,,,,4.918347381516455,
"2(5H)-Furanone, 4-(hydroxymethyl)",18.47862430573336,19.511528355008892,18.697253042531315,18.090663406345644,19.511528355008892,19.31134104659928
"2-(Ethylamino)ethanol, N-acetyl",33.78547332532239,32.65987336076064,31.21036514314471,31.668951186609984,31.21036514314471,31.21036514314471
2-(Methylamino)ethanol,26.567254262059528,26.651849462366915,25.96252317418443,26.567254262059528,26.269939079141064,17.73101607564761
"2,2'-Bipyridine",21.151328125650927,21.566275994088834,20.6292687562774,21.36156896985457,21.151328125650927,20.437043584347983
"2,3-Butanediol, O-(trimethylsilyl)-, monoacetate",17.128341573761485,18.572420897099427,17.313901308851932,,17.79122014145856,17.79122014145856
"2,3-Dihydroxybutanoic acid",32.65987336076064,,30.7823453433383,29.976899253025323,30.942609521468626,
"2',3'-Di-O-acetyladenosine",,3.026346101989217,0.5989360822462241,,,1.8466198968201704
"2,4,4'-Trihydroxybenzophenone",18.816900848646988,19.977070348849676,19.31134104659928,20.85775323035948,20.159049269761585,19.236639097669983
"2,4,6-Cycloheptatrien-1-one",,,,26.651849462366915,22.262186034564476,22.991190162689342
"2,4-Dihydroxyacetophenone",,,,,,
"2,4-Dimethoxybenzaldoxime",17.73101607564761,20.437043584347983,,,,
"2,4-Di-tert-butylphenol",,,,19.236639097669983,,
"2,4-Imidazolidinedione, 5,5-dimethyl",19.977070348849676,19.82917893481498,19.977070348849676,22.663346963173684,18.92945649510279,18.816900848646988
"2,5-Bis((tert-butyldimethylsilyl)oxy)-4,4-dimethyl-4H-imidazole",20.060474603176942,19.12715709241501,20.159049269761585,21.03415127487163,18.299161313868307,16.700122639813483
"2,5-Dimethoxybenzhydrazide",23.584213588252027,24.952119430962735,24.617441356369007,23.77270330773383,25.58298494600797,25.792817913981175
"2,5-Dimethoxybenzonitrile",19.044780457273152,20.944682697362236,19.82917893481498,19.192546564593975,20.85775323035948,20.349076790547738
"2,5-Dimethoxyphenol",22.60513085670781,23.072538359028545,23.53191592986123,23.35257549176473,23.99000942053065,24.187462616991436
"2',5'-Dimethoxypropiophenone",24.617441356369007,25.96252317418443,24.952119430962735,24.13416838153767,25.741137750046672,26.023750424771674
"2,6-di-tert-Butyl-4-(dimethylaminomethyl)phenol",21.566275994088834,21.36156896985457,20.776972835570746,21.278227382097494,,
"2-Allyl-1,4-dimethoxybenzene",25.792817913981175,25.89217197325309,25.248245599251963,25.140663431027427,25.404802973180967,25.6563659490016
2-Amino-4-methylbenzophenone,15.79492488769024,18.87000098295748,18.76637914203081,,18.816900848646988,19.55840932952848
2-Aminoquinolin-8-ol,,,,,,24.491789288861316
2-Butanol,,,,,,
2-Buten-1-ol,,,,20.6292687562774,,20.776972835570746
"2-Butene-1,4-diol",16.38716185479659,17.79122014145856,,16.954735439681233,16.700122639813483,
2-Butenedioic acid,26.8471068534773,25.248245599251963,24.361767611067528,25.792817913981175,26.567254262059528,25.58298494600797
"2-Butenoic acid, 3-[(tert-butyldimethylsilyl)oxy]",26.269939079141064,26.567254262059528,26.124112340107267,24.854862067442433,26.50296267227539,26.651849462366915
2-Butoxyethanol,1.8466198968201704,14.77794148459306,13.487298878543296,14.22183651652919,14.91150018039568,13.17498269461429
2-Cyanobenzaldehyde,25.313618060977973,26.269939079141064,24.791158461587777,25.89217197325309,,26.06651650878252
"2-Cyclohexen-1-one, 3-methyl-6-(1-methylethyl)",19.236639097669983,,19.511528355008892,19.791251716821705,19.12715709241501,18.572420897099427
"2-Cyclohexen-1-one, 3-methyl-",19.90628699179653,21.63965483051689,20.349076790547738,19.55840932952848,21.811268708817973,21.36156896985457
2-Decanol,18.572420897099427,,18.47862430573336,18.87000098295748,18.527065735233,18.007855678299716
2-Ethyl-1-butanol,,21.811268708817973,20.944682697362236,,,21.278227382097494
2-Ethylhexanoic acid,26.651849462366915,26.96160059936936,26.341187662588105,26.50296267227539,26.387010738920857,26.50296267227539
2-Ethylhexanol,,,,19.36205780789064,,
"2-Furancarbodithioic acid, methyl ester",,,,,,
2-Furoic acid,,17.504940337930993,17.044039991717742,16.38716185479659,,16.027442504336406
2-Hexanol,26.124112340107267,,25.6563659490016,,26.124112340107267,26.341187662588105
"2'-Hydroxy-2,4,4',5-tetramethoxychalcone",6.033603261326803,11.999708944648896,8.203468926465137,8.203468926465137,10.589741767314072,7.5486253233047425
"2-Hydroxy-2',4',6'-trimethoxychalcone",,,5.7610837394771846,8.959893012120766,,
2-Hydroxy-3-methylbutyric acid,5.4519271051056934,8.959893012120766,6.637474595960846,3.026346101989217,8.64390924178897,6.033603261326803
"2-Hydroxymethyl-17alpha-methylandrosta-1,4-diene-11alpha,17beta-diol-3-one",,,,,,
2-Isopropyl-5-methyl-1-heptanol,,,,,,
"2-Methyl-1,3-butanediol",23.072538359028545,22.991190162689342,22.81629933915454,22.60513085670781,22.60513085670781,22.663346963173684
2-Methyl-3-pentanol,15.39656988471546,17.128341573761485,15.02985544620005,,17.504940337930993,16.78619280811605
"2-Methylcyclohexanol, (Z)",14.91150018039568,16.954735439681233,15.267001008214582,15.564115838261683,15.39656988471546,14.91150018039568
"2-Methylcyclohexylamine, tert.-butyldimethylsilyl ether",21.9535073039897,,22.262186034564476,,22.54252442178061,22.10136387655403
2-Naphthol,15.925482683255618,16.207484324420978,16.38716185479659,17.420656950089175,16.207484324420978,15.925482683255618
2-Norbornanemethanol,24.491789288861316,23.417291798715073,,,,
"2-Oxiraneethanol, 2-t-butyldimethysilyloxymethyl- acetate",18.964499198463745,,,,,
2-Pentadecanone,2.0053360546098284,4.357485352481382,1.8466198968201704,4.357485352481382,4.357485352481382,2.6473235787985914
"2-Pivaloyl-1,3-indandione",,,,,,
2-Propyl-1-pentanol,20.6292687562774,18.994720196960333,22.991190162689342,23.484143310267747,23.417291798715073,23.222075930761207
2-Pyrrolidone-5-carboxylic acid,29.754289059653733,30.7823453433383,29.43670460039806,27.60464096162688,29.199493510442174,30.172391027732196
"2-Thiophenecarboxylic acid, 4-cyanophenyl ester",,,,,,
"3-(4,7-Dimethoxy-2H-1,3-benzodioxol-5-yl)-2-methylprop-2-enal",19.82917893481498,21.49512426745769,21.03415127487163,20.159049269761585,21.89766089201072,22.017772579784815
3-(4-Methoxyphenyl)coumarin,21.49512426745769,,19.044780457273152,17.128341573761485,,
"3,3-Bis{4-[(trimethylsilyl)oxy]phenyl}-2-benzofuran-1(3H)-one",,,32.00781944442083,,,
"3,3-Dimethylacrylic acid",,,21.70761198277439,22.54252442178061,,
"3,4-Dihydroxybenzaldehyde",,,,,,
"3,4-Methylenedioxyamphetamine",,28.220824986859174,26.45236086775373,,18.76637914203081,11.73344589311528
"3,5-Dimethoxy-4-(tert.-butyldimethylsilyl)oxybenzaldehyde",,,,,,
"3,5-Dimethylphenol",,15.684213392506413,13.17498269461429,13.783405868376022,14.77794148459306,13.019379474962212
3-Amino-5-methylisoxazole,22.336032499821258,21.89766089201072,22.54252442178061,23.417291798715073,23.222075930761207,22.430766960994436
3-Aminobenzoic acid,23.953297105679837,23.99000942053065,24.304911461865277,24.241680361020343,21.278227382097494,21.811268708817973
3-Buten-2-one,16.894290018224726,18.299161313868307,16.954735439681233,17.96713333278627,17.605330159289814,17.313901308851932
3-Heptanol,23.920579189958964,23.151992757960304,23.072538359028545,22.336032499821258,22.76118107855382,22.76118107855382
"3-Hydroxy-7,3',4',5'-tetramethoxyflavone",,,,7.5486253233047425,,
3-Hydroxymethyl-2-trimethylsilyloxypentane,,13.487298878543296,11.999708944648896,12.34021900334536,14.6579166018199,13.783405868376022
3-Methyl-3-buten-1-ol,11.73344589311528,,15.39656988471546,,16.38716185479659,16.207484324420978
3-Nonene,,20.6292687562774,,,,
3-Phenyl oxindole,,,,,,
"4,4'-Dichlorobenzophenone",,,,,,
"4,5-Dihydro-1H-pyrazole",,,,28.597049460306497,,
"4-[2-(4,7-Dimethoxy-2H-1,3-benzodioxol-5-yl)ethenyl]-2-methoxyphenol",21.70761198277439,20.159049269761585,21.36156896985457,21.49512426745769,21.36156896985457,19.626871308510992
4-Aminobutanoic acid,17.313901308851932,18.527065735233,16.027442504336406,16.207484324420978,13.487298878543296,17.420656950089175
4-Hydroxybutanoic acid,,,,,,
4-Methoxyphenol,,,28.504702814838293,27.92524459775121,28.139723574834868,27.78907181958203
"4-Methylquinoline-2,7-diol",,,,,,
4-Methylvaleric acid,19.12715709241501,,19.41868971884918,19.977070348849676,19.82917893481498,19.36205780789064
4-Oxohexanoic acid,19.192546564593975,20.53009211757007,,18.697253042531315,19.044780457273152,
"4-Phenyl-2,3-dihydro-1H-1,5-benzodiazepin-2-one",,,,,,
4-tert-Butyldimethylsiloxy-3-penten-2-one,25.89217197325309,,25.140663431027427,26.06651650878252,,25.741137750046672
5-Aminovaleric acid,,,,,,
5-Azacytosine,17.67570612907752,18.92945649510279,18.007855678299716,18.145516841146943,18.145516841146943,18.527065735233
"5-Chlorovaleric acid, nonyl ester",24.187462616991436,23.616437364521392,23.151992757960304,23.71999917837554,23.870386627878062,23.53191592986123
"5-Ethyl-1,3-dioxane-5-methanol, tert-butyldimethylsilyl ether",23.29594091395716,24.361767611067528,22.76118107855382,,,19.723751953711417
5-Ethyl-5-methylnonadecane,,,,,,
5-Hydroxy-7-methoxy-2-methyl-3-phenyl-4-chromenone,22.991190162689342,24.241680361020343,31.668951186609984,33.78547332532239,32.65987336076064,33.78547332532239
5-Nitroso-8-quinolinol,,,,,23.584213588252027,23.584213588252027
"5-Nonanol, tert-butyldimethylsilyl ether",19.41868971884918,19.791251716821705,19.236639097669983,19.41868971884918,19.791251716821705,19.044780457273152
5-Oxohexanoic Acid,18.92945649510279,19.36205780789064,18.92945649510279,19.31134104659928,19.41868971884918,18.87000098295748
"6,7,4'-Trihydroxyisoflavone",16.207484324420978,16.78619280811605,16.207484324420978,17.79122014145856,16.954735439681233,16.38716185479659
"6-Aminocaproic acid, N-(tert.-butyldimethylsilyl)",13.487298878543296,15.267001008214582,14.6579166018199,16.10708189958663,,
"6-Methoxy-1-methyl-1,2,3,4-tetrahydroisoquinolin-7-ol ",25.741137750046672,,,25.404802973180967,26.06651650878252,26.124112340107267
6-Methyluracil,19.626871308510992,19.31134104659928,19.626871308510992,20.53009211757007,17.313901308851932,16.954735439681233
6-Nitroveratryl alcohol,,,12.34021900334536,,18.47862430573336,17.848056725654924
6-Oxoheptanoic acid,20.85775323035948,21.70761198277439,20.53009211757007,21.63965483051689,21.42405899916408,20.944682697362236
"7(S),17(S)-Dihydroxy-8(E),10(Z),13(Z),15(E),19(Z)-docosapentaenoic acid",,,,,,
7-Hydroxy-4-(methoxymethyl)coumarin,,4.918347381516455,2.0053360546098284,,5.2319467103497415,
8-Acetyl-7-hydroxycoumarin,,,,,,
8-Methylnonanoic acid,23.71999917837554,23.870386627878062,23.584213588252027,23.53191592986123,23.920579189958964,23.870386627878062
"9,12-Octadecadienoic acid (Z,Z)",20.437043584347983,,,,,
9-Ethyl-N-(trimethylsilyl)-9H-carbazol-3-amine,,,,,,
"9H-Xanthen-9-one, 1-hydroxy-3,5,6-trimethoxy",,,,,,
"9Z-Octadecenoic acid, (2S)-3-[(hydroxymercaptophosphinyl)oxy]-2-methoxypropyl ester ",20.159049269761585,18.816900848646988,,15.267001008214582,20.349076790547738,17.605330159289814
Acetic acid,36.317196840651846,36.317196840651846,33.78547332532239,32.65987336076064,33.78547332532239,36.317196840651846
Aceturic acid,22.92787490413422,24.187462616991436,21.89766089201072,23.674356384455788,23.53191592986123,24.617441356369007
Aconitic acid,24.41996340567163,25.792817913981175,24.241680361020343,24.05947168021112,25.140663431027427,24.41996340567163
Adenine,11.999708944648896,14.44344997303848,13.783405868376022,16.027442504336406,14.22183651652919,12.34021900334536
Adipic acid,,,,,,
Adipoyl-L-carnitine,22.81629933915454,23.222075930761207,,24.791158461587777,,
alpha-Hydroxyisobutyric acid,8.64390924178897,13.17498269461429,11.053448878828174,10.589741767314072,13.783405868376022,12.73466395698144
Allylescaline,30.370043719919497,30.942609521468626,29.976899253025323,30.573336989554633,30.370043719919497,30.942609521468626
Aminoguanidine,,,,,,
Aniline,18.20683760099299,19.044780457273152,18.299161313868307,19.12715709241501,18.697253042531315,18.76637914203081
Azelaic acid,13.019379474962212,17.848056725654924,17.420656950089175,18.47862430573336,17.848056725654924,17.917954706335404
"Aziridine, 1-(2-buten-2-yl)",,,,,,
"Benz[a]anthracene-1,7,12(2H)-trione, 3,4-dihydro-8-hydroxy-3-methyl-, (3S)",,,,,,
"Benz[c]acridine, 5,10-dimethyl",,,,,,
"Benzaldehyde, 2,5-dimethoxy",36.98883560312424,36.98883560312424,36.317196840651846,36.98883560312424,36.317196840651846,36.98883560312424
"Benzene, 1,4-dimethoxy",21.811268708817973,22.262186034564476,21.49512426745769,21.89766089201072,22.176682287677355,21.9535073039897
"Benzene, 1-acetoxy-2,6-dimethoxy-4-(2-propenyl)",,,,,,
"Benzene, 1-ethyl-3,5-dimethyl",21.89766089201072,,,,22.991190162689342,
Benzeneacetic acid,21.36156896985457,,16.78619280811605,18.994720196960333,,
Benzenepropanoic acid,23.674356384455788,24.05947168021112,23.674356384455788,23.953297105679837,23.82958488643099,23.953297105679837
"Benzenesulfonamide, N-butyl",10.589741767314072,14.021419364841742,13.019379474962212,13.17498269461429,14.021419364841742,11.999708944648896
"Benzoic acid, 2-hydroxy-3-[(2-hydroxy-4-methoxy-6-propylbenzoyl)oxy]-4-methoxy-6-propyl-, methyl ester ",29.199493510442174,28.328763097489578,28.73936053878384,29.199493510442174,28.863827445577932,29.092836196046683
"Benzoic acid, methyl ester",14.44344997303848,20.239280036683237,19.12715709241501,23.99000942053065,23.77270330773383,23.35257549176473
Benzoic Acid,30.172391027732196,28.863827445577932,29.199493510442174,28.863827445577932,28.73936053878384,28.863827445577932
Benzophenone,13.17498269461429,15.564115838261683,14.22183651652919,13.487298878543296,16.027442504336406,15.02985544620005
Benzyl alcohol,25.6563659490016,25.140663431027427,24.69908251133796,24.952119430962735,24.854862067442433,24.791158461587777
Biphenyl,22.262186034564476,22.10136387655403,21.566275994088834,21.811268708817973,21.70761198277439,21.63965483051689
Butachlor ESA,,3.515329454763203,0.9266751030624764,,3.026346101989217,2.0053360546098284
Butanedioic acid,28.139723574834868,30.172391027732196,28.220824986859174,27.70606970193908,29.754289059653733,30.370043719919497
Butylmethylamine,24.361767611067528,22.81629933915454,23.870386627878062,23.82958488643099,23.71999917837554,23.99000942053065
Butyric Acid,27.439594575526513,27.084943944408092,26.779800290688794,27.084943944408092,27.004989997162102,26.8471068534773
Chlorobenzilate ,,,24.13416838153767,19.511528355008892,,
Cholesterol,24.241680361020343,23.71999917837554,24.05947168021112,25.6563659490016,20.239280036683237,23.072538359028545
cis-2-Decenoic acid,,14.91150018039568,,,,13.487298878543296
Citramalic acid,12.73466395698144,14.22183651652919,11.432133533201071,12.73466395698144,,14.44344997303848
Crotonic acid,22.76118107855382,22.76118107855382,22.663346963173684,22.76118107855382,22.81629933915454,22.336032499821258
Curcumin,16.10708189958663,16.38716185479659,16.548397760488008,17.605330159289814,17.128341573761485,16.649394651426014
Cyclobutylamine,25.404802973180967,25.050447238005177,24.854862067442433,25.248245599251963,25.313618060977973,25.313618060977973
Cyclocurcumin,,,,,,
Cycloheptanol,22.54252442178061,22.54252442178061,22.430766960994436,23.151992757960304,22.663346963173684,22.60513085670781
"Cyclohexanone, 3,3,5-trimethyl",22.176682287677355,,20.715974098065832,22.10136387655403,23.29594091395716,22.81629933915454
Cyclooctylamine,23.484143310267747,24.41996340567163,24.187462616991436,22.176682287677355,24.617441356369007,24.854862067442433
"Cyclopentaneacetic acid, 3-oxo-2-pentyl-, methyl ester",19.36205780789064,19.41868971884918,19.192546564593975,19.723751953711417,19.31134104659928,19.192546564593975
"Cytosine, N-(tert-butyldimethylsilyl)-",10.101353297214947,13.783405868376022,11.73344589311528,13.019379474962212,13.17498269461429,10.589741767314072
Desmethylverapamil,,,,,,
Diacetyl monoxime,17.259371352214917,17.313901308851932,16.649394651426014,18.007855678299716,17.044039991717742,17.128341573761485
Dibutyldodecylamine,,,,22.430766960994436,,
Diclofenac,,,,,,17.044039991717742
Diethylamine,18.090663406345644,18.964499198463745,18.20683760099299,18.20683760099299,19.236639097669983,18.994720196960333
DL-Glyceraldehyde,26.45236086775373,26.50296267227539,26.269939079141064,25.741137750046672,26.8471068534773,26.779800290688794
DL-p-Hydroxyphenyllactic acid,17.044039991717742,18.40008695193352,17.504940337930993,,17.67570612907752,17.504940337930993
"Dodecanoic acid, 1-methylethyl ester",8.203468926465137,12.34021900334536,8.959893012120766,11.73344589311528,11.999708944648896,8.64390924178897
Dodecanoic acid,23.870386627878062,23.953297105679837,23.29594091395716,23.616437364521392,23.674356384455788,23.484143310267747
"D-Streptamine, O-6-amino-6-deoxy-alpha-D-glucopyranosyl-(1-4)-O-(3-deoxy-4-C-methyl-3-(methylamino)-beta-L-arabinopyranosyl-(1-6))-2-deoxy-",2.6473235787985914,8.203468926465137,3.026346101989217,4.918347381516455,5.4519271051056934,5.4519271051056934
Durapan,17.504940337930993,17.044039991717742,17.79122014145856,18.816900848646988,15.02985544620005,14.22183651652919
"Erythrono-1,4-lactone",23.417291798715073,23.82958488643099,22.176682287677355,22.92787490413422,23.953297105679837,24.13416838153767
Ethanolamine,27.92524459775121,27.78907181958203,27.084943944408092,27.21934825959647,27.439594575526513,27.439594575526513
Formamide,32.00781944442083,31.21036514314471,30.573336989554633,30.942609521468626,30.573336989554633,30.7823453433383
Frangulin,5.2319467103497415,10.101353297214947,5.4519271051056934,,10.101353297214947,
Glabridin,,,,,19.626871308510992,
Glyceric acid,,,,,25.6563659490016,
Glycerol,15.684213392506413,16.700122639813483,16.10708189958663,17.259371352214917,16.649394651426014,16.267931772699097
Glycine,26.387010738920857,26.779800290688794,25.741137750046672,26.200929917790297,25.96252317418443,25.96252317418443
"Glycine, tert.-butyldimethylsilyl ester",28.597049460306497,28.73936053878384,27.92524459775121,27.78907181958203,27.92524459775121,28.504702814838293
Glycolic acid,28.328763097489578,28.597049460306497,28.022288157553156,27.004989997162102,27.78907181958203,28.328763097489578
Guanosine,18.299161313868307,16.027442504336406,17.67570612907752,,18.20683760099299,
Heptanedioic acid,,,,11.999708944648896,,
Heptanoic acid,25.050447238005177,24.854862067442433,24.41996340567163,24.41996340567163,24.791158461587777,24.69908251133796
Heptylamine,,11.053448878828174,12.73466395698144,14.6579166018199,12.34021900334536,8.959893012120766
Hexacosanoic acid,8.959893012120766,10.589741767314072,10.589741767314072,11.432133533201071,11.053448878828174,
Hexanoic acid,26.50296267227539,26.8471068534773,26.06651650878252,26.341187662588105,26.341187662588105,26.387010738920857
Hydracrylic acid,23.35257549176473,24.617441356369007,23.82958488643099,23.222075930761207,24.241680361020343,24.304911461865277
Hydroxylamine,,,,,,
"Hymexazole, tert-butyldimethylsilyl ether",26.023750424771674,25.313618060977973,25.58298494600797,26.124112340107267,24.41996340567163,24.05947168021112
Hypoxanthine,26.96160059936936,28.022288157553156,27.004989997162102,25.313618060977973,24.491789288861316,26.200929917790297
Iminodiacetic acid,3.026346101989217,5.2319467103497415,3.515329454763203,3.515329454763203,7.5486253233047425,5.7610837394771846
Indoprofen,,,,,,
Isobutanol,16.954735439681233,17.917954706335404,18.40008695193352,14.91150018039568,19.55840932952848,19.41868971884918
Isonicotinic Acid,26.341187662588105,26.124112340107267,25.491807134917025,26.023750424771674,26.023750424771674,25.89217197325309
Isopropyl palmitate,7.5486253233047425,11.73344589311528,8.64390924178897,11.053448878828174,11.73344589311528,8.203468926465137
Isopropylamine,25.140663431027427,23.920579189958964,25.89217197325309,26.387010738920857,25.248245599251963,25.404802973180967
Isosorbide,,,,,,
Ketamine,31.21036514314471,33.78547332532239,30.942609521468626,31.21036514314471,29.976899253025323,29.754289059653733
"Kojic acid, bis(tert-butyldimethylsilyl) ether",19.55840932952848,19.236639097669983,19.791251716821705,21.9535073039897,18.87000098295748,18.697253042531315
L-(+)-Threose,20.944682697362236,,27.439594575526513,,28.597049460306497,
Lactic acid,29.43670460039806,29.092836196046683,29.754289059653733,29.754289059653733,30.172391027732196,28.139723574834868
L-Alanine,4.357485352481382,6.637474595960846,4.357485352481382,5.4519271051056934,5.7610837394771846,3.026346101989217
L-Asparagine,,,,,,
L-gamma-Glutamyl-L-glutamic acid,,,,,,15.564115838261683
Leucylglycine,24.952119430962735,20.715974098065832,21.278227382097494,18.527065735233,18.964499198463745,23.82958488643099
Levulinic acid,24.13416838153767,24.13416838153767,23.616437364521392,23.920579189958964,24.304911461865277,23.920579189958964
L-Glutamic acid,,18.47862430573336,,,16.267931772699097,18.20683760099299
L-Glutamine,3.515329454763203,5.4519271051056934,2.6473235787985914,5.2319467103497415,6.033603261326803,3.515329454763203
"L-Histidine, N,1-bis(tert-butyldimethylsilyl)-",24.791158461587777,24.791158461587777,24.491789288861316,24.69908251133796,24.952119430962735,25.248245599251963
Lignoceric acid,14.77794148459306,16.649394651426014,14.44344997303848,14.021419364841742,15.79492488769024,14.021419364841742
L-Leucine,19.511528355008892,19.90628699179653,18.964499198463745,20.239280036683237,18.994720196960333,18.92945649510279
"l-Leucine, n-butoxycarbonyl-N-methyl-, hexadecyl ester",,,,,,
L-Lysine,23.99000942053065,24.304911461865277,23.484143310267747,24.187462616991436,24.13416838153767,23.674356384455788
L-Norleucine,30.573336989554633,31.668951186609984,28.328763097489578,22.81629933915454,,28.220824986859174
"l-Norvaline, n-propargyloxycarbonyl-, isohexyl ester",29.092836196046683,27.70606970193908,,28.328763097489578,28.504702814838293,29.199493510442174
L-Ornithine,,19.192546564593975,,,,
L-Pyroglutamic acid,,26.200929917790297,,,22.92787490413422,22.92787490413422
L-Serine,,29.43670460039806,,,,
L-Threonine,21.42405899916408,22.663346963173684,22.10136387655403,21.566275994088834,,
L-Tryptophan,11.432133533201071,14.6579166018199,14.021419364841742,15.02985544620005,13.019379474962212,10.101353297214947
L-Tyrosine,24.854862067442433,27.004989997162102,26.200929917790297,25.96252317418443,26.200929917790297,
Luciferin,,,,,,4.357485352481382
Lupinine,20.349076790547738,21.42405899916408,20.239280036683237,,20.6292687562774,21.566275994088834
L-Valine,21.278227382097494,23.584213588252027,22.92787490413422,22.017772579784815,22.10136387655403,23.151992757960304
L-Val-L-Leu,,30.573336989554633,26.50296267227539,30.172391027732196,,
Malic acid,22.10136387655403,23.484143310267747,22.017772579784815,22.262186034564476,20.715974098065832,20.6292687562774
Maltol,,,,,,
Methanesulfonic acid,23.222075930761207,23.35257549176473,23.71999917837554,24.361767611067528,20.060474603176942,19.977070348849676
Methyl lactate,17.79122014145856,18.007855678299716,17.73101607564761,18.572420897099427,17.917954706335404,18.145516841146943
Methylsuccinic acid,,,,,,
Methylthiouracil,23.53191592986123,22.176682287677355,23.417291798715073,24.491789288861316,20.944682697362236,20.239280036683237
Mevalonolactone,18.76637914203081,16.548397760488008,17.605330159289814,17.504940337930993,19.977070348849676,20.159049269761585
Monocaproin,27.78907181958203,26.341187662588105,,28.220824986859174,,
m-Toluic acid,17.420656950089175,16.267931772699097,16.700122639813483,16.78619280811605,17.420656950089175,17.259371352214917
Myristic acid,19.723751953711417,20.776972835570746,19.723751953711417,19.82917893481498,20.53009211757007,19.82917893481498
"N,N-Dimethyl-2-aminoethanol",30.942609521468626,29.976899253025323,30.370043719919497,30.7823453433383,29.43670460039806,30.573336989554633
"N-[(3,4,5-Trimethoxyphenyl)methylidene]hydroxylamine",24.05947168021112,,,,24.187462616991436,23.71999917837554
N-Acetylaminoethanol,30.7823453433383,32.00781944442083,30.172391027732196,29.43670460039806,30.7823453433383,31.668951186609984
N-Acetylaspartic acid,19.31134104659928,20.349076790547738,17.96713333278627,17.73101607564761,,18.47862430573336
N-Acetyl-L-alanine,18.87000098295748,19.723751953711417,18.994720196960333,19.044780457273152,19.36205780789064,19.12715709241501
"Naringenin 4',7-dimethylether",16.78619280811605,17.73101607564761,17.259371352214917,16.894290018224726,17.73101607564761,
N-Caffeoyl-O-methyltyramine,0.9266751030624764,5.7610837394771846,7.5486253233047425,5.7610837394771846,8.203468926465137,6.637474595960846
N-Ethylamphetamine,27.004989997162102,25.741137750046672,26.651849462366915,27.439594575526513,26.96160059936936,26.96160059936936
N-Ethyldiethanolamine,22.430766960994436,22.60513085670781,22.336032499821258,23.29594091395716,23.072538359028545,22.54252442178061
Niacin,15.02985544620005,15.79492488769024,15.564115838261683,16.700122639813483,,15.79492488769024
Niacinamide,27.084943944408092,27.21934825959647,26.8471068534773,26.45236086775373,26.651849462366915,27.004989997162102
N-Isobutyrylglycine,26.06651650878252,26.06651650878252,26.023750424771674,24.304911461865277,25.89217197325309,26.269939079141064
N-Methyl-1-[(trimethylsilyl)oxy]-1-{4-[(trimethylsilyl)oxy]phenyl}propan-2-amine,11.053448878828174,13.019379474962212,,,14.44344997303848,11.432133533201071
N-Methylacetamide,26.200929917790297,26.387010738920857,25.792817913981175,26.779800290688794,26.45236086775373,26.45236086775373
Nonanoic acid,28.863827445577932,,28.863827445577932,28.022288157553156,28.220824986859174,28.73936053878384
Norephedrine,28.73936053878384,29.199493510442174,28.597049460306497,,,
Norketamine,4.918347381516455,6.033603261326803,5.2319467103497415,6.637474595960846,6.637474595960846,4.918347381516455
"Norleucine, N-trimethylsilyl-",,,,,,32.00781944442083
Octacosanol,23.77270330773383,23.53191592986123,,23.072538359028545,,24.952119430962735
"Octadecanoic acid, octyl ester",,,,,,
Octadecanoic acid,,,,,,
Octanoic acid,24.304911461865277,,23.953297105679837,,24.69908251133796,24.241680361020343
Octocrylene,,,,,,
Oleamide,25.248245599251963,23.29594091395716,27.60464096162688,23.870386627878062,24.361767611067528,23.616437364521392
Oleic Acid,,,,,,
Olomoucine,,,,,,
Oxalic acid,29.976899253025323,29.754289059653733,29.092836196046683,28.139723574834868,29.092836196046683,29.43670460039806
"Oxalic acid, di(cyclohexylmethyl) ester",,12.73466395698144,,,,
"Oxymorphone, bis(trimethylsilyl) ether",27.70606970193908,27.92524459775121,27.78907181958203,29.092836196046683,27.70606970193908,27.92524459775121
Palmitic Acid,27.21934825959647,,26.387010738920857,,26.779800290688794,26.567254262059528
Pentadecanoic acid,,,,,,
Pentanedioic acid,21.63965483051689,22.430766960994436,21.151328125650927,20.776972835570746,22.430766960994436,21.42405899916408
Pentanoic acid,23.82958488643099,23.77270330773383,23.222075930761207,23.584213588252027,23.616437364521392,23.417291798715073
"Phenol, 2,4-bis(1-methyl-1-phenylethyl)-",22.663346963173684,22.92787490413422,21.811268708817973,19.90628699179653,22.017772579784815,21.89766089201072
Phenol,,25.58298494600797,26.567254262059528,26.8471068534773,27.21934825959647,27.084943944408092
Phenoxyethanol,23.616437364521392,23.674356384455788,23.35257549176473,24.617441356369007,23.35257549176473,23.29594091395716
Phosphoserine,,,,,,
Phthalazin-1-one,,,32.65987336076064,,31.668951186609984,32.65987336076064
Phthalimide,,,,,,
Phytanic acid,20.53009211757007,21.151328125650927,20.437043584347983,21.151328125650927,21.03415127487163,20.53009211757007
Picolinic acid,28.220824986859174,27.60464096162688,26.96160059936936,26.96160059936936,27.60464096162688,28.597049460306497
Pinosylvin,17.96713333278627,17.67570612907752,19.36205780789064,20.349076790547738,15.684213392506413,16.10708189958663
Pipecolic acid,18.527065735233,20.85775323035948,18.816900848646988,17.848056725654924,20.437043584347983,19.791251716821705
"Piperazine, 1-(4-acetylphenylsulfonyl)-4-methyl-",,,,,,
Praziquantel,,,,,,5.2319467103497415
Pro-Ala-Lys,,,,,,
Prometryne,,,36.98883560312424,32.00781944442083,,
"Propanoic acid, 3-[(tert-butyldimethylsilyl)oxy]-2-methyl-",23.151992757960304,24.69908251133796,23.77270330773383,22.991190162689342,23.484143310267747,23.77270330773383
"Propanoic acid, dimethyl(isopropyl)silyl ester",16.700122639813483,17.605330159289814,17.128341573761485,18.40008695193352,17.259371352214917,21.70761198277439
Propanoic acid,22.017772579784815,,20.85775323035948,21.42405899916408,21.49512426745769,20.85775323035948
"Propionic acid, 3-iodo-, octadecyl ester",,,,,,
Propylene glycol,17.605330159289814,18.20683760099299,17.848056725654924,18.76637914203081,17.96713333278627,17.96713333278627
Prostaglandin,15.267001008214582,,14.91150018039568,,,
"Pyrazole[4,5-b]imidazole, 1-formyl-3-ethyl-6-beta-d-ribofuranosyl-",,,,,,
"Quinoxaline, 2,3-diphenyl- ",,,,,32.00781944442083,
Salsoline,,21.278227382097494,22.60513085670781,14.44344997303848,23.151992757960304,
Sarcosine,,22.017772579784815,,,,21.151328125650927
Simetryn,,,,,,
Spiroxamine,20.715974098065832,18.145516841146943,,20.944682697362236,21.63965483051689,21.49512426745769
Stearic acid,28.022288157553156,28.504702814838293,,28.73936053878384,,27.70606970193908
Suberic acid,18.697253042531315,19.55840932952848,18.87000098295748,16.267931772699097,19.192546564593975,18.964499198463745
Succinamide,,,21.42405899916408,,,22.262186034564476
Sulindac,17.917954706335404,19.626871308510992,,15.39656988471546,,
Supraene,20.239280036683237,,21.9535073039897,20.715974098065832,22.336032499821258,21.03415127487163
Synephrine,19.791251716821705,20.060474603176942,19.55840932952848,20.060474603176942,19.723751953711417,19.511528355008892
Taurine,,,15.79492488769024,,,
tert-butyl(dimethyl)silyl-2-([tert-butyl(dimethyl)silyl]oxy)hex-2-enoate,16.267931772699097,17.96713333278627,,15.925482683255618,,17.67570612907752
tert-Butylamine,,,,,,
"Tetrahydro[2,2']bifuranyl-5-one",,,,,,
Tetrahydro-solasodine triacetate,18.007855678299716,18.090663406345644,17.917954706335404,18.92945649510279,18.572420897099427,18.299161313868307
Theobromine,,,,,,
Thymol,16.548397760488008,16.894290018224726,16.267931772699097,17.313901308851932,16.894290018224726,
Triethyl citrate,13.783405868376022,,,15.684213392506413,15.564115838261683,14.6579166018199
Trimethylolpropane,12.34021900334536,15.02985544620005,,14.77794148459306,15.267001008214582,15.267001008214582
Tromethamine,,16.10708189958663,15.925482683255618,19.626871308510992,18.007855678299716,14.77794148459306
Tyr-Val,,,,,,
Uracil,25.58298494600797,26.023750424771674,25.404802973180967,25.58298494600797,25.050447238005177,25.140663431027427
Urea,31.668951186609984,30.370043719919497,28.139723574834868,30.370043719919497,28.328763097489578,29.976899253025323
Vanillylmandelic acid,5.7610837394771846,7.5486253233047425,4.918347381516455,6.033603261326803,3.515329454763203,
"Weberine, 5-desmethoxy-",,,,,,
Xylazine,21.03415127487163,21.9535073039897,21.63965483051689,21.70761198277439,21.566275994088834,20.715974098065832
Yangonin,14.6579166018199,15.925482683255618,15.684213392506413,16.548397760488008,15.925482683255618,15.39656988471546
