n1,n2,VECPAC_r,VECPAC_p,VECPAC_n,DSS_r,DSS_p,DSS_n,LPS_r,LPS_p,LPS_n,Pooled_r,Pooled_p,Pooled_n,r Count,Consistent,Sign,edge_dir,Pooled FDR
"(2,5-Dimethoxyphenyl)acetone","2'-Hydroxy-2,4,4',5-tetramethoxychalcone",0.866025404,0.333333333,3,0.8,0.2,4,0.463816829,0.354164298,6,0.795860968,0.001137289,13,3,TRUE,+,1,0.021880083
"(2,5-Dimethoxyphenyl)acetone",2-Naphthol,0.866025404,0.333333333,3,0.9,0.037386073,5,0.323669437,0.531449957,6,0.734230525,0.002789089,14,3,TRUE,+,1,0.03668279
"(2,5-Dimethoxyphenyl)acetone",2-Propyl-1-pentanol,,,0,0.8,0.2,4,0.771428571,0.072396501,6,0.859649123,0.000337237,12,2,TRUE,+,1,0.010822359
"(2,5-Dimethoxyphenyl)acetone",3-Buten-2-one,0.5,0.666666667,3,0.9,0.037386073,5,0.6,0.208,6,0.740088106,0.002474323,14,3,TRUE,+,1,0.035078956
"(2,5-Dimethoxyphenyl)acetone","6-Aminocaproic acid, N-(tert.-butyldimethylsilyl)",0.866025404,0.333333333,3,0.974679434,0.00481823,5,1,0,4,0.754011827,0.004612687,12,3,TRUE,+,1,0.048208808
"(2,5-Dimethoxyphenyl)acetone","Cytosine, N-(tert-butyldimethylsilyl)-",0.866025404,0.333333333,3,0.9,0.037386073,5,0.542857143,0.265702624,6,0.830024097,0.000238858,14,3,TRUE,+,1,0.009054949
"(2,5-Dimethoxyphenyl)acetone","Dodecanoic acid, 1-methylethyl ester",0.5,0.666666667,3,0.9,0.037386073,5,0.542857143,0.265702624,6,0.804851647,0.000516167,14,3,TRUE,+,1,0.013671342
"(2,5-Dimethoxyphenyl)acetone","D-Streptamine, O-6-amino-6-deoxy-alpha-D-glucopyranosyl-(1-4)-O-(3-deoxy-4-C-methyl-3-(methylamino)-beta-L-arabinopyranosyl-(1-6))-2-deoxy-",0.5,0.666666667,3,0.8,0.2,4,0.550782484,0.257369332,6,0.841380111,0.000311669,13,3,TRUE,+,1,0.010378361
"(2,5-Dimethoxyphenyl)acetone",Frangulin,0.5,0.666666667,3,0.8,0.2,4,0.948683298,0.051316702,4,0.828767123,0.001616356,11,3,TRUE,+,1,0.02729453
"(2,5-Dimethoxyphenyl)acetone",Hexacosanoic acid,,,0,0.8,0.2,4,0.872081599,0.053854218,5,0.883036813,0.000315698,11,2,TRUE,+,1,0.010389823
"(2,5-Dimethoxyphenyl)acetone",L-Glutamine,0.5,0.666666667,3,0.9,0.037386073,5,0.695725243,0.124789337,6,0.802214352,0.000556048,14,3,TRUE,+,1,0.014431119
"(2,5-Dimethoxyphenyl)acetone",m-Toluic acid,0.5,0.666666667,3,0.9,0.037386073,5,0.173931311,0.741733928,6,0.740592882,0.002448572,14,3,TRUE,+,1,0.034994811
"(2,5-Dimethoxyphenyl)acetone",N-Caffeoyl-O-methyltyramine,,,0,1,1.40E-24,5,0.550782484,0.257369332,6,0.831284236,0.000805069,12,2,TRUE,+,1,0.01795392
"(2,5-Dimethoxyphenyl)acetone",Triethyl citrate,,,3,0.9,0.037386073,5,0.8,0.2,4,0.922558088,1.92E-05,12,2,TRUE,+,1,0.002016147
"(2R)-Pyrrolidine-1,2-dicarboxylic acid, bis(tert-butyldimethylsilyl) ester","2(5H)-Furanone, 4-(hydroxymethyl)",1,0,3,0.5,0.391002219,5,0.808823529,0.051329063,6,0.732891832,0.002865273,14,3,TRUE,+,1,0.037203596
"(2R)-Pyrrolidine-1,2-dicarboxylic acid, bis(tert-butyldimethylsilyl) ester",Diethylamine,0.5,0.666666667,3,0.718184846,0.171795305,5,0.970588235,0.001284857,6,0.804635762,0.000519342,14,3,TRUE,+,1,0.013708504
"(2R)-Pyrrolidine-1,2-dicarboxylic acid, bis(tert-butyldimethylsilyl) ester","Hymexazole, tert-butyldimethylsilyl ether",-0.5,0.666666667,3,-0.410391341,0.492535782,5,-0.927633657,0.007665844,6,-0.73759692,0.00260456,14,3,TRUE,-,-1,0.035886347
"(2R)-Pyrrolidine-1,2-dicarboxylic acid, bis(tert-butyldimethylsilyl) ester",Methylthiouracil,,,0,-0.564288094,0.321723336,5,-0.927633657,0.007665844,6,-0.750345541,0.003129234,13,2,TRUE,-,-1,0.039097731
"(9H-fluoren-9-yl)methanol, O-methoxycarbonyl-","2-Allyl-1,4-dimethoxybenzene",0.5,0.666666667,3,0.737864787,0.154618523,5,0.782690898,0.065703848,6,0.744190153,0.002271136,14,3,TRUE,+,1,0.033411443
"(9H-fluoren-9-yl)methanol, O-methoxycarbonyl-","2-Methylcyclohexylamine, tert.-butyldimethylsilyl ether",,,0,-0.866025404,0.333333333,3,-0.948683298,0.051316702,4,-0.927272727,0.002633681,7,2,TRUE,-,-1,0.035987437
"(9H-fluoren-9-yl)methanol, O-methoxycarbonyl-","Phenol, 2,4-bis(1-methyl-1-phenylethyl)-",0.5,0.666666667,3,1,1.40E-24,5,0.637748139,0.17307111,6,0.82579984,0.000274091,14,3,TRUE,+,1,0.009718083
"3,4,5-Trimethoxyamphetamine",2-Ethyl-1-butanol,,,0,1,0,3,1,0,3,1,0,6,2,TRUE,+,1,0
"1-(1-Hydroxybutyl)-2,5-dimethoxybenzene ","3-(4,7-Dimethoxy-2H-1,3-benzodioxol-5-yl)-2-methylprop-2-enal",,,0,0.4,0.6,4,1,0,4,0.878787879,0.000813862,10,2,TRUE,+,1,0.017969212
"1-(1-Hydroxybutyl)-2,5-dimethoxybenzene ","Erythrono-1,4-lactone",,,0,1,0,4,1,0,4,0.829283709,0.003007586,10,2,TRUE,+,1,0.038257685
"1-(1-Hydroxybutyl)-2,5-dimethoxybenzene ",Mevalonolactone,,,0,0.948683298,0.051316702,4,0.8,0.2,4,0.83890965,0.002413988,10,2,TRUE,+,1,0.034993793
"1-(2,4-Dimethoxyphenyl)-propan-2-one",Butyric Acid,1,0,3,0.8,0.104088039,5,0.782623792,0.117613761,5,0.845836597,0.00026887,13,3,TRUE,+,1,0.009627056
"1-(2,4-Dimethoxyphenyl)-propan-2-one",Pentanoic acid,0.5,0.666666667,3,0.666885929,0.218893981,5,0.447213595,0.450184856,5,0.761784544,0.002476482,13,3,TRUE,+,1,0.035078956
"1-(2,4-Dimethoxyphenyl)-propan-2-one",Urea,0.5,0.666666667,3,0.718184846,0.171795305,5,0.782623792,0.117613761,5,0.730558374,0.004565315,13,3,TRUE,+,1,0.048027375
"1-(2,5-Dimethoxyphenyl)-1-[(trimethylsilyl)oxy]propan-2-amine",Heptanoic acid,0.5,0.666666667,3,0.564288094,0.321723336,5,0.970588235,0.001284857,6,0.763596475,0.001481236,14,3,TRUE,+,1,0.025918283
"1-(2,5-Dimethoxyphenyl)-1-[(trimethylsilyl)oxy]propan-2-amine",Isopropylamine,-1,0,3,-0.4,0.504631575,5,-0.927633657,0.007665844,6,-0.70543025,0.004825121,14,3,TRUE,-,-1,0.049234571
"1-(2,5-Dimethoxyphenyl)-1-[(trimethylsilyl)oxy]propan-2-amine",Nonanoic acid,1,0,3,0.564288094,0.321723336,5,0.526315789,0.362245481,5,0.741623005,0.003710927,13,3,TRUE,+,1,0.043234395
"1-(4-Methoxyphenyl)-4,6-dimethyl-2(1H)-pyrimidinone","2(5H)-Furanone, 4-(hydroxymethyl)",,,0,0.615587011,0.26899777,5,0.898645105,0.014888622,6,0.833104241,0.000405393,13,2,TRUE,+,1,0.011786891
"1-(4-Methoxyphenyl)-4,6-dimethyl-2(1H)-pyrimidinone","2,4-Imidazolidinedione, 5,5-dimethyl",,,0,-0.7,0.188120404,5,-0.81167945,0.049857585,6,-0.78453338,0.001495149,13,2,TRUE,-,-1,0.026043882
"1-(4-Methoxyphenyl)-4,6-dimethyl-2(1H)-pyrimidinone","2,5-Dimethoxybenzhydrazide",,,0,0.7,0.188120404,5,0.771428571,0.072396501,6,0.770175439,0.003382309,12,2,TRUE,+,1,0.041453882
"1-(4-Methoxyphenyl)-4,6-dimethyl-2(1H)-pyrimidinone","2',5'-Dimethoxypropiophenone",,,0,0.7,0.188120404,5,0.942857143,0.004804665,6,0.767217631,0.002206287,13,2,TRUE,+,1,0.032814274
"1-(4-Methoxyphenyl)-4,6-dimethyl-2(1H)-pyrimidinone",2-Amino-4-methylbenzophenone,,,0,1,1.40E-24,5,0.9,0.037386073,5,0.840631762,0.000615569,12,2,TRUE,+,1,0.015248309
"1-(4-Methoxyphenyl)-4,6-dimethyl-2(1H)-pyrimidinone",6-Methyluracil,,,0,-0.7,0.188120404,5,-0.81167945,0.049857585,6,-0.851615485,0.000220473,13,2,TRUE,-,-1,0.008568544
"1-(4-Methoxyphenyl)-4,6-dimethyl-2(1H)-pyrimidinone",Aconitic acid,,,0,0.718184846,0.171795305,5,0.81167945,0.049857585,6,0.741715537,0.003704347,13,2,TRUE,+,1,0.043234395
"1-(4-Methoxyphenyl)-4,6-dimethyl-2(1H)-pyrimidinone",Cyclooctylamine,,,0,0.615587011,0.26899777,5,0.828571429,0.041562682,6,0.74724042,0.003327547,13,2,TRUE,+,1,0.041176403
"1-(4-Methoxyphenyl)-4,6-dimethyl-2(1H)-pyrimidinone",Hydracrylic acid,,,0,0.1,0.872888572,5,1,0,6,0.754820937,0.002859673,13,2,TRUE,+,1,0.037203596
"1-(4-Methoxyphenyl)-4,6-dimethyl-2(1H)-pyrimidinone","Hymexazole, tert-butyldimethylsilyl ether",,,0,-0.7,0.188120404,5,-0.828571429,0.041562682,6,-0.840220386,0.000323647,13,2,TRUE,-,-1,0.010517183
"1-(4-Methoxyphenyl)-4,6-dimethyl-2(1H)-pyrimidinone","Kojic acid, bis(tert-butyldimethylsilyl) ether",,,0,-0.9,0.037386073,5,-0.771428571,0.072396501,6,-0.807162534,0.000851026,13,2,TRUE,-,-1,0.018333812
"1-(4-Methoxyphenyl)-4,6-dimethyl-2(1H)-pyrimidinone",Methylthiouracil,,,0,-0.6,0.28475698,5,-0.828571429,0.041562682,6,-0.812610703,0.001316101,12,2,TRUE,-,-1,0.024018786
1-(Cyclohexylmethyl)-4-piperidinylamine,2-Decanol,,,0,0.866025404,0.333333333,3,0.8,0.2,4,0.945610858,0.000386003,8,2,TRUE,+,1,0.011482096
1-(tert-Butyldimethylsilyl)-4-methyl-1H-pyrazole,"2,2'-Bipyridine",0.5,0.666666667,3,0.872081599,0.053854218,5,0.646843159,0.165056814,6,0.75839116,0.001667399,14,3,TRUE,+,1,0.027732602
1-(tert-Butyldimethylsilyl)-4-methyl-1H-pyrazole,2-Decanol,,,0,0.872081599,0.053854218,5,0.447213595,0.450184856,5,0.834825351,0.000728631,12,2,TRUE,+,1,0.016771517
1-(tert-Butyldimethylsilyl)-4-methyl-1H-pyrazole,"2'-Hydroxy-2,4,4',5-tetramethoxychalcone",0.866025404,0.333333333,3,0.8,0.2,4,0.462030828,0.356269193,6,0.764705882,0.002328181,13,3,TRUE,+,1,0.034025533
1-(tert-Butyldimethylsilyl)-4-methyl-1H-pyrazole,2-Pentadecanone,0.866025404,0.333333333,3,0.9,0.037386073,5,0.35483871,0.490080897,6,0.753916875,0.001841856,14,3,TRUE,+,1,0.029376841
1-(tert-Butyldimethylsilyl)-4-methyl-1H-pyrazole,"6-Aminocaproic acid, N-(tert.-butyldimethylsilyl)",0.866025404,0.333333333,3,0.718184846,0.171795305,5,1,0,4,0.813510661,0.001286875,12,3,TRUE,+,1,0.023804681
1-(tert-Butyldimethylsilyl)-4-methyl-1H-pyrazole,Adenine,,,0,0.9,0.037386073,5,0.8196886,0.045837141,6,0.922160004,1.97E-05,12,2,TRUE,+,1,0.002034301
1-(tert-Butyldimethylsilyl)-4-methyl-1H-pyrazole,Butachlor ESA,,,0,1,0,4,0.316227766,0.683772234,4,0.884162778,0.000683419,10,2,TRUE,+,1,0.016148322
1-(tert-Butyldimethylsilyl)-4-methyl-1H-pyrazole,"Cytosine, N-(tert-butyldimethylsilyl)-",0.866025404,0.333333333,3,0.9,0.037386073,5,0.51610023,0.294583741,6,0.748896285,0.002054537,14,3,TRUE,+,1,0.031279117
1-(tert-Butyldimethylsilyl)-4-methyl-1H-pyrazole,"Dodecanoic acid, 1-methylethyl ester",1,0,3,0.9,0.037386073,5,0.51610023,0.294583741,6,0.746959337,0.002141607,14,3,TRUE,+,1,0.032037117
1-(tert-Butyldimethylsilyl)-4-methyl-1H-pyrazole,Frangulin,1,0,3,1,0,4,0.388888889,0.611111111,4,0.790823405,0.003752497,11,3,TRUE,+,1,0.043445827
1-(tert-Butyldimethylsilyl)-4-methyl-1H-pyrazole,Heptylamine,,,0,1,0,4,0.615587011,0.26899777,5,0.864619477,0.001244071,10,2,TRUE,+,1,0.023184689
1-(tert-Butyldimethylsilyl)-4-methyl-1H-pyrazole,Hexacosanoic acid,,,0,1,0,4,0.526315789,0.362245481,5,0.801843318,0.002992002,11,2,TRUE,+,1,0.038248173
1-(tert-Butyldimethylsilyl)-4-methyl-1H-pyrazole,Isopropyl palmitate,0.866025404,0.333333333,3,0.9,0.037386073,5,0.431228773,0.393252116,6,0.751950794,0.001922953,14,3,TRUE,+,1,0.030166567
1-(tert-Butyldimethylsilyl)-4-methyl-1H-pyrazole,L-Glutamine,1,0,3,0.9,0.037386073,5,0.092406166,0.861785275,6,0.758624914,0.001658659,14,3,TRUE,+,1,0.027656152
1-(tert-Butyldimethylsilyl)-4-methyl-1H-pyrazole,L-Leucine,1,0,3,0.974679434,0.00481823,5,0.698253252,0.122839463,6,0.817168847,0.000359147,14,3,TRUE,+,1,0.011121484
1-(tert-Butyldimethylsilyl)-4-methyl-1H-pyrazole,L-Tryptophan,0.866025404,0.333333333,3,0.9,0.037386073,5,0.941123948,0.005097541,6,0.88084851,3.18E-05,14,3,TRUE,+,1,0.002732561
1-(tert-Butyldimethylsilyl)-4-methyl-1H-pyrazole,N-Methyl-1-[(trimethylsilyl)oxy]-1-{4-[(trimethylsilyl)oxy]phenyl}propan-2-amine,0.5,0.666666667,3,1,0,4,0.25819889,0.74180111,4,0.836836892,0.001316871,11,3,TRUE,+,1,0.024018786
1-(tert-Butyldimethylsilyl)-4-methyl-1H-pyrazole,Vanillylmandelic acid,,,0,0.9,0.037386073,5,0.718184846,0.171795305,5,0.847098762,0.001979828,10,2,TRUE,+,1,0.030685355
1-(tert-Butyldimethylsilyl)-4-methyl-1H-pyrazole,Yangonin,1,0,3,1,0,4,0.739249324,0.093122034,6,0.92490374,6.02E-06,13,3,TRUE,+,1,0.000949254
"1,2-Cyclohexanediol, (Z)",2-Butoxyethanol,,,0,0.564288094,0.321723336,5,0.579771036,0.227783957,6,0.812512539,0.00073707,13,2,TRUE,+,1,0.016815623
"1,2-Cyclohexanediol, (Z)",2-Furoic acid,,,0,0.564288094,0.321723336,5,1,0,4,0.861787755,0.000648095,11,2,TRUE,+,1,0.015661726
"1,2-Cyclohexanediol, (Z)","2'-Hydroxy-2,4,4',5-tetramethoxychalcone",,,0,0.737864787,0.262135213,4,0.779411765,0.067621934,6,0.843421711,0.000566334,12,2,TRUE,+,1,0.01464893
"1,2-Cyclohexanediol, (Z)",2-Hydroxy-3-methylbutyric acid,,,0,0.564288094,0.321723336,5,0.753702346,0.083523281,6,0.852858329,0.000422027,12,2,TRUE,+,1,0.012087737
"1,2-Cyclohexanediol, (Z)","2-Methylcyclohexanol, (Z)",,,0,0.657894737,0.227470217,5,0.661764706,0.152257086,6,0.726256983,0.004935543,13,2,TRUE,+,1,0.049897373
"1,2-Cyclohexanediol, (Z)",2-Pentadecanone,,,0,0.564288094,0.321723336,5,0.123208221,0.816122836,6,0.801675978,0.000981863,13,2,TRUE,+,1,0.019723974
"1,2-Cyclohexanediol, (Z)","3,5-Dimethylphenol",,,0,0.564288094,0.321723336,5,0.7,0.188120404,5,0.851611373,0.000439247,12,2,TRUE,+,1,0.012443714
"1,2-Cyclohexanediol, (Z)",5-Hydroxy-7-methoxy-2-methyl-3-phenyl-4-chromenone,,,0,-0.948683298,0.051316702,4,-0.514705882,0.29611967,6,-0.817963572,0.003832195,10,2,TRUE,-,-1,0.043778727
"1,2-Cyclohexanediol, (Z)","5-Nonanol, tert-butyldimethylsilyl ether",,,0,0.564288094,0.321723336,5,0.597081434,0.210809477,6,0.795556299,0.001145935,13,2,TRUE,+,1,0.021956385
"1,2-Cyclohexanediol, (Z)","Benzenesulfonamide, N-butyl",,,0,0.564288094,0.321723336,5,0.647058824,0.164868716,6,0.818327583,0.000627227,13,2,TRUE,+,1,0.015331598
"1,2-Cyclohexanediol, (Z)",Butachlor ESA,,,0,0.6,0.4,4,0.4,0.6,4,0.882384097,0.001634681,9,2,TRUE,+,1,0.027426751
"1,2-Cyclohexanediol, (Z)","Cytosine, N-(tert-butyldimethylsilyl)-",,,0,0.564288094,0.321723336,5,0.695725243,0.124789337,6,0.758345036,0.002660397,13,2,TRUE,+,1,0.036194421
"1,2-Cyclohexanediol, (Z)","Dodecanoic acid, 1-methylethyl ester",,,0,0.564288094,0.321723336,5,0.695725243,0.124789337,6,0.791678884,0.00126054,13,2,TRUE,+,1,0.023435138
"1,2-Cyclohexanediol, (Z)",Isopropyl palmitate,,,0,0.564288094,0.321723336,5,0.647058824,0.164868716,6,0.778866307,0.00170445,13,2,TRUE,+,1,0.028047273
"1,2-Cyclohexanediol, (Z)",L-Alanine,,,0,0.657894737,0.227470217,5,0.720588235,0.106199433,6,0.902650416,2.40E-05,13,2,TRUE,+,1,0.002294272
"1,2-Cyclohexanediol, (Z)",L-Glutamine,,,0,0.564288094,0.321723336,5,0.25,0.6328125,6,0.777161789,0.001771681,13,2,TRUE,+,1,0.02872574
"1,2-Cyclohexanediol, (Z)",N-Caffeoyl-O-methyltyramine,,,0,0.666885929,0.218893981,5,0.191176471,0.716728895,6,0.781934559,0.002657417,12,2,TRUE,+,1,0.036194421
"1,2-Cyclohexanediol, (Z)",Norketamine,,,0,0.564288094,0.321723336,5,0.388102932,0.447074388,6,0.740586494,0.003785251,13,2,TRUE,+,1,0.043694222
1-Octadecanol,"2,2'-Bipyridine",,,0,1,0,3,0.974679434,0.00481823,5,0.932806046,0.000242368,9,2,TRUE,+,1,0.009071556
1-Octadecanol,2-Butoxyethanol,,,0,1,0,3,0.6,0.28475698,5,0.840365807,0.004561189,9,2,TRUE,+,1,0.048027375
1-Octadecanol,2-Decanol,,,0,1,0,3,0.8,0.2,4,0.928571429,0.002519472,7,2,TRUE,+,1,0.035448074
1-Octadecanol,"2-Methylcyclohexanol, (Z)",,,0,1,0,3,0.9,0.037386073,5,0.848769465,0.003807429,9,2,TRUE,+,1,0.043738779
1-Octadecanol,2-Pentadecanone,,,0,1,0,3,0.894427191,0.040519326,5,0.949288905,9.20E-05,9,2,TRUE,+,1,0.005010773
1-Octadecanol,"3,5-Dimethylphenol",,,0,1,0,3,0.8,0.2,4,0.904761905,0.002008276,8,2,TRUE,+,1,0.030756441
1-Octadecanol,3-Buten-2-one,,,0,1,0,3,0.9,0.037386073,5,0.9,0.000943062,9,2,TRUE,+,1,0.019244443
1-Octadecanol,"5-Nonanol, tert-butyldimethylsilyl ether",,,0,1,0,3,0.737864787,0.154618523,5,0.899191413,0.000969232,9,2,TRUE,+,1,0.019571901
1-Octadecanol,Adenine,,,0,1,0,3,0.8,0.104088039,5,0.853563957,0.003418215,9,2,TRUE,+,1,0.041453882
1-Octadecanol,"Benzenesulfonamide, N-butyl",,,0,1,0,3,0.718184846,0.171795305,5,0.912141876,0.000606851,9,2,TRUE,+,1,0.015139946
1-Octadecanol,Citramalic acid,,,0,1,0,3,0.948683298,0.051316702,4,0.946124747,0.000375312,8,2,TRUE,+,1,0.011250628
1-Octadecanol,"Cytosine, N-(tert-butyldimethylsilyl)-",,,0,1,0,3,0.8,0.104088039,5,0.916666667,0.000506619,9,2,TRUE,+,1,0.013464577
1-Octadecanol,Diacetyl monoxime,,,0,1,0,3,0.8,0.104088039,5,0.836827409,0.004907015,9,2,TRUE,+,1,0.049713716
1-Octadecanol,"Dodecanoic acid, 1-methylethyl ester",,,0,1,0,3,0.8,0.104088039,5,0.953983246,6.58E-05,9,2,TRUE,+,1,0.004136666
1-Octadecanol,Hexacosanoic acid,,,0,1,0,3,0.410391341,0.492535782,5,0.840365807,0.004561189,9,2,TRUE,+,1,0.048027375
1-Octadecanol,Isopropyl palmitate,,,0,1,0,3,0.718184846,0.171795305,5,0.907595071,0.000720766,9,2,TRUE,+,1,0.016640016
1-Octadecanol,L-Alanine,,,0,1,0,3,0.872081599,0.053854218,5,0.96235152,3.29E-05,9,2,TRUE,+,1,0.002732561
1-Octadecanol,L-Glutamine,,,0,1,0,3,0.7,0.188120404,5,0.883333333,0.0015905,9,2,TRUE,+,1,0.02709456
1-Octadecanol,Malic acid,,,0,1,0,3,0.7,0.188120404,5,0.861932231,0.002805929,9,2,TRUE,+,1,0.036781449
1-Octadecanol,Niacin,,,0,1,0,3,0.6,0.4,4,0.904761905,0.002008276,8,2,TRUE,+,1,0.030756441
1-Octadecanol,Norketamine,,,0,1,0,3,0.564288094,0.321723336,5,0.840365807,0.004561189,9,2,TRUE,+,1,0.048027375
1-Octadecanol,"Propanoic acid, dimethyl(isopropyl)silyl ester",,,0,1,0,3,0.8,0.104088039,5,0.845195683,0.004116597,9,2,TRUE,+,1,0.045352941
1-Octadecanol,Thymol,,,0,1,0,3,0.820782682,0.088587005,5,0.912141876,0.000606851,9,2,TRUE,+,1,0.015139946
1-Octadecanol,Vanillylmandelic acid,,,0,1,0,3,0.7,0.188120404,5,0.904761905,0.002008276,8,2,TRUE,+,1,0.030756441
"1-Octanol, 2-butyl-",3-Amino-5-methylisoxazole,,,0,0.974679434,0.00481823,5,0.500216403,0.312256581,6,0.836565097,0.000363814,13,2,TRUE,+,1,0.011121484
"1-Octanol, 2-butyl-",N-Ethylamphetamine,0.5,0.666666667,3,0.866025404,0.333333333,3,0.552300326,0.255785155,6,0.770318021,0.003372707,12,3,TRUE,+,1,0.041453882
"1-Octanol, 2-butyl-",Octanoic acid,,,0,0.8,0.2,4,0.948683298,0.051316702,4,0.946124747,0.000375312,8,2,TRUE,+,1,0.011250628
"2(5H)-Furanone, 4-(hydroxymethyl)","2,4-Imidazolidinedione, 5,5-dimethyl",-0.5,0.666666667,3,-0.359092423,0.552814747,5,-0.794117647,0.059217891,6,-0.770166216,0.001270295,14,3,TRUE,-,-1,0.023559862
"2(5H)-Furanone, 4-(hydroxymethyl)",6-Methyluracil,-0.5,0.666666667,3,-0.359092423,0.552814747,5,-0.794117647,0.059217891,6,-0.70621537,0.00475749,14,3,TRUE,-,-1,0.049116116
"2(5H)-Furanone, 4-(hydroxymethyl)",Diethylamine,0.5,0.666666667,3,0.666885929,0.218893981,5,0.794117647,0.059217891,6,0.751655629,0.001935368,14,3,TRUE,+,1,0.030299878
"2(5H)-Furanone, 4-(hydroxymethyl)","D-Streptamine, O-6-amino-6-deoxy-alpha-D-glucopyranosyl-(1-4)-O-(3-deoxy-4-C-methyl-3-(methylamino)-beta-L-arabinopyranosyl-(1-6))-2-deoxy-",1,0,3,0.316227766,0.683772234,4,0.779411765,0.067621934,6,0.834254144,0.000391181,13,3,TRUE,+,1,0.011561846
"2(5H)-Furanone, 4-(hydroxymethyl)","Hymexazole, tert-butyldimethylsilyl ether",-0.5,0.666666667,3,-0.359092423,0.552814747,5,-0.81167945,0.049857585,6,-0.719956336,0.003689244,14,3,TRUE,-,-1,0.043234395
"2(5H)-Furanone, 4-(hydroxymethyl)",Isobutanol,1,0,3,0.5,0.5,4,0.753702346,0.083523281,6,0.790055249,0.001311119,13,3,TRUE,+,1,0.024018786
"2(5H)-Furanone, 4-(hydroxymethyl)",Methylthiouracil,,,0,-0.615587011,0.26899777,5,-0.81167945,0.049857585,6,-0.766897281,0.00222155,13,2,TRUE,-,-1,0.032914693
"2-(Ethylamino)ethanol, N-acetyl",Benzyl alcohol,0.866025404,0.333333333,3,0.894427191,0.040519326,5,0.941123948,0.005097541,6,0.898623393,1.26E-05,14,3,TRUE,+,1,0.001517315
"2-(Ethylamino)ethanol, N-acetyl",Formamide,0.866025404,0.333333333,3,0.573539335,0.312036357,5,0.954863711,0.003009949,6,0.868028174,5.71E-05,14,3,TRUE,+,1,0.003838052
"2-(Ethylamino)ethanol, N-acetyl",Hexanoic acid,0.866025404,0.333333333,3,0.573539335,0.312036357,5,0.708447269,0.115113065,6,0.74302977,0.002327222,14,3,TRUE,+,1,0.034025533
"2-(Ethylamino)ethanol, N-acetyl",Isonicotinic Acid,0.866025404,0.333333333,3,0.894427191,0.040519326,5,0.8932596,0.016482195,6,0.834466801,0.000205849,14,3,TRUE,+,1,0.008172548
2-(Methylamino)ethanol,Isonicotinic Acid,0.5,0.666666667,3,1,1.40E-24,5,0.808823529,0.051329063,6,0.798456782,0.000617109,14,3,TRUE,+,1,0.015248309
2-(Methylamino)ethanol,L-Leucine,0.5,0.666666667,3,0.564288094,0.321723336,5,0.898645105,0.014888622,6,0.733037161,0.002856924,14,3,TRUE,+,1,0.037203596
"2,2'-Bipyridine",2-Decanol,,,0,0.947368421,0.014379534,5,0.974679434,0.00481823,5,0.925412783,1.60E-05,12,2,TRUE,+,1,0.001770561
"2,2'-Bipyridine",2-Pentadecanone,0.866025404,0.333333333,3,0.872081599,0.053854218,5,0.677645214,0.139120549,6,0.757847534,0.001687865,14,3,TRUE,+,1,0.027833576
"2,2'-Bipyridine","5-Nonanol, tert-butyldimethylsilyl ether",0.5,0.666666667,3,0.872081599,0.053854218,5,0.806059936,0.052771813,6,0.835207953,0.000200721,14,3,TRUE,+,1,0.008172548
"2,2'-Bipyridine",6-Oxoheptanoic acid,0.866025404,0.333333333,3,0.763157895,0.13333912,5,0.782690898,0.065703848,6,0.723534095,0.003444789,14,3,TRUE,+,1,0.041453882
"2,2'-Bipyridine","Benzenesulfonamide, N-butyl",0.5,0.666666667,3,0.872081599,0.053854218,5,0.602941176,0.205184269,6,0.782003684,0.000950998,14,3,TRUE,+,1,0.01925397
"2,2'-Bipyridine","Dodecanoic acid, 1-methylethyl ester",0.5,0.666666667,3,0.872081599,0.053854218,5,0.666736691,0.148089799,6,0.8331732,0.000215054,14,3,TRUE,+,1,0.008442769
"2,2'-Bipyridine",Isopropyl palmitate,0.866025404,0.333333333,3,0.872081599,0.053854218,5,0.602941176,0.205184269,6,0.8038029,0.00053174,14,3,TRUE,+,1,0.013988031
"2,2'-Bipyridine",L-Alanine,0.866025404,0.333333333,3,0.763157895,0.13333912,5,0.867647059,0.025116718,6,0.740551051,0.002450698,14,3,TRUE,+,1,0.034994811
"2,2'-Bipyridine",L-Glutamine,0.5,0.666666667,3,0.872081599,0.053854218,5,0.632352941,0.17790015,6,0.782620854,0.000936309,14,3,TRUE,+,1,0.019157176
"2,2'-Bipyridine",L-Leucine,0.5,0.666666667,3,0.789473684,0.112222478,5,0.927633657,0.007665844,6,0.824585638,0.000284958,14,3,TRUE,+,1,0.009871503
"2,2'-Bipyridine","l-Norvaline, n-propargyloxycarbonyl-, isohexyl ester",,,0,-1,0,4,-0.974679434,0.00481823,5,-0.920262717,0.000160491,10,2,TRUE,-,-1,0.007347341
"2,2'-Bipyridine",Norketamine,0.866025404,0.333333333,3,0.872081599,0.053854218,5,0.597081434,0.210809477,6,0.787234536,0.000832153,14,3,TRUE,+,1,0.018129206
"2,2'-Bipyridine",Octanoic acid,,,0,0.210818511,0.789181489,4,0.737864787,0.262135213,4,0.879581914,0.003980559,8,2,TRUE,+,1,0.044497302
"2,2'-Bipyridine",Vanillylmandelic acid,,,0,0.872081599,0.053854218,5,0.820782682,0.088587005,5,0.854591562,0.001634824,10,2,TRUE,+,1,0.027426751
"2,3-Dihydroxybutanoic acid",N-Acetylaminoethanol,,,0,0.833333333,0.166666667,4,0.948683298,0.051316702,4,0.821542351,0.003555912,10,2,TRUE,+,1,0.042274307
"2,4,4'-Trihydroxybenzophenone","2,4-Imidazolidinedione, 5,5-dimethyl",0.5,0.666666667,3,0.974679434,0.00481823,5,0.260896966,0.617533817,6,0.731709116,0.002933938,14,3,TRUE,+,1,0.037692813
"2,4,4'-Trihydroxybenzophenone",Adenine,,,0,0.974679434,0.00481823,5,0.942857143,0.004804665,6,0.811298834,0.001359616,12,2,TRUE,+,1,0.024411691
"2,4,4'-Trihydroxybenzophenone",Crotonic acid,0.5,0.666666667,3,0.763157895,0.13333912,5,0.51610023,0.294583741,6,0.709706467,0.004465693,14,3,TRUE,+,1,0.04778055
"2,4,4'-Trihydroxybenzophenone","Kojic acid, bis(tert-butyldimethylsilyl) ether",0.5,0.666666667,3,0.974679434,0.00481823,5,0.314285714,0.544093294,6,0.756644575,0.001733863,14,3,TRUE,+,1,0.028350318
"2,4,4'-Trihydroxybenzophenone",Leucylglycine,,,0,-0.564288094,0.321723336,5,-1,0,6,-0.795794381,0.001962286,12,2,TRUE,-,-1,0.030488173
"2,4,4'-Trihydroxybenzophenone",Xylazine,0.5,0.666666667,3,0.947368421,0.014379534,5,0.657142857,0.156174927,6,0.808465257,0.000465288,14,3,TRUE,+,1,0.01276077
"2,4,6-Cycloheptatrien-1-one","2-Cyclohexen-1-one, 3-methyl-6-(1-methylethyl)",1,0,3,1,0,3,0.5,0.666666667,3,0.853563957,0.003418215,9,3,TRUE,+,1,0.041453882
"2,4,6-Cycloheptatrien-1-one",Isobutanol,-1,0,3,,,0,-1,0,3,-0.904761905,0.002008276,8,2,TRUE,-,-1,0.030756441
"2,4-Di-tert-butylphenol",Oleamide,0.5,0.666666667,3,0.6,0.28475698,5,,,0,0.843889369,0.004233772,9,2,TRUE,+,1,0.046248573
"2,4-Imidazolidinedione, 5,5-dimethyl",2-Amino-4-methylbenzophenone,-1,0,3,-0.7,0.188120404,5,-0.872081599,0.053854218,5,-0.768597958,0.002141452,13,3,TRUE,-,-1,0.032037117
"2,4-Imidazolidinedione, 5,5-dimethyl",3-Aminobenzoic acid,,,0,0.974679434,0.00481823,5,0.753702346,0.083523281,6,0.869987001,0.000110585,13,2,TRUE,+,1,0.005502113
"2,4-Imidazolidinedione, 5,5-dimethyl",6-Methyluracil,1,0,3,1,1.40E-24,5,1,0,6,0.91454447,4.67E-06,14,3,TRUE,+,1,0.00092038
"2,4-Imidazolidinedione, 5,5-dimethyl",Durapan,,,0,0.9,0.037386073,5,0.985610761,0.000309086,6,0.875231849,0.000192421,12,2,TRUE,+,1,0.008087955
"2,4-Imidazolidinedione, 5,5-dimethyl","Hymexazole, tert-butyldimethylsilyl ether",1,0,3,1,1.40E-24,5,0.985610761,0.000309086,6,0.868655538,5.55E-05,14,3,TRUE,+,1,0.003838052
"2,4-Imidazolidinedione, 5,5-dimethyl",Isobutanol,-0.5,0.666666667,3,-0.632455532,0.367544468,4,-0.840668002,0.036057573,6,-0.877071823,8.24E-05,13,3,TRUE,-,-1,0.004618834
"2,4-Imidazolidinedione, 5,5-dimethyl","Kojic acid, bis(tert-butyldimethylsilyl) ether",1,0,3,0.9,0.037386073,5,0.985610761,0.000309086,6,0.965786018,2.15E-08,14,3,TRUE,+,1,1.59E-05
"2,4-Imidazolidinedione, 5,5-dimethyl",Methanesulfonic acid,,,0,1,1.40E-24,5,0.898645105,0.014888622,6,0.882766178,6.42E-05,13,2,TRUE,+,1,0.004081646
"2,4-Imidazolidinedione, 5,5-dimethyl",Methylthiouracil,,,0,0.9,0.037386073,5,0.985610761,0.000309086,6,0.870169066,0.000109776,13,2,TRUE,+,1,0.005502113
"2,4-Imidazolidinedione, 5,5-dimethyl",Pinosylvin,,,0,0.9,0.037386073,5,0.927633657,0.007665844,6,0.809864175,0.001408461,12,2,TRUE,+,1,0.024926862
"2,4-Imidazolidinedione, 5,5-dimethyl",Xylazine,1,0,3,0.974679434,0.00481823,5,0.49280538,0.320632583,6,0.716673745,0.003925331,14,3,TRUE,+,1,0.04412574
"2,5-Bis((tert-butyldimethylsilyl)oxy)-4,4-dimethyl-4H-imidazole","2,5-Dimethoxybenzhydrazide",,,0,-1,0,4,-0.828571429,0.041562682,6,-0.872727273,0.000454615,11,2,TRUE,-,-1,0.012557117
"2,5-Bis((tert-butyldimethylsilyl)oxy)-4,4-dimethyl-4H-imidazole","2,5-Dimethoxyphenol",,,0,-1,0,4,-0.542857143,0.265702624,6,-0.769230769,0.00344645,12,2,TRUE,-,-1,0.041453882
"2,5-Bis((tert-butyldimethylsilyl)oxy)-4,4-dimethyl-4H-imidazole","2',5'-Dimethoxypropiophenone",,,0,-1,0,4,-0.885714286,0.018845481,6,-0.755244755,0.004508435,12,2,TRUE,-,-1,0.048027375
"2,5-Bis((tert-butyldimethylsilyl)oxy)-4,4-dimethyl-4H-imidazole","3-(4,7-Dimethoxy-2H-1,3-benzodioxol-5-yl)-2-methylprop-2-enal",,,0,-1,0,4,-0.828571429,0.041562682,6,-0.851139659,0.000445901,12,2,TRUE,-,-1,0.01249493
"2,5-Bis((tert-butyldimethylsilyl)oxy)-4,4-dimethyl-4H-imidazole",6-Methyluracil,,,0,0.4,0.6,4,0.985610761,0.000309086,6,0.759760005,0.004141791,12,2,TRUE,+,1,0.045565594
"2,5-Bis((tert-butyldimethylsilyl)oxy)-4,4-dimethyl-4H-imidazole","Cyclohexanone, 3,3,5-trimethyl",,,0,-1,0,4,-0.8,0.104088039,5,-0.827272727,0.001676974,11,2,TRUE,-,-1,0.027772411
"2,5-Bis((tert-butyldimethylsilyl)oxy)-4,4-dimethyl-4H-imidazole",Cyclooctylamine,,,0,-0.948683298,0.051316702,4,-0.942857143,0.004804665,6,-0.871716861,0.00021974,12,2,TRUE,-,-1,0.008568544
"2,5-Bis((tert-butyldimethylsilyl)oxy)-4,4-dimethyl-4H-imidazole","Hymexazole, tert-butyldimethylsilyl ether",,,0,0.4,0.6,4,0.942857143,0.004804665,6,0.795097542,0.001993486,12,2,TRUE,+,1,0.030756441
"2,5-Bis((tert-butyldimethylsilyl)oxy)-4,4-dimethyl-4H-imidazole",Methylthiouracil,,,0,0.8,0.2,4,0.942857143,0.004804665,6,0.797202797,0.001900368,12,2,TRUE,+,1,0.029994784
"2,5-Bis((tert-butyldimethylsilyl)oxy)-4,4-dimethyl-4H-imidazole",N-Acetylaminoethanol,,,0,-1,0,4,-0.782690898,0.065703848,6,-0.758127143,0.00427167,12,2,TRUE,-,-1,0.046531123
"2,5-Dimethoxybenzhydrazide","2,5-Dimethoxyphenol",,,0,0.9,0.037386073,5,0.828571429,0.041562682,6,0.899449036,2.85E-05,13,2,TRUE,+,1,0.002566185
"2,5-Dimethoxybenzhydrazide","2',5'-Dimethoxypropiophenone",,,0,1,1.40E-24,5,0.885714286,0.018845481,6,0.841597796,0.00030946,13,2,TRUE,+,1,0.010378361
"2,5-Dimethoxybenzhydrazide","3-(4,7-Dimethoxy-2H-1,3-benzodioxol-5-yl)-2-methylprop-2-enal",,,0,0.9,0.037386073,5,1,0,6,0.918845436,9.12E-06,13,2,TRUE,+,1,0.001237735
"2,5-Dimethoxybenzhydrazide",6-Methyluracil,,,0,-0.7,0.188120404,5,-0.898645105,0.014888622,6,-0.819957182,0.000598894,13,2,TRUE,-,-1,0.015038454
"2,5-Dimethoxybenzhydrazide","Cyclohexanone, 3,3,5-trimethyl",,,0,0.9,0.037386073,5,0.5,0.391002219,5,0.826621233,0.000915011,12,2,TRUE,+,1,0.018892992
"2,5-Dimethoxybenzhydrazide",Cyclooctylamine,,,0,0.872081599,0.053854218,5,0.942857143,0.004804665,6,0.87845639,7.77E-05,13,2,TRUE,+,1,0.004459105
"2,5-Dimethoxybenzhydrazide",Diethylamine,,,0,0.6,0.28475698,5,0.927633657,0.007665844,6,0.750345541,0.003129234,13,2,TRUE,+,1,0.039097731
"2,5-Dimethoxybenzhydrazide",Durapan,,,0,-0.9,0.037386073,5,-0.828571429,0.041562682,6,-0.827272727,0.001676974,11,2,TRUE,-,-1,0.027772411
"2,5-Dimethoxybenzhydrazide","Erythrono-1,4-lactone",,,0,0.5,0.391002219,5,0.771428571,0.072396501,6,0.783152159,0.001544197,13,2,TRUE,+,1,0.026598707
"2,5-Dimethoxybenzhydrazide","Hymexazole, tert-butyldimethylsilyl ether",,,0,-0.7,0.188120404,5,-0.942857143,0.004804665,6,-0.895316804,3.53E-05,13,2,TRUE,-,-1,0.002841364
"2,5-Dimethoxybenzhydrazide",Ketamine,,,0,-0.8,0.104088039,5,-0.637748139,0.17307111,6,-0.813539016,0.000716654,13,2,TRUE,-,-1,0.016594607
"2,5-Dimethoxybenzhydrazide",Malic acid,,,0,-0.9,0.037386073,5,-0.6,0.208,6,-0.812672176,0.000733865,13,2,TRUE,-,-1,0.016792041
"2,5-Dimethoxybenzhydrazide",Methanesulfonic acid,,,0,-0.7,0.188120404,5,-0.657142857,0.156174927,6,-0.769230769,0.00344645,12,2,TRUE,-,-1,0.041453882
"2,5-Dimethoxybenzhydrazide",Methylthiouracil,,,0,-0.9,0.037386073,5,-0.942857143,0.004804665,6,-0.896673879,7.78E-05,12,2,TRUE,-,-1,0.004459105
"2,5-Dimethoxybenzonitrile","2,5-Dimethoxyphenol",1,0,3,1,1.40E-24,5,0.371428571,0.468478134,6,0.74090453,0.00243278,14,3,TRUE,+,1,0.034993793
"2,5-Dimethoxybenzonitrile","2',5'-Dimethoxypropiophenone",0.5,0.666666667,3,0.9,0.037386073,5,0.771428571,0.072396501,6,0.871003837,5.01E-05,14,3,TRUE,+,1,0.003521953
"2,5-Dimethoxybenzonitrile",2-Methyl-3-pentanol,,,0,1,0,3,0.8,0.104088039,5,0.880952381,0.00385032,8,2,TRUE,+,1,0.043791733
"2,5-Dimethoxybenzonitrile","3-(4,7-Dimethoxy-2H-1,3-benzodioxol-5-yl)-2-methylprop-2-enal",0.5,0.666666667,3,1,1.40E-24,5,0.771428571,0.072396501,6,0.747519749,0.002116121,14,3,TRUE,+,1,0.031890866
"2,5-Dimethoxybenzonitrile","Benzene, 1,4-dimethoxy",0.866025404,0.333333333,3,0.872081599,0.053854218,5,0.828571429,0.041562682,6,0.73282317,0.002869224,14,3,TRUE,+,1,0.037203596
"2,5-Dimethoxybenzonitrile","Cyclohexanone, 3,3,5-trimethyl",1,0,3,1,1.40E-24,5,0.6,0.28475698,5,0.853997731,0.000202668,13,3,TRUE,+,1,0.008172548
"2,5-Dimethoxybenzonitrile",Cyclooctylamine,1,0,3,0.974679434,0.00481823,5,0.714285714,0.110787172,6,0.838497627,0.000179192,14,3,TRUE,+,1,0.007799738
"2,5-Dimethoxybenzonitrile",Diethylamine,1,0,3,0.8,0.104088039,5,0.81167945,0.049857585,6,0.844370861,0.000145417,14,3,TRUE,+,1,0.006942329
"2,5-Dimethoxyphenol","2',5'-Dimethoxypropiophenone",0.5,0.666666667,3,0.9,0.037386073,5,0.542857143,0.265702624,6,0.737885463,0.002589204,14,3,TRUE,+,1,0.03575875
"2,5-Dimethoxyphenol","3-(4,7-Dimethoxy-2H-1,3-benzodioxol-5-yl)-2-methylprop-2-enal",0.5,0.666666667,3,1,1.40E-24,5,0.828571429,0.041562682,6,0.792951542,0.000716177,14,3,TRUE,+,1,0.016594607
"2,5-Dimethoxyphenol","3,4-Methylenedioxyamphetamine",-1,0,3,,,0,-1,0,4,-0.903773601,0.000827411,9,2,TRUE,-,-1,0.018076832
"2,5-Dimethoxyphenol","Cyclohexanone, 3,3,5-trimethyl",1,0,3,1,1.40E-24,5,0.5,0.391002219,5,0.861073717,0.000156426,13,3,TRUE,+,1,0.007257317
"2,5-Dimethoxyphenol",Cyclooctylamine,1,0,3,0.974679434,0.00481823,5,0.714285714,0.110787172,6,0.827628857,0.000258354,14,3,TRUE,+,1,0.009469716
"2,5-Dimethoxyphenol",Ketamine,-0.5,0.666666667,3,-0.6,0.28475698,5,-0.898645105,0.014888622,6,-0.735337961,0.002727282,14,3,TRUE,-,-1,0.036492729
"2,5-Dimethoxyphenol",Malic acid,-1,0,3,-0.8,0.104088039,5,-0.828571429,0.041562682,6,-0.773127753,0.001183405,14,3,TRUE,-,-1,0.022377631
"2,5-Dimethoxyphenol",Trimethylolpropane,,,0,1,0,3,0.872081599,0.053854218,5,0.924402387,0.000363041,9,2,TRUE,+,1,0.011121484
"2',5'-Dimethoxypropiophenone",2-Methyl-3-pentanol,,,0,1,0,3,0.5,0.391002219,5,0.880952381,0.00385032,8,2,TRUE,+,1,0.043791733
"2',5'-Dimethoxypropiophenone",Cholesterol,-0.5,0.666666667,3,-0.6,0.28475698,5,-0.828571429,0.041562682,6,-0.706271054,0.004752722,14,3,TRUE,-,-1,0.049116116
"2',5'-Dimethoxypropiophenone","Cyclohexanone, 3,3,5-trimethyl",0.5,0.666666667,3,0.9,0.037386073,5,0.6,0.28475698,5,0.792297861,0.001241666,13,3,TRUE,+,1,0.023184689
"2',5'-Dimethoxypropiophenone",Cyclooctylamine,0.5,0.666666667,3,0.872081599,0.053854218,5,0.942857143,0.004804665,6,0.92486696,2.21E-06,14,3,TRUE,+,1,0.000568578
"2',5'-Dimethoxypropiophenone",Durapan,,,0,-0.9,0.037386073,5,-0.885714286,0.018845481,6,-0.769230769,0.00344645,12,2,TRUE,-,-1,0.041453882
"2',5'-Dimethoxypropiophenone","Hymexazole, tert-butyldimethylsilyl ether",-0.5,0.666666667,3,-0.7,0.188120404,5,-0.942857143,0.004804665,6,-0.724669604,0.003369929,14,3,TRUE,-,-1,0.041453882
"2',5'-Dimethoxypropiophenone",Methylthiouracil,,,0,-0.9,0.037386073,5,-0.942857143,0.004804665,6,-0.781293724,0.001612168,13,2,TRUE,-,-1,0.02729453
"2,6-di-tert-Butyl-4-(dimethylaminomethyl)phenol",4-Aminobutanoic acid,1,0,3,1,0,3,0.8,0.2,4,0.875383983,0.000905326,10,3,TRUE,+,1,0.018771555
"2-Allyl-1,4-dimethoxybenzene",2-Pyrrolidone-5-carboxylic acid,0.5,0.666666667,3,0.824957911,0.085566281,5,0.885714286,0.018845481,6,0.76483117,0.001439606,14,3,TRUE,+,1,0.02536199
"2-Allyl-1,4-dimethoxybenzene",Butanedioic acid,1,0,3,0.948683298,0.013846833,5,0.542857143,0.265702624,6,0.709034066,0.004520774,14,3,TRUE,+,1,0.048027375
"2-Allyl-1,4-dimethoxybenzene",Glycolic acid,0.5,0.666666667,3,0.527046277,0.36145485,5,0.927633657,0.007665844,6,0.798228126,0.000620991,14,3,TRUE,+,1,0.015295376
"2-Allyl-1,4-dimethoxybenzene",Hexanoic acid,0.5,0.666666667,3,0.432590456,0.466905125,5,0.898645105,0.014888622,6,0.719965128,0.003688627,14,3,TRUE,+,1,0.043234395
"2-Allyl-1,4-dimethoxybenzene","Phenol, 2,4-bis(1-methyl-1-phenylethyl)-",1,0,3,0.737864787,0.154618523,5,0.942857143,0.004804665,6,0.860627894,7.78E-05,14,3,TRUE,+,1,0.004459105
2-Amino-4-methylbenzophenone,6-Methyluracil,-1,0,3,-0.7,0.188120404,5,-0.872081599,0.053854218,5,-0.832661682,0.000410971,13,3,TRUE,-,-1,0.01185989
2-Amino-4-methylbenzophenone,Biphenyl,-0.5,0.666666667,3,-0.8,0.104088039,5,-0.3,0.623837665,5,-0.790636609,0.001292829,13,3,TRUE,-,-1,0.023804681
2-Amino-4-methylbenzophenone,"Hymexazole, tert-butyldimethylsilyl ether",-1,0,3,-0.7,0.188120404,5,-0.9,0.037386073,5,-0.828061306,0.000472632,13,3,TRUE,-,-1,0.012780896
2-Amino-4-methylbenzophenone,"Kojic acid, bis(tert-butyldimethylsilyl) ether",-1,0,3,-0.9,0.037386073,5,-0.8,0.104088039,5,-0.828061306,0.000472632,13,3,TRUE,-,-1,0.012780896
2-Butenedioic acid,L-Glutamic acid,,,0,-0.5,0.666666667,3,-1,0,3,-0.942857143,0.004804665,6,2,TRUE,-,-1,0.049172647
"2-Butenoic acid, 3-[(tert-butyldimethylsilyl)oxy]",2-Naphthol,-1,0,3,-0.666885929,0.218893981,5,-0.735612358,0.095610781,6,-0.84298441,0.000152881,14,3,TRUE,-,-1,0.007209641
"2-Butenoic acid, 3-[(tert-butyldimethylsilyl)oxy]",Durapan,,,0,-0.820782682,0.088587005,5,-0.942857143,0.004804665,6,-0.797902127,0.001870185,12,2,TRUE,-,-1,0.02958544
"2-Butenoic acid, 3-[(tert-butyldimethylsilyl)oxy]",N-Acetylaminoethanol,0.5,0.666666667,3,0.763157895,0.13333912,5,0.927633657,0.007665844,6,0.893517972,1.67E-05,14,3,TRUE,+,1,0.001803601
"2-Butenoic acid, 3-[(tert-butyldimethylsilyl)oxy]",Stearic acid,-0.5,0.666666667,3,-0.666885929,0.218893981,5,-0.8,0.2,4,-0.795774648,0.001963164,12,3,TRUE,-,-1,0.030488173
2-Butoxyethanol,2-Hydroxy-3-methylbutyric acid,,,0,1,1.40E-24,5,0.6,0.208,6,0.823449059,0.000541585,13,2,TRUE,+,1,0.014198717
2-Butoxyethanol,2-Pentadecanone,0.866025404,0.333333333,3,1,1.40E-24,5,0.758970926,0.080141228,6,0.756418926,0.001742602,14,3,TRUE,+,1,0.028433082
2-Butoxyethanol,"5-Nonanol, tert-butyldimethylsilyl ether",0.5,0.666666667,3,0.9,0.037386073,5,0.735612358,0.095610781,6,0.825414869,0.000277499,14,3,TRUE,+,1,0.009755363
2-Butoxyethanol,6-Oxoheptanoic acid,0.866025404,0.333333333,3,0.820782682,0.088587005,5,0.657142857,0.156174927,6,0.722346901,0.003524448,14,3,TRUE,+,1,0.042129951
2-Butoxyethanol,Adenine,,,0,1,1.40E-24,5,0.771428571,0.072396501,6,0.833041708,0.000766396,12,2,TRUE,+,1,0.017433249
2-Butoxyethanol,"Benzenesulfonamide, N-butyl",0.5,0.666666667,3,1,1.40E-24,5,0.985610761,0.000309086,6,0.834437086,0.000206057,14,3,TRUE,+,1,0.008172548
2-Butoxyethanol,Benzophenone,,,0,0.820782682,0.088587005,5,0.771428571,0.072396501,6,0.76454587,0.002336121,13,2,TRUE,+,1,0.034025533
2-Butoxyethanol,"Dodecanoic acid, 1-methylethyl ester",0.5,0.666666667,3,1,1.40E-24,5,0.942857143,0.004804665,6,0.761589404,0.001550947,14,3,TRUE,+,1,0.026655614
2-Butoxyethanol,Hexacosanoic acid,,,0,1,0,4,0.615587011,0.26899777,5,0.882760953,0.000318931,11,2,TRUE,+,1,0.010451738
2-Butoxyethanol,Iminodiacetic acid,1,0,3,0.872081599,0.053854218,5,0.637748139,0.17307111,6,0.763016392,0.001501123,14,3,TRUE,+,1,0.026089173
2-Butoxyethanol,Isopropyl palmitate,0.866025404,0.333333333,3,1,1.40E-24,5,0.985610761,0.000309086,6,0.835179035,0.00020092,14,3,TRUE,+,1,0.008172548
2-Butoxyethanol,L-Alanine,0.866025404,0.333333333,3,0.974679434,0.00481823,5,0.840668002,0.036057573,6,0.755801566,0.001766687,14,3,TRUE,+,1,0.028704958
2-Butoxyethanol,L-Glutamine,0.5,0.666666667,3,1,1.40E-24,5,0.81167945,0.049857585,6,0.732302677,0.002899317,14,3,TRUE,+,1,0.037310015
2-Butoxyethanol,N-Caffeoyl-O-methyltyramine,,,0,0.9,0.037386073,5,0.521793932,0.288343234,6,0.880493451,0.000156562,12,2,TRUE,+,1,0.007257317
2-Butoxyethanol,Niacin,0.5,0.666666667,3,0.9,0.037386073,5,0.666885929,0.218893981,5,0.806629834,0.000863091,13,3,TRUE,+,1,0.018388838
2-Butoxyethanol,Norketamine,0.866025404,0.333333333,3,1,1.40E-24,5,0.88273483,0.019820417,6,0.860019112,7.98E-05,14,3,TRUE,+,1,0.004537334
"2-Cyclohexen-1-one, 3-methyl-",2-Methyl-3-pentanol,,,0,1,0,3,0.9,0.037386073,5,0.952380952,0.0002604,8,2,TRUE,+,1,0.009499688
"2-Cyclohexen-1-one, 3-methyl-",Hydracrylic acid,1,0,3,0.9,0.037386073,5,0.828571429,0.041562682,6,0.714757709,0.004068516,14,3,TRUE,+,1,0.04508009
2-Decanol,"5-Nonanol, tert-butyldimethylsilyl ether",,,0,0.872081599,0.053854218,5,0.666885929,0.218893981,5,0.78130633,0.002692844,12,2,TRUE,+,1,0.036381823
2-Decanol,Adenine,,,0,0.974679434,0.00481823,5,0.4,0.504631575,5,0.829283709,0.003007586,10,2,TRUE,+,1,0.038257685
2-Decanol,Diacetyl monoxime,,,0,0.974679434,0.00481823,5,0.7,0.188120404,5,0.866202553,0.000268597,12,2,TRUE,+,1,0.009627056
2-Decanol,"Dodecanoic acid, 1-methylethyl ester",,,0,0.974679434,0.00481823,5,0.2,0.747060078,5,0.758807521,0.004217183,12,2,TRUE,+,1,0.046132525
2-Decanol,L-Glutamine,,,0,0.974679434,0.00481823,5,0.461690258,0.433766156,5,0.792921596,0.00209336,12,2,TRUE,+,1,0.031728704
2-Decanol,L-Leucine,,,0,0.815789474,0.092241361,5,1,1.40E-24,5,0.82624633,0.000924329,12,2,TRUE,+,1,0.019012655
2-Decanol,"l-Norvaline, n-propargyloxycarbonyl-, isohexyl ester",,,0,-0.948683298,0.051316702,4,-0.8,0.2,4,-0.88186439,0.001659226,9,2,TRUE,-,-1,0.027656152
2-Decanol,L-Tryptophan,,,0,0.974679434,0.00481823,5,0.6,0.28475698,5,0.787238992,0.002372269,12,2,TRUE,+,1,0.034487081
2-Decanol,Norketamine,,,0,0.974679434,0.00481823,5,0.474341649,0.419531128,5,0.82594423,0.00093189,12,2,TRUE,+,1,0.019117338
2-Decanol,Vanillylmandelic acid,,,0,0.974679434,0.00481823,5,0.8,0.2,4,0.945378151,0.000118858,9,2,TRUE,+,1,0.005781425
2-Ethyl-1-butanol,DL-p-Hydroxyphenyllactic acid,,,0,1,0,3,0.866025404,0.333333333,3,0.985610761,0.000309086,6,2,TRUE,+,1,0.010378361
2-Ethyl-1-butanol,Glycerol,,,0,0.5,0.666666667,3,1,0,3,0.942857143,0.004804665,6,2,TRUE,+,1,0.049172647
2-Ethyl-1-butanol,L-Valine,,,0,0.5,0.666666667,3,1,0,3,0.942857143,0.004804665,6,2,TRUE,+,1,0.049172647
2-Ethylhexanoic acid,4-Aminobutanoic acid,0.5,0.666666667,3,0.894427191,0.040519326,5,0.840668002,0.036057573,6,0.756788816,0.001728296,14,3,TRUE,+,1,0.028319157
2-Ethylhexanoic acid,4-Methoxyphenol,-1,0,3,,,0,-0.948683298,0.051316702,4,-0.846184754,0.004029373,9,2,TRUE,-,-1,0.044710426
2-Ethylhexanoic acid,Biphenyl,0.5,0.666666667,3,0.447213595,0.450184856,5,0.840668002,0.036057573,6,0.819771042,0.000331531,14,3,TRUE,+,1,0.010722023
2-Ethylhexanoic acid,Hexanoic acid,0.5,0.666666667,3,0.917662935,0.028008456,5,0.955882353,0.002876616,6,0.772729268,0.001194812,14,3,TRUE,+,1,0.022538228
2-Ethylhexanoic acid,N-Acetylaspartic acid,1,0,3,0.782623792,0.117613761,5,0.820782682,0.088587005,5,0.756086415,0.002786825,13,3,TRUE,+,1,0.03668279
2-Ethylhexanoic acid,Pentanoic acid,1,0,3,0.802955069,0.10183797,5,0.753702346,0.083523281,6,0.75957626,0.001623465,14,3,TRUE,+,1,0.027354855
2-Furoic acid,"2-Methylcyclohexanol, (Z)",0.5,0.666666667,3,0.974679434,0.00481823,5,0.8,0.2,4,0.80567383,0.001558876,12,3,TRUE,+,1,0.026682969
2-Furoic acid,"3,5-Dimethylphenol",0.5,0.666666667,3,1,1.40E-24,5,0.8,0.2,4,0.950877193,2.07E-06,12,3,TRUE,+,1,0.00055307
2-Furoic acid,3-Buten-2-one,1,0,3,1,1.40E-24,5,0.4,0.6,4,0.868652821,0.000245942,12,3,TRUE,+,1,0.009101036
2-Furoic acid,Heptanoic acid,0.5,0.666666667,3,0.820782682,0.088587005,5,0.316227766,0.683772234,4,0.84304531,0.000572792,12,3,TRUE,+,1,0.01467342
2-Furoic acid,Isopropylamine,-1,0,3,-0.7,0.188120404,5,-0.4,0.6,4,-0.86116126,0.000320308,12,3,TRUE,-,-1,0.010452587
2-Furoic acid,N-Acetyl-L-alanine,0.5,0.666666667,3,0.564288094,0.321723336,5,0.2,0.8,4,0.783455561,0.002573118,12,3,TRUE,+,1,0.035663966
2-Furoic acid,Salsoline,1,0,3,0.872081599,0.053854218,5,0.5,0.666666667,3,0.835616438,0.00135925,11,3,TRUE,+,1,0.024411691
2-Hexanol,Benzenepropanoic acid,1,0,3,0.6,0.28475698,5,0.833333333,0.166666667,4,0.830393877,0.000825228,12,3,TRUE,+,1,0.018076832
2-Hexanol,Methanesulfonic acid,,,0,-0.7,0.188120404,5,-0.948683298,0.051316702,4,-0.794528831,0.00348246,11,2,TRUE,-,-1,0.04182196
"2'-Hydroxy-2,4,4',5-tetramethoxychalcone",2-Hydroxy-3-methylbutyric acid,,,0,1,0,4,0.753702346,0.083523281,6,0.897380272,7.53E-05,12,2,TRUE,+,1,0.00441033
"2'-Hydroxy-2,4,4',5-tetramethoxychalcone",2-Naphthol,0.5,0.666666667,3,1,0,4,0.477665147,0.337995273,6,0.805595194,0.000886909,13,3,TRUE,+,1,0.018576366
"2'-Hydroxy-2,4,4',5-tetramethoxychalcone",2-Pentadecanone,0.5,0.666666667,3,1,0,4,0.646843159,0.165056814,6,0.926969949,5.19E-06,13,3,TRUE,+,1,0.00092038
"2'-Hydroxy-2,4,4',5-tetramethoxychalcone","6-Aminocaproic acid, N-(tert.-butyldimethylsilyl)",1,0,3,0.8,0.2,4,0.632455532,0.367544468,4,0.850818162,0.000898867,11,3,TRUE,+,1,0.018687726
"2'-Hydroxy-2,4,4',5-tetramethoxychalcone",Adenine,,,0,1,0,4,0.753702346,0.083523281,6,0.883316009,0.000312452,11,2,TRUE,+,1,0.010378361
"2'-Hydroxy-2,4,4',5-tetramethoxychalcone",Benzophenone,,,0,0.948683298,0.051316702,4,0.753702346,0.083523281,6,0.758865248,0.004212585,12,2,TRUE,+,1,0.046132525
"2'-Hydroxy-2,4,4',5-tetramethoxychalcone",Butachlor ESA,,,0,1,0,3,0.8,0.2,4,0.953407314,6.87E-05,9,2,TRUE,+,1,0.004190641
"2'-Hydroxy-2,4,4',5-tetramethoxychalcone","Cytosine, N-(tert-butyldimethylsilyl)-",1,0,3,1,0,4,0.985610761,0.000309086,6,0.981909388,2.68E-09,13,3,TRUE,+,1,2.96E-06
"2'-Hydroxy-2,4,4',5-tetramethoxychalcone","Dodecanoic acid, 1-methylethyl ester",0.866025404,0.333333333,3,1,0,4,0.985610761,0.000309086,6,0.973644919,2.09E-08,13,3,TRUE,+,1,1.59E-05
"2'-Hydroxy-2,4,4',5-tetramethoxychalcone","D-Streptamine, O-6-amino-6-deoxy-alpha-D-glucopyranosyl-(1-4)-O-(3-deoxy-4-C-methyl-3-(methylamino)-beta-L-arabinopyranosyl-(1-6))-2-deoxy-",0.866025404,0.333333333,3,1,0,3,0.735294118,0.095829941,6,0.916718542,2.74E-05,12,3,TRUE,+,1,0.002493
"2'-Hydroxy-2,4,4',5-tetramethoxychalcone",Frangulin,0.866025404,0.333333333,3,1,0,3,0.948683298,0.051316702,4,0.95719102,1.40E-05,10,3,TRUE,+,1,0.001610498
"2'-Hydroxy-2,4,4',5-tetramethoxychalcone","Glycine, tert.-butyldimethylsilyl ester",0.866025404,0.333333333,3,0.948683298,0.051316702,4,0.014705882,0.977942767,6,0.736694678,0.004074644,13,3,TRUE,+,1,0.045083396
"2'-Hydroxy-2,4,4',5-tetramethoxychalcone",Hexacosanoic acid,,,0,1,0,3,0.342105263,0.573070287,5,0.901840491,0.000360256,10,2,TRUE,+,1,0.011121484
"2'-Hydroxy-2,4,4',5-tetramethoxychalcone",Isopropyl palmitate,0.5,0.666666667,3,1,0,4,0.970588235,0.001284857,6,0.983302167,1.73E-09,13,3,TRUE,+,1,2.79E-06
"2'-Hydroxy-2,4,4',5-tetramethoxychalcone",L-Glutamine,0.866025404,0.333333333,3,1,0,4,0.676470588,0.140074802,6,0.926088999,5.53E-06,13,3,TRUE,+,1,0.000930245
"2'-Hydroxy-2,4,4',5-tetramethoxychalcone",L-Tryptophan,1,0,3,1,0,4,0.608759587,0.199660189,6,0.90363481,2.28E-05,13,3,TRUE,+,1,0.002229427
"2'-Hydroxy-2,4,4',5-tetramethoxychalcone",N-Caffeoyl-O-methyltyramine,,,0,0.8,0.2,4,0.397058824,0.43571106,6,0.855174673,0.000791843,11,2,TRUE,+,1,0.017854563
"2'-Hydroxy-2,4,4',5-tetramethoxychalcone",N-Methyl-1-[(trimethylsilyl)oxy]-1-{4-[(trimethylsilyl)oxy]phenyl}propan-2-amine,0.866025404,0.333333333,3,1,0,3,0.8,0.2,4,0.944606428,3.85E-05,10,3,TRUE,+,1,0.002892126
"2'-Hydroxy-2,4,4',5-tetramethoxychalcone",Suberic acid,,,0,0.8,0.2,4,0.666736691,0.148089799,6,0.804244062,0.00161292,12,2,TRUE,+,1,0.02729453
"2'-Hydroxy-2,4,4',5-tetramethoxychalcone",Triethyl citrate,,,3,1,0,4,0.8,0.2,4,0.872392139,0.000459795,11,2,TRUE,+,1,0.012655003
"2'-Hydroxy-2,4,4',5-tetramethoxychalcone",Yangonin,0.866025404,0.333333333,3,1,0,3,0.735294118,0.095829941,6,0.850832844,0.000450271,12,3,TRUE,+,1,0.012526616
2-Hydroxy-3-methylbutyric acid,2-Pentadecanone,,,0,1,1.40E-24,5,0.212511859,0.686030866,6,0.837512925,0.000353039,13,2,TRUE,+,1,0.011054251
2-Hydroxy-3-methylbutyric acid,"3,5-Dimethylphenol",,,0,1,1.40E-24,5,0.7,0.188120404,5,0.780701754,0.002727275,12,2,TRUE,+,1,0.036492729
2-Hydroxy-3-methylbutyric acid,"5-Nonanol, tert-butyldimethylsilyl ether",,,0,0.9,0.037386073,5,0.500216403,0.312256581,6,0.868603874,0.000116887,13,2,TRUE,+,1,0.005721556
2-Hydroxy-3-methylbutyric acid,"Benzenesulfonamide, N-butyl",,,0,1,1.40E-24,5,0.637748139,0.17307111,6,0.879834254,7.31E-05,13,2,TRUE,+,1,0.004350859
2-Hydroxy-3-methylbutyric acid,Benzophenone,,,0,0.820782682,0.088587005,5,0.828571429,0.041562682,6,0.787990785,0.002333828,12,2,TRUE,+,1,0.034025533
2-Hydroxy-3-methylbutyric acid,Butachlor ESA,,,0,1,0,4,0.8,0.2,4,0.911858316,0.000237144,10,2,TRUE,+,1,0.009034822
2-Hydroxy-3-methylbutyric acid,"Cytosine, N-(tert-butyldimethylsilyl)-",,,0,1,1.40E-24,5,0.657142857,0.156174927,6,0.810773481,0.000772703,13,2,TRUE,+,1,0.017525174
2-Hydroxy-3-methylbutyric acid,DL-p-Hydroxyphenyllactic acid,,,0,0.8,0.2,4,0.974679434,0.00481823,5,0.782610745,0.004405939,11,2,TRUE,+,1,0.047658088
2-Hydroxy-3-methylbutyric acid,"Dodecanoic acid, 1-methylethyl ester",,,0,1,1.40E-24,5,0.657142857,0.156174927,6,0.862069786,0.000150658,13,2,TRUE,+,1,0.007148401
2-Hydroxy-3-methylbutyric acid,"D-Streptamine, O-6-amino-6-deoxy-alpha-D-glucopyranosyl-(1-4)-O-(3-deoxy-4-C-methyl-3-(methylamino)-beta-L-arabinopyranosyl-(1-6))-2-deoxy-",,,0,1,0,4,0.666736691,0.148089799,6,0.776408451,0.002981536,12,2,TRUE,+,1,0.038229059
2-Hydroxy-3-methylbutyric acid,Frangulin,,,0,1,0,4,0.948683298,0.051316702,4,0.896028655,0.000450185,10,2,TRUE,+,1,0.012526616
2-Hydroxy-3-methylbutyric acid,"Glycine, tert.-butyldimethylsilyl ester",,,0,0.666885929,0.218893981,5,0.463816829,0.354164298,6,0.738900292,0.003908615,13,2,TRUE,+,1,0.044001784
2-Hydroxy-3-methylbutyric acid,Iminodiacetic acid,,,0,0.872081599,0.053854218,5,0.579771036,0.227783957,6,0.807219193,0.000849751,13,2,TRUE,+,1,0.018333812
2-Hydroxy-3-methylbutyric acid,Isopropyl palmitate,,,0,1,1.40E-24,5,0.637748139,0.17307111,6,0.87551951,8.80E-05,13,2,TRUE,+,1,0.004857777
2-Hydroxy-3-methylbutyric acid,L-Alanine,,,0,0.974679434,0.00481823,5,0.550782484,0.257369332,6,0.870165746,0.00010979,13,2,TRUE,+,1,0.005502113
2-Hydroxy-3-methylbutyric acid,L-Glutamine,,,0,1,1.40E-24,5,0.405839725,0.424662508,6,0.858729056,0.000170702,13,2,TRUE,+,1,0.00758739
2-Hydroxy-3-methylbutyric acid,N-Caffeoyl-O-methyltyramine,,,0,0.9,0.037386073,5,0.463816829,0.354164298,6,0.86443662,0.000285909,12,2,TRUE,+,1,0.009871503
2-Hydroxy-3-methylbutyric acid,Norketamine,,,0,1,1.40E-24,5,0.176546966,0.737930932,6,0.770533235,0.002053063,13,2,TRUE,+,1,0.031279117
2-Hydroxy-3-methylbutyric acid,Pentanedioic acid,,,0,0.8,0.2,4,0.753702346,0.083523281,6,0.817224461,0.00117151,12,2,TRUE,+,1,0.022206999
2-Hydroxy-3-methylbutyric acid,Suberic acid,,,0,0.8,0.104088039,5,0.942857143,0.004804665,6,0.852636828,0.000425046,12,2,TRUE,+,1,0.012087737
"2-Methyl-1,3-butanediol",Biphenyl,1,0,3,0.3,0.623837665,5,0.463816829,0.354164298,6,0.720007111,0.003685682,14,3,TRUE,+,1,0.043234395
2-Methyl-3-pentanol,8-Methylnonanoic acid,,,0,1,0,3,0.974679434,0.00481823,5,0.874267171,0.004512386,8,2,TRUE,+,1,0.048027375
2-Methyl-3-pentanol,"Benzene, 1,4-dimethoxy",,,0,1,0,3,0.9,0.037386073,5,0.915729116,0.001403174,8,2,TRUE,+,1,0.024890253
2-Methyl-3-pentanol,Citramalic acid,,,0,0.5,0.666666667,3,0.8,0.2,4,0.928571429,0.002519472,7,2,TRUE,+,1,0.035448074
2-Methyl-3-pentanol,"Cyclohexanone, 3,3,5-trimethyl",,,0,1,0,3,1,0,4,0.964285714,0.000454149,7,2,TRUE,+,1,0.012557117
2-Methyl-3-pentanol,Cyclooctylamine,,,0,0.866025404,0.333333333,3,0.6,0.28475698,5,0.898219696,0.002438797,8,2,TRUE,+,1,0.034993793
2-Methyl-3-pentanol,Diethylamine,,,0,1,0,3,0.8,0.104088039,5,0.898219696,0.002438797,8,2,TRUE,+,1,0.034993793
2-Methyl-3-pentanol,"D-Streptamine, O-6-amino-6-deoxy-alpha-D-glucopyranosyl-(1-4)-O-(3-deoxy-4-C-methyl-3-(methylamino)-beta-L-arabinopyranosyl-(1-6))-2-deoxy-",,,0,1,0,3,0.718184846,0.171795305,5,0.934148484,0.000679106,8,2,TRUE,+,1,0.01614341
2-Methyl-3-pentanol,Trimethylolpropane,,,0,1,0,3,0.632455532,0.367544468,4,0.936974961,0.00185103,7,2,TRUE,+,1,0.029456518
"2-Methylcyclohexanol, (Z)","3,5-Dimethylphenol",1,0,3,0.974679434,0.00481823,5,0.9,0.037386073,5,0.819957182,0.000598894,13,3,TRUE,+,1,0.015038454
"2-Methylcyclohexanol, (Z)",3-Buten-2-one,0.5,0.666666667,3,0.974679434,0.00481823,5,0.898645105,0.014888622,6,0.899238591,1.21E-05,14,3,TRUE,+,1,0.001498709
"2-Methylcyclohexanol, (Z)","5-Nonanol, tert-butyldimethylsilyl ether",0.5,0.666666667,3,0.820782682,0.088587005,5,0.701570685,0.120301018,6,0.763600237,0.001481108,14,3,TRUE,+,1,0.025918283
"2-Methylcyclohexanol, (Z)","6,7,4'-Trihydroxyisoflavone",1,0,3,0.820782682,0.088587005,5,0.691176471,0.128331404,6,0.740875145,0.002434265,14,3,TRUE,+,1,0.034993793
"2-Methylcyclohexanol, (Z)","Benzenesulfonamide, N-butyl",0.5,0.666666667,3,0.974679434,0.00481823,5,0.882352941,0.019947079,6,0.853666931,0.00010264,14,3,TRUE,+,1,0.005348789
"2-Methylcyclohexanol, (Z)",Diacetyl monoxime,0.866025404,0.333333333,3,0.974679434,0.00481823,5,0.463816829,0.354164298,6,0.704446184,0.004910949,14,3,TRUE,+,1,0.049713716
"2-Methylcyclohexanol, (Z)",Lignoceric acid,1,0,3,0.820782682,0.088587005,5,0.426470588,0.399076748,6,0.873622781,4.46E-05,14,3,TRUE,+,1,0.003281738
"2-Methylcyclohexanol, (Z)","l-Norvaline, n-propargyloxycarbonyl-, isohexyl ester",,,0,-0.8,0.2,4,-0.974679434,0.00481823,5,-0.837439073,0.002498661,10,2,TRUE,-,-1,0.035328422
"2-Methylcyclohexanol, (Z)",Myristic acid,1,0,3,0.974679434,0.00481823,5,0.716497721,0.109167272,6,0.741112941,0.002422264,14,3,TRUE,+,1,0.034993793
"2-Methylcyclohexanol, (Z)",Niacin,0.5,0.666666667,3,0.974679434,0.00481823,5,0.552631579,0.334034711,5,0.787512153,0.001393524,13,3,TRUE,+,1,0.024832982
"2-Methylcyclohexanol, (Z)",Suberic acid,,,0,0.666885929,0.218893981,5,0.31887407,0.53790056,6,0.760073755,0.002566679,13,2,TRUE,+,1,0.035638594
"2-Methylcyclohexanol, (Z)",Vanillylmandelic acid,,,0,0.974679434,0.00481823,5,0.6,0.28475698,5,0.836483502,0.002554816,10,2,TRUE,+,1,0.035638594
2-Naphthol,3-Buten-2-one,0.866025404,0.333333333,3,1,1.40E-24,5,0.441367415,0.38093921,6,0.725371031,0.00332433,14,3,TRUE,+,1,0.041176403
2-Naphthol,Adenine,,,0,1,1.40E-24,5,0.794461347,0.0590276,6,0.932885487,9.57E-06,12,2,TRUE,+,1,0.001255092
2-Naphthol,Cycloheptanol,0.866025404,0.333333333,3,1,1.40E-24,5,0.208978502,0.691095503,6,0.708432687,0.004570487,14,3,TRUE,+,1,0.048027375
2-Naphthol,"Cytosine, N-(tert-butyldimethylsilyl)-",0.5,0.666666667,3,1,1.40E-24,5,0.500216403,0.312256581,6,0.827973513,0.000255472,14,3,TRUE,+,1,0.009408674
2-Naphthol,Diacetyl monoxime,0.5,0.666666667,3,1,1.40E-24,5,0.147122472,0.780908527,6,0.764446332,0.00145248,14,3,TRUE,+,1,0.025530645
2-Naphthol,Heptylamine,,,0,1,0,4,0.974679434,0.00481823,5,0.944785276,3.80E-05,10,2,TRUE,+,1,0.002890767
2-Naphthol,Hexacosanoic acid,,,0,1,0,4,0.763157895,0.13333912,5,0.910138249,0.000100384,11,2,TRUE,+,1,0.00528143
2-Naphthol,L-Tryptophan,0.5,0.666666667,3,1,1.40E-24,5,0.88273483,0.019820417,6,0.918799234,3.47E-06,14,3,TRUE,+,1,0.000788828
2-Naphthol,N-Methyl-1-[(trimethylsilyl)oxy]-1-{4-[(trimethylsilyl)oxy]phenyl}propan-2-amine,0.866025404,0.333333333,3,1,0,4,0.894427191,0.105572809,4,0.880268458,0.000349292,11,3,TRUE,+,1,0.011053221
2-Naphthol,Propylene glycol,0.866025404,0.333333333,3,0.8,0.2,4,0.537373291,0.271528721,6,0.817809622,0.000636451,13,3,TRUE,+,1,0.015430434
2-Naphthol,Stearic acid,0.5,0.666666667,3,0.9,0.037386073,5,0.948683298,0.051316702,4,0.810630896,0.001382192,12,3,TRUE,+,1,0.024745081
2-Naphthol,Triethyl citrate,,,3,1,1.40E-24,5,0.948683298,0.051316702,4,0.902310482,5.94E-05,12,2,TRUE,+,1,0.003923323
2-Pentadecanone,"6-Aminocaproic acid, N-(tert.-butyldimethylsilyl)",0.5,0.666666667,3,0.872081599,0.053854218,5,0.737864787,0.262135213,4,0.792857143,0.002096375,12,3,TRUE,+,1,0.031728704
2-Pentadecanone,Adenine,,,0,1,1.40E-24,5,0.758970926,0.080141228,6,0.865520618,0.000275182,12,2,TRUE,+,1,0.009718083
2-Pentadecanone,Butachlor ESA,,,0,1,0,4,0.948683298,0.051316702,4,0.990867389,3.01E-08,10,2,TRUE,+,1,1.84E-05
2-Pentadecanone,"Cytosine, N-(tert-butyldimethylsilyl)-",0.5,0.666666667,3,1,1.40E-24,5,0.758970926,0.080141228,6,0.926524022,1.94E-06,14,3,TRUE,+,1,0.000534845
2-Pentadecanone,"Dodecanoic acid, 1-methylethyl ester",0.866025404,0.333333333,3,1,1.40E-24,5,0.758970926,0.080141228,6,0.943298896,4.24E-07,14,3,TRUE,+,1,0.000172714
2-Pentadecanone,"D-Streptamine, O-6-amino-6-deoxy-alpha-D-glucopyranosyl-(1-4)-O-(3-deoxy-4-C-methyl-3-(methylamino)-beta-L-arabinopyranosyl-(1-6))-2-deoxy-",0.866025404,0.333333333,3,1,0,4,0.708447269,0.115113065,6,0.906598298,1.93E-05,13,3,TRUE,+,1,0.002016147
2-Pentadecanone,Frangulin,0.866025404,0.333333333,3,1,0,4,0.777777778,0.222222222,4,0.899092028,0.000166387,11,3,TRUE,+,1,0.00748163
2-Pentadecanone,Hexacosanoic acid,,,0,1,0,4,0.630893268,0.253757542,5,0.949084245,8.25E-06,11,2,TRUE,+,1,0.001138937
2-Pentadecanone,Iminodiacetic acid,0.866025404,0.333333333,3,0.872081599,0.053854218,5,0.523634938,0.286336254,6,0.844874491,0.00014278,14,3,TRUE,+,1,0.006858783
2-Pentadecanone,Isopropyl palmitate,1,0,3,1,1.40E-24,5,0.77005138,0.073235128,6,0.942043621,4.83E-07,14,3,TRUE,+,1,0.000186602
2-Pentadecanone,L-Alanine,0.5,0.666666667,3,0.974679434,0.00481823,5,0.739249324,0.093122034,6,0.965500393,2.26E-08,14,3,TRUE,+,1,1.59E-05
2-Pentadecanone,L-Glutamine,0.866025404,0.333333333,3,1,1.40E-24,5,0.924061655,0.008430994,6,0.969914734,1.00E-08,14,3,TRUE,+,1,9.70E-06
2-Pentadecanone,L-Tryptophan,0.5,0.666666667,3,1,1.40E-24,5,0.455382556,0.364143252,6,0.829249335,0.000245029,14,3,TRUE,+,1,0.009101036
2-Pentadecanone,N-Caffeoyl-O-methyltyramine,,,0,0.9,0.037386073,5,0.030802055,0.953811529,6,0.828330261,0.000873452,12,2,TRUE,+,1,0.0185076
2-Pentadecanone,Norketamine,0.5,0.666666667,3,1,1.40E-24,5,0.750366479,0.085697149,6,0.916014012,4.22E-06,14,3,TRUE,+,1,0.000881985
2-Pentadecanone,Suberic acid,,,0,0.8,0.104088039,5,0.333947207,0.517700208,6,0.727064631,0.004864325,13,2,TRUE,+,1,0.049500902
2-Pentadecanone,Triethyl citrate,,,3,1,1.40E-24,5,0.948683298,0.051316702,4,0.891653272,9.78E-05,12,2,TRUE,+,1,0.005215355
2-Pentadecanone,Vanillylmandelic acid,,,0,1,1.40E-24,5,0.335410197,0.581090673,5,0.836483502,0.002554816,10,2,TRUE,+,1,0.035638594
2-Pentadecanone,Yangonin,0.866025404,0.333333333,3,1,0,4,0.77005138,0.073235128,6,0.818464492,0.000624806,13,3,TRUE,+,1,0.015331598
2-Propyl-1-pentanol,Cycloheptanol,,,0,0.6,0.4,4,0.81167945,0.049857585,6,0.847101484,0.000506128,12,2,TRUE,+,1,0.013464577
2-Propyl-1-pentanol,Niacin,,,0,0.8,0.2,4,0.564288094,0.321723336,5,0.823800784,0.001824365,11,2,TRUE,+,1,0.029376841
2-Propyl-1-pentanol,Niacinamide,,,0,-0.632455532,0.367544468,4,-0.942857143,0.004804665,6,-0.864990823,0.00058602,11,2,TRUE,-,-1,0.014949183
2-Propyl-1-pentanol,Triethyl citrate,,,0,0.6,0.4,4,1,0,4,0.905487805,0.00031103,10,2,TRUE,+,1,0.010378361
2-Pyrrolidone-5-carboxylic acid,Curcumin,-1,0,3,-0.670820393,0.215169943,5,-0.714285714,0.110787172,6,-0.71877669,0.003772763,14,3,TRUE,-,-1,0.043615174
2-Pyrrolidone-5-carboxylic acid,Glycolic acid,1,0,3,0.894427191,0.040519326,5,0.985610761,0.000309086,6,0.862480492,7.21E-05,14,3,TRUE,+,1,0.004324589
2-Pyrrolidone-5-carboxylic acid,Picolinic acid,0.866025404,0.333333333,3,1,1.40E-24,5,0.617914381,0.191093902,6,0.800233081,0.000587607,14,3,TRUE,+,1,0.014949183
"3-(4,7-Dimethoxy-2H-1,3-benzodioxol-5-yl)-2-methylprop-2-enal","Cyclohexanone, 3,3,5-trimethyl",0.5,0.666666667,3,1,1.40E-24,5,0.5,0.391002219,5,0.800550964,0.001010545,13,3,TRUE,+,1,0.020247547
"3-(4,7-Dimethoxy-2H-1,3-benzodioxol-5-yl)-2-methylprop-2-enal",Cyclooctylamine,0.5,0.666666667,3,0.974679434,0.00481823,5,0.942857143,0.004804665,6,0.865198124,6.44E-05,14,3,TRUE,+,1,0.004081646
"3-(4,7-Dimethoxy-2H-1,3-benzodioxol-5-yl)-2-methylprop-2-enal",Diethylamine,0.5,0.666666667,3,0.8,0.104088039,5,0.927633657,0.007665844,6,0.717751263,0.003846564,14,3,TRUE,+,1,0.043791733
"3-(4,7-Dimethoxy-2H-1,3-benzodioxol-5-yl)-2-methylprop-2-enal","Hymexazole, tert-butyldimethylsilyl ether",-0.5,0.666666667,3,-0.4,0.504631575,5,-0.942857143,0.004804665,6,-0.72907489,0.003091537,14,3,TRUE,-,-1,0.038941282
"3-(4,7-Dimethoxy-2H-1,3-benzodioxol-5-yl)-2-methylprop-2-enal",Ketamine,-1,0,3,-0.6,0.28475698,5,-0.637748139,0.17307111,6,-0.715404101,0.004019761,14,3,TRUE,-,-1,0.044667859
"3-(4,7-Dimethoxy-2H-1,3-benzodioxol-5-yl)-2-methylprop-2-enal",Methylthiouracil,,,0,-0.7,0.188120404,5,-0.942857143,0.004804665,6,-0.749311295,0.003194241,13,2,TRUE,-,-1,0.039717454
"3-(4,7-Dimethoxy-2H-1,3-benzodioxol-5-yl)-2-methylprop-2-enal",Mevalonolactone,0.5,0.666666667,3,0.820782682,0.088587005,5,0.485714286,0.328723032,6,0.72246696,0.003516327,14,3,TRUE,+,1,0.042097941
"3-(4,7-Dimethoxy-2H-1,3-benzodioxol-5-yl)-2-methylprop-2-enal",N-Acetylaminoethanol,0.866025404,0.333333333,3,0.974679434,0.00481823,5,0.550782484,0.257369332,6,0.739186018,0.002520874,14,3,TRUE,+,1,0.035448074
"3-(4,7-Dimethoxy-2H-1,3-benzodioxol-5-yl)-2-methylprop-2-enal",Trimethylolpropane,,,0,1,0,3,0.974679434,0.00481823,5,0.873425497,0.002094395,9,2,TRUE,+,1,0.031728704
"3,4-Methylenedioxyamphetamine",3-Heptanol,1,0,3,,,0,0.948683298,0.051316702,4,0.909107605,0.001751608,8,2,TRUE,+,1,0.02851986
"3,4-Methylenedioxyamphetamine",Malic acid,1,0,3,,,0,1,0,4,0.903773601,0.000827411,9,2,TRUE,+,1,0.018076832
"3,4-Methylenedioxyamphetamine",Mevalonolactone,-1,0,3,,,0,-1,0,4,-0.853563957,0.003418215,9,2,TRUE,-,-1,0.041453882
"3,4-Methylenedioxyamphetamine",Uracil,1,0,3,,,0,0.8,0.2,4,0.865546218,0.002566629,9,2,TRUE,+,1,0.035638594
"3,5-Dimethylphenol",3-Buten-2-one,0.5,0.666666667,3,1,1.40E-24,5,0.8,0.104088039,5,0.91184573,1.42E-05,13,3,TRUE,+,1,0.001612977
"3,5-Dimethylphenol",4-Oxohexanoic acid,0.5,0.666666667,3,0.9,0.037386073,5,1,0,3,0.803652968,0.00287903,11,3,TRUE,+,1,0.037203596
"3,5-Dimethylphenol","5-Chlorovaleric acid, nonyl ester",0.866025404,0.333333333,3,0.9,0.037386073,5,0.6,0.28475698,5,0.805518008,0.000888706,13,3,TRUE,+,1,0.018576366
"3,5-Dimethylphenol","5-Nonanol, tert-butyldimethylsilyl ether",0.5,0.666666667,3,0.9,0.037386073,5,0.974679434,0.00481823,5,0.841380111,0.000311669,13,3,TRUE,+,1,0.010378361
"3,5-Dimethylphenol","6,7,4'-Trihydroxyisoflavone",1,0,3,0.9,0.037386073,5,0.5,0.391002219,5,0.729024073,0.004694828,13,3,TRUE,+,1,0.048672659
"3,5-Dimethylphenol","Benzenesulfonamide, N-butyl",0.5,0.666666667,3,1,1.40E-24,5,0.974679434,0.00481823,5,0.939311238,1.92E-06,13,3,TRUE,+,1,0.000534845
"3,5-Dimethylphenol",Butachlor ESA,,,0,1,0,4,0.8,0.2,4,0.857146817,0.00152784,10,2,TRUE,+,1,0.026375699
"3,5-Dimethylphenol",DL-p-Hydroxyphenyllactic acid,1,0,3,0.8,0.2,4,0.948683298,0.051316702,4,0.831050228,0.00152693,11,3,TRUE,+,1,0.026375699
"3,5-Dimethylphenol",Heptanoic acid,1,0,3,0.820782682,0.088587005,5,0.666885929,0.218893981,5,0.835415214,0.000377234,13,3,TRUE,+,1,0.011264599
"3,5-Dimethylphenol",Isopropylamine,-0.5,0.666666667,3,-0.7,0.188120404,5,-0.6,0.28475698,5,-0.816552501,0.000659283,13,3,TRUE,-,-1,0.015786053
"3,5-Dimethylphenol",N-Acetyl-L-alanine,1,0,3,0.564288094,0.321723336,5,0.7,0.188120404,5,0.809395353,0.000801894,13,3,TRUE,+,1,0.01795392
"3,5-Dimethylphenol",Niacin,0.5,0.666666667,3,0.9,0.037386073,5,0.316227766,0.683772234,4,0.778560078,0.002851954,12,3,TRUE,+,1,0.037203596
"3,5-Dimethylphenol",Stearic acid,0.866025404,0.333333333,3,0.9,0.037386073,5,0.5,0.666666667,3,0.8054941,0.002767377,11,3,TRUE,+,1,0.036648788
"3,5-Dimethylphenol",Suberic acid,,,0,0.8,0.104088039,5,0.6,0.28475698,5,0.798600174,0.001840425,12,2,TRUE,+,1,0.029376841
"3,5-Dimethylphenol",Triethyl citrate,,,3,1,1.40E-24,5,0.5,0.666666667,3,0.871596314,0.000472275,11,2,TRUE,+,1,0.012780896
3-Aminobenzoic acid,6-Methyluracil,,,0,0.974679434,0.00481823,5,0.753702346,0.083523281,6,0.884735876,5.87E-05,13,2,TRUE,+,1,0.003915881
3-Aminobenzoic acid,Durapan,,,0,0.820782682,0.088587005,5,0.828571429,0.041562682,6,0.924694938,1.68E-05,12,2,TRUE,+,1,0.001803601
3-Aminobenzoic acid,"Hymexazole, tert-butyldimethylsilyl ether",,,0,0.974679434,0.00481823,5,0.657142857,0.156174927,6,0.844138734,0.000284586,13,2,TRUE,+,1,0.009871503
3-Aminobenzoic acid,"Kojic acid, bis(tert-butyldimethylsilyl) ether",,,0,0.872081599,0.053854218,5,0.828571429,0.041562682,6,0.835862864,0.000371964,13,2,TRUE,+,1,0.011250628
3-Aminobenzoic acid,Methanesulfonic acid,,,0,0.974679434,0.00481823,5,0.885714286,0.018845481,6,0.936642673,2.42E-06,13,2,TRUE,+,1,0.00059038
3-Aminobenzoic acid,Methylthiouracil,,,0,0.820782682,0.088587005,5,0.657142857,0.156174927,6,0.851035292,0.000224993,13,2,TRUE,+,1,0.008614328
3-Aminobenzoic acid,"Oxymorphone, bis(trimethylsilyl) ether",,,0,0.632455532,0.367544468,4,0.441367415,0.38093921,6,0.757532803,0.004319702,12,2,TRUE,+,1,0.046922152
3-Aminobenzoic acid,Phenoxyethanol,,,0,0.974679434,0.00481823,5,0.463816829,0.354164298,6,0.814917127,0.000689948,13,2,TRUE,+,1,0.016169875
3-Aminobenzoic acid,Pinosylvin,,,0,0.820782682,0.088587005,5,0.885714286,0.018845481,6,0.901754386,6.10E-05,12,2,TRUE,+,1,0.003959601
3-Aminobenzoic acid,Xylazine,,,0,1,0,5,0.6,0.208,6,0.73056683,0.004564609,13,2,TRUE,+,1,0.048027375
3-Buten-2-one,"6,7,4'-Trihydroxyisoflavone",0.5,0.666666667,3,0.9,0.037386073,5,0.81167945,0.049857585,6,0.839207048,0.000174804,14,3,TRUE,+,1,0.007725343
3-Buten-2-one,Adenine,,,0,1,1.40E-24,5,0.885714286,0.018845481,6,0.81754386,0.001161973,12,2,TRUE,+,1,0.02208035
3-Buten-2-one,Diacetyl monoxime,0.866025404,0.333333333,3,1,1.40E-24,5,0.542857143,0.265702624,6,0.735915646,0.002695473,14,3,TRUE,+,1,0.036381823
3-Buten-2-one,DL-p-Hydroxyphenyllactic acid,0.5,0.666666667,3,0.8,0.2,4,0.974679434,0.00481823,5,0.750877193,0.004885947,12,3,TRUE,+,1,0.049590441
3-Buten-2-one,Lignoceric acid,0.5,0.666666667,3,0.9,0.037386073,5,0.260896966,0.617533817,6,0.754134968,0.00183303,14,3,TRUE,+,1,0.029376841
3-Buten-2-one,"l-Norvaline, n-propargyloxycarbonyl-, isohexyl ester",,,0,-0.8,0.2,4,-0.9,0.037386073,5,-0.911585366,0.000240014,10,2,TRUE,-,-1,0.009054949
3-Buten-2-one,Myristic acid,0.5,0.666666667,3,0.9,0.037386073,5,0.88273483,0.019820417,6,0.707186206,0.00467489,14,3,TRUE,+,1,0.048531002
3-Buten-2-one,N-Acetyl-L-alanine,0.5,0.666666667,3,0.564288094,0.321723336,5,0.828571429,0.041562682,6,0.784770124,0.000886565,14,3,TRUE,+,1,0.018576366
3-Buten-2-one,Propylene glycol,1,0,3,0.8,0.2,4,0.927633657,0.007665844,6,0.885362494,5.71E-05,13,3,TRUE,+,1,0.003838052
3-Buten-2-one,Suberic acid,,,0,0.8,0.104088039,5,0.428571429,0.396501458,6,0.743801653,0.003558388,13,2,TRUE,+,1,0.042274307
3-Buten-2-one,Triethyl citrate,,,3,1,1.40E-24,5,1,0,4,0.828935765,0.000859082,12,2,TRUE,+,1,0.018388838
4-Aminobutanoic acid,4-Methoxyphenol,-0.5,0.666666667,3,,,0,-0.8,0.2,4,-0.840365807,0.004561189,9,2,TRUE,-,-1,0.048027375
4-Aminobutanoic acid,N-Acetylaspartic acid,0.5,0.666666667,3,0.8,0.104088039,5,0.8,0.104088039,5,0.905090265,2.10E-05,13,3,TRUE,+,1,0.002137492
4-Methoxyphenol,Benzenepropanoic acid,-1,0,3,,,0,-0.948683298,0.051316702,4,-0.88559322,0.001488663,9,2,TRUE,-,-1,0.025989437
4-Methoxyphenol,Biphenyl,-0.5,0.666666667,3,,,0,-0.4,0.6,4,-0.881355932,0.001683486,9,2,TRUE,-,-1,0.027820691
4-Methylvaleric acid,N-Ethyldiethanolamine,0.5,0.666666667,3,0.9,0.037386073,5,0.7,0.188120404,5,0.738589918,0.003931656,13,3,TRUE,+,1,0.0441327
4-Oxohexanoic acid,"5-Nonanol, tert-butyldimethylsilyl ether",1,0,3,1,1.40E-24,5,0.447213595,0.552786405,4,0.827469918,0.000894187,12,3,TRUE,+,1,0.018640539
4-Oxohexanoic acid,8-Methylnonanoic acid,1,0,3,1,1.40E-24,5,0.4,0.6,4,0.773287662,0.003177394,12,3,TRUE,+,1,0.039635429
4-Oxohexanoic acid,DL-p-Hydroxyphenyllactic acid,0.5,0.666666667,3,0.8,0.2,4,0.5,0.666666667,3,0.903030303,0.000343612,10,3,TRUE,+,1,0.010978502
4-Oxohexanoic acid,Suberic acid,,,0,0.9,0.037386073,5,0.8,0.2,4,0.817351598,0.002123584,11,2,TRUE,+,1,0.031890866
5-Azacytosine,Butachlor ESA,,,0,1,0,4,0.8,0.2,4,0.902455801,0.000351576,10,2,TRUE,+,1,0.011053221
"5-Chlorovaleric acid, nonyl ester",Cycloheptanol,0.866025404,0.333333333,3,0.9,0.037386073,5,0.405839725,0.424662508,6,0.762693157,0.001512296,14,3,TRUE,+,1,0.026224425
"5-Chlorovaleric acid, nonyl ester",Formamide,0.866025404,0.333333333,3,0.666885929,0.218893981,5,0.49280538,0.320632583,6,0.738321549,0.002566131,14,3,TRUE,+,1,0.035638594
"5-Chlorovaleric acid, nonyl ester",Levulinic acid,1,0,3,0.820782682,0.088587005,5,0.765036852,0.076325636,6,0.730834168,0.002985564,14,3,TRUE,+,1,0.038229059
"5-Chlorovaleric acid, nonyl ester",m-Toluic acid,0.866025404,0.333333333,3,0.9,0.037386073,5,0.695725243,0.124789337,6,0.801344193,0.000569736,14,3,TRUE,+,1,0.01467342
"5-Nonanol, tert-butyldimethylsilyl ether","Benzenesulfonamide, N-butyl",1,0,3,0.9,0.037386073,5,0.746351793,0.088346585,6,0.911602766,5.68E-06,14,3,TRUE,+,1,0.000934776
"5-Nonanol, tert-butyldimethylsilyl ether",Butachlor ESA,,,0,1,0,4,0.737864787,0.262135213,4,0.847576732,0.001956376,10,2,TRUE,+,1,0.030488173
"5-Nonanol, tert-butyldimethylsilyl ether",DL-p-Hydroxyphenyllactic acid,0.5,0.666666667,3,0.8,0.2,4,0.631578947,0.253080425,5,0.769772718,0.003409541,12,3,TRUE,+,1,0.041453882
"5-Nonanol, tert-butyldimethylsilyl ether",Iminodiacetic acid,0.5,0.666666667,3,0.974679434,0.00481823,5,0.223905538,0.669754299,6,0.863638487,6.87E-05,14,3,TRUE,+,1,0.004190641
"5-Nonanol, tert-butyldimethylsilyl ether",L-Alanine,0.866025404,0.333333333,3,0.820782682,0.088587005,5,0.940403259,0.00522182,6,0.855088496,9.71E-05,14,3,TRUE,+,1,0.005215355
"5-Nonanol, tert-butyldimethylsilyl ether",Lignoceric acid,0.5,0.666666667,3,0.8,0.104088039,5,0.820986972,0.045200201,6,0.744751836,0.002244375,14,3,TRUE,+,1,0.033125944
"5-Nonanol, tert-butyldimethylsilyl ether",Myristic acid,0.5,0.666666667,3,0.7,0.188120404,5,0.666666667,0.148148148,6,0.705426789,0.004825421,14,3,TRUE,+,1,0.049234571
"5-Nonanol, tert-butyldimethylsilyl ether",Niacin,1,0,3,0.7,0.188120404,5,0.105263158,0.866222705,5,0.732044199,0.004442536,13,3,TRUE,+,1,0.04778055
"5-Nonanol, tert-butyldimethylsilyl ether",Norketamine,0.866025404,0.333333333,3,0.9,0.037386073,5,0.651515152,0.16100224,6,0.882104856,2.99E-05,14,3,TRUE,+,1,0.002630643
"5-Nonanol, tert-butyldimethylsilyl ether",Pentanedioic acid,1,0,3,1,0,4,0.686643649,0.131903729,6,0.731674282,0.004472862,13,3,TRUE,+,1,0.04778055
"5-Nonanol, tert-butyldimethylsilyl ether",Suberic acid,,,0,0.9,0.037386073,5,0.441367415,0.38093921,6,0.893793954,3.81E-05,13,2,TRUE,+,1,0.002890767
5-Oxohexanoic Acid,L-Lysine,,,0,0.564288094,0.321723336,5,0.724713795,0.103242805,6,0.767955801,0.002171427,13,2,TRUE,+,1,0.032358027
5-Oxohexanoic Acid,"l-Norvaline, n-propargyloxycarbonyl-, isohexyl ester",,,0,-0.948683298,0.051316702,4,-0.7,0.188120404,5,-0.826219512,0.00321676,10,2,TRUE,-,-1,0.039933259
"6,7,4'-Trihydroxyisoflavone",Adenine,,,0,0.9,0.037386073,5,0.840668002,0.036057573,6,0.81754386,0.001161973,12,2,TRUE,+,1,0.02208035
"6,7,4'-Trihydroxyisoflavone","Benzenesulfonamide, N-butyl",0.5,0.666666667,3,0.9,0.037386073,5,0.705882353,0.117036434,6,0.78500599,0.000881237,14,3,TRUE,+,1,0.018570812
"6,7,4'-Trihydroxyisoflavone",Citramalic acid,0.866025404,0.333333333,3,1,1.40E-24,5,0.394736842,0.510781039,5,0.751724853,0.003044141,13,3,TRUE,+,1,0.038532543
"6,7,4'-Trihydroxyisoflavone",Cycloheptanol,0.5,0.666666667,3,0.9,0.037386073,5,0.867647059,0.025116718,6,0.735391847,0.002724302,14,3,TRUE,+,1,0.036492729
"6,7,4'-Trihydroxyisoflavone",Diacetyl monoxime,0.866025404,0.333333333,3,0.9,0.037386073,5,0.521793932,0.288343234,6,0.797794439,0.000628409,14,3,TRUE,+,1,0.015331598
"6,7,4'-Trihydroxyisoflavone",Niacin,0.5,0.666666667,3,0.7,0.188120404,5,0.947368421,0.014379534,5,0.815173189,0.000685074,13,3,TRUE,+,1,0.016148322
"6,7,4'-Trihydroxyisoflavone",Propylene glycol,0.5,0.666666667,3,1,0,4,0.882352941,0.019947079,6,0.895031039,3.58E-05,13,3,TRUE,+,1,0.002841364
"6,7,4'-Trihydroxyisoflavone",Triethyl citrate,,,3,0.9,0.037386073,5,1,0,4,0.831006522,0.000811316,12,2,TRUE,+,1,0.017969212
"6-Aminocaproic acid, N-(tert.-butyldimethylsilyl)",Adenine,,,0,0.872081599,0.053854218,5,1,0,4,0.871563708,0.001016654,10,2,TRUE,+,1,0.020264958
"6-Aminocaproic acid, N-(tert.-butyldimethylsilyl)","Dodecanoic acid, 1-methylethyl ester",0.866025404,0.333333333,3,0.872081599,0.053854218,5,0.8,0.2,4,0.755781807,0.004463586,12,3,TRUE,+,1,0.04778055
"6-Aminocaproic acid, N-(tert.-butyldimethylsilyl)",Hexacosanoic acid,,,0,0.8,0.2,4,0.948683298,0.051316702,4,0.821542351,0.003555912,10,2,TRUE,+,1,0.042274307
"6-Aminocaproic acid, N-(tert.-butyldimethylsilyl)",Isopropyl palmitate,0.5,0.666666667,3,0.872081599,0.053854218,5,0.8,0.2,4,0.774842182,0.003078649,12,3,TRUE,+,1,0.038842201
"6-Aminocaproic acid, N-(tert.-butyldimethylsilyl)",L-Glutamine,0.866025404,0.333333333,3,0.872081599,0.053854218,5,0.6,0.4,4,0.815961155,0.00120982,12,3,TRUE,+,1,0.022710547
"6-Aminocaproic acid, N-(tert.-butyldimethylsilyl)",L-Tryptophan,1,0,3,0.872081599,0.053854218,5,1,0,4,0.768272165,0.003512478,12,3,TRUE,+,1,0.042097941
"6-Aminocaproic acid, N-(tert.-butyldimethylsilyl)",N-Caffeoyl-O-methyltyramine,,,0,0.974679434,0.00481823,5,0.316227766,0.683772234,4,0.818465413,0.003792556,10,2,TRUE,+,1,0.043713303
"6-Aminocaproic acid, N-(tert.-butyldimethylsilyl)","Propanoic acid, dimethyl(isopropyl)silyl ester",,,0,0.872081599,0.053854218,5,1,0,4,0.823186035,0.003433937,10,2,TRUE,+,1,0.041453882
"6-Aminocaproic acid, N-(tert.-butyldimethylsilyl)",Tetrahydro-solasodine triacetate,1,0,3,0.872081599,0.053854218,5,0.8,0.2,4,0.856670714,0.000372611,12,3,TRUE,+,1,0.011250628
"6-Aminocaproic acid, N-(tert.-butyldimethylsilyl)",Yangonin,0.866025404,0.333333333,3,0.737864787,0.262135213,4,1,0,4,0.91439105,8.12E-05,11,3,TRUE,+,1,0.004584917
"6-Methoxy-1-methyl-1,2,3,4-tetrahydroisoquinolin-7-ol ",Butyric Acid,,,0,-0.632455532,0.367544468,4,-0.8,0.2,4,-0.894067797,0.001146933,9,2,TRUE,-,-1,0.021956385
"6-Methoxy-1-methyl-1,2,3,4-tetrahydroisoquinolin-7-ol ",Phenoxyethanol,,,0,-0.948683298,0.051316702,4,-1,0,4,-0.848108815,0.003863339,9,2,TRUE,-,-1,0.04381094
6-Methyluracil,Durapan,,,0,0.9,0.037386073,5,0.985610761,0.000309086,6,0.911712006,3.64E-05,12,2,TRUE,+,1,0.002841364
6-Methyluracil,"Hymexazole, tert-butyldimethylsilyl ether",1,0,3,1,1.40E-24,5,0.985610761,0.000309086,6,0.97675916,2.16E-09,14,3,TRUE,+,1,2.79E-06
6-Methyluracil,Isobutanol,-0.5,0.666666667,3,-0.632455532,0.367544468,4,-0.840668002,0.036057573,6,-0.836124014,0.000368916,13,3,TRUE,-,-1,0.011233063
6-Methyluracil,"Kojic acid, bis(tert-butyldimethylsilyl) ether",1,0,3,0.9,0.037386073,5,0.985610761,0.000309086,6,0.914742705,4.60E-06,14,3,TRUE,+,1,0.00092038
6-Methyluracil,Methanesulfonic acid,,,0,1,1.40E-24,5,0.898645105,0.014888622,6,0.922469527,7.15E-06,13,2,TRUE,+,1,0.001023475
6-Methyluracil,Methylthiouracil,,,0,0.9,0.037386073,5,0.985610761,0.000309086,6,0.912643305,1.35E-05,13,2,TRUE,+,1,0.00160767
6-Methyluracil,Pinosylvin,,,0,0.9,0.037386073,5,0.927633657,0.007665844,6,0.851360771,0.000442772,12,2,TRUE,+,1,0.012452368
6-Oxoheptanoic acid,L-Lysine,,,0,0.20519567,0.740581942,5,0.942857143,0.004804665,6,0.769018716,0.002121987,13,2,TRUE,+,1,0.031890866
8-Methylnonanoic acid,Pentanedioic acid,1,0,3,1,0,4,0.867647059,0.025116718,6,0.827348066,0.000482814,13,3,TRUE,+,1,0.013010741
Adenine,"Benzenesulfonamide, N-butyl",,,0,1,1.40E-24,5,0.81167945,0.049857585,6,0.852631579,0.000425118,12,2,TRUE,+,1,0.012087737
Adenine,Butachlor ESA,,,0,1,0,4,0.8,0.2,4,0.928571429,0.000862968,8,2,TRUE,+,1,0.018388838
Adenine,Curcumin,,,0,0.7,0.188120404,5,0.6,0.208,6,0.764912281,0.003751513,12,2,TRUE,+,1,0.043445827
Adenine,Cycloheptanol,,,0,1,1.40E-24,5,0.49280538,0.320632583,6,0.803164685,0.001654663,12,2,TRUE,+,1,0.027656152
Adenine,"Cytosine, N-(tert-butyldimethylsilyl)-",,,0,1,1.40E-24,5,0.828571429,0.041562682,6,0.876978507,0.000179873,12,2,TRUE,+,1,0.007799738
Adenine,Diacetyl monoxime,,,0,1,1.40E-24,5,0.485714286,0.328723032,6,0.838596491,0.000653528,12,2,TRUE,+,1,0.015696855
Adenine,"Dodecanoic acid, 1-methylethyl ester",,,0,1,1.40E-24,5,0.828571429,0.041562682,6,0.864676204,0.00028351,12,2,TRUE,+,1,0.009871503
Adenine,Frangulin,,,0,1,0,4,0.948683298,0.051316702,4,0.840336134,0.004564017,9,2,TRUE,+,1,0.048027375
Adenine,Heptylamine,,,0,1,0,4,0.6,0.28475698,5,0.935784192,6.88E-05,10,2,TRUE,+,1,0.004190641
Adenine,Hexacosanoic acid,,,0,1,0,4,0.820782682,0.088587005,5,0.947870599,3.03E-05,10,2,TRUE,+,1,0.002635683
Adenine,Isopropyl palmitate,,,0,1,1.40E-24,5,0.81167945,0.049857585,6,0.871484276,0.000221649,12,2,TRUE,+,1,0.00857117
Adenine,"Kojic acid, bis(tert-butyldimethylsilyl) ether",,,0,1,1.40E-24,5,0.371428571,0.468478134,6,0.761403509,0.004014109,12,2,TRUE,+,1,0.044667859
Adenine,L-Alanine,,,0,0.974679434,0.00481823,5,0.724713795,0.103242805,6,0.841829068,0.00059405,12,2,TRUE,+,1,0.01501432
Adenine,L-Glutamine,,,0,1,1.40E-24,5,0.579771036,0.227783957,6,0.835990538,0.000704749,12,2,TRUE,+,1,0.016417249
Adenine,L-Tryptophan,,,0,1,1.40E-24,5,0.885714286,0.018845481,6,0.919298246,2.35E-05,12,2,TRUE,+,1,0.002273273
Adenine,Niacin,,,0,0.9,0.037386073,5,0.820782682,0.088587005,5,0.883297507,0.000312666,11,2,TRUE,+,1,0.010378361
Adenine,N-Methyl-1-[(trimethylsilyl)oxy]-1-{4-[(trimethylsilyl)oxy]phenyl}propan-2-amine,,,0,1,0,4,0.8,0.2,4,0.895405327,0.001098526,9,2,TRUE,+,1,0.021508858
Adenine,Norketamine,,,0,1,1.40E-24,5,0.88273483,0.019820417,6,0.915356728,2.96E-05,12,2,TRUE,+,1,0.002630643
Adenine,Propylene glycol,,,0,0.8,0.2,4,0.898645105,0.014888622,6,0.87185583,0.000468178,11,2,TRUE,+,1,0.012780896
Adenine,Tetrahydro-solasodine triacetate,,,0,0.9,0.037386073,5,0.6,0.208,6,0.822807018,0.001013265,12,2,TRUE,+,1,0.020249596
Adenine,Thymol,,,0,1,0,4,0.872081599,0.053854218,5,0.890243902,0.000555027,10,2,TRUE,+,1,0.014431119
Adenine,Triethyl citrate,,,0,1,1.40E-24,5,1,0,4,0.814593429,0.004106132,10,2,TRUE,+,1,0.04530217
Adenine,Yangonin,,,0,1,0,4,0.985610761,0.000309086,6,0.974830928,3.59E-07,11,2,TRUE,+,1,0.000154427
Adipoyl-L-carnitine,Methyl lactate,,,0,0.866025404,0.333333333,3,1,0,3,0.991031209,1.46E-05,7,2,TRUE,+,1,0.001632127
alpha-Hydroxyisobutyric acid,Iminodiacetic acid,,,0,0.866025404,0.333333333,3,0.927633657,0.007665844,6,0.876794227,0.001912248,9,2,TRUE,+,1,0.030059608
Aniline,Cycloheptanol,0.5,0.666666667,3,0.9,0.037386073,5,0.608759587,0.199660189,6,0.788950758,0.000795865,14,3,TRUE,+,1,0.017893071
Aniline,DL-p-Hydroxyphenyllactic acid,1,0,3,0.8,0.2,4,0.820782682,0.088587005,5,0.873463563,0.000205811,12,3,TRUE,+,1,0.008172548
Aniline,Propylene glycol,0.5,0.666666667,3,0.8,0.2,4,0.985610761,0.000309086,6,0.757953699,0.002681976,13,3,TRUE,+,1,0.036326454
"Benzene, 1,4-dimethoxy","Cyclohexanone, 3,3,5-trimethyl",0.866025404,0.333333333,3,0.872081599,0.053854218,5,0.9,0.037386073,5,0.875376488,8.86E-05,13,3,TRUE,+,1,0.004857777
"Benzene, 1,4-dimethoxy",Diethylamine,0.866025404,0.333333333,3,0.974679434,0.00481823,5,0.724713795,0.103242805,6,0.735040487,0.002743777,14,3,TRUE,+,1,0.036648788
"Benzene, 1,4-dimethoxy",Trimethylolpropane,,,0,1,0,3,0.666885929,0.218893981,5,0.848108815,0.003863339,9,2,TRUE,+,1,0.04381094
"Benzenesulfonamide, N-butyl",Benzophenone,,,0,0.820782682,0.088587005,5,0.753702346,0.083523281,6,0.769024601,0.002121716,13,2,TRUE,+,1,0.031890866
"Benzenesulfonamide, N-butyl",Butachlor ESA,,,0,1,0,4,0.737864787,0.262135213,4,0.920748824,0.000156707,10,2,TRUE,+,1,0.007257317
"Benzenesulfonamide, N-butyl",Citramalic acid,0.866025404,0.333333333,3,0.9,0.037386073,5,0.051298918,0.934712848,5,0.795862826,0.001137236,13,3,TRUE,+,1,0.021880083
"Benzenesulfonamide, N-butyl",DL-p-Hydroxyphenyllactic acid,0.5,0.666666667,3,0.8,0.2,4,0.947368421,0.014379534,5,0.811952045,0.001337813,12,3,TRUE,+,1,0.024174407
"Benzenesulfonamide, N-butyl",Hexacosanoic acid,,,0,1,0,4,0.552631579,0.334034711,5,0.896798426,0.000183469,11,2,TRUE,+,1,0.007799738
"Benzenesulfonamide, N-butyl",Iminodiacetic acid,0.5,0.666666667,3,0.872081599,0.053854218,5,0.588235294,0.219417871,6,0.863792142,6.83E-05,14,3,TRUE,+,1,0.004190641
"Benzenesulfonamide, N-butyl",L-Alanine,0.866025404,0.333333333,3,0.974679434,0.00481823,5,0.882352941,0.019947079,6,0.953591742,1.30E-07,14,3,TRUE,+,1,6.31E-05
"Benzenesulfonamide, N-butyl",Lignoceric acid,0.5,0.666666667,3,0.9,0.037386073,5,0.529411765,0.280073275,6,0.719646799,0.003711017,14,3,TRUE,+,1,0.043234395
"Benzenesulfonamide, N-butyl","l-Norvaline, n-propargyloxycarbonyl-, isohexyl ester",,,0,-0.8,0.2,4,-0.718184846,0.171795305,5,-0.817073171,0.003903256,10,2,TRUE,-,-1,0.044001784
"Benzenesulfonamide, N-butyl",N-Acetyl-L-alanine,0.5,0.666666667,3,0.564288094,0.321723336,5,0.81167945,0.049857585,6,0.732597132,0.002882263,14,3,TRUE,+,1,0.037203596
"Benzenesulfonamide, N-butyl",N-Caffeoyl-O-methyltyramine,,,0,0.9,0.037386073,5,0.426470588,0.399076748,6,0.841829068,0.00059405,12,2,TRUE,+,1,0.01501432
"Benzenesulfonamide, N-butyl",Niacin,1,0,3,0.9,0.037386073,5,0.666885929,0.218893981,5,0.885518084,5.67E-05,13,3,TRUE,+,1,0.003838052
"Benzenesulfonamide, N-butyl",Norketamine,0.866025404,0.333333333,3,1,1.40E-24,5,0.850841043,0.031713318,6,0.96113247,4.58E-08,14,3,TRUE,+,1,2.53E-05
"Benzenesulfonamide, N-butyl",Suberic acid,,,0,0.8,0.104088039,5,0.579771036,0.227783957,6,0.842759422,0.000297883,13,2,TRUE,+,1,0.010239226
"Benzenesulfonamide, N-butyl",Triethyl citrate,,,3,1,1.40E-24,5,0.8,0.2,4,0.888901331,0.000110315,12,2,TRUE,+,1,0.005502113
"Benzoic acid, 2-hydroxy-3-[(2-hydroxy-4-methoxy-6-propylbenzoyl)oxy]-4-methoxy-6-propyl-, methyl ester ",L-Threonine,,,0,-0.5,0.666666667,3,-0.948683298,0.051316702,4,-0.95499371,0.000805535,7,2,TRUE,-,-1,0.01795392
"Benzoic acid, 2-hydroxy-3-[(2-hydroxy-4-methoxy-6-propylbenzoyl)oxy]-4-methoxy-6-propyl-, methyl ester ",Propanoic acid,,,0,1,0,3,0.526315789,0.362245481,5,0.890303284,0.001291114,9,2,TRUE,+,1,0.023804681
"Benzoic acid, 2-hydroxy-3-[(2-hydroxy-4-methoxy-6-propylbenzoyl)oxy]-4-methoxy-6-propyl-, methyl ester ",Synephrine,0.5,0.666666667,3,0.948683298,0.051316702,4,0.073529412,0.889904653,6,0.80636315,0.000869182,13,3,TRUE,+,1,0.018467723
Benzophenone,Citramalic acid,,,0,0.666885929,0.218893981,5,0.564288094,0.321723336,5,0.779552358,0.00279366,12,2,TRUE,+,1,0.03668279
Benzophenone,"Cytosine, N-(tert-butyldimethylsilyl)-",,,0,0.820782682,0.088587005,5,0.714285714,0.110787172,6,0.74238512,0.003657003,13,2,TRUE,+,1,0.043234395
Benzophenone,"Dodecanoic acid, 1-methylethyl ester",,,0,0.820782682,0.088587005,5,0.714285714,0.110787172,6,0.750695401,0.003107478,13,2,TRUE,+,1,0.039014989
Benzophenone,"D-Streptamine, O-6-amino-6-deoxy-alpha-D-glucopyranosyl-(1-4)-O-(3-deoxy-4-C-methyl-3-(methylamino)-beta-L-arabinopyranosyl-(1-6))-2-deoxy-",,,0,0.632455532,0.367544468,4,0.840668002,0.036057573,6,0.77032283,0.003372384,12,2,TRUE,+,1,0.041453882
Benzophenone,Frangulin,,,0,1,0,4,0.948683298,0.051316702,4,0.957317073,1.38E-05,10,2,TRUE,+,1,0.001610498
Benzophenone,Isopropyl palmitate,,,0,0.820782682,0.088587005,5,0.753702346,0.083523281,6,0.757282282,0.002719317,13,2,TRUE,+,1,0.036492729
Benzophenone,Niacin,,,0,0.974679434,0.00481823,5,0.359092423,0.552814747,5,0.756188467,0.004429851,12,2,TRUE,+,1,0.04778055
Benzyl alcohol,Dodecanoic acid,1,0,3,0.7,0.188120404,5,0.885714286,0.018845481,6,0.709677858,0.004468026,14,3,TRUE,+,1,0.04778055
Benzyl alcohol,Formamide,1,0,3,0.20519567,0.740581942,5,0.898645105,0.014888622,6,0.766323094,0.001390551,14,3,TRUE,+,1,0.024832982
Benzyl alcohol,Hexanoic acid,1,0,3,0.20519567,0.740581942,5,0.753702346,0.083523281,6,0.707252054,0.004669328,14,3,TRUE,+,1,0.048531002
Benzyl alcohol,Isonicotinic Acid,0.5,0.666666667,3,0.6,0.28475698,5,0.985610761,0.000309086,6,0.794861031,0.00068047,14,3,TRUE,+,1,0.01614341
Benzyl alcohol,Ketamine,1,0,3,0.9,0.037386073,5,0.724713795,0.103242805,6,0.767260579,0.001360414,14,3,TRUE,+,1,0.024411691
Butachlor ESA,"Cytosine, N-(tert-butyldimethylsilyl)-",,,0,1,0,4,0.8,0.2,4,0.902455801,0.000351576,10,2,TRUE,+,1,0.011053221
Butachlor ESA,"Dodecanoic acid, 1-methylethyl ester",,,0,1,0,4,0.8,0.2,4,0.917937371,0.00017953,10,2,TRUE,+,1,0.007799738
Butachlor ESA,"D-Streptamine, O-6-amino-6-deoxy-alpha-D-glucopyranosyl-(1-4)-O-(3-deoxy-4-C-methyl-3-(methylamino)-beta-L-arabinopyranosyl-(1-6))-2-deoxy-",,,0,1,0,4,0.948683298,0.051316702,4,0.899700205,0.000391674,10,2,TRUE,+,1,0.011561846
Butachlor ESA,Frangulin,,,0,1,0,3,0.866025404,0.333333333,3,0.922172222,0.001110817,8,2,TRUE,+,1,0.021639953
Butachlor ESA,Iminodiacetic acid,,,0,0.948683298,0.051316702,4,0.4,0.6,4,0.828283211,0.003074774,10,2,TRUE,+,1,0.038842201
Butachlor ESA,Isopropyl palmitate,,,0,1,0,4,0.737864787,0.262135213,4,0.939041847,5.61E-05,10,2,TRUE,+,1,0.003838052
Butachlor ESA,Isopropylamine,,,0,-1,0,4,-1,0,4,-0.823186035,0.003433937,10,2,TRUE,-,-1,0.041453882
Butachlor ESA,L-Alanine,,,0,0.948683298,0.051316702,4,0.8,0.2,4,0.966569814,5.25E-06,10,2,TRUE,+,1,0.00092038
Butachlor ESA,L-Glutamine,,,0,1,0,4,0.8,0.2,4,0.966569814,5.25E-06,10,2,TRUE,+,1,0.00092038
Butachlor ESA,L-Leucine,,,0,0.948683298,0.051316702,4,0.8,0.2,4,0.816012348,0.003989144,10,2,TRUE,+,1,0.044497302
Butachlor ESA,L-Tryptophan,,,0,1,0,4,0.4,0.6,4,0.832830595,0.002777889,10,2,TRUE,+,1,0.03668279
Butachlor ESA,Niacin,,,0,0.8,0.2,4,0.866025404,0.333333333,3,0.924402387,0.000363041,9,2,TRUE,+,1,0.011121484
Butachlor ESA,N-Methyl-1-[(trimethylsilyl)oxy]-1-{4-[(trimethylsilyl)oxy]phenyl}propan-2-amine,,,0,1,0,4,0.5,0.666666667,3,0.883333333,0.0015905,9,2,TRUE,+,1,0.02709456
Butachlor ESA,Norketamine,,,0,1,0,4,0.6,0.4,4,0.905236874,0.000314249,10,2,TRUE,+,1,0.010386325
Butachlor ESA,Oxalic acid,,,0,0.894427191,0.105572809,4,0.632455532,0.367544468,4,0.818192821,0.003814051,10,2,TRUE,+,1,0.043738779
Butachlor ESA,Yangonin,,,0,1,0,4,0.737864787,0.262135213,4,0.945139522,3.71E-05,10,2,TRUE,+,1,0.002867734
Butanedioic acid,"Erythrono-1,4-lactone",0.5,0.666666667,3,0.9,0.037386073,5,0.771428571,0.072396501,6,0.783484095,0.000916068,14,3,TRUE,+,1,0.018892992
Butyric Acid,Hexanoic acid,1,0,3,0.974679434,0.00481823,5,0.661764706,0.152257086,6,0.786085882,0.000857171,14,3,TRUE,+,1,0.018388838
Butyric Acid,Pentanoic acid,0.5,0.666666667,3,0.974679434,0.00481823,5,0.898645105,0.014888622,6,0.932381674,1.19E-06,14,3,TRUE,+,1,0.000383968
Butyric Acid,Phenoxyethanol,1,0,3,0.7,0.188120404,5,0.705882353,0.117036434,6,0.723644411,0.003437459,14,3,TRUE,+,1,0.041453882
Cholesterol,"Hymexazole, tert-butyldimethylsilyl ether",1,0,3,0.9,0.037386073,5,0.942857143,0.004804665,6,0.717272161,0.003881432,14,3,TRUE,+,1,0.043887419
Cholesterol,"N,N-Dimethyl-2-aminoethanol",1,0,3,0.8,0.2,4,0.771428571,0.072396501,6,0.839364164,0.000332724,13,3,TRUE,+,1,0.010722023
Cholesterol,Phenol,-1,0,3,-0.5,0.391002219,5,-0.6,0.28475698,5,-0.817057169,0.000650041,13,3,TRUE,-,-1,0.015661726
Cholesterol,Uracil,1,0,3,0.974679434,0.00481823,5,0.637748139,0.17307111,6,0.8410678,0.000163707,14,3,TRUE,+,1,0.007447711
Citramalic acid,N-Acetyl-L-alanine,0.866025404,0.333333333,3,0.564288094,0.321723336,5,0.718184846,0.171795305,5,0.789765624,0.001320306,13,3,TRUE,+,1,0.024018786
Citramalic acid,"Propanoic acid, dimethyl(isopropyl)silyl ester",,,0,0.9,0.037386073,5,0.666885929,0.218893981,5,0.842826788,0.001123073,11,2,TRUE,+,1,0.021823734
Citramalic acid,Suberic acid,,,0,0.9,0.037386073,5,0.564288094,0.321723336,5,0.828070175,0.00087968,12,2,TRUE,+,1,0.018570812
Citramalic acid,Vanillylmandelic acid,,,0,0.9,0.037386073,5,0.948683298,0.051316702,4,0.911764706,0.000615785,9,2,TRUE,+,1,0.015248309
Crotonic acid,Xylazine,1,0,3,0.921052632,0.02631052,5,0.333947207,0.517700208,6,0.711288869,0.004338141,14,3,TRUE,+,1,0.047056352
Curcumin,Hexacosanoic acid,,,0,1,0,4,0.974679434,0.00481823,5,0.791292729,0.003717465,11,2,TRUE,+,1,0.043234395
Curcumin,Tetrahydro-solasodine triacetate,0.866025404,0.333333333,3,0.9,0.037386073,5,0.828571429,0.041562682,6,0.871683549,4.86E-05,14,3,TRUE,+,1,0.003448649
Cycloheptanol,Triethyl citrate,,,3,1,1.40E-24,5,1,0,4,0.765442813,0.003712972,12,2,TRUE,+,1,0.043234395
"Cyclohexanone, 3,3,5-trimethyl",Cyclooctylamine,1,0,3,0.974679434,0.00481823,5,0.6,0.28475698,5,0.833110581,0.000405314,13,3,TRUE,+,1,0.011786891
"Cyclohexanone, 3,3,5-trimethyl",Diethylamine,1,0,3,0.8,0.104088039,5,0.666885929,0.218893981,5,0.79339144,0.001208864,13,3,TRUE,+,1,0.022710547
"Cyclohexanone, 3,3,5-trimethyl",L-Threonine,,,0,-1,0,3,-1,0,3,-0.942857143,0.004804665,6,2,TRUE,-,-1,0.049172647
"Cyclohexanone, 3,3,5-trimethyl",Malic acid,-1,0,3,-0.8,0.104088039,5,-0.6,0.28475698,5,-0.734526142,0.004243141,13,3,TRUE,-,-1,0.046285545
Cyclooctylamine,Diethylamine,1,0,3,0.666885929,0.218893981,5,0.840668002,0.036057573,6,0.780975363,0.000975881,14,3,TRUE,+,1,0.019654851
Cyclooctylamine,"Hymexazole, tert-butyldimethylsilyl ether",-1,0,3,-0.359092423,0.552814747,5,-1,0,6,-0.720445947,0.003655009,14,3,TRUE,-,-1,0.043234395
Cyclooctylamine,Malic acid,-1,0,3,-0.872081599,0.053854218,5,-0.657142857,0.156174927,6,-0.73260071,0.002882056,14,3,TRUE,-,-1,0.037203596
Cyclooctylamine,Methylthiouracil,,,0,-0.615587011,0.26899777,5,-1,0,6,-0.759671407,0.002588258,13,2,TRUE,-,-1,0.03575875
Cyclooctylamine,Trimethylolpropane,,,0,0.866025404,0.333333333,3,0.872081599,0.053854218,5,0.856547709,0.003190334,9,2,TRUE,+,1,0.039717454
"Cytosine, N-(tert-butyldimethylsilyl)-","Dodecanoic acid, 1-methylethyl ester",0.866025404,0.333333333,3,1,1.40E-24,5,1,0,6,0.990055853,1.37E-11,14,3,TRUE,+,1,5.28E-08
"Cytosine, N-(tert-butyldimethylsilyl)-","D-Streptamine, O-6-amino-6-deoxy-alpha-D-glucopyranosyl-(1-4)-O-(3-deoxy-4-C-methyl-3-(methylamino)-beta-L-arabinopyranosyl-(1-6))-2-deoxy-",0.866025404,0.333333333,3,1,0,4,0.753702346,0.083523281,6,0.926695216,5.29E-06,13,3,TRUE,+,1,0.00092038
"Cytosine, N-(tert-butyldimethylsilyl)-",Frangulin,0.866025404,0.333333333,3,1,0,4,0.948683298,0.051316702,4,0.951947573,6.38E-06,11,3,TRUE,+,1,0.000949254
"Cytosine, N-(tert-butyldimethylsilyl)-",Glycerol,0.5,0.666666667,3,0.9,0.037386073,5,0.771428571,0.072396501,6,0.730600466,0.002999474,14,3,TRUE,+,1,0.038257685
"Cytosine, N-(tert-butyldimethylsilyl)-",Hexacosanoic acid,,,0,1,0,4,0.461690258,0.433766156,5,0.88991762,0.0002428,11,2,TRUE,+,1,0.009071556
"Cytosine, N-(tert-butyldimethylsilyl)-",Isopropyl palmitate,0.5,0.666666667,3,1,1.40E-24,5,0.985610761,0.000309086,6,0.980067046,8.68E-10,14,3,TRUE,+,1,2.24E-06
"Cytosine, N-(tert-butyldimethylsilyl)-",L-Glutamine,0.866025404,0.333333333,3,1,1.40E-24,5,0.753702346,0.083523281,6,0.90586988,8.18E-06,14,3,TRUE,+,1,0.001138937
"Cytosine, N-(tert-butyldimethylsilyl)-","l-Norvaline, n-propargyloxycarbonyl-, isohexyl ester",,,0,-0.8,0.2,4,-0.8,0.104088039,5,-0.869304927,0.001086985,10,2,TRUE,-,-1,0.021445771
"Cytosine, N-(tert-butyldimethylsilyl)-",L-Tryptophan,1,0,3,1,1.40E-24,5,0.657142857,0.156174927,6,0.899115292,1.22E-05,14,3,TRUE,+,1,0.001498709
"Cytosine, N-(tert-butyldimethylsilyl)-",N-Caffeoyl-O-methyltyramine,,,0,0.9,0.037386073,5,0.31887407,0.53790056,6,0.78031755,0.00274933,12,2,TRUE,+,1,0.036648788
"Cytosine, N-(tert-butyldimethylsilyl)-",N-Methyl-1-[(trimethylsilyl)oxy]-1-{4-[(trimethylsilyl)oxy]phenyl}propan-2-amine,0.866025404,0.333333333,3,1,0,4,0.8,0.2,4,0.908685272,0.000107665,11,3,TRUE,+,1,0.005502113
"Cytosine, N-(tert-butyldimethylsilyl)-",Suberic acid,,,0,0.8,0.104088039,5,0.6,0.208,6,0.800000761,0.00102481,13,2,TRUE,+,1,0.020375007
"Cytosine, N-(tert-butyldimethylsilyl)-",Triethyl citrate,,,3,1,1.40E-24,5,0.8,0.2,4,0.918733651,2.43E-05,12,2,TRUE,+,1,0.002294272
"Cytosine, N-(tert-butyldimethylsilyl)-",Yangonin,0.866025404,0.333333333,3,1,0,4,0.81167945,0.049857585,6,0.760387812,0.002549933,13,3,TRUE,+,1,0.035638594
Diacetyl monoxime,Propylene glycol,0.866025404,0.333333333,3,0.8,0.2,4,0.637748139,0.17307111,6,0.857143682,0.000180929,13,3,TRUE,+,1,0.007799738
Diacetyl monoxime,Vanillylmandelic acid,,,0,1,1.40E-24,5,0.8,0.104088039,5,0.851067761,0.00179113,10,2,TRUE,+,1,0.028919832
Diethylamine,N-Methyl-1-[(trimethylsilyl)oxy]-1-{4-[(trimethylsilyl)oxy]phenyl}propan-2-amine,1,0,3,0.8,0.2,4,0.8,0.2,4,0.833715147,0.001427296,11,3,TRUE,+,1,0.025202531
Diethylamine,Trimethylolpropane,,,0,1,0,3,0.974679434,0.00481823,5,0.860767156,0.002886237,9,2,TRUE,+,1,0.037203596
DL-Glyceraldehyde,Norephedrine,0.866025404,0.333333333,3,0.866025404,0.333333333,3,1,0,3,0.893819357,0.001156085,9,3,TRUE,+,1,0.022076939
DL-p-Hydroxyphenyllactic acid,Isopropylamine,-0.5,0.666666667,3,-0.8,0.2,4,-0.359092423,0.552814747,5,-0.794377325,0.00202613,12,3,TRUE,-,-1,0.030968558
DL-p-Hydroxyphenyllactic acid,L-Tyrosine,0.5,0.666666667,3,1,0,3,0.948683298,0.051316702,4,0.816012348,0.003989144,10,3,TRUE,+,1,0.044497302
DL-p-Hydroxyphenyllactic acid,N-Acetyl-L-alanine,1,0,3,0.632455532,0.367544468,4,0.974679434,0.00481823,5,0.818667047,0.001128913,12,3,TRUE,+,1,0.021880083
DL-p-Hydroxyphenyllactic acid,Pentanedioic acid,0.5,0.666666667,3,0.5,0.666666667,3,0.631578947,0.253080425,5,0.8054941,0.002767377,11,3,TRUE,+,1,0.036648788
DL-p-Hydroxyphenyllactic acid,Suberic acid,,,0,0.4,0.6,4,0.974679434,0.00481823,5,0.808219178,0.00260807,11,2,TRUE,+,1,0.035886347
DL-p-Hydroxyphenyllactic acid,Triethyl citrate,,,3,0.8,0.2,4,1,0,3,0.852824936,0.001711895,10,2,TRUE,+,1,0.02810997
"Dodecanoic acid, 1-methylethyl ester","D-Streptamine, O-6-amino-6-deoxy-alpha-D-glucopyranosyl-(1-4)-O-(3-deoxy-4-C-methyl-3-(methylamino)-beta-L-arabinopyranosyl-(1-6))-2-deoxy-",1,0,3,1,0,4,0.753702346,0.083523281,6,0.925414365,5.81E-06,13,3,TRUE,+,1,0.00093593
"Dodecanoic acid, 1-methylethyl ester",Frangulin,1,0,3,1,0,4,0.948683298,0.051316702,4,0.933789954,2.63E-05,11,3,TRUE,+,1,0.002450244
"Dodecanoic acid, 1-methylethyl ester",Hexacosanoic acid,,,0,1,0,4,0.461690258,0.433766156,5,0.887624018,0.000265498,11,2,TRUE,+,1,0.009595137
"Dodecanoic acid, 1-methylethyl ester",Iminodiacetic acid,0.5,0.666666667,3,0.872081599,0.053854218,5,0.521793932,0.288343234,6,0.850503033,0.00011586,14,3,TRUE,+,1,0.005707378
"Dodecanoic acid, 1-methylethyl ester",Isopropyl palmitate,0.866025404,0.333333333,3,1,1.40E-24,5,0.985610761,0.000309086,6,0.976772302,2.16E-09,14,3,TRUE,+,1,2.79E-06
"Dodecanoic acid, 1-methylethyl ester",L-Glutamine,1,0,3,1,1.40E-24,5,0.753702346,0.083523281,6,0.938055393,7.13E-07,14,3,TRUE,+,1,0.000262627
"Dodecanoic acid, 1-methylethyl ester","l-Norvaline, n-propargyloxycarbonyl-, isohexyl ester",,,0,-0.8,0.2,4,-0.8,0.104088039,5,-0.835365854,0.002621643,10,2,TRUE,-,-1,0.035886347
"Dodecanoic acid, 1-methylethyl ester",L-Tryptophan,0.866025404,0.333333333,3,1,1.40E-24,5,0.657142857,0.156174927,6,0.861577291,7.49E-05,14,3,TRUE,+,1,0.00441033
"Dodecanoic acid, 1-methylethyl ester",N-Caffeoyl-O-methyltyramine,,,0,0.9,0.037386073,5,0.31887407,0.53790056,6,0.797892269,0.001870608,12,2,TRUE,+,1,0.02958544
"Dodecanoic acid, 1-methylethyl ester",N-Methyl-1-[(trimethylsilyl)oxy]-1-{4-[(trimethylsilyl)oxy]phenyl}propan-2-amine,0.5,0.666666667,3,1,0,4,0.8,0.2,4,0.894986499,0.000197881,11,3,TRUE,+,1,0.008172548
"Dodecanoic acid, 1-methylethyl ester",Suberic acid,,,0,0.8,0.104088039,5,0.6,0.208,6,0.830345617,0.000441161,13,2,TRUE,+,1,0.012452338
"Dodecanoic acid, 1-methylethyl ester",Triethyl citrate,,,3,1,1.40E-24,5,0.8,0.2,4,0.87986415,0.000160551,12,2,TRUE,+,1,0.007347341
"Dodecanoic acid, 1-methylethyl ester",Vanillylmandelic acid,,,0,1,1.40E-24,5,0.3,0.623837665,5,0.817073171,0.003903256,10,2,TRUE,+,1,0.044001784
"Dodecanoic acid, 1-methylethyl ester",Yangonin,1,0,3,1,0,4,0.81167945,0.049857585,6,0.760719953,0.002532315,13,3,TRUE,+,1,0.035544322
Dodecanoic acid,Phenoxyethanol,1,0,3,0.8,0.104088039,5,0.521793932,0.288343234,6,0.717296663,0.003879643,14,3,TRUE,+,1,0.043887419
"D-Streptamine, O-6-amino-6-deoxy-alpha-D-glucopyranosyl-(1-4)-O-(3-deoxy-4-C-methyl-3-(methylamino)-beta-L-arabinopyranosyl-(1-6))-2-deoxy-",Frangulin,1,0,3,1,0,3,0.948683298,0.051316702,4,0.924016426,0.000132953,10,3,TRUE,+,1,0.006426599
"D-Streptamine, O-6-amino-6-deoxy-alpha-D-glucopyranosyl-(1-4)-O-(3-deoxy-4-C-methyl-3-(methylamino)-beta-L-arabinopyranosyl-(1-6))-2-deoxy-",Hexacosanoic acid,,,0,1,0,3,0.461690258,0.433766156,5,0.840506615,0.002324404,10,2,TRUE,+,1,0.034025533
"D-Streptamine, O-6-amino-6-deoxy-alpha-D-glucopyranosyl-(1-4)-O-(3-deoxy-4-C-methyl-3-(methylamino)-beta-L-arabinopyranosyl-(1-6))-2-deoxy-",Iminodiacetic acid,0.5,0.666666667,3,0.948683298,0.051316702,4,0.794117647,0.059217891,6,0.889050692,4.80E-05,13,3,TRUE,+,1,0.003439229
"D-Streptamine, O-6-amino-6-deoxy-alpha-D-glucopyranosyl-(1-4)-O-(3-deoxy-4-C-methyl-3-(methylamino)-beta-L-arabinopyranosyl-(1-6))-2-deoxy-",Isopropyl palmitate,0.866025404,0.333333333,3,1,0,4,0.720588235,0.106199433,6,0.916901025,1.04E-05,13,3,TRUE,+,1,0.001334277
"D-Streptamine, O-6-amino-6-deoxy-alpha-D-glucopyranosyl-(1-4)-O-(3-deoxy-4-C-methyl-3-(methylamino)-beta-L-arabinopyranosyl-(1-6))-2-deoxy-",L-Glutamine,1,0,3,1,0,4,0.661764706,0.152257086,6,0.858729056,0.000170702,13,3,TRUE,+,1,0.00758739
"D-Streptamine, O-6-amino-6-deoxy-alpha-D-glucopyranosyl-(1-4)-O-(3-deoxy-4-C-methyl-3-(methylamino)-beta-L-arabinopyranosyl-(1-6))-2-deoxy-",N-Methyl-1-[(trimethylsilyl)oxy]-1-{4-[(trimethylsilyl)oxy]phenyl}propan-2-amine,0.5,0.666666667,3,1,0,4,0.632455532,0.367544468,4,0.824603506,0.00178946,11,3,TRUE,+,1,0.028919832
"D-Streptamine, O-6-amino-6-deoxy-alpha-D-glucopyranosyl-(1-4)-O-(3-deoxy-4-C-methyl-3-(methylamino)-beta-L-arabinopyranosyl-(1-6))-2-deoxy-",Suberic acid,,,0,0.8,0.2,4,0.81167945,0.049857585,6,0.811952045,0.001337813,12,2,TRUE,+,1,0.024174407
"D-Streptamine, O-6-amino-6-deoxy-alpha-D-glucopyranosyl-(1-4)-O-(3-deoxy-4-C-methyl-3-(methylamino)-beta-L-arabinopyranosyl-(1-6))-2-deoxy-",Triethyl citrate,,,3,1,0,4,0.316227766,0.683772234,4,0.89401871,0.000205924,11,2,TRUE,+,1,0.008172548
Durapan,"Hymexazole, tert-butyldimethylsilyl ether",,,0,0.9,0.037386073,5,0.942857143,0.004804665,6,0.907181776,4.63E-05,12,2,TRUE,+,1,0.003381571
Durapan,"Kojic acid, bis(tert-butyldimethylsilyl) ether",,,0,0.7,0.188120404,5,1,0,6,0.844134394,0.000554262,12,2,TRUE,+,1,0.014431119
Durapan,Methanesulfonic acid,,,0,0.9,0.037386073,5,0.942857143,0.004804665,6,0.979020979,3.09E-08,12,2,TRUE,+,1,1.84E-05
Durapan,Methylthiouracil,,,0,1,1.40E-24,5,0.942857143,0.004804665,6,0.949213365,2.44E-06,12,2,TRUE,+,1,0.00059038
Durapan,Pinosylvin,,,0,1,1.40E-24,5,0.942857143,0.004804665,6,0.970229159,1.75E-07,12,2,TRUE,+,1,7.97E-05
Formamide,Hexanoic acid,1,0,3,1,0,5,0.808823529,0.051329063,6,0.806820266,0.000487923,14,3,TRUE,+,1,0.013102767
Formamide,Isonicotinic Acid,0.5,0.666666667,3,0.820782682,0.088587005,5,0.838235294,0.037135215,6,0.736427224,0.002667548,14,3,TRUE,+,1,0.036194421
Formamide,Oxalic acid,0.866025404,0.333333333,3,0.702959492,0.185434894,5,0.647058824,0.164868716,6,0.707956374,0.004610164,14,3,TRUE,+,1,0.048208808
Frangulin,Glycerol,0.866025404,0.333333333,3,1,0,4,0.948683298,0.051316702,4,0.953957569,5.28E-06,11,3,TRUE,+,1,0.00092038
Frangulin,Hexacosanoic acid,,,0,1,0,4,0.833333333,0.166666667,4,0.877679945,0.000842855,10,2,TRUE,+,1,0.018259506
Frangulin,Isopropyl palmitate,0.866025404,0.333333333,3,1,0,4,1,0,4,0.951947573,6.38E-06,11,3,TRUE,+,1,0.000949254
Frangulin,L-Glutamine,1,0,3,1,0,4,0.737864787,0.262135213,4,0.876712329,0.000396344,11,3,TRUE,+,1,0.011655225
Frangulin,L-Tryptophan,0.866025404,0.333333333,3,1,0,4,0.632455532,0.367544468,4,0.924487546,4.69E-05,11,3,TRUE,+,1,0.00338757
Frangulin,N-Methyl-1-[(trimethylsilyl)oxy]-1-{4-[(trimethylsilyl)oxy]phenyl}propan-2-amine,0.5,0.666666667,3,1,0,3,0.866025404,0.333333333,3,0.895405327,0.001098526,9,3,TRUE,+,1,0.021508858
Glycerol,Hexacosanoic acid,,,0,1,0,4,0.820782682,0.088587005,5,0.82299068,0.001860105,11,2,TRUE,+,1,0.029540149
Glycerol,Norketamine,0.5,0.666666667,3,0.9,0.037386073,5,0.794461347,0.0590276,6,0.717952733,0.003831976,14,3,TRUE,+,1,0.043778727
Glycerol,Triethyl citrate,,,3,0.9,0.037386073,5,1,0,4,0.912967692,3.39E-05,12,2,TRUE,+,1,0.002762313
Glycine,"Glycine, tert.-butyldimethylsilyl ester",1,0,3,1,0,4,0.602941176,0.205184269,6,0.918286072,9.46E-06,13,3,TRUE,+,1,0.001255092
Glycine,L-Glutamine,1,0,3,0.8,0.2,4,0.426470588,0.399076748,6,0.750695401,0.003107478,13,3,TRUE,+,1,0.039014989
"Glycine, tert.-butyldimethylsilyl ester",L-Glutamine,1,0,3,0.666885929,0.218893981,5,0.029411765,0.955895074,6,0.771973153,0.001216697,14,3,TRUE,+,1,0.022784352
Glycolic acid,N-Ethylamphetamine,-1,0,3,-0.866025404,0.333333333,3,-0.602941176,0.205184269,6,-0.756183746,0.004430242,12,3,TRUE,-,-1,0.04778055
Glycolic acid,Oxalic acid,0.866025404,0.333333333,3,0.527046277,0.36145485,5,0.882352941,0.019947079,6,0.718370518,0.003801862,14,3,TRUE,+,1,0.043738779
Glycolic acid,"Phenol, 2,4-bis(1-methyl-1-phenylethyl)-",0.5,0.666666667,3,0.9,0.037386073,5,0.782690898,0.065703848,6,0.705299732,0.004836437,14,3,TRUE,+,1,0.049281951
Guanosine,N-Acetyl-L-alanine,,,0,-0.948683298,0.051316702,4,-0.8,0.2,4,-0.844537815,0.004175325,9,2,TRUE,-,-1,0.04586927
Heptanoic acid,Isopropylamine,-0.5,0.666666667,3,-0.974679434,0.00481823,5,-0.927633657,0.007665844,6,-0.917037643,3.93E-06,14,3,TRUE,-,-1,0.000844094
Heptanoic acid,Oxalic acid,0.866025404,0.333333333,3,0.45962736,0.436097434,5,0.867647059,0.025116718,6,0.740516752,0.002452442,14,3,TRUE,+,1,0.034994811
Heptanoic acid,Salsoline,0.5,0.666666667,3,0.631578947,0.253080425,5,0.210818511,0.789181489,4,0.753525798,0.00465428,12,3,TRUE,+,1,0.048447108
Heptylamine,Hexacosanoic acid,,,0,1,0,3,0.632455532,0.367544468,4,0.890243902,0.003039296,8,2,TRUE,+,1,0.038532543
Heptylamine,"Kojic acid, bis(tert-butyldimethylsilyl) ether",,,0,1,0,4,0.9,0.037386073,5,0.877679945,0.000842855,10,2,TRUE,+,1,0.018259506
Heptylamine,L-Tryptophan,,,0,1,0,4,0.7,0.188120404,5,0.835381384,0.002620706,10,2,TRUE,+,1,0.035886347
Heptylamine,N-Methyl-1-[(trimethylsilyl)oxy]-1-{4-[(trimethylsilyl)oxy]phenyl}propan-2-amine,,,0,1,0,4,1,0,3,0.915729116,0.001403174,8,2,TRUE,+,1,0.024890253
Heptylamine,Yangonin,,,0,1,0,4,0.666885929,0.218893981,5,0.914377364,0.000211834,10,2,TRUE,+,1,0.008358809
Hexacosanoic acid,Iminodiacetic acid,,,0,0.948683298,0.051316702,4,0.5,0.391002219,5,0.795404401,0.003420815,11,2,TRUE,+,1,0.041453882
Hexacosanoic acid,Isopropyl palmitate,,,0,1,0,4,0.552631579,0.334034711,5,0.908048376,0.000110981,11,2,TRUE,+,1,0.005502113
Hexacosanoic acid,L-Alanine,,,0,1,0,4,0.394736842,0.510781039,5,0.928738086,3.63E-05,11,2,TRUE,+,1,0.002841364
Hexacosanoic acid,L-Glutamine,,,0,1,0,4,0.461690258,0.433766156,5,0.894504824,0.000201853,11,2,TRUE,+,1,0.008172548
Hexacosanoic acid,L-Tryptophan,,,0,1,0,4,0.666885929,0.218893981,5,0.875864383,0.000408239,11,2,TRUE,+,1,0.011825182
Hexacosanoic acid,N-Caffeoyl-O-methyltyramine,,,0,0.8,0.2,4,0.5,0.391002219,5,0.880004166,0.000782878,10,2,TRUE,+,1,0.017704041
Hexacosanoic acid,Niacin,,,0,1,0,4,0.948683298,0.051316702,4,0.969343396,3.72E-06,10,2,TRUE,+,1,0.000822893
Hexacosanoic acid,N-Methyl-1-[(trimethylsilyl)oxy]-1-{4-[(trimethylsilyl)oxy]phenyl}propan-2-amine,,,0,1,0,3,1,0,3,0.922172222,0.001110817,8,2,TRUE,+,1,0.021639953
Hexacosanoic acid,Norketamine,,,0,1,0,4,0.947368421,0.014379534,5,0.953813167,5.36E-06,11,2,TRUE,+,1,0.00092038
Hexacosanoic acid,Triethyl citrate,,,0,1,0,4,1,0,3,0.96203388,3.38E-05,9,2,TRUE,+,1,0.002762313
Hexacosanoic acid,Yangonin,,,0,1,0,3,0.921052632,0.02631052,5,0.898148148,0.000415681,10,2,TRUE,+,1,0.01195121
Hexanoic acid,Isonicotinic Acid,0.5,0.666666667,3,0.820782682,0.088587005,5,0.764705882,0.076531651,6,0.707490269,0.004649252,14,3,TRUE,+,1,0.048447108
Hexanoic acid,Pentanoic acid,0.5,0.666666667,3,0.921052632,0.02631052,5,0.753702346,0.083523281,6,0.735516606,0.002717414,14,3,TRUE,+,1,0.036492729
"Hymexazole, tert-butyldimethylsilyl ether",Isobutanol,-0.5,0.666666667,3,-0.632455532,0.367544468,4,-0.885714286,0.018845481,6,-0.845518046,0.000271765,13,3,TRUE,-,-1,0.009685858
"Hymexazole, tert-butyldimethylsilyl ether",Ketamine,0.5,0.666666667,3,0.7,0.188120404,5,0.637748139,0.17307111,6,0.736445398,0.002666561,14,3,TRUE,+,1,0.036194421
"Hymexazole, tert-butyldimethylsilyl ether","Kojic acid, bis(tert-butyldimethylsilyl) ether",1,0,3,0.9,0.037386073,5,0.942857143,0.004804665,6,0.859030837,8.30E-05,14,3,TRUE,+,1,0.004620448
"Hymexazole, tert-butyldimethylsilyl ether",Methanesulfonic acid,,,0,1,1.40E-24,5,0.828571429,0.041562682,6,0.896837162,3.27E-05,13,2,TRUE,+,1,0.002732561
"Hymexazole, tert-butyldimethylsilyl ether",Methylthiouracil,,,0,0.9,0.037386073,5,1,0,6,0.944903581,1.14E-06,13,2,TRUE,+,1,0.000383583
"Hymexazole, tert-butyldimethylsilyl ether",Phenoxyethanol,0.5,0.666666667,3,0.9,0.037386073,5,0.782690898,0.065703848,6,0.73730864,0.002619973,14,3,TRUE,+,1,0.035886347
"Hymexazole, tert-butyldimethylsilyl ether",Pinosylvin,,,0,0.9,0.037386073,5,0.885714286,0.018845481,6,0.866666667,0.000264186,12,2,TRUE,+,1,0.00959255
Hypoxanthine,Ketamine,1,0,3,0.7,0.188120404,5,0.550782484,0.257369332,6,0.710974354,0.004363262,14,3,TRUE,+,1,0.047262565
Hypoxanthine,"Propanoic acid, 3-[(tert-butyldimethylsilyl)oxy]-2-methyl-",0.5,0.666666667,3,0.8,0.2,4,0.666736691,0.148089799,6,0.735173113,0.004192318,13,3,TRUE,+,1,0.045990621
Iminodiacetic acid,Isopropyl palmitate,0.866025404,0.333333333,3,0.872081599,0.053854218,5,0.588235294,0.219417871,6,0.855716398,9.48E-05,14,3,TRUE,+,1,0.005124529
Iminodiacetic acid,L-Alanine,0.866025404,0.333333333,3,0.763157895,0.13333912,5,0.25,0.6328125,6,0.794902176,0.000679716,14,3,TRUE,+,1,0.01614341
Iminodiacetic acid,L-Glutamine,0.5,0.666666667,3,0.872081599,0.053854218,5,0.588235294,0.219417871,6,0.85460652,9.90E-05,14,3,TRUE,+,1,0.005242159
Iminodiacetic acid,N-Caffeoyl-O-methyltyramine,,,0,0.718184846,0.171795305,5,0.720588235,0.106199433,6,0.812400833,0.00132299,12,2,TRUE,+,1,0.024018786
Iminodiacetic acid,Niacin,0.5,0.666666667,3,0.615587011,0.26899777,5,0.526315789,0.362245481,5,0.766996931,0.002216794,13,3,TRUE,+,1,0.032907258
Iminodiacetic acid,Norketamine,0.866025404,0.333333333,3,0.872081599,0.053854218,5,0.343321825,0.505250913,6,0.835010244,0.000202079,14,3,TRUE,+,1,0.008172548
Iminodiacetic acid,Suberic acid,,,0,0.974679434,0.00481823,5,0.724713795,0.103242805,6,0.880899946,6.98E-05,13,2,TRUE,+,1,0.004216519
Iminodiacetic acid,Triethyl citrate,,,3,0.872081599,0.053854218,5,0.4,0.6,4,0.75177305,0.004806636,12,2,TRUE,+,1,0.049172647
Isobutanol,"Kojic acid, bis(tert-butyldimethylsilyl) ether",-0.5,0.666666667,3,-0.316227766,0.683772234,4,-0.771428571,0.072396501,6,-0.795862826,0.001137236,13,3,TRUE,-,-1,0.021880083
Isobutanol,Methanesulfonic acid,,,0,-0.632455532,0.367544468,4,-0.714285714,0.110787172,6,-0.757899402,0.004290027,12,2,TRUE,-,-1,0.046665356
Isobutanol,Methylthiouracil,,,0,-0.948683298,0.051316702,4,-0.885714286,0.018845481,6,-0.854131372,0.000404992,12,2,TRUE,-,-1,0.011786891
Isonicotinic Acid,Levulinic acid,0.866025404,0.333333333,3,0.974679434,0.00481823,5,0.701570685,0.120301018,6,0.724413574,0.003386695,14,3,TRUE,+,1,0.041453882
Isopropyl palmitate,L-Alanine,0.5,0.666666667,3,0.974679434,0.00481823,5,0.882352941,0.019947079,6,0.930233129,1.43E-06,14,3,TRUE,+,1,0.000442609
Isopropyl palmitate,L-Glutamine,0.866025404,0.333333333,3,1,1.40E-24,5,0.794117647,0.059217891,6,0.926829268,1.89E-06,14,3,TRUE,+,1,0.000534845
Isopropyl palmitate,L-Tryptophan,0.5,0.666666667,3,1,1.40E-24,5,0.608759587,0.199660189,6,0.900111542,1.15E-05,14,3,TRUE,+,1,0.001461615
Isopropyl palmitate,N-Caffeoyl-O-methyltyramine,,,0,0.9,0.037386073,5,0.426470588,0.399076748,6,0.843034821,0.000572973,12,2,TRUE,+,1,0.01467342
Isopropyl palmitate,Norketamine,0.5,0.666666667,3,1,1.40E-24,5,0.850841043,0.031713318,6,0.954352452,1.18E-07,14,3,TRUE,+,1,6.10E-05
Isopropyl palmitate,Suberic acid,,,0,0.8,0.104088039,5,0.579771036,0.227783957,6,0.82573325,0.000506508,13,2,TRUE,+,1,0.013464577
Isopropyl palmitate,Triethyl citrate,,,3,1,1.40E-24,5,0.8,0.2,4,0.874337653,0.000199104,12,2,TRUE,+,1,0.008172548
Isopropyl palmitate,Yangonin,0.866025404,0.333333333,3,1,0,4,0.823529412,0.043964991,6,0.80305209,0.000947655,13,3,TRUE,+,1,0.01925397
Isopropylamine,N-Acetyl-L-alanine,-0.5,0.666666667,3,-0.410391341,0.492535782,5,-0.371428571,0.468478134,6,-0.706077779,0.004769288,14,3,TRUE,-,-1,0.049116116
Isopropylamine,Oxalic acid,-0.866025404,0.333333333,3,-0.632455532,0.252215496,5,-0.840668002,0.036057573,6,-0.818486467,0.000344941,14,3,TRUE,-,-1,0.010978502
Ketamine,Malic acid,0.5,0.666666667,3,0.5,0.391002219,5,0.985610761,0.000309086,6,0.837222137,0.000187305,14,3,TRUE,+,1,0.007915957
Ketamine,Methylthiouracil,,,0,0.9,0.037386073,5,0.637748139,0.17307111,6,0.72817285,0.004767893,13,2,TRUE,+,1,0.049116116
Ketamine,Phenoxyethanol,1,0,3,0.6,0.28475698,5,0.882352941,0.019947079,6,0.734743252,0.002760337,14,3,TRUE,+,1,0.036648788
"Kojic acid, bis(tert-butyldimethylsilyl) ether",Methanesulfonic acid,,,0,0.9,0.037386073,5,0.942857143,0.004804665,6,0.896837162,3.27E-05,13,2,TRUE,+,1,0.002732561
"Kojic acid, bis(tert-butyldimethylsilyl) ether",Methylthiouracil,,,0,0.7,0.188120404,5,0.942857143,0.004804665,6,0.859504132,0.000165872,13,2,TRUE,+,1,0.00748163
"Kojic acid, bis(tert-butyldimethylsilyl) ether",Pinosylvin,,,0,0.7,0.188120404,5,0.942857143,0.004804665,6,0.775438596,0.00304139,12,2,TRUE,+,1,0.038532543
L-Alanine,N-Caffeoyl-O-methyltyramine,,,0,0.872081599,0.053854218,5,0.029411765,0.955895074,6,0.830985915,0.000811781,12,2,TRUE,+,1,0.017969212
L-Alanine,Niacin,0.866025404,0.333333333,3,0.974679434,0.00481823,5,0.368421053,0.541750906,5,0.900415799,2.71E-05,13,3,TRUE,+,1,0.002493
L-Alanine,Norketamine,1,0,3,0.974679434,0.00481823,5,0.761278828,0.0786796,6,0.908801598,6.81E-06,14,3,TRUE,+,1,0.000993389
L-Alanine,Suberic acid,,,0,0.666885929,0.218893981,5,0.463816829,0.354164298,6,0.726897243,0.004879019,13,2,TRUE,+,1,0.049585198
L-Alanine,Triethyl citrate,,,3,0.974679434,0.00481823,5,0.6,0.4,4,0.890464923,0.000103048,12,2,TRUE,+,1,0.005348789
L-Alanine,Vanillylmandelic acid,,,0,0.974679434,0.00481823,5,0.359092423,0.552814747,5,0.819575698,0.003705902,10,2,TRUE,+,1,0.043234395
Leucylglycine,Xylazine,,,0,-0.564288094,0.321723336,5,-0.657142857,0.156174927,6,-0.779571758,0.002792529,12,2,TRUE,-,-1,0.03668279
Levulinic acid,Suberic acid,,,0,0.974679434,0.00481823,5,0.470791909,0.345986478,6,0.762847747,0.002421682,13,2,TRUE,+,1,0.034993793
L-Glutamine,L-Tryptophan,0.866025404,0.333333333,3,1,1.40E-24,5,0.289885518,0.577351787,6,0.788013804,0.000815515,14,3,TRUE,+,1,0.017969212
L-Glutamine,N-Caffeoyl-O-methyltyramine,,,0,0.9,0.037386073,5,0.147058824,0.781001934,6,0.80565874,0.001559439,12,2,TRUE,+,1,0.026682969
L-Glutamine,N-Methyl-1-[(trimethylsilyl)oxy]-1-{4-[(trimethylsilyl)oxy]phenyl}propan-2-amine,0.5,0.666666667,3,1,0,4,0.948683298,0.051316702,4,0.926644502,4.13E-05,11,3,TRUE,+,1,0.003068892
L-Glutamine,Suberic acid,,,0,0.8,0.104088039,5,0.49280538,0.320632583,6,0.744128121,0.003535955,13,2,TRUE,+,1,0.042202279
L-Glutamine,Triethyl citrate,,,3,1,1.40E-24,5,0.737864787,0.262135213,4,0.780141844,0.002759461,12,2,TRUE,+,1,0.036648788
L-Glutamine,Yangonin,1,0,3,1,0,4,0.617647059,0.191341848,6,0.812760837,0.00073209,13,3,TRUE,+,1,0.016792041
"L-Histidine, N,1-bis(tert-butyldimethylsilyl)-",Propanoic acid,,,0,0.866025404,0.333333333,3,0.102597835,0.869597921,5,0.839669922,0.004627839,9,2,TRUE,+,1,0.048301898
Lignoceric acid,Myristic acid,1,0,3,0.7,0.188120404,5,0.507519219,0.304083495,6,0.78208156,0.000949134,14,3,TRUE,+,1,0.01925397
Lignoceric acid,Pipecolic acid,1,0,3,0.737864787,0.154618523,5,0.695725243,0.124789337,6,0.719337456,0.003732878,14,3,TRUE,+,1,0.043348461
Lignoceric acid,Suberic acid,,,0,0.9,0.037386073,5,0.695725243,0.124789337,6,0.856749311,0.000183547,13,2,TRUE,+,1,0.007799738
L-Leucine,L-Tryptophan,0.866025404,0.333333333,3,0.872081599,0.053854218,5,0.771428571,0.072396501,6,0.754171768,0.001831544,14,3,TRUE,+,1,0.029376841
"l-Norvaline, n-propargyloxycarbonyl-, isohexyl ester",L-Tryptophan,,,0,-0.8,0.2,4,-0.9,0.037386073,5,-0.837924407,0.002470484,10,2,TRUE,-,-1,0.035078956
"l-Norvaline, n-propargyloxycarbonyl-, isohexyl ester",Mevalonolactone,,,0,0.8,0.2,4,0.9,0.037386073,5,0.820672484,0.003621706,10,2,TRUE,+,1,0.042960539
"l-Norvaline, n-propargyloxycarbonyl-, isohexyl ester",Picolinic acid,,,0,0.774596669,0.225403331,4,0.820782682,0.088587005,5,0.810595312,0.004448969,10,2,TRUE,+,1,0.04778055
"l-Norvaline, n-propargyloxycarbonyl-, isohexyl ester",Xylazine,,,0,-1,0,4,-1,1.40E-24,5,-0.81651758,0.003948072,10,2,TRUE,-,-1,0.044252735
L-Tryptophan,N-Methyl-1-[(trimethylsilyl)oxy]-1-{4-[(trimethylsilyl)oxy]phenyl}propan-2-amine,0.866025404,0.333333333,3,1,0,4,0.6,0.4,4,0.936082818,2.25E-05,11,3,TRUE,+,1,0.002229427
L-Tryptophan,Triethyl citrate,,,3,1,1.40E-24,5,0.8,0.2,4,0.820605202,0.001073572,12,2,TRUE,+,1,0.021285535
L-Tryptophan,Yangonin,0.866025404,0.333333333,3,1,0,4,0.840668002,0.036057573,6,0.856947751,0.000182226,13,3,TRUE,+,1,0.007799738
L-Tyrosine,L-Valine,1,0,3,0.6,0.4,4,0.974679434,0.00481823,5,0.836879433,0.000686941,12,3,TRUE,+,1,0.016148322
L-Valine,"Propanoic acid, 3-[(tert-butyldimethylsilyl)oxy]-2-methyl-",1,0,3,1,0,4,0.927633657,0.007665844,6,0.836568307,0.000363777,13,3,TRUE,+,1,0.011121484
Malic acid,Thymol,1,0,3,1,0,4,0.410391341,0.492535782,5,0.752197998,0.004769357,12,3,TRUE,+,1,0.049116116
Malic acid,Uracil,1,0,3,0.615587011,0.26899777,5,0.927633657,0.007665844,6,0.866303102,6.14E-05,14,3,TRUE,+,1,0.003959601
Methanesulfonic acid,Methylthiouracil,,,0,0.9,0.037386073,5,0.828571429,0.041562682,6,0.932600607,3.37E-06,13,2,TRUE,+,1,0.000788828
Methanesulfonic acid,Phenoxyethanol,,,0,0.9,0.037386073,5,0.753702346,0.083523281,6,0.765843126,0.002272358,13,2,TRUE,+,1,0.033411443
Methanesulfonic acid,Pinosylvin,,,0,0.9,0.037386073,5,0.885714286,0.018845481,6,0.938705468,6.14E-06,12,2,TRUE,+,1,0.000949254
Methanesulfonic acid,Xylazine,,,0,0.974679434,0.00481823,5,0.771428571,0.072396501,6,0.761799159,0.002475722,13,2,TRUE,+,1,0.035078956
Methylthiouracil,Phenoxyethanol,,,0,0.7,0.188120404,5,0.782690898,0.065703848,6,0.768276593,0.002156412,13,2,TRUE,+,1,0.032196317
Methylthiouracil,Pinosylvin,,,0,1,1.40E-24,5,0.885714286,0.018845481,6,0.901754386,6.10E-05,12,2,TRUE,+,1,0.003959601
Monocaproin,"N,N-Dimethyl-2-aminoethanol",1,0,3,0.8,0.2,4,0.5,0.666666667,3,0.815966276,0.003992905,10,3,TRUE,+,1,0.044497302
Myristic acid,Pipecolic acid,1,0,3,0.948683298,0.013846833,5,0.735612358,0.095610781,6,0.93466281,9.75E-07,14,3,TRUE,+,1,0.000342641
Myristic acid,Suberic acid,,,0,0.5,0.391002219,5,0.735612358,0.095610781,6,0.798070494,0.001076111,13,2,TRUE,+,1,0.021285535
N-Acetyl-L-alanine,Suberic acid,,,0,0.666885929,0.218893981,5,0.828571429,0.041562682,6,0.750345541,0.003129234,13,2,TRUE,+,1,0.039097731
"Naringenin 4',7-dimethylether",Trimethylolpropane,,,0,1,0,3,0.948683298,0.051316702,4,0.945454545,0.001295807,7,2,TRUE,+,1,0.023804681
N-Caffeoyl-O-methyltyramine,Niacin,,,0,0.8,0.104088039,5,0.131578947,0.832953157,5,0.823394495,0.001842225,11,2,TRUE,+,1,0.029376841
N-Caffeoyl-O-methyltyramine,N-Methyl-1-[(trimethylsilyl)oxy]-1-{4-[(trimethylsilyl)oxy]phenyl}propan-2-amine,,,0,0.8,0.2,4,0.8,0.2,4,0.85,0.003704777,9,2,TRUE,+,1,0.043234395
N-Caffeoyl-O-methyltyramine,Norketamine,,,0,0.9,0.037386073,5,0.343321825,0.505250913,6,0.795057967,0.001995269,12,2,TRUE,+,1,0.030756441
Niacin,Norketamine,0.866025404,0.333333333,3,0.9,0.037386073,5,0.710526316,0.178618919,5,0.904307412,2.19E-05,13,3,TRUE,+,1,0.002203823
Niacin,"Propanoic acid, dimethyl(isopropyl)silyl ester",,,0,0.9,0.037386073,5,0.820782682,0.088587005,5,0.789962573,0.003817388,11,2,TRUE,+,1,0.043738779
Niacin,Triethyl citrate,,,3,0.9,0.037386073,5,1,0,3,0.862421616,0.000635434,11,2,TRUE,+,1,0.015430434
Niacin,Vanillylmandelic acid,,,0,0.9,0.037386073,5,0.6,0.4,4,0.861344538,0.002846243,9,2,TRUE,+,1,0.037203596
N-Methyl-1-[(trimethylsilyl)oxy]-1-{4-[(trimethylsilyl)oxy]phenyl}propan-2-amine,Propylene glycol,0.5,0.666666667,3,0.8,0.2,4,0.632455532,0.367544468,4,0.791780671,0.0036813,11,3,TRUE,+,1,0.043234395
N-Methyl-1-[(trimethylsilyl)oxy]-1-{4-[(trimethylsilyl)oxy]phenyl}propan-2-amine,Suberic acid,,,0,0.8,0.2,4,0.8,0.2,4,0.814593429,0.004106132,10,2,TRUE,+,1,0.04530217
N-Methyl-1-[(trimethylsilyl)oxy]-1-{4-[(trimethylsilyl)oxy]phenyl}propan-2-amine,Tetrahydro-solasodine triacetate,0.866025404,0.333333333,3,0.8,0.2,4,0.8,0.2,4,0.780830058,0.004558029,11,3,TRUE,+,1,0.048027375
N-Methyl-1-[(trimethylsilyl)oxy]-1-{4-[(trimethylsilyl)oxy]phenyl}propan-2-amine,Yangonin,0.5,0.666666667,3,1,0,4,0.948683298,0.051316702,4,0.883316009,0.000312452,11,3,TRUE,+,1,0.010378361
Norketamine,Triethyl citrate,,,3,1,1.40E-24,5,0.894427191,0.105572809,4,0.889685349,0.000106622,12,2,TRUE,+,1,0.005497454
Octacosanol,Phenoxyethanol,,,0,-0.5,0.666666667,3,-1,0,4,-0.873493976,0.004593358,8,2,TRUE,-,-1,0.048136903
Phenol,"Propanoic acid, 3-[(tert-butyldimethylsilyl)oxy]-2-methyl-",-1,0,3,-0.4,0.6,4,-0.615587011,0.26899777,5,-0.769772718,0.003409541,12,3,TRUE,-,-1,0.041453882
Phenol,Uracil,-1,0,3,-0.410391341,0.492535782,5,-0.9,0.037386073,5,-0.766577511,0.002236868,13,3,TRUE,-,-1,0.033078274
Phenoxyethanol,Pinosylvin,,,0,0.7,0.188120404,5,0.608759587,0.199660189,6,0.755712942,0.004469318,12,2,TRUE,+,1,0.04778055
Pipecolic acid,Suberic acid,,,0,0.579750904,0.305574919,5,1,0,6,0.781770939,0.001594495,13,2,TRUE,+,1,0.027102916
Pipecolic acid,Supraene,,,0,0.316227766,0.683772234,4,0.8,0.104088039,5,0.821926377,0.001907852,11,2,TRUE,+,1,0.030051579
"Propanoic acid, 3-[(tert-butyldimethylsilyl)oxy]-2-methyl-",Uracil,1,0,3,0.948683298,0.051316702,4,0.088235294,0.867990535,6,0.730291155,0.004587671,13,3,TRUE,+,1,0.048136903
"Propanoic acid, dimethyl(isopropyl)silyl ester",Vanillylmandelic acid,,,0,1,1.40E-24,5,0.5,0.391002219,5,0.847560976,0.001957146,10,2,TRUE,+,1,0.030488173
Propanoic acid,Synephrine,,,0,1,0,3,0.666885929,0.218893981,5,0.895405327,0.001098526,9,2,TRUE,+,1,0.021508858
Stearic acid,Triethyl citrate,,,3,0.9,0.037386073,5,0.5,0.666666667,3,0.891975235,0.000223721,11,2,TRUE,+,1,0.008608243
Tetrahydro-solasodine triacetate,Yangonin,0.866025404,0.333333333,3,0.8,0.2,4,0.666736691,0.148089799,6,0.814661913,0.000694834,13,3,TRUE,+,1,0.016235173