ID,3297,3679,3681
ENSMUSG00000027374-P,6.649287211316158,6.559474122283782,6.6174685627395045
ENSMUSG00000042626-P,4.847138132682166,5.03847880351046,5.709962718837696
ENSMUSG00000055681-P,7.6876608556954285,7.846269615260247,7.437713922998197
ENSMUSG00000028412-P,6.342392431618777,6.488108530361115,4.923132308808885
ENSMUSG00000054484-P,4.999484889422392,5.254586462582506,4.1295756828041315
ENSMUSG00000024425-P,9.724923307080068,10.083702297772543,9.520601257603044
ENSMUSG00000032216-P,10.53440873619768,9.786851520330211,9.942335790465384
ENSMUSG00000025979-P,7.570896812323954,7.504367489962307,7.075341491119768
ENSMUSG00000051343-P,5.263034636753109,6.360712035010066,5.304083292016831
ENSMUSG00000035443-P,7.915452845223526,8.469843004370246,8.653154603177404
ENSMUSG00000028991-P,6.16039032864299,6.463513340827871,6.180215210348189
ENSMUSG00000036948-P,5.61723153645693,6.278499046512376,6.534285623980695
ENSMUSG00000033900-P,7.060727042973199,6.7029596052207445,5.942819859974084
ENSMUSG00000041936-P,3.896410477907952,5.1035962704463325,5.807659781039243
ENSMUSG00000034584-P,1.6494513886902091,0.0,3.0591668457024253
ENSMUSG00000068921-P,6.001030361990174,6.176259726847314,6.446011476171514
ENSMUSG00000049670-P,5.263034636753109,5.608734042719881,4.5238588630139445
ENSMUSG00000044224-P,5.648301312529237,5.071404898451995,5.807659781039243
ENSMUSG00000030216-P,7.264965529527214,6.400125900474279,6.562549541177046
ENSMUSG00000071072-P,7.587022258759978,7.127635657207253,7.3267379546406755
ENSMUSG00000021243-P,6.915043026500959,6.033172581451193,6.818357173451681
ENSMUSG00000016495-P,4.950468643575782,4.784197321922532,2.7007023697212773
ENSMUSG00000026803-P,5.553009586529424,4.61585078838867,7.188484979036001
ENSMUSG00000036188-P,5.0927875684481885,5.630992092682936,5.759638078590581
ENSMUSG00000068284-P,6.46960716842231,4.425232634826587,6.696115676779869
ENSMUSG00000033237-P,5.48579504648697,6.278499046512376,5.807659781039243
ENSMUSG00000063894-P,4.483585706841648,4.702478185292994,4.1295756828041315
ENSMUSG00000027536-P,2.8897518575227275,3.629979818096817,3.346054709805881
ENSMUSG00000069727-P,1.6494513886902091,0.0,0.0
ENSMUSG00000042118-P,3.0840644739229504,2.657829414999577,1.5027011960393286
ENSMUSG00000094002-P,0.0,3.336894247939065,2.222636313675174
ENSMUSG00000039253-P,7.55458908751013,6.7545569739422415,5.759638078590581
ENSMUSG00000031916-P,6.2028656845377625,6.713427764125837,6.6174685627395045
ENSMUSG00000025477-P,6.452106128462053,7.318010957827736,6.670373422567839
ENSMUSG00000036371-P,9.577353529069862,9.396514531352729,9.328236753847111
ENSMUSG00000094595-P,2.39897591795433,3.224285379172325,2.7007023697212773
ENSMUSG00000041126-P,7.6876608556954285,7.592072132597041,7.582764427074931
ENSMUSG00000034064-P,6.724104754717817,6.333824915094227,7.114050326400051
ENSMUSG00000004591-P,7.03744521454185,5.310819205510419,6.841609948557689
ENSMUSG00000035295-P,1.6494513886902091,0.0,1.5027011960393286
ENSMUSG00000085558-P,3.408323889312746,3.4413463201392127,0.0
ENSMUSG00000057421-P,6.679681392755137,6.996628202954312,6.105341362990655
ENSMUSG00000022781-P,7.724572555792015,6.814132502124791,7.241894336955154
ENSMUSG00000030060-P,4.792558148668228,5.03847880351046,3.0591668457024253
ENSMUSG00000015112-P,5.794341827244804,5.77786612320858,3.9699169413802817
ENSMUSG00000042426-P,5.302632627565788,5.630992092682936,6.90920076698151
ENSMUSG00000027642-P,8.145182735377077,8.400274333759736,8.62662706262652
ENSMUSG00000105382-P,1.6494513886902091,0.0,0.0
ENSMUSG00000024081-P,6.52087143124184,5.92923456596663,5.807659781039243
ENSMUSG00000079442-P,5.263034636753109,4.475299840719172,6.534285623980695
ENSMUSG00000003184-P,5.678716054143025,5.797678758697136,6.180215210348189
ENSMUSG00000005469-P,8.295040999074013,8.153551926164567,8.486138844237347
ENSMUSG00000030094-P,5.0927875684481885,5.516100181801795,3.790364895494528
ENSMUSG00000024941-P,6.795232840243815,6.713427764125837,6.670373422567839
ENSMUSG00000049295-P,6.767200998519294,6.582499145861972,7.015258342988247
ENSMUSG00000049097-P,2.0723510249441515,4.898702315377067,2.7007023697212773
ENSMUSG00000070348-P,5.821856196791921,5.196072694862246,5.432148998233806
ENSMUSG00000046711-P,1.6494513886902091,3.629979818096817,2.7007023697212773
ENSMUSG00000034647-P,7.876622421002791,7.055412840494967,7.800130257822275
ENSMUSG00000002319-P,6.554062779302044,5.892855172574217,7.259266925501492
ENSMUSG00000020108-P,7.371210579117124,7.087959016803207,7.582764427074931
ENSMUSG00000026273-P,4.999484889422392,5.310819205510419,5.492156600525017
ENSMUSG00000022246-P,6.024902425772767,6.09852463741221,6.590270361239926
ENSMUSG00000020308-P,6.361267292313497,6.049790217945685,6.384010976764559
ENSMUSG00000050910-P,6.138674301186425,5.892855172574217,6.476040344958531
ENSMUSG00000061533-P,4.089885726687541,3.8734604635124894,4.404017924202715
ENSMUSG00000102840-P,0.0,0.8145010275868445,0.0
ENSMUSG00000058756-P,8.513265374100689,9.441286663087814,8.954506085921004
ENSMUSG00000004698-P,3.99638896868576,4.934936396407269,4.634503922927148
ENSMUSG00000033948-P,2.8897518575227275,3.102137027638073,5.1635320886888865
ENSMUSG00000028655-P,3.99638896868576,3.4413463201392127,4.1295756828041315
ENSMUSG00000106032-P,0.0,3.4413463201392127,0.0
ENSMUSG00000086610-P,1.6494513886902091,0.0,0.0
ENSMUSG00000026309-P,6.503984938378927,6.582499145861972,7.739526994593012
ENSMUSG00000021903-P,1.6494513886902091,2.2610640585492225,3.0591668457024253
ENSMUSG00000037262-P,4.483585706841648,3.796776971595652,4.833189525298334
ENSMUSG00000026603-P,5.046890362083916,4.934936396407269,5.369536702021671
ENSMUSG00000005514-P,7.829958493959349,7.580681689096884,8.155970856670164
ENSMUSG00000033808-P,5.678716054143025,5.9470859399840466,3.346054709805881
ENSMUSG00000015461-P,7.083639114596372,7.423789932545684,8.040142177055912
ENSMUSG00000045128-P,7.398878267576934,8.250184293842006,7.957411193872378
ENSMUSG00000047146-P,1.0486348977274242,2.0124825509743043,4.73726435659949
ENSMUSG00000070705-P,1.6494513886902091,4.743916282379703,3.5852470377747543
ENSMUSG00000040795-P,4.847138132682166,3.796776971595652,4.833189525298334
ENSMUSG00000031511-P,5.848855631104863,5.92923456596663,6.285708641057265
ENSMUSG00000024805-P,4.6767834369679475,4.263677074451982,3.5852470377747543
ENSMUSG00000029198-P,5.48579504648697,6.488108530361115,6.446011476171514
ENSMUSG00000032482-P,6.46960716842231,7.827117544260554,7.540759703886477
ENSMUSG00000021288-P,7.333475084339002,8.58832873102511,8.24586208490234
ENSMUSG00000024151-P,5.302632627565788,5.757777606265661,5.369536702021671
ENSMUSG00000023243-P,2.6651330491191443,3.796776971595652,0.0
ENSMUSG00000030591-P,8.563027587280018,8.390522361104257,8.837937656047464
ENSMUSG00000052751-P,5.821856196791921,5.817222987711869,6.818357173451681
ENSMUSG00000020389-P,2.0723510249441515,3.946272894914797,0.0
ENSMUSG00000028959-P,6.22364343003531,6.8525252319022965,7.094825729073938
ENSMUSG00000025474-P,3.896410477907952,4.743916282379703,4.273312842081705
ENSMUSG00000064370-P,15.644714221116692,15.049095289104311,14.482057272708278
ENSMUSG00000005580-P,4.847138132682166,5.44249993647718,5.709962718837696
ENSMUSG00000030663-P,7.487449833709277,7.0051740850966215,6.931045194837544
ENSMUSG00000035941-P,5.976756635080908,5.652911954125206,5.854134386531398
ENSMUSG00000036501-P,5.341172734347689,4.784197321922532,4.833189525298334
ENSMUSG00000033411-P,5.341172734347689,5.1035962704463325,4.73726435659949
ENSMUSG00000035934-P,5.61723153645693,5.3912607196186,5.9851986083318645
ENSMUSG00000003344-P,6.22364343003531,6.500250653665733,6.384010976764559
ENSMUSG00000037608-P,7.870047844981823,7.211263572795288,7.858290058610308
ENSMUSG00000026333-P,4.6767834369679475,3.946272894914797,2.222636313675174
ENSMUSG00000003527-P,4.899728298865276,2.9686820998227965,0.0
ENSMUSG00000058420-P,5.341172734347689,5.135084994723551,6.251394180755229
ENSMUSG00000019907-P,7.224305167758501,7.15860958304029,6.746261887040262
ENSMUSG00000025410-P,7.434961995910716,7.822289534940237,7.3101637077613075
ENSMUSG00000061718-P,11.461970730944756,10.676605195343436,10.79891702976931
ENSMUSG00000008690-P,5.952067496902614,6.220966586154782,6.026367935175742
ENSMUSG00000092417-P,4.735831830703193,5.3912607196186,4.634503922927148
ENSMUSG00000004895-P,3.2552851184922167,2.657829414999577,0.0
ENSMUSG00000025934-P,2.0723510249441515,1.7119658979366703,3.346054709805881
ENSMUSG00000028273-P,6.863018305838185,5.892855172574217,6.994661403874842
ENSMUSG00000026520-P,6.26432218570348,7.111895698609481,6.931045194837544
ENSMUSG00000024193-P,5.848855631104863,6.082462055839459,6.721406648104455
ENSMUSG00000083899-P,1.0486348977274242,2.4730436096981774,3.346054709805881
ENSMUSG00000030879-P,7.182465533521387,6.988031397017051,7.3267379546406755
ENSMUSG00000021585-P,6.902211666893816,5.911159535326275,6.446011476171514
ENSMUSG00000026623-P,8.385406620342179,8.409960829790561,8.619918255732903
ENSMUSG00000056215-P,3.0840644739229504,2.9686820998227965,3.346054709805881
ENSMUSG00000001964-P,6.503984938378927,6.488108530361115,6.285708641057265
ENSMUSG00000057367-P,5.553009586529424,4.205538357102999,5.235518623091081
ENSMUSG00000036613-P,6.244126177249473,5.9470859399840466,6.026367935175742
ENSMUSG00000045100-P,3.546674232801226,3.5387438725858185,5.807659781039243
ENSMUSG00000031010-P,5.952067496902614,3.224285379172325,3.790364895494528
ENSMUSG00000015839-P,7.504529832695035,7.262063327153102,7.3267379546406755
ENSMUSG00000038859-P,7.106192990825142,6.8430224083238524,7.7270947504077165
ENSMUSG00000044296-P,0.0,0.0,0.0
ENSMUSG00000032633-P,6.1166263933695815,6.512291437784244,6.216243625116345
ENSMUSG00000032724-P,1.0486348977274242,1.7119658979366703,0.0
ENSMUSG00000024235-P,1.0486348977274242,0.8145010275868445,0.0
ENSMUSG00000023236-P,7.294725999400352,7.88845421090264,7.206508687294172
ENSMUSG00000026483-P,2.8897518575227275,2.4730436096981774,5.369536702021671
ENSMUSG00000057738-P,8.735696473681083,9.013766659329628,9.101410085288563
ENSMUSG00000032301-P,6.965256809170339,6.7029596052207445,5.899158476113273
ENSMUSG00000010607-P,5.48579504648697,5.364942112134154,6.105341362990655
ENSMUSG00000030862-P,3.99638896868576,4.970282690265146,2.222636313675174
ENSMUSG00000035505-P,4.550900891626236,4.61585078838867,5.0077952890480475
ENSMUSG00000022283-P,8.889890923855583,7.404538145950366,8.471307260320456
ENSMUSG00000050989-P,5.450975782228282,5.3381344474936485,5.369536702021671
ENSMUSG00000014195-P,7.69511913404794,8.110636727393572,8.394772173544576
ENSMUSG00000036718-P,3.2552851184922167,2.821611910686548,3.5852470377747543
ENSMUSG00000028885-P,2.39897591795433,1.331922760884799,0.0
ENSMUSG00000021693-P,6.679681392755137,5.874315583411486,5.235518623091081
ENSMUSG00000062044-P,3.2552851184922167,5.0047836626811755,5.0077952890480475
ENSMUSG00000028441-P,6.87620142051344,6.8238268930628685,6.105341362990655
ENSMUSG00000005124-P,1.0486348977274242,2.4730436096981774,0.0
ENSMUSG00000043991-P,10.035168519822236,9.635442800853337,9.091745218639089
ENSMUSG00000086825-P,2.6651330491191443,0.0,0.0
ENSMUSG00000019080-P,2.6651330491191443,3.629979818096817,4.273312842081705
ENSMUSG00000018199-P,7.049133092741429,7.0136696431945404,7.3267379546406755
ENSMUSG00000041134-P,3.2552851184922167,0.0,0.0
ENSMUSG00000059495-P,8.713833496715239,7.737640388701531,8.659710968071114
ENSMUSG00000049624-P,6.001030361990174,4.081721851910303,5.304083292016831
ENSMUSG00000102142-P,0.0,0.0,0.0
ENSMUSG00000024170-P,4.1776902641883265,4.081721851910303,4.273312842081705
ENSMUSG00000030058-P,7.578982065309329,7.758009284307955,7.701904171203379
ENSMUSG00000062421-P,5.794341827244804,6.220966586154782,5.658515738115934
ENSMUSG00000050822-P,9.575334180069676,9.102061557292926,9.43528560857903
ENSMUSG00000014075-P,5.222319043311399,5.3381344474936485,5.0077952890480475
ENSMUSG00000023092-P,4.26045608645493,6.713427764125837,5.1635320886888865
ENSMUSG00000003099-P,7.940771060005036,7.410983995000423,7.188484979036001
ENSMUSG00000028772-P,6.679681392755137,7.173850690466011,6.534285623980695
ENSMUSG00000035133-P,7.795678140468588,7.038860214192802,7.596498553451084
ENSMUSG00000041012-P,7.03744521454185,5.964719124755172,6.143263963112935
ENSMUSG00000039275-P,5.046890362083916,5.1035962704463325,4.1295756828041315
ENSMUSG00000025060-P,8.299940866165397,7.404538145950366,7.663273882577094
ENSMUSG00000013858-P,6.452106128462053,6.373969992103485,6.931045194837544
ENSMUSG00000057722-P,6.679681392755137,5.225626213342285,5.0077952890480475
ENSMUSG00000020777-P,7.274954053957853,8.257356221473737,7.055590503182142
ENSMUSG00000024150-P,7.343001893784018,7.603373349660401,6.6174685627395045
ENSMUSG00000043467-P,3.99638896868576,3.4413463201392127,4.5238588630139445
ENSMUSG00000024921-P,9.224801271937444,8.296176920647865,8.922150698416532
ENSMUSG00000030016-P,6.694641682802472,5.892855172574217,6.864493881825761
ENSMUSG00000056531-P,2.0723510249441515,2.0124825509743043,0.0
ENSMUSG00000020102-P,2.0723510249441515,3.715787584620155,0.0
ENSMUSG00000050493-P,3.896410477907952,2.0124825509743043,2.222636313675174
ENSMUSG00000043059-P,5.0927875684481885,4.205538357102999,3.9699169413802817
ENSMUSG00000048200-P,3.672910418501158,4.523687636437971,5.0077952890480475
ENSMUSG00000024181-P,6.618238890275671,6.7443840735333245,7.568898297312642
ENSMUSG00000005510-P,6.46960716842231,6.861965871132166,6.384010976764559
ENSMUSG00000032615-P,5.302632627565788,5.196072694862246,5.5497675936882125
ENSMUSG00000035873-P,3.2552851184922167,0.0,2.222636313675174
ENSMUSG00000020496-P,7.672627621883631,8.51242876853057,8.263187245763405
ENSMUSG00000024687-P,6.024902425772767,5.92923456596663,2.7007023697212773
ENSMUSG00000030008-P,4.089885726687541,3.336894247939065,3.346054709805881
ENSMUSG00000021377-P,7.781734626868229,7.233254282811396,7.3267379546406755
ENSMUSG00000032641-P,2.6651330491191443,4.659814587745524,3.0591668457024253
ENSMUSG00000022711-P,4.483585706841648,3.5387438725858185,5.369536702021671
ENSMUSG00000038644-P,3.0840644739229504,2.9686820998227965,4.1295756828041315
ENSMUSG00000018322-P,6.1166263933695815,6.320191082139235,4.1295756828041315
ENSMUSG00000056054-P,1.0486348977274242,1.7119658979366703,2.222636313675174
ENSMUSG00000062937-P,5.519793718167039,5.196072694862246,5.759638078590581
ENSMUSG00000004040-P,7.452670969644029,7.580681689096884,7.359325924331508
ENSMUSG00000018372-P,2.8897518575227275,3.5387438725858185,0.0
ENSMUSG00000039804-P,5.263034636753109,5.165901090879312,5.492156600525017
ENSMUSG00000024740-P,9.771527435677031,9.749191528443072,9.256518582251532
ENSMUSG00000038836-P,3.546674232801226,3.946272894914797,1.5027011960393286
ENSMUSG00000006777-P,3.2552851184922167,3.796776971595652,3.0591668457024253
ENSMUSG00000017405-P,4.735831830703193,3.796776971595652,3.346054709805881
ENSMUSG00000064345-P,16.323392322905,13.882955575875789,14.787439238482884
ENSMUSG00000040158-P,0.0,2.657829414999577,0.0
ENSMUSG00000039883-P,12.277126535262376,13.458524735278518,11.880084996254428
ENSMUSG00000024253-P,5.976756635080908,5.586127205074772,5.658515738115934
ENSMUSG00000019897-P,6.486898448837102,5.892855172574217,6.746261887040262
ENSMUSG00000031451-P,10.907809399431498,10.267200458936298,10.940256695746411
ENSMUSG00000031751-P,8.840301603283292,8.518411115958388,8.970415673008883
ENSMUSG00000029623-P,8.182806020129519,7.592072132597041,7.596498553451084
ENSMUSG00000030691-P,4.999484889422392,5.282976793644549,4.1295756828041315
ENSMUSG00000036819-P,2.8897518575227275,3.946272894914797,4.1295756828041315
ENSMUSG00000024290-P,8.448547264873312,7.0221154664653636,7.946728102822389
ENSMUSG00000017548-P,6.398291963653688,5.539822206206257,6.143263963112935
ENSMUSG00000032555-P,2.0723510249441515,3.102137027638073,3.346054709805881
ENSMUSG00000029178-P,6.952866259588724,5.737405416211542,6.841609948557689
ENSMUSG00000035640-P,5.519793718167039,7.603373349660401,5.759638078590581
ENSMUSG00000024168-P,4.6767834369679475,4.015586386094761,4.5238588630139445
ENSMUSG00000001687-P,7.570896812323954,7.173850690466011,6.973766144050385
ENSMUSG00000041438-P,5.48579504648697,5.071404898451995,5.709962718837696
ENSMUSG00000029790-P,6.138674301186425,4.784197321922532,4.5238588630139445
ENSMUSG00000030703-P,0.0,2.2610640585492225,0.0
ENSMUSG00000008140-P,7.971806522244095,8.22113464472871,8.305611196433693
ENSMUSG00000035011-P,8.487725447140146,7.942847578082705,7.701904171203379
ENSMUSG00000001855-P,5.046890362083916,4.861534698839405,2.222636313675174
ENSMUSG00000028826-P,7.407984161376357,6.8991225230015125,7.133022111971869
ENSMUSG00000007892-P,9.534342031584144,10.1185801508964,10.593390028490909
ENSMUSG00000036499-P,7.496015109217998,5.491981569483636,6.384010976764559
ENSMUSG00000000305-P,1.0486348977274242,4.081721851910303,3.0591668457024253
ENSMUSG00000026341-P,6.398291963653688,5.92923456596663,6.696115676779869
ENSMUSG00000042010-P,7.284873897902415,7.135441704661555,8.165216246530045
ENSMUSG00000021431-P,6.0483859031686515,4.898702315377067,6.644163487368492
ENSMUSG00000042729-P,3.672910418501158,4.319563355021934,5.1635320886888865
ENSMUSG00000047264-P,4.735831830703193,5.46745288305082,5.369536702021671
ENSMUSG00000036478-P,3.546674232801226,3.5387438725858185,2.222636313675174
ENSMUSG00000032238-P,7.850142414452612,7.63675535317332,7.497495224004233
ENSMUSG00000039323-P,12.434402095105815,11.94762975187312,12.764490835987557
ENSMUSG00000030979-P,3.408323889312746,3.4413463201392127,0.0
ENSMUSG00000020608-P,8.008188722579717,6.90826406137652,6.476040344958531
ENSMUSG00000055150-P,2.0723510249441515,2.821611910686548,0.0
ENSMUSG00000022941-P,3.2552851184922167,0.0,0.0
ENSMUSG00000021244-P,7.3238849463674285,6.176259726847314,7.055590503182142
ENSMUSG00000022463-P,6.965256809170339,7.143205742823749,6.770696153912217
ENSMUSG00000023030-P,6.915043026500959,6.066218622323608,6.446011476171514
ENSMUSG00000026784-P,0.0,2.2610640585492225,0.0
ENSMUSG00000031027-P,3.672910418501158,3.4413463201392127,3.9699169413802817
ENSMUSG00000036641-P,6.0483859031686515,4.702478185292994,5.1635320886888865
ENSMUSG00000027690-P,2.0723510249441515,0.0,0.0
ENSMUSG00000072772-P,5.13726953135435,5.071404898451995,3.0591668457024253
ENSMUSG00000033487-P,6.694641682802472,5.9470859399840466,6.026367935175742
ENSMUSG00000029550-P,6.679681392755137,6.979383056748432,7.015258342988247
ENSMUSG00000096971-P,3.672910418501158,3.629979818096817,3.9699169413802817
ENSMUSG00000037664-P,9.24780571251052,8.671214540731578,9.027294247420256
ENSMUSG00000106718-P,3.546674232801226,2.0124825509743043,1.5027011960393286
ENSMUSG00000002455-P,7.672627621883631,7.57495256495596,7.075341491119768
ENSMUSG00000106365-P,2.0723510249441515,1.331922760884799,0.0
ENSMUSG00000087368-P,2.39897591795433,3.629979818096817,4.5238588630139445
ENSMUSG00000024335-P,9.06991410837631,8.883090324862666,9.001717990072775
ENSMUSG00000030782-P,4.847138132682166,4.205538357102999,5.1635320886888865
ENSMUSG00000051074-P,1.0486348977274242,1.7119658979366703,1.5027011960393286
ENSMUSG00000055447-P,8.366846971638067,8.118535042835736,8.13730041080556
ENSMUSG00000021025-P,9.06991410837631,8.441787347881439,7.676265916525544
ENSMUSG00000049739-P,4.1776902641883265,2.9686820998227965,4.634503922927148
ENSMUSG00000070858-P,6.1166263933695815,6.7029596052207445,5.658515738115934
ENSMUSG00000024491-P,6.989723158929618,6.582499145861972,6.505456903320894
ENSMUSG00000030079-P,4.4129752587859175,5.0047836626811755,5.5497675936882125
ENSMUSG00000055044-P,2.39897591795433,3.224285379172325,0.0
ENSMUSG00000091549-P,3.408323889312746,0.8145010275868445,0.0
ENSMUSG00000032372-P,4.847138132682166,4.659814587745524,5.235518623091081
ENSMUSG00000032009-P,7.274954053957853,6.360712035010066,7.375347962935621
ENSMUSG00000023967-P,6.2028656845377625,6.52423256029589,6.841609948557689
ENSMUSG00000028041-P,5.341172734347689,6.559474122283782,6.180215210348189
ENSMUSG00000031864-P,4.6767834369679475,5.165901090879312,4.1295756828041315
ENSMUSG00000005131-P,1.0486348977274242,0.0,0.0
ENSMUSG00000060512-P,4.6767834369679475,4.475299840719172,5.899158476113273
ENSMUSG00000030560-P,7.649779908173451,7.580681689096884,7.075341491119768
ENSMUSG00000053012-P,6.952866259588724,5.46745288305082,6.973766144050385
ENSMUSG00000043639-P,1.6494513886902091,2.821611910686548,0.0
ENSMUSG00000029291-P,5.648301312529237,7.385025978805493,6.505456903320894
ENSMUSG00000058492-P,0.0,0.0,0.0
ENSMUSG00000020080-P,2.0723510249441515,2.657829414999577,3.0591668457024253
ENSMUSG00000040701-P,3.672910418501158,2.4730436096981774,3.346054709805881
ENSMUSG00000041408-P,6.618238890275671,6.235566218317155,6.696115676779869
ENSMUSG00000026687-P,6.416453970866329,6.373969992103485,5.5497675936882125
ENSMUSG00000102687-P,2.39897591795433,2.0124825509743043,4.5238588630139445
ENSMUSG00000026029-P,5.046890362083916,4.823384168558622,4.923132308808885
ENSMUSG00000027706-P,10.297728816360967,9.915959135692518,9.73445511195562
ENSMUSG00000071180-P,6.586507652547867,5.695777156575738,6.644163487368492
ENSMUSG00000021254-P,4.1776902641883265,5.3912607196186,1.5027011960393286
ENSMUSG00000064294-P,4.338730241934797,3.715787584620155,1.5027011960393286
ENSMUSG00000022312-P,7.371210579117124,7.52234014975863,6.794723471516282
ENSMUSG00000019699-P,4.6767834369679475,6.387107220958335,4.404017924202715
ENSMUSG00000020477-P,6.181784319138248,6.80437252742435,6.696115676779869
ENSMUSG00000023341-P,0.0,0.0,0.0
ENSMUSG00000103657-P,2.0723510249441515,2.0124825509743043,0.0
ENSMUSG00000026896-P,4.950468643575782,4.743916282379703,3.9699169413802817
ENSMUSG00000020248-P,6.0483859031686515,5.491981569483636,4.634503922927148
ENSMUSG00000021482-P,5.648301312529237,5.196072694862246,3.790364895494528
ENSMUSG00000023249-P,5.450975782228282,5.03847880351046,5.235518623091081
ENSMUSG00000087640-P,1.0486348977274242,1.331922760884799,0.0
ENSMUSG00000072704-P,7.618742303540556,6.926375177863266,5.9851986083318645
ENSMUSG00000020135-P,3.408323889312746,5.310819205510419,3.9699169413802817
ENSMUSG00000031657-P,4.61521471622295,4.823384168558622,3.0591668457024253
ENSMUSG00000046947-P,3.7889841620889375,4.144957985997145,5.942819859974084
ENSMUSG00000034930-P,5.976756635080908,5.491981569483636,4.404017924202715
ENSMUSG00000022561-P,7.702539053671163,7.290308331235175,7.714554440999019
ENSMUSG00000097626-P,3.896410477907952,3.336894247939065,1.5027011960393286
ENSMUSG00000031583-P,4.847138132682166,4.015586386094761,5.1635320886888865
ENSMUSG00000044317-P,2.8897518575227275,3.336894247939065,0.0
ENSMUSG00000001441-P,8.684157734239852,7.504367489962307,7.988993866126806
ENSMUSG00000037742-P,7.739076802731938,7.54009166372187,6.562549541177046
ENSMUSG00000001054-P,5.585477889119275,5.586127205074772,6.066394959369792
ENSMUSG00000021886-P,2.0723510249441515,1.7119658979366703,0.0
ENSMUSG00000031157-P,6.649287211316158,6.638503567430414,7.133022111971869
ENSMUSG00000037326-P,5.302632627565788,5.225626213342285,5.658515738115934
ENSMUSG00000046351-P,6.323267352821728,6.016361302615454,6.721406648104455
ENSMUSG00000030605-P,9.98128209091648,9.843944031379742,10.140500829440851
ENSMUSG00000030108-P,3.2552851184922167,4.475299840719172,5.432148998233806
ENSMUSG00000042349-P,0.0,2.4730436096981774,1.5027011960393286
ENSMUSG00000037012-P,8.940972362091253,9.073903376386834,9.282239929648377
ENSMUSG00000040640-P,4.735831830703193,5.71674142656864,0.0
ENSMUSG00000039943-P,6.486898448837102,5.674503750290033,6.180215210348189
ENSMUSG00000056598-P,6.3038853325675115,5.71674142656864,6.319225858587806
ENSMUSG00000037736-P,6.649287211316158,5.999351815217811,6.285708641057265
ENSMUSG00000095677-P,0.0,1.331922760884799,0.0
ENSMUSG00000004098-P,1.6494513886902091,1.331922760884799,0.0
ENSMUSG00000100075-P,1.6494513886902091,1.331922760884799,0.0
ENSMUSG00000031918-P,5.585477889119275,5.817222987711869,4.73726435659949
ENSMUSG00000035152-P,7.304511277403748,6.220966586154782,7.075341491119768
ENSMUSG00000104339-P,2.6651330491191443,3.4413463201392127,3.5852470377747543
ENSMUSG00000038717-P,5.180420924640742,3.715787584620155,4.1295756828041315
ENSMUSG00000019464-P,1.6494513886902091,2.821611910686548,0.0
ENSMUSG00000038990-P,3.0840644739229504,4.702478185292994,3.790364895494528
ENSMUSG00000025437-P,6.537562555216269,6.373969992103485,6.105341362990655
ENSMUSG00000051224-P,0.0,1.331922760884799,0.0
ENSMUSG00000078485-P,0.0,2.2610640585492225,0.0
ENSMUSG00000021392-P,5.13726953135435,4.898702315377067,5.304083292016831
ENSMUSG00000021686-P,7.193039746417023,6.220966586154782,6.644163487368492
ENSMUSG00000044134-P,4.550900891626236,4.702478185292994,1.5027011960393286
ENSMUSG00000024975-P,7.380492223052712,6.6274752579859175,5.658515738115934
ENSMUSG00000002844-P,6.586507652547867,6.988031397017051,6.770696153912217
ENSMUSG00000029270-P,6.284239372822203,6.438491567432086,5.0077952890480475
ENSMUSG00000029684-P,7.434961995910716,6.6274752579859175,6.994661403874842
ENSMUSG00000017697-P,1.0486348977274242,0.0,0.0
ENSMUSG00000022812-P,8.240014654550583,7.510383288441547,7.946728102822389
ENSMUSG00000053749-P,0.0,2.2610640585492225,0.0
ENSMUSG00000025323-P,5.180420924640742,5.1035962704463325,4.73726435659949
ENSMUSG00000034863-P,5.046890362083916,4.823384168558622,6.026367935175742
ENSMUSG00000068762-P,2.6651330491191443,2.0124825509743043,1.5027011960393286
ENSMUSG00000068335-P,4.61521471622295,4.784197321922532,3.346054709805881
ENSMUSG00000021215-P,2.8897518575227275,3.629979818096817,0.0
ENSMUSG00000085197-P,1.6494513886902091,0.0,0.0
ENSMUSG00000091007-P,2.6651330491191443,2.657829414999577,0.0
ENSMUSG00000028133-P,3.2552851184922167,2.9686820998227965,0.0
ENSMUSG00000031112-P,4.550900891626236,3.336894247939065,3.346054709805881
ENSMUSG00000028700-P,8.224635922832288,8.157390740843416,7.935965313440477
ENSMUSG00000032018-P,6.138674301186425,6.066218622323608,6.066394959369792
ENSMUSG00000030304-P,7.642082882088339,6.7443840735333245,7.094825729073938
ENSMUSG00000054364-P,6.26432218570348,7.28329875264631,6.216243625116345
ENSMUSG00000029878-P,2.8897518575227275,4.205538357102999,1.5027011960393286
ENSMUSG00000057181-P,5.585477889119275,4.319563355021934,5.0877641140301835
ENSMUSG00000050321-P,2.6651330491191443,3.796776971595652,3.0591668457024253
ENSMUSG00000021957-P,8.95967104749037,8.320347971251493,8.905696759019948
ENSMUSG00000030265-P,7.224305167758501,6.681792624089655,6.841609948557689
ENSMUSG00000052566-P,4.792558148668228,3.796776971595652,3.0591668457024253
ENSMUSG00000030256-P,5.415295331931612,5.71674142656864,3.9699169413802817
ENSMUSG00000022361-P,7.213958463917803,5.539822206206257,6.105341362990655
ENSMUSG00000028383-P,6.554062779302044,6.871345134566232,6.670373422567839
ENSMUSG00000017221-P,8.193377746848023,8.08667897359014,8.378965585496072
ENSMUSG00000021481-P,4.26045608645493,4.523687636437971,3.0591668457024253
ENSMUSG00000020752-P,4.089885726687541,5.0047836626811755,5.0877641140301835
ENSMUSG00000041642-P,1.6494513886902091,3.715787584620155,0.0
ENSMUSG00000031147-P,3.672910418501158,2.9686820998227965,1.5027011960393286
ENSMUSG00000038084-P,6.1166263933695815,6.176259726847314,6.105341362990655
ENSMUSG00000066113-P,6.649287211316158,6.6051624614810605,7.151747648744467
ENSMUSG00000051043-P,6.679681392755137,7.07989104656312,6.216243625116345
ENSMUSG00000042797-P,5.875359050792234,5.77786612320858,4.634503922927148
ENSMUSG00000028030-P,4.483585706841648,4.970282690265146,4.273312842081705
ENSMUSG00000028484-P,7.602969456622795,6.72382051317692,6.590270361239926
ENSMUSG00000045817-P,2.39897591795433,0.8145010275868445,4.5238588630139445
ENSMUSG00000031808-P,6.46960716842231,6.512291437784244,7.035565359850299
ENSMUSG00000021676-P,7.702539053671163,5.982139389596693,6.105341362990655
ENSMUSG00000027523-P,11.623617874915222,11.366585459171906,10.6053266499142
ENSMUSG00000037716-P,3.0840644739229504,3.5387438725858185,2.222636313675174
ENSMUSG00000070319-P,6.94036837154877,7.15860958304029,7.259266925501492
ENSMUSG00000024472-P,5.794341827244804,4.823384168558622,5.899158476113273
ENSMUSG00000007476-P,7.117339071714915,7.218631116745104,6.351982039129281
ENSMUSG00000041308-P,7.578982065309329,5.364942112134154,7.293396834315661
ENSMUSG00000033436-P,7.343001893784018,8.054103578975456,7.151747648744467
ENSMUSG00000034579-P,0.0,2.2610640585492225,0.0
ENSMUSG00000038545-P,5.263034636753109,5.46745288305082,5.9851986083318645
ENSMUSG00000042831-P,5.848855631104863,5.586127205074772,5.899158476113273
ENSMUSG00000030217-P,2.0723510249441515,2.657829414999577,0.0
ENSMUSG00000065799-P,1.0486348977274242,0.0,0.0
ENSMUSG00000022085-P,2.0723510249441515,0.8145010275868445,0.0
ENSMUSG00000029840-P,8.21947303234985,7.827117544260554,8.050157779526485
ENSMUSG00000105970-P,2.0723510249441515,1.331922760884799,0.0
ENSMUSG00000021904-P,3.896410477907952,1.7119658979366703,1.5027011960393286
ENSMUSG00000105607-P,1.0486348977274242,3.336894247939065,0.0
ENSMUSG00000033502-P,3.99638896868576,1.7119658979366703,5.304083292016831
ENSMUSG00000090877-P,2.6651330491191443,4.425232634826587,5.369536702021671
ENSMUSG00000044813-P,3.672910418501158,4.205538357102999,2.222636313675174
ENSMUSG00000030268-P,1.0486348977274242,4.743916282379703,4.634503922927148
ENSMUSG00000031967-P,6.889265160020245,6.713427764125837,6.6174685627395045
ENSMUSG00000028977-P,1.6494513886902091,3.224285379172325,0.0
ENSMUSG00000090110-P,1.0486348977274242,2.0124825509743043,0.0
ENSMUSG00000048106-P,4.999484889422392,4.702478185292994,5.304083292016831
ENSMUSG00000026563-P,5.450975782228282,5.539822206206257,5.369536702021671
ENSMUSG00000046157-P,5.976756635080908,5.999351815217811,6.644163487368492
ENSMUSG00000047067-P,5.48579504648697,5.44249993647718,4.73726435659949
ENSMUSG00000067928-P,3.672910418501158,3.224285379172325,5.1635320886888865
ENSMUSG00000047181-P,3.99638896868576,5.737405416211542,4.404017924202715
ENSMUSG00000038880-P,6.244126177249473,6.306427175811655,6.931045194837544
ENSMUSG00000034786-P,2.39897591795433,3.336894247939065,0.0
ENSMUSG00000053746-P,3.408323889312746,2.9686820998227965,0.0
ENSMUSG00000032740-P,6.46960716842231,6.11441034989468,6.446011476171514
ENSMUSG00000028701-P,5.302632627565788,5.364942112134154,5.492156600525017
ENSMUSG00000003360-P,4.899728298865276,4.263677074451982,4.73726435659949
ENSMUSG00000032172-P,4.550900891626236,4.823384168558622,1.5027011960393286
ENSMUSG00000041720-P,7.001802477877632,7.03051213383834,7.224309999433207
ENSMUSG00000047371-P,5.519793718167039,5.516100181801795,6.534285623980695
ENSMUSG00000040761-P,6.822730382943682,7.055412840494967,7.391194019297933
ENSMUSG00000085207-P,2.39897591795433,2.821611910686548,0.0
ENSMUSG00000024190-P,7.234578195303867,5.92923456596663,6.644163487368492
ENSMUSG00000061838-P,6.094236303469054,5.071404898451995,5.942819859974084
ENSMUSG00000033453-P,3.896410477907952,4.144957985997145,2.222636313675174
ENSMUSG00000032251-P,6.2028656845377625,5.071404898451995,4.634503922927148
ENSMUSG00000048118-P,6.46960716842231,5.71674142656864,6.6174685627395045
ENSMUSG00000020444-P,7.013781498945389,7.417401172553617,6.180215210348189
ENSMUSG00000048175-P,6.07149324253407,6.571032567730834,5.492156600525017
ENSMUSG00000049744-P,1.6494513886902091,2.657829414999577,2.222636313675174
ENSMUSG00000047989-P,5.415295331931612,5.417107794637402,5.0877641140301835
ENSMUSG00000071253-P,5.222319043311399,4.144957985997145,6.476040344958531
ENSMUSG00000045302-P,5.553009586529424,5.817222987711869,5.0877641140301835
ENSMUSG00000041841-P,10.026326063463417,10.630398434998249,10.126369239612496
ENSMUSG00000070544-P,9.032132573854538,8.066405708452518,8.030056557037314
ENSMUSG00000036435-P,4.550900891626236,4.934936396407269,5.235518623091081
ENSMUSG00000039157-P,6.323267352821728,6.463513340827871,6.446011476171514
ENSMUSG00000052534-P,8.71750041190763,8.289195866639446,8.263187245763405
ENSMUSG00000015932-P,9.224801271937444,7.685423297852841,9.012002966935416
ENSMUSG00000040612-P,8.084003739324467,7.410983995000423,7.422373357722362
ENSMUSG00000067795-P,2.6651330491191443,2.0124825509743043,0.0
ENSMUSG00000021010-P,3.672910418501158,4.659814587745524,2.222636313675174
ENSMUSG00000004285-P,9.904544546138972,9.639565503848813,9.563188383868496
ENSMUSG00000044927-P,2.6651330491191443,4.898702315377067,4.1295756828041315
ENSMUSG00000027782-P,5.585477889119275,6.11441034989468,6.026367935175742
ENSMUSG00000038064-P,1.6494513886902091,4.144957985997145,2.7007023697212773
ENSMUSG00000005575-P,7.478833402325831,6.400125900474279,5.432148998233806
ENSMUSG00000029034-P,4.6767834369679475,4.523687636437971,6.319225858587806
ENSMUSG00000034768-P,4.792558148668228,2.2610640585492225,2.222636313675174
ENSMUSG00000017802-P,3.896410477907952,2.657829414999577,3.5852470377747543
ENSMUSG00000032050-P,8.622909676212604,8.153551926164567,8.386890527111206
ENSMUSG00000050856-P,10.428767166556016,10.448888453957943,10.361705698510342
ENSMUSG00000028051-P,0.0,2.9686820998227965,0.0
ENSMUSG00000056952-P,6.80904712296209,5.836505985488788,5.807659781039243
ENSMUSG00000047547-P,7.971806522244095,8.161219368061579,8.592766634481945
ENSMUSG00000027598-P,5.585477889119275,4.743916282379703,4.634503922927148
ENSMUSG00000060227-P,7.182465533521387,5.964719124755172,5.9851986083318645
ENSMUSG00000024576-P,8.385406620342179,7.851018168835197,8.099218637136051
ENSMUSG00000030697-P,4.792558148668228,5.225626213342285,4.634503922927148
ENSMUSG00000024191-P,4.4129752587859175,3.4413463201392127,5.0877641140301835
ENSMUSG00000030286-P,6.80904712296209,7.038860214192802,7.170233247384128
ENSMUSG00000031970-P,2.6651330491191443,4.319563355021934,3.790364895494528
ENSMUSG00000091475-P,0.0,3.946272894914797,2.7007023697212773
ENSMUSG00000026509-P,6.323267352821728,6.5938753055048185,5.658515738115934
ENSMUSG00000035762-P,5.61723153645693,4.015586386094761,5.807659781039243
ENSMUSG00000099689-P,1.0486348977274242,3.224285379172325,0.0
ENSMUSG00000034377-P,6.752978147050246,5.586127205074772,6.216243625116345
ENSMUSG00000039715-P,5.821856196791921,5.9470859399840466,5.605166081998413
ENSMUSG00000098113-P,0.0,1.7119658979366703,0.0
ENSMUSG00000007379-P,1.0486348977274242,1.7119658979366703,0.0
ENSMUSG00000087083-P,1.0486348977274242,0.8145010275868445,0.0
ENSMUSG00000023064-P,5.585477889119275,6.571032567730834,6.216243625116345
ENSMUSG00000030554-P,7.504529832695035,6.880663815089244,7.650163786271046
ENSMUSG00000037221-P,5.821856196791921,6.082462055839459,5.0077952890480475
ENSMUSG00000006005-P,8.830175866040413,7.534198728223788,8.796890153760476
ENSMUSG00000038608-P,2.0723510249441515,4.015586386094761,0.0
ENSMUSG00000104682-P,0.0,2.9686820998227965,0.0
ENSMUSG00000022023-P,7.128399699162864,5.892855172574217,5.9851986083318645
ENSMUSG00000041135-P,3.7889841620889375,4.373365238635449,2.7007023697212773
ENSMUSG00000091183-P,1.0486348977274242,0.0,0.0
ENSMUSG00000026820-P,5.180420924640742,5.855534643334439,6.285708641057265
ENSMUSG00000030352-P,6.767200998519294,6.52423256029589,6.887020492117266
ENSMUSG00000034295-P,1.6494513886902091,2.2610640585492225,3.346054709805881
ENSMUSG00000037646-P,6.633846573266818,5.797678758697136,5.658515738115934
ENSMUSG00000040167-P,5.794341827244804,5.135084994723551,5.605166081998413
ENSMUSG00000077767-P,3.408323889312746,0.0,0.0
ENSMUSG00000055239-P,7.139376173494615,6.996628202954312,6.887020492117266
ENSMUSG00000031489-P,3.0840644739229504,0.0,0.0
ENSMUSG00000035093-P,7.139376173494615,6.6603104544080916,6.887020492117266
ENSMUSG00000032306-P,5.450975782228282,4.970282690265146,5.304083292016831
ENSMUSG00000043535-P,5.450975782228282,4.523687636437971,5.658515738115934
ENSMUSG00000025869-P,4.999484889422392,5.196072694862246,2.7007023697212773
ENSMUSG00000007613-P,4.089885726687541,3.796776971595652,5.807659781039243
ENSMUSG00000049571-P,2.0723510249441515,0.0,4.634503922927148
ENSMUSG00000018983-P,2.8897518575227275,0.0,4.1295756828041315
ENSMUSG00000024870-P,6.52087143124184,7.055412840494967,6.415344263426561
ENSMUSG00000043487-P,3.2552851184922167,4.015586386094761,5.0877641140301835
ENSMUSG00000017831-P,2.39897591795433,0.0,2.222636313675174
ENSMUSG00000024947-P,5.61723153645693,5.608734042719881,4.73726435659949
ENSMUSG00000025478-P,1.0486348977274242,3.5387438725858185,2.222636313675174
ENSMUSG00000028032-P,6.633846573266818,7.047160266589439,6.973766144050385
ENSMUSG00000029772-P,9.69361662283844,9.24781320166777,9.252186751225445
ENSMUSG00000075704-P,3.7889841620889375,4.523687636437971,3.9699169413802817
ENSMUSG00000028599-P,2.6651330491191443,4.373365238635449,4.5238588630139445
ENSMUSG00000059820-P,5.648301312529237,3.102137027638073,1.5027011960393286
ENSMUSG00000085776-P,2.0723510249441515,0.0,0.0
ENSMUSG00000022426-P,4.6767834369679475,5.817222987711869,4.1295756828041315
ENSMUSG00000011831-P,7.3238849463674285,6.09852463741221,7.241894336955154
ENSMUSG00000064246-P,4.950468643575782,4.659814587745524,3.346054709805881
ENSMUSG00000004085-P,5.48579504648697,5.282976793644549,4.833189525298334
ENSMUSG00000042686-P,6.284239372822203,5.03847880351046,4.833189525298334
ENSMUSG00000028626-P,3.408323889312746,3.715787584620155,4.73726435659949
ENSMUSG00000068196-P,10.334011683710868,9.466260422680746,9.890320957841178
ENSMUSG00000030088-P,6.434390177234756,6.425816036861268,7.391194019297933
ENSMUSG00000058351-P,7.62656452867537,7.846269615260247,7.151747648744467
ENSMUSG00000007739-P,7.333475084339002,8.01232192793657,7.858290058610308
ENSMUSG00000031590-P,6.554062779302044,5.836505985488788,6.180215210348189
ENSMUSG00000025505-P,5.48579504648697,4.898702315377067,5.658515738115934
ENSMUSG00000039194-P,5.450975782228282,5.165901090879312,5.0077952890480475
ENSMUSG00000028863-P,4.792558148668228,5.964719124755172,5.0077952890480475
ENSMUSG00000002660-P,6.570376420890979,7.240510656148445,7.114050326400051
ENSMUSG00000048612-P,7.304511277403748,5.911159535326275,7.075341491119768
ENSMUSG00000005609-P,6.709448430213127,6.5938753055048185,7.422373357722362
ENSMUSG00000054720-P,6.3038853325675115,5.417107794637402,6.251394180755229
ENSMUSG00000031246-P,8.448547264873312,7.846269615260247,7.437713922998197
ENSMUSG00000014603-P,2.39897591795433,3.224285379172325,2.222636313675174
ENSMUSG00000031838-P,6.323267352821728,6.049790217945685,5.709962718837696
ENSMUSG00000031922-P,5.553009586529424,4.898702315377067,5.605166081998413
ENSMUSG00000045094-P,3.408323889312746,1.7119658979366703,0.0
ENSMUSG00000047141-P,3.546674232801226,4.373365238635449,4.273312842081705
ENSMUSG00000032288-P,7.343001893784018,7.311135011307052,7.035565359850299
ENSMUSG00000054717-P,3.2552851184922167,3.8734604635124894,3.790364895494528
ENSMUSG00000029438-P,4.735831830703193,4.144957985997145,3.5852470377747543
ENSMUSG00000026895-P,8.343306528344277,8.641373111107868,8.394772173544576
ENSMUSG00000038555-P,6.486898448837102,7.087959016803207,5.942819859974084
ENSMUSG00000035293-P,4.338730241934797,4.319563355021934,4.404017924202715
ENSMUSG00000022141-P,8.182806020129519,6.961929275573283,7.224309999433207
ENSMUSG00000024002-P,7.407984161376357,6.713427764125837,6.476040344958531
ENSMUSG00000048874-P,7.389714534625456,7.331665311819629,7.293396834315661
ENSMUSG00000006476-P,6.361267292313497,7.181411286823304,6.696115676779869
ENSMUSG00000066357-P,9.304980557871048,9.414269650016662,9.13943481188836
ENSMUSG00000038646-P,5.0927875684481885,5.282976793644549,4.923132308808885
ENSMUSG00000105729-P,1.0486348977274242,0.0,0.0
ENSMUSG00000041570-P,6.80904712296209,6.11441034989468,7.114050326400051
ENSMUSG00000045930-P,3.896410477907952,1.331922760884799,0.0
ENSMUSG00000002324-P,4.4129752587859175,5.03847880351046,5.709962718837696
ENSMUSG00000030493-P,2.0723510249441515,2.657829414999577,3.9699169413802817
ENSMUSG00000022199-P,12.505587814247082,12.421425413780211,12.635726179470511
ENSMUSG00000052584-P,3.0840644739229504,6.161044182607917,5.759638078590581
ENSMUSG00000027108-P,6.537562555216269,7.111895698609481,6.6174685627395045
ENSMUSG00000023960-P,8.579240737046714,8.869113277388301,9.106218346565916
ENSMUSG00000044365-P,4.26045608645493,4.570505040359563,4.634503922927148
ENSMUSG00000056735-P,1.0486348977274242,2.0124825509743043,0.0
ENSMUSG00000012422-P,6.709448430213127,6.72382051317692,4.923132308808885
ENSMUSG00000062040-P,2.39897591795433,3.946272894914797,2.7007023697212773
ENSMUSG00000028890-P,6.26432218570348,5.874315583411486,6.319225858587806
ENSMUSG00000042129-P,1.6494513886902091,4.702478185292994,3.5852470377747543
ENSMUSG00000069631-P,5.222319043311399,4.319563355021934,4.634503922927148
ENSMUSG00000040242-P,6.679681392755137,6.206217698477419,6.415344263426561
ENSMUSG00000039959-P,4.735831830703193,3.102137027638073,3.346054709805881
ENSMUSG00000020227-P,2.39897591795433,0.0,4.923132308808885
ENSMUSG00000020297-P,10.02927957484532,9.862875475609554,9.44290793676584
ENSMUSG00000061689-P,8.12323482706063,8.777301366580465,8.425875103771448
ENSMUSG00000040586-P,3.546674232801226,2.4730436096981774,1.5027011960393286
ENSMUSG00000051435-P,8.161427288037965,6.944261749333988,7.776193568606545
ENSMUSG00000070527-P,1.0486348977274242,1.331922760884799,0.0
ENSMUSG00000022427-P,6.094236303469054,6.72382051317692,6.216243625116345
ENSMUSG00000020553-P,3.896410477907952,1.7119658979366703,3.9699169413802817
ENSMUSG00000031198-P,7.829958493959349,6.80437252742435,6.415344263426561
ENSMUSG00000061524-P,5.263034636753109,3.224285379172325,5.304083292016831
ENSMUSG00000030403-P,6.323267352821728,5.757777606265661,6.216243625116345
ENSMUSG00000023931-P,4.792558148668228,0.8145010275868445,4.923132308808885
ENSMUSG00000005045-P,4.338730241934797,5.695777156575738,5.304083292016831
ENSMUSG00000089875-P,1.0486348977274242,0.0,0.0
ENSMUSG00000038390-P,6.001030361990174,6.889922690320155,6.415344263426561
ENSMUSG00000002748-P,7.816343941326608,7.225961227261914,7.999369627647469
ENSMUSG00000001089-P,7.274954053957853,6.2500195855915965,6.6174685627395045
ENSMUSG00000034349-P,5.046890362083916,3.946272894914797,6.105341362990655
ENSMUSG00000027860-P,6.244126177249473,5.516100181801795,4.923132308808885
ENSMUSG00000085890-P,2.0723510249441515,0.0,3.346054709805881
ENSMUSG00000001014-P,1.6494513886902091,3.102137027638073,0.0
ENSMUSG00000052056-P,3.7889841620889375,3.629979818096817,3.0591668457024253
ENSMUSG00000020235-P,6.094236303469054,6.09852463741221,5.492156600525017
ENSMUSG00000071637-P,3.546674232801226,4.475299840719172,4.404017924202715
ENSMUSG00000097462-P,2.0723510249441515,0.0,1.5027011960393286
ENSMUSG00000043263-P,0.0,3.5387438725858185,0.0
ENSMUSG00000019173-P,7.94703179347247,8.506421511089348,8.493497846953723
ENSMUSG00000009076-P,5.341172734347689,5.165901090879312,5.0877641140301835
ENSMUSG00000054792-P,4.4129752587859175,4.898702315377067,4.73726435659949
ENSMUSG00000020491-P,0.0,1.7119658979366703,4.833189525298334
ENSMUSG00000018570-P,1.0486348977274242,0.0,0.0
ENSMUSG00000066800-P,1.6494513886902091,0.0,2.7007023697212773
ENSMUSG00000028053-P,8.25017681698323,7.135441704661555,7.391194019297933
ENSMUSG00000032261-P,7.3238849463674285,7.569200599001937,6.644163487368492
ENSMUSG00000029551-P,5.046890362083916,5.737405416211542,4.923132308808885
ENSMUSG00000027210-P,3.408323889312746,6.953122557283286,6.251394180755229
ENSMUSG00000017286-P,5.61723153645693,6.033172581451193,5.605166081998413
ENSMUSG00000027957-P,5.585477889119275,4.659814587745524,5.1635320886888865
ENSMUSG00000086851-P,1.6494513886902091,2.821611910686548,0.0
ENSMUSG00000056999-P,6.586507652547867,6.306427175811655,7.241894336955154
ENSMUSG00000102101-P,4.483585706841648,3.629979818096817,3.790364895494528
ENSMUSG00000051297-P,0.0,2.4730436096981774,0.0
ENSMUSG00000103731-P,2.6651330491191443,3.4413463201392127,0.0
ENSMUSG00000078486-P,1.6494513886902091,2.4730436096981774,0.0
ENSMUSG00000003190-P,2.6651330491191443,0.0,2.222636313675174
ENSMUSG00000051285-P,7.117339071714915,6.11441034989468,5.1635320886888865
ENSMUSG00000098098-P,3.672910418501158,2.0124825509743043,2.7007023697212773
ENSMUSG00000051510-P,6.66456434226896,6.206217698477419,6.6174685627395045
ENSMUSG00000037110-P,5.875359050792234,4.319563355021934,5.432148998233806
ENSMUSG00000006281-P,3.896410477907952,4.081721851910303,2.7007023697212773
ENSMUSG00000022674-P,3.0840644739229504,4.373365238635449,0.0
ENSMUSG00000027770-P,7.09496012579435,6.438491567432086,6.384010976764559
ENSMUSG00000036815-P,2.0723510249441515,4.823384168558622,0.0
ENSMUSG00000030677-P,2.8897518575227275,2.657829414999577,4.833189525298334
ENSMUSG00000097318-P,1.6494513886902091,1.7119658979366703,0.0
ENSMUSG00000025789-P,1.6494513886902091,2.821611910686548,0.0
ENSMUSG00000025894-P,5.585477889119275,4.934936396407269,5.0877641140301835
ENSMUSG00000030801-P,4.338730241934797,4.61585078838867,3.5852470377747543
ENSMUSG00000032763-P,6.836285082247793,7.233254282811396,7.359325924331508
ENSMUSG00000038324-P,7.42602532017131,7.436483198854903,7.554897602059651
ENSMUSG00000030201-P,8.479110666612304,7.827117544260554,8.13730041080556
ENSMUSG00000033068-P,2.6651330491191443,4.319563355021934,2.222636313675174
ENSMUSG00000016018-P,7.182465533521387,7.0051740850966215,7.276432804175357
ENSMUSG00000074994-P,6.649287211316158,5.855534643334439,5.304083292016831
ENSMUSG00000032560-P,6.1166263933695815,5.608734042719881,5.5497675936882125
ENSMUSG00000022439-P,1.0486348977274242,0.0,0.0
ENSMUSG00000045767-P,8.09532190082023,6.917348039554221,8.040142177055912
ENSMUSG00000043241-P,6.965256809170339,7.119787143382784,7.170233247384128
ENSMUSG00000015748-P,4.550900891626236,5.03847880351046,4.634503922927148
ENSMUSG00000048330-P,6.22364343003531,5.652911954125206,5.605166081998413
ENSMUSG00000020380-P,6.26432218570348,4.015586386094761,5.658515738115934
ENSMUSG00000039145-P,7.843445767753725,7.28329875264631,7.206508687294172
ENSMUSG00000041491-P,2.6651330491191443,2.2610640585492225,3.790364895494528
ENSMUSG00000032459-P,5.0927875684481885,5.491981569483636,4.833189525298334
ENSMUSG00000015363-P,6.181784319138248,5.836505985488788,6.384010976764559
ENSMUSG00000027680-P,7.254907366951375,6.814132502124791,7.055590503182142
ENSMUSG00000035539-P,2.39897591795433,1.7119658979366703,0.0
ENSMUSG00000045284-P,8.607182573924444,8.09069966298228,8.31394831247004
ENSMUSG00000033054-P,5.13726953135435,4.319563355021934,4.404017924202715
ENSMUSG00000064338-P,5.7662924981732955,7.63675535317332,6.105341362990655
ENSMUSG00000024873-P,3.672910418501158,6.082462055839459,4.634503922927148
ENSMUSG00000097537-P,4.089885726687541,2.4730436096981774,1.5027011960393286
ENSMUSG00000043614-P,3.99638896868576,4.081721851910303,4.634503922927148
ENSMUSG00000027710-P,2.8897518575227275,4.015586386094761,0.0
ENSMUSG00000007570-P,4.950468643575782,4.659814587745524,4.923132308808885
ENSMUSG00000052951-P,2.0723510249441515,2.0124825509743043,4.833189525298334
ENSMUSG00000033021-P,5.450975782228282,5.539822206206257,3.9699169413802817
ENSMUSG00000067148-P,5.678716054143025,5.9470859399840466,6.476040344958531
ENSMUSG00000013663-P,6.379898397771376,5.254586462582506,6.534285623980695
ENSMUSG00000006800-P,4.483585706841648,6.130123046001464,4.634503922927148
ENSMUSG00000022843-P,3.672910418501158,3.715787584620155,2.222636313675174
ENSMUSG00000039899-P,2.0723510249441515,4.659814587745524,1.5027011960393286
ENSMUSG00000042557-P,5.821856196791921,5.135084994723551,4.634503922927148
ENSMUSG00000038884-P,3.0840644739229504,5.254586462582506,5.235518623091081
ENSMUSG00000035692-P,2.6651330491191443,3.336894247939065,0.0
ENSMUSG00000063801-P,5.180420924640742,5.737405416211542,6.505456903320894
ENSMUSG00000059456-P,6.694641682802472,6.8430224083238524,6.351982039129281
ENSMUSG00000031637-P,3.0840644739229504,0.0,2.7007023697212773
ENSMUSG00000036202-P,6.795232840243815,6.4130281510910585,6.841609948557689
ENSMUSG00000043411-P,7.3238849463674285,7.690730879912245,8.386890527111206
ENSMUSG00000017670-P,6.694641682802472,6.638503567430414,6.319225858587806
ENSMUSG00000014846-P,5.450975782228282,6.814132502124791,6.415344263426561
ENSMUSG00000030611-P,5.302632627565788,5.0047836626811755,5.0077952890480475
ENSMUSG00000034563-P,7.171813244471725,6.814132502124791,6.994661403874842
ENSMUSG00000010057-P,4.550900891626236,5.364942112134154,6.644163487368492
ENSMUSG00000020886-P,7.361868834435067,8.996726371821714,8.551056359011278
ENSMUSG00000018171-P,7.049133092741429,7.486168104743506,7.035565359850299
ENSMUSG00000008348-P,9.166973856433144,9.636818344622812,9.644767200986903
ENSMUSG00000042659-P,3.2552851184922167,2.821611910686548,5.235518623091081
ENSMUSG00000019647-P,4.483585706841648,5.165901090879312,3.5852470377747543
ENSMUSG00000021709-P,6.602460508416552,5.911159535326275,6.216243625116345
ENSMUSG00000086769-P,2.39897591795433,0.8145010275868445,2.222636313675174
ENSMUSG00000031617-P,6.679681392755137,6.734138931073335,6.90920076698151
ENSMUSG00000071650-P,8.534208613103871,8.020775621605042,8.493497846953723
ENSMUSG00000024098-P,6.902211666893816,6.1456664539175385,6.285708641057265
ENSMUSG00000046806-P,3.2552851184922167,4.702478185292994,0.0
ENSMUSG00000040661-P,4.899728298865276,4.475299840719172,5.854134386531398
ENSMUSG00000040675-P,0.0,4.015586386094761,0.0
ENSMUSG00000016487-P,5.302632627565788,4.823384168558622,5.807659781039243
ENSMUSG00000028967-P,4.735831830703193,4.861534698839405,0.0
ENSMUSG00000036197-P,6.07149324253407,5.1035962704463325,4.923132308808885
ENSMUSG00000105302-P,3.546674232801226,3.946272894914797,0.0
ENSMUSG00000028057-P,5.708502811759847,6.130123046001464,5.304083292016831
ENSMUSG00000031513-P,6.767200998519294,7.196414641473462,6.770696153912217
ENSMUSG00000042198-P,6.679681392755137,6.400125900474279,6.534285623980695
ENSMUSG00000022751-P,3.672910418501158,4.144957985997145,0.0
ENSMUSG00000033585-P,5.585477889119275,7.879185876167577,5.807659781039243
ENSMUSG00000038058-P,4.1776902641883265,4.373365238635449,4.833189525298334
ENSMUSG00000042745-P,8.638467181416384,8.344120721757768,8.954506085921004
ENSMUSG00000026096-P,3.896410477907952,4.081721851910303,3.790364895494528
ENSMUSG00000072662-P,4.483585706841648,4.205538357102999,3.790364895494528
ENSMUSG00000023764-P,4.950468643575782,5.0047836626811755,5.0877641140301835
ENSMUSG00000040483-P,2.8897518575227275,1.7119658979366703,4.5238588630139445
ENSMUSG00000033047-P,6.889265160020245,6.80437252742435,6.351982039129281
ENSMUSG00000032602-P,6.398291963653688,5.982139389596693,6.180215210348189
ENSMUSG00000064340-P,4.899728298865276,6.559474122283782,5.235518623091081
ENSMUSG00000019971-P,7.24477858840056,5.516100181801795,6.952563794755677
ENSMUSG00000031256-P,6.138674301186425,6.373969992103485,6.6174685627395045
ENSMUSG00000023826-P,4.26045608645493,0.8145010275868445,4.73726435659949
ENSMUSG00000070643-P,4.550900891626236,4.319563355021934,3.790364895494528
ENSMUSG00000022568-P,3.7889841620889375,4.659814587745524,4.5238588630139445
ENSMUSG00000024548-P,3.99638896868576,2.2610640585492225,3.790364895494528
ENSMUSG00000050199-P,4.483585706841648,4.523687636437971,4.833189525298334
ENSMUSG00000057440-P,7.106192990825142,6.016361302615454,6.180215210348189
ENSMUSG00000022010-P,9.671101490599243,9.70659748190364,9.853619621146755
ENSMUSG00000024083-P,8.209091490157746,8.01232192793657,7.978542941966453
ENSMUSG00000072763-P,3.546674232801226,3.5387438725858185,3.9699169413802817
ENSMUSG00000030616-P,6.66456434226896,5.630992092682936,5.807659781039243
ENSMUSG00000003949-P,5.875359050792234,5.695777156575738,6.143263963112935
ENSMUSG00000085184-P,0.0,2.657829414999577,0.0
ENSMUSG00000066595-P,4.61521471622295,4.823384168558622,5.1635320886888865
ENSMUSG00000046714-P,4.1776902641883265,3.715787584620155,3.0591668457024253
ENSMUSG00000004263-P,7.03744521454185,7.055412840494967,6.770696153912217
ENSMUSG00000021929-P,5.450975782228282,4.898702315377067,5.658515738115934
ENSMUSG00000074480-P,3.99638896868576,3.336894247939065,1.5027011960393286
ENSMUSG00000000127-P,5.378710013435007,4.570505040359563,5.235518623091081
ENSMUSG00000075256-P,2.8897518575227275,0.0,2.7007023697212773
ENSMUSG00000028811-P,4.61521471622295,5.695777156575738,5.304083292016831
ENSMUSG00000025016-P,8.695357800430138,8.545028875133834,8.52256413199032
ENSMUSG00000034957-P,3.0840644739229504,3.715787584620155,2.7007023697212773
ENSMUSG00000025862-P,7.294725999400352,6.734138931073335,7.224309999433207
ENSMUSG00000024800-P,4.26045608645493,4.015586386094761,2.222636313675174
ENSMUSG00000025104-P,5.708502811759847,5.539822206206257,5.5497675936882125
ENSMUSG00000078201-P,5.302632627565788,4.934936396407269,4.404017924202715
ENSMUSG00000042506-P,6.694641682802472,7.742759636721272,7.422373357722362
ENSMUSG00000101059-P,1.0486348977274242,0.0,3.5852470377747543
ENSMUSG00000022629-P,7.001802477877632,5.77786612320858,6.746261887040262
ENSMUSG00000049287-P,5.378710013435007,5.0047836626811755,5.759638078590581
ENSMUSG00000033792-P,8.240014654550583,8.003818406431467,7.776193568606545
ENSMUSG00000018707-P,8.66149332933232,8.668527046474539,8.551056359011278
ENSMUSG00000018293-P,6.537562555216269,6.016361302615454,6.887020492117266
ENSMUSG00000026547-P,6.138674301186425,5.855534643334439,5.432148998233806
ENSMUSG00000026527-P,2.0723510249441515,2.9686820998227965,0.0
ENSMUSG00000085945-P,4.26045608645493,1.331922760884799,2.222636313675174
ENSMUSG00000071369-P,6.752978147050246,6.206217698477419,5.807659781039243
ENSMUSG00000015970-P,6.379898397771376,6.220966586154782,6.143263963112935
ENSMUSG00000017314-P,4.26045608645493,5.855534643334439,2.222636313675174
ENSMUSG00000051579-P,7.072228562886965,7.127635657207253,7.623580684753999
ENSMUSG00000093606-P,0.0,0.0,0.0
ENSMUSG00000049090-P,6.554062779302044,6.333824915094227,5.709962718837696
ENSMUSG00000032307-P,4.847138132682166,4.861534698839405,3.5852470377747543
ENSMUSG00000062866-P,9.046781258531524,8.037535837541812,8.843707397566886
ENSMUSG00000041685-P,6.795232840243815,5.982139389596693,6.590270361239926
ENSMUSG00000046807-P,3.896410477907952,3.8734604635124894,3.790364895494528
ENSMUSG00000027305-P,4.61521471622295,4.934936396407269,4.73726435659949
ENSMUSG00000031715-P,7.060727042973199,6.52423256029589,6.644163487368492
ENSMUSG00000005699-P,4.4129752587859175,5.586127205074772,4.404017924202715
ENSMUSG00000042594-P,3.546674232801226,4.570505040359563,2.7007023697212773
ENSMUSG00000071652-P,5.821856196791921,5.797678758697136,5.807659781039243
ENSMUSG00000019933-P,2.6651330491191443,2.2610640585492225,3.5852470377747543
ENSMUSG00000102664-P,1.0486348977274242,3.629979818096817,0.0
ENSMUSG00000020219-P,8.066858248982692,7.658588482026544,8.13730041080556
ENSMUSG00000052837-P,4.6767834369679475,3.4413463201392127,6.105341362990655
ENSMUSG00000022774-P,6.52087143124184,5.911159535326275,5.658515738115934
ENSMUSG00000031079-P,0.0,2.2610640585492225,3.346054709805881
ENSMUSG00000021149-P,6.434390177234756,5.874315583411486,6.351982039129281
ENSMUSG00000039000-P,6.486898448837102,6.235566218317155,4.404017924202715
ENSMUSG00000048776-P,4.1776902641883265,1.331922760884799,3.9699169413802817
ENSMUSG00000035173-P,6.323267352821728,6.1456664539175385,4.833189525298334
ENSMUSG00000038780-P,3.7889841620889375,3.224285379172325,4.634503922927148
ENSMUSG00000026113-P,3.99638896868576,4.970282690265146,3.9699169413802817
ENSMUSG00000090247-P,4.847138132682166,5.0047836626811755,4.634503922927148
ENSMUSG00000009013-P,8.74650496047508,8.772303440552228,9.001717990072775
ENSMUSG00000027349-P,5.648301312529237,6.191316471987328,5.605166081998413
ENSMUSG00000026315-P,4.26045608645493,0.8145010275868445,2.222636313675174
ENSMUSG00000027646-P,5.519793718167039,6.066218622323608,5.942819859974084
ENSMUSG00000038827-P,4.089885726687541,4.61585078838867,6.251394180755229
ENSMUSG00000025231-P,3.99638896868576,4.61585078838867,3.346054709805881
ENSMUSG00000020546-P,7.672627621883631,6.814132502124791,7.055590503182142
ENSMUSG00000020330-P,0.0,0.0,0.0
ENSMUSG00000019088-P,3.7889841620889375,2.2610640585492225,2.222636313675174
ENSMUSG00000020074-P,7.417032941578635,6.559474122283782,6.505456903320894
ENSMUSG00000037408-P,3.0840644739229504,2.821611910686548,5.304083292016831
ENSMUSG00000023046-P,2.8897518575227275,3.715787584620155,4.634503922927148
ENSMUSG00000031776-P,7.24477858840056,7.0136696431945404,7.188484979036001
ENSMUSG00000020899-P,4.483585706841648,5.586127205074772,5.0077952890480475
ENSMUSG00000055022-P,10.377539249077232,9.562044583872968,9.657926205728907
ENSMUSG00000024976-P,5.926948481146398,5.282976793644549,4.73726435659949
ENSMUSG00000003199-P,6.001030361990174,6.451056699940695,6.384010976764559
ENSMUSG00000039450-P,5.794341827244804,5.737405416211542,6.026367935175742
ENSMUSG00000066057-P,3.2552851184922167,4.263677074451982,0.0
ENSMUSG00000041649-P,0.0,2.2610640585492225,1.5027011960393286
ENSMUSG00000042699-P,7.049133092741429,7.211263572795288,6.644163487368492
ENSMUSG00000032348-P,8.182806020129519,8.029180067986143,7.224309999433207
ENSMUSG00000022177-P,1.0486348977274242,2.2610640585492225,2.7007023697212773
ENSMUSG00000045098-P,5.263034636753109,4.523687636437971,3.346054709805881
ENSMUSG00000024772-P,6.618238890275671,7.225961227261914,7.391194019297933
ENSMUSG00000021000-P,7.959472337812002,7.35859233626361,7.978542941966453
ENSMUSG00000056938-P,7.049133092741429,6.6603104544080916,7.497495224004233
ENSMUSG00000060279-P,6.26432218570348,5.855534643334439,6.534285623980695
ENSMUSG00000030557-P,6.52087143124184,5.563160474360788,6.887020492117266
ENSMUSG00000023118-P,5.263034636753109,5.836505985488788,5.0077952890480475
ENSMUSG00000021583-P,5.341172734347689,5.539822206206257,4.273312842081705
ENSMUSG00000021990-P,6.767200998519294,6.935346183194669,6.143263963112935
ENSMUSG00000029265-P,5.302632627565788,4.570505040359563,5.235518623091081
ENSMUSG00000036087-P,7.254907366951375,6.2500195855915965,7.151747648744467
ENSMUSG00000031479-P,6.379898397771376,6.360712035010066,5.854134386531398
ENSMUSG00000039813-P,6.181784319138248,5.999351815217811,6.446011476171514
ENSMUSG00000044617-P,0.0,0.0,0.0
ENSMUSG00000032796-P,2.0723510249441515,2.821611910686548,3.0591668457024253
ENSMUSG00000038135-P,2.39897591795433,2.9686820998227965,3.346054709805881
ENSMUSG00000000326-C,6.6263294369063175,,7.000648940304913
ENSMUSG00000000827-C,5.305457830624016,,5.817842524086916
ENSMUSG00000000881-C,8.289726689663107,,8.610178296865705
ENSMUSG00000000976-C,4.531582777984604,,4.8904275518483145
ENSMUSG00000001128-C,3.3617092928764207,,1.541336626495835
ENSMUSG00000001521-C,4.439662999975433,,2.2694164769105942
ENSMUSG00000001666-C,5.406033162232234,,6.292430924220512
ENSMUSG00000001773-C,0.0,,0.0
ENSMUSG00000002228-C,0.0,,0.9674048923102424
ENSMUSG00000002608-C,6.518131447834783,,6.458351483223099
ENSMUSG00000002633-C,1.9468263315634875,,2.2694164769105942
ENSMUSG00000002733-C,6.246986546581152,,5.8893404910648375
ENSMUSG00000002778-C,7.796249078044682,,8.377193673887678
ENSMUSG00000002820-C,4.953273561611836,,4.794362111747247
ENSMUSG00000002910-C,3.634711799651865,,3.639677013987396
ENSMUSG00000002963-C,4.180428819962158,,4.580608929613616
ENSMUSG00000003228-C,4.39140932542033,,4.794362111747247
ENSMUSG00000003282-C,0.7772103564006736,,0.0
ENSMUSG00000003382-C,4.180428819962158,,4.02548275212475
ENSMUSG00000003418-C,1.9468263315634875,,0.0
ENSMUSG00000003421-C,5.750129984284146,,6.201718860928222
ENSMUSG00000003452-C,6.811919870087571,,5.935110196826683
ENSMUSG00000003527-C,4.617995133648742,,4.6914406784700216
ENSMUSG00000003549-C,5.406033162232234,,5.065265859574233
ENSMUSG00000003752-C,2.584167946796685,,3.3996089179664075
ENSMUSG00000003970-C,9.165390587088837,,9.337167986530984
ENSMUSG00000004070-C,7.629448446885902,,7.967736813193007
ENSMUSG00000004085-C,3.7153260891446704,,2.7510183104581927
ENSMUSG00000004151-C,7.048124291933656,,6.394254465449894
ENSMUSG00000004268-C,5.769137867242329,,5.105854363727924
ENSMUSG00000004356-C,4.575435833627302,,4.10772499717138
ENSMUSG00000004360-C,6.594713446622916,,6.238690897249208
ENSMUSG00000004508-C,5.225140046092457,,5.842071024845519
ENSMUSG00000004895-C,4.236136261201466,,3.1114590032192178
ENSMUSG00000004945-C,7.216837530675733,,7.434274923793394
ENSMUSG00000004952-C,2.401325369831886,,2.2694164769105942
ENSMUSG00000005089-C,11.853024571176467,,11.549247622961031
ENSMUSG00000005699-C,6.260482272209529,,6.489362782149032
ENSMUSG00000005871-C,8.934423985526807,,8.322274986477211
ENSMUSG00000005947-C,0.0,,0.0
ENSMUSG00000006095-C,7.613761193364623,,7.888524657609821
ENSMUSG00000006241-C,2.401325369831886,,1.9508269527020643
ENSMUSG00000006307-C,5.110582387912509,,4.521827482917072
ENSMUSG00000006333-C,8.283130006985818,,8.205737674112223
ENSMUSG00000006642-C,0.0,,0.0
ENSMUSG00000006998-C,8.403582670102521,,8.63465820638891
ENSMUSG00000007038-C,6.951587444978456,,7.29201967314311
ENSMUSG00000007080-C,0.7772103564006736,,0.0
ENSMUSG00000007610-C,4.180428819962158,,3.3996089179664075
ENSMUSG00000009145-C,1.6514266395573065,,0.0
ENSMUSG00000009863-C,9.072807291484716,,9.18446550862633
ENSMUSG00000011960-C,6.784157246689743,,6.607143000613398
ENSMUSG00000014158-C,1.2795471030274967,,0.0
ENSMUSG00000014763-C,6.058984597620728,,5.768129583832366
ENSMUSG00000014776-C,5.406033162232234,,5.979472391231978
ENSMUSG00000015149-C,7.310638637759849,,7.410168748927744
ENSMUSG00000015568-C,5.140085823727222,,4.10772499717138
ENSMUSG00000015837-C,9.184985439877112,,9.38330147169675
ENSMUSG00000015981-C,8.424714761100562,,8.68240605758281
ENSMUSG00000016477-C,4.919643509393843,,4.460548930911179
ENSMUSG00000016510-C,4.738621725110365,,4.6914406784700216
ENSMUSG00000016833-C,5.769137867242329,,6.022511065463767
ENSMUSG00000016933-C,6.5840189192069305,,6.292430924220512
ENSMUSG00000016984-C,3.7153260891446704,,4.6370888418991045
ENSMUSG00000017491-C,3.3617092928764207,,2.2694164769105942
ENSMUSG00000017550-C,2.1919001964604257,,1.541336626495835
ENSMUSG00000017716-C,2.401325369831886,,1.541336626495835
ENSMUSG00000018076-C,8.42770852077591,,7.88269668010838
ENSMUSG00000018238-C,0.0,,1.541336626495835
ENSMUSG00000018481-C,7.008682586191597,,6.804997605620443
ENSMUSG00000018697-C,3.0246987074308613,,3.1114590032192178
ENSMUSG00000018965-C,9.97038569409915,,10.412873202716163
ENSMUSG00000019039-C,5.544858804492465,,6.377775151174897
ENSMUSG00000019505-C,10.275504037003309,,10.259414345139149
ENSMUSG00000019579-C,5.806418437444359,,6.163774363983888
ENSMUSG00000019718-C,1.9468263315634875,,2.5302208690762416
ENSMUSG00000019775-C,7.890400244817572,,7.541732593097208
ENSMUSG00000019809-C,4.953273561611836,,4.743818998588079
ENSMUSG00000019848-C,0.7772103564006736,,0.0
ENSMUSG00000019861-C,6.540429955434854,,6.792618850730617
ENSMUSG00000019970-C,6.84812469760142,,5.768129583832366
ENSMUSG00000020114-C,7.216837530675733,,7.074086112435092
ENSMUSG00000020175-C,4.986137502541371,,4.6370888418991045
ENSMUSG00000020218-C,0.0,,0.0
ENSMUSG00000020220-C,6.119483232842074,,5.979472391231978
ENSMUSG00000020321-C,9.953866903810306,,10.279513409172669
ENSMUSG00000020453-C,4.236136261201466,,2.7510183104581927
ENSMUSG00000020491-C,2.892259673652012,,2.2694164769105942
ENSMUSG00000020589-C,7.958224302153153,,7.85319832881378
ENSMUSG00000020592-C,1.2795471030274967,,0.0
ENSMUSG00000020648-C,2.1919001964604257,,2.7510183104581927
ENSMUSG00000020661-C,7.890400244817572,,6.967994278708698
ENSMUSG00000020687-C,6.23336338179039,,6.001152214343189
ENSMUSG00000020713-C,0.0,,0.0
ENSMUSG00000020734-C,6.4608290612543335,,6.662613161785881
ENSMUSG00000020770-C,3.7916732345197177,,3.3996089179664075
ENSMUSG00000020799-C,1.6514266395573065,,0.9674048923102424
ENSMUSG00000020805-C,3.5493249877461848,,3.639677013987396
ENSMUSG00000020814-C,4.39140932542033,,4.6914406784700216
ENSMUSG00000021000-C,5.860592949861092,,5.39502060500585
ENSMUSG00000021007-C,5.860592949861092,,4.396551664627574
ENSMUSG00000021010-C,5.8956111456391325,,5.716642292891877
ENSMUSG00000021013-C,3.9332209460107537,,2.5302208690762416
ENSMUSG00000021091-C,3.634711799651865,,4.936163324154059
ENSMUSG00000021118-C,0.0,,0.0
ENSMUSG00000021131-C,1.6514266395573065,,2.2694164769105942
ENSMUSG00000021188-C,6.148807036467134,,5.690192780577433
ENSMUSG00000021273-C,6.219610348077359,,6.201718860928222
ENSMUSG00000021294-C,4.617995133648742,,4.460548930911179
ENSMUSG00000021476-C,9.150970743179773,,9.568952220849477
ENSMUSG00000021495-C,6.449090313207337,,5.22118758575261
ENSMUSG00000021508-C,7.209898178105701,,7.728776071582386
ENSMUSG00000021519-C,3.2578804018563177,,2.7510183104581927
ENSMUSG00000021550-C,3.9332209460107537,,4.580608929613616
ENSMUSG00000021585-C,3.9332209460107537,,2.9424659951760495
ENSMUSG00000021661-C,6.900783350329444,,6.742013543161964
ENSMUSG00000021709-C,5.140085823727222,,4.8431942786738436
ENSMUSG00000021913-C,7.392595838485521,,7.104449795183308
ENSMUSG00000021943-C,2.1919001964604257,,3.1114590032192178
ENSMUSG00000021969-C,6.495482873446011,,6.201718860928222
ENSMUSG00000021986-C,7.310638637759849,,7.134187579004931
ENSMUSG00000022199-C,9.97857469916196,,10.150858858128286
ENSMUSG00000022211-C,3.9332209460107537,,2.5302208690762416
ENSMUSG00000022216-C,5.750129984284146,,6.182871356711661
ENSMUSG00000022223-C,6.338908261311043,,6.473940456094648
ENSMUSG00000022235-C,3.0246987074308613,,3.746222763186613
ENSMUSG00000022354-C,9.134574253783605,,9.242501752308543
ENSMUSG00000022371-C,0.7772103564006736,,0.0
ENSMUSG00000022407-C,4.575435833627302,,4.10772499717138
ENSMUSG00000022494-C,5.140085823727222,,5.459084337743453
ENSMUSG00000022516-C,7.398711529628299,,7.578249820654361
ENSMUSG00000022523-C,7.498897639631634,,7.473577829278595
ENSMUSG00000022604-C,5.080462981596519,,4.8431942786738436
ENSMUSG00000022750-C,5.9297994568407315,,6.549454490541073
ENSMUSG00000022768-C,1.6514266395573065,,0.9674048923102424
ENSMUSG00000022801-C,4.236136261201466,,4.10772499717138
ENSMUSG00000022833-C,1.2795471030274967,,2.2694164769105942
ENSMUSG00000022842-C,2.746422465537691,,1.9508269527020643
ENSMUSG00000022893-C,4.659334832483568,,3.746222763186613
ENSMUSG00000022914-C,7.440810499711236,,6.923272180705386
ENSMUSG00000022974-C,5.406033162232234,,4.8904275518483145
ENSMUSG00000022983-C,4.439662999975433,,5.065265859574233
ENSMUSG00000023025-C,6.425322328499713,,5.979472391231978
ENSMUSG00000023064-C,0.7772103564006736,,1.9508269527020643
ENSMUSG00000023089-C,9.249008005084756,,9.76385318064735
ENSMUSG00000023094-C,5.477115179497726,,5.979472391231978
ENSMUSG00000023755-C,4.699522886302211,,4.1855307145708
ENSMUSG00000024019-C,5.588316154296536,,6.001152214343189
ENSMUSG00000024038-C,8.412677208949695,,9.010996843726312
ENSMUSG00000024059-C,6.951587444978456,,6.59293568798173
ENSMUSG00000024083-C,9.661334555102831,,9.697346310509948
ENSMUSG00000024209-C,0.0,,0.0
ENSMUSG00000024220-C,7.791608704968015,,7.748137344803073
ENSMUSG00000024234-C,5.197342089539107,,5.065265859574233
ENSMUSG00000024236-C,3.2578804018563177,,3.845438166100454
ENSMUSG00000024294-C,6.917917602931262,,6.043558310150323
ENSMUSG00000024349-C,2.1919001964604257,,4.02548275212475
ENSMUSG00000024352-C,0.7772103564006736,,3.5246307075254704
ENSMUSG00000024378-C,5.381538985252328,,4.8431942786738436
ENSMUSG00000024383-C,5.381538985252328,,4.580608929613616
ENSMUSG00000024384-C,5.6305026547340224,,5.427408040689324
ENSMUSG00000024387-C,7.237457538847907,,7.585443643991612
ENSMUSG00000024423-C,7.974693558969127,,7.870969617095844
ENSMUSG00000024472-C,5.769137867242329,,5.793200171817112
ENSMUSG00000024664-C,4.575435833627302,,5.327979353604507
ENSMUSG00000024665-C,7.966482431278515,,7.754533789353521
ENSMUSG00000024666-C,4.48635483653251,,3.5246307075254704
ENSMUSG00000024713-C,4.439662999975433,,3.845438166100454
ENSMUSG00000024764-C,4.699522886302211,,4.1855307145708
ENSMUSG00000024892-C,5.225140046092457,,5.663249288214105
ENSMUSG00000024909-C,2.1919001964604257,,1.9508269527020643
ENSMUSG00000024914-C,8.804562189806951,,8.79218270614533
ENSMUSG00000025027-C,5.946594518406529,,5.842071024845519
ENSMUSG00000025103-C,5.963196308907811,,6.022511065463767
ENSMUSG00000025154-C,1.6514266395573065,,1.9508269527020643
ENSMUSG00000025278-C,4.699522886302211,,4.6914406784700216
ENSMUSG00000025317-C,0.0,,0.9674048923102424
ENSMUSG00000025323-C,4.986137502541371,,5.145332136575571
ENSMUSG00000025352-C,4.39140932542033,,4.8431942786738436
ENSMUSG00000025362-C,10.017843694927898,,10.226431739021884
ENSMUSG00000025371-C,5.080462981596519,,4.8904275518483145
ENSMUSG00000025429-C,1.6514266395573065,,3.3996089179664075
ENSMUSG00000025494-C,0.0,,0.0
ENSMUSG00000025504-C,2.401325369831886,,1.541336626495835
ENSMUSG00000025579-C,7.608493972597707,,7.549110358473554
ENSMUSG00000025730-C,6.273852920878147,,6.57858707249385
ENSMUSG00000025777-C,7.796249078044682,,7.689256148288877
ENSMUSG00000025815-C,0.7772103564006736,,0.0
ENSMUSG00000025872-C,5.8956111456391325,,6.767538070402273
ENSMUSG00000025892-C,6.246986546581152,,5.793200171817112
ENSMUSG00000025909-C,4.849936096679554,,4.8431942786738436
ENSMUSG00000026017-C,4.738621725110365,,4.02548275212475
ENSMUSG00000026088-C,3.2578804018563177,,4.259354157918123
ENSMUSG00000026103-C,8.454376420538997,,8.585275827438739
ENSMUSG00000026197-C,4.3414856993539885,,4.521827482917072
ENSMUSG00000026234-C,9.413582119881656,,9.86338391129166
ENSMUSG00000026295-C,0.0,,0.9674048923102424
ENSMUSG00000026361-C,6.726975935719819,,6.084753445231857
ENSMUSG00000026365-C,3.999106096059519,,3.5246307075254704
ENSMUSG00000026384-C,6.4608290612543335,,6.274739075351769
ENSMUSG00000026389-C,2.746422465537691,,2.7510183104581927
ENSMUSG00000026421-C,7.823782180737476,,7.865070144146003
ENSMUSG00000026466-C,5.8956111456391325,,4.521827482917072
ENSMUSG00000026469-C,7.416904575608156,,7.385652926373246
ENSMUSG00000026490-C,7.958224302153153,,7.735258742492562
ENSMUSG00000026495-C,4.659334832483568,,4.8431942786738436
ENSMUSG00000026510-C,4.180428819962158,,4.10772499717138
ENSMUSG00000026576-C,11.851910607115936,,11.998141138079705
ENSMUSG00000026589-C,1.2795471030274967,,0.0
ENSMUSG00000026600-C,5.787898569531948,,4.980493639492919
ENSMUSG00000026628-C,1.6514266395573065,,0.0
ENSMUSG00000026678-C,7.094073652007864,,6.327176761654603
ENSMUSG00000026723-C,1.6514266395573065,,1.9508269527020643
ENSMUSG00000026765-C,4.289772378807899,,5.023502307965054
ENSMUSG00000026771-C,5.110582387912509,,4.396551664627574
ENSMUSG00000026785-C,0.0,,2.5302208690762416
ENSMUSG00000026925-C,4.575435833627302,,4.02548275212475
ENSMUSG00000027010-C,8.042663326643742,,8.779693026339892
ENSMUSG00000027109-C,5.453808154536049,,4.6370888418991045
ENSMUSG00000027253-C,4.236136261201466,,2.9424659951760495
ENSMUSG00000027291-C,6.351574570213523,,6.256827573966689
ENSMUSG00000027331-C,1.6514266395573065,,0.0
ENSMUSG00000027361-C,3.7916732345197177,,3.938267275349735
ENSMUSG00000027408-C,1.6514266395573065,,1.9508269527020643
ENSMUSG00000027569-C,3.7916732345197177,,1.9508269527020643
ENSMUSG00000027612-C,5.381538985252328,,5.579261339751742
ENSMUSG00000027642-C,6.883443153408037,,7.063821193980948
ENSMUSG00000027737-C,6.043455054057982,,5.716642292891877
ENSMUSG00000027861-C,2.401325369831886,,2.2694164769105942
ENSMUSG00000027887-C,2.892259673652012,,2.2694164769105942
ENSMUSG00000028015-C,3.7916732345197177,,2.5302208690762416
ENSMUSG00000028068-C,0.7772103564006736,,0.0
ENSMUSG00000028080-C,4.919643509393843,,4.8431942786738436
ENSMUSG00000028125-C,0.0,,0.9674048923102424
ENSMUSG00000028180-C,7.6603203155640225,,7.816985228114627
ENSMUSG00000028261-C,6.484023842317532,,6.238690897249208
ENSMUSG00000028334-C,4.236136261201466,,5.065265859574233
ENSMUSG00000028443-C,3.1459955578315,,3.746222763186613
ENSMUSG00000028479-C,4.919643509393843,,4.460548930911179
ENSMUSG00000028494-C,3.2578804018563177,,3.1114590032192178
ENSMUSG00000028517-C,9.219944587344282,,8.744778203328877
ENSMUSG00000028580-C,8.069746021161784,,7.434274923793394
ENSMUSG00000028639-C,7.890400244817572,,7.5042669912730195
ENSMUSG00000028649-C,8.256437442554404,,7.592601774110125
ENSMUSG00000028681-C,1.2795471030274967,,0.0
ENSMUSG00000028747-C,1.9468263315634875,,1.541336626495835
ENSMUSG00000028795-C,5.018269461033357,,4.8904275518483145
ENSMUSG00000028811-C,6.40115620471674,,6.6212117663264545
ENSMUSG00000028838-C,6.260482272209529,,7.2012809173946595
ENSMUSG00000028967-C,4.289772378807899,,4.259354157918123
ENSMUSG00000028995-C,4.953273561611836,,4.10772499717138
ENSMUSG00000029020-C,7.837354160917858,,7.888524657609821
ENSMUSG00000029131-C,7.244265898529531,,7.15367759540957
ENSMUSG00000029276-C,4.617995133648742,,4.259354157918123
ENSMUSG00000029279-C,4.953273561611836,,4.6914406784700216
ENSMUSG00000029345-C,5.9297994568407315,,6.043558310150323
ENSMUSG00000029348-C,7.810081310305824,,8.148602588375658
ENSMUSG00000029461-C,9.076626974079051,,8.641576844352665
ENSMUSG00000029513-C,3.8641823602813914,,4.02548275212475
ENSMUSG00000029714-C,6.437255266636636,,5.579261339751742
ENSMUSG00000029882-C,0.0,,0.0
ENSMUSG00000029916-C,4.699522886302211,,2.5302208690762416
ENSMUSG00000030002-C,5.946594518406529,,3.5246307075254704
ENSMUSG00000030016-C,7.277833928157382,,6.549454490541073
ENSMUSG00000030035-C,4.39140932542033,,4.8904275518483145
ENSMUSG00000030323-C,5.912806571193141,,6.163774363983888
ENSMUSG00000030433-C,0.0,,0.0
ENSMUSG00000030465-C,8.483440504813201,,8.158283622377503
ENSMUSG00000030522-C,3.634711799651865,,2.7510183104581927
ENSMUSG00000030530-C,5.69155589194651,,6.256827573966689
ENSMUSG00000030714-C,3.634711799651865,,3.938267275349735
ENSMUSG00000030718-C,9.739310230831304,,9.97714753878483
ENSMUSG00000030733-C,6.376578375781896,,6.716029283591187
ENSMUSG00000030741-C,5.453808154536049,,5.8893404910648375
ENSMUSG00000030847-C,3.634711799651865,,3.746222763186613
ENSMUSG00000030942-C,5.711346006425334,,5.427408040689324
ENSMUSG00000031077-C,2.1919001964604257,,1.541336626495835
ENSMUSG00000031095-C,3.3617092928764207,,3.3996089179664075
ENSMUSG00000031103-C,0.7772103564006736,,0.0
ENSMUSG00000031138-C,0.0,,1.541336626495835
ENSMUSG00000031145-C,1.9468263315634875,,2.5302208690762416
ENSMUSG00000031174-C,4.236136261201466,,3.3996089179664075
ENSMUSG00000031209-C,1.2795471030274967,,1.541336626495835
ENSMUSG00000031327-C,6.784157246689743,,6.292430924220512
ENSMUSG00000031328-C,4.617995133648742,,3.3996089179664075
ENSMUSG00000031337-C,3.0246987074308613,,0.0
ENSMUSG00000031393-C,7.8192296656721405,,7.4813115386323314
ENSMUSG00000031429-C,4.813777272288485,,5.768129583832366
ENSMUSG00000031490-C,3.999106096059519,,3.3996089179664075
ENSMUSG00000031563-C,7.223743664727867,,6.888796653358917
ENSMUSG00000031574-C,1.6514266395573065,,1.541336626495835
ENSMUSG00000031604-C,7.715258052645833,,7.627869182349187
ENSMUSG00000031618-C,3.2578804018563177,,3.5246307075254704
ENSMUSG00000031644-C,5.730868320163798,,5.579261339751742
ENSMUSG00000031665-C,3.634711799651865,,3.845438166100454
ENSMUSG00000031706-C,5.331266589603605,,4.259354157918123
ENSMUSG00000031872-C,5.110582387912509,,5.22118758575261
ENSMUSG00000031913-C,7.310638637759849,,7.2653922107751505
ENSMUSG00000031954-C,7.392595838485521,,7.627869182349187
ENSMUSG00000031995-C,0.0,,0.0
ENSMUSG00000032062-C,2.1919001964604257,,0.0
ENSMUSG00000032078-C,5.979609225963587,,5.607804056031114
ENSMUSG00000032089-C,2.401325369831886,,2.7510183104581927
ENSMUSG00000032097-C,8.52596743192582,,8.256195235999066
ENSMUSG00000032193-C,5.750129984284146,,5.361889365568656
ENSMUSG00000032198-C,3.999106096059519,,3.2627160682075655
ENSMUSG00000032202-C,1.9468263315634875,,2.2694164769105942
ENSMUSG00000032253-C,7.086516337472622,,6.865346597560178
ENSMUSG00000032336-C,9.73448274122136,,9.97166745255335
ENSMUSG00000032342-C,4.236136261201466,,4.936163324154059
ENSMUSG00000032384-C,6.376578375781896,,5.663249288214105
ENSMUSG00000032413-C,6.495482873446011,,5.716642292891877
ENSMUSG00000032418-C,6.615867568309883,,7.043069616353553
ENSMUSG00000032436-C,0.0,,0.0
ENSMUSG00000032443-C,2.892259673652012,,2.2694164769105942
ENSMUSG00000032489-C,1.6514266395573065,,2.2694164769105942
ENSMUSG00000032501-C,7.34271397190757,,7.043069616353553
ENSMUSG00000032530-C,0.7772103564006736,,1.9508269527020643
ENSMUSG00000032553-C,4.776688836150023,,5.427408040689324
ENSMUSG00000032558-C,2.584167946796685,,1.9508269527020643
ENSMUSG00000032563-C,6.177546666935104,,5.979472391231978
ENSMUSG00000032599-C,6.615867568309883,,6.256827573966689
ENSMUSG00000032606-C,7.188877574729653,,7.675838551328577
ENSMUSG00000032727-C,5.824703575956722,,5.490080055647806
ENSMUSG00000032834-C,4.617995133648742,,5.145332136575571
ENSMUSG00000033111-C,5.140085823727222,,5.105854363727924
ENSMUSG00000033453-C,3.8641823602813914,,2.7510183104581927
ENSMUSG00000033544-C,1.2795471030274967,,0.0
ENSMUSG00000033585-C,7.543740095007808,,7.5710199463532515
ENSMUSG00000033618-C,6.027756525816631,,5.817842524086916
ENSMUSG00000033671-C,6.148807036467134,,5.490080055647806
ENSMUSG00000033706-C,4.659334832483568,,4.794362111747247
ENSMUSG00000033773-C,4.180428819962158,,3.845438166100454
ENSMUSG00000033917-C,8.205017464331647,,8.950994840730237
ENSMUSG00000033991-C,4.439662999975433,,4.6370888418991045
ENSMUSG00000034042-C,4.776688836150023,,4.6370888418991045
ENSMUSG00000034055-C,4.617995133648742,,4.396551664627574
ENSMUSG00000034324-C,3.4585648108342464,,2.2694164769105942
ENSMUSG00000034432-C,7.237457538847907,,7.385652926373246
ENSMUSG00000034462-C,4.39140932542033,,3.845438166100454
ENSMUSG00000034467-C,1.6514266395573065,,2.5302208690762416
ENSMUSG00000034601-C,3.3617092928764207,,1.9508269527020643
ENSMUSG00000034731-C,8.553637871229474,,8.205737674112223
ENSMUSG00000034789-C,7.392595838485521,,7.76724222271587
ENSMUSG00000034880-C,7.361622357995455,,7.792328102324463
ENSMUSG00000034906-C,1.2795471030274967,,0.0
ENSMUSG00000035133-C,8.169690239593388,,7.641738238383324
ENSMUSG00000035164-C,3.0246987074308613,,1.541336626495835
ENSMUSG00000035211-C,0.7772103564006736,,0.0
ENSMUSG00000035247-C,8.118732158713964,,7.9058686499183715
ENSMUSG00000035284-C,6.219610348077359,,5.459084337743453
ENSMUSG00000035576-C,1.9468263315634875,,0.0
ENSMUSG00000035585-C,5.946594518406529,,6.361105423335319
ENSMUSG00000035637-C,5.430118408561993,,5.716642292891877
ENSMUSG00000035653-C,6.755849870781643,,6.238690897249208
ENSMUSG00000035829-C,5.140085823727222,,5.520423825414303
ENSMUSG00000036002-C,5.140085823727222,,5.520423825414303
ENSMUSG00000036097-C,5.588316154296536,,4.8431942786738436
ENSMUSG00000036120-C,3.4585648108342464,,3.639677013987396
ENSMUSG00000036186-C,7.422918296173071,,8.335135349955541
ENSMUSG00000036330-C,0.7772103564006736,,0.0
ENSMUSG00000036391-C,4.439662999975433,,3.2627160682075655
ENSMUSG00000036442-C,5.946594518406529,,6.084753445231857
ENSMUSG00000036461-C,4.617995133648742,,3.3996089179664075
ENSMUSG00000036503-C,5.711346006425334,,5.817842524086916
ENSMUSG00000036504-C,6.746289291117568,,6.6351446612098135
ENSMUSG00000036550-C,5.8956111456391325,,5.979472391231978
ENSMUSG00000036552-C,3.0246987074308613,,1.9508269527020643
ENSMUSG00000036632-C,4.986137502541371,,5.105854363727924
ENSMUSG00000036655-C,1.2795471030274967,,0.9674048923102424
ENSMUSG00000036699-C,5.356621751401304,,5.183758354116718
ENSMUSG00000036850-C,6.364130640930874,,6.742013543161964
ENSMUSG00000036885-C,4.39140932542033,,4.32958319926474
ENSMUSG00000036934-C,4.813777272288485,,4.6370888418991045
ENSMUSG00000036985-C,5.769137867242329,,6.473940456094648
ENSMUSG00000037013-C,5.2524124990211,,5.607804056031114
ENSMUSG00000037104-C,6.657267409371851,,6.377775151174897
ENSMUSG00000037119-C,5.750129984284146,,5.935110196826683
ENSMUSG00000037349-C,3.8641823602813914,,3.746222763186613
ENSMUSG00000037416-C,5.477115179497726,,5.065265859574233
ENSMUSG00000037487-C,6.765347510414817,,5.912406842639173
ENSMUSG00000037542-C,0.7772103564006736,,0.0
ENSMUSG00000037568-C,0.7772103564006736,,0.0
ENSMUSG00000037685-C,8.118732158713964,,8.269655537672516
ENSMUSG00000037697-C,6.677530181551333,,6.220323311434717
ENSMUSG00000037731-C,0.0,,2.5302208690762416
ENSMUSG00000037784-C,3.1459955578315,,3.639677013987396
ENSMUSG00000037857-C,8.20152341610698,,7.599724563456278
ENSMUSG00000037904-C,4.776688836150023,,5.293253074851672
ENSMUSG00000038056-C,7.729884982885957,,7.15367759540957
ENSMUSG00000038135-C,1.2795471030274967,,0.9674048923102424
ENSMUSG00000038146-C,3.7153260891446704,,2.7510183104581927
ENSMUSG00000038151-C,2.746422465537691,,0.0
ENSMUSG00000038188-C,1.6514266395573065,,0.0
ENSMUSG00000038214-C,2.584167946796685,,1.541336626495835
ENSMUSG00000038295-C,2.401325369831886,,2.9424659951760495
ENSMUSG00000038319-C,4.659334832483568,,3.938267275349735
ENSMUSG00000038332-C,5.750129984284146,,5.842071024845519
ENSMUSG00000038365-C,6.191704601326645,,6.426658913196865
ENSMUSG00000038437-C,7.98285821721922,,7.669082665106966
ENSMUSG00000038451-C,3.0246987074308613,,2.2694164769105942
ENSMUSG00000038608-C,4.48635483653251,,3.1114590032192178
ENSMUSG00000038690-C,9.326440214105515,,9.330761187725296
ENSMUSG00000038773-C,3.9332209460107537,,2.7510183104581927
ENSMUSG00000038774-C,5.279178948907182,,3.746222763186613
ENSMUSG00000038777-C,3.8641823602813914,,4.1855307145708
ENSMUSG00000038888-C,4.062113346059046,,4.460548930911179
ENSMUSG00000039096-C,5.305457830624016,,4.794362111747247
ENSMUSG00000039130-C,5.69155589194651,,6.394254465449894
ENSMUSG00000039308-C,3.7916732345197177,,3.3996089179664075
ENSMUSG00000039313-C,2.584167946796685,,3.5246307075254704
ENSMUSG00000039377-C,1.6514266395573065,,2.5302208690762416
ENSMUSG00000039452-C,0.0,,0.0
ENSMUSG00000039477-C,6.615867568309883,,5.607804056031114
ENSMUSG00000039545-C,1.2795471030274967,,1.9508269527020643
ENSMUSG00000039585-C,8.081199043792108,,7.599724563456278
ENSMUSG00000039656-C,6.736664931658247,,6.956943050848777
ENSMUSG00000039704-C,7.398711529628299,,7.114430653286817
ENSMUSG00000039713-C,7.26450029470686,,7.063821193980948
ENSMUSG00000039835-C,3.3617092928764207,,4.1855307145708
ENSMUSG00000039851-C,1.6514266395573065,,1.9508269527020643
ENSMUSG00000040177-C,4.953273561611836,,5.842071024845519
ENSMUSG00000040209-C,6.636715985923314,,6.361105423335319
ENSMUSG00000040351-C,4.48635483653251,,4.580608929613616
ENSMUSG00000040389-C,6.605329279767793,,6.084753445231857
ENSMUSG00000040473-C,3.2578804018563177,,3.746222763186613
ENSMUSG00000040488-C,5.750129984284146,,5.22118758575261
ENSMUSG00000040489-C,0.0,,0.9674048923102424
ENSMUSG00000040520-C,4.813777272288485,,4.6370888418991045
ENSMUSG00000040532-C,5.049701334974736,,5.490080055647806
ENSMUSG00000040652-C,8.144436176622714,,8.52294618233559
ENSMUSG00000040661-C,4.39140932542033,,3.639677013987396
ENSMUSG00000040760-C,8.137138782896917,,7.9058686499183715
ENSMUSG00000040940-C,4.699522886302211,,3.938267275349735
ENSMUSG00000040957-C,5.651142147478838,,5.065265859574233
ENSMUSG00000041058-C,5.522629174160855,,5.361889365568656
ENSMUSG00000041153-C,4.813777272288485,,4.521827482917072
ENSMUSG00000041229-C,5.305457830624016,,4.794362111747247
ENSMUSG00000041361-C,1.6514266395573065,,1.541336626495835
ENSMUSG00000041548-C,5.60956359834747,,5.459084337743453
ENSMUSG00000041594-C,4.39140932542033,,3.639677013987396
ENSMUSG00000041596-C,0.0,,0.0
ENSMUSG00000041605-C,2.401325369831886,,0.9674048923102424
ENSMUSG00000041633-C,0.7772103564006736,,1.9508269527020643
ENSMUSG00000041649-C,3.0246987074308613,,1.541336626495835
ENSMUSG00000041669-C,1.2795471030274967,,0.9674048923102424
ENSMUSG00000041685-C,5.588316154296536,,4.6914406784700216
ENSMUSG00000041805-C,0.0,,0.0
ENSMUSG00000041841-C,11.01764455800503,,11.07363756097276
ENSMUSG00000042099-C,3.8641823602813914,,3.1114590032192178
ENSMUSG00000042249-C,6.148807036467134,,5.579261339751742
ENSMUSG00000042302-C,5.544858804492465,,5.39502060500585
ENSMUSG00000042396-C,5.110582387912509,,4.521827482917072
ENSMUSG00000042408-C,2.892259673652012,,1.9508269527020643
ENSMUSG00000042462-C,4.776688836150023,,5.579261339751742
ENSMUSG00000042496-C,4.813777272288485,,4.580608929613616
ENSMUSG00000042508-C,5.500051653239064,,5.520423825414303
ENSMUSG00000042595-C,5.356621751401304,,4.396551664627574
ENSMUSG00000042670-C,5.140085823727222,,4.1855307145708
ENSMUSG00000042747-C,7.145894601751547,,7.393871243046704
ENSMUSG00000043085-C,0.0,,0.9674048923102424
ENSMUSG00000043257-C,2.401325369831886,,2.5302208690762416
ENSMUSG00000043298-C,2.401325369831886,,1.541336626495835
ENSMUSG00000043313-C,4.122483625321924,,3.1114590032192178
ENSMUSG00000043372-C,3.7916732345197177,,4.02548275212475
ENSMUSG00000043467-C,3.999106096059519,,4.02548275212475
ENSMUSG00000043510-C,2.746422465537691,,3.746222763186613
ENSMUSG00000043635-C,0.0,,1.9508269527020643
ENSMUSG00000043857-C,5.995837518786952,,6.394254465449894
ENSMUSG00000043903-C,1.6514266395573065,,2.7510183104581927
ENSMUSG00000043948-C,1.2795471030274967,,0.0
ENSMUSG00000044150-C,4.3414856993539885,,2.2694164769105942
ENSMUSG00000044162-C,0.0,,0.0
ENSMUSG00000044201-C,0.0,,0.0
ENSMUSG00000044216-C,9.099335102224488,,9.60833115351448
ENSMUSG00000044328-C,1.6514266395573065,,1.541336626495835
ENSMUSG00000044337-C,3.7916732345197177,,3.845438166100454
ENSMUSG00000044550-C,8.623191582352604,,8.718844139958152
ENSMUSG00000044791-C,7.131277574219494,,6.8415090698073335
ENSMUSG00000044816-C,2.584167946796685,,1.541336626495835
ENSMUSG00000044927-C,5.979609225963587,,6.182871356711661
ENSMUSG00000045005-C,2.584167946796685,,0.0
ENSMUSG00000045007-C,7.063603924098773,,7.229106755949058
ENSMUSG00000045036-C,3.0246987074308613,,2.7510183104581927
ENSMUSG00000045210-C,6.784157246689743,,6.344240830097475
ENSMUSG00000045790-C,6.177546666935104,,5.663249288214105
ENSMUSG00000045980-C,4.531582777984604,,5.22118758575261
ENSMUSG00000046058-C,7.0166576626587345,,7.669082665106966
ENSMUSG00000046139-C,5.453808154536049,,4.32958319926474
ENSMUSG00000046157-C,4.659334832483568,,5.361889365568656
ENSMUSG00000046230-C,6.6674343692098645,,6.377775151174897
ENSMUSG00000046719-C,5.305457830624016,,5.768129583832366
ENSMUSG00000046916-C,1.2795471030274967,,1.9508269527020643
ENSMUSG00000046991-C,2.892259673652012,,2.5302208690762416
ENSMUSG00000047022-C,1.6514266395573065,,1.541336626495835
ENSMUSG00000047139-C,1.2795471030274967,,0.9674048923102424
ENSMUSG00000047146-C,4.439662999975433,,4.02548275212475
ENSMUSG00000047260-C,7.655220662602489,,7.900110455712265
ENSMUSG00000047412-C,6.6263294369063175,,5.935110196826683
ENSMUSG00000047419-C,1.6514266395573065,,4.32958319926474
ENSMUSG00000047454-C,6.830135852123289,,6.327176761654603
ENSMUSG00000047591-C,3.2578804018563177,,2.5302208690762416
ENSMUSG00000047694-C,4.885210773049062,,4.980493639492919
ENSMUSG00000047789-C,5.522629174160855,,4.980493639492919
ENSMUSG00000047909-C,3.8641823602813914,,3.746222763186613
ENSMUSG00000048154-C,6.437255266636636,,5.768129583832366
ENSMUSG00000048280-C,5.842759860813478,,5.065265859574233
ENSMUSG00000048537-C,5.979609225963587,,5.327979353604507
ENSMUSG00000048655-C,0.0,,0.0
ENSMUSG00000048921-C,2.746422465537691,,4.1855307145708
ENSMUSG00000049122-C,2.746422465537691,,1.541336626495835
ENSMUSG00000049124-C,1.9468263315634875,,1.541336626495835
ENSMUSG00000049230-C,1.9468263315634875,,1.9508269527020643
ENSMUSG00000049553-C,4.617995133648742,,4.794362111747247
ENSMUSG00000049600-C,4.986137502541371,,5.105854363727924
ENSMUSG00000049929-C,2.746422465537691,,1.541336626495835
ENSMUSG00000050164-C,4.575435833627302,,5.520423825414303
ENSMUSG00000050174-C,2.892259673652012,,2.2694164769105942
ENSMUSG00000050213-C,4.236136261201466,,4.02548275212475
ENSMUSG00000050315-C,0.0,,1.9508269527020643
ENSMUSG00000050334-C,5.824703575956722,,5.5501425085122
ENSMUSG00000050423-C,4.738621725110365,,4.32958319926474
ENSMUSG00000050503-C,0.0,,0.0
ENSMUSG00000050538-C,6.163248415049496,,5.912406842639173
ENSMUSG00000050619-C,3.0246987074308613,,3.3996089179664075
ENSMUSG00000051029-C,0.7772103564006736,,0.0
ENSMUSG00000051124-C,1.6514266395573065,,0.9674048923102424
ENSMUSG00000051278-C,3.2578804018563177,,1.541336626495835
ENSMUSG00000051285-C,7.0166576626587345,,7.172907818184244
ENSMUSG00000051346-C,3.3617092928764207,,3.5246307075254704
ENSMUSG00000051730-C,4.531582777984604,,3.938267275349735
ENSMUSG00000051790-C,8.081199043792108,,8.269655537672516
ENSMUSG00000052302-C,6.8391583123595545,,7.369074498388717
ENSMUSG00000052353-C,2.1919001964604257,,3.639677013987396
ENSMUSG00000052917-C,6.191704601326645,,5.742615612720075
ENSMUSG00000052957-C,3.7153260891446704,,2.7510183104581927
ENSMUSG00000053062-C,4.738621725110365,,4.743818998588079
ENSMUSG00000053178-C,2.746422465537691,,2.2694164769105942
ENSMUSG00000053477-C,10.935895198419152,,10.337118156005582
ENSMUSG00000053545-C,0.0,,1.541336626495835
ENSMUSG00000053693-C,5.946594518406529,,6.292430924220512
ENSMUSG00000053861-C,0.0,,0.0
ENSMUSG00000053870-C,3.2578804018563177,,2.5302208690762416
ENSMUSG00000053877-C,1.2795471030274967,,0.9674048923102424
ENSMUSG00000054226-C,6.636715985923314,,6.702859519966016
ENSMUSG00000054237-C,5.197342089539107,,5.145332136575571
ENSMUSG00000054405-C,8.007078561748253,,8.43806790506914
ENSMUSG00000054435-C,1.2795471030274967,,0.0
ENSMUSG00000054452-C,9.6291847745155,,9.757498012951736
ENSMUSG00000054648-C,5.500051653239064,,4.936163324154059
ENSMUSG00000054693-C,6.104594749209463,,6.220323311434717
ENSMUSG00000054717-C,2.746422465537691,,3.5246307075254704
ENSMUSG00000054723-C,4.289772378807899,,3.2627160682075655
ENSMUSG00000055024-C,6.573244522093157,,6.144421188971585
ENSMUSG00000055093-C,1.6514266395573065,,1.9508269527020643
ENSMUSG00000055302-C,8.913220001861692,,8.962091551552074
ENSMUSG00000055435-C,7.990976929041616,,7.939943370344451
ENSMUSG00000055538-C,6.326129761354973,,6.394254465449894
ENSMUSG00000055560-C,3.4585648108342464,,2.7510183104581927
ENSMUSG00000055707-C,5.522629174160855,,6.163774363983888
ENSMUSG00000056211-C,9.179667728732277,,8.163099886573915
ENSMUSG00000056418-C,0.0,,0.9674048923102424
ENSMUSG00000056476-C,5.381538985252328,,3.845438166100454
ENSMUSG00000056536-C,3.0246987074308613,,2.9424659951760495
ENSMUSG00000056602-C,6.540429955434854,,6.30990844266309
ENSMUSG00000056895-C,5.500051653239064,,6.394254465449894
ENSMUSG00000057440-C,2.584167946796685,,2.5302208690762416
ENSMUSG00000057778-C,4.738621725110365,,5.065265859574233
ENSMUSG00000058183-C,2.584167946796685,,1.541336626495835
ENSMUSG00000058258-C,1.2795471030274967,,1.541336626495835
ENSMUSG00000058392-C,4.575435833627302,,4.259354157918123
ENSMUSG00000058603-C,0.7772103564006736,,0.9674048923102424
ENSMUSG00000058672-C,9.51136498776309,,10.11898960930506
ENSMUSG00000058799-C,8.834196677953482,,8.631186405274695
ENSMUSG00000058806-C,1.2795471030274967,,2.9424659951760495
ENSMUSG00000058897-C,5.018269461033357,,5.065265859574233
ENSMUSG00000059325-C,4.776688836150023,,4.794362111747247
ENSMUSG00000059456-C,9.04383269490639,,9.29171115788445
ENSMUSG00000059482-C,5.453808154536049,,5.39502060500585
ENSMUSG00000059669-C,5.2524124990211,,3.5246307075254704
ENSMUSG00000059742-C,7.710349267721902,,7.457984916313427
ENSMUSG00000059791-C,2.401325369831886,,2.2694164769105942
ENSMUSG00000059975-C,4.439662999975433,,3.5246307075254704
ENSMUSG00000060257-C,3.999106096059519,,4.580608929613616
ENSMUSG00000060279-C,7.0166576626587345,,6.923272180705386
ENSMUSG00000060445-C,1.2795471030274967,,0.0
ENSMUSG00000060487-C,6.043455054057982,,5.39502060500585
ENSMUSG00000060548-C,6.717221429241322,,6.201718860928222
ENSMUSG00000060743-C,4.617995133648742,,3.746222763186613
ENSMUSG00000060904-C,6.472473065247122,,7.032580810243728
ENSMUSG00000061244-C,7.1531479520084,,7.043069616353553
ENSMUSG00000062352-C,4.986137502541371,,5.145332136575571
ENSMUSG00000062743-C,0.7772103564006736,,0.0
ENSMUSG00000063052-C,4.738621725110365,,5.065265859574233
ENSMUSG00000063109-C,1.2795471030274967,,2.9424659951760495
ENSMUSG00000063142-C,9.667679423568291,,9.32001955533782
ENSMUSG00000063439-C,5.197342089539107,,5.579261339751742
ENSMUSG00000063661-C,1.9468263315634875,,0.0
ENSMUSG00000063663-C,4.617995133648742,,4.1855307145708
ENSMUSG00000063696-C,0.0,,0.0
ENSMUSG00000063931-C,4.617995133648742,,5.145332136575571
ENSMUSG00000064032-C,0.0,,0.0
ENSMUSG00000064138-C,6.043455054057982,,5.635793012592533
ENSMUSG00000064442-C,0.7772103564006736,,0.0
ENSMUSG00000066042-C,3.7153260891446704,,3.639677013987396
ENSMUSG00000066057-C,5.878208293690751,,6.57858707249385
ENSMUSG00000066441-C,5.522629174160855,,4.794362111747247
ENSMUSG00000067028-C,0.0,,0.0
ENSMUSG00000067297-C,2.584167946796685,,1.541336626495835
ENSMUSG00000067719-C,0.0,,0.0
ENSMUSG00000067869-C,0.0,,0.0
ENSMUSG00000067924-C,8.636191243513895,,9.071167254581736
ENSMUSG00000068114-C,3.7916732345197177,,3.5246307075254704
ENSMUSG00000068196-C,4.39140932542033,,2.2694164769105942
ENSMUSG00000068263-C,3.7153260891446704,,2.5302208690762416
ENSMUSG00000068457-C,5.049701334974736,,3.2627160682075655
ENSMUSG00000068522-C,1.6514266395573065,,1.541336626495835
ENSMUSG00000068699-C,0.0,,0.9674048923102424
ENSMUSG00000068742-C,6.968132206390314,,7.247363558018637
ENSMUSG00000068921-C,6.892139303859188,,6.81727105004612
ENSMUSG00000069020-C,6.697512298679454,,7.256406046118196
ENSMUSG00000069072-C,6.449090313207337,,6.442592222734471
ENSMUSG00000069089-C,4.699522886302211,,4.259354157918123
ENSMUSG00000069206-C,3.5493249877461848,,3.845438166100454
ENSMUSG00000069670-C,5.049701334974736,,4.521827482917072
ENSMUSG00000069763-C,3.9332209460107537,,3.2627160682075655
ENSMUSG00000069769-C,6.647028292130711,,6.124804864843448
ENSMUSG00000070407-C,0.7772103564006736,,0.9674048923102424
ENSMUSG00000070871-C,3.8641823602813914,,3.1114590032192178
ENSMUSG00000071531-C,3.0246987074308613,,1.9508269527020643
ENSMUSG00000071636-C,1.9468263315634875,,0.0
ENSMUSG00000071637-C,4.39140932542033,,4.02548275212475
ENSMUSG00000071648-C,3.7916732345197177,,4.02548275212475
ENSMUSG00000071711-C,4.885210773049062,,4.10772499717138
ENSMUSG00000072115-C,0.7772103564006736,,1.9508269527020643
ENSMUSG00000072844-C,1.9468263315634875,,0.9674048923102424
ENSMUSG00000072893-C,4.180428819962158,,3.639677013987396
ENSMUSG00000073374-C,3.2578804018563177,,2.2694164769105942
ENSMUSG00000073664-C,5.279178948907182,,4.794362111747247
ENSMUSG00000073702-C,9.345561681110992,,9.435986549708264
ENSMUSG00000073705-C,3.0246987074308613,,3.5246307075254704
ENSMUSG00000073755-C,7.966482431278515,,8.519194503817968
ENSMUSG00000074136-C,0.0,,1.541336626495835
ENSMUSG00000074220-C,1.6514266395573065,,2.2694164769105942
ENSMUSG00000074252-C,0.7772103564006736,,2.5302208690762416
ENSMUSG00000074274-C,0.0,,0.0
ENSMUSG00000074384-C,2.746422465537691,,3.639677013987396
ENSMUSG00000074656-C,8.492046768467263,,8.861972805977725
ENSMUSG00000074916-C,0.0,,0.0
ENSMUSG00000075254-C,5.080462981596519,,4.521827482917072
ENSMUSG00000078091-C,1.6514266395573065,,1.541336626495835
ENSMUSG00000078439-C,0.7772103564006736,,1.9508269527020643
ENSMUSG00000078451-C,2.584167946796685,,0.9674048923102424
ENSMUSG00000078532-C,1.2795471030274967,,0.0
ENSMUSG00000078653-C,0.0,,0.0
ENSMUSG00000078700-C,3.9332209460107537,,2.2694164769105942
ENSMUSG00000078716-C,6.177546666935104,,7.256406046118196
ENSMUSG00000078942-C,0.0,,0.0
ENSMUSG00000079036-C,4.986137502541371,,4.6370888418991045
ENSMUSG00000079215-C,6.40115620471674,,6.256827573966689
ENSMUSG00000079434-C,3.0246987074308613,,3.3996089179664075
ENSMUSG00000081278-C,0.0,,0.0
ENSMUSG00000082491-C,1.9468263315634875,,0.9674048923102424
ENSMUSG00000082515-C,0.0,,0.0
ENSMUSG00000082626-C,0.7772103564006736,,1.541336626495835
ENSMUSG00000083061-C,0.7772103564006736,,0.0
ENSMUSG00000083396-C,1.2795471030274967,,0.9674048923102424
ENSMUSG00000083563-C,4.3414856993539885,,4.1855307145708
ENSMUSG00000085028-C,2.746422465537691,,0.9674048923102424
ENSMUSG00000085037-C,2.584167946796685,,3.1114590032192178
ENSMUSG00000085078-C,0.0,,0.0
ENSMUSG00000085111-C,0.0,,0.9674048923102424
ENSMUSG00000085255-C,2.401325369831886,,1.9508269527020643
ENSMUSG00000085315-C,2.1919001964604257,,0.9674048923102424
ENSMUSG00000085712-C,0.0,,0.9674048923102424
ENSMUSG00000085891-C,0.7772103564006736,,0.0
ENSMUSG00000086015-C,0.7772103564006736,,0.0
ENSMUSG00000086170-C,0.0,,0.0
ENSMUSG00000086213-C,1.2795471030274967,,0.0
ENSMUSG00000086291-C,3.4585648108342464,,0.0
ENSMUSG00000086370-C,4.575435833627302,,1.9508269527020643
ENSMUSG00000086822-C,1.9468263315634875,,0.0
ENSMUSG00000087252-C,0.0,,0.0
ENSMUSG00000087331-C,2.746422465537691,,3.639677013987396
ENSMUSG00000087347-C,0.0,,0.0
ENSMUSG00000087352-C,1.6514266395573065,,2.2694164769105942
ENSMUSG00000087444-C,0.0,,0.0
ENSMUSG00000087516-C,0.0,,0.0
ENSMUSG00000087556-C,0.0,,0.0
ENSMUSG00000087660-C,0.7772103564006736,,0.0
ENSMUSG00000087679-C,7.116510933460998,,7.219890980038112
ENSMUSG00000087698-C,1.2795471030274967,,1.541336626495835
ENSMUSG00000088208-C,0.0,,0.0
ENSMUSG00000089665-C,3.3617092928764207,,3.746222763186613
ENSMUSG00000089715-C,11.205101880955194,,11.2554470993241
ENSMUSG00000089941-C,0.0,,0.0
ENSMUSG00000090138-C,1.6514266395573065,,0.0
ENSMUSG00000090290-C,2.1919001964604257,,2.2694164769105942
ENSMUSG00000090523-C,1.6514266395573065,,2.2694164769105942
ENSMUSG00000091523-C,0.7772103564006736,,0.0
ENSMUSG00000092074-C,1.9468263315634875,,0.9674048923102424
ENSMUSG00000092241-C,0.7772103564006736,,0.9674048923102424
ENSMUSG00000092325-C,0.0,,0.0
ENSMUSG00000093577-C,1.2795471030274967,,0.0
ENSMUSG00000093930-C,8.631005426855868,,8.928542032990977
ENSMUSG00000094152-C,1.2795471030274967,,0.9674048923102424
ENSMUSG00000094595-C,0.0,,1.9508269527020643
ENSMUSG00000094724-C,0.7772103564006736,,1.541336626495835
ENSMUSG00000094840-C,3.2578804018563177,,1.541336626495835
ENSMUSG00000095253-C,4.236136261201466,,4.32958319926474
ENSMUSG00000097156-C,6.472473065247122,,4.521827482917072
ENSMUSG00000097316-C,2.584167946796685,,1.9508269527020643
ENSMUSG00000097439-C,1.2795471030274967,,0.0
ENSMUSG00000097497-C,2.892259673652012,,0.9674048923102424
ENSMUSG00000097535-C,1.2795471030274967,,0.0
ENSMUSG00000097602-C,0.0,,0.0
ENSMUSG00000097793-C,1.6514266395573065,,1.541336626495835
ENSMUSG00000097881-C,3.2578804018563177,,1.541336626495835
ENSMUSG00000097911-C,2.892259673652012,,1.541336626495835
ENSMUSG00000098098-C,2.1919001964604257,,2.2694164769105942
ENSMUSG00000098158-C,0.0,,0.0
ENSMUSG00000098187-C,1.6514266395573065,,0.0
ENSMUSG00000098383-C,0.7772103564006736,,0.9674048923102424
ENSMUSG00000098739-C,0.7772103564006736,,0.0
ENSMUSG00000099655-C,2.1919001964604257,,1.541336626495835
ENSMUSG00000100707-C,0.0,,0.9674048923102424
ENSMUSG00000100764-C,2.1919001964604257,,2.2694164769105942
ENSMUSG00000101599-C,3.5493249877461848,,3.3996089179664075
ENSMUSG00000101778-C,1.6514266395573065,,0.0
ENSMUSG00000102018-C,0.0,,2.9424659951760495
ENSMUSG00000102555-C,1.9468263315634875,,0.0
ENSMUSG00000102570-C,1.2795471030274967,,0.9674048923102424
ENSMUSG00000102573-C,2.892259673652012,,1.541336626495835
ENSMUSG00000102600-C,5.168997979309402,,3.639677013987396
ENSMUSG00000102698-C,1.9468263315634875,,0.0
ENSMUSG00000102760-C,1.2795471030274967,,1.541336626495835
ENSMUSG00000102783-C,0.7772103564006736,,0.0
ENSMUSG00000102854-C,3.7153260891446704,,1.9508269527020643
ENSMUSG00000102976-C,0.7772103564006736,,0.0
ENSMUSG00000103038-C,2.892259673652012,,1.9508269527020643
ENSMUSG00000103146-C,0.7772103564006736,,0.0
ENSMUSG00000103313-C,0.0,,0.0
ENSMUSG00000103423-C,1.2795471030274967,,0.0
ENSMUSG00000103539-C,2.401325369831886,,0.0
ENSMUSG00000103552-C,1.9468263315634875,,0.0
ENSMUSG00000103693-C,3.634711799651865,,1.9508269527020643
ENSMUSG00000103776-C,1.2795471030274967,,0.0
ENSMUSG00000103800-C,0.0,,0.0
ENSMUSG00000103809-C,2.746422465537691,,0.0
ENSMUSG00000103869-C,2.1919001964604257,,0.0
ENSMUSG00000103882-C,3.8641823602813914,,0.0
ENSMUSG00000103891-C,3.9332209460107537,,2.2694164769105942
ENSMUSG00000103970-C,1.9468263315634875,,0.0
ENSMUSG00000103991-C,1.2795471030274967,,0.0
ENSMUSG00000104154-C,2.892259673652012,,1.541336626495835
ENSMUSG00000104204-C,1.9468263315634875,,1.9508269527020643
ENSMUSG00000104277-C,4.531582777984604,,2.7510183104581927
ENSMUSG00000104343-C,3.0246987074308613,,1.9508269527020643
ENSMUSG00000104344-C,3.7153260891446704,,1.541336626495835
ENSMUSG00000104388-C,0.7772103564006736,,0.0
ENSMUSG00000104420-C,3.1459955578315,,0.9674048923102424
ENSMUSG00000104693-C,1.2795471030274967,,0.0
ENSMUSG00000104704-C,3.0246987074308613,,0.0
ENSMUSG00000104713-C,0.0,,0.0
ENSMUSG00000104764-C,0.7772103564006736,,0.0
ENSMUSG00000104951-C,3.3617092928764207,,0.9674048923102424
ENSMUSG00000104973-C,2.584167946796685,,0.0
ENSMUSG00000104994-C,2.584167946796685,,0.0
ENSMUSG00000105050-C,3.3617092928764207,,2.2694164769105942
ENSMUSG00000105119-C,2.584167946796685,,0.0
ENSMUSG00000105224-C,2.401325369831886,,0.0
ENSMUSG00000105322-C,4.575435833627302,,2.5302208690762416
ENSMUSG00000105520-C,0.0,,0.9674048923102424
ENSMUSG00000105578-C,1.2795471030274967,,0.0
ENSMUSG00000105586-C,0.0,,0.0
ENSMUSG00000105624-C,2.892259673652012,,0.0
ENSMUSG00000105843-C,3.2578804018563177,,2.5302208690762416
ENSMUSG00000105846-C,0.7772103564006736,,0.0
ENSMUSG00000105896-C,0.7772103564006736,,0.0
ENSMUSG00000106115-C,1.6514266395573065,,0.0
ENSMUSG00000106121-C,0.7772103564006736,,0.0
ENSMUSG00000106153-C,0.7772103564006736,,0.0
ENSMUSG00000106557-C,2.1919001964604257,,0.0
ENSMUSG00000106579-C,3.0246987074308613,,0.0
ENSMUSG00000106648-C,1.2795471030274967,,0.0
ENSMUSG00000106720-C,1.6514266395573065,,0.0
ENSMUSG00000106734-C,0.7772103564006736,,0.9674048923102424
ENSMUSG00000106767-C,1.2795471030274967,,0.0
ENSMUSG00000106847-C,8.46898165093545,,8.481131160629582
ENSMUSG00000106867-C,0.0,,0.9674048923102424
ENSMUSG00000106993-C,0.7772103564006736,,0.0
ENSMUSG00000107021-C,3.4585648108342464,,2.7510183104581927
ENSMUSG00000107207-C,1.6514266395573065,,0.0
ENSMUSG00000107278-C,0.7772103564006736,,0.0
ENSMUSG00000000290-S,,,0.0
ENSMUSG00000000308-S,,,8.038169949256611
ENSMUSG00000000530-S,,,4.791544335231516
ENSMUSG00000000732-S,,,2.8789038053543625
ENSMUSG00000000782-S,,,1.1834433053749518
ENSMUSG00000000792-S,,,4.723757288584439
ENSMUSG00000000823-S,,,5.089613881671589
ENSMUSG00000000826-S,,,8.967441037987932
ENSMUSG00000001016-S,,,5.863026295196434
ENSMUSG00000001089-S,,,7.6203079931577005
ENSMUSG00000001098-S,,,5.2904044713803815
ENSMUSG00000001270-S,,,11.331149104422073
ENSMUSG00000001300-S,,,5.2904044713803815
ENSMUSG00000001552-S,,,5.765260051579519
ENSMUSG00000001642-S,,,1.8247124464825184
ENSMUSG00000001763-S,,,4.791544335231516
ENSMUSG00000001946-S,,,3.4814869927558276
ENSMUSG00000001964-S,,,6.570879805121432
ENSMUSG00000002012-S,,,7.26248800542526
ENSMUSG00000002031-S,,,4.415414689294443
ENSMUSG00000002032-S,,,4.577807992608698
ENSMUSG00000002109-S,,,1.8247124464825184
ENSMUSG00000002210-S,,,4.23239580385111
ENSMUSG00000002266-S,,,2.267100056198125
ENSMUSG00000002393-S,,,5.8311680533724175
ENSMUSG00000002459-S,,,6.91278284573583
ENSMUSG00000002500-S,,,1.1834433053749518
ENSMUSG00000002732-S,,,2.267100056198125
ENSMUSG00000002797-S,,,4.918251951624434
ENSMUSG00000002968-S,,,5.9545856661806
ENSMUSG00000002996-S,,,4.577807992608698
ENSMUSG00000003198-S,,,3.636988544242049
ENSMUSG00000003402-S,,,6.385893945030639
ENSMUSG00000003436-S,,,3.77734814607362
ENSMUSG00000003500-S,,,5.798590386948119
ENSMUSG00000003657-S,,,6.429100257947972
ENSMUSG00000003808-S,,,6.89748154626835
ENSMUSG00000004071-S,,,8.171362605254824
ENSMUSG00000004266-S,,,1.8247124464825184
ENSMUSG00000004508-S,,,4.977663099863604
ENSMUSG00000004530-S,,,7.693009326823929
ENSMUSG00000004929-S,,,4.415414689294443
ENSMUSG00000004947-S,,,3.905254781686303
ENSMUSG00000005087-S,,,1.8247124464825184
ENSMUSG00000005267-S,,,4.415414689294443
ENSMUSG00000005268-S,,,1.8247124464825184
ENSMUSG00000005360-S,,,9.552664037768544
ENSMUSG00000005506-S,,,8.845166015099617
ENSMUSG00000006235-S,,,3.4814869927558276
ENSMUSG00000006471-S,,,1.8247124464825184
ENSMUSG00000006575-S,,,8.896096403939271
ENSMUSG00000006587-S,,,1.1834433053749518
ENSMUSG00000006673-S,,,5.983858176426806
ENSMUSG00000006850-S,,,2.60519275062505
ENSMUSG00000006941-S,,,8.372896889968203
ENSMUSG00000007888-S,,,2.267100056198125
ENSMUSG00000008489-S,,,8.499908381232462
ENSMUSG00000009894-S,,,9.495375742091198
ENSMUSG00000010025-S,,,4.415414689294443
ENSMUSG00000011306-S,,,5.798590386948119
ENSMUSG00000011752-S,,,4.723757288584439
ENSMUSG00000012848-S,,,9.014299166661896
ENSMUSG00000013698-S,,,9.41168545125679
ENSMUSG00000013736-S,,,4.723757288584439
ENSMUSG00000014767-S,,,3.905254781686303
ENSMUSG00000015133-S,,,1.8247124464825184
ENSMUSG00000015342-S,,,5.3812080253052255
ENSMUSG00000015377-S,,,4.723757288584439
ENSMUSG00000015405-S,,,0.0
ENSMUSG00000015668-S,,,5.089613881671589
ENSMUSG00000015843-S,,,6.927923560496865
ENSMUSG00000015937-S,,,7.770644852730052
ENSMUSG00000016087-S,,,4.326805502244239
ENSMUSG00000016386-S,,,7.084758325781318
ENSMUSG00000016541-S,,,8.038169949256611
ENSMUSG00000016833-S,,,4.918251951624434
ENSMUSG00000016933-S,,,6.148019091837476
ENSMUSG00000017491-S,,,5.73114144399951
ENSMUSG00000018411-S,,,10.453108592460785
ENSMUSG00000018412-S,,,5.089613881671589
ENSMUSG00000018574-S,,,5.6236595680045784
ENSMUSG00000018809-S,,,2.267100056198125
ENSMUSG00000018858-S,,,6.363795662782939
ENSMUSG00000018920-S,,,2.267100056198125
ENSMUSG00000018995-S,,,3.307176954881424
ENSMUSG00000019146-S,,,8.202824360522701
ENSMUSG00000019158-S,,,7.321005801361459
ENSMUSG00000019188-S,,,7.043647917329509
ENSMUSG00000019820-S,,,6.271853643578646
ENSMUSG00000019843-S,,,7.355010033773451
ENSMUSG00000019872-S,,,4.918251951624434
ENSMUSG00000019951-S,,,7.48353750138407
ENSMUSG00000019984-S,,,4.498895059411287
ENSMUSG00000020014-S,,,1.8247124464825184
ENSMUSG00000020015-S,,,7.921987135864425
ENSMUSG00000020111-S,,,7.015575394518521
ENSMUSG00000020142-S,,,6.173650968882752
ENSMUSG00000020163-S,,,8.411110908697623
ENSMUSG00000020178-S,,,8.024148570701053
ENSMUSG00000020189-S,,,6.942907026196637
ENSMUSG00000020193-S,,,1.1834433053749518
ENSMUSG00000020218-S,,,2.8789038053543625
ENSMUSG00000020220-S,,,5.894196201735932
ENSMUSG00000020238-S,,,5.336520529995646
ENSMUSG00000020261-S,,,6.69996438414535
ENSMUSG00000020381-S,,,3.77734814607362
ENSMUSG00000020589-S,,,7.693009326823929
ENSMUSG00000020605-S,,,4.131372643555347
ENSMUSG00000020610-S,,,6.271853643578646
ENSMUSG00000020623-S,,,2.60519275062505
ENSMUSG00000020635-S,,,4.856288740733605
ENSMUSG00000020642-S,,,5.696196373423662
ENSMUSG00000020672-S,,,2.8789038053543625
ENSMUSG00000020695-S,,,2.8789038053543625
ENSMUSG00000020708-S,,,8.741861799706866
ENSMUSG00000020718-S,,,0.0
ENSMUSG00000020720-S,,,6.646050218308121
ENSMUSG00000020723-S,,,7.921987135864425
ENSMUSG00000020806-S,,,0.0
ENSMUSG00000020811-S,,,6.682215923708494
ENSMUSG00000020823-S,,,7.803852434002517
ENSMUSG00000020941-S,,,2.267100056198125
ENSMUSG00000020953-S,,,4.856288740733605
ENSMUSG00000021115-S,,,4.577807992608698
ENSMUSG00000021124-S,,,8.458801226136467
ENSMUSG00000021130-S,,,6.148019091837476
ENSMUSG00000021265-S,,,3.636988544242049
ENSMUSG00000021266-S,,,6.0953473268600815
ENSMUSG00000021285-S,,,5.924706889608704
ENSMUSG00000021376-S,,,4.131372643555347
ENSMUSG00000021379-S,,,8.079434536728375
ENSMUSG00000021451-S,,,5.765260051579519
ENSMUSG00000021461-S,,,3.4814869927558276
ENSMUSG00000021481-S,,,4.498895059411287
ENSMUSG00000021500-S,,,6.802100549969229
ENSMUSG00000021536-S,,,6.682215923708494
ENSMUSG00000021606-S,,,8.132679832688536
ENSMUSG00000021662-S,,,4.415414689294443
ENSMUSG00000021704-S,,,4.23239580385111
ENSMUSG00000021721-S,,,2.267100056198125
ENSMUSG00000021806-S,,,0.0
ENSMUSG00000021991-S,,,7.4524630814971715
ENSMUSG00000022003-S,,,4.977663099863604
ENSMUSG00000022075-S,,,7.098205527503011
ENSMUSG00000022103-S,,,6.068272311681
ENSMUSG00000022131-S,,,2.60519275062505
ENSMUSG00000022178-S,,,0.0
ENSMUSG00000022185-S,,,8.126130650560755
ENSMUSG00000022194-S,,,2.267100056198125
ENSMUSG00000022195-S,,,5.142491589862
ENSMUSG00000022257-S,,,7.321005801361459
ENSMUSG00000022299-S,,,4.131372643555347
ENSMUSG00000022307-S,,,7.213902372146604
ENSMUSG00000022339-S,,,5.507520951718684
ENSMUSG00000022365-S,,,6.121923572062239
ENSMUSG00000022436-S,,,3.905254781686303
ENSMUSG00000022439-S,,,2.267100056198125
ENSMUSG00000022474-S,,,7.26248800542526
ENSMUSG00000022577-S,,,7.728030749141865
ENSMUSG00000022587-S,,,7.553542906596433
ENSMUSG00000022619-S,,,8.715927860063292
ENSMUSG00000022751-S,,,1.8247124464825184
ENSMUSG00000022752-S,,,8.489740877486494
ENSMUSG00000022774-S,,,5.9545856661806
ENSMUSG00000022840-S,,,8.985643948802585
ENSMUSG00000022844-S,,,1.1834433053749518
ENSMUSG00000022864-S,,,4.326805502244239
ENSMUSG00000022865-S,,,4.326805502244239
ENSMUSG00000022956-S,,,8.911412323610957
ENSMUSG00000022995-S,,,8.525017994954839
ENSMUSG00000023055-S,,,6.363795662782939
ENSMUSG00000023206-S,,,1.1834433053749518
ENSMUSG00000023249-S,,,2.8789038053543625
ENSMUSG00000023411-S,,,1.1834433053749518
ENSMUSG00000023800-S,,,5.2904044713803815
ENSMUSG00000023919-S,,,3.307176954881424
ENSMUSG00000023921-S,,,5.660383804576781
ENSMUSG00000023972-S,,,1.8247124464825184
ENSMUSG00000024030-S,,,6.173650968882752
ENSMUSG00000024052-S,,,6.198835391211512
ENSMUSG00000024077-S,,,7.399137084945248
ENSMUSG00000024122-S,,,8.171362605254824
ENSMUSG00000024151-S,,,5.983858176426806
ENSMUSG00000024220-S,,,7.250494129819573
ENSMUSG00000024277-S,,,8.269715974823303
ENSMUSG00000024346-S,,,7.553542906596433
ENSMUSG00000024349-S,,,3.1088743174978104
ENSMUSG00000024424-S,,,4.977663099863604
ENSMUSG00000024426-S,,,5.8311680533724175
ENSMUSG00000024436-S,,,0.0
ENSMUSG00000024457-S,,,5.193499550623225
ENSMUSG00000024556-S,,,4.131372643555347
ENSMUSG00000024563-S,,,4.577807992608698
ENSMUSG00000024583-S,,,6.7174971486483495
ENSMUSG00000024598-S,,,1.1834433053749518
ENSMUSG00000024614-S,,,6.271853643578646
ENSMUSG00000024647-S,,,6.121923572062239
ENSMUSG00000024683-S,,,6.121923572062239
ENSMUSG00000024764-S,,,4.326805502244239
ENSMUSG00000024766-S,,,3.4814869927558276
ENSMUSG00000024776-S,,,3.77734814607362
ENSMUSG00000024855-S,,,5.924706889608704
ENSMUSG00000024867-S,,,4.977663099863604
ENSMUSG00000024871-S,,,2.8789038053543625
ENSMUSG00000024875-S,,,5.336520529995646
ENSMUSG00000024924-S,,,7.137811061821478
ENSMUSG00000024948-S,,,4.577807992608698
ENSMUSG00000024966-S,,,8.126130650560755
ENSMUSG00000025066-S,,,8.281551758428114
ENSMUSG00000025147-S,,,4.23239580385111
ENSMUSG00000025198-S,,,4.022739200867584
ENSMUSG00000025231-S,,,4.022739200867584
ENSMUSG00000025266-S,,,7.779018681628212
ENSMUSG00000025401-S,,,0.0
ENSMUSG00000025410-S,,,7.9444960956975645
ENSMUSG00000025425-S,,,5.3812080253052255
ENSMUSG00000025468-S,,,8.499908381232462
ENSMUSG00000025475-S,,,6.385893945030639
ENSMUSG00000025481-S,,,1.8247124464825184
ENSMUSG00000025485-S,,,4.918251951624434
ENSMUSG00000025613-S,,,8.139199418797334
ENSMUSG00000025665-S,,,2.60519275062505
ENSMUSG00000025738-S,,,9.520563683151195
ENSMUSG00000025873-S,,,6.247922513616003
ENSMUSG00000025894-S,,,5.089613881671589
ENSMUSG00000025934-S,,,1.1834433053749518
ENSMUSG00000025937-S,,,3.1088743174978104
ENSMUSG00000025938-S,,,2.267100056198125
ENSMUSG00000025997-S,,,3.77734814607362
ENSMUSG00000026029-S,,,1.1834433053749518
ENSMUSG00000026087-S,,,6.407658840081284
ENSMUSG00000026135-S,,,4.326805502244239
ENSMUSG00000026259-S,,,9.00718854391309
ENSMUSG00000026277-S,,,5.9545856661806
ENSMUSG00000026317-S,,,5.242765488435826
ENSMUSG00000026355-S,,,3.307176954881424
ENSMUSG00000026360-S,,,8.685070354306331
ENSMUSG00000026433-S,,,3.636988544242049
ENSMUSG00000026483-S,,,0.0
ENSMUSG00000026634-S,,,6.341353620828216
ENSMUSG00000026659-S,,,2.8789038053543625
ENSMUSG00000026712-S,,,1.8247124464825184
ENSMUSG00000026781-S,,,6.450227673240915
ENSMUSG00000026782-S,,,8.489740877486494
ENSMUSG00000026787-S,,,8.763122893662247
ENSMUSG00000026806-S,,,1.8247124464825184
ENSMUSG00000026918-S,,,7.6203079931577005
ENSMUSG00000026970-S,,,5.9545856661806
ENSMUSG00000026988-S,,,1.1834433053749518
ENSMUSG00000027009-S,,,1.1834433053749518
ENSMUSG00000027160-S,,,6.198835391211512
ENSMUSG00000027185-S,,,3.636988544242049
ENSMUSG00000027187-S,,,4.918251951624434
ENSMUSG00000027298-S,,,8.065810395356001
ENSMUSG00000027301-S,,,7.6203079931577005
ENSMUSG00000027357-S,,,3.307176954881424
ENSMUSG00000027395-S,,,1.8247124464825184
ENSMUSG00000027405-S,,,5.547281733844252
ENSMUSG00000027408-S,,,2.8789038053543625
ENSMUSG00000027499-S,,,8.316487428109443
ENSMUSG00000027534-S,,,6.450227673240915
ENSMUSG00000027655-S,,,1.8247124464825184
ENSMUSG00000027710-S,,,2.60519275062505
ENSMUSG00000027716-S,,,4.326805502244239
ENSMUSG00000027827-S,,,6.768852151258817
ENSMUSG00000027854-S,,,5.73114144399951
ENSMUSG00000027861-S,,,1.1834433053749518
ENSMUSG00000027882-S,,,3.1088743174978104
ENSMUSG00000027896-S,,,2.8789038053543625
ENSMUSG00000027905-S,,,3.4814869927558276
ENSMUSG00000027952-S,,,6.173650968882752
ENSMUSG00000028007-S,,,3.4814869927558276
ENSMUSG00000028033-S,,,6.511814634277128
ENSMUSG00000028082-S,,,3.636988544242049
ENSMUSG00000028099-S,,,4.131372643555347
ENSMUSG00000028295-S,,,4.918251951624434
ENSMUSG00000028345-S,,,4.131372643555347
ENSMUSG00000028423-S,,,6.450227673240915
ENSMUSG00000028445-S,,,6.86638330960924
ENSMUSG00000028469-S,,,4.791544335231516
ENSMUSG00000028532-S,,,4.498895059411287
ENSMUSG00000028545-S,,,4.23239580385111
ENSMUSG00000028622-S,,,6.551458866771867
ENSMUSG00000028637-S,,,3.77734814607362
ENSMUSG00000028747-S,,,1.1834433053749518
ENSMUSG00000028792-S,,,5.242765488435826
ENSMUSG00000028847-S,,,6.66424639398753
ENSMUSG00000028869-S,,,6.0953473268600815
ENSMUSG00000028932-S,,,7.05748195866336
ENSMUSG00000028937-S,,,9.24337066419101
ENSMUSG00000028988-S,,,8.215219433822085
ENSMUSG00000028992-S,,,2.267100056198125
ENSMUSG00000029009-S,,,3.905254781686303
ENSMUSG00000029060-S,,,5.73114144399951
ENSMUSG00000029147-S,,,6.429100257947972
ENSMUSG00000029165-S,,,0.0
ENSMUSG00000029211-S,,,7.648002089155828
ENSMUSG00000029217-S,,,0.0
ENSMUSG00000029307-S,,,1.1834433053749518
ENSMUSG00000029352-S,,,0.0
ENSMUSG00000029376-S,,,3.4814869927558276
ENSMUSG00000029557-S,,,3.307176954881424
ENSMUSG00000029716-S,,,1.1834433053749518
ENSMUSG00000029755-S,,,3.307176954881424
ENSMUSG00000029763-S,,,7.111528545945102
ENSMUSG00000029775-S,,,6.91278284573583
ENSMUSG00000029823-S,,,7.399137084945248
ENSMUSG00000029922-S,,,7.420704583642466
ENSMUSG00000029999-S,,,5.547281733844252
ENSMUSG00000030058-S,,,8.126130650560755
ENSMUSG00000030265-S,,,7.592071856930792
ENSMUSG00000030282-S,,,7.914405425776567
ENSMUSG00000030323-S,,,5.894196201735932
ENSMUSG00000030346-S,,,1.8247124464825184
ENSMUSG00000030350-S,,,7.238399706385998
ENSMUSG00000030357-S,,,8.269715974823303
ENSMUSG00000030469-S,,,4.652627462197849
ENSMUSG00000030606-S,,,1.8247124464825184
ENSMUSG00000030641-S,,,0.0
ENSMUSG00000030691-S,,,5.660383804576781
ENSMUSG00000030731-S,,,6.531772920650441
ENSMUSG00000030770-S,,,5.193499550623225
ENSMUSG00000030786-S,,,4.415414689294443
ENSMUSG00000030805-S,,,6.148019091837476
ENSMUSG00000030846-S,,,6.4710501503060005
ENSMUSG00000030982-S,,,5.507520951718684
ENSMUSG00000030990-S,,,4.415414689294443
ENSMUSG00000031090-S,,,0.0
ENSMUSG00000031134-S,,,5.336520529995646
ENSMUSG00000031158-S,,,5.8311680533724175
ENSMUSG00000031242-S,,,6.148019091837476
ENSMUSG00000031309-S,,,5.193499550623225
ENSMUSG00000031371-S,,,3.1088743174978104
ENSMUSG00000031429-S,,,4.856288740733605
ENSMUSG00000031432-S,,,7.9444960956975645
ENSMUSG00000031485-S,,,5.660383804576781
ENSMUSG00000031503-S,,,4.415414689294443
ENSMUSG00000031529-S,,,6.407658840081284
ENSMUSG00000031532-S,,,8.956408019143034
ENSMUSG00000031636-S,,,0.0
ENSMUSG00000031753-S,,,5.089613881671589
ENSMUSG00000031772-S,,,5.2904044713803815
ENSMUSG00000031776-S,,,7.043647917329509
ENSMUSG00000031812-S,,,8.662618066422834
ENSMUSG00000031962-S,,,2.267100056198125
ENSMUSG00000031970-S,,,4.856288740733605
ENSMUSG00000032120-S,,,7.891418261035543
ENSMUSG00000032258-S,,,2.267100056198125
ENSMUSG00000032300-S,,,2.8789038053543625
ENSMUSG00000032334-S,,,1.8247124464825184
ENSMUSG00000032336-S,,,9.373486851167122
ENSMUSG00000032350-S,,,6.148019091837476
ENSMUSG00000032409-S,,,3.4814869927558276
ENSMUSG00000032415-S,,,2.60519275062505
ENSMUSG00000032435-S,,,7.431368617399723
ENSMUSG00000032456-S,,,0.0
ENSMUSG00000032485-S,,,6.49157636657488
ENSMUSG00000032513-S,,,3.77734814607362
ENSMUSG00000032534-S,,,4.918251951624434
ENSMUSG00000032567-S,,,2.8789038053543625
ENSMUSG00000032572-S,,,1.1834433053749518
ENSMUSG00000032586-S,,,5.2904044713803815
ENSMUSG00000032594-S,,,8.411110908697623
ENSMUSG00000032598-S,,,5.58597603254172
ENSMUSG00000032599-S,,,6.295394277517506
ENSMUSG00000032604-S,,,5.58597603254172
ENSMUSG00000032698-S,,,4.977663099863604
ENSMUSG00000032757-S,,,4.022739200867584
ENSMUSG00000032777-S,,,6.834599934363929
ENSMUSG00000032786-S,,,5.424552811251994
ENSMUSG00000032946-S,,,8.68060776327604
ENSMUSG00000032968-S,,,3.4814869927558276
ENSMUSG00000033054-S,,,5.424552811251994
ENSMUSG00000033063-S,,,4.131372643555347
ENSMUSG00000033152-S,,,4.415414689294443
ENSMUSG00000033253-S,,,2.60519275062505
ENSMUSG00000033365-S,,,5.863026295196434
ENSMUSG00000033373-S,,,5.142491589862
ENSMUSG00000033417-S,,,6.223587713560331
ENSMUSG00000033629-S,,,7.787344186696627
ENSMUSG00000033658-S,,,4.415414689294443
ENSMUSG00000033717-S,,,4.856288740733605
ENSMUSG00000033721-S,,,3.1088743174978104
ENSMUSG00000033735-S,,,5.507520951718684
ENSMUSG00000033910-S,,,7.2014959291835705
ENSMUSG00000033916-S,,,7.111528545945102
ENSMUSG00000033960-S,,,8.052056366352383
ENSMUSG00000034055-S,,,3.905254781686303
ENSMUSG00000034064-S,,,6.590042775979223
ENSMUSG00000034154-S,,,4.918251951624434
ENSMUSG00000034156-S,,,6.802100549969229
ENSMUSG00000034402-S,,,1.8247124464825184
ENSMUSG00000034532-S,,,4.498895059411287
ENSMUSG00000034848-S,,,3.4814869927558276
ENSMUSG00000034892-S,,,10.39163903260105
ENSMUSG00000034919-S,,,0.0
ENSMUSG00000034981-S,,,6.834599934363929
ENSMUSG00000035007-S,,,5.696196373423662
ENSMUSG00000035021-S,,,4.498895059411287
ENSMUSG00000035151-S,,,3.4814869927558276
ENSMUSG00000035208-S,,,0.0
ENSMUSG00000035274-S,,,2.8789038053543625
ENSMUSG00000035277-S,,,5.0347241181852604
ENSMUSG00000035278-S,,,5.089613881671589
ENSMUSG00000035397-S,,,6.223587713560331
ENSMUSG00000035495-S,,,4.131372643555347
ENSMUSG00000035595-S,,,2.267100056198125
ENSMUSG00000035601-S,,,3.636988544242049
ENSMUSG00000035686-S,,,3.77734814607362
ENSMUSG00000035776-S,,,6.66424639398753
ENSMUSG00000035863-S,,,7.2743829912509135
ENSMUSG00000035914-S,,,3.636988544242049
ENSMUSG00000035967-S,,,4.131372643555347
ENSMUSG00000036053-S,,,5.894196201735932
ENSMUSG00000036114-S,,,5.336520529995646
ENSMUSG00000036169-S,,,1.8247124464825184
ENSMUSG00000036199-S,,,8.829126400251173
ENSMUSG00000036225-S,,,7.3661689741338146
ENSMUSG00000036381-S,,,1.8247124464825184
ENSMUSG00000036501-S,,,5.924706889608704
ENSMUSG00000036632-S,,,5.242765488435826
ENSMUSG00000036698-S,,,7.297882723688286
ENSMUSG00000036949-S,,,3.905254781686303
ENSMUSG00000036966-S,,,8.184029758366442
ENSMUSG00000037139-S,,,3.307176954881424
ENSMUSG00000037148-S,,,5.193499550623225
ENSMUSG00000037185-S,,,0.0
ENSMUSG00000037266-S,,,7.250494129819573
ENSMUSG00000037474-S,,,3.77734814607362
ENSMUSG00000037553-S,,,5.242765488435826
ENSMUSG00000037570-S,,,2.8789038053543625
ENSMUSG00000037601-S,,,7.9370320617670975
ENSMUSG00000037697-S,,,5.894196201735932
ENSMUSG00000037791-S,,,5.798590386948119
ENSMUSG00000037815-S,,,5.142491589862
ENSMUSG00000037936-S,,,5.336520529995646
ENSMUSG00000038034-S,,,8.68060776327604
ENSMUSG00000038042-S,,,3.4814869927558276
ENSMUSG00000038046-S,,,4.498895059411287
ENSMUSG00000038065-S,,,5.983858176426806
ENSMUSG00000038115-S,,,4.022739200867584
ENSMUSG00000038168-S,,,0.0
ENSMUSG00000038365-S,,,6.407658840081284
ENSMUSG00000038374-S,,,8.15215086453339
ENSMUSG00000038503-S,,,6.271853643578646
ENSMUSG00000038524-S,,,2.60519275062505
ENSMUSG00000038563-S,,,4.326805502244239
ENSMUSG00000038564-S,,,4.131372643555347
ENSMUSG00000038602-S,,,7.92952921044221
ENSMUSG00000038665-S,,,2.60519275062505
ENSMUSG00000038677-S,,,4.415414689294443
ENSMUSG00000038773-S,,,2.8789038053543625
ENSMUSG00000038780-S,,,5.8311680533724175
ENSMUSG00000038884-S,,,5.6236595680045784
ENSMUSG00000038894-S,,,7.111528545945102
ENSMUSG00000038970-S,,,4.577807992608698
ENSMUSG00000038984-S,,,6.570879805121432
ENSMUSG00000039202-S,,,6.590042775979223
ENSMUSG00000039375-S,,,5.142491589862
ENSMUSG00000039611-S,,,6.927923560496865
ENSMUSG00000039629-S,,,4.723757288584439
ENSMUSG00000039637-S,,,5.983858176426806
ENSMUSG00000039715-S,,,3.307176954881424
ENSMUSG00000039716-S,,,7.2014959291835705
ENSMUSG00000039771-S,,,5.8311680533724175
ENSMUSG00000039804-S,,,6.363795662782939
ENSMUSG00000039954-S,,,4.415414689294443
ENSMUSG00000039960-S,,,5.924706889608704
ENSMUSG00000039982-S,,,5.424552811251994
ENSMUSG00000040055-S,,,6.511814634277128
ENSMUSG00000040112-S,,,5.242765488435826
ENSMUSG00000040219-S,,,2.267100056198125
ENSMUSG00000040236-S,,,6.148019091837476
ENSMUSG00000040272-S,,,0.0
ENSMUSG00000040289-S,,,5.894196201735932
ENSMUSG00000040363-S,,,4.723757288584439
ENSMUSG00000040380-S,,,1.1834433053749518
ENSMUSG00000040447-S,,,4.577807992608698
ENSMUSG00000040659-S,,,7.648002089155828
ENSMUSG00000040759-S,,,6.4710501503060005
ENSMUSG00000040850-S,,,5.336520529995646
ENSMUSG00000040875-S,,,3.1088743174978104
ENSMUSG00000040913-S,,,4.791544335231516
ENSMUSG00000041236-S,,,7.2743829912509135
ENSMUSG00000041261-S,,,3.4814869927558276
ENSMUSG00000041272-S,,,5.863026295196434
ENSMUSG00000041298-S,,,7.693009326823929
ENSMUSG00000041354-S,,,3.4814869927558276
ENSMUSG00000041380-S,,,6.6089545427476635
ENSMUSG00000041439-S,,,6.682215923708494
ENSMUSG00000041488-S,,,4.022739200867584
ENSMUSG00000041515-S,,,4.326805502244239
ENSMUSG00000041528-S,,,4.791544335231516
ENSMUSG00000041608-S,,,4.326805502244239
ENSMUSG00000041710-S,,,3.307176954881424
ENSMUSG00000041712-S,,,5.0347241181852604
ENSMUSG00000041911-S,,,5.0347241181852604
ENSMUSG00000041992-S,,,6.551458866771867
ENSMUSG00000042063-S,,,4.791544335231516
ENSMUSG00000042202-S,,,4.23239580385111
ENSMUSG00000042203-S,,,6.198835391211512
ENSMUSG00000042216-S,,,7.388231209718052
ENSMUSG00000042258-S,,,4.652627462197849
ENSMUSG00000042312-S,,,6.49157636657488
ENSMUSG00000042350-S,,,7.098205527503011
ENSMUSG00000042359-S,,,6.407658840081284
ENSMUSG00000042417-S,,,2.267100056198125
ENSMUSG00000042510-S,,,0.0
ENSMUSG00000042644-S,,,1.1834433053749518
ENSMUSG00000042854-S,,,3.905254781686303
ENSMUSG00000042942-S,,,2.60519275062505
ENSMUSG00000043207-S,,,5.424552811251994
ENSMUSG00000043311-S,,,3.4814869927558276
ENSMUSG00000043388-S,,,8.389398423645389
ENSMUSG00000043909-S,,,7.286180704667379
ENSMUSG00000043924-S,,,0.0
ENSMUSG00000044149-S,,,4.918251951624434
ENSMUSG00000044348-S,,,4.326805502244239
ENSMUSG00000044499-S,,,4.022739200867584
ENSMUSG00000044501-S,,,3.4814869927558276
ENSMUSG00000044700-S,,,5.58597603254172
ENSMUSG00000044709-S,,,5.466633227537535
ENSMUSG00000045027-S,,,1.1834433053749518
ENSMUSG00000045062-S,,,4.23239580385111
ENSMUSG00000045107-S,,,3.636988544242049
ENSMUSG00000045136-S,,,10.550480872467018
ENSMUSG00000045237-S,,,1.1834433053749518
ENSMUSG00000045275-S,,,0.0
ENSMUSG00000045573-S,,,10.598583713757684
ENSMUSG00000045672-S,,,2.8789038053543625
ENSMUSG00000045690-S,,,3.636988544242049
ENSMUSG00000045731-S,,,1.8247124464825184
ENSMUSG00000045763-S,,,10.6979785022916
ENSMUSG00000045838-S,,,1.1834433053749518
ENSMUSG00000045948-S,,,7.2014959291835705
ENSMUSG00000046109-S,,,0.0
ENSMUSG00000046178-S,,,6.0953473268600815
ENSMUSG00000046191-S,,,3.77734814607362
ENSMUSG00000046280-S,,,2.60519275062505
ENSMUSG00000046410-S,,,2.267100056198125
ENSMUSG00000046480-S,,,8.344967843142236
ENSMUSG00000046561-S,,,2.267100056198125
ENSMUSG00000046613-S,,,3.77734814607362
ENSMUSG00000046785-S,,,7.684119504814211
ENSMUSG00000047085-S,,,7.399137084945248
ENSMUSG00000047181-S,,,5.0347241181852604
ENSMUSG00000047307-S,,,1.8247124464825184
ENSMUSG00000047368-S,,,6.69996438414535
ENSMUSG00000047539-S,,,6.0953473268600815
ENSMUSG00000047591-S,,,5.0347241181852604
ENSMUSG00000047604-S,,,4.131372643555347
ENSMUSG00000047649-S,,,6.385893945030639
ENSMUSG00000047935-S,,,3.77734814607362
ENSMUSG00000048038-S,,,4.326805502244239
ENSMUSG00000048126-S,,,3.1088743174978104
ENSMUSG00000048186-S,,,4.326805502244239
ENSMUSG00000048218-S,,,3.636988544242049
ENSMUSG00000048240-S,,,9.031923891473992
ENSMUSG00000048546-S,,,5.863026295196434
ENSMUSG00000048782-S,,,0.0
ENSMUSG00000049047-S,,,3.77734814607362
ENSMUSG00000049124-S,,,1.8247124464825184
ENSMUSG00000049411-S,,,3.1088743174978104
ENSMUSG00000049643-S,,,4.856288740733605
ENSMUSG00000050002-S,,,5.336520529995646
ENSMUSG00000050240-S,,,3.77734814607362
ENSMUSG00000050272-S,,,6.068272311681
ENSMUSG00000050315-S,,,3.4814869927558276
ENSMUSG00000050473-S,,,4.791544335231516
ENSMUSG00000050549-S,,,2.8789038053543625
ENSMUSG00000050552-S,,,7.399137084945248
ENSMUSG00000050555-S,,,1.1834433053749518
ENSMUSG00000050587-S,,,7.891418261035543
ENSMUSG00000050711-S,,,9.18470221720055
ENSMUSG00000050973-S,,,2.267100056198125
ENSMUSG00000051391-S,,,10.417346876352706
ENSMUSG00000051451-S,,,3.905254781686303
ENSMUSG00000051615-S,,,7.48353750138407
ENSMUSG00000051674-S,,,6.429100257947972
ENSMUSG00000051811-S,,,2.60519275062505
ENSMUSG00000052085-S,,,1.8247124464825184
ENSMUSG00000052336-S,,,7.409961136701454
ENSMUSG00000052516-S,,,6.785572128959638
ENSMUSG00000052593-S,,,4.791544335231516
ENSMUSG00000052712-S,,,6.295394277517506
ENSMUSG00000052848-S,,,2.60519275062505
ENSMUSG00000053063-S,,,1.8247124464825184
ENSMUSG00000053192-S,,,8.941564837722556
ENSMUSG00000053519-S,,,5.765260051579519
ENSMUSG00000053916-S,,,3.636988544242049
ENSMUSG00000053980-S,,,0.0
ENSMUSG00000054162-S,,,7.513956693047122
ENSMUSG00000054484-S,,,4.415414689294443
ENSMUSG00000054690-S,,,1.1834433053749518
ENSMUSG00000055003-S,,,8.11955160248265
ENSMUSG00000055200-S,,,4.022739200867584
ENSMUSG00000055202-S,,,3.307176954881424
ENSMUSG00000055214-S,,,5.765260051579519
ENSMUSG00000055692-S,,,7.441954403373496
ENSMUSG00000055760-S,,,2.267100056198125
ENSMUSG00000056004-S,,,5.3812080253052255
ENSMUSG00000056069-S,,,4.498895059411287
ENSMUSG00000056076-S,,,6.173650968882752
ENSMUSG00000056091-S,,,8.971100040247164
ENSMUSG00000056145-S,,,5.3812080253052255
ENSMUSG00000056687-S,,,2.8789038053543625
ENSMUSG00000057098-S,,,4.791544335231516
ENSMUSG00000057132-S,,,2.60519275062505
ENSMUSG00000057457-S,,,1.1834433053749518
ENSMUSG00000057969-S,,,1.8247124464825184
ENSMUSG00000058153-S,,,6.49157636657488
ENSMUSG00000058260-S,,,4.326805502244239
ENSMUSG00000058498-S,,,3.1088743174978104
ENSMUSG00000058669-S,,,0.0
ENSMUSG00000059534-S,,,8.630586010735396
ENSMUSG00000059751-S,,,1.8247124464825184
ENSMUSG00000059923-S,,,8.383918857291478
ENSMUSG00000060862-S,,,3.307176954881424
ENSMUSG00000060969-S,,,0.0
ENSMUSG00000060988-S,,,5.3812080253052255
ENSMUSG00000061207-S,,,6.4710501503060005
ENSMUSG00000061666-S,,,6.590042775979223
ENSMUSG00000062175-S,,,1.1834433053749518
ENSMUSG00000062198-S,,,4.022739200867584
ENSMUSG00000062296-S,,,6.271853643578646
ENSMUSG00000062580-S,,,7.388231209718052
ENSMUSG00000062761-S,,,6.49157636657488
ENSMUSG00000062778-S,,,1.8247124464825184
ENSMUSG00000062867-S,,,4.652627462197849
ENSMUSG00000062908-S,,,5.73114144399951
ENSMUSG00000062961-S,,,5.696196373423662
ENSMUSG00000063019-S,,,6.295394277517506
ENSMUSG00000063450-S,,,4.23239580385111
ENSMUSG00000063511-S,,,8.411110908697623
ENSMUSG00000063576-S,,,6.682215923708494
ENSMUSG00000063600-S,,,1.1834433053749518
ENSMUSG00000063873-S,,,8.421845828702272
ENSMUSG00000063875-S,,,1.1834433053749518
ENSMUSG00000064325-S,,,4.498895059411287
ENSMUSG00000064341-S,,,14.547435833607755
ENSMUSG00000064370-S,,,14.639267610796193
ENSMUSG00000065979-S,,,5.6236595680045784
ENSMUSG00000066090-S,,,1.1834433053749518
ENSMUSG00000066129-S,,,5.9545856661806
ENSMUSG00000066233-S,,,4.326805502244239
ENSMUSG00000066705-S,,,7.995690253891448
ENSMUSG00000066842-S,,,1.1834433053749518
ENSMUSG00000066880-S,,,6.121923572062239
ENSMUSG00000067071-S,,,4.652627462197849
ENSMUSG00000067795-S,,,0.0
ENSMUSG00000067873-S,,,6.785572128959638
ENSMUSG00000068015-S,,,4.415414689294443
ENSMUSG00000068079-S,,,0.0
ENSMUSG00000068267-S,,,6.429100257947972
ENSMUSG00000068696-S,,,8.956408019143034
ENSMUSG00000069237-S,,,7.420704583642466
ENSMUSG00000069581-S,,,1.1834433053749518
ENSMUSG00000070462-S,,,6.957736475616355
ENSMUSG00000070639-S,,,6.407658840081284
ENSMUSG00000070687-S,,,4.23239580385111
ENSMUSG00000071042-S,,,3.636988544242049
ENSMUSG00000071253-S,,,4.498895059411287
ENSMUSG00000071266-S,,,1.1834433053749518
ENSMUSG00000071456-S,,,2.60519275062505
ENSMUSG00000071632-S,,,5.547281733844252
ENSMUSG00000071661-S,,,1.8247124464825184
ENSMUSG00000071757-S,,,3.1088743174978104
ENSMUSG00000072487-S,,,0.0
ENSMUSG00000073424-S,,,3.1088743174978104
ENSMUSG00000073427-S,,,1.8247124464825184
ENSMUSG00000073805-S,,,3.636988544242049
ENSMUSG00000073968-S,,,1.1834433053749518
ENSMUSG00000074238-S,,,6.785572128959638
ENSMUSG00000074406-S,,,4.791544335231516
ENSMUSG00000074461-S,,,4.415414689294443
ENSMUSG00000074591-S,,,0.0
ENSMUSG00000074682-S,,,5.193499550623225
ENSMUSG00000074886-S,,,5.6236595680045784
ENSMUSG00000075514-S,,,2.8789038053543625
ENSMUSG00000076435-S,,,4.23239580385111
ENSMUSG00000078307-S,,,8.038169949256611
ENSMUSG00000078572-S,,,6.834599934363929
ENSMUSG00000078627-S,,,0.0
ENSMUSG00000078676-S,,,6.363795662782939
ENSMUSG00000078695-S,,,6.66424639398753
ENSMUSG00000078908-S,,,4.131372643555347
ENSMUSG00000079037-S,,,9.567242074535612
ENSMUSG00000079056-S,,,7.043647917329509
ENSMUSG00000079434-S,,,2.60519275062505
ENSMUSG00000079469-S,,,3.636988544242049
ENSMUSG00000080316-S,,,3.307176954881424
ENSMUSG00000082396-S,,,2.267100056198125
ENSMUSG00000084291-S,,,0.0
ENSMUSG00000085041-S,,,3.307176954881424
ENSMUSG00000085287-S,,,0.0
ENSMUSG00000085396-S,,,4.131372643555347
ENSMUSG00000086022-S,,,1.1834433053749518
ENSMUSG00000086290-S,,,5.58597603254172
ENSMUSG00000086324-S,,,3.1088743174978104
ENSMUSG00000087260-S,,,6.173650968882752
ENSMUSG00000087461-S,,,1.1834433053749518
ENSMUSG00000087651-S,,,4.977663099863604
ENSMUSG00000087674-S,,,0.0
ENSMUSG00000089840-S,,,1.1834433053749518
ENSMUSG00000089997-S,,,2.267100056198125
ENSMUSG00000090015-S,,,4.022739200867584
ENSMUSG00000090050-S,,,2.60519275062505
ENSMUSG00000090523-S,,,0.0
ENSMUSG00000090935-S,,,6.66424639398753
ENSMUSG00000091742-S,,,2.267100056198125
ENSMUSG00000091780-S,,,4.415414689294443
ENSMUSG00000091971-S,,,3.636988544242049
ENSMUSG00000092090-S,,,2.267100056198125
ENSMUSG00000093677-S,,,4.723757288584439
ENSMUSG00000093858-S,,,1.1834433053749518
ENSMUSG00000094595-S,,,1.1834433053749518
ENSMUSG00000094732-S,,,0.0
ENSMUSG00000096883-S,,,3.905254781686303
ENSMUSG00000096974-S,,,4.791544335231516
ENSMUSG00000097023-S,,,3.905254781686303
ENSMUSG00000097061-S,,,3.4814869927558276
ENSMUSG00000097063-S,,,1.8247124464825184
ENSMUSG00000097333-S,,,4.326805502244239
ENSMUSG00000097385-S,,,0.0
ENSMUSG00000097466-S,,,3.4814869927558276
ENSMUSG00000097604-S,,,4.498895059411287
ENSMUSG00000097652-S,,,2.267100056198125
ENSMUSG00000097806-S,,,1.8247124464825184
ENSMUSG00000098113-S,,,1.1834433053749518
ENSMUSG00000098449-S,,,1.1834433053749518
ENSMUSG00000098729-S,,,0.0
ENSMUSG00000099471-S,,,1.8247124464825184
ENSMUSG00000099625-S,,,0.0
ENSMUSG00000100680-S,,,1.8247124464825184
ENSMUSG00000100764-S,,,2.267100056198125
ENSMUSG00000102543-S,,,2.60519275062505
ENSMUSG00000102556-S,,,0.0
ENSMUSG00000103038-S,,,1.8247124464825184
ENSMUSG00000103427-S,,,1.8247124464825184
ENSMUSG00000103567-S,,,1.1834433053749518
ENSMUSG00000103731-S,,,1.8247124464825184
ENSMUSG00000103793-S,,,3.307176954881424
ENSMUSG00000103916-S,,,1.1834433053749518
ENSMUSG00000103983-S,,,1.8247124464825184
ENSMUSG00000104204-S,,,2.60519275062505
ENSMUSG00000104508-S,,,2.267100056198125
ENSMUSG00000104586-S,,,1.1834433053749518
ENSMUSG00000104735-S,,,1.1834433053749518
ENSMUSG00000105137-S,,,0.0
ENSMUSG00000105434-S,,,2.267100056198125
ENSMUSG00000105584-S,,,1.1834433053749518
ENSMUSG00000105601-S,,,0.0
ENSMUSG00000106019-S,,,2.60519275062505
ENSMUSG00000106032-S,,,2.60519275062505
ENSMUSG00000106047-S,,,0.0
ENSMUSG00000106093-S,,,2.60519275062505
ENSMUSG00000106767-S,,,0.0
ENSMUSG00000107278-S,,,1.1834433053749518
ENSMUSG00000000093-B,1.1490616944061631,0.996549794818076,0.0
ENSMUSG00000000384-B,5.89359067967369,5.485098301245737,5.652457392263169
ENSMUSG00000000555-B,1.1490616944061631,0.996549794818076,1.516186176602071
ENSMUSG00000000562-B,0.0,1.994821593098696,0.9487275708515492
ENSMUSG00000000627-B,5.80209820933566,5.721142432420951,5.255756822274886
ENSMUSG00000001021-B,2.5535532966333583,0.996549794818076,0.9487275708515492
ENSMUSG00000001029-B,1.7804748308724707,3.315711772380074,2.238994121667222
ENSMUSG00000001418-B,6.034257418147882,6.037590362254681,6.306230170180291
ENSMUSG00000001555-B,3.7199457983154702,2.993956715289905,3.0774748161582
ENSMUSG00000001767-B,6.388935774164417,5.2786710971260185,6.144917498853833
ENSMUSG00000001864-B,5.133213798857543,5.08075782937359,5.704853278078909
ENSMUSG00000001918-B,1.7804748308724707,3.315711772380074,3.4895255802116
ENSMUSG00000001946-B,4.356364842565787,4.385738477574488,5.389823511734513
ENSMUSG00000002068-B,4.974639576690689,4.900212737484373,4.986210429671472
ENSMUSG00000002500-B,1.1490616944061631,0.0,0.0
ENSMUSG00000002550-B,6.21065707058328,5.721142432420951,5.512484097753951
ENSMUSG00000002718-B,6.78911170869269,6.838641587936454,7.0256220264663725
ENSMUSG00000002732-B,2.5535532966333583,1.994821593098696,3.228283957404142
ENSMUSG00000002984-B,7.247873591971694,7.585584237631034,6.918766298885341
ENSMUSG00000004031-B,7.304536592049244,7.906009390106131,7.227155030854308
ENSMUSG00000005124-B,2.8254764233515712,3.4531523681486243,3.604312672055639
ENSMUSG00000005251-B,1.1490616944061631,0.0,3.3648098756902893
ENSMUSG00000005360-B,10.7758281239321,10.48895114144502,10.824139538792544
ENSMUSG00000005469-B,9.144686281395366,8.978946914894788,8.759984138786693
ENSMUSG00000006019-B,2.5535532966333583,3.6940636500133506,2.9090408667943133
ENSMUSG00000006179-B,1.1490616944061631,2.3164037990780786,0.0
ENSMUSG00000006412-B,9.3895944872182,9.137761796889988,9.255479996008324
ENSMUSG00000006456-B,5.230006352655126,5.774576940347143,5.2904594578523545
ENSMUSG00000006920-B,6.866427471700299,6.7875695733242924,6.850635085271513
ENSMUSG00000007670-B,7.259385630092527,6.7875695733242924,6.779126209160966
ENSMUSG00000007721-B,6.7569866806717584,6.813331565195347,6.323089185435464
ENSMUSG00000007837-B,3.847461540633596,3.900443523749156,4.359911886872493
ENSMUSG00000008668-B,8.17180871532718,8.241041612376815,8.814652589095186
ENSMUSG00000008855-B,8.14102298949468,7.714223328108866,7.820823737398006
ENSMUSG00000008958-B,8.010857484283644,7.516690911479071,7.65761585163879
ENSMUSG00000010025-B,5.276071527462864,5.693664208559246,5.941599799027664
ENSMUSG00000010044-B,3.0541845677253745,2.3164037990780786,3.4895255802116
ENSMUSG00000015189-B,6.9681484167675105,6.721077104314512,6.624507452978814
ENSMUSG00000015224-B,5.320711241263756,5.452680320776906,6.106481828594538
ENSMUSG00000015980-B,2.5535532966333583,2.993956715289905,2.9090408667943133
ENSMUSG00000017264-B,6.162419024793232,6.2969597255886764,6.026395027640199
ENSMUSG00000017405-B,1.1490616944061631,2.8014352230686144,3.604312672055639
ENSMUSG00000017801-B,6.280118499214487,6.015565670083691,6.046837361187159
ENSMUSG00000017837-B,4.072967521240352,3.578630808151181,3.902318963280511
ENSMUSG00000017858-B,5.635401649485209,5.516803815794792,5.625528134819634
ENSMUSG00000018846-B,6.925428824226642,6.9120117882942225,7.1057505795017395
ENSMUSG00000018920-B,2.5535532966333583,3.4531523681486243,3.228283957404142
ENSMUSG00000019102-B,1.7804748308724707,2.3164037990780786,2.718310594221604
ENSMUSG00000019791-B,3.964616124894744,3.163785587184932,4.293031306033461
ENSMUSG00000019864-B,5.230006352655126,4.851311095765097,4.4238288905792205
ENSMUSG00000019888-B,6.186739649604414,5.665652443477197,5.452457015872789
ENSMUSG00000019891-B,4.267943366850919,4.578342342624419,4.222898910978355
ENSMUSG00000019933-B,2.5535532966333583,0.996549794818076,3.989385421409433
ENSMUSG00000020130-B,6.470441214653158,5.993199521654824,6.218846894114746
ENSMUSG00000020135-B,7.102048820674064,7.163064411338875,6.451306190118073
ENSMUSG00000020193-B,0.0,1.994821593098696,0.9487275708515492
ENSMUSG00000020225-B,7.1646097730754414,7.46073599394334,7.144205478913082
ENSMUSG00000020374-B,4.439678587854868,4.578342342624419,4.293031306033461
ENSMUSG00000020411-B,1.1490616944061631,2.3164037990780786,3.0774748161582
ENSMUSG00000020456-B,8.872198706292684,8.727817195275414,8.46190537482016
ENSMUSG00000020553-B,3.2515483595523023,2.993956715289905,2.9090408667943133
ENSMUSG00000020605-B,4.439678587854868,4.241383272919841,4.70678345431603
ENSMUSG00000020642-B,6.910903155033486,6.259967794885509,6.850635085271513
ENSMUSG00000020644-B,10.055348485828928,9.684843211775078,10.164780039641444
ENSMUSG00000020758-B,5.406049117737903,5.241201064032714,6.005658867129145
ENSMUSG00000020905-B,1.7804748308724707,0.996549794818076,0.0
ENSMUSG00000020917-B,7.837370430360126,7.781025213709008,7.912791995593158
ENSMUSG00000020963-B,1.1490616944061631,1.580360391113546,0.9487275708515492
ENSMUSG00000021044-B,5.320711241263756,5.037695278833992,4.89894623024286
ENSMUSG00000021125-B,3.4251328311565272,1.994821593098696,2.238994121667222
ENSMUSG00000021483-B,4.356364842565787,3.800940816651081,4.4238288905792205
ENSMUSG00000021607-B,5.525278258839427,5.923942180465802,6.339753463432131
ENSMUSG00000021661-B,7.259385630092527,7.221956176774823,7.630783609135255
ENSMUSG00000021786-B,3.5800568320362984,3.4531523681486243,3.0774748161582
ENSMUSG00000021843-B,9.05835222956279,8.857292324315075,8.808679616434157
ENSMUSG00000021903-B,4.072967521240352,3.4531523681486243,4.70678345431603
ENSMUSG00000021948-B,6.707416704835719,6.24110995095872,6.610842240267855
ENSMUSG00000022132-B,7.401238483725687,7.153011082971476,7.411857153540156
ENSMUSG00000022148-B,4.072967521240352,4.452837687062892,4.359911886872493
ENSMUSG00000022468-B,2.8254764233515712,2.8014352230686144,3.3648098756902893
ENSMUSG00000022505-B,6.234184439166504,6.142935973621826,6.791293214900572
ENSMUSG00000022674-B,5.525278258839427,6.259967794885509,5.963270404936979
ENSMUSG00000022718-B,5.635401649485209,5.7481070605144735,5.598086640974135
ENSMUSG00000022765-B,4.356364842565787,5.637086006806462,5.919598710228529
ENSMUSG00000022789-B,7.6401326095736835,7.76791000008576,7.57557392458655
ENSMUSG00000022790-B,5.635401649485209,5.993199521654824,5.421480135336272
ENSMUSG00000022855-B,7.369719267817137,6.970426203438476,7.035884878162975
ENSMUSG00000022863-B,0.0,2.57920756622711,0.9487275708515492
ENSMUSG00000022876-B,1.1490616944061631,0.996549794818076,1.9223914397525423
ENSMUSG00000023186-B,5.182421668087684,4.516954341139135,4.806061920190457
ENSMUSG00000023707-B,6.280118499214487,6.547753841351936,6.254437813935508
ENSMUSG00000023960-B,8.41766231099001,8.452542611194433,8.199689045750752
ENSMUSG00000024140-B,7.188893803623892,7.059232189186325,7.244958056615302
ENSMUSG00000024164-B,0.0,2.3164037990780786,4.149182254706563
ENSMUSG00000024172-B,5.320711241263756,4.9475110069298065,5.183742251265541
ENSMUSG00000024220-B,7.890161186839768,7.819670313362684,7.496036612724685
ENSMUSG00000024325-B,3.5800568320362984,5.037695278833992,4.853251461630858
ENSMUSG00000024500-B,8.688534584598338,8.944390023989053,8.36347706416193
ENSMUSG00000024570-B,5.406049117737903,4.748235288780849,5.068495996391319
ENSMUSG00000024576-B,9.344367003495964,9.185395971142366,9.183451254625556
ENSMUSG00000024620-B,4.593128223338847,3.900443523749156,5.780043191802873
ENSMUSG00000025134-B,5.486619789201168,4.993307716508419,5.452457015872789
ENSMUSG00000025340-B,5.320711241263756,5.202731841085182,4.986210429671472
ENSMUSG00000025354-B,5.029457265590857,4.748235288780849,5.255756822274886
ENSMUSG00000025355-B,1.1490616944061631,0.0,3.809658661476224
ENSMUSG00000025372-B,8.875942844338315,9.10162832115232,8.045694026468684
ENSMUSG00000025466-B,5.704408244096931,5.851191709729742,6.106481828594538
ENSMUSG00000025510-B,5.599619773587351,6.015565670083691,6.6514555922517795
ENSMUSG00000025732-B,4.593128223338847,5.08075782937359,5.324346924768041
ENSMUSG00000025825-B,5.704408244096931,5.970481162596746,6.163758036525204
ENSMUSG00000025927-B,6.21065707058328,5.578198088228749,5.963270404936979
ENSMUSG00000025937-B,4.267943366850919,4.385738477574488,4.485033851623627
ENSMUSG00000026035-B,4.66413705409399,4.800693549891055,4.600164971518518
ENSMUSG00000026087-B,7.102048820674064,6.76133917646513,7.209129565886648
ENSMUSG00000026096-B,4.917656444499798,5.08075782937359,4.853251461630858
ENSMUSG00000026097-B,4.267943366850919,3.578630808151181,4.4238288905792205
ENSMUSG00000026197-B,5.082268083683275,4.9475110069298065,3.809658661476224
ENSMUSG00000026260-B,9.62360607246141,9.359424025696734,9.237807135515077
ENSMUSG00000026315-B,2.2181885845760725,3.578630808151181,3.228283957404142
ENSMUSG00000026418-B,4.796458350445657,4.080961470061744,4.149182254706563
ENSMUSG00000026473-B,12.18079732202716,12.214377786810363,12.718549631496662
ENSMUSG00000026504-B,4.917656444499798,5.08075782937359,5.107943215788713
ENSMUSG00000026514-B,5.562927811914359,6.578125955621581,5.625528134819634
ENSMUSG00000026553-B,8.17180871532718,8.654886515739095,8.571787412391792
ENSMUSG00000026628-B,1.7804748308724707,2.8014352230686144,2.238994121667222
ENSMUSG00000026630-B,1.1490616944061631,1.994821593098696,2.718310594221604
ENSMUSG00000026788-B,5.770264258642597,5.826102823343904,5.570113045174708
ENSMUSG00000026893-B,3.5800568320362984,3.163785587184932,3.989385421409433
ENSMUSG00000027193-B,7.821925623856711,7.900010769213447,7.929401922565395
ENSMUSG00000027208-B,1.7804748308724707,0.996549794818076,1.9223914397525423
ENSMUSG00000027318-B,1.1490616944061631,2.8014352230686144,1.9223914397525423
ENSMUSG00000027331-B,0.0,2.3164037990780786,1.516186176602071
ENSMUSG00000027339-B,7.259385630092527,7.3240512101330255,7.279918286854068
ENSMUSG00000027356-B,1.1490616944061631,2.3164037990780786,0.9487275708515492
ENSMUSG00000027377-B,2.5535532966333583,1.994821593098696,3.604312672055639
ENSMUSG00000027663-B,7.7338906759217325,7.665550607560935,7.262544066237712
ENSMUSG00000027673-B,9.46112816056096,9.355045617078945,9.842581597979628
ENSMUSG00000027714-B,6.21065707058328,6.651371366637381,6.554849026964292
ENSMUSG00000027782-B,7.293380633291615,7.091173950029153,6.95166213962229
ENSMUSG00000027849-B,5.364011072680751,4.748235288780849,4.4238288905792205
ENSMUSG00000028044-B,2.8254764233515712,4.748235288780849,3.809658661476224
ENSMUSG00000028082-B,5.182421668087684,4.851311095765097,4.943238022381569
ENSMUSG00000028149-B,8.596225805987286,9.00991297551901,8.637285612385377
ENSMUSG00000028167-B,3.7199457983154702,2.993956715289905,4.149182254706563
ENSMUSG00000028214-B,2.8254764233515712,0.996549794818076,3.3648098756902893
ENSMUSG00000028251-B,6.034257418147882,6.333026815947365,5.984620309707191
ENSMUSG00000028545-B,5.029457265590857,4.6937973679992195,4.293031306033461
ENSMUSG00000028552-B,8.183941388144971,8.393991243727582,8.330506814246245
ENSMUSG00000028637-B,4.267943366850919,4.851311095765097,4.986210429671472
ENSMUSG00000028688-B,4.731814203624554,4.163401004930018,4.485033851623627
ENSMUSG00000028706-B,5.230006352655126,4.637224491857119,4.543747580326049
ENSMUSG00000028763-B,4.356364842565787,4.241383272919841,4.853251461630858
ENSMUSG00000028776-B,3.847461540633596,3.315711772380074,4.293031306033461
ENSMUSG00000028807-B,3.2515483595523023,3.163785587184932,3.0774748161582
ENSMUSG00000028871-B,3.5800568320362984,3.4531523681486243,4.485033851623627
ENSMUSG00000028948-B,4.731814203624554,4.851311095765097,3.989385421409433
ENSMUSG00000029176-B,6.982111727129422,7.385449962600612,6.6514555922517795
ENSMUSG00000029245-B,7.657639004898934,8.22673400273677,7.72893056154224
ENSMUSG00000029433-B,4.858329726362679,5.122572186340452,5.255756822274886
ENSMUSG00000029551-B,6.21065707058328,6.315105976597745,5.89725690231712
ENSMUSG00000029569-B,3.2515483595523023,4.315365634510435,3.604312672055639
ENSMUSG00000029660-B,1.1490616944061631,0.996549794818076,0.0
ENSMUSG00000029699-B,0.0,0.996549794818076,1.9223914397525423
ENSMUSG00000029913-B,2.8254764233515712,3.4531523681486243,3.3648098756902893
ENSMUSG00000029915-B,1.7804748308724707,2.3164037990780786,2.718310594221604
ENSMUSG00000030047-B,2.2181885845760725,3.800940816651081,2.9090408667943133
ENSMUSG00000030074-B,2.2181885845760725,3.163785587184932,4.806061920190457
ENSMUSG00000030108-B,5.230006352655126,5.452680320776906,7.218170450133732
ENSMUSG00000030111-B,4.66413705409399,4.452837687062892,5.2904594578523545
ENSMUSG00000030189-B,6.30254848476296,6.2969597255886764,6.597046351865075
ENSMUSG00000030224-B,7.717290735670135,7.863485633050447,7.790838357805574
ENSMUSG00000030271-B,2.8254764233515712,2.8014352230686144,3.809658661476224
ENSMUSG00000030401-B,7.152312733040755,6.851132013007068,6.716702708993956
ENSMUSG00000030889-B,3.847461540633596,4.315365634510435,3.809658661476224
ENSMUSG00000030942-B,5.922842680744775,6.563019822540756,6.766855719310992
ENSMUSG00000031059-B,8.316592385484041,8.142862822667079,8.644010298783222
ENSMUSG00000031099-B,6.982111727129422,6.82604207937645,6.569052380732777
ENSMUSG00000031264-B,1.1490616944061631,2.8014352230686144,1.516186176602071
ENSMUSG00000031355-B,4.17374673946048,4.241383272919841,5.107943215788713
ENSMUSG00000031409-B,8.109565975177183,8.415176274950346,8.129545050457768
ENSMUSG00000031659-B,3.5800568320362984,2.3164037990780786,3.3648098756902893
ENSMUSG00000031734-B,5.133213798857543,5.419517116717737,5.255756822274886
ENSMUSG00000031775-B,8.718036749616584,8.255208721696876,8.355304870713466
ENSMUSG00000031788-B,7.114779925805977,6.721077104314512,6.803358467424599
ENSMUSG00000031844-B,2.2181885845760725,0.0,2.238994121667222
ENSMUSG00000031872-B,5.364011072680751,5.452680320776906,4.654458907763794
ENSMUSG00000031951-B,5.082268083683275,5.2786710971260185,5.389823511734513
ENSMUSG00000032018-B,6.83599655157847,6.651371366637381,7.244958056615302
ENSMUSG00000032235-B,4.66413705409399,4.851311095765097,4.600164971518518
ENSMUSG00000032243-B,1.1490616944061631,1.580360391113546,3.4895255802116
ENSMUSG00000032251-B,6.257334273655224,6.2785823200690505,6.271909341643176
ENSMUSG00000032295-B,5.446896837538067,5.315192534428027,4.806061920190457
ENSMUSG00000032300-B,4.974639576690689,4.080961470061744,4.071495149597676
ENSMUSG00000032307-B,5.863733270330668,5.037695278833992,5.512484097753951
ENSMUSG00000032308-B,5.276071527462864,5.60794248750535,4.853251461630858
ENSMUSG00000032334-B,3.847461540633596,3.6940636500133506,3.989385421409433
ENSMUSG00000032346-B,0.0,0.996549794818076,2.238994121667222
ENSMUSG00000032387-B,4.267943366850919,3.800940816651081,4.222898910978355
ENSMUSG00000032481-B,7.421875116843682,7.341861958486314,7.347395471405323
ENSMUSG00000032526-B,6.547587176171015,6.970426203438476,7.279918286854068
ENSMUSG00000032691-B,2.2181885845760725,1.994821593098696,2.238994121667222
ENSMUSG00000032727-B,6.234184439166504,6.163112500945854,6.70388722070501
ENSMUSG00000032737-B,7.236268953717965,6.679659079736738,6.862216076195856
ENSMUSG00000032816-B,5.922842680744775,6.333026815947365,6.70388722070501
ENSMUSG00000032878-B,5.951513337715719,5.485098301245737,5.4827827321669345
ENSMUSG00000033106-B,3.4251328311565272,3.578630808151181,4.149182254706563
ENSMUSG00000033356-B,2.5535532966333583,0.996549794818076,1.516186176602071
ENSMUSG00000033411-B,5.562927811914359,4.900212737484373,5.324346924768041
ENSMUSG00000033420-B,4.518442618565875,4.900212737484373,5.389823511734513
ENSMUSG00000033427-B,2.2181885845760725,2.57920756622711,2.238994121667222
ENSMUSG00000033554-B,4.17374673946048,4.800693549891055,4.485033851623627
ENSMUSG00000033581-B,2.2181885845760725,0.996549794818076,3.0774748161582
ENSMUSG00000033684-B,6.584666379010142,7.112082212489842,6.791293214900572
ENSMUSG00000033740-B,6.324635077038579,5.7481070605144735,6.046837361187159
ENSMUSG00000033906-B,3.4251328311565272,3.6940636500133506,3.989385421409433
ENSMUSG00000033938-B,8.478030460475324,8.091148676059502,8.517892278612479
ENSMUSG00000034006-B,6.346388632095654,5.7481070605144735,6.066994078491913
ENSMUSG00000034118-B,5.320711241263756,5.875851740386741,6.182355698976469
ENSMUSG00000034126-B,4.17374673946048,4.516954341139135,4.757276494657801
ENSMUSG00000034460-B,1.1490616944061631,2.57920756622711,3.0774748161582
ENSMUSG00000034480-B,6.995941186249489,6.622517889087152,6.356227451638601
ENSMUSG00000034486-B,3.7199457983154702,2.57920756622711,3.604312672055639
ENSMUSG00000034509-B,3.0541845677253745,4.385738477574488,3.902318963280511
ENSMUSG00000034520-B,4.072967521240352,3.4531523681486243,3.3648098756902893
ENSMUSG00000034575-B,5.73771199243356,5.485098301245737,5.4827827321669345
ENSMUSG00000034706-B,0.0,3.163785587184932,3.902318963280511
ENSMUSG00000034762-B,1.1490616944061631,2.8014352230686144,2.238994121667222
ENSMUSG00000034892-B,11.280501387481673,10.983907800907236,11.789653896907115
ENSMUSG00000035168-B,6.83599655157847,6.82604207937645,6.791293214900572
ENSMUSG00000035234-B,3.7199457983154702,4.163401004930018,3.809658661476224
ENSMUSG00000035394-B,1.1490616944061631,1.994821593098696,3.228283957404142
ENSMUSG00000035441-B,5.562927811914359,6.122473264377633,5.874563656002053
ENSMUSG00000035569-B,9.397430680331306,9.421461542516449,9.28158987969088
ENSMUSG00000035671-B,4.439678587854868,3.900443523749156,4.654458907763794
ENSMUSG00000035835-B,6.673397815753584,6.222002342889852,5.704853278078909
ENSMUSG00000035941-B,5.89359067967369,5.202731841085182,6.005658867129145
ENSMUSG00000035948-B,1.7804748308724707,3.4531523681486243,4.222898910978355
ENSMUSG00000035963-B,0.0,0.996549794818076,0.0
ENSMUSG00000035969-B,8.338466632944488,8.037511669812831,7.411857153540156
ENSMUSG00000035983-B,2.2181885845760725,2.3164037990780786,1.9223914397525423
ENSMUSG00000036112-B,8.909209881657162,8.717621543462226,8.80568383106098
ENSMUSG00000036246-B,2.2181885845760725,3.800940816651081,0.9487275708515492
ENSMUSG00000036356-B,4.974639576690689,5.163208675351139,4.757276494657801
ENSMUSG00000036712-B,8.122231207043955,8.255208721696876,7.962058859190158
ENSMUSG00000036885-B,5.951513337715719,6.10171613791091,6.144917498853833
ENSMUSG00000036908-B,4.731814203624554,5.08075782937359,5.598086640974135
ENSMUSG00000036915-B,3.2515483595523023,3.163785587184932,0.9487275708515492
ENSMUSG00000037025-B,1.7804748308724707,0.996549794818076,0.9487275708515492
ENSMUSG00000037103-B,5.182421668087684,4.385738477574488,4.071495149597676
ENSMUSG00000037148-B,5.276071527462864,5.241201064032714,5.541586303340131
ENSMUSG00000037341-B,2.5535532966333583,1.994821593098696,2.498467299808558
ENSMUSG00000037353-B,6.034257418147882,6.578125955621581,6.289171812432955
ENSMUSG00000037366-B,3.847461540633596,4.080961470061744,3.710636076895923
ENSMUSG00000037437-B,0.0,2.3164037990780786,0.0
ENSMUSG00000037514-B,5.979625307895263,5.923942180465802,6.420304322212507
ENSMUSG00000037578-B,2.8254764233515712,2.8014352230686144,2.718310594221604
ENSMUSG00000037709-B,5.446896837538067,5.385573618940282,5.570113045174708
ENSMUSG00000037824-B,6.8049098924086255,7.080605079991686,6.885102841428831
ENSMUSG00000038070-B,5.833244862739344,5.851191709729742,6.372515446882811
ENSMUSG00000038324-B,7.941088232292326,8.26923806330288,8.110249339405067
ENSMUSG00000038344-B,3.7199457983154702,4.385738477574488,4.359911886872493
ENSMUSG00000038371-B,6.820536950853085,6.679659079736738,6.388621602079574
ENSMUSG00000038453-B,9.234917719165562,9.341830094427095,8.728693104372942
ENSMUSG00000038507-B,2.8254764233515712,3.9935240818764455,4.485033851623627
ENSMUSG00000038564-B,5.276071527462864,4.900212737484373,5.027939788565942
ENSMUSG00000038605-B,5.029457265590857,5.94739932232492,5.255756822274886
ENSMUSG00000038756-B,0.0,0.996549794818076,1.9223914397525423
ENSMUSG00000038816-B,5.276071527462864,4.9475110069298065,5.704853278078909
ENSMUSG00000038843-B,2.2181885845760725,3.315711772380074,3.710636076895923
ENSMUSG00000038900-B,8.77127556299938,8.777741867672589,9.432929757256524
ENSMUSG00000039086-B,6.707416704835719,7.048425822794474,6.973183243632432
ENSMUSG00000039191-B,5.320711241263756,5.122572186340452,6.086873050851846
ENSMUSG00000039367-B,6.21065707058328,6.7875695733242924,7.035884878162975
ENSMUSG00000039477-B,7.0499702869642755,6.970426203438476,6.6514555922517795
ENSMUSG00000039512-B,4.66413705409399,4.385738477574488,4.654458907763794
ENSMUSG00000039536-B,6.430264001824648,6.350727775096996,6.5260158116473255
ENSMUSG00000039828-B,6.257334273655224,5.350812221946047,6.046837361187159
ENSMUSG00000039835-B,4.439678587854868,4.900212737484373,5.678893186718578
ENSMUSG00000039883-B,16.305368847065978,15.25768070274187,15.661242129867553
ENSMUSG00000039956-B,0.0,0.0,1.516186176602071
ENSMUSG00000039990-B,4.518442618565875,5.578198088228749,5.324346924768041
ENSMUSG00000040043-B,4.267943366850919,3.9935240818764455,3.604312672055639
ENSMUSG00000040276-B,10.803614697164129,10.709057426206728,10.075568049225971
ENSMUSG00000040649-B,5.833244862739344,6.2785823200690505,5.874563656002053
ENSMUSG00000040693-B,2.2181885845760725,1.580360391113546,0.0
ENSMUSG00000040729-B,5.73771199243356,4.637224491857119,5.541586303340131
ENSMUSG00000040797-B,7.0499702869642755,7.306017828342797,6.716702708993956
ENSMUSG00000040907-B,10.262608966638917,9.871149590853983,9.259864590444126
ENSMUSG00000040918-B,4.356364842565787,3.9935240818764455,4.543747580326049
ENSMUSG00000041020-B,9.150880491474462,9.2831212282759,8.80568383106098
ENSMUSG00000041057-B,6.707416704835719,6.142935973621826,6.929815131261761
ENSMUSG00000041133-B,9.11013441835933,8.78426983977463,8.703162252915147
ENSMUSG00000041147-B,4.17374673946048,2.3164037990780786,2.718310594221604
ENSMUSG00000041308-B,4.858329726362679,5.08075782937359,4.89894623024286
ENSMUSG00000041468-B,5.704408244096931,5.452680320776906,5.570113045174708
ENSMUSG00000041598-B,7.604469339209733,7.636982134294075,7.972782273052693
ENSMUSG00000041608-B,5.320711241263756,4.385738477574488,3.604312672055639
ENSMUSG00000041649-B,3.4251328311565272,3.4531523681486243,2.9090408667943133
ENSMUSG00000041733-B,6.450492464222415,6.76133917646513,6.086873050851846
ENSMUSG00000041736-B,3.4251328311565272,3.163785587184932,5.068495996391319
ENSMUSG00000041794-B,5.979625307895263,6.333026815947365,5.4827827321669345
ENSMUSG00000041852-B,6.30254848476296,6.485021360182781,5.851507738040505
ENSMUSG00000042190-B,2.2181885845760725,3.900443523749156,3.710636076895923
ENSMUSG00000042757-B,5.670317495535816,6.015565670083691,5.652457392263169
ENSMUSG00000042759-B,0.0,1.580360391113546,0.9487275708515492
ENSMUSG00000042793-B,3.2515483595523023,3.4531523681486243,3.0774748161582
ENSMUSG00000043090-B,5.320711241263756,4.9475110069298065,5.146340485382241
ENSMUSG00000043243-B,1.1490616944061631,0.996549794818076,2.238994121667222
ENSMUSG00000043262-B,2.2181885845760725,3.4531523681486243,2.718310594221604
ENSMUSG00000043290-B,3.0541845677253745,3.578630808151181,3.710636076895923
ENSMUSG00000043631-B,1.1490616944061631,4.315365634510435,5.068495996391319
ENSMUSG00000043702-B,5.635401649485209,5.315192534428027,5.678893186718578
ENSMUSG00000043811-B,6.939809699421789,6.142935973621826,5.941599799027664
ENSMUSG00000044022-B,3.2515483595523023,3.800940816651081,3.3648098756902893
ENSMUSG00000044026-B,3.2515483595523023,2.57920756622711,3.809658661476224
ENSMUSG00000044172-B,1.1490616944061631,0.0,0.0
ENSMUSG00000044749-B,1.7804748308724707,0.0,1.516186176602071
ENSMUSG00000045087-B,5.670317495535816,4.9475110069298065,5.851507738040505
ENSMUSG00000045102-B,2.8254764233515712,0.996549794818076,0.9487275708515492
ENSMUSG00000045667-B,0.0,2.993956715289905,2.238994121667222
ENSMUSG00000047003-B,4.267943366850919,3.9935240818764455,4.222898910978355
ENSMUSG00000047216-B,2.5535532966333583,2.3164037990780786,3.710636076895923
ENSMUSG00000047238-B,6.896229746441505,7.47694578397768,7.956667113595931
ENSMUSG00000047606-B,4.17374673946048,4.241383272919841,4.4238288905792205
ENSMUSG00000047676-B,2.2181885845760725,0.0,0.9487275708515492
ENSMUSG00000047866-B,6.896229746441505,6.468902559348624,6.95166213962229
ENSMUSG00000047867-B,2.2181885845760725,1.580360391113546,2.498467299808558
ENSMUSG00000048249-B,8.966521053081912,8.398253210143354,9.045503382558968
ENSMUSG00000048347-B,2.8254764233515712,3.578630808151181,3.228283957404142
ENSMUSG00000048706-B,5.182421668087684,5.385573618940282,4.757276494657801
ENSMUSG00000049387-B,1.1490616944061631,1.580360391113546,0.0
ENSMUSG00000049764-B,4.356364842565787,4.851311095765097,4.149182254706563
ENSMUSG00000050052-B,4.518442618565875,4.748235288780849,4.600164971518518
ENSMUSG00000050074-B,1.7804748308724707,2.993956715289905,1.516186176602071
ENSMUSG00000050549-B,2.5535532966333583,3.4531523681486243,2.9090408667943133
ENSMUSG00000050592-B,3.5800568320362984,1.580360391113546,3.0774748161582
ENSMUSG00000050666-B,4.439678587854868,3.800940816651081,5.570113045174708
ENSMUSG00000050677-B,1.1490616944061631,1.994821593098696,4.293031306033461
ENSMUSG00000050930-B,2.5535532966333583,2.3164037990780786,2.9090408667943133
ENSMUSG00000051297-B,2.8254764233515712,2.8014352230686144,1.516186176602071
ENSMUSG00000051495-B,7.369719267817137,7.202591475784158,7.330819739018008
ENSMUSG00000051855-B,3.847461540633596,5.547827508577877,5.027939788565942
ENSMUSG00000052117-B,2.2181885845760725,0.0,0.9487275708515492
ENSMUSG00000052516-B,6.566245897484683,6.838641587936454,6.481655853860569
ENSMUSG00000052533-B,4.17374673946048,4.385738477574488,4.071495149597676
ENSMUSG00000052698-B,8.05115486697591,7.844870339226905,7.532734369188344
ENSMUSG00000052837-B,7.912207551883827,7.88186378775162,7.297085758988008
ENSMUSG00000052951-B,3.0541845677253745,4.241383272919841,3.809658661476224
ENSMUSG00000053279-B,7.897547471701449,7.540022811519549,8.124745263309755
ENSMUSG00000053358-B,1.1490616944061631,2.57920756622711,2.238994121667222
ENSMUSG00000053768-B,6.509529792113876,6.721077104314512,6.918766298885341
ENSMUSG00000054519-B,3.2515483595523023,1.994821593098696,1.9223914397525423
ENSMUSG00000054920-B,6.21065707058328,6.080655998249316,6.791293214900572
ENSMUSG00000055239-B,7.06316722221415,7.091173950029153,7.288527558494415
ENSMUSG00000055639-B,5.525278258839427,5.202731841085182,5.421480135336272
ENSMUSG00000055818-B,3.2515483595523023,1.580360391113546,0.9487275708515492
ENSMUSG00000055945-B,8.402167152107925,8.319542379634044,8.589314139346742
ENSMUSG00000056071-B,1.1490616944061631,4.241383272919841,4.70678345431603
ENSMUSG00000056116-B,3.847461540633596,4.578342342624419,4.485033851623627
ENSMUSG00000056411-B,1.1490616944061631,1.580360391113546,0.0
ENSMUSG00000056423-B,0.0,0.996549794818076,0.9487275708515492
ENSMUSG00000056737-B,1.7804748308724707,1.994821593098696,1.516186176602071
ENSMUSG00000056770-B,7.558613590335513,7.781025213709008,7.760216501539629
ENSMUSG00000056900-B,5.73771199243356,6.333026815947365,5.941599799027664
ENSMUSG00000057322-B,10.097648734486684,9.776097388254865,10.493687968036808
ENSMUSG00000057440-B,4.796458350445657,4.578342342624419,5.324346924768041
ENSMUSG00000057455-B,7.674935513053371,7.826011706433598,8.065866613082319
ENSMUSG00000057531-B,6.95404863880708,6.82604207937645,6.994388023951175
ENSMUSG00000058400-B,1.7804748308724707,2.3164037990780786,2.238994121667222
ENSMUSG00000058897-B,5.446896837538067,5.993199521654824,5.963270404936979
ENSMUSG00000059447-B,5.486619789201168,5.693664208559246,5.652457392263169
ENSMUSG00000059669-B,4.796458350445657,5.315192534428027,5.389823511734513
ENSMUSG00000059674-B,2.2181885845760725,3.4531523681486243,2.238994121667222
ENSMUSG00000060424-B,7.411593698848111,7.524510212499196,7.856002429169202
ENSMUSG00000061039-B,1.1490616944061631,0.0,0.0
ENSMUSG00000061535-B,0.0,2.57920756622711,2.238994121667222
ENSMUSG00000061983-B,10.36073091212367,10.246944475447954,10.998246734900151
ENSMUSG00000062380-B,9.982548409778724,9.58368735073921,9.174189449371656
ENSMUSG00000062470-B,1.7804748308724707,0.0,2.9090408667943133
ENSMUSG00000062661-B,8.66275777261832,8.480950642769677,8.495757551424987
ENSMUSG00000062704-B,2.5535532966333583,1.580360391113546,0.0
ENSMUSG00000063049-B,7.023208646358114,6.900039623554716,6.907632195928749
ENSMUSG00000063077-B,10.177184445671667,9.925313158917632,9.996326570027149
ENSMUSG00000063409-B,1.1490616944061631,0.996549794818076,1.516186176602071
ENSMUSG00000063681-B,1.7804748308724707,2.3164037990780786,1.516186176602071
ENSMUSG00000063870-B,9.144686281395366,8.976098579580105,8.852885541003264
ENSMUSG00000063931-B,5.276071527462864,5.419517116717737,5.984620309707191
ENSMUSG00000064128-B,4.17374673946048,3.163785587184932,3.902318963280511
ENSMUSG00000064363-B,16.04583058536853,16.23929386378587,16.233589418953258
ENSMUSG00000066197-B,3.5800568320362984,3.900443523749156,2.718310594221604
ENSMUSG00000066441-B,5.599619773587351,5.900097330506026,5.963270404936979
ENSMUSG00000067279-B,7.380302370573724,7.259922827834288,8.249043596138312
ENSMUSG00000067768-B,0.0,0.0,0.9487275708515492
ENSMUSG00000068154-B,4.356364842565787,4.452837687062892,4.071495149597676
ENSMUSG00000068220-B,5.833244862739344,6.183010740881436,6.95166213962229
ENSMUSG00000068966-B,4.518442618565875,3.6940636500133506,4.757276494657801
ENSMUSG00000070167-B,0.0,0.0,1.9223914397525423
ENSMUSG00000070407-B,2.2181885845760725,3.163785587184932,3.3648098756902893
ENSMUSG00000070527-B,2.8254764233515712,1.994821593098696,0.9487275708515492
ENSMUSG00000070532-B,5.082268083683275,4.516954341139135,4.986210429671472
ENSMUSG00000070687-B,3.7199457983154702,2.57920756622711,3.989385421409433
ENSMUSG00000070806-B,0.0,0.996549794818076,0.9487275708515492
ENSMUSG00000070953-B,6.257334273655224,5.826102823343904,6.046837361187159
ENSMUSG00000071648-B,4.072967521240352,4.516954341139135,4.654458907763794
ENSMUSG00000071661-B,1.1490616944061631,2.8014352230686144,3.0774748161582
ENSMUSG00000072809-B,3.4251328311565272,2.57920756622711,2.498467299808558
ENSMUSG00000072919-B,1.1490616944061631,2.3164037990780786,0.9487275708515492
ENSMUSG00000072964-B,6.388935774164417,6.563019822540756,6.066994078491913
ENSMUSG00000073460-B,2.5535532966333583,0.996549794818076,0.0
ENSMUSG00000073680-B,8.945295266141827,8.819655059750716,8.784537320975277
ENSMUSG00000073795-B,0.0,0.0,1.9223914397525423
ENSMUSG00000074215-B,2.8254764233515712,2.993956715289905,3.710636076895923
ENSMUSG00000074476-B,3.4251328311565272,3.4531523681486243,2.498467299808558
ENSMUSG00000074580-B,2.8254764233515712,3.315711772380074,3.809658661476224
ENSMUSG00000074646-B,2.5535532966333583,0.0,0.0
ENSMUSG00000074793-B,1.1490616944061631,3.578630808151181,3.4895255802116
ENSMUSG00000074811-B,4.518442618565875,2.8014352230686144,3.710636076895923
ENSMUSG00000074813-B,0.0,1.580360391113546,1.9223914397525423
ENSMUSG00000075225-B,1.7804748308724707,0.0,2.9090408667943133
ENSMUSG00000078435-B,3.0541845677253745,2.993956715289905,3.902318963280511
ENSMUSG00000079043-B,4.267943366850919,3.4531523681486243,4.359911886872493
ENSMUSG00000079083-B,4.796458350445657,4.6937973679992195,5.107943215788713
ENSMUSG00000079157-B,8.195972878808021,8.41096408269837,7.90721258369087
ENSMUSG00000081683-B,4.072967521240352,2.993956715289905,3.604312672055639
ENSMUSG00000083153-B,0.0,2.57920756622711,0.9487275708515492
ENSMUSG00000083307-B,0.0,0.996549794818076,1.9223914397525423
ENSMUSG00000084375-B,1.1490616944061631,0.0,1.516186176602071
ENSMUSG00000085007-B,5.029457265590857,4.993307716508419,5.2904594578523545
ENSMUSG00000085111-B,1.7804748308724707,1.994821593098696,0.9487275708515492
ENSMUSG00000085382-B,1.1490616944061631,2.8014352230686144,1.516186176602071
ENSMUSG00000086034-B,0.0,1.580360391113546,0.9487275708515492
ENSMUSG00000086109-B,1.1490616944061631,0.0,0.0
ENSMUSG00000086213-B,1.1490616944061631,0.0,0.0
ENSMUSG00000086732-B,1.1490616944061631,1.994821593098696,0.0
ENSMUSG00000087067-B,1.1490616944061631,2.3164037990780786,0.0
ENSMUSG00000087141-B,7.304536592049244,7.212306316585725,6.983824592013074
ENSMUSG00000089940-B,0.0,0.0,2.238994121667222
ENSMUSG00000090862-B,9.526902459221589,9.429812853934417,10.118451127617607
ENSMUSG00000091387-B,3.847461540633596,3.315711772380074,3.228283957404142
ENSMUSG00000092094-B,3.5800568320362984,2.3164037990780786,0.0
ENSMUSG00000092417-B,6.430264001824648,5.693664208559246,5.851507738040505
ENSMUSG00000093720-B,0.0,1.580360391113546,0.0
ENSMUSG00000094344-B,11.566559911835306,11.333500480285414,11.711379181372653
ENSMUSG00000095845-B,2.5535532966333583,2.993956715289905,2.498467299808558
ENSMUSG00000096606-B,3.2515483595523023,3.578630808151181,2.9090408667943133
ENSMUSG00000096917-B,1.7804748308724707,1.580360391113546,2.498467299808558
ENSMUSG00000096971-B,0.0,0.996549794818076,0.9487275708515492
ENSMUSG00000097061-B,3.964616124894744,4.241383272919841,4.293031306033461
ENSMUSG00000097403-B,0.0,0.996549794818076,1.516186176602071
ENSMUSG00000097595-B,1.7804748308724707,2.57920756622711,0.0
ENSMUSG00000097666-B,1.1490616944061631,1.994821593098696,1.516186176602071
ENSMUSG00000097781-B,1.1490616944061631,0.0,1.9223914397525423
ENSMUSG00000098132-B,1.1490616944061631,2.8014352230686144,2.9090408667943133
ENSMUSG00000098447-B,1.1490616944061631,0.996549794818076,0.0
ENSMUSG00000098789-B,1.1490616944061631,1.580360391113546,1.9223914397525423
ENSMUSG00000099098-B,3.0541845677253745,0.0,0.0
ENSMUSG00000100680-B,2.5535532966333583,0.996549794818076,2.238994121667222
ENSMUSG00000101225-B,3.5800568320362984,2.57920756622711,3.3648098756902893
ENSMUSG00000102692-B,0.0,0.0,1.516186176602071
ENSMUSG00000103123-B,2.2181885845760725,2.993956715289905,2.238994121667222
ENSMUSG00000103486-B,3.2515483595523023,0.996549794818076,1.516186176602071
ENSMUSG00000103755-B,0.0,0.0,0.0
ENSMUSG00000104399-B,1.1490616944061631,0.996549794818076,1.516186176602071
ENSMUSG00000104411-B,2.8254764233515712,0.0,0.0
ENSMUSG00000105139-B,1.7804748308724707,0.0,2.718310594221604
ENSMUSG00000105471-B,2.2181885845760725,2.8014352230686144,2.238994121667222
ENSMUSG00000105867-B,5.182421668087684,5.800569900616873,5.755412747266616
"(2,5-Dimethoxyphenyl)acetone",16.649394651426014,16.38716185479659,17.504940337930993
"(2R)-Pyrrolidine-1,2-dicarboxylic acid, bis(tert-butyldimethylsilyl) ester",20.349076790547734,19.511528355008892,19.977070348849676
(4-Fluorophenyl)phenylmethanol,,,17.313901308851932
"(9H-fluoren-9-yl)methanol, O-methoxycarbonyl-",30.573336989554633,28.328763097489578,26.50296267227539
"3,4,5-Trimethoxyamphetamine",,17.044039991717742,14.44344997303848
Oxypeucedanin,,,
"1-(1-Hydroxybutyl)-2,5-dimethoxybenzene ",23.484143310267747,,23.99000942053065
"1-(2,4-Dimethoxyphenyl)-propan-2-one",15.794924887690241,18.964499198463745,16.894290018224726
"1-(2,5-Dimethoxyphenyl)-1-[(trimethylsilyl)oxy]propan-2-amine",25.248245599251963,25.491807134917025,25.741137750046672
"1-(4-Methoxyphenyl)-4,6-dimethyl-2(1H)-pyrimidinone",,21.278227382097498,22.176682287677355
1-(Cyclohexylmethyl)-4-piperidinylamine,,15.794924887690241,13.17498269461429
1-(tert-Butyldimethylsilyl)-4-methyl-1H-pyrazole,18.929456495102794,18.76637914203081,18.87000098295748
"1,2,4-Butanetriol, (S)",,,
"1,2-Benzenedicarboxylic acid, butyl octyl ester",,26.06651650878252,
"1,2-Bis(trimethylsiloxy)cyclohexene",,,17.605330159289814
"1,2-Cinnolinedicarboxylic acid, 1,2,3,5,6,7,8,8a-octahydro-4-trimethylsilyloxy-, diethyl ester",,,
"1,2-Cyclohexanediol, (Z)",18.994720196960333,19.12715709241501,
"1,3-Butanediamine",26.023750424771674,,
"1,3-Oxazolidine, 2,5-diphenyl-4-methyl-, trans-",27.78907181958203,27.439594575526513,28.139723574834868
"1,3-Propanediol",,,
10-Undecynoic acid,,,
"13-Docosenamide, (Z)",,,
1-Butanol,26.567254262059528,,27.084943944408092
"1-Heptanol, 2-propyl-",,,
1-Hexacosanol,,,
1-Octadecanol,,11.73344589311528,
"1-Octanol, 2-butyl-",24.491789288861316,23.53191592986123,25.313618060977973
"1-Pentene, 1,3-diphenyl-1-(trimethylsilyloxy)-",,36.988835603124244,
"2(1H)-Quinolinone, 3-[3-(4-methoxyphenyl)-1-oxo-2-propen-1-yl]-4-phenyl",,,
"2(5H)-Furanone, 4-(hydroxymethyl)",19.977070348849676,19.55840932952848,19.90628699179653
"2-(Ethylamino)ethanol, N-acetyl",31.668951186609984,32.65987336076064,32.65987336076064
2-(Methylamino)ethanol,26.387010738920857,25.792817913981178,26.567254262059528
"2,2'-Bipyridine",21.63965483051689,21.42405899916408,21.36156896985457
"2,3-Butanediol, O-(trimethylsilyl)-, monoacetate",18.40008695193352,18.929456495102794,18.090663406345644
"2,3-Dihydroxybutanoic acid",,26.567254262059528,32.00781944442083
"2',3'-Di-O-acetyladenosine",,6.033603261326803,5.7610837394771846
"2,4,4'-Trihydroxybenzophenone",19.236639097669983,19.044780457273152,18.964499198463745
"2,4,6-Cycloheptatrien-1-one",23.82958488643099,25.140663431027427,23.920579189958964
"2,4-Dihydroxyacetophenone",,,26.45236086775373
"2,4-Dimethoxybenzaldoxime",,,19.236639097669983
"2,4-Di-tert-butylphenol",22.991190162689342,23.072538359028545,22.76118107855382
"2,4-Imidazolidinedione, 5,5-dimethyl",18.007855678299716,19.82917893481498,13.487298878543296
"2,5-Bis((tert-butyldimethylsilyl)oxy)-4,4-dimethyl-4H-imidazole",17.96713333278627,20.53009211757007,
"2,5-Dimethoxybenzhydrazide",25.140663431027427,,25.404802973180967
"2,5-Dimethoxybenzonitrile",20.53009211757007,20.060474603176946,21.03415127487163
"2,5-Dimethoxyphenol",23.584213588252027,22.336032499821254,24.419963405671634
"2',5'-Dimethoxypropiophenone",25.491807134917025,25.58298494600797,26.341187662588105
"2,6-di-tert-Butyl-4-(dimethylaminomethyl)phenol",21.811268708817973,21.151328125650927,20.437043584347983
"2-Allyl-1,4-dimethoxybenzene",25.741137750046672,25.96252317418443,25.58298494600797
2-Amino-4-methylbenzophenone,18.697253042531315,18.47862430573336,19.044780457273152
2-Aminoquinolin-8-ol,,22.430766960994436,
2-Butanol,,,
2-Buten-1-ol,21.36156896985457,,20.349076790547734
"2-Butene-1,4-diol",,,
2-Butenedioic acid,25.6563659490016,25.050447238005177,
"2-Butenoic acid, 3-[(tert-butyldimethylsilyl)oxy]",26.124112340107267,26.124112340107267,25.96252317418443
2-Butoxyethanol,16.78619280811605,15.925482683255618,11.432133533201073
2-Cyanobenzaldehyde,,,27.004989997162102
"2-Cyclohexen-1-one, 3-methyl-6-(1-methylethyl)",19.41868971884918,20.239280036683237,19.626871308510992
"2-Cyclohexen-1-one, 3-methyl-",20.159049269761585,20.349076790547734,20.239280036683237
2-Decanol,18.964499198463745,,18.572420897099427
2-Ethyl-1-butanol,,,
2-Ethylhexanoic acid,26.45236086775373,26.50296267227539,26.023750424771674
2-Ethylhexanol,,,
"2-Furancarbodithioic acid, methyl ester",,,
2-Furoic acid,17.420656950089175,17.73101607564761,17.917954706335404
2-Hexanol,26.269939079141064,26.387010738920857,25.89217197325309
"2'-Hydroxy-2,4,4',5-tetramethoxychalcone",13.019379474962212,11.999708944648896,13.019379474962212
"2-Hydroxy-2',4',6'-trimethoxychalcone",,,
2-Hydroxy-3-methylbutyric acid,12.73466395698144,,8.203468926465137
"2-Hydroxymethyl-17alpha-methylandrosta-1,4-diene-11alpha,17beta-diol-3-one",,,
2-Isopropyl-5-methyl-1-heptanol,,28.139723574834868,27.78907181958203
"2-Methyl-1,3-butanediol",23.222075930761207,22.92787490413422,22.60513085670781
2-Methyl-3-pentanol,,,
"2-Methylcyclohexanol, (Z)",17.044039991717742,17.79122014145856,17.73101607564761
"2-Methylcyclohexylamine, tert.-butyldimethylsilyl ether",,,
2-Naphthol,16.894290018224726,16.894290018224726,16.954735439681233
2-Norbornanemethanol,,,
"2-Oxiraneethanol, 2-t-butyldimethysilyloxymethyl- acetate",,,
2-Pentadecanone,10.101353297214947,7.5486253233047425,7.5486253233047425
"2-Pivaloyl-1,3-indandione",,,
2-Propyl-1-pentanol,,23.584213588252027,23.484143310267747
2-Pyrrolidone-5-carboxylic acid,28.73936053878384,29.754289059653733,29.43670460039806
"2-Thiophenecarboxylic acid, 4-cyanophenyl ester",,,
"3-(4,7-Dimethoxy-2H-1,3-benzodioxol-5-yl)-2-methylprop-2-enal",21.42405899916408,20.159049269761585,21.278227382097498
3-(4-Methoxyphenyl)coumarin,,15.564115838261685,
"3,3-Bis{4-[(trimethylsilyl)oxy]phenyl}-2-benzofuran-1(3H)-one",,,
"3,3-Dimethylacrylic acid",,,20.85775323035948
"3,4-Dihydroxybenzaldehyde",23.29594091395716,24.854862067442433,23.151992757960304
"3,4-Methylenedioxyamphetamine",27.60464096162688,28.220824986859178,14.22183651652919
"3,5-Dimethoxy-4-(tert.-butyldimethylsilyl)oxybenzaldehyde",,29.43670460039806,
"3,5-Dimethylphenol",15.684213392506413,16.207484324420978,15.925482683255618
3-Amino-5-methylisoxazole,21.566275994088834,,21.9535073039897
3-Aminobenzoic acid,21.03415127487163,23.151992757960304,
3-Buten-2-one,18.090663406345644,19.236639097669983,19.36205780789064
3-Heptanol,23.53191592986123,23.82958488643099,21.49512426745769
"3-Hydroxy-7,3',4',5'-tetramethoxyflavone",,8.959893012120766,11.999708944648896
3-Hydroxymethyl-2-trimethylsilyloxypentane,,,
3-Methyl-3-buten-1-ol,15.267001008214582,,15.267001008214582
3-Nonene,,,
3-Phenyl oxindole,,21.566275994088834,
"4,4'-Dichlorobenzophenone",,,
"4,5-Dihydro-1H-pyrazole",,,22.663346963173684
"4-[2-(4,7-Dimethoxy-2H-1,3-benzodioxol-5-yl)ethenyl]-2-methoxyphenol",20.944682697362236,22.10136387655403,21.811268708817973
4-Aminobutanoic acid,17.917954706335404,17.504940337930993,15.684213392506413
4-Hydroxybutanoic acid,,,
4-Methoxyphenol,26.779800290688794,26.651849462366915,28.220824986859178
"4-Methylquinoline-2,7-diol",,,
4-Methylvaleric acid,18.87000098295748,18.994720196960333,18.697253042531315
4-Oxohexanoic acid,19.55840932952848,19.723751953711417,19.511528355008892
"4-Phenyl-2,3-dihydro-1H-1,5-benzodiazepin-2-one",,18.090663406345644,
4-tert-Butyldimethylsiloxy-3-penten-2-one,,,
5-Aminovaleric acid,,,
5-Azacytosine,19.311341046599278,17.420656950089175,18.929456495102794
"5-Chlorovaleric acid, nonyl ester",23.616437364521392,24.304911461865277,24.304911461865277
"5-Ethyl-1,3-dioxane-5-methanol, tert-butyldimethylsilyl ether",22.663346963173684,23.953297105679837,22.81629933915454
5-Ethyl-5-methylnonadecane,,,
5-Hydroxy-7-methoxy-2-methyl-3-phenyl-4-chromenone,,,26.651849462366915
5-Nitroso-8-quinolinol,,,23.222075930761207
"5-Nonanol, tert-butyldimethylsilyl ether",19.90628699179653,19.977070348849676,19.723751953711417
5-Oxohexanoic Acid,19.82917893481498,17.96713333278627,18.76637914203081
"6,7,4'-Trihydroxyisoflavone",17.67570612907752,18.007855678299716,17.96713333278627
"6-Aminocaproic acid, N-(tert.-butyldimethylsilyl)",16.10708189958663,15.39656988471546,16.10708189958663
"6-Methoxy-1-methyl-1,2,3,4-tetrahydroisoquinolin-7-ol ",,22.991190162689342,
6-Methyluracil,17.79122014145856,19.36205780789064,17.044039991717742
6-Nitroveratryl alcohol,,,17.259371352214917
6-Oxoheptanoic acid,21.49512426745769,21.49512426745769,20.944682697362236
"7(S),17(S)-Dihydroxy-8(E),10(Z),13(Z),15(E),19(Z)-docosapentaenoic acid",,,
7-Hydroxy-4-(methoxymethyl)coumarin,,8.203468926465137,
8-Acetyl-7-hydroxycoumarin,,,
8-Methylnonanoic acid,23.674356384455788,24.059471680211118,23.616437364521392
"9,12-Octadecadienoic acid (Z,Z)",,,
9-Ethyl-N-(trimethylsilyl)-9H-carbazol-3-amine,,,
"9H-Xanthen-9-one, 1-hydroxy-3,5,6-trimethoxy",,,
"9Z-Octadecenoic acid, (2S)-3-[(hydroxymercaptophosphinyl)oxy]-2-methoxypropyl ester ",17.848056725654924,,18.145516841146943
Acetic acid,36.317196840651846,33.78547332532239,36.317196840651846
Aceturic acid,23.072538359028545,23.674356384455788,23.77270330773383
Aconitic acid,24.241680361020343,24.617441356369007,24.69908251133796
Adenine,,14.6579166018199,
Adipic acid,,,
Adipoyl-L-carnitine,24.617441356369007,,
alpha-Hydroxyisobutyric acid,,,
Allylescaline,30.942609521468622,29.976899253025323,31.21036514314471
Aminoguanidine,,,
Aniline,18.299161313868307,19.311341046599278,18.816900848646988
Azelaic acid,18.572420897099427,18.527065735233002,18.40008695193352
"Aziridine, 1-(2-buten-2-yl)",,,
"Benz[a]anthracene-1,7,12(2H)-trione, 3,4-dihydro-8-hydroxy-3-methyl-, (3S)",,,25.792817913981178
"Benz[c]acridine, 5,10-dimethyl",,,
"Benzaldehyde, 2,5-dimethoxy",36.988835603124244,36.317196840651846,36.988835603124244
"Benzene, 1,4-dimethoxy",22.017772579784815,21.70761198277439,22.017772579784815
"Benzene, 1-acetoxy-2,6-dimethoxy-4-(2-propenyl)",,,
"Benzene, 1-ethyl-3,5-dimethyl",20.437043584347983,,
Benzeneacetic acid,18.816900848646988,,20.53009211757007
Benzenepropanoic acid,24.059471680211118,24.791158461587774,23.674356384455788
"Benzenesulfonamide, N-butyl",14.91150018039568,15.02985544620005,14.6579166018199
"Benzoic acid, 2-hydroxy-3-[(2-hydroxy-4-methoxy-6-propylbenzoyl)oxy]-4-methoxy-6-propyl-, methyl ester ",28.220824986859178,28.022288157553156,28.328763097489578
"Benzoic acid, methyl ester",22.76118107855382,21.03415127487163,23.072538359028545
Benzoic Acid,28.863827445577932,29.199493510442178,29.199493510442178
Benzophenone,15.925482683255618,15.267001008214582,
Benzyl alcohol,24.952119430962735,25.248245599251963,25.050447238005177
Biphenyl,21.9535073039897,21.811268708817973,21.566275994088834
Butachlor ESA,8.959893012120766,,6.033603261326803
Butanedioic acid,29.976899253025323,30.370043719919497,29.754289059653733
Butylmethylamine,23.953297105679837,23.77270330773383,23.82958488643099
Butyric Acid,26.50296267227539,27.92524459775121,26.8471068534773
Chlorobenzilate ,,,
Cholesterol,22.176682287677355,22.81629933915454,16.38716185479659
cis-2-Decenoic acid,,17.313901308851932,
Citramalic acid,15.39656988471546,15.684213392506413,15.39656988471546
Crotonic acid,22.430766960994436,22.60513085670781,22.10136387655403
Curcumin,17.313901308851932,16.954735439681233,17.128341573761485
Cyclobutylamine,25.050447238005177,24.952119430962735,25.140663431027427
Cyclocurcumin,,13.783405868376022,
Cycloheptanol,22.336032499821254,23.616437364521392,24.361767611067528
"Cyclohexanone, 3,3,5-trimethyl",22.60513085670781,22.017772579784815,22.92787490413422
Cyclooctylamine,24.419963405671634,24.187462616991436,24.791158461587774
"Cyclopentaneacetic acid, 3-oxo-2-pentyl-, methyl ester",19.791251716821705,16.700122639813483,19.82917893481498
"Cytosine, N-(tert-butyldimethylsilyl)-",14.77794148459306,14.44344997303848,14.77794148459306
Desmethylverapamil,,,
Diacetyl monoxime,17.504940337930993,17.67570612907752,17.67570612907752
Dibutyldodecylamine,,,
Diclofenac,,,16.700122639813483
Diethylamine,19.12715709241501,18.87000098295748,19.192546564593975
DL-Glyceraldehyde,25.89217197325309,25.89217197325309,26.06651650878252
DL-p-Hydroxyphenyllactic acid,17.73101607564761,18.206837600992994,18.007855678299716
"Dodecanoic acid, 1-methylethyl ester",14.22183651652919,13.487298878543296,13.783405868376022
Dodecanoic acid,23.35257549176473,23.870386627878066,23.53191592986123
"D-Streptamine, O-6-amino-6-deoxy-alpha-D-glucopyranosyl-(1-4)-O-(3-deoxy-4-C-methyl-3-(methylamino)-beta-L-arabinopyranosyl-(1-6))-2-deoxy-",11.432133533201073,10.101353297214947,10.589741767314072
Durapan,,16.78619280811605,
"Erythrono-1,4-lactone",23.417291798715073,24.13416838153767,23.953297105679837
Ethanolamine,29.199493510442178,28.863827445577932,28.022288157553156
Formamide,31.21036514314471,32.00781944442083,31.668951186609984
Frangulin,13.17498269461429,8.64390924178897,11.053448878828174
Glabridin,16.700122639813483,16.548397760488008,
Glyceric acid,23.99000942053065,,
Glycerol,16.954735439681233,16.649394651426014,16.649394651426014
Glycine,27.706069701939082,27.084943944408092,27.21934825959647
"Glycine, tert.-butyldimethylsilyl ester",29.092836196046683,28.73936053878384,28.863827445577932
Glycolic acid,28.022288157553156,28.597049460306497,28.504702814838293
Guanosine,,,11.73344589311528
Heptanedioic acid,,,
Heptanoic acid,24.854862067442433,25.313618060977973,24.952119430962735
Heptylamine,,13.17498269461429,
Hexacosanoic acid,14.021419364841742,13.019379474962212,
Hexanoic acid,26.341187662588105,26.8471068534773,26.387010738920857
Hydracrylic acid,23.71999917837554,24.419963405671634,23.870386627878066
Hydroxylamine,,,
"Hymexazole, tert-butyldimethylsilyl ether",24.69908251133796,25.404802973180967,24.187462616991436
Hypoxanthine,23.870386627878066,27.21934825959647,24.13416838153767
Iminodiacetic acid,12.340219003345359,11.432133533201073,8.959893012120766
Indoprofen,,,
Isobutanol,19.626871308510992,18.697253042531315,19.12715709241501
Isonicotinic Acid,25.96252317418443,26.023750424771674,26.269939079141064
Isopropyl palmitate,13.487298878543296,12.340219003345359,12.340219003345359
Isopropylamine,24.13416838153767,23.71999917837554,23.35257549176473
Isosorbide,21.89766089201072,20.944682697362236,21.151328125650927
Ketamine,30.172391027732196,31.21036514314471,30.7823453433383
"Kojic acid, bis(tert-butyldimethylsilyl) ether",18.76637914203081,19.41868971884918,17.848056725654924
L-(+)-Threose,,,
Lactic acid,28.597049460306497,30.942609521468622,29.976899253025323
L-Alanine,10.589741767314072,10.589741767314072,10.101353297214947
L-Asparagine,,20.85775323035948,
L-gamma-Glutamyl-L-glutamic acid,,18.816900848646988,
Leucylglycine,,23.222075930761207,
Levulinic acid,23.920579189958964,24.241680361020343,24.241680361020343
L-Glutamic acid,,,
L-Glutamine,11.73344589311528,6.637474595960846,8.64390924178897
"L-Histidine, N,1-bis(tert-butyldimethylsilyl)-",23.77270330773383,24.491789288861316,23.584213588252027
Lignoceric acid,16.548397760488008,17.605330159289814,16.78619280811605
L-Leucine,20.239280036683237,19.192546564593975,19.55840932952848
"l-Leucine, n-butoxycarbonyl-N-methyl-, hexadecyl ester",32.00781944442083,,33.78547332532239
L-Lysine,24.304911461865277,,23.29594091395716
L-Norleucine,,,30.370043719919497
"l-Norvaline, n-propargyloxycarbonyl-, isohexyl ester",27.92524459775121,,
L-Ornithine,15.564115838261685,,17.79122014145856
L-Pyroglutamic acid,24.187462616991436,,21.42405899916408
L-Serine,25.404802973180967,25.741137750046672,25.248245599251963
L-Threonine,,,
L-Tryptophan,15.02985544620005,14.91150018039568,15.02985544620005
L-Tyrosine,25.792817913981178,26.200929917790297,25.6563659490016
Luciferin,13.783405868376022,,
Lupinine,,22.176682287677355,
L-Valine,22.10136387655403,23.35257549176473,21.70761198277439
L-Val-L-Leu,,,
Malic acid,20.85775323035948,22.54252442178061,20.776972835570746
Maltol,,,
Methanesulfonic acid,21.278227382097498,21.63965483051689,
Methyl lactate,18.145516841146943,17.848056725654924,
Methylsuccinic acid,,,
Methylthiouracil,20.715974098065832,21.89766089201072,
Mevalonolactone,17.259371352214917,14.77794148459306,17.420656950089175
Monocaproin,26.96160059936936,27.706069701939082,26.124112340107267
m-Toluic acid,17.605330159289814,17.917954706335404,18.206837600992994
Myristic acid,20.060474603176946,20.715974098065832,20.159049269761585
"N,N-Dimethyl-2-aminoethanol",30.370043719919497,30.7823453433383,28.73936053878384
"N-[(3,4,5-Trimethoxyphenyl)methylidene]hydroxylamine",,,
N-Acetylaminoethanol,30.7823453433383,30.573336989554633,30.573336989554633
N-Acetylaspartic acid,19.36205780789064,19.626871308510992,15.564115838261685
N-Acetyl-L-alanine,19.723751953711417,19.90628699179653,19.791251716821705
"Naringenin 4',7-dimethylether",,,
N-Caffeoyl-O-methyltyramine,11.999708944648896,,
N-Ethylamphetamine,26.8471068534773,26.341187662588105,26.779800290688794
N-Ethyldiethanolamine,22.262186034564476,22.663346963173684,22.336032499821254
Niacin,17.128341573761485,17.259371352214917,16.548397760488008
Niacinamide,27.004989997162102,,25.491807134917025
N-Isobutyrylglycine,24.361767611067528,27.004989997162102,24.854862067442433
N-Methyl-1-[(trimethylsilyl)oxy]-1-{4-[(trimethylsilyl)oxy]phenyl}propan-2-amine,14.6579166018199,14.021419364841742,14.91150018039568
N-Methylacetamide,26.06651650878252,26.269939079141064,26.200929917790297
Nonanoic acid,28.328763097489578,28.504702814838293,28.597049460306497
Norephedrine,26.200929917790297,26.45236086775373,26.96160059936936
Norketamine,11.053448878828174,11.053448878828174,6.637474595960846
"Norleucine, N-trimethylsilyl-",32.65987336076064,,
Octacosanol,25.58298494600797,,
"Octadecanoic acid, octyl ester",,,
Octadecanoic acid,14.44344997303848,,14.021419364841742
Octanoic acid,,,
Octocrylene,,12.73466395698144,
Oleamide,24.791158461587774,24.361767611067528,24.059471680211118
Oleic Acid,22.54252442178061,23.29594091395716,22.54252442178061
Olomoucine,,,
Oxalic acid,29.754289059653733,30.172391027732196,30.172391027732196
"Oxalic acid, di(cyclohexylmethyl) ester",,,
"Oxymorphone, bis(trimethylsilyl) ether",27.084943944408092,27.60464096162688,27.60464096162688
Palmitic Acid,26.651849462366915,26.96160059936936,23.71999917837554
Pentadecanoic acid,,,
Pentanedioic acid,21.70761198277439,21.9535073039897,21.63965483051689
Pentanoic acid,23.151992757960304,23.99000942053065,22.991190162689342
"Phenol, 2,4-bis(1-methyl-1-phenylethyl)-",22.81629933915454,23.417291798715073,22.262186034564476
Phenol,27.21934825959647,26.779800290688794,27.92524459775121
Phenoxyethanol,22.92787490413422,23.484143310267747,23.417291798715073
Phosphoserine,,,
Phthalazin-1-one,33.78547332532239,,
Phthalimide,,,
Phytanic acid,20.776972835570746,20.776972835570746,20.6292687562774
Picolinic acid,27.439594575526513,27.78907181958203,27.439594575526513
Pinosylvin,,17.128341573761485,
Pipecolic acid,19.192546564593975,20.437043584347983,20.060474603176946
"Piperazine, 1-(4-acetylphenylsulfonyl)-4-methyl-",,,
Praziquantel,,,
Pro-Ala-Lys,,,
Prometryne,,,
"Propanoic acid, 3-[(tert-butyldimethylsilyl)oxy]-2-methyl-",20.6292687562774,24.69908251133796,16.207484324420978
"Propanoic acid, dimethyl(isopropyl)silyl ester",,22.262186034564476,
Propanoic acid,,20.6292687562774,
"Propionic acid, 3-iodo-, octadecyl ester",,,
Propylene glycol,18.206837600992994,18.299161313868307,18.527065735233002
Prostaglandin,,,12.73466395698144
"Pyrazole[4,5-b]imidazole, 1-formyl-3-ethyl-6-beta-d-ribofuranosyl-",,,
"Quinoxaline, 2,3-diphenyl- ",,,
Salsoline,16.207484324420978,23.920579189958964,24.491789288861316
Sarcosine,,18.572420897099427,22.430766960994436
Simetryn,18.527065735233002,,
Spiroxamine,19.511528355008892,,19.311341046599278
Stearic acid,28.504702814838293,29.092836196046683,29.092836196046683
Suberic acid,,19.791251716821705,19.41868971884918
Succinamide,,,
Sulindac,,,
Supraene,,22.76118107855382,21.89766089201072
Synephrine,19.044780457273152,16.267931772699097,18.994720196960333
Taurine,,,
tert-butyl(dimethyl)silyl-2-([tert-butyl(dimethyl)silyl]oxy)hex-2-enoate,,,
tert-Butylamine,,,
"Tetrahydro[2,2']bifuranyl-5-one",,,
Tetrahydro-solasodine triacetate,18.47862430573336,18.40008695193352,18.47862430573336
Theobromine,,,
Thymol,16.267931772699097,18.145516841146943,15.794924887690241
Triethyl citrate,16.027442504336406,16.027442504336406,16.027442504336406
Trimethylolpropane,,14.22183651652919,
Tromethamine,,,18.299161313868307
Tyr-Val,29.43670460039806,,30.942609521468622
Uracil,25.313618060977973,25.6563659490016,24.617441356369007
Urea,28.139723574834868,31.668951186609984,27.706069701939082
Vanillylmandelic acid,,,
"Weberine, 5-desmethoxy-",,,
Xylazine,21.151328125650927,21.36156896985457,20.715974098065832
Yangonin,16.38716185479659,16.10708189958663,16.267931772699097
