ID,896,T0.7,T0.8
ENSMUSG00000027374-P,6.50496586674294,5.910311749663849,6.885563890964352
ENSMUSG00000042626-P,4.232267354256176,3.5312132431986103,4.737738392123119
ENSMUSG00000055681-P,7.675039560506247,7.911320963527596,7.865703314104701
ENSMUSG00000028412-P,6.303022613945795,6.948476592165153,6.326896664973563
ENSMUSG00000054484-P,4.47147194203123,5.324676047276037,4.961030935308618
ENSMUSG00000024425-P,9.880247139238056,10.251128278311183,9.69995942305578
ENSMUSG00000032216-P,10.7248211386656,10.527861009187651,10.298482809513397
ENSMUSG00000025979-P,7.384442664679167,7.554069914600203,7.965747383223005
ENSMUSG00000051343-P,5.547148967576114,5.749688705337369,5.710445808937475
ENSMUSG00000035443-P,8.61025890516807,8.711569294317053,8.46236903904721
ENSMUSG00000028991-P,5.974033007845808,6.206954718790918,5.989310299083667
ENSMUSG00000036948-P,5.258688447768312,5.120836548556326,6.244311273730956
ENSMUSG00000033900-P,6.596240018032795,6.054829852279387,6.965074548233909
ENSMUSG00000041936-P,4.356821614027285,2.875129551690155,4.320598421947695
ENSMUSG00000034584-P,2.793193551827114,1.0399210909765384,2.7187049314574803
ENSMUSG00000068921-P,5.2902722705515055,6.186180275763554,5.581822928035971
ENSMUSG00000049670-P,4.938197499381258,2.385282137693864,4.320598421947695
ENSMUSG00000044224-P,6.012414969129594,6.677889559275795,6.087331193886346
ENSMUSG00000030216-P,7.675039560506247,8.117394690981925,7.357712407761936
ENSMUSG00000071072-P,7.221979697164291,7.227974387724399,7.524474121970149
ENSMUSG00000021243-P,6.303022613945795,5.910311749663849,7.146563278657072
ENSMUSG00000016495-P,5.59851402558366,4.244427258259998,5.2420913129651465
ENSMUSG00000026803-P,6.206999609854352,5.163973699473649,5.512938895848565
ENSMUSG00000036188-P,5.648113003991458,6.553639072446206,5.937683736208367
ENSMUSG00000068284-P,6.012414969129594,6.537327466754477,6.772237174073755
ENSMUSG00000033237-P,5.914474767210485,7.521270076509977,5.963727936145781
ENSMUSG00000063894-P,5.089482198528558,6.7784696542164165,4.611634412683991
ENSMUSG00000027536-P,2.6050793803100993,1.0399210909765384,3.604739428120841
ENSMUSG00000069727-P,3.4813634719760502,1.0399210909765384,3.312157763979618
ENSMUSG00000042118-P,3.8637402043734568,3.3930092982402096,4.544192630379789
ENSMUSG00000094002-P,0.8854767201948464,0.0,0.0
ENSMUSG00000039253-P,7.309355775937218,7.345055888559737,7.327943704132036
ENSMUSG00000031916-P,5.351438341732733,4.660532175221,6.179113860938536
ENSMUSG00000025477-P,6.633656368408126,6.750440818180258,6.9779104999035555
ENSMUSG00000036371-P,9.854067486572312,9.49650763815482,10.009088636847252
ENSMUSG00000094595-P,3.4813634719760502,2.875129551690155,4.676063785822748
ENSMUSG00000041126-P,8.06567523409639,8.373143799393395,7.83781021354696
ENSMUSG00000034064-P,6.50496586674294,5.984379634000111,6.514779113629807
ENSMUSG00000004591-P,7.213767618436221,6.008247338509236,7.576036470106395
ENSMUSG00000035295-P,3.4813634719760502,3.3930092982402096,3.955621760874324
ENSMUSG00000085558-P,3.8637402043734568,2.385282137693864,3.955621760874324
ENSMUSG00000057421-P,6.682081577245242,7.326190309514525,6.772237174073755
ENSMUSG00000022781-P,7.60769180286535,7.892207656746451,8.180853411234436
ENSMUSG00000030060-P,4.095934905275212,2.0594748867359756,4.676063785822748
ENSMUSG00000015112-P,6.223453861513056,5.749688705337369,6.460938018360121
ENSMUSG00000042426-P,5.438583893485182,5.286147301772223,6.222904514295072
ENSMUSG00000027642-P,8.257647063063077,8.606036449605913,8.053249793231727
ENSMUSG00000105382-P,0.8854767201948464,2.650896865013016,1.081723604305354
ENSMUSG00000024081-P,6.544792471407003,6.054829852279387,7.028141865289104
ENSMUSG00000079442-P,5.351438341732733,5.398777628998076,5.403023629280852
ENSMUSG00000003184-P,6.255809852766065,6.121999400805971,6.265405037504199
ENSMUSG00000005469-P,8.350461822204359,7.496171364231849,8.387381553387211
ENSMUSG00000030094-P,5.2263976789316775,3.98053834928957,5.28403843562497
ENSMUSG00000024941-P,7.001196988871381,6.537327466754477,7.028141865289104
ENSMUSG00000049295-P,6.774312607034409,6.859429873557361,6.8580558033850805
ENSMUSG00000049097-P,3.243935543900742,1.0399210909765384,2.9447421864177903
ENSMUSG00000070348-P,5.914474767210485,7.00887607356001,5.710445808937475
ENSMUSG00000046711-P,2.6050793803100993,2.650896865013016,2.9447421864177903
ENSMUSG00000034647-P,8.316352186088942,7.00887607356001,8.563762100898128
ENSMUSG00000002319-P,6.318422987212532,6.64781567907787,5.963727936145781
ENSMUSG00000020108-P,6.807433753389598,5.984379634000111,7.112046187181966
ENSMUSG00000026273-P,4.938197499381258,4.7762556076837335,4.961030935308618
ENSMUSG00000022246-P,6.436043062252849,6.792282477052913,6.665203621282266
ENSMUSG00000020308-P,6.104126886993057,5.691911793200492,6.633105176688304
ENSMUSG00000050910-P,5.873357915525383,6.83294475092466,6.306689277968143
ENSMUSG00000061533-P,4.525552067463755,4.161713826150124,3.604739428120841
ENSMUSG00000102840-P,0.8854767201948464,0.0,1.692929958963774
ENSMUSG00000058756-P,8.46905305804687,7.853204188884733,8.634375290549876
ENSMUSG00000004698-P,3.4813634719760502,3.3930092982402096,2.7187049314574803
ENSMUSG00000033948-P,4.232267354256176,4.598992446943178,4.3990438140965855
ENSMUSG00000028655-P,1.4301513955146576,2.0594748867359756,3.312157763979618
ENSMUSG00000106032-P,2.388706117066035,0.0,1.692929958963774
ENSMUSG00000086610-P,2.6050793803100993,3.0691532897951093,1.692929958963774
ENSMUSG00000026309-P,6.818307288350684,7.197156685572663,6.844102538328743
ENSMUSG00000021903-P,2.6050793803100993,2.385282137693864,0.0
ENSMUSG00000037262-P,4.97753173822037,4.244427258259998,5.154350736278495
ENSMUSG00000026603-P,4.525552067463755,4.983100341839197,3.465852944286889
ENSMUSG00000005514-P,7.784439300950434,8.009190338362819,7.650081115695045
ENSMUSG00000033808-P,5.089482198528558,4.983100341839197,5.710445808937475
ENSMUSG00000015461-P,7.020157623848049,5.858732499493456,7.213214569786543
ENSMUSG00000045128-P,8.361654812646252,8.898776557650264,8.32344704133511
ENSMUSG00000047146-P,3.243935543900742,2.875129551690155,4.05587983054342
ENSMUSG00000070705-P,4.47147194203123,4.598992446943178,3.731421765117163
ENSMUSG00000040795-P,3.4813634719760502,3.3930092982402096,4.737738392123119
ENSMUSG00000031511-P,6.2397225630926485,6.287184304709906,6.110830057186796
ENSMUSG00000024805-P,5.1249483640572695,4.830812807127612,4.320598421947695
ENSMUSG00000029198-P,6.583549105971545,6.41767052452145,6.460938018360121
ENSMUSG00000032482-P,6.95267567087344,6.923590523943039,6.326896664973563
ENSMUSG00000021288-P,7.620173015087347,7.65579463132848,7.972176642059861
ENSMUSG00000024151-P,5.59851402558366,5.163973699473649,6.0144469193789805
ENSMUSG00000023243-P,3.4813634719760502,1.6379488583154955,2.7187049314574803
ENSMUSG00000030591-P,8.575430929072274,8.816679924382559,8.74363521721269
ENSMUSG00000052751-P,5.7874324012127625,4.883381819626282,6.179113860938536
ENSMUSG00000020389-P,3.945361835709526,3.6573275499737368,4.05587983054342
ENSMUSG00000028959-P,6.255809852766065,6.692694629514694,6.772237174073755
ENSMUSG00000025474-P,4.676598809853049,4.830812807127612,4.544192630379789
ENSMUSG00000064370-P,15.245586319936548,15.320189826101409,15.43522195005025
ENSMUSG00000005580-P,4.232267354256176,5.503248162004732,2.7187049314574803
ENSMUSG00000030663-P,7.517162421912737,6.41767052452145,7.919921994152587
ENSMUSG00000035941-P,6.717362770268372,7.155014863443871,6.772237174073755
ENSMUSG00000036501-P,5.159563533607588,2.0594748867359756,5.710445808937475
ENSMUSG00000033411-P,5.0531221375566435,4.934102472483744,5.28403843562497
ENSMUSG00000035934-P,5.410116281520104,5.568915830032614,5.547791996674059
ENSMUSG00000003344-P,6.19035552671513,6.677889559275795,6.306689277968143
ENSMUSG00000037608-P,7.727895721460851,7.326190309514525,8.439351395861369
ENSMUSG00000026333-P,3.777222373109846,6.64781567907787,3.847872573248563
ENSMUSG00000003527-P,4.356821614027285,2.875129551690155,5.108394717432779
ENSMUSG00000058420-P,5.351438341732733,6.537327466754477,5.937683736208367
ENSMUSG00000019907-P,7.462760868396268,7.217774790613513,7.750741447643128
ENSMUSG00000025410-P,7.377107412978692,7.354396965620693,7.3772223455198205
ENSMUSG00000061718-P,11.04252731735299,10.853510502922378,11.451326562356185
ENSMUSG00000008690-P,6.682081577245242,6.41767052452145,6.4791092270504125
ENSMUSG00000092417-P,5.719453788745271,2.875129551690155,5.198887938145035
ENSMUSG00000004895-P,3.945361835709526,4.161713826150124,2.9447421864177903
ENSMUSG00000025934-P,2.1340565645548835,2.650896865013016,2.4505522388752183
ENSMUSG00000028273-P,6.95267567087344,7.42702499518885,7.357712407761936
ENSMUSG00000026520-P,6.4640085324019,6.38157729528082,6.78689949007841
ENSMUSG00000024193-P,6.421854381723968,6.1437118208118715,6.616784111607793
ENSMUSG00000083899-P,2.793193551827114,1.6379488583154955,2.9447421864177903
ENSMUSG00000030879-P,7.309355775937218,6.487256021142228,7.266497651823866
ENSMUSG00000021585-P,7.048139377019517,6.805964304712917,7.276922125306673
ENSMUSG00000026623-P,8.603988763263152,9.103759620334433,8.434703468300631
ENSMUSG00000056215-P,2.9595846507288517,4.39685741355359,3.731421765117163
ENSMUSG00000001964-P,6.477790576975894,5.536455591121388,6.405009427414273
ENSMUSG00000057367-P,6.012414969129594,6.1437118208118715,5.963727936145781
ENSMUSG00000036613-P,6.2397225630926485,4.53471025753819,6.2861948267091625
ENSMUSG00000045100-P,3.8637402043734568,2.650896865013016,4.05587983054342
ENSMUSG00000031010-P,5.873357915525383,5.324676047276037,6.5322886973528735
ENSMUSG00000015839-P,7.8861247838855295,7.238102381426646,7.879450204653945
ENSMUSG00000038859-P,7.246339136287318,7.892207656746451,7.255997305716442
ENSMUSG00000044296-P,0.0,0.0,1.081723604305354
ENSMUSG00000032633-P,7.270294094243686,7.911320963527596,6.696603425132438
ENSMUSG00000032724-P,3.108754376311148,2.650896865013016,2.9447421864177903
ENSMUSG00000024235-P,1.4301513955146576,0.0,1.692929958963774
ENSMUSG00000023236-P,7.384442664679167,6.936087217065171,7.015747033792463
ENSMUSG00000026483-P,3.8637402043734568,2.385282137693864,3.1401148593054975
ENSMUSG00000057738-P,9.030620176651588,8.550226464224027,8.728524195139206
ENSMUSG00000032301-P,7.171991069646698,7.5781895106633375,7.213214569786543
ENSMUSG00000010607-P,6.363661642594106,4.71955390134089,5.828534167019237
ENSMUSG00000030862-P,3.945361835709526,5.246561304449785,3.955621760874324
ENSMUSG00000035505-P,5.193367590653768,1.6379488583154955,4.320598421947695
ENSMUSG00000022283-P,8.441186150021288,7.529540210684472,8.773390567101867
ENSMUSG00000050989-P,5.934601945273793,4.830812807127612,5.403023629280852
ENSMUSG00000014195-P,7.020157623848049,6.363186317493559,7.743242844510597
ENSMUSG00000036718-P,4.356821614027285,0.0,3.604739428120841
ENSMUSG00000028885-P,1.824615078778005,2.650896865013016,0.0
ENSMUSG00000021693-P,6.751801715856779,5.398777628998076,7.287271814773184
ENSMUSG00000062044-P,2.1340565645548835,3.98053834928957,3.465852944286889
ENSMUSG00000028441-P,7.530448216847237,7.372899611410542,7.673941582272116
ENSMUSG00000005124-P,2.793193551827114,3.3930092982402096,2.4505522388752183
ENSMUSG00000043991-P,9.651610473144084,9.333670302335008,9.848880606236996
ENSMUSG00000086825-P,2.6050793803100993,2.0594748867359756,3.1401148593054975
ENSMUSG00000019080-P,1.824615078778005,2.0594748867359756,1.081723604305354
ENSMUSG00000018199-P,7.362324066183204,7.25814753122562,7.758201277212933
ENSMUSG00000041134-P,3.5868697456056577,0.0,3.604739428120841
ENSMUSG00000059495-P,8.63507046616257,9.000450072866588,8.92690383089087
ENSMUSG00000049624-P,6.1735171807784806,5.600661764733968,6.244311273730956
ENSMUSG00000102142-P,3.5868697456056577,0.0,2.9447421864177903
ENSMUSG00000024170-P,4.095934905275212,2.875129551690155,4.796884171909007
ENSMUSG00000030058-P,7.462760868396268,7.570194366375847,7.3772223455198205
ENSMUSG00000062421-P,6.477790576975894,6.736219514220266,6.442535014809602
ENSMUSG00000050822-P,9.697975475223368,10.214408343376457,9.57880527546278
ENSMUSG00000014075-P,6.012414969129594,6.487256021142228,5.615069586916494
ENSMUSG00000023092-P,5.438583893485182,5.805240594843878,5.710445808937475
ENSMUSG00000003099-P,7.084623657652109,7.248159770059032,7.524474121970149
ENSMUSG00000028772-P,6.763101066694691,7.165666284420922,7.064699951249005
ENSMUSG00000035133-P,8.097267029611665,7.853204188884733,8.32344704133511
ENSMUSG00000041012-P,7.462760868396268,8.06715005880161,7.088567286063514
ENSMUSG00000039275-P,5.381075613001941,4.660532175221,5.154350736278495
ENSMUSG00000025060-P,8.644265882828925,8.436085476858004,8.678290796389375
ENSMUSG00000013858-P,5.7874324012127625,4.71955390134089,6.497054407462844
ENSMUSG00000057722-P,6.1735171807784806,5.362202548592466,6.566682951147342
ENSMUSG00000020777-P,7.800979084746329,8.349982127473247,7.650081115695045
ENSMUSG00000024150-P,7.377107412978692,7.892207656746451,7.180273794158769
ENSMUSG00000043467-P,4.938197499381258,4.39685741355359,4.853700360322351
ENSMUSG00000024921-P,8.948870124543575,8.06715005880161,9.607998147308514
ENSMUSG00000030016-P,6.9722804556705,6.846248088414331,6.885563890964352
ENSMUSG00000056531-P,0.8854767201948464,0.0,1.692929958963774
ENSMUSG00000020102-P,1.4301513955146576,2.650896865013016,2.7187049314574803
ENSMUSG00000050493-P,2.6050793803100993,2.0594748867359756,3.465852944286889
ENSMUSG00000043059-P,5.873357915525383,6.537327466754477,5.364442063119361
ENSMUSG00000048200-P,4.232267354256176,4.322654555413567,4.320598421947695
ENSMUSG00000024181-P,7.230145295717194,7.1867360718698405,6.772237174073755
ENSMUSG00000005510-P,7.762087093083632,8.655995342222239,6.9258669050513735
ENSMUSG00000032615-P,4.97753173822037,5.536455591121388,5.108394717432779
ENSMUSG00000035873-P,1.4301513955146576,2.875129551690155,1.692929958963774
ENSMUSG00000020496-P,8.101724196181522,8.12287092530872,8.229967349130169
ENSMUSG00000024687-P,5.993351625606638,7.066848170512441,6.087331193886346
ENSMUSG00000030008-P,4.676598809853049,5.030488625837066,4.796884171909007
ENSMUSG00000021377-P,7.462760868396268,7.111604923014984,8.313354539753583
ENSMUSG00000032641-P,4.295888232083969,2.0594748867359756,2.1209125051964186
ENSMUSG00000022711-P,5.193367590653768,5.749688705337369,5.154350736278495
ENSMUSG00000038644-P,3.777222373109846,0.0,3.847872573248563
ENSMUSG00000018322-P,6.728934004170036,6.7218566275685205,6.2861948267091625
ENSMUSG00000056054-P,1.824615078778005,0.0,0.0
ENSMUSG00000062937-P,6.50496586674294,6.186180275763554,6.087331193886346
ENSMUSG00000004040-P,7.931899386787792,7.839965134900905,7.991294276652352
ENSMUSG00000018372-P,4.415285379732288,3.7732982502252463,4.149621034948442
ENSMUSG00000039804-P,5.258688447768312,4.467429729259378,5.011843170389213
ENSMUSG00000024740-P,9.751431855104965,9.4405944683737,9.902040625339316
ENSMUSG00000038836-P,4.723626755540068,4.53471025753819,4.611634412683991
ENSMUSG00000006777-P,4.415285379732288,2.385282137693864,4.961030935308618
ENSMUSG00000017405-P,5.2263976789316775,6.470171764954493,4.611634412683991
ENSMUSG00000064345-P,15.084203892791518,13.630469075059452,16.106448413139056
ENSMUSG00000040158-P,1.824615078778005,0.0,2.4505522388752183
ENSMUSG00000039883-P,11.310462475989878,9.808297648648637,11.83365257144616
ENSMUSG00000024253-P,6.796477642262216,7.326190309514525,6.366481645303116
ENSMUSG00000019897-P,6.271719731796064,6.792282477052913,7.157887864343914
ENSMUSG00000031451-P,10.05590002825956,9.021125890093392,10.746744633480626
ENSMUSG00000031751-P,8.24561384234161,8.187013889648744,8.430040518110095
ENSMUSG00000029623-P,8.132544648495301,7.176239641921969,8.638423309004189
ENSMUSG00000030691-P,4.769169988050185,4.7762556076837335,4.853700360322351
ENSMUSG00000036819-P,1.4301513955146576,3.0691532897951093,3.604739428120841
ENSMUSG00000024290-P,8.427048209116759,7.409207875173776,8.92026914630979
ENSMUSG00000017548-P,7.111393859440958,7.032345185026882,6.78689949007841
ENSMUSG00000032555-P,4.232267354256176,4.39685741355359,3.1401148593054975
ENSMUSG00000029178-P,6.785437691159334,6.64781567907787,7.064699951249005
ENSMUSG00000035640-P,5.873357915525383,5.858732499493456,5.011843170389213
ENSMUSG00000024168-P,5.0531221375566435,5.469258332001234,5.108394717432779
ENSMUSG00000001687-P,7.946840432377151,8.35464430522652,7.515698343040293
ENSMUSG00000041438-P,5.466500628076533,5.910311749663849,5.884140942768414
ENSMUSG00000029790-P,6.785437691159334,6.764523303536903,6.442535014809602
ENSMUSG00000030703-P,1.4301513955146576,2.385282137693864,2.4505522388752183
ENSMUSG00000008140-P,8.253647130977555,8.06715005880161,8.118461929616256
ENSMUSG00000035011-P,8.434134497900995,8.026824048945274,8.739872274083622
ENSMUSG00000001855-P,5.765126878455747,6.399736779148259,5.79990582984467
ENSMUSG00000028826-P,7.483402591881731,7.400216115201566,7.567569707252672
ENSMUSG00000007892-P,10.623849312004152,11.131978249415376,10.841090077063155
ENSMUSG00000036499-P,7.656981568387294,6.692694629514694,7.933164162736947
ENSMUSG00000000305-P,3.243935543900742,0.0,1.692929958963774
ENSMUSG00000026341-P,6.8290994825921985,7.372899611410542,6.939054867060317
ENSMUSG00000042010-P,6.942772461333092,6.054829852279387,6.757424311519615
ENSMUSG00000021431-P,6.287456070508915,6.306563451248366,6.244311273730956
ENSMUSG00000042729-P,4.47147194203123,5.076369719801864,4.544192630379789
ENSMUSG00000047264-P,4.97753173822037,2.650896865013016,4.796884171909007
ENSMUSG00000036478-P,4.232267354256176,4.073968251671055,4.611634412683991
ENSMUSG00000032238-P,7.926884453819581,7.799503043603518,8.04106971409385
ENSMUSG00000039323-P,11.62842069766452,11.080841598429773,11.87197693914291
ENSMUSG00000030979-P,3.5868697456056577,5.568915830032614,3.731421765117163
ENSMUSG00000020608-P,7.911734204753791,7.479192978902532,8.480522345375165
ENSMUSG00000055150-P,2.388706117066035,4.161713826150124,0.0
ENSMUSG00000022941-P,2.1340565645548835,3.8806363051174015,4.149621034948442
ENSMUSG00000021244-P,7.171991069646698,6.344557867405224,7.112046187181966
ENSMUSG00000022463-P,6.621291760519557,6.363186317493559,6.830013002914476
ENSMUSG00000023030-P,7.093602364796387,6.805964304712917,6.712050713245607
ENSMUSG00000026784-P,3.108754376311148,0.0,2.1209125051964186
ENSMUSG00000031027-P,4.295888232083969,2.385282137693864,2.9447421864177903
ENSMUSG00000036641-P,6.104126886993057,5.805240594843878,6.4791092270504125
ENSMUSG00000027690-P,0.8854767201948464,3.6573275499737368,2.9447421864177903
ENSMUSG00000072772-P,6.932800802247252,7.207502570429943,5.8566054495317035
ENSMUSG00000033487-P,7.093602364796387,6.344557867405224,6.9906332538990155
ENSMUSG00000029550-P,6.645915905382006,6.7784696542164165,6.633105176688304
ENSMUSG00000096971-P,4.813319392743866,4.883381819626282,5.154350736278495
ENSMUSG00000037664-P,9.72711651876228,9.133905536058966,9.946797158904245
ENSMUSG00000106718-P,2.388706117066035,0.0,3.1401148593054975
ENSMUSG00000002455-P,7.576008029668603,7.207502570429943,8.07132924693868
ENSMUSG00000106365-P,0.8854767201948464,1.6379488583154955,2.9447421864177903
ENSMUSG00000087368-P,2.388706117066035,2.0594748867359756,3.1401148593054975
ENSMUSG00000024335-P,10.000885850229308,9.617822972916798,9.473978089478951
ENSMUSG00000030782-P,4.577678006180544,3.0691532897951093,4.320598421947695
ENSMUSG00000051074-P,2.6050793803100993,2.875129551690155,2.4505522388752183
ENSMUSG00000055447-P,8.401968451684473,8.345304834682622,8.313354539753583
ENSMUSG00000021025-P,7.966524133233022,8.606036449605913,9.062632368768869
ENSMUSG00000049739-P,3.685183232254651,4.39685741355359,2.9447421864177903
ENSMUSG00000070858-P,6.271719731796064,5.398777628998076,6.696603425132438
ENSMUSG00000024491-P,7.213767618436221,7.122580475635362,7.666031859600305
ENSMUSG00000030079-P,5.466500628076533,6.267541297475601,4.961030935308618
ENSMUSG00000055044-P,3.3675282693871327,0.0,2.7187049314574803
ENSMUSG00000091549-P,4.165710931605763,2.650896865013016,2.7187049314574803
ENSMUSG00000032372-P,5.1249483640572695,5.503248162004732,5.198887938145035
ENSMUSG00000032009-P,7.663026048257712,7.678284853451743,7.337935011026634
ENSMUSG00000023967-P,6.785437691159334,6.692694629514694,6.442535014809602
ENSMUSG00000028041-P,5.258688447768312,4.53471025753819,5.740886364650992
ENSMUSG00000031864-P,4.356821614027285,4.39685741355359,4.961030935308618
ENSMUSG00000005131-P,2.9595846507288517,2.0594748867359756,2.1209125051964186
ENSMUSG00000060512-P,3.685183232254651,3.5312132431986103,4.676063785822748
ENSMUSG00000030560-P,7.756444507701798,8.095279487053762,7.452726115035429
ENSMUSG00000053012-P,6.9722804556705,6.206954718790918,7.3772223455198205
ENSMUSG00000043639-P,2.793193551827114,4.660532175221,2.7187049314574803
ENSMUSG00000029291-P,6.086244989960619,5.88475262004847,5.884140942768414
ENSMUSG00000058492-P,1.4301513955146576,2.385282137693864,1.081723604305354
ENSMUSG00000020080-P,2.388706117066035,1.0399210909765384,1.081723604305354
ENSMUSG00000040701-P,4.47147194203123,0.0,3.312157763979618
ENSMUSG00000041408-P,7.27819149808844,7.345055888559737,7.592822371218427
ENSMUSG00000026687-P,6.333660700546816,7.238102381426646,6.442535014809602
ENSMUSG00000102687-P,2.388706117066035,2.385282137693864,2.1209125051964186
ENSMUSG00000026029-P,5.0531221375566435,5.721089460469773,5.440600237020426
ENSMUSG00000027706-P,10.191713243653446,10.089920172024,10.379317060191518
ENSMUSG00000071180-P,6.318422987212532,4.244427258259998,6.8580558033850805
ENSMUSG00000021254-P,4.723626755540068,5.662131822406488,3.847872573248563
ENSMUSG00000064294-P,3.685183232254651,4.073968251671055,3.847872573248563
ENSMUSG00000022312-P,6.658072142130344,6.553639072446206,7.266497651823866
ENSMUSG00000019699-P,4.938197499381258,5.398777628998076,5.364442063119361
ENSMUSG00000020477-P,7.362324066183204,6.7218566275685205,6.616784111607793
ENSMUSG00000023341-P,0.8854767201948464,0.0,1.692929958963774
ENSMUSG00000103657-P,1.4301513955146576,0.0,2.7187049314574803
ENSMUSG00000026896-P,4.769169988050185,4.598992446943178,4.320598421947695
ENSMUSG00000020248-P,5.894062815348182,5.246561304449785,5.679349094352874
ENSMUSG00000021482-P,5.809398302286746,5.777732016175443,5.79990582984467
ENSMUSG00000023249-P,5.8523515365022565,5.960110414283344,5.198887938145035
ENSMUSG00000087640-P,0.0,0.0,1.081723604305354
ENSMUSG00000072704-P,7.171991069646698,7.462012401241368,7.601142645753969
ENSMUSG00000020135-P,3.243935543900742,1.6379488583154955,1.081723604305354
ENSMUSG00000031657-P,4.577678006180544,5.503248162004732,4.320598421947695
ENSMUSG00000046947-P,2.793193551827114,2.875129551690155,3.312157763979618
ENSMUSG00000034930-P,5.5207639599744525,6.344557867405224,5.615069586916494
ENSMUSG00000022561-P,7.523820612955406,7.326190309514525,7.367500356130664
ENSMUSG00000097626-P,3.4813634719760502,0.0,4.611634412683991
ENSMUSG00000031583-P,4.856157757026546,4.983100341839197,4.90836353686475
ENSMUSG00000044317-P,3.685183232254651,0.0,3.731421765117163
ENSMUSG00000001441-P,8.707043227939746,7.217774790613513,9.059616673076574
ENSMUSG00000037742-P,9.12121742412723,10.241091634694614,7.984949838448096
ENSMUSG00000001054-P,5.547148967576114,4.660532175221,5.937683736208367
ENSMUSG00000021886-P,3.108754376311148,1.0399210909765384,3.312157763979618
ENSMUSG00000031157-P,6.95267567087344,6.805964304712917,6.497054407462844
ENSMUSG00000037326-P,5.193367590653768,5.076369719801864,5.011843170389213
ENSMUSG00000046351-P,6.932800802247252,7.043938106933951,6.6492436667156465
ENSMUSG00000030605-P,9.789227281018343,9.078617471492128,9.883400799023612
ENSMUSG00000030108-P,3.5868697456056577,2.875129551690155,2.9447421864177903
ENSMUSG00000042349-P,1.4301513955146576,5.030488625837066,2.4505522388752183
ENSMUSG00000037012-P,8.709965556569177,8.418380589395063,9.092447609335595
ENSMUSG00000040640-P,4.47147194203123,4.934102472483744,4.611634412683991
ENSMUSG00000039943-P,6.740413168164881,5.600661764733968,6.9125572762258924
ENSMUSG00000056598-P,6.086244989960619,6.247627144948942,6.326896664973563
ENSMUSG00000037736-P,6.4640085324019,7.86632285709099,6.665203621282266
ENSMUSG00000095677-P,2.388706117066035,2.385282137693864,0.0
ENSMUSG00000004098-P,2.1340565645548835,0.0,2.4505522388752183
ENSMUSG00000100075-P,0.8854767201948464,0.0,1.081723604305354
ENSMUSG00000031918-P,5.914474767210485,6.121999400805971,5.79990582984467
ENSMUSG00000035152-P,6.363661642594106,5.120836548556326,7.224029782129626
ENSMUSG00000104339-P,2.793193551827114,4.983100341839197,2.9447421864177903
ENSMUSG00000038717-P,6.491442206748411,6.4353840748207505,5.963727936145781
ENSMUSG00000019464-P,3.3675282693871327,4.830812807127612,3.465852944286889
ENSMUSG00000038990-P,4.415285379732288,5.362202548592466,4.611634412683991
ENSMUSG00000025437-P,6.583549105971545,6.910984637342377,6.87187540879711
ENSMUSG00000051224-P,0.8854767201948464,2.650896865013016,1.692929958963774
ENSMUSG00000078485-P,0.8854767201948464,2.385282137693864,1.692929958963774
ENSMUSG00000021392-P,5.4938874012688155,3.7732982502252463,5.79990582984467
ENSMUSG00000021686-P,7.576008029668603,7.287702526790173,7.515698343040293
ENSMUSG00000044134-P,4.577678006180544,3.0691532897951093,4.149621034948442
ENSMUSG00000024975-P,7.001196988871381,7.335653936075349,7.266497651823866
ENSMUSG00000002844-P,6.531638719393959,6.206954718790918,6.15670978496556
ENSMUSG00000029270-P,6.436043062252849,6.206954718790918,6.385874145129482
ENSMUSG00000029684-P,7.530448216847237,7.400216115201566,7.712852496388981
ENSMUSG00000017697-P,2.6050793803100993,0.0,0.0
ENSMUSG00000022812-P,8.383783595836977,8.263379094833114,8.682217615084678
ENSMUSG00000053749-P,0.0,0.0,0.0
ENSMUSG00000025323-P,5.466500628076533,4.983100341839197,5.154350736278495
ENSMUSG00000034863-P,3.945361835709526,3.5312132431986103,4.796884171909007
ENSMUSG00000068762-P,2.6050793803100993,0.0,1.081723604305354
ENSMUSG00000068335-P,5.5730600817772,4.934102472483744,5.28403843562497
ENSMUSG00000021215-P,3.108754376311148,2.385282137693864,2.9447421864177903
ENSMUSG00000085197-P,3.3675282693871327,0.0,1.692929958963774
ENSMUSG00000091007-P,3.8637402043734568,0.0,2.4505522388752183
ENSMUSG00000028133-P,2.793193551827114,0.0,3.731421765117163
ENSMUSG00000031112-P,3.945361835709526,4.467429729259378,4.737738392123119
ENSMUSG00000028700-P,8.46905305804687,8.885951002899963,8.191913023405792
ENSMUSG00000032018-P,7.093602364796387,7.155014863443871,6.063443230614204
ENSMUSG00000030304-P,7.582400694794115,7.277917981306087,7.735705062645891
ENSMUSG00000054364-P,5.258688447768312,5.362202548592466,5.8566054495317035
ENSMUSG00000029878-P,1.824615078778005,4.660532175221,1.692929958963774
ENSMUSG00000057181-P,5.5730600817772,3.2401496723740513,5.28403843562497
ENSMUSG00000050321-P,2.388706117066035,1.6379488583154955,2.1209125051964186
ENSMUSG00000021957-P,7.838850094285733,7.155014863443871,8.589080918331511
ENSMUSG00000030265-P,7.406227267312388,6.792282477052913,7.180273794158769
ENSMUSG00000052566-P,4.897760704709805,4.53471025753819,4.90836353686475
ENSMUSG00000030256-P,5.438583893485182,5.324676047276037,4.961030935308618
ENSMUSG00000022361-P,7.075588720803555,6.923590523943039,6.899123714766216
ENSMUSG00000028383-P,6.421854381723968,6.948476592165153,6.78689949007841
ENSMUSG00000017221-P,7.936896947783524,7.133473159875435,8.095088057140165
ENSMUSG00000021481-P,5.0531221375566435,3.8806363051174015,4.05587983054342
ENSMUSG00000020752-P,4.676598809853049,5.805240594843878,4.473442871464264
ENSMUSG00000041642-P,2.6050793803100993,1.0399210909765384,2.4505522388752183
ENSMUSG00000031147-P,2.6050793803100993,4.39685741355359,2.4505522388752183
ENSMUSG00000038084-P,6.922759740799744,7.444624757409113,6.4791092270504125
ENSMUSG00000066113-P,6.705697977596473,6.846248088414331,6.801414288850573
ENSMUSG00000051043-P,7.163488604784141,6.121999400805971,7.064699951249005
ENSMUSG00000042797-P,6.318422987212532,6.6171015193368765,6.133952293360991
ENSMUSG00000028030-P,4.676598809853049,3.3930092982402096,4.237641117119119
ENSMUSG00000028484-P,7.523820612955406,6.936087217065171,7.965747383223005
ENSMUSG00000045817-P,4.232267354256176,4.244427258259998,2.7187049314574803
ENSMUSG00000031808-P,6.633656368408126,7.100545231464982,6.844102538328743
ENSMUSG00000021676-P,7.441819516040014,7.391167961404012,7.939739944126996
ENSMUSG00000027523-P,11.672906316662315,11.96444331254492,11.594159928490413
ENSMUSG00000037716-P,3.108754376311148,1.6379488583154955,3.847872573248563
ENSMUSG00000070319-P,7.91680198591506,7.7222400581914,7.47100039603904
ENSMUSG00000024472-P,5.934601945273793,7.176239641921969,6.179113860938536
ENSMUSG00000007476-P,6.892210310197238,6.910984637342377,7.357712407761936
ENSMUSG00000041308-P,7.503753139867543,6.960760476792537,7.666031859600305
ENSMUSG00000033436-P,7.221979697164291,7.601912486725508,7.758201277212933
ENSMUSG00000034579-P,0.8854767201948464,0.0,0.0
ENSMUSG00000038545-P,5.547148967576114,6.186180275763554,5.79990582984467
ENSMUSG00000042831-P,6.728934004170036,6.662930981362654,6.133952293360991
ENSMUSG00000030217-P,0.0,4.71955390134089,1.692929958963774
ENSMUSG00000065799-P,0.0,2.385282137693864,1.081723604305354
ENSMUSG00000022085-P,2.6050793803100993,0.0,2.7187049314574803
ENSMUSG00000029840-P,8.412770348705715,8.562368836845032,8.37287691088513
ENSMUSG00000105970-P,0.8854767201948464,0.0,1.081723604305354
ENSMUSG00000021904-P,2.793193551827114,2.875129551690155,3.731421765117163
ENSMUSG00000105607-P,2.1340565645548835,5.805240594843878,2.7187049314574803
ENSMUSG00000033502-P,3.5868697456056577,2.875129551690155,3.847872573248563
ENSMUSG00000090877-P,2.6050793803100993,2.385282137693864,3.731421765117163
ENSMUSG00000044813-P,3.5868697456056577,3.98053834928957,4.05587983054342
ENSMUSG00000030268-P,2.1340565645548835,0.0,0.0
ENSMUSG00000031967-P,6.932800802247252,6.227434256639141,6.9779104999035555
ENSMUSG00000028977-P,0.0,3.8806363051174015,1.081723604305354
ENSMUSG00000090110-P,2.793193551827114,1.0399210909765384,3.604739428120841
ENSMUSG00000048106-P,5.089482198528558,5.030488625837066,5.547791996674059
ENSMUSG00000026563-P,5.089482198528558,4.660532175221,5.403023629280852
ENSMUSG00000046157-P,5.321179439793231,5.662131822406488,5.79990582984467
ENSMUSG00000047067-P,5.993351625606638,3.7732982502252463,5.911160717188953
ENSMUSG00000067928-P,3.4813634719760502,4.830812807127612,3.312157763979618
ENSMUSG00000047181-P,3.945361835709526,2.650896865013016,3.847872573248563
ENSMUSG00000038880-P,6.531638719393959,6.1437118208118715,6.326896664973563
ENSMUSG00000034786-P,0.0,4.322654555413567,1.692929958963774
ENSMUSG00000053746-P,3.685183232254651,0.0,4.149621034948442
ENSMUSG00000032740-P,6.363661642594106,5.662131822406488,7.076682974476355
ENSMUSG00000028701-P,5.258688447768312,5.324676047276037,5.740886364650992
ENSMUSG00000003360-P,3.945361835709526,2.0594748867359756,4.611634412683991
ENSMUSG00000032172-P,2.6050793803100993,1.6379488583154955,2.7187049314574803
ENSMUSG00000041720-P,6.922759740799744,7.066848170512441,6.514779113629807
ENSMUSG00000047371-P,5.623526652131811,3.98053834928957,6.326896664973563
ENSMUSG00000040761-P,7.093602364796387,7.122580475635362,7.100354499030833
ENSMUSG00000085207-P,1.824615078778005,1.6379488583154955,1.692929958963774
ENSMUSG00000024190-P,6.012414969129594,6.4353840748207505,6.965074548233909
ENSMUSG00000061838-P,6.774312607034409,6.985018854933146,6.460938018360121
ENSMUSG00000033453-P,3.108754376311148,0.0,2.4505522388752183
ENSMUSG00000032251-P,6.1735171807784806,6.267541297475601,6.326896664973563
ENSMUSG00000048118-P,6.807433753389598,6.1437118208118715,7.213214569786543
ENSMUSG00000020444-P,7.084623657652109,6.553639072446206,6.9779104999035555
ENSMUSG00000048175-P,5.765126878455747,5.434448341338299,6.133952293360991
ENSMUSG00000049744-P,2.1340565645548835,1.0399210909765384,1.081723604305354
ENSMUSG00000047989-P,5.159563533607588,3.6573275499737368,5.79990582984467
ENSMUSG00000071253-P,5.742471066877271,6.287184304709906,5.8566054495317035
ENSMUSG00000045302-P,5.696063322618166,5.960110414283344,6.201175330465493
ENSMUSG00000041841-P,10.288725452572953,10.229716315335608,10.709711357947858
ENSMUSG00000070544-P,8.61338378656907,7.53776320706021,9.251546255160155
ENSMUSG00000036435-P,4.095934905275212,4.073968251671055,4.320598421947695
ENSMUSG00000039157-P,6.19035552671513,6.186180275763554,6.727334354136572
ENSMUSG00000052534-P,8.72737629975895,8.704281962451343,8.739872274083622
ENSMUSG00000015932-P,9.34825006262145,8.529759276468276,9.522971076659193
ENSMUSG00000040612-P,8.128181833574159,7.93641774253025,8.213781105091362
ENSMUSG00000067795-P,3.243935543900742,0.0,3.1401148593054975
ENSMUSG00000021010-P,4.232267354256176,0.0,3.1401148593054975
ENSMUSG00000004285-P,9.72711651876228,9.4816659879842,10.005958790911585
ENSMUSG00000044927-P,2.793193551827114,0.0,2.4505522388752183
ENSMUSG00000027782-P,6.223453861513056,6.008247338509236,5.740886364650992
ENSMUSG00000038064-P,3.3675282693871327,1.0399210909765384,3.604739428120841
ENSMUSG00000005575-P,7.669045309108851,6.960760476792537,7.287271814773184
ENSMUSG00000029034-P,4.676598809853049,5.286147301772223,4.853700360322351
ENSMUSG00000034768-P,4.47147194203123,6.054829852279387,4.05587983054342
ENSMUSG00000017802-P,4.295888232083969,3.8806363051174015,4.3990438140965855
ENSMUSG00000032050-P,8.591366129893984,8.28307846863457,8.93679899681659
ENSMUSG00000050856-P,10.32348667955003,10.054539040453612,10.903811049462515
ENSMUSG00000028051-P,0.0,1.6379488583154955,0.0
ENSMUSG00000056952-P,6.621291760519557,4.830812807127612,7.088567286063514
ENSMUSG00000047547-P,8.569007236767845,8.704281962451343,8.353307719144075
ENSMUSG00000027598-P,6.086244989960619,5.030488625837066,5.8566054495317035
ENSMUSG00000060227-P,7.188847133234496,7.122580475635362,7.939739944126996
ENSMUSG00000024576-P,8.416353082811957,9.123016128220366,8.650499657960811
ENSMUSG00000030697-P,5.623526652131811,3.8806363051174015,4.320598421947695
ENSMUSG00000024191-P,4.856157757026546,5.805240594843878,4.544192630379789
ENSMUSG00000030286-P,6.881881701849559,6.677889559275795,6.939054867060317
ENSMUSG00000031970-P,2.9595846507288517,2.0594748867359756,4.05587983054342
ENSMUSG00000091475-P,0.0,2.650896865013016,1.081723604305354
ENSMUSG00000026509-P,5.894062815348182,6.948476592165153,6.5322886973528735
ENSMUSG00000035762-P,5.8523515365022565,3.3930092982402096,6.201175330465493
ENSMUSG00000099689-P,4.095934905275212,3.8806363051174015,3.312157763979618
ENSMUSG00000034377-P,7.270294094243686,7.354396965620693,7.41546811226308
ENSMUSG00000039715-P,5.623526652131811,5.286147301772223,5.8566054495317035
ENSMUSG00000098113-P,1.4301513955146576,0.0,0.0
ENSMUSG00000007379-P,1.4301513955146576,0.0,2.7187049314574803
ENSMUSG00000087083-P,1.4301513955146576,2.0594748867359756,2.1209125051964186
ENSMUSG00000023064-P,5.351438341732733,4.983100341839197,5.403023629280852
ENSMUSG00000030554-P,7.120207999920873,6.031726597386533,7.47100039603904
ENSMUSG00000037221-P,5.2902722705515055,4.39685741355359,5.828534167019237
ENSMUSG00000006005-P,8.862207984967654,7.020658351880706,9.22487315740074
ENSMUSG00000038608-P,3.4813634719760502,2.875129551690155,3.604739428120841
ENSMUSG00000104682-P,2.9595846507288517,3.7732982502252463,1.692929958963774
ENSMUSG00000022023-P,7.710491283588399,7.444624757409113,7.567569707252672
ENSMUSG00000041135-P,4.676598809853049,3.7732982502252463,4.237641117119119
ENSMUSG00000091183-P,0.8854767201948464,2.875129551690155,1.692929958963774
ENSMUSG00000026820-P,5.894062815348182,5.503248162004732,5.8566054495317035
ENSMUSG00000030352-P,6.850444653914304,6.267541297475601,6.265405037504199
ENSMUSG00000034295-P,1.824615078778005,0.0,1.081723604305354
ENSMUSG00000037646-P,6.621291760519557,6.344557867405224,6.460938018360121
ENSMUSG00000040167-P,5.696063322618166,4.660532175221,5.884140942768414
ENSMUSG00000077767-P,2.388706117066035,4.71955390134089,4.961030935308618
ENSMUSG00000055239-P,7.663026048257712,6.885437532135544,6.9906332538990155
ENSMUSG00000031489-P,2.1340565645548835,0.0,3.604739428120841
ENSMUSG00000035093-P,7.60769180286535,7.032345185026882,7.743242844510597
ENSMUSG00000032306-P,5.321179439793231,4.71955390134089,4.737738392123119
ENSMUSG00000043535-P,6.086244989960619,6.031726597386533,5.937683736208367
ENSMUSG00000025869-P,4.415285379732288,3.5312132431986103,5.198887938145035
ENSMUSG00000007613-P,5.089482198528558,6.165102310049551,5.477222913583994
ENSMUSG00000049571-P,0.8854767201948464,2.0594748867359756,3.1401148593054975
ENSMUSG00000018983-P,3.4813634719760502,5.030488625837066,2.9447421864177903
ENSMUSG00000024870-P,7.084623657652109,7.089400100989802,6.939054867060317
ENSMUSG00000043487-P,2.9595846507288517,4.161713826150124,4.237641117119119
ENSMUSG00000017831-P,2.6050793803100993,4.161713826150124,2.7187049314574803
ENSMUSG00000024947-P,5.410116281520104,6.846248088414331,5.647567308988842
ENSMUSG00000025478-P,1.824615078778005,2.650896865013016,1.081723604305354
ENSMUSG00000028032-P,6.839811544040777,6.859429873557361,6.366481645303116
ENSMUSG00000029772-P,9.958510420765077,10.258610203278998,9.806335604128533
ENSMUSG00000075704-P,4.415285379732288,3.3930092982402096,3.731421765117163
ENSMUSG00000028599-P,0.8854767201948464,2.0594748867359756,3.465852944286889
ENSMUSG00000059820-P,4.97753173822037,2.875129551690155,5.770697880915195
ENSMUSG00000085776-P,2.6050793803100993,4.598992446943178,2.4505522388752183
ENSMUSG00000022426-P,5.8523515365022565,5.858732499493456,5.198887938145035
ENSMUSG00000011831-P,7.27819149808844,7.7437254513002,7.461892189849772
ENSMUSG00000064246-P,5.089482198528558,5.910311749663849,5.403023629280852
ENSMUSG00000004085-P,4.97753173822037,4.598992446943178,6.039153064478552
ENSMUSG00000042686-P,6.206999609854352,6.399736779148259,5.989310299083667
ENSMUSG00000028626-P,3.243935543900742,3.2401496723740513,3.1401148593054975
ENSMUSG00000068196-P,10.656026639631358,10.508118349812277,10.337599879711789
ENSMUSG00000030088-P,7.1289686172731885,7.133473159875435,6.633105176688304
ENSMUSG00000058351-P,8.115013664976036,8.335904509720988,8.292955225655236
ENSMUSG00000007739-P,7.833500435140976,8.187013889648744,7.893067341727492
ENSMUSG00000031590-P,6.19035552671513,4.244427258259998,6.9258669050513735
ENSMUSG00000025505-P,6.633656368408126,5.749688705337369,6.087331193886346
ENSMUSG00000039194-P,5.914474767210485,6.287184304709906,5.512938895848565
ENSMUSG00000028863-P,5.159563533607588,4.7762556076837335,5.403023629280852
ENSMUSG00000002660-P,6.785437691159334,7.307074760027465,7.052616562830535
ENSMUSG00000048612-P,7.27819149808844,7.122580475635362,7.41546811226308
ENSMUSG00000005609-P,6.491442206748411,6.031726597386533,6.712050713245607
ENSMUSG00000054720-P,6.271719731796064,6.008247338509236,6.742457778818018
ENSMUSG00000031246-P,8.565784632966484,8.914649806001965,8.697818872081163
ENSMUSG00000014603-P,2.6050793803100993,0.0,2.4505522388752183
ENSMUSG00000031838-P,5.696063322618166,5.434448341338299,5.884140942768414
ENSMUSG00000031922-P,5.2902722705515055,4.71955390134089,6.039153064478552
ENSMUSG00000045094-P,2.6050793803100993,0.0,1.692929958963774
ENSMUSG00000047141-P,5.159563533607588,5.910311749663849,4.796884171909007
ENSMUSG00000032288-P,7.800979084746329,7.043938106933951,7.851824173510405
ENSMUSG00000054717-P,4.356821614027285,0.0,4.90836353686475
ENSMUSG00000029438-P,5.193367590653768,5.246561304449785,5.477222913583994
ENSMUSG00000026895-P,8.616501914094693,8.99747204647569,8.674353260252307
ENSMUSG00000038555-P,7.221979697164291,6.632540333545457,6.110830057186796
ENSMUSG00000035293-P,4.295888232083969,0.0,4.3990438140965855
ENSMUSG00000022141-P,8.200612915279834,7.923923924538923,8.471474244707323
ENSMUSG00000024002-P,7.213767618436221,6.972940652207929,7.524474121970149
ENSMUSG00000048874-P,7.806450474841265,7.496171364231849,7.899828013667225
ENSMUSG00000006476-P,6.1735171807784806,6.206954718790918,6.385874145129482
ENSMUSG00000066357-P,9.011797446166208,9.117540446079566,9.57458622197614
ENSMUSG00000038646-P,6.121789852569476,6.960760476792537,5.740886364650992
ENSMUSG00000105729-P,1.824615078778005,2.0594748867359756,0.0
ENSMUSG00000041570-P,6.751801715856779,6.504140332624964,6.87187540879711
ENSMUSG00000045930-P,4.723626755540068,6.1437118208118715,3.604739428120841
ENSMUSG00000002324-P,4.813319392743866,4.660532175221,4.90836353686475
ENSMUSG00000030493-P,2.388706117066035,2.385282137693864,2.1209125051964186
ENSMUSG00000022199-P,12.656871102661045,12.323115233438708,12.698925483740926
ENSMUSG00000052584-P,3.777222373109846,1.6379488583154955,2.7187049314574803
ENSMUSG00000027108-P,7.029545306374979,6.792282477052913,6.801414288850573
ENSMUSG00000023960-P,8.66549663689456,8.958187686925072,8.318409615900501
ENSMUSG00000044365-P,4.813319392743866,5.960110414283344,4.90836353686475
ENSMUSG00000056735-P,2.388706117066035,0.0,2.4505522388752183
ENSMUSG00000012422-P,7.238264937288486,7.529540210684472,6.8580558033850805
ENSMUSG00000062040-P,3.685183232254651,4.467429729259378,2.9447421864177903
ENSMUSG00000028890-P,5.993351625606638,5.749688705337369,6.58357739813832
ENSMUSG00000042129-P,3.8637402043734568,0.0,3.1401148593054975
ENSMUSG00000069631-P,4.525552067463755,4.934102472483744,4.676063785822748
ENSMUSG00000040242-P,6.942772461333092,7.122580475635362,7.146563278657072
ENSMUSG00000039959-P,5.351438341732733,5.398777628998076,5.403023629280852
ENSMUSG00000020227-P,2.6050793803100993,2.875129551690155,2.1209125051964186
ENSMUSG00000020297-P,9.864596423738243,9.775642364336928,9.946797158904245
ENSMUSG00000061689-P,8.758760312688983,7.954957912952222,8.618068669292546
ENSMUSG00000040586-P,4.47147194203123,4.71955390134089,4.961030935308618
ENSMUSG00000051435-P,8.11059742994768,7.238102381426646,8.642460001007692
ENSMUSG00000070527-P,1.824615078778005,0.0,1.081723604305354
ENSMUSG00000022427-P,6.728934004170036,7.155014863443871,6.566682951147342
ENSMUSG00000020553-P,4.295888232083969,1.0399210909765384,3.465852944286889
ENSMUSG00000031198-P,8.297048020472053,7.462012401241368,8.100967123456028
ENSMUSG00000061524-P,5.934601945273793,3.0691532897951093,5.364442063119361
ENSMUSG00000030403-P,6.693938100881692,6.87249230750014,6.265405037504199
ENSMUSG00000023931-P,5.2263976789316775,1.0399210909765384,5.581822928035971
ENSMUSG00000005045-P,3.685183232254651,5.205858390991043,5.2420913129651465
ENSMUSG00000089875-P,1.4301513955146576,0.0,2.4505522388752183
ENSMUSG00000038390-P,5.5730600817772,4.322654555413567,6.0144469193789805
ENSMUSG00000002748-P,7.632547173876315,6.6171015193368765,8.191913023405792
ENSMUSG00000001089-P,7.462760868396268,7.144284217720942,7.780352083213073
ENSMUSG00000034349-P,4.62798607582455,5.88475262004847,5.581822928035971
ENSMUSG00000027860-P,5.623526652131811,5.832234452988337,5.911160717188953
ENSMUSG00000085890-P,0.0,0.0,0.0
ENSMUSG00000001014-P,1.824615078778005,2.385282137693864,1.692929958963774
ENSMUSG00000052056-P,5.089482198528558,4.322654555413567,4.237641117119119
ENSMUSG00000020235-P,6.621291760519557,5.398777628998076,6.087331193886346
ENSMUSG00000071637-P,3.3675282693871327,1.0399210909765384,4.320598421947695
ENSMUSG00000097462-P,2.1340565645548835,3.3930092982402096,3.465852944286889
ENSMUSG00000043263-P,0.0,0.0,1.081723604305354
ENSMUSG00000019173-P,7.784439300950434,7.81311688721224,8.634375290549876
ENSMUSG00000009076-P,5.466500628076533,5.362202548592466,5.547791996674059
ENSMUSG00000054792-P,4.856157757026546,4.322654555413567,4.611634412683991
ENSMUSG00000020491-P,1.4301513955146576,4.244427258259998,2.1209125051964186
ENSMUSG00000018570-P,1.4301513955146576,0.0,0.0
ENSMUSG00000066800-P,2.1340565645548835,0.0,2.7187049314574803
ENSMUSG00000028053-P,8.273536805533693,7.1867360718698405,8.37287691088513
ENSMUSG00000032261-P,7.427687811045299,7.764895561954965,7.489046093392528
ENSMUSG00000029551-P,4.02261188025902,4.161713826150124,5.108394717432779
ENSMUSG00000027210-P,5.258688447768312,5.076369719801864,4.3990438140965855
ENSMUSG00000017286-P,6.031229696861563,6.41767052452145,5.740886364650992
ENSMUSG00000027957-P,5.742471066877271,5.631724156777347,5.615069586916494
ENSMUSG00000086851-P,2.1340565645548835,0.0,1.081723604305354
ENSMUSG00000056999-P,7.270294094243686,7.771883790387803,7.0404311137700715
ENSMUSG00000102101-P,5.7874324012127625,5.600661764733968,5.28403843562497
ENSMUSG00000051297-P,1.4301513955146576,1.0399210909765384,1.692929958963774
ENSMUSG00000103731-P,1.4301513955146576,1.0399210909765384,3.604739428120841
ENSMUSG00000078486-P,0.8854767201948464,0.0,1.692929958963774
ENSMUSG00000003190-P,2.1340565645548835,4.244427258259998,3.465852944286889
ENSMUSG00000051285-P,7.576008029668603,7.617513822701472,7.69741383686473
ENSMUSG00000098098-P,4.356821614027285,3.6573275499737368,3.847872573248563
ENSMUSG00000051510-P,7.230145295717194,6.960760476792537,7.202317668064374
ENSMUSG00000037110-P,5.159563533607588,5.662131822406488,5.989310299083667
ENSMUSG00000006281-P,4.856157757026546,3.98053834928957,4.737738392123119
ENSMUSG00000022674-P,3.777222373109846,4.53471025753819,3.465852944286889
ENSMUSG00000027770-P,7.490218053613686,6.923590523943039,7.497984996365636
ENSMUSG00000036815-P,3.108754376311148,1.0399210909765384,1.692929958963774
ENSMUSG00000030677-P,3.8637402043734568,2.385282137693864,3.465852944286889
ENSMUSG00000097318-P,2.388706117066035,4.598992446943178,2.4505522388752183
ENSMUSG00000025789-P,0.8854767201948464,0.0,1.081723604305354
ENSMUSG00000025894-P,5.4938874012688155,6.537327466754477,5.679349094352874
ENSMUSG00000030801-P,4.095934905275212,4.660532175221,4.676063785822748
ENSMUSG00000032763-P,6.421854381723968,5.910311749663849,7.015747033792463
ENSMUSG00000038324-P,7.833500435140976,7.529540210684472,7.461892189849772
ENSMUSG00000030201-P,8.482787224748435,8.253427611107465,8.65450274774654
ENSMUSG00000033068-P,4.525552067463755,3.8806363051174015,3.312157763979618
ENSMUSG00000016018-P,6.981983841213517,6.910984637342377,7.367500356130664
ENSMUSG00000074994-P,7.093602364796387,6.585719222498922,7.123643886364934
ENSMUSG00000032560-P,6.333660700546816,5.832234452988337,6.133952293360991
ENSMUSG00000022439-P,0.0,0.0,1.081723604305354
ENSMUSG00000045767-P,8.437664632368906,7.839965134900905,8.686133774522737
ENSMUSG00000043241-P,7.4488337958696365,6.8982676322107865,7.720510309986435
ENSMUSG00000015748-P,5.438583893485182,5.777732016175443,5.884140942768414
ENSMUSG00000048330-P,6.421854381723968,7.078168201230638,6.366481645303116
ENSMUSG00000020380-P,6.068138665998897,3.98053834928957,6.087331193886346
ENSMUSG00000039145-P,7.833500435140976,7.496171364231849,7.95280226733956
ENSMUSG00000041491-P,2.9595846507288517,4.39685741355359,3.604739428120841
ENSMUSG00000032459-P,4.813319392743866,5.163973699473649,5.108394717432779
ENSMUSG00000015363-P,5.954452186274923,6.121999400805971,5.440600237020426
ENSMUSG00000027680-P,7.778883631725957,6.64781567907787,8.235322658084486
ENSMUSG00000035539-P,0.8854767201948464,3.7732982502252463,0.0
ENSMUSG00000045284-P,8.923917156278042,9.003421964644813,8.802544598954901
ENSMUSG00000033054-P,5.015821953712903,5.631724156777347,5.3248003042224
ENSMUSG00000064338-P,4.813319392743866,3.0691532897951093,5.615069586916494
ENSMUSG00000024873-P,2.1340565645548835,1.0399210909765384,2.4505522388752183
ENSMUSG00000097537-P,5.381075613001941,3.7732982502252463,4.473442871464264
ENSMUSG00000043614-P,5.258688447768312,4.161713826150124,3.955621760874324
ENSMUSG00000027710-P,2.793193551827114,2.650896865013016,2.7187049314574803
ENSMUSG00000007570-P,4.095934905275212,3.6573275499737368,4.237641117119119
ENSMUSG00000052951-P,1.824615078778005,1.0399210909765384,1.692929958963774
ENSMUSG00000033021-P,5.672287367499894,6.41767052452145,6.423894226280647
ENSMUSG00000067148-P,6.531638719393959,6.7218566275685205,6.566682951147342
ENSMUSG00000013663-P,6.902465498817952,6.819517598482489,6.844102538328743
ENSMUSG00000006800-P,4.295888232083969,5.777732016175443,3.731421765117163
ENSMUSG00000022843-P,3.3675282693871327,5.88475262004847,3.1401148593054975
ENSMUSG00000039899-P,3.777222373109846,3.3930092982402096,1.692929958963774
ENSMUSG00000042557-P,5.809398302286746,5.662131822406488,6.063443230614204
ENSMUSG00000038884-P,3.5868697456056577,5.691911793200492,3.465852944286889
ENSMUSG00000035692-P,0.8854767201948464,0.0,1.081723604305354
ENSMUSG00000063801-P,5.258688447768312,5.205858390991043,5.770697880915195
ENSMUSG00000059456-P,6.393051401029043,6.077568956498657,6.772237174073755
ENSMUSG00000031637-P,1.4301513955146576,0.0,2.7187049314574803
ENSMUSG00000036202-P,6.912648304140106,5.503248162004732,7.015747033792463
ENSMUSG00000043411-P,7.778883631725957,8.550226464224027,7.550485640478492
ENSMUSG00000017670-P,6.839811544040777,6.923590523943039,6.952123366495095
ENSMUSG00000014846-P,5.5730600817772,4.660532175221,4.90836353686475
ENSMUSG00000030611-P,5.547148967576114,5.398777628998076,5.547791996674059
ENSMUSG00000034563-P,6.922759740799744,6.487256021142228,7.146563278657072
ENSMUSG00000010057-P,5.159563533607588,4.39685741355359,4.90836353686475
ENSMUSG00000020886-P,6.881881701849559,6.537327466754477,7.58445383372952
ENSMUSG00000018171-P,7.120207999920873,6.960760476792537,7.015747033792463
ENSMUSG00000008348-P,9.832776246044377,9.220738574517869,10.071798076176128
ENSMUSG00000042659-P,4.295888232083969,3.2401496723740513,2.9447421864177903
ENSMUSG00000019647-P,4.525552067463755,3.6573275499737368,5.011843170389213
ENSMUSG00000021709-P,6.717362770268372,6.750440818180258,6.696603425132438
ENSMUSG00000086769-P,1.824615078778005,0.0,2.1209125051964186
ENSMUSG00000031617-P,6.932800802247252,7.707736615969123,6.326896664973563
ENSMUSG00000071650-P,7.727895721460851,6.363186317493559,8.358224958568705
ENSMUSG00000024098-P,6.881881701849559,6.792282477052913,6.9779104999035555
ENSMUSG00000046806-P,4.415285379732288,1.6379488583154955,4.320598421947695
ENSMUSG00000040661-P,5.648113003991458,5.398777628998076,5.198887938145035
ENSMUSG00000040675-P,1.4301513955146576,3.3930092982402096,1.692929958963774
ENSMUSG00000016487-P,6.271719731796064,6.996996778237015,6.179113860938536
ENSMUSG00000028967-P,3.5868697456056577,5.246561304449785,4.676063785822748
ENSMUSG00000036197-P,6.363661642594106,5.805240594843878,6.385874145129482
ENSMUSG00000105302-P,3.243935543900742,4.660532175221,3.604739428120841
ENSMUSG00000028057-P,5.993351625606638,5.503248162004732,5.963727936145781
ENSMUSG00000031513-P,7.517162421912737,8.089697307394037,7.337935011026634
ENSMUSG00000042198-P,7.213767618436221,7.165666284420922,7.003244789314777
ENSMUSG00000022751-P,4.165710931605763,3.5312132431986103,2.1209125051964186
ENSMUSG00000033585-P,5.258688447768312,6.662930981362654,5.581822928035971
ENSMUSG00000038058-P,3.945361835709526,3.5312132431986103,4.237641117119119
ENSMUSG00000042745-P,8.854305386671376,8.911489097222692,8.816903620862588
ENSMUSG00000026096-P,4.095934905275212,5.434448341338299,4.320598421947695
ENSMUSG00000072662-P,5.2902722705515055,2.385282137693864,5.710445808937475
ENSMUSG00000023764-P,5.193367590653768,5.434448341338299,5.547791996674059
ENSMUSG00000040483-P,3.4813634719760502,4.7762556076837335,3.955621760874324
ENSMUSG00000033047-P,6.682081577245242,6.805964304712917,7.112046187181966
ENSMUSG00000032602-P,6.557827377033052,6.344557867405224,6.8580558033850805
ENSMUSG00000064340-P,4.676598809853049,4.244427258259998,5.154350736278495
ENSMUSG00000019971-P,7.503753139867543,6.504140332624964,8.235322658084486
ENSMUSG00000031256-P,5.547148967576114,5.246561304449785,6.385874145129482
ENSMUSG00000023826-P,3.777222373109846,3.6573275499737368,2.7187049314574803
ENSMUSG00000070643-P,3.685183232254651,5.076369719801864,4.90836353686475
ENSMUSG00000022568-P,4.577678006180544,4.244427258259998,4.05587983054342
ENSMUSG00000024548-P,4.165710931605763,2.0594748867359756,4.237641117119119
ENSMUSG00000050199-P,5.894062815348182,6.585719222498922,5.403023629280852
ENSMUSG00000057440-P,7.171991069646698,7.391167961404012,7.297547785569729
ENSMUSG00000022010-P,9.60684487655351,10.058830876204944,9.825991260936624
ENSMUSG00000024083-P,8.862207984967654,8.395939491335522,8.638423309004189
ENSMUSG00000072763-P,4.723626755540068,4.660532175221,5.0609265004096455
ENSMUSG00000030616-P,6.9722804556705,7.155014863443871,6.549588317903226
ENSMUSG00000003949-P,6.407524770558839,5.469258332001234,6.244311273730956
ENSMUSG00000085184-P,1.824615078778005,0.0,1.081723604305354
ENSMUSG00000066595-P,5.547148967576114,4.53471025753819,5.647567308988842
ENSMUSG00000046714-P,3.945361835709526,4.883381819626282,3.312157763979618
ENSMUSG00000004263-P,6.633656368408126,6.83294475092466,7.076682974476355
ENSMUSG00000021929-P,5.954452186274923,5.362202548592466,5.963727936145781
ENSMUSG00000074480-P,2.6050793803100993,1.6379488583154955,3.312157763979618
ENSMUSG00000000127-P,5.623526652131811,4.244427258259998,6.063443230614204
ENSMUSG00000075256-P,3.4813634719760502,1.0399210909765384,3.604739428120841
ENSMUSG00000028811-P,4.97753173822037,5.568915830032614,5.512938895848565
ENSMUSG00000025016-P,9.519595648945652,9.38925925634503,8.988456669342115
ENSMUSG00000034957-P,3.3675282693871327,3.6573275499737368,3.604739428120841
ENSMUSG00000025862-P,7.476554780218414,7.043938106933951,7.601142645753969
ENSMUSG00000024800-P,4.165710931605763,5.434448341338299,3.847872573248563
ENSMUSG00000025104-P,5.672287367499894,5.163973699473649,5.547791996674059
ENSMUSG00000078201-P,5.8523515365022565,5.030488625837066,5.79990582984467
ENSMUSG00000042506-P,7.188847133234496,7.625251675995195,6.566682951147342
ENSMUSG00000101059-P,1.824615078778005,2.0594748867359756,1.692929958963774
ENSMUSG00000022629-P,7.057347309610511,5.076369719801864,7.367500356130664
ENSMUSG00000049287-P,5.381075613001941,3.2401496723740513,6.063443230614204
ENSMUSG00000033792-P,8.253647130977555,8.809905850875968,8.112653867965944
ENSMUSG00000018707-P,7.838850094285733,7.287702526790173,8.650499657960811
ENSMUSG00000018293-P,7.038872297531675,6.7218566275685205,6.15670978496556
ENSMUSG00000026547-P,6.436043062252849,6.227434256639141,6.405009427414273
ENSMUSG00000026527-P,2.1340565645548835,2.0594748867359756,0.0
ENSMUSG00000085945-P,4.47147194203123,5.205858390991043,5.011843170389213
ENSMUSG00000071369-P,6.774312607034409,6.504140332624964,7.112046187181966
ENSMUSG00000015970-P,5.742471066877271,6.287184304709906,6.423894226280647
ENSMUSG00000017314-P,4.62798607582455,3.7732982502252463,4.611634412683991
ENSMUSG00000051579-P,7.31704278344565,7.197156685572663,7.743242844510597
ENSMUSG00000093606-P,3.777222373109846,0.0,3.465852944286889
ENSMUSG00000049090-P,6.991622398786809,7.078168201230638,7.135149095682902
ENSMUSG00000032307-P,5.410116281520104,3.3930092982402096,5.28403843562497
ENSMUSG00000062866-P,9.269223940804398,8.833477244974617,9.439593594576776
ENSMUSG00000041685-P,7.362324066183204,7.71500656242801,7.367500356130664
ENSMUSG00000046807-P,4.47147194203123,2.385282137693864,3.604739428120841
ENSMUSG00000027305-P,4.62798607582455,5.434448341338299,4.237641117119119
ENSMUSG00000031715-P,7.490218053613686,7.409207875173776,7.650081115695045
ENSMUSG00000005699-P,4.897760704709805,4.660532175221,4.961030935308618
ENSMUSG00000042594-P,4.415285379732288,5.163973699473649,4.473442871464264
ENSMUSG00000071652-P,5.623526652131811,5.286147301772223,5.108394717432779
ENSMUSG00000019933-P,4.095934905275212,2.650896865013016,3.955621760874324
ENSMUSG00000102664-P,1.4301513955146576,0.0,2.4505522388752183
ENSMUSG00000020219-P,8.789476116223197,8.733213000829375,7.95280226733956
ENSMUSG00000052837-P,3.5868697456056577,5.163973699473649,5.154350736278495
ENSMUSG00000022774-P,6.348739154120598,6.267541297475601,6.460938018360121
ENSMUSG00000031079-P,3.4813634719760502,0.0,2.4505522388752183
ENSMUSG00000021149-P,6.5707455646508395,6.520829325399716,6.680988947378286
ENSMUSG00000039000-P,6.031229696861563,6.585719222498922,6.087331193886346
ENSMUSG00000048776-P,5.089482198528558,4.71955390134089,3.312157763979618
ENSMUSG00000035173-P,6.818307288350684,5.469258332001234,7.028141865289104
ENSMUSG00000038780-P,5.1249483640572695,2.650896865013016,4.676063785822748
ENSMUSG00000026113-P,4.47147194203123,5.536455591121388,3.312157763979618
ENSMUSG00000090247-P,5.1249483640572695,4.830812807127612,5.0609265004096455
ENSMUSG00000009013-P,9.078892252854896,9.633254109645897,8.879807232101005
ENSMUSG00000027349-P,6.450093557253646,7.25814753122562,6.497054407462844
ENSMUSG00000026315-P,3.777222373109846,4.39685741355359,4.237641117119119
ENSMUSG00000027646-P,6.450093557253646,6.008247338509236,5.547791996674059
ENSMUSG00000038827-P,4.295888232083969,4.660532175221,4.320598421947695
ENSMUSG00000025231-P,4.356821614027285,1.0399210909765384,4.3990438140965855
ENSMUSG00000020546-P,7.503753139867543,8.462241963699256,7.406001302413453
ENSMUSG00000020330-P,1.824615078778005,0.0,1.692929958963774
ENSMUSG00000019088-P,3.777222373109846,3.8806363051174015,4.05587983054342
ENSMUSG00000020074-P,7.455814137711273,7.93018435813575,7.689632106892543
ENSMUSG00000037408-P,4.095934905275212,5.600661764733968,4.237641117119119
ENSMUSG00000023046-P,3.243935543900742,2.875129551690155,3.731421765117163
ENSMUSG00000031776-P,7.30162759080165,7.155014863443871,7.506868854994273
ENSMUSG00000020899-P,5.5730600817772,6.054829852279387,5.011843170389213
ENSMUSG00000055022-P,9.894445990352304,10.18591477373954,10.021540559058504
ENSMUSG00000024976-P,5.623526652131811,5.503248162004732,6.087331193886346
ENSMUSG00000003199-P,6.991622398786809,6.38157729528082,7.028141865289104
ENSMUSG00000039450-P,6.206999609854352,5.805240594843878,5.740886364650992
ENSMUSG00000066057-P,4.02261188025902,4.53471025753819,4.544192630379789
ENSMUSG00000041649-P,0.0,0.0,1.081723604305354
ENSMUSG00000042699-P,7.669045309108851,8.500608460410964,7.396471961828926
ENSMUSG00000032348-P,8.285340306970005,9.103759620334433,8.471474244707323
ENSMUSG00000022177-P,2.388706117066035,1.0399210909765384,2.9447421864177903
ENSMUSG00000045098-P,5.934601945273793,5.324676047276037,5.884140942768414
ENSMUSG00000024772-P,7.102525537810427,6.41767052452145,7.015747033792463
ENSMUSG00000021000-P,7.756444507701798,7.176239641921969,7.851824173510405
ENSMUSG00000056938-P,6.942772461333092,6.819517598482489,7.337935011026634
ENSMUSG00000060279-P,5.742471066877271,5.120836548556326,5.884140942768414
ENSMUSG00000030557-P,6.839811544040777,6.936087217065171,6.680988947378286
ENSMUSG00000023118-P,5.381075613001941,4.161713826150124,4.737738392123119
ENSMUSG00000021583-P,5.466500628076533,4.830812807127612,4.90836353686475
ENSMUSG00000021990-P,7.084623657652109,6.206954718790918,6.939054867060317
ENSMUSG00000029265-P,4.897760704709805,3.3930092982402096,4.90836353686475
ENSMUSG00000036087-P,7.238264937288486,6.792282477052913,7.750741447643128
ENSMUSG00000031479-P,6.860999967503575,6.504140332624964,6.633105176688304
ENSMUSG00000039813-P,6.086244989960619,5.286147301772223,5.989310299083667
ENSMUSG00000044617-P,3.243935543900742,0.0,3.1401148593054975
ENSMUSG00000032796-P,3.5868697456056577,4.7762556076837335,2.9447421864177903
ENSMUSG00000038135-P,1.824615078778005,0.0,1.081723604305354
ENSMUSG00000000326-C,6.987224935519179,6.816404410561486,6.815958657317895
ENSMUSG00000000827-C,6.10933303827233,5.724184104635114,6.026103746009668
ENSMUSG00000000881-C,7.806238248507494,8.605749603982874,8.515741818650108
ENSMUSG00000000976-C,5.499053189622769,4.54479128052225,5.029788150157312
ENSMUSG00000001128-C,2.9641894307294048,3.5074880852801837,3.922871459374952
ENSMUSG00000001521-C,5.198506277052428,4.4946112912842064,4.333940744587301
ENSMUSG00000001666-C,5.386231883212921,5.888646924206125,5.7857662384178505
ENSMUSG00000001773-C,2.138137563504853,2.3188822613527895,2.9386360600829815
ENSMUSG00000002228-C,0.0,0.0,1.8073849903108583
ENSMUSG00000002608-C,6.588776931516148,6.54774837314836,6.507836272997877
ENSMUSG00000002633-C,2.609495240548126,3.2893625141918443,2.584997580289027
ENSMUSG00000002733-C,6.073342880936644,6.336088782517406,6.294662308031573
ENSMUSG00000002778-C,7.901683845045792,8.206632406782584,8.099828061635693
ENSMUSG00000002820-C,4.8184146398616825,4.813950177861993,4.000039464453881
ENSMUSG00000002910-C,1.4334760532826032,3.6053134790057273,2.772625439053359
ENSMUSG00000002963-C,4.300902556653133,4.931776063274248,4.000039464453881
ENSMUSG00000003228-C,5.5523189975045355,4.150211254386488,4.502540578785094
ENSMUSG00000003282-C,1.4334760532826032,0.846305570751632,1.4150638090347123
ENSMUSG00000003382-C,5.7012444133081654,4.442622844884783,4.14299766649662
ENSMUSG00000003418-C,1.4334760532826032,2.067488679955821,0.0
ENSMUSG00000003421-C,5.443745108748944,5.610979367318627,5.718859543567126
ENSMUSG00000003452-C,6.779547242845372,6.510355683157012,6.609836018075698
ENSMUSG00000003527-C,5.058246109287047,4.4946112912842064,4.4485006681895936
ENSMUSG00000003549-C,3.868660751385197,4.4946112912842064,4.874509778245711
ENSMUSG00000003752-C,1.4334760532826032,2.532901923184754,2.36926775764794
ENSMUSG00000003970-C,9.207589269591429,8.92989015541962,8.99250834004689
ENSMUSG00000004070-C,7.329938964331805,7.606497874718854,7.539200680171162
ENSMUSG00000004085-C,3.690056043985187,3.032280577134576,3.754926479408451
ENSMUSG00000004151-C,6.663302735813608,7.238438284259746,6.967748355862459
ENSMUSG00000004268-C,5.443745108748944,5.964343368821456,5.672466611962801
ENSMUSG00000004356-C,4.300902556653133,3.8643493295108,4.209493185613544
ENSMUSG00000004360-C,6.4830142203880525,6.665822911995749,7.033464775582421
ENSMUSG00000004508-C,5.5523189975045355,5.767090587794956,5.574950048329096
ENSMUSG00000004895-C,3.868660751385197,3.1665403446796927,3.6630037848267736
ENSMUSG00000004945-C,6.710930266887655,7.489668064687243,7.431887638552392
ENSMUSG00000004952-C,1.4334760532826032,3.402543765077897,3.2224300065550993
ENSMUSG00000005089-C,12.025855989937494,11.956846263911268,11.95835312252939
ENSMUSG00000005699-C,5.65329065696997,5.888646924206125,5.969667774610442
ENSMUSG00000005871-C,9.272515596808407,8.925161966902628,8.907433452150814
ENSMUSG00000005947-C,0.0,1.3761692453425427,0.0
ENSMUSG00000006095-C,7.529074768455506,7.515062323241487,7.486541722485366
ENSMUSG00000006241-C,3.4861740589936105,2.532901923184754,3.345812791746194
ENSMUSG00000006307-C,5.198506277052428,5.266819432164264,4.7004801944898515
ENSMUSG00000006333-C,8.456967168140782,8.379043270692643,8.326471451365046
ENSMUSG00000006642-C,0.0,0.0,0.0
ENSMUSG00000006998-C,8.538424953203224,8.33337936217712,8.245594662937021
ENSMUSG00000007038-C,6.823543371045298,6.980355417575751,6.72796215282181
ENSMUSG00000007080-C,2.138137563504853,1.3761692453425427,1.4150638090347123
ENSMUSG00000007610-C,4.1706999010872465,3.8643493295108,4.000039464453881
ENSMUSG00000009145-C,1.4334760532826032,0.846305570751632,2.115509598589792
ENSMUSG00000009863-C,8.77527623546995,8.700104420359034,8.650495425503678
ENSMUSG00000011960-C,6.90770422931224,6.61974611797455,6.412258581332085
ENSMUSG00000014158-C,0.0,0.0,1.8073849903108583
ENSMUSG00000014763-C,6.073342880936644,6.336088782517406,6.132755417798814
ENSMUSG00000014776-C,5.386231883212921,4.813950177861993,4.91492408633389
ENSMUSG00000015149-C,6.967751891640705,7.60057919775865,7.626967676245583
ENSMUSG00000015568-C,5.5523189975045355,5.325410154363054,5.497227704024088
ENSMUSG00000015837-C,9.276478090328354,9.240799676390893,9.045801677112262
ENSMUSG00000015981-C,8.840967154768293,8.775591440270482,8.58938102983582
ENSMUSG00000016477-C,5.058246109287047,5.0752558596257895,5.169965927521901
ENSMUSG00000016510-C,4.902866615433742,4.4946112912842064,4.992507100344438
ENSMUSG00000016833-C,5.878550769311726,5.7457968479116746,6.166623067740904
ENSMUSG00000016933-C,6.801713012544935,6.497672936534645,6.426306360607094
ENSMUSG00000016984-C,4.902866615433742,3.5074880852801837,3.345812791746194
ENSMUSG00000017491-C,3.690056043985187,3.6053134790057273,3.08749998429564
ENSMUSG00000017550-C,3.868660751385197,2.3188822613527895,2.36926775764794
ENSMUSG00000017716-C,0.0,1.3761692453425427,2.36926775764794
ENSMUSG00000018076-C,8.558090514651928,8.010784913168191,8.142999900300966
ENSMUSG00000018238-C,0.0,0.0,0.0
ENSMUSG00000018481-C,7.062590527102318,6.866589014037581,6.958111076349338
ENSMUSG00000018697-C,3.4861740589936105,4.083878839528882,4.4485006681895936
ENSMUSG00000018965-C,9.996586816530394,10.05499879528073,10.116602623314847
ENSMUSG00000019039-C,6.510190614218889,5.926991552061997,6.294662308031573
ENSMUSG00000019505-C,10.222890137530364,10.149240340908475,10.113350134346868
ENSMUSG00000019579-C,5.836224944522409,6.070924965030726,6.19971386749745
ENSMUSG00000019718-C,2.609495240548126,2.7192353881313043,1.8073849903108583
ENSMUSG00000019775-C,7.619201797042693,7.870267159917563,7.841344165807266
ENSMUSG00000019809-C,5.326330345683369,4.772434856206455,5.266827542703058
ENSMUSG00000019848-C,0.0,0.0,1.4150638090347123
ENSMUSG00000019861-C,5.747655377626174,6.753783634111861,6.572426087693931
ENSMUSG00000019970-C,6.144447177255965,5.634342110281843,6.546936105055266
ENSMUSG00000020114-C,6.866237412701891,7.327132265461291,7.315946138445573
ENSMUSG00000020175-C,5.326330345683369,5.205748127152371,5.169965927521901
ENSMUSG00000020218-C,2.138137563504853,0.846305570751632,1.8073849903108583
ENSMUSG00000020220-C,6.90770422931224,6.48487770618266,6.453998103781735
ENSMUSG00000020321-C,9.930225997607987,10.272551856295554,10.191512591103722
ENSMUSG00000020453-C,4.1706999010872465,4.33266385642655,3.922871459374952
ENSMUSG00000020491-C,3.868660751385197,2.3188822613527895,2.772625439053359
ENSMUSG00000020589-C,7.860041098538044,8.118256837387417,8.037131253855044
ENSMUSG00000020592-C,1.4334760532826032,2.067488679955821,0.8744882523316289
ENSMUSG00000020648-C,4.027570206271769,3.032280577134576,3.08749998429564
ENSMUSG00000020661-C,8.019851976328821,7.606497874718854,7.452626308307447
ENSMUSG00000020687-C,6.4830142203880525,6.378212903467313,6.27926519731943
ENSMUSG00000020713-C,2.9641894307294048,0.0,0.0
ENSMUSG00000020734-C,6.1787269319460725,6.607993252898082,6.481168313905574
ENSMUSG00000020770-C,4.420321031248732,4.014348981718389,4.39235751364384
ENSMUSG00000020799-C,0.0,0.846305570751632,0.8744882523316289
ENSMUSG00000020805-C,4.8184146398616825,4.150211254386488,3.922871459374952
ENSMUSG00000020814-C,4.420321031248732,4.5932844116131974,5.029788150157312
ENSMUSG00000021000-C,5.9985516587800705,5.767090587794956,6.062537391265859
ENSMUSG00000021007-C,6.144447177255965,5.888646924206125,5.807396265744266
ENSMUSG00000021010-C,6.036431875100554,5.808757778829849,6.166623067740904
ENSMUSG00000021013-C,4.902866615433742,5.296412208582011,4.954237047869682
ENSMUSG00000021091-C,4.982647165246312,4.150211254386488,3.8413414125129752
ENSMUSG00000021118-C,0.0,0.0,0.8744882523316289
ENSMUSG00000021131-C,4.300902556653133,2.7192353881313043,2.584997580289027
ENSMUSG00000021188-C,7.1342137522882405,6.292697624456565,6.294662308031573
ENSMUSG00000021273-C,5.747655377626174,5.926991552061997,5.828706783011564
ENSMUSG00000021294-C,4.728709970956263,5.141976874590495,4.832930632533778
ENSMUSG00000021476-C,8.797507219010988,9.240799676390893,9.227256829936398
ENSMUSG00000021495-C,6.866237412701891,7.1998102868606715,7.060737711750018
ENSMUSG00000021508-C,6.8871197989307715,7.4960586573135055,7.5065147494796065
ENSMUSG00000021519-C,3.690056043985187,3.1665403446796927,3.564823156854149
ENSMUSG00000021550-C,4.420321031248732,3.8643493295108,4.209493185613544
ENSMUSG00000021585-C,3.868660751385197,4.213627421589719,3.8413414125129752
ENSMUSG00000021661-C,7.006438635040006,6.95274376840545,6.948408986115428
ENSMUSG00000021709-C,5.65329065696997,5.040701372412272,5.202981011204615
ENSMUSG00000021913-C,6.455316053799703,6.998473898847852,7.024258009408596
ENSMUSG00000021943-C,2.9641894307294048,2.3188822613527895,3.08749998429564
ENSMUSG00000021969-C,6.734167100628439,6.721423561849997,6.609836018075698
ENSMUSG00000021986-C,7.3896939138134865,7.26861287687052,7.431887638552392
ENSMUSG00000022199-C,9.996586816530394,10.1583345579042,10.04329723498742
ENSMUSG00000022211-C,3.690056043985187,4.442622844884783,4.209493185613544
ENSMUSG00000022216-C,5.9985516587800705,5.869085534204049,5.828706783011564
ENSMUSG00000022223-C,6.073342880936644,6.186068497582383,5.828706783011564
ENSMUSG00000022235-C,3.690056043985187,3.696924723560992,4.000039464453881
ENSMUSG00000022354-C,8.808495554807088,8.971760683670405,9.00426247972111
ENSMUSG00000022371-C,0.0,1.7628475801227037,1.4150638090347123
ENSMUSG00000022407-C,3.2486616392715377,4.4946112912842064,4.333940744587301
ENSMUSG00000022494-C,5.386231883212921,5.767090587794956,5.497227704024088
ENSMUSG00000022516-C,7.235392982339609,7.417437249448752,7.459473474841566
ENSMUSG00000022523-C,7.418668187195486,7.675690403258799,7.583751493356099
ENSMUSG00000022604-C,5.386231883212921,5.0752558596257895,5.357593073295224
ENSMUSG00000022750-C,5.836224944522409,5.9826627834069726,6.369275395833852
ENSMUSG00000022768-C,2.9641894307294048,1.3761692453425427,1.4150638090347123
ENSMUSG00000022801-C,5.9985516587800705,4.5932844116131974,5.357593073295224
ENSMUSG00000022833-C,2.609495240548126,2.884232195671641,2.584997580289027
ENSMUSG00000022842-C,4.1706999010872465,2.532901923184754,2.36926775764794
ENSMUSG00000022893-C,3.2486616392715377,3.9412977455678506,4.502540578785094
ENSMUSG00000022914-C,7.474927369703451,7.390248268854717,7.4178943640967505
ENSMUSG00000022974-C,5.919670148612942,5.907946627080504,5.849707092327451
ENSMUSG00000022983-C,5.13008005046512,4.772434856206455,4.790117504506528
ENSMUSG00000023025-C,5.747655377626174,6.596143856587608,6.426306360607094
ENSMUSG00000023064-C,2.9641894307294048,0.846305570751632,1.4150638090347123
ENSMUSG00000023089-C,8.856932932955958,9.623000670529624,9.5511093879296
ENSMUSG00000023094-C,5.65329065696997,5.808757778829849,6.183263340148987
ENSMUSG00000023755-C,4.633055610115746,5.205748127152371,5.066130029276167
ENSMUSG00000024019-C,6.455316053799703,5.964343368821456,6.098073563817369
ENSMUSG00000024038-C,7.488655933275176,8.772962398350144,8.592499023593371
ENSMUSG00000024059-C,6.948012406297396,6.61974611797455,6.585004157613044
ENSMUSG00000024083-C,10.28518124976142,9.667560525499622,9.802019792826046
ENSMUSG00000024209-C,0.0,2.067488679955821,1.4150638090347123
ENSMUSG00000024220-C,7.881012716480749,7.789324450086992,7.571162449589377
ENSMUSG00000024234-C,5.499053189622769,5.0752558596257895,5.136177586357087
ENSMUSG00000024236-C,3.4861740589936105,3.2893625141918443,3.754926479408451
ENSMUSG00000024294-C,7.418668187195486,7.290836739674652,7.105077260304236
ENSMUSG00000024349-C,3.868660751385197,3.032280577134576,3.2224300065550993
ENSMUSG00000024352-C,2.9641894307294048,3.5074880852801837,2.9386360600829815
ENSMUSG00000024378-C,5.603688000358608,5.005298906990166,5.599954069632658
ENSMUSG00000024383-C,5.5523189975045355,5.325410154363054,5.202981011204615
ENSMUSG00000024384-C,6.10933303827233,5.296412208582011,5.202981011204615
ENSMUSG00000024387-C,6.801713012544935,6.905516512608774,6.716575389373248
ENSMUSG00000024423-C,8.505041329948652,7.946908805893057,8.064335614909616
ENSMUSG00000024472-C,6.10933303827233,6.201792283636956,6.369275395833852
ENSMUSG00000024664-C,5.13008005046512,5.325410154363054,4.91492408633389
ENSMUSG00000024665-C,7.870565013699066,7.909096861353818,7.961973885716289
ENSMUSG00000024666-C,4.982647165246312,4.213627421589719,4.000039464453881
ENSMUSG00000024713-C,5.13008005046512,4.33266385642655,4.653482661342376
ENSMUSG00000024764-C,4.902866615433742,4.854304185494181,5.136177586357087
ENSMUSG00000024892-C,5.058246109287047,5.205748127152371,5.266827542703058
ENSMUSG00000024909-C,1.4334760532826032,3.032280577134576,2.9386360600829815
ENSMUSG00000024914-C,8.491468537931182,8.322633068872165,8.502542319838144
ENSMUSG00000025027-C,5.13008005046512,5.538531580801714,5.574950048329096
ENSMUSG00000025103-C,5.9985516587800705,6.785433755764294,6.6220934874773825
ENSMUSG00000025154-C,0.0,1.3761692453425427,0.0
ENSMUSG00000025278-C,5.65329065696997,5.634342110281843,5.235257439512557
ENSMUSG00000025317-C,0.0,0.0,0.0
ENSMUSG00000025323-C,4.8184146398616825,5.657332542333674,5.549505016057975
ENSMUSG00000025352-C,3.690056043985187,4.969005794748283,4.7004801944898515
ENSMUSG00000025362-C,9.315515706614953,9.90218430628064,9.929547054310463
ENSMUSG00000025371-C,5.058246109287047,4.640200417124641,5.266827542703058
ENSMUSG00000025429-C,2.9641894307294048,2.7192353881313043,2.584997580289027
ENSMUSG00000025494-C,0.0,0.0,1.8073849903108583
ENSMUSG00000025504-C,1.4334760532826032,1.3761692453425427,2.36926775764794
ENSMUSG00000025579-C,7.73890888677961,7.457283458187575,7.338406819965269
ENSMUSG00000025730-C,6.10933303827233,6.12140146477275,6.19971386749745
ENSMUSG00000025777-C,7.891385302785338,8.010784913168191,8.168296197505137
ENSMUSG00000025815-C,2.138137563504853,2.3188822613527895,2.36926775764794
ENSMUSG00000025872-C,5.792619734404135,6.378212903467313,5.849707092327451
ENSMUSG00000025892-C,6.801713012544935,6.350267257280306,6.309896827359498
ENSMUSG00000025909-C,5.13008005046512,4.5932844116131974,4.653482661342376
ENSMUSG00000026017-C,4.728709970956263,4.4946112912842064,5.169965927521901
ENSMUSG00000026088-C,4.420321031248732,4.6856386586682275,4.073288576728454
ENSMUSG00000026103-C,8.95414226289797,8.872102722291578,9.045801677112262
ENSMUSG00000026197-C,3.690056043985187,4.54479128052225,5.029788150157312
ENSMUSG00000026234-C,9.748173344178308,9.64329506548591,9.587507048587517
ENSMUSG00000026295-C,0.0,0.0,0.8744882523316289
ENSMUSG00000026361-C,6.663302735813608,6.905516512608774,6.858022727620711
ENSMUSG00000026365-C,4.1706999010872465,4.388690700696569,4.653482661342376
ENSMUSG00000026384-C,6.9279990870112815,6.350267257280306,6.670107751107389
ENSMUSG00000026389-C,2.9641894307294048,3.5074880852801837,2.584997580289027
ENSMUSG00000026421-C,7.668282839361869,7.6357324256694685,7.766018582813395
ENSMUSG00000026466-C,5.603688000358608,5.9826627834069726,6.453998103781735
ENSMUSG00000026469-C,7.631629482886481,7.606497874718854,7.633037080457725
ENSMUSG00000026490-C,8.378028532529887,8.190961571407332,8.315191525469716
ENSMUSG00000026495-C,4.982647165246312,5.205748127152371,5.523603136332226
ENSMUSG00000026510-C,4.633055610115746,3.8643493295108,4.073288576728454
ENSMUSG00000026576-C,12.110977302440238,12.108436569975373,12.16907974107638
ENSMUSG00000026589-C,0.0,2.3188822613527895,0.0
ENSMUSG00000026600-C,6.073342880936644,5.657332542333674,5.763806974138528
ENSMUSG00000026628-C,0.0,1.3761692453425427,0.8744882523316289
ENSMUSG00000026678-C,7.0441150047503465,6.943421188377972,7.024258009408596
ENSMUSG00000026723-C,3.2486616392715377,3.402543765077897,2.772625439053359
ENSMUSG00000026765-C,4.633055610115746,4.5932844116131974,4.333940744587301
ENSMUSG00000026771-C,5.443745108748944,5.435902701865466,5.066130029276167
ENSMUSG00000026785-C,0.0,0.846305570751632,0.8744882523316289
ENSMUSG00000026925-C,4.300902556653133,5.040701372412272,5.029788150157312
ENSMUSG00000027010-C,7.795232640607611,8.533031974725688,8.528821646732121
ENSMUSG00000027109-C,5.499053189622769,5.109002042618445,5.066130029276167
ENSMUSG00000027253-C,4.1706999010872465,4.33266385642655,4.7004801944898515
ENSMUSG00000027291-C,5.5523189975045355,5.9826627834069726,6.062537391265859
ENSMUSG00000027331-C,2.9641894307294048,0.0,0.0
ENSMUSG00000027361-C,4.027570206271769,4.274372999508628,4.604902423615066
ENSMUSG00000027408-C,1.4334760532826032,1.3761692453425427,1.8073849903108583
ENSMUSG00000027569-C,4.633055610115746,4.274372999508628,4.39235751364384
ENSMUSG00000027612-C,5.443745108748944,5.0752558596257895,5.029788150157312
ENSMUSG00000027642-C,6.734167100628439,6.934037974560525,7.087504627109065
ENSMUSG00000027737-C,6.427075686063372,6.535391516328781,6.115518705662865
ENSMUSG00000027861-C,2.9641894307294048,2.3188822613527895,2.115509598589792
ENSMUSG00000027887-C,2.609495240548126,3.402543765077897,3.459469887214497
ENSMUSG00000028015-C,5.13008005046512,4.014348981718389,4.000039464453881
ENSMUSG00000028068-C,1.4334760532826032,2.7192353881313043,0.8744882523316289
ENSMUSG00000028080-C,4.300902556653133,4.931776063274248,5.470361080652834
ENSMUSG00000028125-C,0.0,0.0,0.0
ENSMUSG00000028180-C,8.286682387928941,8.151023191360814,8.064335614909616
ENSMUSG00000028261-C,6.036431875100554,6.186068497582383,6.26370198721604
ENSMUSG00000028334-C,4.1706999010872465,4.083878839528882,4.554629155789021
ENSMUSG00000028443-C,4.1706999010872465,4.813950177861993,4.273058412468433
ENSMUSG00000028479-C,4.1706999010872465,4.640200417124641,4.653482661342376
ENSMUSG00000028494-C,1.4334760532826032,3.7830643658576735,1.4150638090347123
ENSMUSG00000028517-C,9.232280314293613,9.03456928641465,8.835566115339018
ENSMUSG00000028580-C,7.981528050742001,7.60057919775865,8.082190981401716
ENSMUSG00000028639-C,8.189159233110457,7.75243205297745,8.004730577273559
ENSMUSG00000028649-C,8.840967154768293,8.304542761787436,8.280812730156743
ENSMUSG00000028681-C,2.609495240548126,0.846305570751632,0.8744882523316289
ENSMUSG00000028747-C,3.868660751385197,1.7628475801227037,2.772625439053359
ENSMUSG00000028795-C,5.13008005046512,5.040701372412272,5.136177586357087
ENSMUSG00000028811-C,5.836224944522409,6.263027765862968,5.969667774610442
ENSMUSG00000028838-C,6.30823863766087,6.445796706985578,6.309896827359498
ENSMUSG00000028967-C,3.690056043985187,4.150211254386488,4.554629155789021
ENSMUSG00000028995-C,5.263833514387339,5.205748127152371,5.235257439512557
ENSMUSG00000029020-C,7.817160535275288,7.865339132038894,7.782494154709752
ENSMUSG00000029131-C,7.656168228994967,7.31994584314458,7.262136666516247
ENSMUSG00000029276-C,5.13008005046512,4.729689393978666,4.91492408633389
ENSMUSG00000029279-C,5.7012444133081654,4.89356008621617,5.624532107014368
ENSMUSG00000029345-C,5.198506277052428,6.104771423621481,5.235257439512557
ENSMUSG00000029348-C,7.961977435675034,7.794518615479497,8.004730577273559
ENSMUSG00000029461-C,9.386897277146918,8.903691236717444,8.968708804552808
ENSMUSG00000029513-C,4.5306059070680975,4.213627421589719,4.209493185613544
ENSMUSG00000029714-C,6.823543371045298,5.849255262917923,6.26370198721604
ENSMUSG00000029882-C,0.0,0.0,0.8744882523316289
ENSMUSG00000029916-C,4.300902556653133,4.274372999508628,3.754926479408451
ENSMUSG00000030002-C,6.073342880936644,5.767090587794956,5.763806974138528
ENSMUSG00000030016-C,7.606666125550896,7.410687890981768,7.330958712035516
ENSMUSG00000030035-C,5.13008005046512,4.388690700696569,4.7004801944898515
ENSMUSG00000030323-C,5.959649957130794,5.634342110281843,5.890812316161826
ENSMUSG00000030433-C,0.0,0.846305570751632,0.0
ENSMUSG00000030465-C,8.71815221970393,8.632100754229727,8.532073158486499
ENSMUSG00000030522-C,3.868660751385197,3.7830643658576735,3.2224300065550993
ENSMUSG00000030530-C,5.13008005046512,5.325410154363054,5.386622142358993
ENSMUSG00000030714-C,3.4861740589936105,4.274372999508628,3.922871459374952
ENSMUSG00000030718-C,9.678010552249644,9.69003169910283,9.571794683567568
ENSMUSG00000030733-C,5.65329065696997,6.54774837314836,6.534020213121316
ENSMUSG00000030741-C,6.036431875100554,5.266819432164264,5.101578895779515
ENSMUSG00000030847-C,4.1706999010872465,4.083878839528882,3.754926479408451
ENSMUSG00000030942-C,5.792619734404135,5.724184104635114,5.910933921908952
ENSMUSG00000031077-C,1.4334760532826032,2.067488679955821,1.4150638090347123
ENSMUSG00000031095-C,4.1706999010872465,4.083878839528882,3.2224300065550993
ENSMUSG00000031103-C,0.0,1.7628475801227037,0.0
ENSMUSG00000031138-C,2.138137563504853,0.0,0.0
ENSMUSG00000031145-C,3.4861740589936105,2.067488679955821,1.8073849903108583
ENSMUSG00000031174-C,5.058246109287047,4.33266385642655,4.39235751364384
ENSMUSG00000031209-C,1.4334760532826032,2.884232195671641,2.584997580289027
ENSMUSG00000031327-C,6.427075686063372,6.677115789456508,6.383745883724132
ENSMUSG00000031328-C,4.902866615433742,4.772434856206455,4.7004801944898515
ENSMUSG00000031337-C,3.2486616392715377,2.884232195671641,3.08749998429564
ENSMUSG00000031393-C,8.010366013077228,7.582676068439651,7.651093577131312
ENSMUSG00000031429-C,5.7012444133081654,5.610979367318627,5.718859543567126
ENSMUSG00000031490-C,3.868660751385197,3.5074880852801837,4.209493185613544
ENSMUSG00000031563-C,7.116638532701875,7.246041305390321,7.214360932713396
ENSMUSG00000031574-C,2.138137563504853,0.0,2.115509598589792
ENSMUSG00000031604-C,7.619201797042693,8.063371347444887,7.749352684327164
ENSMUSG00000031618-C,3.868660751385197,4.274372999508628,4.14299766649662
ENSMUSG00000031644-C,5.836224944522409,6.510355683157012,6.183263340148987
ENSMUSG00000031665-C,3.4861740589936105,4.33266385642655,4.209493185613544
ENSMUSG00000031706-C,5.13008005046512,4.729689393978666,5.202981011204615
ENSMUSG00000031872-C,5.65329065696997,5.266819432164264,5.297721573813489
ENSMUSG00000031913-C,7.542299930297031,7.016367653577487,7.033464775582421
ENSMUSG00000031954-C,7.529074768455506,7.5024210668294256,7.323471952613148
ENSMUSG00000031995-C,0.0,0.0,0.0
ENSMUSG00000032062-C,2.138137563504853,2.067488679955821,1.4150638090347123
ENSMUSG00000032078-C,5.326330345683369,5.907946627080504,5.695849552670656
ENSMUSG00000032089-C,2.138137563504853,2.7192353881313043,2.115509598589792
ENSMUSG00000032097-C,8.819400829807126,8.657979215637884,8.49922348893563
ENSMUSG00000032193-C,5.603688000358608,5.829148615385201,5.549505016057975
ENSMUSG00000032198-C,4.5306059070680975,4.33266385642655,3.6630037848267736
ENSMUSG00000032202-C,1.4334760532826032,2.3188822613527895,1.8073849903108583
ENSMUSG00000032253-C,7.715748916772802,7.119305808290389,7.308380859936359
ENSMUSG00000032336-C,9.852724750207354,10.062553583687396,10.15928270897855
ENSMUSG00000032342-C,4.728709970956263,4.931776063274248,5.066130029276167
ENSMUSG00000032384-C,6.338878127640356,5.9826627834069726,5.648698432319087
ENSMUSG00000032413-C,6.8871197989307715,6.535391516328781,6.546936105055266
ENSMUSG00000032418-C,5.836224944522409,5.926991552061997,5.930778742863697
ENSMUSG00000032436-C,1.4334760532826032,3.032280577134576,0.8744882523316289
ENSMUSG00000032443-C,2.138137563504853,2.884232195671641,2.115509598589792
ENSMUSG00000032489-C,3.690056043985187,2.7192353881313043,2.36926775764794
ENSMUSG00000032501-C,6.510190614218889,6.277938966042666,6.693528646165653
ENSMUSG00000032530-C,0.0,1.3761692453425427,2.115509598589792
ENSMUSG00000032553-C,4.982647165246312,4.442622844884783,4.832930632533778
ENSMUSG00000032558-C,2.138137563504853,2.3188822613527895,3.345812791746194
ENSMUSG00000032563-C,6.588776931516148,6.497672936534645,6.412258581332085
ENSMUSG00000032599-C,6.510190614218889,6.154097278386735,6.507836272997877
ENSMUSG00000032606-C,7.447071995713113,7.463818796421828,7.403764032838947
ENSMUSG00000032727-C,5.878550769311726,5.563087304008008,5.718859543567126
ENSMUSG00000032834-C,4.728709970956263,5.109002042618445,5.066130029276167
ENSMUSG00000033111-C,5.499053189622769,5.435902701865466,5.327967882885067
ENSMUSG00000033453-C,3.4861740589936105,1.7628475801227037,2.9386360600829815
ENSMUSG00000033544-C,0.0,0.0,0.0
ENSMUSG00000033585-C,6.734167100628439,7.540017313934573,7.27771668092928
ENSMUSG00000033618-C,5.198506277052428,6.307306830534798,5.969667774610442
ENSMUSG00000033671-C,6.368880415300812,5.907946627080504,5.648698432319087
ENSMUSG00000033706-C,4.982647165246312,4.6856386586682275,4.653482661342376
ENSMUSG00000033773-C,5.058246109287047,5.040701372412272,4.874509778245711
ENSMUSG00000033917-C,8.278802573803143,8.722078167807064,8.57368917238746
ENSMUSG00000033991-C,4.420321031248732,4.388690700696569,5.136177586357087
ENSMUSG00000034042-C,4.8184146398616825,5.005298906990166,5.169965927521901
ENSMUSG00000034055-C,4.982647165246312,4.729689393978666,4.91492408633389
ENSMUSG00000034324-C,3.2486616392715377,3.1665403446796927,3.922871459374952
ENSMUSG00000034432-C,7.2024487579229985,7.390248268854717,7.156546286002286
ENSMUSG00000034462-C,4.728709970956263,5.205748127152371,5.266827542703058
ENSMUSG00000034467-C,1.4334760532826032,3.1665403446796927,3.2224300065550993
ENSMUSG00000034601-C,3.4861740589936105,2.7192353881313043,3.345812791746194
ENSMUSG00000034731-C,8.43586323035542,8.453172935167936,8.431191310923545
ENSMUSG00000034789-C,7.594020575349624,7.6357324256694685,7.330958712035516
ENSMUSG00000034880-C,7.345111329320223,7.15204861501373,7.156546286002286
ENSMUSG00000034906-C,0.0,0.0,0.0
ENSMUSG00000035133-C,8.51178013984025,8.286222732310062,8.257429800507143
ENSMUSG00000035164-C,2.609495240548126,2.067488679955821,2.115509598589792
ENSMUSG00000035211-C,2.138137563504853,0.846305570751632,0.8744882523316289
ENSMUSG00000035247-C,7.981528050742001,8.21052366250428,8.288523572541859
ENSMUSG00000035284-C,6.212211037085422,6.350267257280306,6.383745883724132
ENSMUSG00000035576-C,2.138137563504853,2.067488679955821,1.4150638090347123
ENSMUSG00000035585-C,7.185690174556008,7.470324663345768,7.18986636593877
ENSMUSG00000035637-C,4.982647165246312,5.7457968479116746,5.202981011204615
ENSMUSG00000035653-C,6.801713012544935,7.230794982739673,7.105077260304236
ENSMUSG00000035829-C,5.747655377626174,5.040701372412272,5.202981011204615
ENSMUSG00000036002-C,5.603688000358608,5.9457883383136405,5.870406095393683
ENSMUSG00000036097-C,5.836224944522409,5.296412208582011,5.470361080652834
ENSMUSG00000036120-C,4.1706999010872465,4.213627421589719,3.08749998429564
ENSMUSG00000036186-C,7.432939992168391,8.032929329636953,7.971585481621625
ENSMUSG00000036330-C,0.0,0.0,0.8744882523316289
ENSMUSG00000036391-C,5.198506277052428,4.213627421589719,4.554629155789021
ENSMUSG00000036442-C,5.5523189975045355,6.201792283636956,6.383745883724132
ENSMUSG00000036461-C,3.2486616392715377,3.9412977455678506,4.502540578785094
ENSMUSG00000036503-C,6.244935591208821,6.186068497582383,6.453998103781735
ENSMUSG00000036504-C,6.073342880936644,6.665822911995749,6.772631214262872
ENSMUSG00000036550-C,6.30823863766087,5.926991552061997,5.497227704024088
ENSMUSG00000036552-C,2.9641894307294048,3.2893625141918443,2.115509598589792
ENSMUSG00000036632-C,4.728709970956263,5.0752558596257895,5.415078608061543
ENSMUSG00000036655-C,2.609495240548126,0.846305570751632,1.4150638090347123
ENSMUSG00000036699-C,5.5523189975045355,5.657332542333674,5.136177586357087
ENSMUSG00000036850-C,6.4830142203880525,6.631404011901788,6.534020213121316
ENSMUSG00000036885-C,5.959649957130794,4.89356008621617,5.066130029276167
ENSMUSG00000036934-C,4.633055610115746,4.969005794748283,5.202981011204615
ENSMUSG00000036985-C,5.9985516587800705,5.205748127152371,5.695849552670656
ENSMUSG00000037013-C,4.902866615433742,6.0879474492323435,5.870406095393683
ENSMUSG00000037104-C,7.006438635040006,6.54774837314836,6.805248174451823
ENSMUSG00000037119-C,5.5523189975045355,6.12140146477275,6.21597892828084
ENSMUSG00000037349-C,3.690056043985187,3.8643493295108,3.564823156854149
ENSMUSG00000037416-C,6.734167100628439,5.040701372412272,5.849707092327451
ENSMUSG00000037487-C,6.638886070876334,6.321769580792224,6.8476211295344385
ENSMUSG00000037542-C,0.0,0.0,0.0
ENSMUSG00000037568-C,2.138137563504853,2.067488679955821,2.115509598589792
ENSMUSG00000037685-C,8.658672774043001,8.3298061510997,8.465608381108526
ENSMUSG00000037697-C,6.8871197989307715,6.7644110112889715,6.585004157613044
ENSMUSG00000037731-C,0.0,2.3188822613527895,1.4150638090347123
ENSMUSG00000037784-C,4.027570206271769,2.7192353881313043,3.2224300065550993
ENSMUSG00000037857-C,7.891385302785338,7.84044328405292,8.108566399639987
ENSMUSG00000037904-C,5.263833514387339,4.854304185494181,4.502540578785094
ENSMUSG00000038056-C,7.515727249259065,7.570616018124804,7.639081057678272
ENSMUSG00000038135-C,0.0,0.0,1.8073849903108583
ENSMUSG00000038146-C,2.609495240548126,3.032280577134576,4.14299766649662
ENSMUSG00000038151-C,2.609495240548126,2.3188822613527895,2.584997580289027
ENSMUSG00000038188-C,1.4334760532826032,2.3188822613527895,1.4150638090347123
ENSMUSG00000038214-C,2.609495240548126,3.1665403446796927,2.115509598589792
ENSMUSG00000038295-C,3.690056043985187,2.067488679955821,0.8744882523316289
ENSMUSG00000038319-C,4.5306059070680975,5.610979367318627,4.745994904022693
ENSMUSG00000038332-C,5.058246109287047,6.000752490923871,6.2479690549440825
ENSMUSG00000038365-C,6.427075686063372,6.7644110112889715,6.369275395833852
ENSMUSG00000038437-C,8.02927597497785,7.928126707882143,8.004730577273559
ENSMUSG00000038451-C,0.0,2.532901923184754,2.9386360600829815
ENSMUSG00000038608-C,5.198506277052428,4.083878839528882,4.000039464453881
ENSMUSG00000038690-C,9.10882062901013,9.19243146385608,9.17621517172121
ENSMUSG00000038773-C,4.420321031248732,3.8643493295108,3.459469887214497
ENSMUSG00000038774-C,4.8184146398616825,4.729689393978666,4.790117504506528
ENSMUSG00000038777-C,4.1706999010872465,3.032280577134576,3.922871459374952
ENSMUSG00000038888-C,3.690056043985187,4.4946112912842064,4.39235751364384
ENSMUSG00000039096-C,6.036431875100554,5.296412208582011,4.91492408633389
ENSMUSG00000039130-C,5.919670148612942,5.869085534204049,5.890812316161826
ENSMUSG00000039308-C,4.027570206271769,4.014348981718389,4.333940744587301
ENSMUSG00000039313-C,1.4334760532826032,3.696924723560992,3.459469887214497
ENSMUSG00000039377-C,0.0,0.846305570751632,0.0
ENSMUSG00000039452-C,0.0,0.846305570751632,0.8744882523316289
ENSMUSG00000039477-C,6.9279990870112815,5.964343368821456,6.21597892828084
ENSMUSG00000039545-C,0.0,0.0,0.0
ENSMUSG00000039585-C,8.325448525843154,7.720041307104181,7.9811334662270434
ENSMUSG00000039656-C,6.614049045407979,6.95274376840545,6.412258581332085
ENSMUSG00000039704-C,7.73890888677961,7.168145501101189,7.293130238981993
ENSMUSG00000039713-C,6.801713012544935,6.665822911995749,7.014992111370038
ENSMUSG00000039835-C,3.2486616392715377,4.4946112912842064,4.000039464453881
ENSMUSG00000039851-C,0.0,2.532901923184754,1.8073849903108583
ENSMUSG00000040177-C,5.65329065696997,5.964343368821456,5.672466611962801
ENSMUSG00000040209-C,6.588776931516148,6.642968457247681,6.2479690549440825
ENSMUSG00000040351-C,5.9985516587800705,5.17421483118867,5.202981011204615
ENSMUSG00000040389-C,6.455316053799703,6.8958826657196015,6.815958657317895
ENSMUSG00000040473-C,4.1706999010872465,4.33266385642655,4.333940744587301
ENSMUSG00000040488-C,5.499053189622769,5.587232056144344,5.266827542703058
ENSMUSG00000040489-C,0.0,0.846305570751632,0.0
ENSMUSG00000040520-C,5.058246109287047,4.969005794748283,5.386622142358993
ENSMUSG00000040532-C,5.5523189975045355,4.772434856206455,5.327967882885067
ENSMUSG00000040652-C,7.901683845045792,7.942236155322611,7.851790954566716
ENSMUSG00000040661-C,5.13008005046512,4.6856386586682275,4.7004801944898515
ENSMUSG00000040760-C,8.310066843969159,8.413211445624027,8.330211912811794
ENSMUSG00000040940-C,5.058246109287047,5.0752558596257895,4.745994904022693
ENSMUSG00000040957-C,5.326330345683369,4.729689393978666,5.066130029276167
ENSMUSG00000041058-C,6.276934290566108,5.702242654374818,5.849707092327451
ENSMUSG00000041153-C,4.728709970956263,4.5932844116131974,5.101578895779515
ENSMUSG00000041229-C,5.5523189975045355,5.236606909785178,5.890812316161826
ENSMUSG00000041361-C,0.0,0.0,0.8744882523316289
ENSMUSG00000041548-C,4.1706999010872465,5.381713964535744,5.763806974138528
ENSMUSG00000041594-C,4.982647165246312,4.931776063274248,4.000039464453881
ENSMUSG00000041596-C,0.0,0.0,0.0
ENSMUSG00000041605-C,2.138137563504853,1.7628475801227037,0.0
ENSMUSG00000041633-C,3.2486616392715377,2.7192353881313043,3.345812791746194
ENSMUSG00000041649-C,3.4861740589936105,2.3188822613527895,2.115509598589792
ENSMUSG00000041669-C,0.0,0.846305570751632,0.8744882523316289
ENSMUSG00000041685-C,6.338878127640356,5.964343368821456,5.442984623531747
ENSMUSG00000041805-C,2.138137563504853,0.0,0.0
ENSMUSG00000041841-C,10.430958762728537,11.02313187767072,10.977918226904023
ENSMUSG00000042099-C,3.690056043985187,4.442622844884783,3.345812791746194
ENSMUSG00000042249-C,6.90770422931224,6.432530855254993,6.64630035512182
ENSMUSG00000042302-C,6.563054213469386,5.587232056144344,5.807396265744266
ENSMUSG00000042396-C,5.058246109287047,4.969005794748283,5.523603136332226
ENSMUSG00000042408-C,3.690056043985187,3.402543765077897,3.459469887214497
ENSMUSG00000042462-C,5.058246109287047,5.17421483118867,5.066130029276167
ENSMUSG00000042496-C,5.959649957130794,4.640200417124641,4.91492408633389
ENSMUSG00000042508-C,5.792619734404135,6.036265333276009,6.062537391265859
ENSMUSG00000042595-C,5.13008005046512,5.296412208582011,5.870406095393683
ENSMUSG00000042670-C,4.300902556653133,4.89356008621617,5.235257439512557
ENSMUSG00000042747-C,6.845048318066576,7.085802593130621,7.285444044403076
ENSMUSG00000043085-C,0.0,1.3761692453425427,0.0
ENSMUSG00000043257-C,2.138137563504853,3.032280577134576,2.36926775764794
ENSMUSG00000043298-C,3.2486616392715377,1.3761692453425427,2.36926775764794
ENSMUSG00000043313-C,4.300902556653133,4.083878839528882,4.209493185613544
ENSMUSG00000043372-C,4.1706999010872465,3.7830643658576735,4.14299766649662
ENSMUSG00000043467-C,5.499053189622769,3.7830643658576735,4.333940744587301
ENSMUSG00000043510-C,4.420321031248732,3.6053134790057273,3.2224300065550993
ENSMUSG00000043635-C,0.0,1.3761692453425427,0.8744882523316289
ENSMUSG00000043857-C,6.614049045407979,6.232734894414715,6.412258581332085
ENSMUSG00000043903-C,1.4334760532826032,1.7628475801227037,2.115509598589792
ENSMUSG00000043948-C,2.9641894307294048,2.3188822613527895,1.8073849903108583
ENSMUSG00000044150-C,4.420321031248732,4.729689393978666,3.2224300065550993
ENSMUSG00000044162-C,0.0,0.0,0.0
ENSMUSG00000044201-C,0.0,0.846305570751632,0.0
ENSMUSG00000044216-C,9.327023941957808,9.11358193509956,9.018242193006651
ENSMUSG00000044328-C,2.138137563504853,1.7628475801227037,0.8744882523316289
ENSMUSG00000044337-C,4.1706999010872465,3.9412977455678506,3.8413414125129752
ENSMUSG00000044550-C,8.477766840168943,8.913273253684421,8.703368835851858
ENSMUSG00000044791-C,7.58126320315692,6.856690777355597,7.173302517734987
ENSMUSG00000044816-C,2.609495240548126,2.532901923184754,2.772625439053359
ENSMUSG00000044927-C,6.39827146507826,5.869085534204049,5.497227704024088
ENSMUSG00000045005-C,0.0,0.0,0.0
ENSMUSG00000045007-C,6.757035594095388,6.856690777355597,6.858022727620711
ENSMUSG00000045036-C,3.690056043985187,2.532901923184754,2.36926775764794
ENSMUSG00000045210-C,6.948012406297396,6.5229279065315975,6.716575389373248
ENSMUSG00000045790-C,5.13008005046512,5.788074604435832,6.294662308031573
ENSMUSG00000045980-C,4.300902556653133,4.083878839528882,4.604902423615066
ENSMUSG00000046058-C,7.474927369703451,7.641508913688638,7.4178943640967505
ENSMUSG00000046139-C,5.65329065696997,4.729689393978666,5.202981011204615
ENSMUSG00000046157-C,5.058246109287047,5.205748127152371,4.832930632533778
ENSMUSG00000046230-C,7.404253787152375,6.607993252898082,6.783585674064834
ENSMUSG00000046719-C,5.7012444133081654,4.388690700696569,4.954237047869682
ENSMUSG00000046916-C,1.4334760532826032,0.0,0.0
ENSMUSG00000046991-C,3.690056043985187,3.032280577134576,3.459469887214497
ENSMUSG00000047022-C,4.300902556653133,2.3188822613527895,2.772625439053359
ENSMUSG00000047139-C,1.4334760532826032,3.032280577134576,2.36926775764794
ENSMUSG00000047146-C,5.263833514387339,3.402543765077897,4.073288576728454
ENSMUSG00000047260-C,7.568392013678087,7.703569079827246,8.000041930946404
ENSMUSG00000047412-C,6.614049045407979,6.104771423621481,6.19971386749745
ENSMUSG00000047419-C,4.027570206271769,1.7628475801227037,3.6630037848267736
ENSMUSG00000047454-C,7.025399807468608,6.471967978989006,6.693528646165653
ENSMUSG00000047591-C,2.138137563504853,2.3188822613527895,0.0
ENSMUSG00000047694-C,5.198506277052428,5.869085534204049,5.523603136332226
ENSMUSG00000047789-C,5.326330345683369,5.907946627080504,5.549505016057975
ENSMUSG00000047909-C,4.902866615433742,4.772434856206455,4.832930632533778
ENSMUSG00000048154-C,6.779547242845372,6.61974611797455,6.597473513348818
ENSMUSG00000048280-C,5.386231883212921,5.9826627834069726,5.969667774610442
ENSMUSG00000048537-C,6.10933303827233,5.9826627834069726,5.890812316161826
ENSMUSG00000048655-C,1.4334760532826032,0.0,1.4150638090347123
ENSMUSG00000048921-C,3.690056043985187,3.2893625141918443,2.115509598589792
ENSMUSG00000049122-C,3.690056043985187,3.7830643658576735,4.333940744587301
ENSMUSG00000049124-C,1.4334760532826032,2.7192353881313043,2.36926775764794
ENSMUSG00000049230-C,3.4861740589936105,2.3188822613527895,2.115509598589792
ENSMUSG00000049553-C,5.263833514387339,4.442622844884783,5.101578895779515
ENSMUSG00000049600-C,5.5523189975045355,4.274372999508628,4.954237047869682
ENSMUSG00000049929-C,1.4334760532826032,3.6053134790057273,3.08749998429564
ENSMUSG00000050164-C,4.8184146398616825,4.813950177861993,4.502540578785094
ENSMUSG00000050174-C,2.609495240548126,2.7192353881313043,2.115509598589792
ENSMUSG00000050213-C,4.5306059070680975,4.388690700696569,4.39235751364384
ENSMUSG00000050315-C,2.138137563504853,2.7192353881313043,1.4150638090347123
ENSMUSG00000050334-C,7.116638532701875,6.350267257280306,6.2479690549440825
ENSMUSG00000050423-C,4.027570206271769,3.6053134790057273,4.653482661342376
ENSMUSG00000050503-C,2.138137563504853,0.0,0.8744882523316289
ENSMUSG00000050538-C,7.0441150047503465,6.277938966042666,6.369275395833852
ENSMUSG00000050619-C,2.138137563504853,2.532901923184754,2.772625439053359
ENSMUSG00000051029-C,0.0,0.0,0.0
ENSMUSG00000051124-C,0.0,0.846305570751632,1.8073849903108583
ENSMUSG00000051278-C,3.4861740589936105,3.7830643658576735,2.584997580289027
ENSMUSG00000051285-C,7.838760125957981,7.119305808290389,7.069715309825334
ENSMUSG00000051346-C,4.902866615433742,3.032280577134576,3.459469887214497
ENSMUSG00000051730-C,4.420321031248732,4.729689393978666,4.745994904022693
ENSMUSG00000051790-C,8.000817264968417,8.08896281135926,8.130183453645081
ENSMUSG00000052302-C,6.987224935519179,6.998473898847852,6.888784989047221
ENSMUSG00000052353-C,4.420321031248732,4.083878839528882,4.39235751364384
ENSMUSG00000052917-C,6.563054213469386,5.849255262917923,5.988726119241419
ENSMUSG00000052957-C,3.690056043985187,3.1665403446796927,3.922871459374952
ENSMUSG00000053062-C,4.8184146398616825,5.4881295367462,4.91492408633389
ENSMUSG00000053178-C,1.4334760532826032,1.7628475801227037,0.0
ENSMUSG00000053477-C,10.721406274176257,10.78882148838751,10.756737374840275
ENSMUSG00000053545-C,2.609495240548126,1.3761692453425427,0.0
ENSMUSG00000053693-C,6.563054213469386,5.829148615385201,5.599954069632658
ENSMUSG00000053861-C,0.0,0.0,0.0
ENSMUSG00000053870-C,3.868660751385197,4.274372999508628,4.554629155789021
ENSMUSG00000053877-C,2.609495240548126,3.1665403446796927,1.8073849903108583
ENSMUSG00000054226-C,6.588776931516148,7.403906808526793,6.507836272997877
ENSMUSG00000054237-C,5.386231883212921,4.772434856206455,5.235257439512557
ENSMUSG00000054405-C,8.664732288854957,7.747083845293976,7.9811334662270434
ENSMUSG00000054435-C,0.0,0.0,0.0
ENSMUSG00000054452-C,9.401485259540594,9.580031626131136,9.53012318788353
ENSMUSG00000054648-C,4.982647165246312,5.409062739586958,5.599954069632658
ENSMUSG00000054693-C,6.212211037085422,6.535391516328781,6.383745883724132
ENSMUSG00000054717-C,3.2486616392715377,3.1665403446796927,2.9386360600829815
ENSMUSG00000054723-C,3.690056043985187,4.5932844116131974,3.922871459374952
ENSMUSG00000055024-C,6.276934290566108,6.321769580792224,6.27926519731943
ENSMUSG00000055093-C,1.4334760532826032,1.7628475801227037,2.772625439053359
ENSMUSG00000055302-C,8.428759419888493,9.12805546024044,9.03896100464332
ENSMUSG00000055435-C,8.385385937863617,8.289905396398764,8.11725212842168
ENSMUSG00000055538-C,6.455316053799703,6.432530855254993,6.369275395833852
ENSMUSG00000055560-C,2.9641894307294048,3.2893625141918443,3.345812791746194
ENSMUSG00000055707-C,5.9985516587800705,6.186068497582383,6.21597892828084
ENSMUSG00000056211-C,9.272515596808407,9.107334268200455,9.11465197200756
ENSMUSG00000056418-C,0.0,1.3761692453425427,0.0
ENSMUSG00000056476-C,5.747655377626174,4.729689393978666,5.136177586357087
ENSMUSG00000056536-C,4.027570206271769,3.2893625141918443,3.564823156854149
ENSMUSG00000056602-C,7.151577441118575,7.298169262774474,7.338406819965269
ENSMUSG00000056895-C,6.510190614218889,5.724184104635114,5.950354290500706
ENSMUSG00000057440-C,2.609495240548126,2.7192353881313043,3.754926479408451
ENSMUSG00000057778-C,4.8184146398616825,5.353836711904332,5.497227704024088
ENSMUSG00000058183-C,1.4334760532826032,0.846305570751632,0.0
ENSMUSG00000058258-C,1.4334760532826032,0.846305570751632,2.115509598589792
ENSMUSG00000058392-C,4.1706999010872465,4.33266385642655,4.4485006681895936
ENSMUSG00000058603-C,0.0,0.0,0.0
ENSMUSG00000058672-C,9.01232570011754,9.841999492501955,9.670993292356265
ENSMUSG00000058799-C,8.851630614623135,8.783449942058407,8.776475031826635
ENSMUSG00000058806-C,2.9641894307294048,3.032280577134576,0.8744882523316289
ENSMUSG00000058897-C,5.13008005046512,5.888646924206125,6.26370198721604
ENSMUSG00000059325-C,4.5306059070680975,5.462252438596837,5.101578895779515
ENSMUSG00000059456-C,9.148278368725345,9.148483246369228,9.205020651721938
ENSMUSG00000059482-C,6.1787269319460725,5.9457883383136405,5.870406095393683
ENSMUSG00000059669-C,4.982647165246312,5.0752558596257895,5.297721573813489
ENSMUSG00000059742-C,7.932145593662972,7.75243205297745,8.014062402851597
ENSMUSG00000059791-C,2.9641894307294048,2.532901923184754,2.36926775764794
ENSMUSG00000059975-C,4.8184146398616825,5.296412208582011,5.066130029276167
ENSMUSG00000060257-C,2.9641894307294048,4.4946112912842064,4.000039464453881
ENSMUSG00000060279-C,6.687313032725174,6.732291102011801,6.72796215282181
ENSMUSG00000060445-C,2.138137563504853,1.7628475801227037,1.8073849903108583
ENSMUSG00000060487-C,5.603688000358608,5.9457883383136405,5.672466611962801
ENSMUSG00000060548-C,7.314605338979351,7.0601545079565815,6.958111076349338
ENSMUSG00000060743-C,4.420321031248732,4.640200417124641,4.502540578785094
ENSMUSG00000060904-C,6.30823863766087,7.042798913750461,7.164948728711438
ENSMUSG00000061244-C,7.025399807468608,7.28346675843358,7.330958712035516
ENSMUSG00000062352-C,4.982647165246312,4.854304185494181,5.442984623531747
ENSMUSG00000062743-C,0.0,0.0,0.0
ENSMUSG00000063052-C,4.633055610115746,5.538531580801714,5.202981011204615
ENSMUSG00000063109-C,0.0,0.0,0.8744882523316289
ENSMUSG00000063142-C,9.756708546338006,9.577020531760612,9.56704741012874
ENSMUSG00000063439-C,4.5306059070680975,4.442622844884783,4.273058412468433
ENSMUSG00000063661-C,1.4334760532826032,1.3761692453425427,0.8744882523316289
ENSMUSG00000063663-C,4.300902556653133,4.5932844116131974,5.029788150157312
ENSMUSG00000063696-C,2.609495240548126,0.0,0.0
ENSMUSG00000063931-C,4.8184146398616825,4.442622844884783,4.832930632533778
ENSMUSG00000064032-C,0.0,0.846305570751632,0.0
ENSMUSG00000064138-C,6.4830142203880525,6.170171449488609,5.807396265744266
ENSMUSG00000064442-C,2.138137563504853,0.0,0.0
ENSMUSG00000066042-C,0.0,2.067488679955821,2.772625439053359
ENSMUSG00000066057-C,6.687313032725174,6.607993252898082,6.453998103781735
ENSMUSG00000066441-C,5.5523189975045355,5.9457883383136405,5.357593073295224
ENSMUSG00000067028-C,1.4334760532826032,1.3761692453425427,2.115509598589792
ENSMUSG00000067297-C,2.609495240548126,1.7628475801227037,2.584997580289027
ENSMUSG00000067719-C,0.0,0.0,0.8744882523316289
ENSMUSG00000067869-C,0.0,0.0,0.0
ENSMUSG00000067924-C,8.95414226289797,8.772962398350144,8.70048171233084
ENSMUSG00000068114-C,3.690056043985187,3.7830643658576735,3.345812791746194
ENSMUSG00000068196-C,3.4861740589936105,2.884232195671641,2.36926775764794
ENSMUSG00000068263-C,3.868660751385197,3.2893625141918443,3.564823156854149
ENSMUSG00000068457-C,5.386231883212921,4.274372999508628,4.554629155789021
ENSMUSG00000068522-C,2.609495240548126,2.532901923184754,2.115509598589792
ENSMUSG00000068699-C,0.0,0.0,1.4150638090347123
ENSMUSG00000068742-C,7.461066910170254,6.989443101264295,6.888784989047221
ENSMUSG00000068921-C,6.663302735813608,6.795831355273659,6.826590211790971
ENSMUSG00000069020-C,6.536864530483636,6.584196330198668,6.918904984763023
ENSMUSG00000069072-C,6.90770422931224,6.836688210874667,6.958111076349338
ENSMUSG00000069089-C,4.728709970956263,5.17421483118867,4.653482661342376
ENSMUSG00000069206-C,3.2486616392715377,2.532901923184754,4.000039464453881
ENSMUSG00000069670-C,5.747655377626174,5.4881295367462,5.415078608061543
ENSMUSG00000069763-C,2.9641894307294048,4.388690700696569,4.745994904022693
ENSMUSG00000069769-C,7.251587214949485,6.95274376840545,6.93864120755106
ENSMUSG00000070407-C,1.4334760532826032,1.3761692453425427,1.4150638090347123
ENSMUSG00000070871-C,3.690056043985187,4.213627421589719,3.922871459374952
ENSMUSG00000071531-C,4.300902556653133,3.1665403446796927,2.584997580289027
ENSMUSG00000071636-C,0.0,1.3761692453425427,0.0
ENSMUSG00000071637-C,2.9641894307294048,3.2893625141918443,3.08749998429564
ENSMUSG00000071648-C,3.2486616392715377,4.014348981718389,3.922871459374952
ENSMUSG00000071711-C,4.728709970956263,4.014348981718389,4.273058412468433
ENSMUSG00000072115-C,0.0,2.7192353881313043,1.8073849903108583
ENSMUSG00000072844-C,0.0,0.846305570751632,0.8744882523316289
ENSMUSG00000072893-C,4.5306059070680975,5.513550653526528,5.136177586357087
ENSMUSG00000073374-C,3.2486616392715377,3.402543765077897,3.2224300065550993
ENSMUSG00000073664-C,5.747655377626174,6.036265333276009,5.442984623531747
ENSMUSG00000073702-C,9.035892902849584,9.472335682030838,9.49722857776259
ENSMUSG00000073705-C,2.138137563504853,3.2893625141918443,3.2224300065550993
ENSMUSG00000073755-C,7.952101869897199,8.375581520733478,8.356127072530253
ENSMUSG00000074136-C,0.0,0.846305570751632,0.0
ENSMUSG00000074220-C,2.9641894307294048,2.884232195671641,2.9386360600829815
ENSMUSG00000074252-C,1.4334760532826032,1.7628475801227037,0.0
ENSMUSG00000074274-C,0.0,0.0,1.4150638090347123
ENSMUSG00000074384-C,3.2486616392715377,2.067488679955821,3.345812791746194
ENSMUSG00000074656-C,8.355728475300877,8.632100754229727,8.745996374725735
ENSMUSG00000074916-C,2.138137563504853,1.3761692453425427,1.8073849903108583
ENSMUSG00000075254-C,5.198506277052428,5.005298906990166,5.741508294961985
ENSMUSG00000078091-C,0.0,0.0,1.8073849903108583
ENSMUSG00000078439-C,2.138137563504853,0.846305570751632,0.0
ENSMUSG00000078451-C,2.9641894307294048,3.2893625141918443,3.345812791746194
ENSMUSG00000078532-C,1.4334760532826032,2.067488679955821,2.115509598589792
ENSMUSG00000078653-C,2.609495240548126,0.0,0.0
ENSMUSG00000078700-C,4.300902556653133,3.696924723560992,3.922871459374952
ENSMUSG00000078716-C,6.779547242845372,6.8958826657196015,6.670107751107389
ENSMUSG00000078942-C,0.0,1.3761692453425427,0.0
ENSMUSG00000079036-C,4.8184146398616825,4.772434856206455,4.502540578785094
ENSMUSG00000079215-C,7.2024487579229985,6.137841992795669,6.6220934874773825
ENSMUSG00000079434-C,2.609495240548126,3.402543765077897,2.36926775764794
ENSMUSG00000081278-C,0.0,0.0,0.0
ENSMUSG00000082491-C,0.0,1.3761692453425427,0.0
ENSMUSG00000082515-C,1.4334760532826032,0.0,0.0
ENSMUSG00000082626-C,0.0,0.0,0.0
ENSMUSG00000083061-C,0.0,0.0,0.8744882523316289
ENSMUSG00000083396-C,0.0,0.846305570751632,0.0
ENSMUSG00000083563-C,2.609495240548126,4.33266385642655,4.7004801944898515
ENSMUSG00000085028-C,2.138137563504853,2.7192353881313043,3.459469887214497
ENSMUSG00000085037-C,3.2486616392715377,2.7192353881313043,3.564823156854149
ENSMUSG00000085078-C,0.0,1.3761692453425427,0.8744882523316289
ENSMUSG00000085111-C,0.0,1.3761692453425427,0.0
ENSMUSG00000085255-C,0.0,2.3188822613527895,1.4150638090347123
ENSMUSG00000085315-C,0.0,2.884232195671641,2.36926775764794
ENSMUSG00000085712-C,0.0,0.0,0.0
ENSMUSG00000085891-C,0.0,0.846305570751632,1.4150638090347123
ENSMUSG00000086015-C,0.0,0.0,0.0
ENSMUSG00000086170-C,0.0,0.0,0.0
ENSMUSG00000086213-C,2.138137563504853,0.846305570751632,0.8744882523316289
ENSMUSG00000086291-C,3.4861740589936105,2.3188822613527895,2.36926775764794
ENSMUSG00000086370-C,4.982647165246312,4.442622844884783,4.273058412468433
ENSMUSG00000086822-C,1.4334760532826032,2.067488679955821,2.36926775764794
ENSMUSG00000087252-C,1.4334760532826032,1.3761692453425427,0.0
ENSMUSG00000087331-C,1.4334760532826032,2.7192353881313043,2.115509598589792
ENSMUSG00000087347-C,0.0,0.0,0.0
ENSMUSG00000087352-C,1.4334760532826032,0.0,1.4150638090347123
ENSMUSG00000087444-C,0.0,1.3761692453425427,0.0
ENSMUSG00000087516-C,1.4334760532826032,2.3188822613527895,2.584997580289027
ENSMUSG00000087556-C,2.138137563504853,0.846305570751632,0.0
ENSMUSG00000087660-C,1.4334760532826032,0.0,0.0
ENSMUSG00000087679-C,7.251587214949485,7.327132265461291,7.164948728711438
ENSMUSG00000087698-C,2.138137563504853,0.846305570751632,2.115509598589792
ENSMUSG00000088208-C,2.138137563504853,0.846305570751632,0.0
ENSMUSG00000089665-C,3.4861740589936105,3.032280577134576,4.14299766649662
ENSMUSG00000089715-C,11.137683085480813,11.436750835241156,11.427529531800408
ENSMUSG00000089941-C,1.4334760532826032,0.0,0.0
ENSMUSG00000090138-C,2.9641894307294048,0.0,0.8744882523316289
ENSMUSG00000090290-C,2.138137563504853,2.067488679955821,2.36926775764794
ENSMUSG00000090523-C,2.609495240548126,1.7628475801227037,2.115509598589792
ENSMUSG00000091523-C,0.0,0.846305570751632,0.0
ENSMUSG00000092074-C,2.609495240548126,3.2893625141918443,2.584997580289027
ENSMUSG00000092241-C,1.4334760532826032,1.3761692453425427,0.0
ENSMUSG00000092325-C,0.0,0.846305570751632,0.0
ENSMUSG00000093577-C,1.4334760532826032,2.532901923184754,0.8744882523316289
ENSMUSG00000093930-C,8.924146264970078,9.160602505881682,9.018242193006651
ENSMUSG00000094152-C,0.0,0.0,0.8744882523316289
ENSMUSG00000094595-C,2.609495240548126,2.7192353881313043,0.8744882523316289
ENSMUSG00000094724-C,0.0,0.0,2.115509598589792
ENSMUSG00000094840-C,3.4861740589936105,3.6053134790057273,2.772625439053359
ENSMUSG00000095253-C,4.982647165246312,4.5932844116131974,4.502540578785094
ENSMUSG00000097156-C,7.0441150047503465,6.962006493238565,6.93864120755106
ENSMUSG00000097316-C,3.690056043985187,3.8643493295108,3.564823156854149
ENSMUSG00000097439-C,0.0,1.3761692453425427,0.0
ENSMUSG00000097497-C,3.2486616392715377,2.7192353881313043,3.459469887214497
ENSMUSG00000097535-C,1.4334760532826032,0.846305570751632,0.0
ENSMUSG00000097602-C,0.0,0.0,2.36926775764794
ENSMUSG00000097793-C,0.0,0.846305570751632,0.8744882523316289
ENSMUSG00000097881-C,0.0,2.532901923184754,2.772625439053359
ENSMUSG00000097911-C,2.138137563504853,2.532901923184754,2.772625439053359
ENSMUSG00000098098-C,2.609495240548126,2.067488679955821,1.4150638090347123
ENSMUSG00000098158-C,0.0,1.3761692453425427,0.0
ENSMUSG00000098187-C,0.0,0.846305570751632,0.8744882523316289
ENSMUSG00000098383-C,0.0,0.0,0.0
ENSMUSG00000098739-C,0.0,0.0,1.8073849903108583
ENSMUSG00000099655-C,3.868660751385197,2.067488679955821,1.8073849903108583
ENSMUSG00000100707-C,0.0,1.3761692453425427,0.0
ENSMUSG00000100764-C,0.0,1.7628475801227037,1.4150638090347123
ENSMUSG00000101599-C,3.2486616392715377,3.6053134790057273,3.8413414125129752
ENSMUSG00000101778-C,0.0,0.0,0.0
ENSMUSG00000102018-C,1.4334760532826032,0.0,2.115509598589792
ENSMUSG00000102555-C,2.609495240548126,1.7628475801227037,1.8073849903108583
ENSMUSG00000102570-C,0.0,2.3188822613527895,1.4150638090347123
ENSMUSG00000102573-C,1.4334760532826032,2.532901923184754,1.4150638090347123
ENSMUSG00000102600-C,4.5306059070680975,4.442622844884783,4.502540578785094
ENSMUSG00000102698-C,2.609495240548126,2.884232195671641,2.115509598589792
ENSMUSG00000102760-C,2.9641894307294048,0.846305570751632,2.36926775764794
ENSMUSG00000102783-C,0.0,0.0,0.0
ENSMUSG00000102854-C,4.420321031248732,3.9412977455678506,4.000039464453881
ENSMUSG00000102976-C,0.0,0.0,0.0
ENSMUSG00000103038-C,3.868660751385197,3.8643493295108,4.273058412468433
ENSMUSG00000103146-C,2.609495240548126,0.0,0.8744882523316289
ENSMUSG00000103313-C,3.2486616392715377,0.846305570751632,0.0
ENSMUSG00000103423-C,0.0,0.0,1.8073849903108583
ENSMUSG00000103539-C,0.0,1.7628475801227037,1.4150638090347123
ENSMUSG00000103552-C,2.138137563504853,0.846305570751632,0.0
ENSMUSG00000103693-C,4.1706999010872465,3.032280577134576,3.6630037848267736
ENSMUSG00000103776-C,0.0,0.0,0.0
ENSMUSG00000103800-C,2.609495240548126,0.0,0.0
ENSMUSG00000103809-C,1.4334760532826032,1.7628475801227037,2.36926775764794
ENSMUSG00000103869-C,2.609495240548126,2.067488679955821,2.36926775764794
ENSMUSG00000103882-C,3.4861740589936105,4.014348981718389,3.922871459374952
ENSMUSG00000103891-C,4.1706999010872465,3.696924723560992,3.754926479408451
ENSMUSG00000103970-C,0.0,0.846305570751632,0.8744882523316289
ENSMUSG00000103991-C,0.0,0.0,0.0
ENSMUSG00000104154-C,3.2486616392715377,2.532901923184754,2.584997580289027
ENSMUSG00000104204-C,1.4334760532826032,2.3188822613527895,2.9386360600829815
ENSMUSG00000104277-C,4.5306059070680975,4.729689393978666,4.333940744587301
ENSMUSG00000104343-C,3.2486616392715377,2.884232195671641,3.345812791746194
ENSMUSG00000104344-C,3.690056043985187,3.6053134790057273,3.6630037848267736
ENSMUSG00000104388-C,2.138137563504853,2.884232195671641,2.115509598589792
ENSMUSG00000104420-C,3.2486616392715377,2.7192353881313043,3.2224300065550993
ENSMUSG00000104693-C,2.9641894307294048,1.3761692453425427,0.0
ENSMUSG00000104704-C,2.138137563504853,4.083878839528882,3.08749998429564
ENSMUSG00000104713-C,0.0,0.846305570751632,0.0
ENSMUSG00000104764-C,2.609495240548126,0.846305570751632,0.8744882523316289
ENSMUSG00000104951-C,3.4861740589936105,2.3188822613527895,2.115509598589792
ENSMUSG00000104973-C,2.138137563504853,2.532901923184754,2.115509598589792
ENSMUSG00000104994-C,3.4861740589936105,0.846305570751632,2.36926775764794
ENSMUSG00000105050-C,5.058246109287047,3.2893625141918443,3.08749998429564
ENSMUSG00000105119-C,2.9641894307294048,3.032280577134576,2.772625439053359
ENSMUSG00000105224-C,2.138137563504853,2.884232195671641,2.584997580289027
ENSMUSG00000105322-C,4.420321031248732,4.150211254386488,4.554629155789021
ENSMUSG00000105520-C,0.0,0.0,0.0
ENSMUSG00000105578-C,0.0,2.7192353881313043,2.9386360600829815
ENSMUSG00000105586-C,2.138137563504853,0.0,0.8744882523316289
ENSMUSG00000105624-C,3.4861740589936105,0.846305570751632,1.4150638090347123
ENSMUSG00000105843-C,0.0,1.3761692453425427,2.36926775764794
ENSMUSG00000105846-C,1.4334760532826032,0.0,0.0
ENSMUSG00000105896-C,0.0,0.0,1.4150638090347123
ENSMUSG00000106115-C,2.138137563504853,2.067488679955821,0.8744882523316289
ENSMUSG00000106121-C,0.0,0.0,0.0
ENSMUSG00000106153-C,0.0,0.0,0.0
ENSMUSG00000106557-C,0.0,2.067488679955821,2.36926775764794
ENSMUSG00000106579-C,2.609495240548126,2.884232195671641,1.4150638090347123
ENSMUSG00000106648-C,2.138137563504853,2.067488679955821,0.0
ENSMUSG00000106720-C,3.690056043985187,1.3761692453425427,2.584997580289027
ENSMUSG00000106734-C,0.0,0.846305570751632,0.0
ENSMUSG00000106767-C,1.4334760532826032,1.3761692453425427,0.8744882523316289
ENSMUSG00000106847-C,8.21416498715113,8.263927126747443,8.249550506324193
ENSMUSG00000106867-C,0.0,0.0,0.8744882523316289
ENSMUSG00000106993-C,1.4334760532826032,0.0,2.36926775764794
ENSMUSG00000107021-C,3.2486616392715377,3.8643493295108,3.2224300065550993
ENSMUSG00000107207-C,1.4334760532826032,1.3761692453425427,1.4150638090347123
ENSMUSG00000107278-C,0.0,0.846305570751632,1.4150638090347123
ENSMUSG00000000290-S,2.1878468093344487,1.0244644241439549,0.8966708824695038
ENSMUSG00000000308-S,7.965423438069078,8.048334507213658,7.780626885161573
ENSMUSG00000000530-S,6.195946173639724,6.070154466255981,5.3139503095274065
ENSMUSG00000000732-S,2.1878468093344487,0.0,0.8966708824695038
ENSMUSG00000000782-S,3.0201464606670347,2.625509064456788,2.4083924121471316
ENSMUSG00000000792-S,3.0201464606670347,3.042544284410344,3.6091572619433543
ENSMUSG00000000823-S,5.969050566682266,5.802524540324048,5.7432902963036
ENSMUSG00000000826-S,8.783946192592362,9.03142017731839,9.105400435220494
ENSMUSG00000001016-S,6.286365108801842,6.587166567872407,6.2309672640563925
ENSMUSG00000001089-S,7.162391201398027,7.114253973797595,7.294431825602897
ENSMUSG00000001098-S,5.044667206815635,5.134579706307527,5.375141946360958
ENSMUSG00000001270-S,11.740171510000328,11.794601395320106,11.41797996080886
ENSMUSG00000001300-S,5.409037165835657,5.256684122455728,5.433843413489333
ENSMUSG00000001552-S,5.996096692001416,5.930355012261218,5.917951457070484
ENSMUSG00000001642-S,3.0201464606670347,1.6174904035785849,2.8140077179681233
ENSMUSG00000001763-S,4.036539844336298,4.631493946766409,4.045422674552221
ENSMUSG00000001946-S,5.941487706502577,5.256684122455728,5.462322099446743
ENSMUSG00000001964-S,6.308111331133143,5.9784758302566035,6.263697532218725
ENSMUSG00000002012-S,6.451794814887973,7.449117979273206,6.9367421276706835
ENSMUSG00000002031-S,4.402727738483788,4.904855646645649,4.792580061244942
ENSMUSG00000002032-S,5.409037165835657,5.047029067347918,5.3139503095274065
ENSMUSG00000002109-S,3.9283702031886953,3.042544284410344,2.1528517044067006
ENSMUSG00000002210-S,5.409037165835657,5.775540810837221,5.183183166298148
ENSMUSG00000002266-S,0.0,0.0,1.4454776237320806
ENSMUSG00000002393-S,4.555994926802841,5.369255652649587,4.792580061244942
ENSMUSG00000002459-S,7.309798305172879,7.491190153382286,7.072251126787723
ENSMUSG00000002500-S,1.127908297400936,1.0244644241439549,0.8966708824695038
ENSMUSG00000002732-S,2.5214694711790284,1.6174904035785849,0.8966708824695038
ENSMUSG00000002797-S,5.044667206815635,5.256684122455728,5.183183166298148
ENSMUSG00000002968-S,6.371449832714428,6.829446786513649,6.247425214658924
ENSMUSG00000002996-S,5.66640142861484,4.690467266763643,4.7470084774202475
ENSMUSG00000003198-S,3.811428095751732,3.8524636464395727,2.1528517044067006
ENSMUSG00000003402-S,6.329534626975396,6.587166567872407,6.542394903744575
ENSMUSG00000003436-S,2.792247919928092,2.849043379169408,3.6091572619433543
ENSMUSG00000003500-S,5.969050566682266,6.092191900359458,6.417058519099321
ENSMUSG00000003657-S,1.7531052066154809,3.5036083467238193,4.438449685700989
ENSMUSG00000003808-S,7.011506693136518,7.44055428489455,7.090610897133725
ENSMUSG00000004071-S,8.28345483464016,8.125159769783387,8.281862139339555
ENSMUSG00000004266-S,2.1878468093344487,0.0,3.2656842343095707
ENSMUSG00000004508-S,5.144743080073491,4.904855646645649,4.7470084774202475
ENSMUSG00000004530-S,7.7910813423838015,7.44055428489455,7.722948405839837
ENSMUSG00000004929-S,4.481395701641587,5.134579706307527,4.699950300997299
ENSMUSG00000004947-S,3.9283702031886953,3.8524636464395727,4.118819223500774
ENSMUSG00000005087-S,3.39002549525068,2.0365428043664457,1.8420916757217696
ENSMUSG00000005267-S,4.481395701641587,4.045535688217926,3.6091572619433543
ENSMUSG00000005268-S,1.7531052066154809,0.0,0.8966708824695038
ENSMUSG00000005360-S,9.500053314149117,9.507884743649232,9.48261251804104
ENSMUSG00000005506-S,9.250579576127516,9.13058190761168,9.089513072730274
ENSMUSG00000006235-S,4.626925670761378,4.045535688217926,3.7076029991272086
ENSMUSG00000006471-S,1.7531052066154809,2.625509064456788,3.389486084443645
ENSMUSG00000006575-S,9.178623229853454,9.2431963310763,9.271518233909823
ENSMUSG00000006587-S,0.0,2.0365428043664457,1.4454776237320806
ENSMUSG00000006673-S,5.044667206815635,5.748042750713369,5.766314813340103
ENSMUSG00000006850-S,3.6841640601517023,3.042544284410344,2.4083924121471316
ENSMUSG00000006941-S,7.999236525985677,7.868488725116597,8.212303532902014
ENSMUSG00000007888-S,0.0,1.6174904035785849,1.8420916757217696
ENSMUSG00000008489-S,7.814061560298843,7.961212241297775,8.080723770000276
ENSMUSG00000009894-S,9.145788759848791,9.585675083249631,9.326773412494385
ENSMUSG00000010025-S,5.144743080073491,4.133174301385899,4.600962596990739
ENSMUSG00000011306-S,5.825647719890496,5.8550235361182015,5.958501814593637
ENSMUSG00000011752-S,2.792247919928092,4.133174301385899,4.548799514711809
ENSMUSG00000012848-S,9.178623229853454,8.999709221974191,8.89692029108794
ENSMUSG00000013698-S,9.163791043393362,9.564155555925824,9.434910542547271
ENSMUSG00000013736-S,4.820923400611872,4.854170744149985,5.4047912205442765
ENSMUSG00000014767-S,4.137161815227484,4.80164013442276,4.548799514711809
ENSMUSG00000015133-S,2.1878468093344487,2.3608744879735837,2.1528517044067006
ENSMUSG00000015342-S,4.991899588549008,4.133174301385899,4.118819223500774
ENSMUSG00000015377-S,6.219087704031037,5.571045223435882,5.6223105400162705
ENSMUSG00000015405-S,2.792247919928092,2.3608744879735837,0.8966708824695038
ENSMUSG00000015668-S,5.66640142861484,5.256684122455728,5.001060685730714
ENSMUSG00000015843-S,8.353100739493271,7.849206821968935,7.20457142143638
ENSMUSG00000015937-S,7.759860321824114,7.491190153382286,7.668989514244413
ENSMUSG00000016087-S,2.5214694711790284,2.3608744879735837,3.6091572619433543
ENSMUSG00000016386-S,7.895322692499715,7.727768231534347,7.60017556321616
ENSMUSG00000016541-S,7.895322692499715,8.065144954053736,8.174074128556558
ENSMUSG00000016833-S,5.66640142861484,5.905679006818678,5.6223105400162705
ENSMUSG00000016933-S,6.685741501760474,6.2958204626854135,6.48802941030017
ENSMUSG00000017491-S,6.600191559769663,6.706259891358322,5.696108675407122
ENSMUSG00000018411-S,10.558099658185911,10.596347534830931,10.732389701984964
ENSMUSG00000018412-S,5.941487706502577,5.775540810837221,5.6223105400162705
ENSMUSG00000018574-S,4.481395701641587,4.80164013442276,5.3139503095274065
ENSMUSG00000018809-S,3.811428095751732,4.368061320271338,3.886378258490339
ENSMUSG00000018858-S,6.350644446931225,6.474230735778307,6.2309672640563925
ENSMUSG00000018920-S,1.127908297400936,2.3608744879735837,0.0
ENSMUSG00000018995-S,4.555994926802841,3.7452856327273945,3.6091572619433543
ENSMUSG00000019146-S,8.60665183639434,9.195641672969982,8.233112370794558
ENSMUSG00000019158-S,6.685741501760474,6.677395481765519,6.996382376676788
ENSMUSG00000019188-S,7.0635747178760715,6.880992311441046,6.956897399824481
ENSMUSG00000019820-S,7.011506693136518,7.187733817473825,6.515468225693602
ENSMUSG00000019843-S,7.341778116651056,7.499459336626558,7.408592268494638
ENSMUSG00000019872-S,4.6945318867907435,4.293934962094727,4.188661827798793
ENSMUSG00000019951-S,7.309798305172879,6.955013826017562,7.423153272810813
ENSMUSG00000019984-S,4.319521475349487,4.045535688217926,4.438449685700989
ENSMUSG00000020014-S,1.127908297400936,2.0365428043664457,3.1302528173062325
ENSMUSG00000020015-S,7.719859246604294,7.783006495476418,7.814158594934983
ENSMUSG00000020111-S,6.998190673744029,7.379141389391469,6.7179991885380685
ENSMUSG00000020142-S,5.597431727078145,5.930355012261218,6.2309672640563925
ENSMUSG00000020163-S,8.064574245374011,8.203171583877038,8.043510122120313
ENSMUSG00000020178-S,9.199135400034775,9.149096327795586,8.433401620010368
ENSMUSG00000020189-S,7.433672241306105,7.197931968217582,6.895566649438642
ENSMUSG00000020193-S,1.7531052066154809,0.0,0.8966708824695038
ENSMUSG00000020218-S,0.0,1.0244644241439549,1.4454776237320806
ENSMUSG00000020220-S,6.022645101427404,5.571045223435882,5.938369101609992
ENSMUSG00000020238-S,6.148518825008268,6.156353685370624,5.766314813340103
ENSMUSG00000020261-S,6.412181562061996,6.2958204626854135,6.729760954535108
ENSMUSG00000020381-S,3.9283702031886953,3.952227049760956,3.6091572619433543
ENSMUSG00000020589-S,7.6363677090309725,7.9908414350102195,7.693220728155924
ENSMUSG00000020605-S,2.792247919928092,4.045535688217926,3.886378258490339
ENSMUSG00000020610-S,6.148518825008268,6.113897766977886,6.214319396121361
ENSMUSG00000020623-S,3.216907381183005,2.0365428043664457,2.625408260291476
ENSMUSG00000020635-S,4.6945318867907435,4.631493946766409,5.183183166298148
ENSMUSG00000020642-S,6.546315595935331,6.587166567872407,6.387662860238232
ENSMUSG00000020672-S,3.216907381183005,2.3608744879735837,2.9807782637889133
ENSMUSG00000020695-S,2.1878468093344487,1.0244644241439549,2.1528517044067006
ENSMUSG00000020708-S,8.740623916535052,8.93411639669101,8.628220639511456
ENSMUSG00000020718-S,1.7531052066154809,2.3608744879735837,2.9807782637889133
ENSMUSG00000020720-S,6.901369624866195,6.490915856541785,6.431534750486238
ENSMUSG00000020723-S,8.553021115822684,8.602982849279721,7.88949529406261
ENSMUSG00000020806-S,0.0,0.0,0.0
ENSMUSG00000020811-S,7.076303311165018,7.081579628453096,6.542394903744575
ENSMUSG00000020823-S,8.266893752244872,8.087258457902077,8.06688089703158
ENSMUSG00000020941-S,1.7531052066154809,1.6174904035785849,3.1302528173062325
ENSMUSG00000020953-S,6.350644446931225,5.829012826775243,5.0393709389050985
ENSMUSG00000021115-S,6.1724273821695075,5.829012826775243,5.876228291829624
ENSMUSG00000021124-S,8.93484559728034,9.240732151931862,8.336729975454741
ENSMUSG00000021130-S,6.308111331133143,6.3333112728776,6.295701694911521
ENSMUSG00000021265-S,2.5214694711790284,3.7452856327273945,2.8140077179681233
ENSMUSG00000021266-S,5.996096692001416,5.8550235361182015,5.833262452685216
ENSMUSG00000021285-S,6.124207365339061,5.775540810837221,6.4600585978304865
ENSMUSG00000021376-S,4.481395701641587,4.293934962094727,3.2656842343095707
ENSMUSG00000021379-S,8.353100739493271,8.423416609425274,8.089879107027466
ENSMUSG00000021451-S,5.884730060308097,5.539313296677603,5.183183166298148
ENSMUSG00000021461-S,4.231221059285832,3.6295017433582815,3.503498654563891
ENSMUSG00000021481-S,4.991899588549008,4.631493946766409,5.183183166298148
ENSMUSG00000021500-S,7.220881987378875,6.990647436365343,6.87452966637938
ENSMUSG00000021536-S,6.412181562061996,6.237691695986564,6.956897399824481
ENSMUSG00000021606-S,8.28893321670433,7.955212675631297,7.985825476341329
ENSMUSG00000021662-S,4.991899588549008,5.439701828856735,5.001060685730714
ENSMUSG00000021704-S,5.487370989830314,4.80164013442276,4.600962596990739
ENSMUSG00000021721-S,2.792247919928092,3.2131345784895036,3.389486084443645
ENSMUSG00000021806-S,3.216907381183005,2.3608744879735837,2.625408260291476
ENSMUSG00000021991-S,7.7910813423838015,7.655606507832578,7.254278622847229
ENSMUSG00000022003-S,4.319521475349487,3.365669685238544,4.438449685700989
ENSMUSG00000022075-S,7.6363677090309725,7.379141389391469,7.153090286330054
ENSMUSG00000022103-S,6.718589827826161,6.816267417077142,7.286490091411471
ENSMUSG00000022131-S,4.481395701641587,4.293934962094727,4.379939189629966
ENSMUSG00000022178-S,0.0,2.625509064456788,1.4454776237320806
ENSMUSG00000022185-S,8.233190111500102,8.333770183365449,8.228974545015495
ENSMUSG00000022194-S,5.144743080073491,3.952227049760956,4.879619554606472
ENSMUSG00000022195-S,5.632328685628324,4.95382015242631,5.811289959023757
ENSMUSG00000022257-S,6.828004090734416,6.96698975467689,6.9767749665845695
ENSMUSG00000022299-S,5.044667206815635,4.747124296715516,5.375141946360958
ENSMUSG00000022307-S,6.915605422251947,6.60260206839698,7.090610897133725
ENSMUSG00000022339-S,5.795173714325238,5.539313296677603,5.34487053258863
ENSMUSG00000022365-S,5.632328685628324,6.001947425956616,6.214319396121361
ENSMUSG00000022436-S,5.2383249933398455,4.133174301385899,4.318955043669765
ENSMUSG00000022439-S,2.792247919928092,3.6295017433582815,2.1528517044067006
ENSMUSG00000022474-S,7.491836270832109,7.431939453582375,7.229639090569199
ENSMUSG00000022577-S,7.076303311165018,7.816486338650847,7.74629723480123
ENSMUSG00000022587-S,7.6363677090309725,7.796491808972272,8.203895225385033
ENSMUSG00000022619-S,8.562099164698283,8.544243751202108,8.686717070042196
ENSMUSG00000022751-S,4.231221059285832,4.505782068917277,2.9807782637889133
ENSMUSG00000022752-S,8.602257975144772,8.816595786981376,8.40066628232266
ENSMUSG00000022774-S,5.326204625707964,6.135281895697043,6.163191151692783
ENSMUSG00000022840-S,9.782308774096528,9.650230281299182,9.1780279566474
ENSMUSG00000022844-S,2.1878468093344487,2.625509064456788,2.1528517044067006
ENSMUSG00000022864-S,4.626925670761378,4.045535688217926,4.600962596990739
ENSMUSG00000022865-S,4.402727738483788,4.570006841743199,3.6091572619433543
ENSMUSG00000022956-S,8.941817786290859,8.759213455441015,8.797041874848823
ENSMUSG00000022995-S,8.52079040874048,8.319829507495783,8.628220639511456
ENSMUSG00000023055-S,6.685741501760474,7.351999631188483,6.946854961041576
ENSMUSG00000023206-S,2.1878468093344487,2.0365428043664457,1.4454776237320806
ENSMUSG00000023249-S,1.7531052066154809,3.5036083467238193,2.9807782637889133
ENSMUSG00000023411-S,2.1878468093344487,2.0365428043664457,2.1528517044067006
ENSMUSG00000023800-S,6.241863885677287,6.440270188844614,5.997943499259186
ENSMUSG00000023919-S,2.792247919928092,2.0365428043664457,3.1302528173062325
ENSMUSG00000023921-S,5.561669687029291,5.802524540324048,5.917951457070484
ENSMUSG00000023972-S,3.5445780000758984,3.2131345784895036,1.8420916757217696
ENSMUSG00000024030-S,6.148518825008268,6.0250432611142175,6.09207336471098
ENSMUSG00000024052-S,5.913387981082212,6.237691695986564,6.279788357668961
ENSMUSG00000024077-S,7.7755552862918655,7.769393940312822,7.072251126787723
ENSMUSG00000024122-S,8.553021115822684,8.352150648702244,8.344400630865401
ENSMUSG00000024151-S,5.597431727078145,5.50686770305853,5.433843413489333
ENSMUSG00000024220-S,7.64493767788677,7.816486338650847,7.956094522844994
ENSMUSG00000024277-S,8.444298712452293,8.524120298763671,8.554081208348643
ENSMUSG00000024346-S,6.98475060212173,7.342837708011048,7.356439301023614
ENSMUSG00000024349-S,3.0201464606670347,2.625509064456788,1.8420916757217696
ENSMUSG00000024424-S,3.9283702031886953,2.625509064456788,4.494679407108428
ENSMUSG00000024426-S,5.632328685628324,5.404908680090168,5.544532934760537
ENSMUSG00000024436-S,1.127908297400936,1.0244644241439549,2.625408260291476
ENSMUSG00000024457-S,4.880195605043884,4.293934962094727,3.9680910132919567
ENSMUSG00000024556-S,5.66640142861484,5.295192236250544,4.7470084774202475
ENSMUSG00000024563-S,3.39002549525068,5.332699165065053,5.076690137323771
ENSMUSG00000024583-S,6.432124145872649,6.632986296044445,6.4600585978304865
ENSMUSG00000024598-S,3.216907381183005,2.0365428043664457,1.8420916757217696
ENSMUSG00000024614-S,6.391959440402942,6.720478383619671,6.247425214658924
ENSMUSG00000024647-S,5.192292689724378,5.748042750713369,6.528994384255339
ENSMUSG00000024683-S,6.451794814887973,6.539843745101346,6.180436013749005
ENSMUSG00000024764-S,5.66640142861484,5.662256661610338,5.0393709389050985
ENSMUSG00000024766-S,3.5445780000758984,3.952227049760956,1.8420916757217696
ENSMUSG00000024776-S,4.137161815227484,3.2131345784895036,3.389486084443645
ENSMUSG00000024855-S,5.632328685628324,5.954616044547651,6.055155089078425
ENSMUSG00000024867-S,3.6841640601517023,3.952227049760956,4.699950300997299
ENSMUSG00000024871-S,0.0,1.6174904035785849,1.4454776237320806
ENSMUSG00000024875-S,5.825647719890496,5.217119904422442,5.433843413489333
ENSMUSG00000024924-S,7.362710833218487,7.257651839655691,6.996382376676788
ENSMUSG00000024948-S,5.282933838311504,4.570006841743199,5.517646505569963
ENSMUSG00000024966-S,7.520061926104328,7.823090073040795,7.8030677287284895
ENSMUSG00000025066-S,8.373870986292452,8.470446553702828,8.436993449706737
ENSMUSG00000025147-S,4.93712844409818,4.747124296715516,4.961705301245247
ENSMUSG00000025198-S,4.402727738483788,4.133174301385899,3.1302528173062325
ENSMUSG00000025231-S,3.9283702031886953,4.215792685306175,4.318955043669765
ENSMUSG00000025266-S,7.12612353740425,7.523986251874799,7.699215470376685
ENSMUSG00000025401-S,2.5214694711790284,2.625509064456788,0.8966708824695038
ENSMUSG00000025410-S,7.916712866056515,7.881201629101646,8.052903911776706
ENSMUSG00000025425-S,4.991899588549008,5.217119904422442,5.766314813340103
ENSMUSG00000025468-S,8.63273763844024,8.931062858979526,8.418944203087948
ENSMUSG00000025475-S,5.7322238417293825,6.422985351034511,6.342414884289923
ENSMUSG00000025481-S,1.127908297400936,0.0,0.8966708824695038
ENSMUSG00000025485-S,5.095572718780858,5.00117722833536,5.462322099446743
ENSMUSG00000025613-S,8.005905074107716,8.262679360746121,8.352030717823753
ENSMUSG00000025665-S,0.0,1.6174904035785849,1.4454776237320806
ENSMUSG00000025738-S,10.26754493564018,10.279702386854716,10.096161189364846
ENSMUSG00000025873-S,5.561669687029291,6.001947425956616,6.180436013749005
ENSMUSG00000025894-S,4.880195605043884,4.631493946766409,3.9680910132919567
ENSMUSG00000025934-S,1.7531052066154809,0.0,0.8966708824695038
ENSMUSG00000025937-S,3.811428095751732,2.849043379169408,2.625408260291476
ENSMUSG00000025938-S,3.216907381183005,2.3608744879735837,3.389486084443645
ENSMUSG00000025997-S,3.216907381183005,4.690467266763643,3.7076029991272086
ENSMUSG00000026029-S,2.792247919928092,2.0365428043664457,2.625408260291476
ENSMUSG00000026087-S,6.872469555224101,6.507410213928654,6.19747717651291
ENSMUSG00000026135-S,4.626925670761378,5.0914684164966,4.548799514711809
ENSMUSG00000026259-S,9.698342806842817,9.5661251947061,9.342179552303334
ENSMUSG00000026277-S,6.308111331133143,6.113897766977886,5.997943499259186
ENSMUSG00000026317-S,4.820923400611872,4.904855646645649,5.596847743186798
ENSMUSG00000026355-S,2.792247919928092,2.849043379169408,2.625408260291476
ENSMUSG00000026360-S,9.01966588353237,9.46207886762114,8.774506366847845
ENSMUSG00000026433-S,1.7531052066154809,2.0365428043664457,2.9807782637889133
ENSMUSG00000026483-S,1.127908297400936,1.0244644241439549,0.8966708824695038
ENSMUSG00000026634-S,6.797580346192501,6.775991154082753,6.48802941030017
ENSMUSG00000026659-S,4.626925670761378,3.8524636464395727,4.318955043669765
ENSMUSG00000026712-S,1.127908297400936,1.6174904035785849,3.1302528173062325
ENSMUSG00000026781-S,6.600191559769663,6.587166567872407,6.729760954535108
ENSMUSG00000026782-S,8.906614926632448,8.599140444558055,8.557385138910213
ENSMUSG00000026787-S,8.27243526314072,8.21326156830937,7.91547548389164
ENSMUSG00000026806-S,3.0201464606670347,3.365669685238544,2.4083924121471316
ENSMUSG00000026918-S,7.232300870015362,7.361103737985278,7.644344355334717
ENSMUSG00000026970-S,7.373064386484239,7.081579628453096,6.831512447380951
ENSMUSG00000026988-S,3.811428095751732,2.625509064456788,4.318955043669765
ENSMUSG00000027009-S,2.5214694711790284,2.3608744879735837,3.503498654563891
ENSMUSG00000027160-S,6.546315595935331,6.720478383619671,6.542394903744575
ENSMUSG00000027185-S,4.6945318867907435,4.368061320271338,4.548799514711809
ENSMUSG00000027187-S,4.991899588549008,5.602094204166059,5.113068266171491
ENSMUSG00000027298-S,8.261330873846934,8.893907223268604,8.554081208348643
ENSMUSG00000027301-S,0.0,1.6174904035785849,2.1528517044067006
ENSMUSG00000027357-S,3.39002549525068,4.570006841743199,3.7997580332578047
ENSMUSG00000027395-S,3.5445780000758984,3.365669685238544,2.8140077179681233
ENSMUSG00000027405-S,5.69968799294147,5.473675601093939,5.788977638207527
ENSMUSG00000027408-S,0.0,1.6174904035785849,1.8420916757217696
ENSMUSG00000027499-S,8.012542940064945,8.198100004762162,8.30563288940884
ENSMUSG00000027534-S,6.9297021193219726,6.2958204626854135,6.501814049839167
ENSMUSG00000027655-S,4.481395701641587,4.215792685306175,4.494679407108428
ENSMUSG00000027710-S,3.216907381183005,2.3608744879735837,2.1528517044067006
ENSMUSG00000027716-S,4.137161815227484,3.952227049760956,4.494679407108428
ENSMUSG00000027827-S,7.482303654786242,7.548103151734481,6.996382376676788
ENSMUSG00000027854-S,6.391959440402942,6.092191900359458,6.342414884289923
ENSMUSG00000027861-S,3.811428095751732,4.368061320271338,2.9807782637889133
ENSMUSG00000027882-S,3.5445780000758984,4.293934962094727,3.6091572619433543
ENSMUSG00000027896-S,0.0,1.0244644241439549,0.0
ENSMUSG00000027905-S,3.9283702031886953,4.293934962094727,3.7997580332578047
ENSMUSG00000027952-S,5.282933838311504,5.720010371260755,5.811289959023757
ENSMUSG00000028007-S,3.0201464606670347,3.042544284410344,4.318955043669765
ENSMUSG00000028033-S,6.546315595935331,6.490915856541785,6.2309672640563925
ENSMUSG00000028082-S,2.1878468093344487,3.8524636464395727,2.8140077179681233
ENSMUSG00000028099-S,4.319521475349487,4.045535688217926,4.600962596990739
ENSMUSG00000028295-S,5.487370989830314,4.368061320271338,4.9212461584542915
ENSMUSG00000028345-S,4.231221059285832,4.215792685306175,4.255278822354986
ENSMUSG00000028423-S,6.527900372487857,7.092553506281382,6.431534750486238
ENSMUSG00000028445-S,6.718589827826161,7.13563286226961,6.986611981474481
ENSMUSG00000028469-S,5.2383249933398455,5.802524540324048,5.876228291829624
ENSMUSG00000028532-S,4.231221059285832,4.045535688217926,4.045422674552221
ENSMUSG00000028545-S,4.402727738483788,4.570006841743199,4.600962596990739
ENSMUSG00000028622-S,6.509247046123541,6.507410213928654,6.128070433584355
ENSMUSG00000028637-S,4.6945318867907435,5.0914684164966,4.699950300997299
ENSMUSG00000028747-S,1.7531052066154809,2.625509064456788,3.1302528173062325
ENSMUSG00000028792-S,5.524998582818621,5.176440016318316,5.517646505569963
ENSMUSG00000028847-S,6.842978704651326,6.748501758539187,6.996382376676788
ENSMUSG00000028869-S,6.635022623928105,6.816267417077142,6.87452966637938
ENSMUSG00000028932-S,7.64493767788677,7.257651839655691,7.221331503175167
ENSMUSG00000028937-S,9.045787968423651,8.967285553406384,9.309242550883203
ENSMUSG00000028988-S,7.965423438069078,7.563959984480759,8.10350408881448
ENSMUSG00000028992-S,3.216907381183005,2.849043379169408,3.9680910132919567
ENSMUSG00000029009-S,4.036539844336298,4.045535688217926,3.6091572619433543
ENSMUSG00000029060-S,6.219087704031037,6.942937651472472,6.775871952798021
ENSMUSG00000029147-S,6.998190673744029,6.855449743141464,6.831512447380951
ENSMUSG00000029165-S,3.6841640601517023,3.952227049760956,2.8140077179681233
ENSMUSG00000029211-S,8.192847462682053,8.449259165801712,7.910316739464633
ENSMUSG00000029217-S,0.0,0.0,2.1528517044067006
ENSMUSG00000029307-S,0.0,1.0244644241439549,1.8420916757217696
ENSMUSG00000029352-S,2.5214694711790284,1.6174904035785849,2.4083924121471316
ENSMUSG00000029376-S,2.792247919928092,2.849043379169408,2.1528517044067006
ENSMUSG00000029557-S,4.231221059285832,4.133174301385899,4.548799514711809
ENSMUSG00000029716-S,2.1878468093344487,1.6174904035785849,1.4454776237320806
ENSMUSG00000029755-S,3.6841640601517023,3.6295017433582815,3.7997580332578047
ENSMUSG00000029763-S,7.362710833218487,7.379141389391469,7.254278622847229
ENSMUSG00000029775-S,6.718589827826161,6.720478383619671,6.568828212471299
ENSMUSG00000029823-S,8.120950495535423,7.996694946622253,8.043510122120313
ENSMUSG00000029922-S,7.574908708475699,7.670330498094607,7.30233008144014
ENSMUSG00000029999-S,6.471200884527674,6.135281895697043,5.462322099446743
ENSMUSG00000030058-S,8.277955570055465,8.21828022040289,8.199672622966354
ENSMUSG00000030265-S,7.6190735192159345,7.457631140227028,7.752075872165419
ENSMUSG00000030282-S,7.851566743751515,7.816486338650847,8.071509961986367
ENSMUSG00000030323-S,5.2383249933398455,5.775540810837221,5.719892354591473
ENSMUSG00000030346-S,1.7531052066154809,2.0365428043664457,2.8140077179681233
ENSMUSG00000030350-S,7.965423438069078,7.734789789255283,7.780626885161573
ENSMUSG00000030357-S,7.873610597748416,7.796491808972272,7.711130739644518
ENSMUSG00000030469-S,2.792247919928092,3.7452856327273945,3.1302528173062325
ENSMUSG00000030606-S,0.0,0.0,0.0
ENSMUSG00000030641-S,0.0,2.0365428043664457,0.0
ENSMUSG00000030691-S,6.195946173639724,5.8550235361182015,5.766314813340103
ENSMUSG00000030731-S,6.9297021193219726,6.276703265184429,6.402435557345951
ENSMUSG00000030770-S,5.2383249933398455,5.134579706307527,5.7432902963036
ENSMUSG00000030786-S,4.137161815227484,4.368061320271338,4.255278822354986
ENSMUSG00000030805-S,6.1724273821695075,6.0250432611142175,5.833262452685216
ENSMUSG00000030846-S,6.546315595935331,6.86827755468061,6.247425214658924
ENSMUSG00000030982-S,5.969050566682266,5.404908680090168,5.2500478370637875
ENSMUSG00000030990-S,4.481395701641587,4.133174301385899,4.548799514711809
ENSMUSG00000031090-S,3.0201464606670347,2.625509064456788,2.1528517044067006
ENSMUSG00000031134-S,5.795173714325238,6.0250432611142175,5.647331715204301
ENSMUSG00000031158-S,5.144743080073491,5.9784758302566035,5.696108675407122
ENSMUSG00000031242-S,6.022645101427404,5.905679006818678,6.017267216106093
ENSMUSG00000031309-S,6.148518825008268,5.571045223435882,5.433843413489333
ENSMUSG00000031371-S,1.7531052066154809,3.042544284410344,0.8966708824695038
ENSMUSG00000031429-S,5.326204625707964,4.505782068917277,5.113068266171491
ENSMUSG00000031432-S,7.64493767788677,7.662987286814493,7.705185406054325
ENSMUSG00000031485-S,5.913387981082212,5.571045223435882,5.6223105400162705
ENSMUSG00000031503-S,4.759111313518454,4.631493946766409,5.1485516218610785
ENSMUSG00000031529-S,6.1724273821695075,6.3333112728776,6.4600585978304865
ENSMUSG00000031532-S,8.615399615798324,8.568027138202407,8.745832756910314
ENSMUSG00000031636-S,0.0,1.0244644241439549,1.8420916757217696
ENSMUSG00000031753-S,5.561669687029291,6.001947425956616,5.517646505569963
ENSMUSG00000031772-S,4.555994926802841,3.8524636464395727,4.879619554606472
ENSMUSG00000031776-S,6.58245551819469,7.474508223037173,7.108739953614504
ENSMUSG00000031812-S,8.795539021775896,8.796602784665021,8.830198548921237
ENSMUSG00000031962-S,0.0,2.625509064456788,1.4454776237320806
ENSMUSG00000031970-S,3.6841640601517023,4.215792685306175,3.503498654563891
ENSMUSG00000032120-S,8.492579142520881,8.243114900902,8.034054765783573
ENSMUSG00000032258-S,4.036539844336298,3.6295017433582815,3.7997580332578047
ENSMUSG00000032300-S,3.5445780000758984,3.2131345784895036,3.1302528173062325
ENSMUSG00000032334-S,2.5214694711790284,2.625509064456788,2.1528517044067006
ENSMUSG00000032336-S,9.633074560447236,9.774682727474904,9.601006320202234
ENSMUSG00000032350-S,6.219087704031037,6.555791116990666,6.0737323150777955
ENSMUSG00000032409-S,4.231221059285832,4.690467266763643,3.503498654563891
ENSMUSG00000032415-S,1.127908297400936,2.625509064456788,0.8966708824695038
ENSMUSG00000032435-S,7.433672241306105,7.197931968217582,7.547983495497881
ENSMUSG00000032456-S,2.5214694711790284,2.625509064456788,1.4454776237320806
ENSMUSG00000032485-S,7.150402998299737,6.748501758539187,6.581865439311479
ENSMUSG00000032513-S,4.036539844336298,4.293934962094727,3.6091572619433543
ENSMUSG00000032534-S,5.969050566682266,5.880573584989401,5.4047912205442765
ENSMUSG00000032567-S,3.9283702031886953,3.2131345784895036,3.1302528173062325
ENSMUSG00000032572-S,2.792247919928092,2.625509064456788,2.4083924121471316
ENSMUSG00000032586-S,6.195946173639724,6.84250684829306,6.163191151692783
ENSMUSG00000032594-S,8.261330873846934,8.103623950482051,7.995601181451425
ENSMUSG00000032598-S,6.124207365339061,6.2177830563914265,5.876228291829624
ENSMUSG00000032599-S,6.350644446931225,6.677395481765519,6.515468225693602
ENSMUSG00000032604-S,5.825647719890496,6.197595836401329,6.09207336471098
ENSMUSG00000032698-S,6.048713782854405,5.404908680090168,5.3139503095274065
ENSMUSG00000032757-S,3.811428095751732,2.849043379169408,2.4083924121471316
ENSMUSG00000032777-S,7.298978873558221,7.20805853578771,7.479970701368844
ENSMUSG00000032786-S,6.219087704031037,5.720010371260755,5.6719263267532725
ENSMUSG00000032946-S,9.679696212841703,9.712020171658889,9.016972387840948
ENSMUSG00000032968-S,4.991899588549008,4.80164013442276,5.34487053258863
ENSMUSG00000033054-S,5.66640142861484,5.176440016318316,5.517646505569963
ENSMUSG00000033063-S,3.9283702031886953,5.176440016318316,4.188661827798793
ENSMUSG00000033152-S,3.216907381183005,2.849043379169408,3.9680910132919567
ENSMUSG00000033253-S,4.319521475349487,4.631493946766409,3.886378258490339
ENSMUSG00000033365-S,6.527900372487857,6.351697548728342,6.6453408294344705
ENSMUSG00000033373-S,5.524998582818621,6.0250432611142175,5.375141946360958
ENSMUSG00000033417-S,6.527900372487857,6.6627437861898064,6.515468225693602
ENSMUSG00000033629-S,7.70354301533422,7.955212675631297,8.005311091934397
ENSMUSG00000033658-S,4.481395701641587,4.045535688217926,4.961705301245247
ENSMUSG00000033717-S,3.9283702031886953,3.7452856327273945,4.879619554606472
ENSMUSG00000033721-S,3.0201464606670347,3.6295017433582815,4.255278822354986
ENSMUSG00000033735-S,5.969050566682266,6.113897766977886,6.180436013749005
ENSMUSG00000033910-S,7.11382884086538,7.177463064326138,6.986611981474481
ENSMUSG00000033916-S,7.610348055595332,7.449117979273206,7.179060473327512
ENSMUSG00000033960-S,8.888686051152945,8.809962190297785,8.418944203087948
ENSMUSG00000034055-S,4.231221059285832,4.631493946766409,3.7997580332578047
ENSMUSG00000034064-S,6.371449832714428,6.587166567872407,6.387662860238232
ENSMUSG00000034154-S,5.524998582818621,5.880573584989401,5.7432902963036
ENSMUSG00000034156-S,8.012542940064945,7.769393940312822,7.975983078865051
ENSMUSG00000034402-S,1.127908297400936,1.6174904035785849,2.625408260291476
ENSMUSG00000034532-S,3.39002549525068,3.042544284410344,3.7076029991272086
ENSMUSG00000034848-S,4.036539844336298,4.133174301385899,3.7997580332578047
ENSMUSG00000034892-S,10.573893561775895,10.3760364142853,10.40756485055811
ENSMUSG00000034919-S,2.1878468093344487,0.0,0.8966708824695038
ENSMUSG00000034981-S,5.825647719890496,6.422985351034511,6.387662860238232
ENSMUSG00000035007-S,6.371449832714428,6.276703265184429,6.017267216106093
ENSMUSG00000035021-S,5.632328685628324,5.217119904422442,5.001060685730714
ENSMUSG00000035151-S,3.9283702031886953,3.042544284410344,3.7076029991272086
ENSMUSG00000035208-S,0.0,2.3608744879735837,2.4083924121471316
ENSMUSG00000035274-S,3.0201464606670347,3.6295017433582815,3.503498654563891
ENSMUSG00000035277-S,4.991899588549008,4.747124296715516,4.65130526352341
ENSMUSG00000035278-S,4.93712844409818,4.80164013442276,4.792580061244942
ENSMUSG00000035397-S,6.98475060212173,7.187733817473825,6.926557905849662
ENSMUSG00000035495-S,4.626925670761378,5.00117722833536,4.961705301245247
ENSMUSG00000035595-S,2.792247919928092,3.5036083467238193,3.389486084443645
ENSMUSG00000035601-S,3.216907381183005,3.8524636464395727,3.9680910132919567
ENSMUSG00000035686-S,3.9283702031886953,4.368061320271338,4.600962596990739
ENSMUSG00000035776-S,6.451794814887973,6.855449743141464,6.682127371696282
ENSMUSG00000035863-S,7.6363677090309725,7.548103151734481,7.458925513891277
ENSMUSG00000035914-S,2.792247919928092,2.625509064456788,3.7997580332578047
ENSMUSG00000035967-S,5.524998582818621,4.570006841743199,5.113068266171491
ENSMUSG00000036053-S,5.795173714325238,5.662256661610338,6.214319396121361
ENSMUSG00000036114-S,4.231221059285832,4.904855646645649,4.836756107811352
ENSMUSG00000036169-S,1.127908297400936,2.3608744879735837,0.8966708824695038
ENSMUSG00000036199-S,8.704184518768574,8.89076728973881,8.567251773555448
ENSMUSG00000036225-S,7.383344166223627,7.61812536216522,7.705185406054325
ENSMUSG00000036381-S,1.7531052066154809,3.2131345784895036,2.1528517044067006
ENSMUSG00000036501-S,5.795173714325238,5.404908680090168,5.544532934760537
ENSMUSG00000036632-S,4.880195605043884,4.368061320271338,4.792580061244942
ENSMUSG00000036698-S,7.491836270832109,7.431939453582375,7.873679603081122
ENSMUSG00000036949-S,4.880195605043884,4.133174301385899,4.118819223500774
ENSMUSG00000036966-S,7.909617987964991,8.076244074795603,8.043510122120313
ENSMUSG00000037139-S,3.6841640601517023,3.2131345784895036,2.8140077179681233
ENSMUSG00000037148-S,6.048713782854405,5.905679006818678,6.2309672640563925
ENSMUSG00000037185-S,2.1878468093344487,1.6174904035785849,0.8966708824695038
ENSMUSG00000037266-S,8.233190111500102,7.796491808972272,8.094435079916208
ENSMUSG00000037474-S,2.1878468093344487,2.849043379169408,3.7997580332578047
ENSMUSG00000037553-S,5.969050566682266,5.880573584989401,5.719892354591473
ENSMUSG00000037570-S,4.402727738483788,3.5036083467238193,4.438449685700989
ENSMUSG00000037601-S,8.337324433853318,8.248030945278408,7.873679603081122
ENSMUSG00000037697-S,6.635022623928105,6.237691695986564,6.7179991885380685
ENSMUSG00000037791-S,6.048713782854405,6.507410213928654,6.342414884289923
ENSMUSG00000037815-S,6.412181562061996,6.2958204626854135,6.247425214658924
ENSMUSG00000037936-S,5.7640420914124455,6.001947425956616,5.719892354591473
ENSMUSG00000038034-S,8.764415366394296,8.614449040339148,8.849193777831434
ENSMUSG00000038042-S,4.402727738483788,4.854170744149985,4.379939189629966
ENSMUSG00000038046-S,4.402727738483788,3.952227049760956,3.886378258490339
ENSMUSG00000038065-S,6.412181562061996,6.156353685370624,6.581865439311479
ENSMUSG00000038115-S,2.5214694711790284,2.625509064456788,2.625408260291476
ENSMUSG00000038168-S,2.792247919928092,1.0244644241439549,1.4454776237320806
ENSMUSG00000038365-S,6.546315595935331,6.720478383619671,6.528994384255339
ENSMUSG00000038374-S,7.92377302367238,8.087258457902077,7.8842426381080015
ENSMUSG00000038503-S,5.913387981082212,6.001947425956616,5.958501814593637
ENSMUSG00000038524-S,2.792247919928092,3.042544284410344,3.2656842343095707
ENSMUSG00000038563-S,4.137161815227484,3.5036083467238193,4.379939189629966
ENSMUSG00000038564-S,5.282933838311504,4.747124296715516,5.113068266171491
ENSMUSG00000038602-S,7.601569498832792,7.996694946622253,7.325768675213831
ENSMUSG00000038665-S,4.555994926802841,5.217119904422442,4.438449685700989
ENSMUSG00000038677-S,5.487370989830314,4.95382015242631,3.503498654563891
ENSMUSG00000038773-S,5.192292689724378,4.045535688217926,4.7470084774202475
ENSMUSG00000038780-S,5.884730060308097,6.113897766977886,5.833262452685216
ENSMUSG00000038884-S,6.264286075457586,5.880573584989401,5.811289959023757
ENSMUSG00000038894-S,5.996096692001416,6.507410213928654,6.7871730478323045
ENSMUSG00000038970-S,4.991899588549008,4.133174301385899,4.118819223500774
ENSMUSG00000038984-S,6.842978704651326,6.539843745101346,6.445867166933419
ENSMUSG00000039202-S,7.162391201398027,6.617874170038821,6.402435557345951
ENSMUSG00000039375-S,5.69968799294147,5.662256661610338,5.6223105400162705
ENSMUSG00000039611-S,6.98475060212173,7.0254220931482925,7.135513418775283
ENSMUSG00000039629-S,4.6945318867907435,5.047029067347918,4.65130526352341
ENSMUSG00000039637-S,6.451794814887973,6.38778172257297,6.4741117898823966
ENSMUSG00000039715-S,4.402727738483788,4.438564436711204,3.6091572619433543
ENSMUSG00000039716-S,7.653457039459186,7.361103737985278,7.580824127584323
ENSMUSG00000039771-S,5.969050566682266,5.217119904422442,5.3139503095274065
ENSMUSG00000039804-S,5.996096692001416,6.047775177621231,5.833262452685216
ENSMUSG00000039954-S,5.192292689724378,5.176440016318316,4.548799514711809
ENSMUSG00000039960-S,5.561669687029291,5.954616044547651,6.145737661584298
ENSMUSG00000039982-S,5.44873567271176,5.295192236250544,5.978357439226307
ENSMUSG00000040055-S,5.2383249933398455,6.070154466255981,5.811289959023757
ENSMUSG00000040112-S,5.095572718780858,4.570006841743199,4.65130526352341
ENSMUSG00000040219-S,2.1878468093344487,3.2131345784895036,2.1528517044067006
ENSMUSG00000040236-S,5.913387981082212,6.314687646922411,6.09207336471098
ENSMUSG00000040272-S,0.0,0.0,1.4454776237320806
ENSMUSG00000040289-S,6.219087704031037,5.930355012261218,6.09207336471098
ENSMUSG00000040363-S,4.880195605043884,4.904855646645649,4.699950300997299
ENSMUSG00000040380-S,1.127908297400936,1.0244644241439549,0.0
ENSMUSG00000040447-S,3.9283702031886953,4.045535688217926,4.836756107811352
ENSMUSG00000040659-S,7.62774652805555,7.699335190583824,8.39328977821091
ENSMUSG00000040759-S,6.943662408137003,6.2177830563914265,6.214319396121361
ENSMUSG00000040850-S,6.391959440402942,5.632489017788991,5.997943499259186
ENSMUSG00000040875-S,1.7531052066154809,2.0365428043664457,2.8140077179681233
ENSMUSG00000040913-S,5.44873567271176,5.00117722833536,4.548799514711809
ENSMUSG00000041236-S,7.403686558731629,7.640730695297998,7.717051673085623
ENSMUSG00000041261-S,3.216907381183005,3.952227049760956,3.6091572619433543
ENSMUSG00000041272-S,5.2383249933398455,5.369255652649587,5.833262452685216
ENSMUSG00000041298-S,7.331196749695288,7.532070095972064,7.507561754908886
ENSMUSG00000041354-S,5.282933838311504,4.438564436711204,4.7470084774202475
ENSMUSG00000041380-S,5.795173714325238,6.0250432611142175,5.6719263267532725
ENSMUSG00000041439-S,6.195946173639724,6.816267417077142,7.025302717571814
ENSMUSG00000041488-S,5.368215294388512,4.215792685306175,5.34487053258863
ENSMUSG00000041515-S,3.5445780000758984,4.95382015242631,4.379939189629966
ENSMUSG00000041528-S,5.969050566682266,5.691422495411322,5.433843413489333
ENSMUSG00000041608-S,4.93712844409818,4.690467266763643,3.9680910132919567
ENSMUSG00000041710-S,2.792247919928092,2.3608744879735837,2.625408260291476
ENSMUSG00000041712-S,5.44873567271176,5.0914684164966,5.2823528549417915
ENSMUSG00000041911-S,3.216907381183005,4.438564436711204,4.255278822354986
ENSMUSG00000041992-S,6.391959440402942,6.734558111896622,6.6453408294344705
ENSMUSG00000042063-S,4.991899588549008,4.368061320271338,4.118819223500774
ENSMUSG00000042202-S,4.481395701641587,4.045535688217926,4.318955043669765
ENSMUSG00000042203-S,5.825647719890496,6.6627437861898064,6.2309672640563925
ENSMUSG00000042216-S,7.538576834356137,7.727768231534347,7.722948405839837
ENSMUSG00000042258-S,5.095572718780858,5.295192236250544,3.9680910132919567
ENSMUSG00000042312-S,6.490349378911624,6.748501758539187,6.445867166933419
ENSMUSG00000042350-S,7.266025050253409,7.228100892352356,6.895566649438642
ENSMUSG00000042359-S,6.195946173639724,6.092191900359458,6.431534750486238
ENSMUSG00000042417-S,3.811428095751732,2.849043379169408,2.625408260291476
ENSMUSG00000042510-S,2.1878468093344487,3.365669685238544,1.4454776237320806
ENSMUSG00000042644-S,3.5445780000758984,1.6174904035785849,2.1528517044067006
ENSMUSG00000042854-S,4.036539844336298,3.8524636464395727,4.188661827798793
ENSMUSG00000042942-S,3.0201464606670347,2.0365428043664457,3.1302528173062325
ENSMUSG00000043207-S,5.326204625707964,5.332699165065053,5.001060685730714
ENSMUSG00000043311-S,3.9283702031886953,4.570006841743199,4.699950300997299
ENSMUSG00000043388-S,7.6190735192159345,8.098189387456152,8.220663118986996
ENSMUSG00000043909-S,7.037775589871881,7.10344454092237,7.117719762048076
ENSMUSG00000043924-S,3.6841640601517023,2.0365428043664457,1.8420916757217696
ENSMUSG00000044149-S,3.216907381183005,4.045535688217926,4.836756107811352
ENSMUSG00000044348-S,4.036539844336298,4.368061320271338,4.600962596990739
ENSMUSG00000044499-S,4.319521475349487,4.690467266763643,3.9680910132919567
ENSMUSG00000044501-S,2.5214694711790284,2.3608744879735837,1.8420916757217696
ENSMUSG00000044700-S,5.913387981082212,6.422985351034511,5.811289959023757
ENSMUSG00000044709-S,4.626925670761378,4.133174301385899,4.255278822354986
ENSMUSG00000045027-S,2.5214694711790284,3.042544284410344,2.625408260291476
ENSMUSG00000045062-S,4.93712844409818,4.505782068917277,4.600962596990739
ENSMUSG00000045107-S,3.39002549525068,3.365669685238544,2.8140077179681233
ENSMUSG00000045136-S,10.223880914332293,10.182904771613131,10.160579881551032
ENSMUSG00000045237-S,3.0201464606670347,2.3608744879735837,2.1528517044067006
ENSMUSG00000045275-S,2.1878468093344487,2.0365428043664457,2.1528517044067006
ENSMUSG00000045573-S,11.236096304542391,11.088787966839783,10.469378741041067
ENSMUSG00000045672-S,4.319521475349487,4.293934962094727,4.118819223500774
ENSMUSG00000045690-S,3.39002549525068,3.042544284410344,3.503498654563891
ENSMUSG00000045731-S,3.0201464606670347,2.3608744879735837,3.2656842343095707
ENSMUSG00000045763-S,10.464373315499031,10.777263634799624,11.002209288310825
ENSMUSG00000045838-S,2.5214694711790284,1.0244644241439549,2.625408260291476
ENSMUSG00000045948-S,6.782124449201178,7.238018615581664,6.956897399824481
ENSMUSG00000046109-S,1.127908297400936,0.0,1.4454776237320806
ENSMUSG00000046178-S,5.326204625707964,5.134579706307527,4.548799514711809
ENSMUSG00000046191-S,4.137161815227484,3.8524636464395727,4.188661827798793
ENSMUSG00000046280-S,2.792247919928092,2.625509064456788,4.438449685700989
ENSMUSG00000046410-S,2.5214694711790284,2.0365428043664457,2.4083924121471316
ENSMUSG00000046480-S,9.35872890081755,9.03142017731839,8.520618958875602
ENSMUSG00000046561-S,0.0,0.0,0.8966708824695038
ENSMUSG00000046613-S,5.095572718780858,4.631493946766409,5.34487053258863
ENSMUSG00000046785-S,6.971184145172681,6.978867088065993,7.229639090569199
ENSMUSG00000047085-S,7.601569498832792,7.720712332877483,7.722948405839837
ENSMUSG00000047181-S,3.9283702031886953,3.952227049760956,4.9212461584542915
ENSMUSG00000047307-S,2.792247919928092,2.3608744879735837,2.1528517044067006
ENSMUSG00000047368-S,6.241863885677287,6.775991154082753,6.357655769770256
ENSMUSG00000047539-S,5.7640420914124455,5.473675601093939,5.854905315546002
ENSMUSG00000047591-S,3.0201464606670347,4.133174301385899,4.548799514711809
ENSMUSG00000047604-S,3.811428095751732,3.952227049760956,3.503498654563891
ENSMUSG00000047649-S,6.1724273821695075,6.405490910908879,6.402435557345951
ENSMUSG00000047935-S,3.5445780000758984,4.045535688217926,3.7076029991272086
ENSMUSG00000048038-S,4.481395701641587,3.2131345784895036,3.1302528173062325
ENSMUSG00000048126-S,1.127908297400936,1.6174904035785849,1.4454776237320806
ENSMUSG00000048186-S,3.5445780000758984,3.952227049760956,4.255278822354986
ENSMUSG00000048218-S,3.5445780000758984,4.631493946766409,2.9807782637889133
ENSMUSG00000048240-S,9.679696212841703,9.839629936461275,9.078056876656367
ENSMUSG00000048546-S,5.2383249933398455,4.690467266763643,5.719892354591473
ENSMUSG00000048782-S,2.792247919928092,2.625509064456788,0.0
ENSMUSG00000049047-S,4.137161815227484,4.438564436711204,5.001060685730714
ENSMUSG00000049124-S,0.0,1.0244644241439549,1.4454776237320806
ENSMUSG00000049411-S,3.5445780000758984,3.042544284410344,0.8966708824695038
ENSMUSG00000049643-S,4.402727738483788,4.570006841743199,5.001060685730714
ENSMUSG00000050002-S,5.524998582818621,4.747124296715516,4.9212461584542915
ENSMUSG00000050240-S,4.231221059285832,4.215792685306175,4.494679407108428
ENSMUSG00000050272-S,6.264286075457586,5.9784758302566035,6.6453408294344705
ENSMUSG00000050315-S,4.481395701641587,4.631493946766409,4.379939189629966
ENSMUSG00000050473-S,6.022645101427404,5.880573584989401,4.7470084774202475
ENSMUSG00000050549-S,3.811428095751732,4.570006841743199,3.6091572619433543
ENSMUSG00000050552-S,6.9574889033554745,7.13563286226961,7.30233008144014
ENSMUSG00000050555-S,1.127908297400936,1.0244644241439549,1.4454776237320806
ENSMUSG00000050587-S,8.384145040702094,8.208225397047691,7.857688607409595
ENSMUSG00000050711-S,8.728579426419701,9.037111660666634,9.000074864470163
ENSMUSG00000050973-S,3.0201464606670347,3.6295017433582815,4.318955043669765
ENSMUSG00000051391-S,10.328665450419496,10.295222229374271,10.499749459494184
ENSMUSG00000051451-S,3.5445780000758984,4.690467266763643,3.503498654563891
ENSMUSG00000051615-S,6.782124449201178,7.507681392880743,7.841518377214648
ENSMUSG00000051674-S,6.219087704031037,5.775540810837221,6.279788357668961
ENSMUSG00000051811-S,3.6841640601517023,3.365669685238544,3.1302528173062325
ENSMUSG00000052085-S,1.127908297400936,1.0244644241439549,1.8420916757217696
ENSMUSG00000052336-S,7.11382884086538,8.162090805136835,7.650545226664898
ENSMUSG00000052516-S,7.050732822518285,7.342837708011048,7.144328620541878
ENSMUSG00000052593-S,4.93712844409818,4.904855646645649,4.600962596990739
ENSMUSG00000052712-S,6.5644987185263295,6.405490910908879,6.09207336471098
ENSMUSG00000052848-S,2.792247919928092,3.8524636464395727,3.7076029991272086
ENSMUSG00000053063-S,2.792247919928092,3.5036083467238193,2.8140077179681233
ENSMUSG00000053192-S,8.654121199826761,9.022840629988004,9.078056876656367
ENSMUSG00000053519-S,4.6945318867907435,5.047029067347918,5.2500478370637875
ENSMUSG00000053916-S,2.5214694711790284,2.625509064456788,2.8140077179681233
ENSMUSG00000053980-S,1.127908297400936,1.6174904035785849,1.4454776237320806
ENSMUSG00000054162-S,8.434445666519583,8.09273427525985,7.606568786582609
ENSMUSG00000054484-S,4.231221059285832,4.904855646645649,3.7076029991272086
ENSMUSG00000054690-S,4.036539844336298,2.3608744879735837,3.7997580332578047
ENSMUSG00000055003-S,8.337324433853318,8.666784989604963,8.048214662632951
ENSMUSG00000055200-S,4.137161815227484,3.365669685238544,3.7997580332578047
ENSMUSG00000055202-S,3.5445780000758984,4.505782068917277,4.699950300997299
ENSMUSG00000055214-S,6.099479190791413,6.762311928865355,5.4902494834976645
ENSMUSG00000055692-S,8.051741283726955,7.918681701240496,8.125930288146874
ENSMUSG00000055760-S,3.6841640601517023,2.0365428043664457,2.4083924121471316
ENSMUSG00000056004-S,5.326204625707964,4.854170744149985,5.217002839612216
ENSMUSG00000056069-S,4.6945318867907435,5.047029067347918,4.118819223500774
ENSMUSG00000056076-S,6.600191559769663,6.507410213928654,6.542394903744575
ENSMUSG00000056091-S,9.115276580735609,8.982113979155953,9.136659733164208
ENSMUSG00000056145-S,4.93712844409818,5.439701828856735,5.2500478370637875
ENSMUSG00000056687-S,2.5214694711790284,2.0365428043664457,2.8140077179681233
ENSMUSG00000057098-S,6.509247046123541,5.9784758302566035,5.113068266171491
ENSMUSG00000057132-S,0.0,2.0365428043664457,1.4454776237320806
ENSMUSG00000057457-S,3.811428095751732,3.365669685238544,2.9807782637889133
ENSMUSG00000057969-S,1.127908297400936,2.625509064456788,1.8420916757217696
ENSMUSG00000058153-S,5.969050566682266,5.332699165065053,6.842387597545404
ENSMUSG00000058260-S,5.597431727078145,5.134579706307527,5.375141946360958
ENSMUSG00000058498-S,3.39002549525068,3.042544284410344,2.8140077179681233
ENSMUSG00000058669-S,1.127908297400936,2.3608744879735837,0.0
ENSMUSG00000059534-S,8.679370005861006,8.738403338656738,8.520618958875602
ENSMUSG00000059751-S,1.7531052066154809,1.0244644241439549,0.0
ENSMUSG00000059923-S,7.873610597748416,8.025611471868313,7.814158594934983
ENSMUSG00000060862-S,4.036539844336298,3.365669685238544,2.1528517044067006
ENSMUSG00000060969-S,1.7531052066154809,1.6174904035785849,0.8966708824695038
ENSMUSG00000060988-S,5.326204625707964,5.571045223435882,4.836756107811352
ENSMUSG00000061207-S,6.685741501760474,6.84250684829306,6.6453408294344705
ENSMUSG00000061666-S,6.635022623928105,6.60260206839698,6.729760954535108
ENSMUSG00000062175-S,0.0,1.6174904035785849,1.4454776237320806
ENSMUSG00000062198-S,4.626925670761378,5.0914684164966,3.886378258490339
ENSMUSG00000062296-S,7.743992733404249,7.423272870951672,7.437568781343009
ENSMUSG00000062580-S,7.298978873558221,7.081579628453096,7.126644022769523
ENSMUSG00000062761-S,5.561669687029291,6.314687646922411,5.938369101609992
ENSMUSG00000062778-S,2.1878468093344487,1.0244644241439549,1.4454776237320806
ENSMUSG00000062867-S,4.6945318867907435,4.904855646645649,4.494679407108428
ENSMUSG00000062908-S,5.855491317062777,5.439701828856735,5.34487053258863
ENSMUSG00000062961-S,6.048713782854405,6.047775177621231,6.7530006691109925
ENSMUSG00000063019-S,6.391959440402942,6.38778172257297,6.263697532218725
ENSMUSG00000063450-S,4.481395701641587,4.045535688217926,5.0393709389050985
ENSMUSG00000063511-S,9.316436980063726,9.037111660666634,9.289510662887174
ENSMUSG00000063576-S,6.734737714633829,6.96698975467689,7.099703901638776
ENSMUSG00000063600-S,2.792247919928092,3.2131345784895036,2.1528517044067006
ENSMUSG00000063873-S,7.70354301533422,7.829663717442339,8.4261910214081
ENSMUSG00000063875-S,1.127908297400936,2.3608744879735837,2.8140077179681233
ENSMUSG00000064325-S,5.368215294388512,4.505782068917277,5.001060685730714
ENSMUSG00000064341-S,15.19762773016094,15.071754026223587,14.782729197753495
ENSMUSG00000064370-S,15.46266435800574,15.195446187549356,14.872172533022129
ENSMUSG00000065979-S,5.524998582818621,5.571045223435882,5.811289959023757
ENSMUSG00000066090-S,1.7531052066154809,0.0,0.8966708824695038
ENSMUSG00000066129-S,5.7322238417293825,5.632489017788991,5.958501814593637
ENSMUSG00000066233-S,4.402727738483788,4.747124296715516,4.699950300997299
ENSMUSG00000066705-S,7.024700929382427,7.677636522171511,7.752075872165419
ENSMUSG00000066842-S,1.127908297400936,2.0365428043664457,2.625408260291476
ENSMUSG00000066880-S,5.561669687029291,5.802524540324048,4.7470084774202475
ENSMUSG00000067071-S,3.9283702031886953,3.952227049760956,4.379939189629966
ENSMUSG00000067795-S,2.1878468093344487,1.6174904035785849,1.4454776237320806
ENSMUSG00000067873-S,7.20937200312546,6.647941763197832,7.161799062479744
ENSMUSG00000068015-S,4.231221059285832,4.293934962094727,4.494679407108428
ENSMUSG00000068079-S,1.127908297400936,2.0365428043664457,0.0
ENSMUSG00000068267-S,6.943662408137003,6.706259891358322,6.9767749665845695
ENSMUSG00000068696-S,9.896165112299862,9.870242160540798,8.973115165789272
ENSMUSG00000069237-S,7.320537200512747,7.670330498094607,7.161799062479744
ENSMUSG00000069581-S,3.0201464606670347,1.6174904035785849,1.4454776237320806
ENSMUSG00000070462-S,7.331196749695288,7.414553911478186,6.842387597545404
ENSMUSG00000070639-S,6.391959440402942,6.632986296044445,6.706140744435435
ENSMUSG00000070687-S,3.6841640601517023,4.045535688217926,3.503498654563891
ENSMUSG00000071042-S,4.555994926802841,4.747124296715516,5.001060685730714
ENSMUSG00000071253-S,4.6945318867907435,4.368061320271338,4.699950300997299
ENSMUSG00000071266-S,1.127908297400936,1.0244644241439549,2.625408260291476
ENSMUSG00000071456-S,2.792247919928092,4.570006841743199,2.4083924121471316
ENSMUSG00000071632-S,5.795173714325238,6.001947425956616,6.017267216106093
ENSMUSG00000071661-S,1.7531052066154809,1.6174904035785849,1.4454776237320806
ENSMUSG00000071757-S,3.6841640601517023,4.368061320271338,3.6091572619433543
ENSMUSG00000072487-S,2.5214694711790284,2.3608744879735837,2.625408260291476
ENSMUSG00000073424-S,4.6945318867907435,3.2131345784895036,4.045422674552221
ENSMUSG00000073427-S,4.555994926802841,4.570006841743199,4.318955043669765
ENSMUSG00000073805-S,3.39002549525068,2.0365428043664457,2.4083924121471316
ENSMUSG00000073968-S,2.1878468093344487,3.6295017433582815,2.8140077179681233
ENSMUSG00000074238-S,7.150402998299737,7.228100892352356,7.144328620541878
ENSMUSG00000074406-S,5.2383249933398455,4.631493946766409,4.836756107811352
ENSMUSG00000074461-S,3.811428095751732,3.952227049760956,4.379939189629966
ENSMUSG00000074591-S,2.792247919928092,1.0244644241439549,0.8966708824695038
ENSMUSG00000074682-S,5.44873567271176,5.404908680090168,5.375141946360958
ENSMUSG00000074886-S,5.632328685628324,6.113897766977886,5.811289959023757
ENSMUSG00000075514-S,1.7531052066154809,1.6174904035785849,2.8140077179681233
ENSMUSG00000076435-S,2.5214694711790284,2.3608744879735837,2.1528517044067006
ENSMUSG00000078307-S,8.859528187744917,8.72082929328136,8.309556879845877
ENSMUSG00000078572-S,6.971184145172681,6.86827755468061,6.9767749665845695
ENSMUSG00000078627-S,1.127908297400936,1.0244644241439549,2.625408260291476
ENSMUSG00000078676-S,6.669032545765229,6.691899872663441,6.96687041727027
ENSMUSG00000078695-S,6.391959440402942,6.490915856541785,6.775871952798021
ENSMUSG00000078908-S,4.93712844409818,4.045535688217926,4.318955043669765
ENSMUSG00000079037-S,9.566969578527964,9.589553470465786,9.846278799809754
ENSMUSG00000079056-S,6.546315595935331,6.930759538625702,7.371533516464906
ENSMUSG00000079434-S,3.5445780000758984,4.045535688217926,3.9680910132919567
ENSMUSG00000079469-S,3.6841640601517023,3.5036083467238193,2.9807782637889133
ENSMUSG00000080316-S,5.192292689724378,5.176440016318316,5.517646505569963
ENSMUSG00000082396-S,1.7531052066154809,1.6174904035785849,0.8966708824695038
ENSMUSG00000084291-S,0.0,2.0365428043664457,0.0
ENSMUSG00000085041-S,2.1878468093344487,1.0244644241439549,1.4454776237320806
ENSMUSG00000085287-S,1.127908297400936,1.0244644241439549,0.8966708824695038
ENSMUSG00000085396-S,5.66640142861484,6.047775177621231,5.375141946360958
ENSMUSG00000086022-S,1.127908297400936,1.6174904035785849,2.625408260291476
ENSMUSG00000086290-S,5.326204625707964,5.8550235361182015,5.4047912205442765
ENSMUSG00000086324-S,1.127908297400936,1.0244644241439549,1.4454776237320806
ENSMUSG00000087260-S,6.195946173639724,5.802524540324048,5.462322099446743
ENSMUSG00000087461-S,1.7531052066154809,1.6174904035785849,0.8966708824695038
ENSMUSG00000087651-S,4.6945318867907435,4.904855646645649,4.548799514711809
ENSMUSG00000087674-S,4.036539844336298,3.365669685238544,2.8140077179681233
ENSMUSG00000089840-S,1.127908297400936,0.0,0.8966708824695038
ENSMUSG00000089997-S,3.6841640601517023,2.3608744879735837,3.1302528173062325
ENSMUSG00000090015-S,3.6841640601517023,2.849043379169408,3.389486084443645
ENSMUSG00000090050-S,3.39002549525068,3.8524636464395727,2.4083924121471316
ENSMUSG00000090523-S,1.127908297400936,0.0,0.8966708824695038
ENSMUSG00000090935-S,6.391959440402942,6.237691695986564,6.431534750486238
ENSMUSG00000091742-S,1.7531052066154809,1.0244644241439549,2.4083924121471316
ENSMUSG00000091780-S,4.6945318867907435,4.438564436711204,3.2656842343095707
ENSMUSG00000091971-S,3.6841640601517023,2.849043379169408,4.318955043669765
ENSMUSG00000092090-S,3.39002549525068,3.6295017433582815,2.8140077179681233
ENSMUSG00000093677-S,3.6841640601517023,2.625509064456788,4.65130526352341
ENSMUSG00000093858-S,1.7531052066154809,3.2131345784895036,2.1528517044067006
ENSMUSG00000094595-S,1.7531052066154809,2.625509064456788,2.625408260291476
ENSMUSG00000094732-S,1.127908297400936,2.3608744879735837,0.0
ENSMUSG00000096883-S,3.216907381183005,2.625509064456788,3.389486084443645
ENSMUSG00000096974-S,4.759111313518454,4.904855646645649,5.2500478370637875
ENSMUSG00000097023-S,5.044667206815635,5.473675601093939,4.7470084774202475
ENSMUSG00000097061-S,4.820923400611872,4.904855646645649,4.699950300997299
ENSMUSG00000097063-S,4.137161815227484,4.045535688217926,3.2656842343095707
ENSMUSG00000097333-S,3.9283702031886953,4.438564436711204,3.7997580332578047
ENSMUSG00000097385-S,4.137161815227484,4.747124296715516,3.389486084443645
ENSMUSG00000097466-S,3.6841640601517023,3.8524636464395727,2.1528517044067006
ENSMUSG00000097604-S,5.192292689724378,4.438564436711204,3.9680910132919567
ENSMUSG00000097652-S,4.555994926802841,3.042544284410344,3.7997580332578047
ENSMUSG00000097806-S,3.39002549525068,2.0365428043664457,0.8966708824695038
ENSMUSG00000098113-S,2.1878468093344487,2.0365428043664457,0.8966708824695038
ENSMUSG00000098449-S,3.0201464606670347,2.849043379169408,2.8140077179681233
ENSMUSG00000098729-S,1.7531052066154809,2.3608744879735837,0.8966708824695038
ENSMUSG00000099471-S,0.0,0.0,0.0
ENSMUSG00000099625-S,1.7531052066154809,1.0244644241439549,0.8966708824695038
ENSMUSG00000100680-S,1.127908297400936,2.849043379169408,2.1528517044067006
ENSMUSG00000100764-S,1.127908297400936,1.6174904035785849,1.8420916757217696
ENSMUSG00000102543-S,3.811428095751732,3.365669685238544,3.503498654563891
ENSMUSG00000102556-S,2.792247919928092,3.042544284410344,2.4083924121471316
ENSMUSG00000103038-S,4.036539844336298,3.365669685238544,2.625408260291476
ENSMUSG00000103427-S,3.216907381183005,2.625509064456788,1.8420916757217696
ENSMUSG00000103567-S,0.0,1.6174904035785849,2.1528517044067006
ENSMUSG00000103731-S,1.7531052066154809,1.6174904035785849,2.8140077179681233
ENSMUSG00000103793-S,4.319521475349487,5.720010371260755,4.045422674552221
ENSMUSG00000103916-S,3.0201464606670347,1.0244644241439549,0.0
ENSMUSG00000103983-S,4.402727738483788,4.438564436711204,3.9680910132919567
ENSMUSG00000104204-S,1.127908297400936,0.0,1.8420916757217696
ENSMUSG00000104508-S,1.7531052066154809,0.0,1.4454776237320806
ENSMUSG00000104586-S,0.0,1.6174904035785849,2.9807782637889133
ENSMUSG00000104735-S,2.1878468093344487,0.0,2.625408260291476
ENSMUSG00000105137-S,1.127908297400936,2.0365428043664457,1.8420916757217696
ENSMUSG00000105434-S,4.6945318867907435,2.849043379169408,3.389486084443645
ENSMUSG00000105584-S,3.0201464606670347,3.042544284410344,2.8140077179681233
ENSMUSG00000105601-S,0.0,0.0,0.8966708824695038
ENSMUSG00000106019-S,3.9283702031886953,3.5036083467238193,3.2656842343095707
ENSMUSG00000106032-S,3.0201464606670347,2.849043379169408,2.4083924121471316
ENSMUSG00000106047-S,2.5214694711790284,3.2131345784895036,0.8966708824695038
ENSMUSG00000106093-S,4.036539844336298,1.0244644241439549,2.4083924121471316
ENSMUSG00000106767-S,1.127908297400936,1.6174904035785849,1.4454776237320806
ENSMUSG00000107278-S,0.0,1.0244644241439549,0.8966708824695038
ENSMUSG00000000093-B,1.169035828833055,2.420536794691922,2.2344845923790824
ENSMUSG00000000384-B,6.486256975517023,5.545779044309034,5.868937452889393
ENSMUSG00000000555-B,2.246663788354165,1.667597390739755,0.0
ENSMUSG00000000562-B,2.583628536214724,1.2935081824757793,1.918179767477204
ENSMUSG00000000627-B,5.311322345944074,5.792367944689754,5.6468474578057855
ENSMUSG00000001021-B,0.0,2.2104153203182793,0.0
ENSMUSG00000001029-B,2.583628536214724,2.6039096794870713,1.51246595043351
ENSMUSG00000001418-B,6.360362342820388,6.142806111774644,5.868937452889393
ENSMUSG00000001555-B,3.613239691404382,3.6564816778911298,3.072430133264163
ENSMUSG00000001767-B,5.837630861277877,5.714762188283145,5.673281182073652
ENSMUSG00000001864-B,5.739896020683038,5.429140046423259,5.619920348556439
ENSMUSG00000001918-B,2.583628536214724,2.2104153203182793,0.9459719702367412
ENSMUSG00000001946-B,5.355990166753498,4.554228205452251,5.28488204080405
ENSMUSG00000002068-B,4.952647074754181,5.328524738370655,5.699239277079914
ENSMUSG00000002500-B,0.0,0.0,0.9459719702367412
ENSMUSG00000002550-B,6.148168774324747,5.653689315962776,5.47718702733986
ENSMUSG00000002718-B,6.315831793333798,7.3013431496653745,7.019942089663767
ENSMUSG00000002732-B,3.283965590594543,2.766581548621033,2.2344845923790824
ENSMUSG00000002984-B,7.072552444374812,7.926924945026043,7.791187334777103
ENSMUSG00000004031-B,7.881048931125736,7.470251523869388,7.856083743753215
ENSMUSG00000005124-B,0.0,2.9127557664605015,3.4843121650326756
ENSMUSG00000005251-B,2.246663788354165,0.0,1.51246595043351
ENSMUSG00000005360-B,9.612190603396572,10.87789697283734,10.77025117465118
ENSMUSG00000005469-B,9.155748835120583,9.057659409017388,9.189231349617923
ENSMUSG00000006019-B,1.8062115994418957,3.8136381226818834,3.7053501275360574
ENSMUSG00000006179-B,0.0,0.7871122724200131,2.7134578716552697
ENSMUSG00000006412-B,8.737339525267325,9.282749630543456,9.16615066683178
ENSMUSG00000006456-B,5.739896020683038,5.84794991660125,4.9377004768361745
ENSMUSG00000006920-B,6.975691730612013,6.844509498858307,6.924138216802051
ENSMUSG00000007670-B,6.887155860601215,6.700961355846783,7.147977478289584
ENSMUSG00000007721-B,6.638660088735596,6.807604756737513,7.070539983084559
ENSMUSG00000007837-B,4.207939041009724,4.144796114547888,4.479565985314829
ENSMUSG00000008668-B,7.9482322837005315,8.53834521792215,8.409789774272756
ENSMUSG00000008855-B,8.427810482271592,7.578271894258268,8.33725283142028
ENSMUSG00000008958-B,7.786308901827037,7.347068411428345,7.414025597707111
ENSMUSG00000010025-B,5.441379412747367,6.270337982547097,6.061355669531017
ENSMUSG00000010044-B,4.107016405932684,2.6039096794870713,1.918179767477204
ENSMUSG00000015189-B,6.506211336740633,6.730836393283381,6.890735683357632
ENSMUSG00000015224-B,5.168368589552175,5.953074895619026,5.214628727030609
ENSMUSG00000015980-B,3.4579763234462466,3.6564816778911298,2.904080281226693
ENSMUSG00000017264-B,6.709220819725195,5.611488754228909,5.535985476431197
ENSMUSG00000017405-B,2.246663788354165,1.2935081824757793,2.904080281226693
ENSMUSG00000017801-B,6.0152321201233825,6.310460700458159,6.334100318299137
ENSMUSG00000017837-B,4.766642199529245,3.1670024629229987,4.2174820653654965
ENSMUSG00000017858-B,6.0152321201233825,5.453234459393591,5.749794959804313
ENSMUSG00000018846-B,7.150695197194673,7.040136869508385,6.988709050499259
ENSMUSG00000018920-B,2.246663788354165,2.2104153203182793,1.51246595043351
ENSMUSG00000019102-B,1.169035828833055,2.6039096794870713,2.4937579377882537
ENSMUSG00000019791-B,4.4742045144308165,2.6039096794870713,3.3596425496849505
ENSMUSG00000019864-B,4.698900418805928,5.072653089365245,3.9840225264720672
ENSMUSG00000019888-B,5.987109006171664,5.328524738370655,5.47718702733986
ENSMUSG00000019891-B,4.302260943910391,4.722279887166587,4.84772591259785
ENSMUSG00000019933-B,0.0,2.6039096794870713,2.2344845923790824
ENSMUSG00000020130-B,5.899292710517162,5.84794991660125,6.460901724738217
ENSMUSG00000020135-B,7.306748230577088,6.8261751294216335,6.645788688445357
ENSMUSG00000020193-B,0.0,0.7871122724200131,0.9459719702367412
ENSMUSG00000020225-B,7.260504374989755,7.470251523869388,7.119423282062994
ENSMUSG00000020374-B,2.856601009838485,4.312232511768845,4.800542967699481
ENSMUSG00000020411-B,2.856601009838485,2.6039096794870713,2.4937579377882537
ENSMUSG00000020456-B,8.86258867649342,8.690523397571098,8.726142460838076
ENSMUSG00000020553-B,1.8062115994418957,2.6039096794870713,2.4937579377882537
ENSMUSG00000020605-B,4.627820432096269,4.942528388881624,4.59467746443485
ENSMUSG00000020642-B,6.726334660265589,6.518883208611143,6.7237354542137275
ENSMUSG00000020644-B,9.297037044788528,10.053352533751944,10.150854465094904
ENSMUSG00000020758-B,5.355990166753498,4.942528388881624,5.178176084065701
ENSMUSG00000020905-B,2.856601009838485,1.964386763254362,2.2344845923790824
ENSMUSG00000020917-B,7.9482322837005315,7.791733079955913,7.815125148767661
ENSMUSG00000020963-B,0.0,1.2935081824757793,0.9459719702367412
ENSMUSG00000021044-B,4.627820432096269,5.072653089365245,5.415889997243144
ENSMUSG00000021125-B,2.246663788354165,2.766581548621033,2.7134578716552697
ENSMUSG00000021483-B,3.613239691404382,3.6564816778911298,4.066112281463039
ENSMUSG00000021607-B,5.86879119493531,6.412300020738322,6.475996075673785
ENSMUSG00000021661-B,7.405676294925497,7.281294084823783,7.390319835904991
ENSMUSG00000021786-B,3.613239691404382,4.144796114547888,4.066112281463039
ENSMUSG00000021843-B,9.543848419778666,8.693054983389217,8.805958003057468
ENSMUSG00000021903-B,2.583628536214724,4.598111660620564,4.2174820653654965
ENSMUSG00000021948-B,9.560643637511667,6.2567118856117485,6.821516976007744
ENSMUSG00000022132-B,7.260504374989755,7.499471291402837,7.590831603978288
ENSMUSG00000022148-B,4.302260943910391,3.7371987745467248,4.143781507307443
ENSMUSG00000022468-B,6.403559457754215,3.2790854878575644,3.223171867782088
ENSMUSG00000022505-B,6.06988527537577,6.002897732393468,6.120185831027147
ENSMUSG00000022674-B,5.560675418742802,6.186581381917725,6.020759060147799
ENSMUSG00000022718-B,6.122543370952541,5.829659495334149,5.935969157856927
ENSMUSG00000022765-B,6.0428174832780135,5.811134208143242,5.592481085405485
ENSMUSG00000022789-B,8.572050486188,7.847339050887036,7.748315968644286
ENSMUSG00000022790-B,5.7732154103337185,5.220362797558916,5.28488204080405
ENSMUSG00000022855-B,7.200533796364437,7.1838614091806665,7.060561373931273
ENSMUSG00000022863-B,0.0,0.0,0.0
ENSMUSG00000022876-B,1.8062115994418957,2.9127557664605015,2.2344845923790824
ENSMUSG00000023186-B,3.7534052432122857,4.2027944005286475,4.287599889753829
ENSMUSG00000023707-B,7.099073104105514,6.660140580699884,6.176710716088288
ENSMUSG00000023960-B,8.523924250400716,8.451300821257286,8.559007856880541
ENSMUSG00000024140-B,7.676126559306693,7.434388226210377,7.230398093306424
ENSMUSG00000024164-B,1.169035828833055,2.2104153203182793,0.9459719702367412
ENSMUSG00000024172-B,3.998499203171392,5.56801648297262,4.893414495959333
ENSMUSG00000024220-B,7.769895894864124,7.094767839664221,7.534270081107298
ENSMUSG00000024325-B,4.893270698636854,4.50896792755303,4.418372121292375
ENSMUSG00000024500-B,8.494258558499922,8.809625613086094,8.909652915578151
ENSMUSG00000024570-B,5.635055911566559,5.500248682054799,5.724738556984264
ENSMUSG00000024576-B,9.19930042137789,9.107853350788142,9.245367493270392
ENSMUSG00000024620-B,4.627820432096269,4.50896792755303,4.9377004768361745
ENSMUSG00000025134-B,4.766642199529245,4.942528388881624,5.673281182073652
ENSMUSG00000025340-B,5.670855843872947,5.103429690744369,5.673281182073652
ENSMUSG00000025354-B,5.117386261296756,5.429140046423259,5.535985476431197
ENSMUSG00000025355-B,0.0,1.667597390739755,0.0
ENSMUSG00000025372-B,6.932102852019465,9.005655986020145,8.760450938830639
ENSMUSG00000025466-B,6.0428174832780135,5.674335539709731,5.749794959804313
ENSMUSG00000025510-B,6.0428174832780135,6.628748686641819,6.15811407821644
ENSMUSG00000025732-B,4.207939041009724,4.872782571470365,4.9377004768361745
ENSMUSG00000025825-B,5.635055911566559,6.495869218096571,6.081233471270859
ENSMUSG00000025927-B,1.169035828833055,5.86601135278382,6.176710716088288
ENSMUSG00000025937-B,3.881150735998227,4.0843682041910965,3.804343661299686
ENSMUSG00000026035-B,4.698900418805928,4.976176315776484,4.980667413928631
ENSMUSG00000026087-B,7.212729001769284,7.198189746080285,6.9459845182022955
ENSMUSG00000026096-B,5.168368589552175,5.163080625637371,4.980667413928631
ENSMUSG00000026097-B,3.881150735998227,4.640699592215125,4.701279104566726
ENSMUSG00000026197-B,5.399316442586086,4.462241626417865,4.701279104566726
ENSMUSG00000026260-B,10.140188354017798,9.337173875702971,9.508372774322932
ENSMUSG00000026315-B,0.0,2.2104153203182793,0.9459719702367412
ENSMUSG00000026418-B,4.207939041009724,4.258550909440941,2.904080281226693
ENSMUSG00000026473-B,11.96724625301256,12.428755903883571,12.4234340279186
ENSMUSG00000026504-B,4.766642199529245,4.722279887166587,4.751764592434789
ENSMUSG00000026514-B,6.486256975517023,6.297210058821763,6.195070686898611
ENSMUSG00000026553-B,8.336025947950874,8.593587625952937,8.59401970249723
ENSMUSG00000026628-B,1.8062115994418957,0.0,1.918179767477204
ENSMUSG00000026630-B,0.0,1.2935081824757793,1.51246595043351
ENSMUSG00000026788-B,5.399316442586086,5.811134208143242,6.00002417338707
ENSMUSG00000026893-B,3.0860503698190223,4.0843682041910965,4.066112281463039
ENSMUSG00000027193-B,7.794445910501031,8.034645528182354,8.034904324062984
ENSMUSG00000027208-B,0.0,2.6039096794870713,2.7134578716552697
ENSMUSG00000027318-B,0.0,1.964386763254362,0.9459719702367412
ENSMUSG00000027331-B,1.169035828833055,1.2935081824757793,2.4937579377882537
ENSMUSG00000027339-B,6.808984999067663,6.983355473988696,6.95678485383994
ENSMUSG00000027356-B,1.8062115994418957,1.2935081824757793,1.51246595043351
ENSMUSG00000027377-B,1.8062115994418957,2.9127557664605015,2.7134578716552697
ENSMUSG00000027663-B,7.940920111199409,7.688946856261703,7.691254780243884
ENSMUSG00000027673-B,9.489753393565366,9.594429974576082,9.605939738630852
ENSMUSG00000027714-B,6.122543370952541,6.710988597463664,6.5913816406925445
ENSMUSG00000027782-B,7.22482198372048,7.1620984982420435,7.157371320424018
ENSMUSG00000027849-B,2.856601009838485,4.413951141920098,4.84772591259785
ENSMUSG00000028044-B,3.998499203171392,3.383085014617831,3.223171867782088
ENSMUSG00000028082-B,6.638660088735596,4.640699592215125,4.980667413928631
ENSMUSG00000028149-B,9.401946137861431,8.7979130446656,9.003790420736681
ENSMUSG00000028167-B,2.583628536214724,3.8136381226818834,2.2344845923790824
ENSMUSG00000028214-B,1.169035828833055,1.2935081824757793,1.51246595043351
ENSMUSG00000028251-B,6.486256975517023,6.186581381917725,5.978986927136198
ENSMUSG00000028545-B,4.766642199529245,4.872782571470365,4.980667413928631
ENSMUSG00000028552-B,8.219991581915988,8.396436351874002,8.456197685739427
ENSMUSG00000028637-B,5.265227239652079,4.976176315776484,4.354467219899678
ENSMUSG00000028688-B,4.107016405932684,4.682066304541401,5.140778462063011
ENSMUSG00000028706-B,5.441379412747367,5.248172965431768,4.59467746443485
ENSMUSG00000028763-B,2.246663788354165,2.6039096794870713,3.223171867782088
ENSMUSG00000028776-B,3.4579763234462466,3.480088992742815,4.2174820653654965
ENSMUSG00000028807-B,2.583628536214724,3.8136381226818834,4.354467219899678
ENSMUSG00000028871-B,2.583628536214724,4.363988112705335,3.4843121650326756
ENSMUSG00000028948-B,4.952647074754181,4.640699592215125,4.84772591259785
ENSMUSG00000029176-B,7.405676294925497,7.191043365554182,7.274231236688587
ENSMUSG00000029245-B,7.865684694141979,8.189688219871416,8.349598428999217
ENSMUSG00000029433-B,5.670855843872947,5.009057326027325,4.287599889753829
ENSMUSG00000029551-B,6.338268872501172,6.242955863577144,6.398893677587521
ENSMUSG00000029569-B,4.302260943910391,4.144796114547888,3.896978526200117
ENSMUSG00000029660-B,0.0,1.2935081824757793,0.9459719702367412
ENSMUSG00000029699-B,0.0,0.0,0.9459719702367412
ENSMUSG00000029913-B,2.856601009838485,3.2790854878575644,3.804343661299686
ENSMUSG00000029915-B,2.856601009838485,3.0454726310430704,2.7134578716552697
ENSMUSG00000030047-B,3.0860503698190223,3.8862304070733424,4.2174820653654965
ENSMUSG00000030074-B,2.856601009838485,2.420536794691922,3.223171867782088
ENSMUSG00000030108-B,4.107016405932684,5.694690461874134,5.619920348556439
ENSMUSG00000030111-B,3.283965590594543,4.722279887166587,4.479565985314829
ENSMUSG00000030189-B,6.91727556969813,5.523193468694959,6.414647331965287
ENSMUSG00000030224-B,7.728027384783095,8.17527477512492,7.977725276202323
ENSMUSG00000030271-B,2.856601009838485,3.0454726310430704,3.3596425496849505
ENSMUSG00000030401-B,6.545310685789989,6.649752327373826,7.265570502917824
ENSMUSG00000030889-B,3.4579763234462466,3.6564816778911298,2.904080281226693
ENSMUSG00000030942-B,5.739896020683038,6.436674949914688,6.520354090235933
ENSMUSG00000031059-B,8.243957078502838,8.43928775684834,8.252133313677291
ENSMUSG00000031099-B,6.961307939829503,6.460644887609981,6.4456477762664806
ENSMUSG00000031264-B,0.0,0.0,0.9459719702367412
ENSMUSG00000031355-B,4.553056106033177,4.312232511768845,5.062942950002011
ENSMUSG00000031409-B,8.733112474817814,8.620435325455583,8.68126290904429
ENSMUSG00000031659-B,4.390792791186304,3.8136381226818834,2.7134578716552697
ENSMUSG00000031734-B,4.4742045144308165,5.103429690744369,5.351872576335966
ENSMUSG00000031775-B,8.758290972760692,8.424129377008757,8.459998461223742
ENSMUSG00000031788-B,7.059107024611881,6.484223072103106,6.935102718611691
ENSMUSG00000031844-B,0.0,0.7871122724200131,0.9459719702367412
ENSMUSG00000031872-B,5.311322345944074,4.79949290466337,5.699239277079914
ENSMUSG00000031951-B,4.553056106033177,6.002897732393468,5.564509807646584
ENSMUSG00000032018-B,6.709220819725195,7.219418914007844,6.9781459491173115
ENSMUSG00000032235-B,4.4742045144308165,4.363988112705335,5.02239161452033
ENSMUSG00000032243-B,1.169035828833055,2.6039096794870713,0.0
ENSMUSG00000032251-B,6.148168774324747,5.969874413911551,6.020759060147799
ENSMUSG00000032295-B,6.315831793333798,5.041205601714661,4.800542967699481
ENSMUSG00000032300-B,5.399316442586086,4.554228205452251,4.354467219899678
ENSMUSG00000032307-B,5.217610615520687,4.761402889222107,5.47718702733986
ENSMUSG00000032308-B,5.635055911566559,5.453234459393591,5.673281182073652
ENSMUSG00000032334-B,2.246663788354165,3.8862304070733424,3.896978526200117
ENSMUSG00000032346-B,0.0,0.7871122724200131,1.51246595043351
ENSMUSG00000032387-B,4.207939041009724,4.872782571470365,4.418372121292375
ENSMUSG00000032481-B,7.903792780620952,7.385140112935464,7.548619709335461
ENSMUSG00000032526-B,6.5644700380670455,7.34062429207245,7.256857463189618
ENSMUSG00000032691-B,1.169035828833055,0.7871122724200131,2.2344845923790824
ENSMUSG00000032727-B,6.506211336740633,5.523193468694959,6.266259605843645
ENSMUSG00000032737-B,6.691901528204237,6.798229155100746,6.988709050499259
ENSMUSG00000032816-B,5.86879119493531,6.082293017785891,6.195070686898611
ENSMUSG00000032878-B,6.222422197238793,5.734558491069334,5.749794959804313
ENSMUSG00000033106-B,4.4742045144308165,3.2790854878575644,3.3596425496849505
ENSMUSG00000033356-B,2.246663788354165,2.6039096794870713,2.2344845923790824
ENSMUSG00000033411-B,6.096454561142645,5.404636388820439,5.214628727030609
ENSMUSG00000033420-B,3.613239691404382,4.682066304541401,3.896978526200117
ENSMUSG00000033427-B,2.583628536214724,2.6039096794870713,3.072430133264163
ENSMUSG00000033554-B,4.952647074754181,4.413951141920098,4.59467746443485
ENSMUSG00000033581-B,0.0,2.420536794691922,1.51246595043351
ENSMUSG00000033684-B,7.384271072370544,6.730836393283381,6.659075793980569
ENSMUSG00000033740-B,5.598344963007395,5.611488754228909,6.041200155785749
ENSMUSG00000033906-B,3.0860503698190223,4.363988112705335,4.648962668335466
ENSMUSG00000033938-B,8.659290322304015,8.427173821269719,8.526753852070568
ENSMUSG00000034006-B,6.293040248283962,5.829659495334149,6.35057350255782
ENSMUSG00000034118-B,5.598344963007395,6.323590746444722,6.195070686898611
ENSMUSG00000034126-B,4.553056106033177,4.682066304541401,4.354467219899678
ENSMUSG00000034460-B,2.583628536214724,3.8136381226818834,2.7134578716552697
ENSMUSG00000034480-B,6.840763396852731,6.460644887609981,6.3829660986537995
ENSMUSG00000034486-B,5.739896020683038,3.480088992742815,3.223171867782088
ENSMUSG00000034509-B,4.207939041009724,4.836603082234361,4.893414495959333
ENSMUSG00000034520-B,6.293040248283962,3.8136381226818834,3.9840225264720672
ENSMUSG00000034575-B,5.441379412747367,5.589916354423457,5.535985476431197
ENSMUSG00000034706-B,3.4579763234462466,3.1670024629229987,1.918179767477204
ENSMUSG00000034762-B,3.283965590594543,0.7871122724200131,0.0
ENSMUSG00000034892-B,10.97925349347146,11.146171636042023,11.125903290283516
ENSMUSG00000035168-B,8.330440613526507,6.495869218096571,6.999195372953357
ENSMUSG00000035234-B,3.4579763234462466,3.0454726310430704,2.2344845923790824
ENSMUSG00000035394-B,2.246663788354165,1.2935081824757793,1.51246595043351
ENSMUSG00000035441-B,5.7732154103337185,5.56801648297262,5.506885779702032
ENSMUSG00000035569-B,10.24632792522478,9.27262988892557,9.254149991173888
ENSMUSG00000035671-B,4.207939041009724,4.021298175057105,4.354467219899678
ENSMUSG00000035835-B,7.28381158125321,6.530253981677763,6.505719103692124
ENSMUSG00000035941-B,6.246347684044023,6.051057241967112,5.868937452889393
ENSMUSG00000035948-B,0.0,0.0,3.072430133264163
ENSMUSG00000035963-B,0.0,0.7871122724200131,0.9459719702367412
ENSMUSG00000035969-B,7.658402906796864,7.922616822305651,7.923701494959319
ENSMUSG00000035983-B,1.8062115994418957,1.964386763254362,1.918179767477204
ENSMUSG00000036112-B,9.276851132113627,8.837353799539061,8.861613209333848
ENSMUSG00000036246-B,2.856601009838485,2.9127557664605015,3.3596425496849505
ENSMUSG00000036356-B,5.7732154103337185,5.072653089365245,5.178176084065701
ENSMUSG00000036712-B,8.499245395858814,8.17527477512492,8.328963347866022
ENSMUSG00000036885-B,5.521995871763407,5.694690461874134,5.935969157856927
ENSMUSG00000036908-B,4.831345310886777,5.248172965431768,5.214628727030609
ENSMUSG00000036915-B,1.8062115994418957,2.766581548621033,1.51246595043351
ENSMUSG00000037025-B,0.0,1.667597390739755,0.9459719702367412
ENSMUSG00000037103-B,5.009676017117655,4.9080769141305485,4.648962668335466
ENSMUSG00000037148-B,2.856601009838485,5.354344023161706,5.250182972595534
ENSMUSG00000037341-B,2.246663788354165,0.7871122724200131,2.2344845923790824
ENSMUSG00000037353-B,6.198093232304976,6.399956362017443,6.120185831027147
ENSMUSG00000037366-B,4.302260943910391,4.554228205452251,3.9840225264720672
ENSMUSG00000037437-B,0.0,1.667597390739755,0.0
ENSMUSG00000037514-B,6.096454561142645,5.969874413911551,6.398893677587521
ENSMUSG00000037578-B,4.107016405932684,2.420536794691922,1.918179767477204
ENSMUSG00000037709-B,5.899292710517162,5.453234459393591,5.619920348556439
ENSMUSG00000037824-B,7.150695197194673,7.327649052856697,6.901956010337463
ENSMUSG00000038070-B,6.4455006792808005,6.12791412595281,5.47718702733986
ENSMUSG00000038324-B,8.164567753458803,8.535526782451107,8.333114043382604
ENSMUSG00000038344-B,4.952647074754181,4.50896792755303,4.701279104566726
ENSMUSG00000038371-B,6.583378280496261,6.4487096998394495,6.366860711904826
ENSMUSG00000038453-B,8.79525349134015,9.09067543794303,9.133204509951083
ENSMUSG00000038507-B,3.613239691404382,3.480088992742815,4.418372121292375
ENSMUSG00000038564-B,5.399316442586086,5.192005991332843,4.59467746443485
ENSMUSG00000038605-B,5.705788882617483,5.354344023161706,5.506885779702032
ENSMUSG00000038756-B,2.856601009838485,0.7871122724200131,0.0
ENSMUSG00000038816-B,5.168368589552175,4.554228205452251,4.143781507307443
ENSMUSG00000038843-B,3.4579763234462466,4.258550909440941,2.7134578716552697
ENSMUSG00000038900-B,8.645861515465214,8.972696469739411,8.956144383206924
ENSMUSG00000039086-B,7.272205044544138,7.087088934254211,6.901956010337463
ENSMUSG00000039191-B,5.0645360989299935,5.041205601714661,5.592481085405485
ENSMUSG00000039367-B,6.691901528204237,6.835371439044323,7.070539983084559
ENSMUSG00000039477-B,7.072552444374812,6.1128668153112224,6.3829660986537995
ENSMUSG00000039512-B,4.952647074754181,4.554228205452251,4.354467219899678
ENSMUSG00000039536-B,6.691901528204237,6.90690482623775,6.645788688445357
ENSMUSG00000039828-B,6.808984999067663,6.097660905563668,5.535985476431197
ENSMUSG00000039835-B,4.627820432096269,5.2754571722374255,4.980667413928631
ENSMUSG00000039883-B,15.897956666275023,15.026230436643283,15.112337685751118
ENSMUSG00000039956-B,0.0,1.2935081824757793,0.9459719702367412
ENSMUSG00000039990-B,4.4742045144308165,4.50896792755303,5.384236342248328
ENSMUSG00000040043-B,1.8062115994418957,2.9127557664605015,3.4843121650326756
ENSMUSG00000040276-B,10.6124197309935,11.112998092100794,10.982651193729025
ENSMUSG00000040649-B,6.293040248283962,6.283836585712419,6.460901724738217
ENSMUSG00000040693-B,1.169035828833055,0.0,1.51246595043351
ENSMUSG00000040729-B,5.399316442586086,4.50896792755303,5.44686403528924
ENSMUSG00000040797-B,6.856393898147798,7.094767839664221,7.316771781856576
ENSMUSG00000040907-B,10.213326630203015,9.843772648028164,9.969432216975694
ENSMUSG00000040918-B,2.856601009838485,5.009057326027325,4.354467219899678
ENSMUSG00000041020-B,10.06986294572899,8.94535109159037,9.22093625976481
ENSMUSG00000041057-B,7.373448175193328,6.472482147052427,6.475996075673785
ENSMUSG00000041133-B,9.288420500223737,8.601694525649613,8.607789944386402
ENSMUSG00000041147-B,2.583628536214724,3.570979513350055,1.918179767477204
ENSMUSG00000041308-B,4.390792791186304,3.6564816778911298,4.418372121292375
ENSMUSG00000041468-B,6.583378280496261,5.2754571722374255,5.673281182073652
ENSMUSG00000041598-B,7.761618834357603,7.842786208430468,7.723233641161464
ENSMUSG00000041608-B,4.893270698636854,4.554228205452251,5.102385559877196
ENSMUSG00000041649-B,2.856601009838485,2.9127557664605015,3.223171867782088
ENSMUSG00000041733-B,7.188234624547346,6.387506179222743,6.577453127983989
ENSMUSG00000041736-B,3.4579763234462466,4.312232511768845,4.287599889753829
ENSMUSG00000041794-B,6.293040248283962,6.142806111774644,6.231104198628454
ENSMUSG00000041852-B,6.65662643652856,6.1128668153112224,6.100841109998865
ENSMUSG00000042190-B,2.246663788354165,2.766581548621033,2.7134578716552697
ENSMUSG00000042757-B,6.198093232304976,5.969874413911551,5.957638372631451
ENSMUSG00000042759-B,0.0,2.420536794691922,1.51246595043351
ENSMUSG00000042793-B,5.521995871763407,3.2790854878575644,3.804343661299686
ENSMUSG00000043090-B,5.355990166753498,5.009057326027325,5.250182972595534
ENSMUSG00000043243-B,0.0,1.2935081824757793,0.9459719702367412
ENSMUSG00000043262-B,3.4579763234462466,2.766581548621033,2.4937579377882537
ENSMUSG00000043290-B,3.283965590594543,3.6564816778911298,4.066112281463039
ENSMUSG00000043631-B,3.613239691404382,4.50896792755303,4.2174820653654965
ENSMUSG00000043702-B,5.635055911566559,4.872782571470365,5.592481085405485
ENSMUSG00000043811-B,6.6020419102990475,6.649752327373826,6.748809134183528
ENSMUSG00000044022-B,3.0860503698190223,3.8136381226818834,3.4843121650326756
ENSMUSG00000044026-B,1.8062115994418957,4.0843682041910965,2.2344845923790824
ENSMUSG00000044172-B,0.0,0.7871122724200131,1.51246595043351
ENSMUSG00000044749-B,0.0,1.2935081824757793,0.9459719702367412
ENSMUSG00000045087-B,6.222422197238793,5.37970934395094,5.673281182073652
ENSMUSG00000045102-B,0.0,0.7871122724200131,0.0
ENSMUSG00000045667-B,2.246663788354165,2.420536794691922,0.9459719702367412
ENSMUSG00000047003-B,4.207939041009724,3.955344375791936,4.143781507307443
ENSMUSG00000047216-B,3.0860503698190223,2.2104153203182793,2.7134578716552697
ENSMUSG00000047238-B,6.932102852019465,7.922616822305651,7.735829313583755
ENSMUSG00000047606-B,5.899292710517162,4.363988112705335,4.751764592434789
ENSMUSG00000047676-B,0.0,2.2104153203182793,0.0
ENSMUSG00000047866-B,6.691901528204237,7.071607409391578,6.967504936187151
ENSMUSG00000047867-B,1.8062115994418957,0.0,1.51246595043351
ENSMUSG00000048249-B,8.937981571137627,8.433243503718048,8.501159177021204
ENSMUSG00000048347-B,2.583628536214724,2.766581548621033,3.223171867782088
ENSMUSG00000048706-B,5.0645360989299935,5.072653089365245,5.178176084065701
ENSMUSG00000049387-B,1.169035828833055,2.420536794691922,2.7134578716552697
ENSMUSG00000049764-B,4.302260943910391,4.598111660620564,4.59467746443485
ENSMUSG00000050052-B,3.4579763234462466,4.312232511768845,4.479565985314829
ENSMUSG00000050074-B,1.8062115994418957,3.955344375791936,3.3596425496849505
ENSMUSG00000050549-B,3.0860503698190223,3.383085014617831,3.7053501275360574
ENSMUSG00000050592-B,0.0,1.2935081824757793,2.7134578716552697
ENSMUSG00000050666-B,3.283965590594543,4.9080769141305485,4.648962668335466
ENSMUSG00000050677-B,3.0860503698190223,2.9127557664605015,3.072430133264163
ENSMUSG00000050930-B,1.8062115994418957,3.8136381226818834,3.4843121650326756
ENSMUSG00000051297-B,2.246663788354165,2.420536794691922,1.51246595043351
ENSMUSG00000051495-B,6.638660088735596,6.660140580699884,7.009606024580294
ENSMUSG00000051855-B,4.207939041009724,5.248172965431768,4.751764592434789
ENSMUSG00000052117-B,0.0,2.766581548621033,0.0
ENSMUSG00000052516-B,6.0152321201233825,6.507422103002114,6.460901724738217
ENSMUSG00000052533-B,3.998499203171392,4.144796114547888,4.538269502023748
ENSMUSG00000052698-B,8.79119300052499,7.616114800446627,7.658550974541107
ENSMUSG00000052837-B,4.698900418805928,7.5946119796645535,7.691254780243884
ENSMUSG00000052951-B,0.0,1.964386763254362,2.2344845923790824
ENSMUSG00000053279-B,7.873387265558408,7.314556057708602,7.754519001217338
ENSMUSG00000053358-B,2.246663788354165,1.2935081824757793,0.9459719702367412
ENSMUSG00000053768-B,6.77649081891284,6.484223072103106,6.901956010337463
ENSMUSG00000054519-B,1.8062115994418957,1.667597390739755,2.7134578716552697
ENSMUSG00000054920-B,6.709220819725195,6.484223072103106,6.7611844298752874
ENSMUSG00000055239-B,7.072552444374812,7.391388852255744,7.109778231151236
ENSMUSG00000055639-B,4.302260943910391,5.4769330733696515,5.673281182073652
ENSMUSG00000055818-B,2.856601009838485,1.667597390739755,2.2344845923790824
ENSMUSG00000055945-B,8.76658709312876,8.355472842133626,8.573114719496624
ENSMUSG00000056071-B,0.0,0.7871122724200131,0.9459719702367412
ENSMUSG00000056116-B,4.207939041009724,4.554228205452251,4.538269502023748
ENSMUSG00000056411-B,0.0,0.0,1.51246595043351
ENSMUSG00000056423-B,0.0,1.964386763254362,0.9459719702367412
ENSMUSG00000056737-B,0.0,2.420536794691922,2.4937579377882537
ENSMUSG00000056770-B,8.158276031962954,7.926924945026043,7.803205889510584
ENSMUSG00000056900-B,6.7599650899646555,6.507422103002114,6.460901724738217
ENSMUSG00000057322-B,10.00472673044897,10.240645717630208,10.184553526354458
ENSMUSG00000057440-B,4.698900418805928,4.682066304541401,4.479565985314829
ENSMUSG00000057455-B,8.659290322304015,7.86540808855762,8.161675082794362
ENSMUSG00000057531-B,6.173346947007079,7.378864190695344,7.100068264598777
ENSMUSG00000058400-B,0.0,2.2104153203182793,2.2344845923790824
ENSMUSG00000058897-B,7.163317183477301,5.86601135278382,6.120185831027147
ENSMUSG00000059447-B,5.441379412747367,5.811134208143242,5.957638372631451
ENSMUSG00000059669-B,5.117386261296756,4.976176315776484,5.178176084065701
ENSMUSG00000059674-B,2.246663788354165,2.766581548621033,2.904080281226693
ENSMUSG00000060424-B,6.65662643652856,7.926924945026043,7.729545223387481
ENSMUSG00000061039-B,0.0,0.7871122724200131,0.9459719702367412
ENSMUSG00000061535-B,0.0,1.2935081824757793,1.918179767477204
ENSMUSG00000061983-B,10.19960546243937,10.356962770326744,10.15320397999167
ENSMUSG00000062380-B,10.29445620664095,9.67475563092159,9.755697598542527
ENSMUSG00000062470-B,1.8062115994418957,2.2104153203182793,1.918179767477204
ENSMUSG00000062661-B,8.694501127538887,8.501268961083442,8.826713177999999
ENSMUSG00000062704-B,1.169035828833055,2.766581548621033,2.2344845923790824
ENSMUSG00000063049-B,6.7599650899646555,6.975058289318222,6.809650625237836
ENSMUSG00000063077-B,10.600867026605432,9.830036713743988,9.99716249460597
ENSMUSG00000063409-B,2.856601009838485,0.0,0.0
ENSMUSG00000063681-B,3.0860503698190223,2.6039096794870713,0.9459719702367412
ENSMUSG00000063870-B,9.399280900315016,8.698104866886975,8.790947910918103
ENSMUSG00000063931-B,5.117386261296756,5.734558491069334,5.978986927136198
ENSMUSG00000064128-B,3.613239691404382,2.6039096794870713,1.918179767477204
ENSMUSG00000064363-B,16.7350256513124,16.569329906515552,16.198661997387248
ENSMUSG00000066197-B,1.8062115994418957,2.420536794691922,3.599060216481229
ENSMUSG00000066441-B,6.293040248283962,6.33660237210884,6.366860711904826
ENSMUSG00000067279-B,7.28381158125321,7.39761064311595,7.541462736048413
ENSMUSG00000067768-B,1.169035828833055,0.0,1.51246595043351
ENSMUSG00000068154-B,3.613239691404382,3.8136381226818834,2.2344845923790824
ENSMUSG00000068220-B,5.0645360989299935,5.86601135278382,5.673281182073652
ENSMUSG00000068966-B,3.7534052432122857,4.9080769141305485,3.896978526200117
ENSMUSG00000070167-B,1.8062115994418957,0.7871122724200131,0.0
ENSMUSG00000070407-B,2.246663788354165,2.420536794691922,2.7134578716552697
ENSMUSG00000070527-B,1.8062115994418957,0.7871122724200131,2.2344845923790824
ENSMUSG00000070532-B,5.598344963007395,3.8862304070733424,4.84772591259785
ENSMUSG00000070687-B,1.169035828833055,2.766581548621033,3.072430133264163
ENSMUSG00000070806-B,1.8062115994418957,1.2935081824757793,0.9459719702367412
ENSMUSG00000070953-B,6.0428174832780135,5.918877350295896,6.3829660986537995
ENSMUSG00000071648-B,4.766642199529245,4.761402889222107,4.9377004768361745
ENSMUSG00000071661-B,1.8062115994418957,0.7871122724200131,3.7053501275360574
ENSMUSG00000072809-B,3.0860503698190223,3.1670024629229987,0.9459719702367412
ENSMUSG00000072919-B,1.169035828833055,0.0,0.9459719702367412
ENSMUSG00000072964-B,6.7599650899646555,6.495869218096571,6.577453127983989
ENSMUSG00000073460-B,3.4579763234462466,0.7871122724200131,0.9459719702367412
ENSMUSG00000073680-B,9.43094331298446,8.6230928195579,8.844268723807966
ENSMUSG00000073795-B,2.246663788354165,1.2935081824757793,2.2344845923790824
ENSMUSG00000074215-B,3.4579763234462466,2.420536794691922,1.918179767477204
ENSMUSG00000074476-B,2.583628536214724,3.1670024629229987,3.3596425496849505
ENSMUSG00000074580-B,3.0860503698190223,2.766581548621033,1.51246595043351
ENSMUSG00000074646-B,0.0,0.7871122724200131,0.0
ENSMUSG00000074793-B,4.4742045144308165,1.2935081824757793,3.4843121650326756
ENSMUSG00000074811-B,3.7534052432122857,4.144796114547888,4.479565985314829
ENSMUSG00000074813-B,0.0,1.667597390739755,1.51246595043351
ENSMUSG00000075225-B,3.613239691404382,1.964386763254362,1.51246595043351
ENSMUSG00000078435-B,3.998499203171392,2.9127557664605015,3.223171867782088
ENSMUSG00000079043-B,3.7534052432122857,4.144796114547888,3.3596425496849505
ENSMUSG00000079083-B,5.009676017117655,4.836603082234361,4.701279104566726
ENSMUSG00000079157-B,8.77894250449494,8.560696650612346,8.46378924988167
ENSMUSG00000081683-B,5.635055911566559,3.0454726310430704,3.223171867782088
ENSMUSG00000083153-B,2.856601009838485,1.667597390739755,0.0
ENSMUSG00000083307-B,2.583628536214724,1.2935081824757793,1.51246595043351
ENSMUSG00000084375-B,0.0,1.667597390739755,0.9459719702367412
ENSMUSG00000085007-B,1.169035828833055,5.133563433718795,5.062942950002011
ENSMUSG00000085111-B,0.0,1.964386763254362,0.0
ENSMUSG00000085382-B,1.8062115994418957,0.0,0.0
ENSMUSG00000086034-B,0.0,2.420536794691922,0.9459719702367412
ENSMUSG00000086109-B,0.0,0.0,0.0
ENSMUSG00000086213-B,0.0,0.7871122724200131,0.0
ENSMUSG00000086732-B,0.0,1.2935081824757793,1.51246595043351
ENSMUSG00000087067-B,2.246663788354165,0.0,1.918179767477204
ENSMUSG00000087141-B,6.871856868324111,7.110004112115451,7.248091481866044
ENSMUSG00000089940-B,0.0,1.2935081824757793,0.0
ENSMUSG00000090862-B,9.681834335413123,9.655414159305945,9.760328654058942
ENSMUSG00000091387-B,3.283965590594543,3.570979513350055,4.143781507307443
ENSMUSG00000092094-B,4.302260943910391,2.2104153203182793,2.4937579377882537
ENSMUSG00000092417-B,6.0152321201233825,5.811134208143242,5.724738556984264
ENSMUSG00000093720-B,0.0,0.0,0.9459719702367412
ENSMUSG00000094344-B,1.169035828833055,2.2104153203182793,1.51246595043351
ENSMUSG00000095845-B,0.0,2.420536794691922,0.9459719702367412
ENSMUSG00000096606-B,1.169035828833055,2.2104153203182793,3.4843121650326756
ENSMUSG00000096917-B,2.583628536214724,2.420536794691922,1.51246595043351
ENSMUSG00000096971-B,0.0,1.2935081824757793,0.0
ENSMUSG00000097061-B,4.952647074754181,4.761402889222107,5.062942950002011
ENSMUSG00000097403-B,0.0,1.667597390739755,1.918179767477204
ENSMUSG00000097595-B,1.8062115994418957,1.2935081824757793,1.918179767477204
ENSMUSG00000097666-B,0.0,0.0,1.51246595043351
ENSMUSG00000097781-B,2.246663788354165,2.6039096794870713,0.0
ENSMUSG00000098132-B,2.246663788354165,1.2935081824757793,3.072430133264163
ENSMUSG00000098447-B,1.169035828833055,0.7871122724200131,1.918179767477204
ENSMUSG00000098789-B,0.0,1.667597390739755,2.4937579377882537
ENSMUSG00000099098-B,0.0,1.667597390739755,3.072430133264163
ENSMUSG00000100680-B,2.583628536214724,2.420536794691922,2.2344845923790824
ENSMUSG00000101225-B,1.8062115994418957,2.766581548621033,3.3596425496849505
ENSMUSG00000102692-B,1.8062115994418957,0.7871122724200131,0.9459719702367412
ENSMUSG00000103123-B,3.998499203171392,1.667597390739755,0.9459719702367412
ENSMUSG00000103486-B,1.169035828833055,2.2104153203182793,0.9459719702367412
ENSMUSG00000103755-B,0.0,0.7871122724200131,0.9459719702367412
ENSMUSG00000104399-B,1.169035828833055,0.7871122724200131,0.0
ENSMUSG00000104411-B,2.583628536214724,0.7871122724200131,0.0
ENSMUSG00000105139-B,2.583628536214724,0.0,1.51246595043351
ENSMUSG00000105471-B,0.0,2.6039096794870713,0.9459719702367412
ENSMUSG00000105867-B,4.107016405932684,5.986480559142748,5.798638859530653
"(2,5-Dimethoxyphenyl)acetone",15.564115838261685,16.027442504336406,15.39656988471546
"(2R)-Pyrrolidine-1,2-dicarboxylic acid, bis(tert-butyldimethylsilyl) ester",21.03415127487163,19.36205780789064,19.044780457273152
(4-Fluorophenyl)phenylmethanol,,,
"(9H-fluoren-9-yl)methanol, O-methoxycarbonyl-",27.439594575526513,28.328763097489578,28.220824986859178
"3,4,5-Trimethoxyamphetamine",23.77270330773383,24.059471680211118,23.584213588252027
Oxypeucedanin,,,
"1-(1-Hydroxybutyl)-2,5-dimethoxybenzene ",26.8471068534773,26.124112340107267,25.96252317418443
"1-(2,4-Dimethoxyphenyl)-propan-2-one",18.47862430573336,18.76637914203081,17.917954706335404
"1-(2,5-Dimethoxyphenyl)-1-[(trimethylsilyl)oxy]propan-2-amine",24.304911461865277,25.58298494600797,24.69908251133796
"1-(4-Methoxyphenyl)-4,6-dimethyl-2(1H)-pyrimidinone",20.159049269761585,21.03415127487163,21.89766089201072
1-(Cyclohexylmethyl)-4-piperidinylamine,15.925482683255618,,7.5486253233047425
1-(tert-Butyldimethylsilyl)-4-methyl-1H-pyrazole,18.816900848646988,19.236639097669983,18.145516841146943
"1,2,4-Butanetriol, (S)",,,
"1,2-Benzenedicarboxylic acid, butyl octyl ester",,,
"1,2-Bis(trimethylsiloxy)cyclohexene",19.90628699179653,,17.044039991717742
"1,2-Cinnolinedicarboxylic acid, 1,2,3,5,6,7,8,8a-octahydro-4-trimethylsilyloxy-, diethyl ester",,11.999708944648896,13.019379474962212
"1,2-Cyclohexanediol, (Z)",17.313901308851932,17.259371352214917,16.548397760488008
"1,3-Butanediamine",,,
"1,3-Oxazolidine, 2,5-diphenyl-4-methyl-, trans-",28.139723574834868,28.73936053878384,27.78907181958203
"1,3-Propanediol",,,
10-Undecynoic acid,,,
"13-Docosenamide, (Z)",,,
1-Butanol,,27.92524459775121,27.084943944408092
"1-Heptanol, 2-propyl-",,,
1-Hexacosanol,,,
1-Octadecanol,10.589741767314072,,3.026346101989217
"1-Octanol, 2-butyl-",25.96252317418443,26.200929917790297,25.792817913981178
"1-Pentene, 1,3-diphenyl-1-(trimethylsilyloxy)-",,,33.78547332532239
"2(1H)-Quinolinone, 3-[3-(4-methoxyphenyl)-1-oxo-2-propen-1-yl]-4-phenyl",,,
"2(5H)-Furanone, 4-(hydroxymethyl)",18.76637914203081,18.964499198463745,18.929456495102794
"2-(Ethylamino)ethanol, N-acetyl",32.00781944442083,32.65987336076064,31.668951186609984
2-(Methylamino)ethanol,26.124112340107267,27.004989997162102,25.741137750046672
"2,2'-Bipyridine",21.278227382097498,21.566275994088834,20.85775323035948
"2,3-Butanediol, O-(trimethylsilyl)-, monoacetate",17.79122014145856,17.96713333278627,17.79122014145856
"2,3-Dihydroxybutanoic acid",33.78547332532239,33.78547332532239,32.00781944442083
"2',3'-Di-O-acetyladenosine",,6.033603261326803,2.229733197380392e-06
"2,4,4'-Trihydroxybenzophenone",19.977070348849676,20.239280036683237,18.206837600992994
"2,4,6-Cycloheptatrien-1-one",24.69908251133796,,23.953297105679837
"2,4-Dihydroxyacetophenone",,,
"2,4-Dimethoxybenzaldoxime",,,
"2,4-Di-tert-butylphenol",22.991190162689342,23.53191592986123,22.81629933915454
"2,4-Imidazolidinedione, 5,5-dimethyl",20.349076790547734,21.278227382097498,18.47862430573336
"2,5-Bis((tert-butyldimethylsilyl)oxy)-4,4-dimethyl-4H-imidazole",19.511528355008892,18.572420897099427,
"2,5-Dimethoxybenzhydrazide",25.248245599251963,25.313618060977973,25.404802973180967
"2,5-Dimethoxybenzonitrile",20.53009211757007,21.151328125650927,20.6292687562774
"2,5-Dimethoxyphenol",23.870386627878066,24.241680361020343,23.99000942053065
"2',5'-Dimethoxypropiophenone",25.6563659490016,26.341187662588105,26.45236086775373
"2,6-di-tert-Butyl-4-(dimethylaminomethyl)phenol",,,20.349076790547734
"2-Allyl-1,4-dimethoxybenzene",25.58298494600797,26.023750424771674,25.58298494600797
2-Amino-4-methylbenzophenone,17.96713333278627,18.007855678299716,19.192546564593975
2-Aminoquinolin-8-ol,,,24.13416838153767
2-Butanol,,,
2-Buten-1-ol,21.151328125650927,20.715974098065832,
"2-Butene-1,4-diol",20.6292687562774,16.38716185479659,
2-Butenedioic acid,24.491789288861316,25.248245599251963,25.140663431027427
"2-Butenoic acid, 3-[(tert-butyldimethylsilyl)oxy]",26.341187662588105,26.50296267227539,26.96160059936936
2-Butoxyethanol,14.22183651652919,15.564115838261685,11.053448878828174
2-Cyanobenzaldehyde,,,
"2-Cyclohexen-1-one, 3-methyl-6-(1-methylethyl)",19.82917893481498,18.87000098295748,19.41868971884918
"2-Cyclohexen-1-one, 3-methyl-",21.49512426745769,22.017772579784815,21.278227382097498
2-Decanol,18.697253042531315,19.192546564593975,18.007855678299716
2-Ethyl-1-butanol,20.85775323035948,,20.437043584347983
2-Ethylhexanoic acid,26.567254262059528,26.567254262059528,26.06651650878252
2-Ethylhexanol,,,
"2-Furancarbodithioic acid, methyl ester",,,
2-Furoic acid,17.044039991717742,17.128341573761485,15.684213392506413
2-Hexanol,25.741137750046672,25.792817913981178,26.50296267227539
"2'-Hydroxy-2,4,4',5-tetramethoxychalcone",,13.019379474962212,4.357485352481382
"2-Hydroxy-2',4',6'-trimethoxychalcone",,,
2-Hydroxy-3-methylbutyric acid,8.959893012120766,10.589741767314072,2.0053360546098284
"2-Hydroxymethyl-17alpha-methylandrosta-1,4-diene-11alpha,17beta-diol-3-one",,,
2-Isopropyl-5-methyl-1-heptanol,,,
"2-Methyl-1,3-butanediol",22.81629933915454,23.072538359028545,22.262186034564476
2-Methyl-3-pentanol,16.700122639813483,18.090663406345644,
"2-Methylcyclohexanol, (Z)",16.954735439681233,16.954735439681233,15.564115838261685
"2-Methylcyclohexylamine, tert.-butyldimethylsilyl ether",21.89766089201072,,21.42405899916408
2-Naphthol,16.267931772699097,16.78619280811605,15.267001008214582
2-Norbornanemethanol,,,25.89217197325309
"2-Oxiraneethanol, 2-t-butyldimethysilyloxymethyl- acetate",,,
2-Pentadecanone,5.2319467103497415,7.5486253233047425,0.3939723285303532
"2-Pivaloyl-1,3-indandione",,,
2-Propyl-1-pentanol,23.35257549176473,23.29594091395716,22.430766960994436
2-Pyrrolidone-5-carboxylic acid,29.43670460039806,31.668951186609984,29.43670460039806
"2-Thiophenecarboxylic acid, 4-cyanophenyl ester",,,
"3-(4,7-Dimethoxy-2H-1,3-benzodioxol-5-yl)-2-methylprop-2-enal",21.63965483051689,21.811268708817973,21.70761198277439
3-(4-Methoxyphenyl)coumarin,,,
"3,3-Bis{4-[(trimethylsilyl)oxy]phenyl}-2-benzofuran-1(3H)-one",,,
"3,3-Dimethylacrylic acid",,,22.336032499821254
"3,4-Dihydroxybenzaldehyde",,,
"3,4-Methylenedioxyamphetamine",27.084943944408092,,
"3,5-Dimethoxy-4-(tert.-butyldimethylsilyl)oxybenzaldehyde",,,
"3,5-Dimethylphenol",14.021419364841742,14.91150018039568,11.432133533201073
3-Amino-5-methylisoxazole,22.92787490413422,23.222075930761207,22.663346963173684
3-Aminobenzoic acid,22.76118107855382,24.491789288861316,21.03415127487163
3-Buten-2-one,17.73101607564761,18.206837600992994,17.128341573761485
3-Heptanol,23.072538359028545,22.262186034564476,22.991190162689342
"3-Hydroxy-7,3',4',5'-tetramethoxyflavone",,,
3-Hydroxymethyl-2-trimethylsilyloxypentane,,,13.17498269461429
3-Methyl-3-buten-1-ol,15.39656988471546,,16.027442504336406
3-Nonene,,,
3-Phenyl oxindole,,,
"4,4'-Dichlorobenzophenone",,,
"4,5-Dihydro-1H-pyrazole",25.140663431027427,,25.248245599251963
"4-[2-(4,7-Dimethoxy-2H-1,3-benzodioxol-5-yl)ethenyl]-2-methoxyphenol",20.944682697362236,21.9535073039897,20.53009211757007
4-Aminobutanoic acid,18.145516841146943,17.73101607564761,13.783405868376022
4-Hydroxybutanoic acid,,,
4-Methoxyphenol,,,28.504702814838293
"4-Methylquinoline-2,7-diol",,,
4-Methylvaleric acid,19.791251716821705,18.929456495102794,18.40008695193352
4-Oxohexanoic acid,18.87000098295748,19.626871308510992,18.090663406345644
"4-Phenyl-2,3-dihydro-1H-1,5-benzodiazepin-2-one",,,
4-tert-Butyldimethylsiloxy-3-penten-2-one,,,
5-Aminovaleric acid,,,
5-Azacytosine,18.527065735233002,18.697253042531315,16.700122639813483
"5-Chlorovaleric acid, nonyl ester",23.920579189958964,24.13416838153767,23.417291798715073
"5-Ethyl-1,3-dioxane-5-methanol, tert-butyldimethylsilyl ether",,21.36156896985457,22.54252442178061
5-Ethyl-5-methylnonadecane,,,
5-Hydroxy-7-methoxy-2-methyl-3-phenyl-4-chromenone,16.10708189958663,26.96160059936936,
5-Nitroso-8-quinolinol,24.187462616991436,,
"5-Nonanol, tert-butyldimethylsilyl ether",19.55840932952848,19.90628699179653,18.76637914203081
5-Oxohexanoic Acid,19.236639097669983,17.79122014145856,18.572420897099427
"6,7,4'-Trihydroxyisoflavone",16.894290018224726,17.313901308851932,16.10708189958663
"6-Aminocaproic acid, N-(tert.-butyldimethylsilyl)",16.207484324420978,16.207484324420978,14.91150018039568
"6-Methoxy-1-methyl-1,2,3,4-tetrahydroisoquinolin-7-ol ",26.06651650878252,,26.387010738920857
6-Methyluracil,19.36205780789064,20.53009211757007,17.73101607564761
6-Nitroveratryl alcohol,18.090663406345644,,
6-Oxoheptanoic acid,21.36156896985457,21.42405899916408,20.776972835570746
"7(S),17(S)-Dihydroxy-8(E),10(Z),13(Z),15(E),19(Z)-docosapentaenoic acid",11.73344589311528,,
7-Hydroxy-4-(methoxymethyl)coumarin,,,
8-Acetyl-7-hydroxycoumarin,,,
8-Methylnonanoic acid,23.674356384455788,23.953297105679837,23.484143310267747
"9,12-Octadecadienoic acid (Z,Z)",,,23.82958488643099
9-Ethyl-N-(trimethylsilyl)-9H-carbazol-3-amine,,,
"9H-Xanthen-9-one, 1-hydroxy-3,5,6-trimethoxy",,,
"9Z-Octadecenoic acid, (2S)-3-[(hydroxymercaptophosphinyl)oxy]-2-methoxypropyl ester ",,,
Acetic acid,36.317196840651846,36.317196840651846,36.317196840651846
Aceturic acid,,24.854862067442433,24.241680361020343
Aconitic acid,23.584213588252027,23.99000942053065,24.304911461865277
Adenine,14.6579166018199,15.684213392506413,10.589741767314072
Adipic acid,,,
Adipoyl-L-carnitine,,19.044780457273152,17.605330159289814
alpha-Hydroxyisobutyric acid,15.794924887690241,15.925482683255618,
Allylescaline,32.65987336076064,30.172391027732196,31.21036514314471
Aminoguanidine,,22.176682287677355,
Aniline,18.40008695193352,18.816900848646988,17.313901308851932
Azelaic acid,19.12715709241501,19.977070348849676,18.527065735233002
"Aziridine, 1-(2-buten-2-yl)",,,
"Benz[a]anthracene-1,7,12(2H)-trione, 3,4-dihydro-8-hydroxy-3-methyl-, (3S)",,,
"Benz[c]acridine, 5,10-dimethyl",,,
"Benzaldehyde, 2,5-dimethoxy",36.988835603124244,36.988835603124244,36.988835603124244
"Benzene, 1,4-dimethoxy",21.811268708817973,22.430766960994436,21.63965483051689
"Benzene, 1-acetoxy-2,6-dimethoxy-4-(2-propenyl)",,,
"Benzene, 1-ethyl-3,5-dimethyl",,,22.176682287677355
Benzeneacetic acid,,,
Benzenepropanoic acid,23.616437364521392,22.76118107855382,23.870386627878066
"Benzenesulfonamide, N-butyl",13.783405868376022,14.6579166018199,8.64390924178897
"Benzoic acid, 2-hydroxy-3-[(2-hydroxy-4-methoxy-6-propylbenzoyl)oxy]-4-methoxy-6-propyl-, methyl ester ",28.73936053878384,29.43670460039806,28.597049460306497
"Benzoic acid, methyl ester",23.417291798715073,23.82958488643099,23.222075930761207
Benzoic Acid,28.504702814838293,29.754289059653733,28.863827445577932
Benzophenone,14.91150018039568,14.22183651652919,12.340219003345359
Benzyl alcohol,24.952119430962735,25.140663431027427,24.419963405671634
Biphenyl,22.262186034564476,21.89766089201072,21.49512426745769
Butachlor ESA,4.357485352481382,6.637474595960846,0.05189771597557891
Butanedioic acid,30.370043719919497,30.573336989554633,29.754289059653733
Butylmethylamine,23.71999917837554,24.187462616991436,23.71999917837554
Butyric Acid,27.004989997162102,27.78907181958203,26.567254262059528
Chlorobenzilate ,26.96160059936936,24.617441356369007,
Cholesterol,21.566275994088834,22.60513085670781,18.87000098295748
cis-2-Decenoic acid,,,
Citramalic acid,13.019379474962212,14.77794148459306,11.999708944648896
Crotonic acid,22.54252442178061,22.991190162689342,19.723751953711417
Curcumin,17.259371352214917,17.044039991717742,16.207484324420978
Cyclobutylamine,24.854862067442433,25.741137750046672,25.050447238005177
Cyclocurcumin,,,
Cycloheptanol,22.60513085670781,22.81629933915454,22.10136387655403
"Cyclohexanone, 3,3,5-trimethyl",22.336032499821254,23.71999917837554,22.76118107855382
Cyclooctylamine,24.241680361020343,25.050447238005177,24.791158461587774
"Cyclopentaneacetic acid, 3-oxo-2-pentyl-, methyl ester",19.723751953711417,19.12715709241501,18.299161313868307
"Cytosine, N-(tert-butyldimethylsilyl)-",12.73466395698144,14.44344997303848,6.637474595960846
Desmethylverapamil,,25.89217197325309,
Diacetyl monoxime,17.67570612907752,17.917954706335404,16.78619280811605
Dibutyldodecylamine,,,
Diclofenac,,17.420656950089175,15.794924887690241
Diethylamine,18.994720196960333,19.55840932952848,18.697253042531315
DL-Glyceraldehyde,26.269939079141064,26.269939079141064,26.124112340107267
DL-p-Hydroxyphenyllactic acid,17.128341573761485,18.47862430573336,16.649394651426014
"Dodecanoic acid, 1-methylethyl ester",11.999708944648896,13.487298878543296,5.4519271051056934
Dodecanoic acid,23.53191592986123,23.616437364521392,23.29594091395716
"D-Streptamine, O-6-amino-6-deoxy-alpha-D-glucopyranosyl-(1-4)-O-(3-deoxy-4-C-methyl-3-(methylamino)-beta-L-arabinopyranosyl-(1-6))-2-deoxy-",4.918347381516455,8.64390924178897,0.5989360822462241
Durapan,16.649394651426014,17.605330159289814,11.73344589311528
"Erythrono-1,4-lactone",24.13416838153767,23.870386627878066,23.77270330773383
Ethanolamine,29.092836196046683,29.199493510442178,29.199493510442178
Formamide,31.668951186609984,32.00781944442083,30.7823453433383
Frangulin,6.637474595960846,,0.9266751030624765
Glabridin,,,16.38716185479659
Glyceric acid,,,
Glycerol,16.027442504336406,15.794924887690241,13.487298878543296
Glycine,27.92524459775121,27.084943944408092,26.269939079141064
"Glycine, tert.-butyldimethylsilyl ester",29.199493510442178,29.092836196046683,28.328763097489578
Glycolic acid,27.706069701939082,28.863827445577932,27.92524459775121
Guanosine,18.206837600992994,12.73466395698144,17.420656950089175
Heptanedioic acid,,,
Heptanoic acid,24.617441356369007,24.69908251133796,24.059471680211118
Heptylamine,13.17498269461429,14.021419364841742,6.033603261326803
Hexacosanoic acid,11.432133533201073,,4.918347381516455
Hexanoic acid,26.50296267227539,26.8471068534773,26.200929917790297
Hydracrylic acid,23.82958488643099,23.920579189958964,23.674356384455788
Hydroxylamine,,,26.341187662588105
"Hymexazole, tert-butyldimethylsilyl ether",24.791158461587774,25.96252317418443,24.491789288861316
Hypoxanthine,26.779800290688794,27.439594575526513,25.6563659490016
Iminodiacetic acid,5.7610837394771846,11.053448878828174,2.6473235787985914
Indoprofen,,,
Isobutanol,17.504940337930993,17.504940337930993,18.964499198463745
Isonicotinic Acid,26.023750424771674,26.45236086775373,25.491807134917025
Isopropyl palmitate,11.053448878828174,13.17498269461429,5.2319467103497415
Isopropylamine,25.404802973180967,24.791158461587774,27.004989997162102
Isosorbide,,,
Ketamine,30.573336989554633,30.942609521468622,29.976899253025323
"Kojic acid, bis(tert-butyldimethylsilyl) ether",20.060474603176946,20.437043584347983,16.954735439681233
L-(+)-Threose,,,
Lactic acid,30.172391027732196,,30.370043719919497
L-Alanine,8.203468926465137,8.203468926465137,0.5410740830618447
L-Asparagine,,,
L-gamma-Glutamyl-L-glutamic acid,,,
Leucylglycine,21.9535073039897,18.145516841146943,21.566275994088834
Levulinic acid,23.953297105679837,24.304911461865277,23.616437364521392
L-Glutamic acid,20.437043584347983,,19.626871308510992
L-Glutamine,7.5486253233047425,8.959893012120766,0.06717705530095545
"L-Histidine, N,1-bis(tert-butyldimethylsilyl)-",24.419963405671634,25.6563659490016,24.361767611067528
Lignoceric acid,16.548397760488008,16.894290018224726,15.925482683255618
L-Leucine,19.192546564593975,20.060474603176946,18.994720196960333
"l-Leucine, n-butoxycarbonyl-N-methyl-, hexadecyl ester",30.7823453433383,,32.65987336076064
L-Lysine,24.059471680211118,23.584213588252027,23.35257549176473
L-Norleucine,28.022288157553156,,
"l-Norvaline, n-propargyloxycarbonyl-, isohexyl ester",28.597049460306497,,28.73936053878384
L-Ornithine,,,24.187462616991436
L-Pyroglutamic acid,,,20.060474603176946
L-Serine,,,19.236639097669983
L-Threonine,,19.311341046599278,
L-Tryptophan,12.340219003345359,15.267001008214582,8.959893012120766
L-Tyrosine,,27.21934825959647,25.313618060977973
Luciferin,5.4519271051056934,11.73344589311528,
Lupinine,,,19.82917893481498
L-Valine,22.663346963173684,23.151992757960304,21.811268708817973
L-Val-L-Leu,,,
Malic acid,22.10136387655403,21.49512426745769,19.90628699179653
Maltol,,,
Methanesulfonic acid,22.430766960994436,23.674356384455788,19.55840932952848
Methyl lactate,17.917954706335404,17.67570612907752,17.504940337930993
Methylsuccinic acid,,,
Methylthiouracil,22.017772579784815,22.663346963173684,20.239280036683237
Mevalonolactone,19.41868971884918,19.41868971884918,19.36205780789064
Monocaproin,26.651849462366915,27.60464096162688,
m-Toluic acid,17.420656950089175,17.848056725654924,16.267931772699097
Myristic acid,20.715974098065832,20.6292687562774,19.977070348849676
"N,N-Dimethyl-2-aminoethanol",28.863827445577932,30.370043719919497,
"N-[(3,4,5-Trimethoxyphenyl)methylidene]hydroxylamine",,,
N-Acetylaminoethanol,30.942609521468622,31.21036514314471,30.942609521468622
N-Acetylaspartic acid,19.626871308510992,19.723751953711417,16.894290018224726
N-Acetyl-L-alanine,18.929456495102794,19.511528355008892,19.12715709241501
"Naringenin 4',7-dimethylether",17.605330159289814,19.82917893481498,17.96713333278627
N-Caffeoyl-O-methyltyramine,8.64390924178897,11.432133533201073,3.515329454763203
N-Ethylamphetamine,27.21934825959647,,27.21934825959647
N-Ethyldiethanolamine,23.151992757960304,22.54252442178061,22.017772579784815
Niacin,16.78619280811605,16.10708189958663,14.021419364841742
Niacinamide,26.387010738920857,26.779800290688794,26.8471068534773
N-Isobutyrylglycine,26.200929917790297,23.484143310267747,26.023750424771674
N-Methyl-1-[(trimethylsilyl)oxy]-1-{4-[(trimethylsilyl)oxy]phenyl}propan-2-amine,13.487298878543296,15.02985544620005,8.203468926465137
N-Methylacetamide,26.45236086775373,26.651849462366915,26.651849462366915
Nonanoic acid,28.220824986859178,28.504702814838293,27.439594575526513
Norephedrine,29.754289059653733,28.139723574834868,28.022288157553156
Norketamine,6.033603261326803,10.101353297214947,1.8466198968201704
"Norleucine, N-trimethylsilyl-",,,
Octacosanol,25.050447238005177,,24.952119430962735
"Octadecanoic acid, octyl ester",,,
Octadecanoic acid,,,5.7610837394771846
Octanoic acid,25.491807134917025,26.06651650878252,
Octocrylene,,,
Oleamide,24.361767611067528,25.491807134917025,23.920579189958964
Oleic Acid,,,
Olomoucine,,,
Oxalic acid,29.976899253025323,29.976899253025323,29.092836196046683
"Oxalic acid, di(cyclohexylmethyl) ester",,,
"Oxymorphone, bis(trimethylsilyl) ether",,28.597049460306497,27.706069701939082
Palmitic Acid,,23.35257549176473,22.92787490413422
Pentadecanoic acid,25.792817913981178,,
Pentanedioic acid,,22.10136387655403,20.944682697362236
Pentanoic acid,23.484143310267747,23.77270330773383,23.072538359028545
"Phenol, 2,4-bis(1-methyl-1-phenylethyl)-",22.176682287677355,22.92787490413422,22.60513085670781
Phenol,28.328763097489578,27.706069701939082,28.139723574834868
Phenoxyethanol,23.29594091395716,24.419963405671634,23.151992757960304
Phosphoserine,,,
Phthalazin-1-one,,,
Phthalimide,,,
Phytanic acid,21.70761198277439,20.944682697362236,20.715974098065832
Picolinic acid,27.60464096162688,28.220824986859178,27.60464096162688
Pinosylvin,15.684213392506413,18.40008695193352,14.22183651652919
Pipecolic acid,20.776972835570746,20.776972835570746,20.159049269761585
"Piperazine, 1-(4-acetylphenylsulfonyl)-4-methyl-",,24.952119430962735,
Praziquantel,,,
Pro-Ala-Lys,,,
Prometryne,,,
"Propanoic acid, 3-[(tert-butyldimethylsilyl)oxy]-2-methyl-",23.222075930761207,,21.9535073039897
"Propanoic acid, dimethyl(isopropyl)silyl ester",18.964499198463745,18.994720196960333,17.259371352214917
Propanoic acid,18.299161313868307,22.336032499821254,
"Propionic acid, 3-iodo-, octadecyl ester",20.239280036683237,,
Propylene glycol,18.007855678299716,18.299161313868307,17.67570612907752
Prostaglandin,15.267001008214582,16.700122639813483,14.44344997303848
"Pyrazole[4,5-b]imidazole, 1-formyl-3-ethyl-6-beta-d-ribofuranosyl-",,,
"Quinoxaline, 2,3-diphenyl- ",27.78907181958203,,
Salsoline,15.02985544620005,13.783405868376022,10.101353297214947
Sarcosine,,16.548397760488008,14.77794148459306
Simetryn,,,
Spiroxamine,,21.63965483051689,21.36156896985457
Stearic acid,25.89217197325309,26.387010738920857,24.617441356369007
Suberic acid,19.044780457273152,19.791251716821705,18.816900848646988
Succinamide,,,
Sulindac,,20.85775323035948,19.791251716821705
Supraene,,23.417291798715073,23.53191592986123
Synephrine,19.311341046599278,20.159049269761585,19.311341046599278
Taurine,,,
tert-butyl(dimethyl)silyl-2-([tert-butyl(dimethyl)silyl]oxy)hex-2-enoate,,,
tert-Butylamine,,,30.172391027732196
"Tetrahydro[2,2']bifuranyl-5-one",,,26.779800290688794
Tetrahydro-solasodine triacetate,18.572420897099427,18.527065735233002,17.848056725654924
Theobromine,,,
Thymol,17.848056725654924,,15.02985544620005
Triethyl citrate,14.44344997303848,15.39656988471546,12.73466395698144
Trimethylolpropane,14.77794148459306,16.267931772699097,
Tromethamine,,20.349076790547734,19.511528355008892
Tyr-Val,,28.022288157553156,
Uracil,25.313618060977973,25.404802973180967,24.854862067442433
Urea,31.21036514314471,30.7823453433383,30.573336989554633
Vanillylmandelic acid,10.101353297214947,12.340219003345359,0.5371208932185699
"Weberine, 5-desmethoxy-",23.99000942053065,24.361767611067528,
Xylazine,21.42405899916408,21.70761198277439,21.151328125650927
Yangonin,16.38716185479659,16.649394651426014,14.6579166018199
