ID,896_DSS,T0.7_DSS,T0.8_DSS,3297_VECPAC,3679_VECPAC,3681_VECPAC,935_LPS,936_LPS,937_LPS,941_LPS,942_LPS,943_LPS
ENSMUSG00000027374-P,6.50496586674294,5.910311749663849,6.885563890964352,6.649287211316158,6.559474122283782,6.6174685627395045,6.615488087556025,6.359462826882996,6.731443787784425,6.825285165053963,6.575085749865443,6.844618859895456
ENSMUSG00000042626-P,4.232267354256176,3.5312132431986103,4.737738392123119,4.847138132682166,5.03847880351046,5.709962718837696,5.307449543185963,4.942038178517604,5.701403726240479,4.977680582447654,4.298104939536926,4.252640047634348
ENSMUSG00000055681-P,7.675039560506247,7.911320963527596,7.865703314104701,7.6876608556954285,7.846269615260247,7.437713922998197,7.813033015219128,8.098378958470615,7.988953557785727,7.597582104243076,7.881908069644026,7.838328791566402
ENSMUSG00000028412-P,6.303022613945795,6.948476592165153,6.326896664973563,6.342392431618777,6.488108530361115,4.923132308808885,6.348901173749178,5.896719670711514,6.316120126028523,6.241576125946,6.560138125621913,6.534500861155465
ENSMUSG00000054484-P,4.47147194203123,5.324676047276037,4.961030935308618,4.999484889422392,5.254586462582506,4.1295756828041315,5.043665381412245,5.024242728639026,4.943465455302347,4.451172027377437,5.0631190143554665,4.700947400377628
ENSMUSG00000024425-P,9.880247139238056,10.251128278311183,9.69995942305578,9.724923307080068,10.083702297772543,9.520601257603044,10.20318773482849,9.934885311451852,10.085541281076145,9.764368204662478,9.939278230770716,9.770732416319294
ENSMUSG00000032216-P,10.7248211386656,10.527861009187651,10.298482809513397,10.53440873619768,9.786851520330211,9.942335790465384,9.469733113266724,9.086207746032446,9.999748644781958,10.017771273042875,10.416836928576156,10.344391847531782
ENSMUSG00000025979-P,7.384442664679167,7.554069914600203,7.965747383223005,7.570896812323954,7.504367489962307,7.075341491119768,7.599934293538317,7.798938682665896,7.672961357874305,7.874260836503107,7.35876785617645,7.238929229176315
ENSMUSG00000051343-P,5.547148967576114,5.749688705337369,5.710445808937475,5.263034636753109,6.360712035010066,5.304083292016831,5.043665381412245,5.024242728639026,5.671619863072131,5.417812516162077,5.0631190143554665,5.0424752552067345
ENSMUSG00000035443-P,8.61025890516807,8.711569294317053,8.46236903904721,7.915452845223526,8.469843004370246,8.653154603177404,8.624707318395737,8.486953234967084,8.476206920526254,8.234914748730626,8.208615782460724,8.324456786242296
ENSMUSG00000028991-P,5.974033007845808,6.206954718790918,5.989310299083667,6.16039032864299,6.463513340827871,6.180215210348189,6.2267499791404335,6.632728042457236,6.064363292374095,5.85806032627422,6.2040681132011395,6.445306768518016
ENSMUSG00000036948-P,5.258688447768312,5.120836548556326,6.244311273730956,5.61723153645693,6.278499046512376,6.534285623980695,6.798145964744758,6.001904191842039,6.774113126984875,6.441387448538115,6.279013089628651,6.13893452079274
ENSMUSG00000033900-P,6.596240018032795,6.054829852279387,6.965074548233909,7.060727042973199,6.7029596052207445,5.942819859974084,6.3874232372913085,6.851166333688574,6.595297338780084,7.343187726400538,7.350103907851755,7.198560098846078
ENSMUSG00000041936-P,4.356821614027285,2.875129551690155,4.320598421947695,3.896410477907952,5.1035962704463325,5.807659781039243,5.753228359186448,5.345294605051995,5.814746626998824,5.214466084194152,4.676324781005206,5.159263134006526
ENSMUSG00000034584-P,2.793193551827114,1.0399210909765384,2.7187049314574803,1.6494513886902091,0.0,3.0591668457024253,3.588413176024308,4.028615856195515,1.644524637198008,3.410658846623913,4.3684340633204695,3.222863846480197
ENSMUSG00000068921-P,5.2902722705515055,6.186180275763554,5.581822928035971,6.001030361990174,6.176259726847314,6.446011476171514,5.782429735667016,5.852400307614175,6.513712606035222,6.301543691787303,5.975307404046377,5.749456405487739
ENSMUSG00000049670-P,4.938197499381258,2.385282137693864,4.320598421947695,5.263034636753109,5.608734042719881,4.5238588630139445,5.181577911249507,5.783258962668004,5.173383165887978,4.8629553682010584,5.434918702122314,4.915393872976637
ENSMUSG00000044224-P,6.012414969129594,6.677889559275795,6.087331193886346,5.648301312529237,5.071404898451995,5.807659781039243,4.891162234118836,5.939718030230672,4.543972575687705,5.837951504031949,6.062746991028016,6.248448553326723
ENSMUSG00000030216-P,7.675039560506247,8.117394690981925,7.357712407761936,7.264965529527214,6.400125900474279,6.562549541177046,6.329247423936927,6.50970779403364,6.354117710036407,6.751954012747458,6.940898759950688,6.945642350481263
ENSMUSG00000071072-P,7.221979697164291,7.227974387724399,7.524474121970149,7.587022258759978,7.127635657207253,7.3267379546406755,7.378780750422187,7.612211160859154,7.237588588812777,7.492159127041547,7.458869182813468,7.341363895940468
ENSMUSG00000021243-P,6.303022613945795,5.910311749663849,7.146563278657072,6.915043026500959,6.033172581451193,6.818357173451681,7.462354266180769,7.302045855505167,6.041257694906058,7.579529040479794,6.905856790644351,7.128661778450114
ENSMUSG00000016495-P,5.59851402558366,4.244427258259998,5.2420913129651465,4.950468643575782,4.784197321922532,2.7007023697212773,4.994600610353493,4.762084009432767,5.545926290761863,5.471009825516781,5.297472671066822,5.26730081503223
ENSMUSG00000026803-P,6.206999609854352,5.163973699473649,5.512938895848565,5.553009586529424,4.61585078838867,7.188484979036001,5.723423689788241,5.874730167948002,5.512714021628471,6.271871465536351,6.041378893527714,6.7359850352559345
ENSMUSG00000036188-P,5.648113003991458,6.553639072446206,5.937683736208367,5.0927875684481885,5.630992092682936,5.759638078590581,6.4433437939658145,6.001904191842039,5.512714021628471,6.162931855610215,5.882224354039638,5.9246719765045155
ENSMUSG00000068284-P,6.012414969129594,6.537327466754477,6.772237174073755,6.46960716842231,4.425232634826587,6.696115676779869,5.091116240655791,6.022051183825807,5.255985743248763,6.616861689478417,6.384600669736601,6.490593004100329
ENSMUSG00000033237-P,5.914474767210485,7.521270076509977,5.963727936145781,5.48579504648697,6.278499046512376,5.807659781039243,5.459827368535989,6.099938259092898,6.462451201305003,6.301543691787303,5.782718799196082,6.13893452079274
ENSMUSG00000063894-P,5.089482198528558,6.7784696542164165,4.611634412683991,4.483585706841648,4.702478185292994,4.1295756828041315,4.132832161798551,4.4414684486850105,4.083073932513149,4.451172027377437,4.3684340633204695,4.776027546772013
ENSMUSG00000027536-P,2.6050793803100993,1.0399210909765384,3.604739428120841,2.8897518575227275,3.629979818096817,3.346054709805881,3.449675285104147,0.0,3.0776820435059644,3.297408618726716,3.883488798682337,3.222863846480197
ENSMUSG00000069727-P,3.4813634719760502,1.0399210909765384,3.312157763979618,1.6494513886902091,0.0,0.0,2.4360270815356015,3.037322543347878,1.0449005473594477,3.5156624624613326,1.5682857555401204,2.99040787202365
ENSMUSG00000042118-P,3.8637402043734568,3.3930092982402096,4.544192630379789,3.0840644739229504,2.657829414999577,1.5027011960393286,2.1072261594039285,3.562485519943336,3.4017693127773,4.022756145667588,3.147646225708344,3.4230107876057687
ENSMUSG00000094002-P,0.8854767201948464,0.0,0.0,0.0,3.336894247939065,2.222636313675174,1.680660685039108,0.9269160351229908,0.0,0.8502888279616356,0.9875105484522038,0.0
ENSMUSG00000039253-P,7.309355775937218,7.345055888559737,7.327943704132036,7.55458908751013,6.7545569739422415,5.759638078590581,6.998087917929735,6.949117315711156,7.316692394232792,7.069047583252809,7.296998287804286,7.252138427119792
ENSMUSG00000031916-P,5.351438341732733,4.660532175221,6.179113860938536,6.2028656845377625,6.713427764125837,6.6174685627395045,6.247840314815037,6.8169802460896545,6.335244011574411,6.2568033162489805,5.560401671877235,6.248448553326723
ENSMUSG00000025477-P,6.633656368408126,6.750440818180258,6.9779104999035555,6.452106128462053,7.318010957827736,6.670373422567839,6.348901173749178,7.079803952557726,6.882088528746082,6.519217707550713,6.350256337756722,6.5979543869599
ENSMUSG00000036371-P,9.854067486572312,9.49650763815482,10.009088636847252,9.577353529069862,9.396514531352729,9.328236753847111,9.656783473764458,9.810092013446708,9.872983320660614,9.873351437015607,9.927678814663365,9.912668294219024
ENSMUSG00000094595-P,3.4813634719760502,2.875129551690155,4.676063785822748,2.39897591795433,3.224285379172325,2.7007023697212773,0.0,1.4866706657115965,1.644524637198008,3.410658846623913,2.5640862732757217,2.713165506010181
ENSMUSG00000041126-P,8.06567523409639,8.373143799393395,7.83781021354696,7.6876608556954285,7.592072132597041,7.582764427074931,7.820090992093833,7.80476518079776,8.22256673335395,7.960490298244009,8.093944134067621,7.793857961333414
ENSMUSG00000034064-P,6.50496586674294,5.984379634000111,6.514779113629807,6.724104754717817,6.333824915094227,7.114050326400051,7.310257662816774,6.099938259092898,7.237588588812777,6.194905824038242,6.6045242579786025,6.618500169311961
ENSMUSG00000004591-P,7.213767618436221,6.008247338509236,7.576036470106395,7.03744521454185,5.310819205510419,6.841609948557689,6.069797048200696,7.010908171459212,5.7305851300136235,7.446406395300333,7.392912534133613,7.303798025795707
ENSMUSG00000035295-P,3.4813634719760502,3.3930092982402096,3.955621760874324,1.6494513886902091,0.0,1.5027011960393286,1.0723621528571825,2.203147957548002,2.88349271729182,2.726838355924407,2.301892742392315,1.9179260834722285
ENSMUSG00000085558-P,3.8637402043734568,2.385282137693864,3.955621760874324,3.408323889312746,3.4413463201392127,0.0,3.449675285104147,3.037322543347878,3.2488069851981782,3.7913753794272904,3.5619819391917837,3.896656719144944
ENSMUSG00000057421-P,6.682081577245242,7.326190309514525,6.772237174073755,6.679681392755137,6.996628202954312,6.105341362990655,6.549074361566092,6.565682240695157,6.153253931343048,6.942924935066531,6.845493036213632,6.5979543869599
ENSMUSG00000022781-P,7.60769180286535,7.892207656746451,8.180853411234436,7.724572555792015,6.814132502124791,7.241894336955154,6.894908420027317,7.358594646628449,6.8690253459961905,7.874260836503107,7.917529407672716,7.73861777287988
ENSMUSG00000030060-P,4.095934905275212,2.0594748867359756,4.676063785822748,4.792558148668228,5.03847880351046,3.0591668457024253,4.132832161798551,4.610664411920954,5.295578618849955,4.1586681136641985,3.976492875004384,3.7553763845397103
ENSMUSG00000015112-P,6.223453861513056,5.749688705337369,6.460938018360121,5.794341827244804,5.77786612320858,3.9699169413802817,5.630127004574053,6.451473653442934,6.236984059880915,6.581015167663808,6.2040681132011395,6.717056660514422
ENSMUSG00000042426-P,5.438583893485182,5.286147301772223,6.222904514295072,5.302632627565788,5.630992092682936,6.90920076698151,5.946217345326749,5.874730167948002,6.65739802656506,6.226186501495635,6.019689543979886,6.080893600935071
ENSMUSG00000027642-P,8.257647063063077,8.606036449605913,8.053249793231727,8.145182735377077,8.400274333759736,8.62662706262652,8.892499282556592,8.836085142709807,8.72122483232432,8.462107459084688,8.367304770874213,8.506338087489445
ENSMUSG00000105382-P,0.8854767201948464,2.650896865013016,1.081723604305354,1.6494513886902091,0.0,0.0,1.680660685039108,0.9269160351229908,0.0,2.5403176978191047,2.978071989188756,1.256646745267199
ENSMUSG00000024081-P,6.544792471407003,6.054829852279387,7.028141865289104,6.52087143124184,5.92923456596663,5.807659781039243,5.782429735667016,6.696795930261391,5.578391154308508,7.292369432611691,6.589880090019639,6.945642350481263
ENSMUSG00000079442-P,5.351438341732733,5.398777628998076,5.403023629280852,5.263034636753109,4.475299840719172,6.534285623980695,5.661901008214602,6.343540569975755,5.255985743248763,5.390459717457241,5.0200728362489775,5.214293052212603
ENSMUSG00000003184-P,6.255809852766065,6.121999400805971,6.265405037504199,5.678716054143025,5.797678758697136,6.180215210348189,6.631624570874712,6.793731021155078,6.513712606035222,6.730298922738651,6.083803214208118,6.300238100600774
ENSMUSG00000005469-P,8.350461822204359,7.496171364231849,8.387381553387211,8.295040999074013,8.153551926164567,8.486138844237347,8.374440014273704,8.748108275954948,8.514461091010855,8.19199113184869,8.2650117293933,8.116292272631577
ENSMUSG00000030094-P,5.2263976789316775,3.98053834928957,5.28403843562497,5.0927875684481885,5.516100181801795,3.790364895494528,5.043665381412245,4.942038178517604,4.892733509557958,5.3341473795355485,4.9757026692765285,6.050973347241968
ENSMUSG00000024941-P,7.001196988871381,6.537327466754477,7.028141865289104,6.795232840243815,6.713427764125837,6.670373422567839,7.471348276491703,7.040838685687671,7.672961357874305,6.568865629125391,6.845493036213632,7.142914994519532
ENSMUSG00000049295-P,6.774312607034409,6.859429873557361,6.8580558033850805,6.767200998519294,6.582499145861972,7.015258342988247,7.320248200543911,6.927917918114813,6.801873991396523,7.144666592557083,7.083619862392183,7.024740167738741
ENSMUSG00000049097-P,3.243935543900742,1.0399210909765384,2.9447421864177903,2.0723510249441515,4.898702315377067,2.7007023697212773,2.1072261594039285,2.203147957548002,3.0776820435059644,3.410658846623913,2.301892742392315,2.99040787202365
ENSMUSG00000070348-P,5.914474767210485,7.00887607356001,5.710445808937475,5.821856196791921,5.196072694862246,5.432148998233806,5.307449543185963,6.118770299801592,5.371646562501183,5.3341473795355485,5.833329293702817,5.749456405487739
ENSMUSG00000046711-P,2.6050793803100993,2.650896865013016,2.9447421864177903,1.6494513886902091,3.629979818096817,2.7007023697212773,1.0723621528571825,0.9269160351229908,1.644524637198008,0.0,2.301892742392315,0.0
ENSMUSG00000034647-P,8.316352186088942,7.00887607356001,8.563762100898128,7.876622421002791,7.055412840494967,7.800130257822275,6.4433437939658145,7.87290726347126,6.933189610126316,9.005705115032068,8.706290607053957,8.597130529303119
ENSMUSG00000002319-P,6.318422987212532,6.64781567907787,5.963727936145781,6.554062779302044,5.892855172574217,7.259266925501492,6.754603500368547,5.685593241710341,6.513712606035222,6.568865629125391,6.450929785968784,6.325451983947782
ENSMUSG00000020108-P,6.807433753389598,5.984379634000111,7.112046187181966,7.371210579117124,7.087959016803207,7.582764427074931,7.407179923485969,6.828465852322095,6.882088528746082,7.299739706011485,6.833111176152505,7.040052337320204
ENSMUSG00000026273-P,4.938197499381258,4.7762556076837335,4.961030935308618,4.999484889422392,5.310819205510419,5.492156600525017,5.423215024556173,4.854865093623743,4.840152365914312,5.4446563537551675,4.83376542989838,4.847392928297673
ENSMUSG00000022246-P,6.436043062252849,6.792282477052913,6.665203621282266,6.024902425772767,6.09852463741221,6.590270361239926,6.934470489462872,6.721647112875435,6.316120126028523,6.531790781131416,6.332772628629253,6.445306768518016
ENSMUSG00000020308-P,6.104126886993057,5.691911793200492,6.633105176688304,6.361267292313497,6.049790217945685,6.384010976764559,6.2053467502856705,6.155712582389329,6.8950344888103166,6.493737984718577,6.498749040491763,6.697876637342029
ENSMUSG00000050910-P,5.873357915525383,6.83294475092466,6.306689277968143,6.138674301186425,5.892855172574217,6.476040344958531,6.663365969133095,6.480884530193858,7.1321897998874695,6.387065528694904,6.6045242579786025,6.512713965979975
ENSMUSG00000061533-P,4.525552067463755,4.161713826150124,3.604739428120841,4.089885726687541,3.8734604635124894,4.404017924202715,4.220792566333152,4.316533778507413,4.60827290644347,4.940443394064977,4.676324781005206,3.5987437213043223
ENSMUSG00000102840-P,0.8854767201948464,0.0,1.692929958963774,0.0,0.8145010275868445,0.0,0.0,0.9269160351229908,1.0449005473594477,2.3260509354779892,0.0,1.256646745267199
ENSMUSG00000058756-P,8.46905305804687,7.853204188884733,8.634375290549876,8.513265374100689,9.441286663087814,8.954506085921004,8.96433763023702,8.46504453897955,8.774738031009534,8.863743346590763,8.86978295957554,8.826368971924536
ENSMUSG00000004698-P,3.4813634719760502,3.3930092982402096,2.7187049314574803,3.99638896868576,4.934936396407269,4.634503922927148,2.7036252497054964,4.179745383959693,3.666241375023308,3.87269590566056,4.063862773336467,3.896656719144944
ENSMUSG00000033948-P,4.232267354256176,4.598992446943178,4.3990438140965855,2.8897518575227275,3.102137027638073,5.1635320886888865,3.8313182420880993,3.3236691687308055,2.3931131584133563,1.7691731579606451,2.301892742392315,4.025327408372177
ENSMUSG00000028655-P,1.4301513955146576,2.0594748867359756,3.312157763979618,3.99638896868576,3.4413463201392127,4.1295756828041315,2.4360270815356015,3.037322543347878,1.644524637198008,2.5403176978191047,4.146242312574113,1.256646745267199
ENSMUSG00000106032-P,2.388706117066035,0.0,1.692929958963774,0.0,3.4413463201392127,0.0,1.680660685039108,2.8695660282412425,1.0449005473594477,2.0743161096747316,0.9875105484522038,0.0
ENSMUSG00000086610-P,2.6050793803100993,3.0691532897951093,1.692929958963774,1.6494513886902091,0.0,0.0,1.680660685039108,0.0,0.0,2.0743161096747316,1.9812250416989712,1.256646745267199
ENSMUSG00000026309-P,6.818307288350684,7.197156685572663,6.844102538328743,6.503984938378927,6.582499145861972,7.739526994593012,6.894908420027317,6.451473653442934,6.257178737709851,6.794312790415974,6.893984404468084,6.717056660514422
ENSMUSG00000021903-P,2.6050793803100993,2.385282137693864,0.0,1.6494513886902091,2.2610640585492225,3.0591668457024253,1.680660685039108,0.0,2.88349271729182,1.381684084294751,2.301892742392315,3.5987437213043223
ENSMUSG00000037262-P,4.97753173822037,4.244427258259998,5.154350736278495,4.483585706841648,3.796776971595652,4.833189525298334,4.039158644825996,4.179745383959693,3.0776820435059644,4.73831271207171,5.0631190143554665,5.26730081503223
ENSMUSG00000026603-P,4.525552067463755,4.983100341839197,3.465852944286889,5.046890362083916,4.934936396407269,5.369536702021671,4.8365220755324145,4.179745383959693,4.476672173666001,3.410658846623913,4.78317050436923,4.621744423540839
ENSMUSG00000005514-P,7.784439300950434,8.009190338362819,7.650081115695045,7.829958493959349,7.580681689096884,8.155970856670164,8.222919870300172,8.149641302898415,8.28782626040534,7.839284158487308,7.81422632691213,8.049769511958633
ENSMUSG00000033808-P,5.089482198528558,4.983100341839197,5.710445808937475,5.678716054143025,5.9470859399840466,3.346054709805881,5.996926418439346,5.874730167948002,6.19572634422963,6.34493822595115,5.882224354039638,5.891290019019173
ENSMUSG00000015461-P,7.020157623848049,5.858732499493456,7.213214569786543,7.083639114596372,7.423789932545684,8.040142177055912,8.264906384274664,8.074461815651496,8.018831444724023,7.609493185949515,7.498611520075851,7.671378317446801
ENSMUSG00000045128-P,8.361654812646252,8.898776557650264,8.32344704133511,7.398878267576934,8.250184293842006,7.957411193872378,8.528883011609391,8.772098289327745,8.930609171795055,8.227204845453269,8.269613373869158,8.247398774225251
ENSMUSG00000047146-P,3.243935543900742,2.875129551690155,4.05587983054342,1.0486348977274242,2.0124825509743043,4.73726435659949,1.680660685039108,2.6797042233767265,1.0449005473594477,3.410658846623913,3.147646225708344,4.252640047634348
ENSMUSG00000070705-P,4.47147194203123,4.598992446943178,3.731421765117163,1.6494513886902091,4.743916282379703,3.5852470377747543,4.132832161798551,3.1875884978886755,3.4017693127773,4.503175016645742,3.436642487092037,5.0424752552067345
ENSMUSG00000040795-P,3.4813634719760502,3.3930092982402096,4.737738392123119,4.847138132682166,3.796776971595652,4.833189525298334,4.4564512721831075,3.9466673111887647,4.543972575687705,4.822592599363206,4.78317050436923,4.700947400377628
ENSMUSG00000031511-P,6.2397225630926485,6.287184304709906,6.110830057186796,5.848855631104863,5.92923456596663,6.285708641057265,5.996926418439346,6.022051183825807,6.788060331245916,6.21063094000576,6.062746991028016,5.7862433228761505
ENSMUSG00000024805-P,5.1249483640572695,4.830812807127612,4.320598421947695,4.6767834369679475,4.263677074451982,3.5852470377747543,3.714971891269714,4.762084009432767,3.0776820435059644,4.822592599363206,4.063862773336467,4.915393872976637
ENSMUSG00000029198-P,6.583549105971545,6.41767052452145,6.460938018360121,5.48579504648697,6.488108530361115,6.446011476171514,6.116409774256625,5.896719670711514,5.130237847052339,5.817558430853102,6.125015547874256,5.957298958075648
ENSMUSG00000032482-P,6.95267567087344,6.923590523943039,6.326896664973563,6.46960716842231,7.827117544260554,7.540759703886477,6.960255061028064,7.217211693695278,6.335244011574411,7.051691178939626,7.008528205166074,7.171005810733309
ENSMUSG00000021288-P,7.620173015087347,7.65579463132848,7.972176642059861,7.333475084339002,8.58832873102511,8.24586208490234,7.86172875638175,8.203561691771286,8.943128826575869,8.387976450815255,8.073036473179638,8.247398774225251
ENSMUSG00000024151-P,5.59851402558366,5.163973699473649,6.0144469193789805,5.302632627565788,5.757777606265661,5.369536702021671,5.723423689788241,6.061520270843222,5.545926290761863,4.9022195597211295,5.590138259223642,6.167102195354035
ENSMUSG00000023243-P,3.4813634719760502,1.6379488583154955,2.7187049314574803,2.6651330491191443,3.796776971595652,0.0,1.680660685039108,0.0,2.659038723635503,2.726838355924407,2.978071989188756,1.256646745267199
ENSMUSG00000030591-P,8.575430929072274,8.816679924382559,8.74363521721269,8.563027587280018,8.390522361104257,8.837937656047464,8.868870522153948,8.833237396741719,9.204635122879674,8.686729005180398,8.69948571068218,8.721056025782945
ENSMUSG00000052751-P,5.7874324012127625,4.883381819626282,6.179113860938536,5.821856196791921,5.817222987711869,6.818357173451681,5.564399275391578,6.191732474661941,6.37274768308604,5.817558430853102,5.5300392365001345,6.167102195354035
ENSMUSG00000020389-P,3.945361835709526,3.6573275499737368,4.05587983054342,2.0723510249441515,3.946272894914797,0.0,2.1072261594039285,2.461014499836793,4.60827290644347,4.397224232267905,3.784073490652618,4.1434560588218705
ENSMUSG00000028959-P,6.255809852766065,6.692694629514694,6.772237174073755,6.22364343003531,6.8525252319022965,7.094825729073938,7.151451176712015,6.721647112875435,6.801873991396523,6.467800156646568,6.5143429382524,6.8619550407191126
ENSMUSG00000025474-P,4.676598809853049,4.830812807127612,4.544192630379789,3.896410477907952,4.743916282379703,4.273312842081705,4.4564512721831075,5.21133551557592,4.669829260738149,4.6018743381215605,3.784073490652618,4.847392928297673
ENSMUSG00000064370-P,15.245586319936548,15.320189826101409,15.43522195005025,15.644714221116692,15.049095289104311,14.482057272708278,15.73899728634366,15.478607789051544,15.778578540773507,15.670848381401688,15.682864726873891,15.853624957400012
ENSMUSG00000005580-P,4.232267354256176,5.503248162004732,2.7187049314574803,4.847138132682166,5.44249993647718,5.709962718837696,4.720611921530422,4.762084009432767,2.3931131584133563,4.6018743381215605,4.730736538492143,5.10205063677679
ENSMUSG00000030663-P,7.517162421912737,6.41767052452145,7.919921994152587,7.487449833709277,7.0051740850966215,6.931045194837544,6.631624570874712,6.658697602368062,5.701403726240479,7.254942472704976,7.287954142878638,7.437005149594579
ENSMUSG00000035941-P,6.717362770268372,7.155014863443871,6.772237174073755,5.976756635080908,5.652911954125206,5.854134386531398,6.3874232372913085,6.451473653442934,6.153253931343048,6.605011537918345,6.589880090019639,6.194730429945663
ENSMUSG00000036501-P,5.159563533607588,2.0594748867359756,5.710445808937475,5.341172734347689,4.784197321922532,4.833189525298334,4.4564512721831075,5.24600933394438,3.540057190346136,5.150683891235962,5.401765208785627,5.367808596147874
ENSMUSG00000033411-P,5.0531221375566435,4.934102472483744,5.28403843562497,5.341172734347689,5.1035962704463325,4.73726435659949,4.8365220755324145,4.556440986587682,4.331850957763941,5.013980781063252,5.297472671066822,5.26730081503223
ENSMUSG00000035934-P,5.410116281520104,5.568915830032614,5.547791996674059,5.61723153645693,5.3912607196186,5.9851986083318645,6.348901173749178,6.061520270843222,6.064363292374095,5.897456161246051,5.730268111645454,6.274575705700078
ENSMUSG00000003344-P,6.19035552671513,6.677889559275795,6.306689277968143,6.22364343003531,6.500250653665733,6.384010976764559,6.069797048200696,6.244130255391919,6.496827043436045,6.0967761409997285,6.2040681132011395,5.891290019019173
ENSMUSG00000037608-P,7.727895721460851,7.326190309514525,8.439351395861369,7.870047844981823,7.211263572795288,7.858290058610308,7.238316963204603,7.751459681686853,6.829110740477407,8.538856907287869,8.051821355517736,8.151965559820706
ENSMUSG00000026333-P,3.777222373109846,6.64781567907787,3.847872573248563,4.6767834369679475,3.946272894914797,2.222636313675174,4.779730753820537,3.767326996465912,3.0776820435059644,4.8629553682010584,4.78317050436923,4.5379393841988005
ENSMUSG00000003527-P,4.356821614027285,2.875129551690155,5.108394717432779,4.899728298865276,2.9686820998227965,0.0,4.220792566333152,3.562485519943336,4.406077991232827,4.451172027377437,4.9757026692765285,3.7553763845397103
ENSMUSG00000058420-P,5.351438341732733,6.537327466754477,5.937683736208367,5.341172734347689,5.135084994723551,6.251394180755229,5.597637418736228,5.6077445694465435,5.787234727124673,5.775886569943317,5.8082459653885605,5.7862433228761505
ENSMUSG00000019907-P,7.462760868396268,7.217774790613513,7.750741447643128,7.224305167758501,7.15860958304029,6.746261887040262,7.320248200543911,7.435717275112043,7.041950041210445,8.046243724032452,7.323795436339765,7.641573559779625
ENSMUSG00000025410-P,7.377107412978692,7.354396965620693,7.3772223455198205,7.434961995910716,7.822289534940237,7.3101637077613075,7.524165738389974,7.243189797521107,7.829511791683296,7.621306732895197,7.560006334438178,7.661511655817156
ENSMUSG00000061718-P,11.04252731735299,10.853510502922378,11.451326562356185,11.461970730944756,10.676605195343436,10.79891702976931,11.53460791795927,11.295520226795182,11.54271446484768,11.09539412462399,11.406418797421068,11.456539896001123
ENSMUSG00000008690-P,6.682081577245242,6.41767052452145,6.4791092270504125,5.952067496902614,6.220966586154782,6.026367935175742,6.7097058591098095,6.684207945372457,6.131539442339836,6.286783861717844,6.450929785968784,6.274575705700078
ENSMUSG00000092417-P,5.719453788745271,2.875129551690155,5.198887938145035,4.735831830703193,5.3912607196186,4.634503922927148,5.224766906985408,5.852400307614175,4.785582100135434,5.666115557722789,5.367831884023063,4.621744423540839
ENSMUSG00000004895-P,3.945361835709526,4.161713826150124,2.9447421864177903,3.2552851184922167,2.657829414999577,0.0,1.0723621528571825,3.4480132671647272,2.88349271729182,2.891981879899189,3.883488798682337,1.9179260834722285
ENSMUSG00000025934-P,2.1340565645548835,2.650896865013016,2.4505522388752183,2.0723510249441515,1.7119658979366703,3.346054709805881,2.7036252497054964,0.0,3.540057190346136,2.726838355924407,3.784073490652618,2.713165506010181
ENSMUSG00000028273-P,6.95267567087344,7.42702499518885,7.357712407761936,6.863018305838185,5.892855172574217,6.994661403874842,6.406305288417043,6.884561063915415,6.041257694906058,7.262505943454566,7.314918243284739,7.040052337320204
ENSMUSG00000026520-P,6.4640085324019,6.38157729528082,6.78689949007841,6.26432218570348,7.111895698609481,6.931045194837544,7.349811300552166,7.302045855505167,7.335808745512428,6.804710971439467,6.619021271823814,6.929288748155309
ENSMUSG00000024193-P,6.421854381723968,6.1437118208118715,6.616784111607793,5.848855631104863,6.082462055839459,6.721406648104455,6.069797048200696,5.759455353363163,7.087775361292764,6.875472478136167,6.647585462651965,6.7731126614443875
ENSMUSG00000083899-P,2.793193551827114,1.6379488583154955,2.9447421864177903,1.0486348977274242,2.4730436096981774,3.346054709805881,2.929268684986816,3.3236691687308055,1.0449005473594477,4.1586681136641985,2.301892742392315,3.5987437213043223
ENSMUSG00000030879-P,7.309355775937218,6.487256021142228,7.266497651823866,7.182465533521387,6.988031397017051,7.3267379546406755,7.310257662816774,6.733913998053996,7.657849760664851,7.034123422400831,7.030384734462175,7.225597970456422
ENSMUSG00000021585-P,7.048139377019517,6.805964304712917,7.276922125306673,6.902211666893816,5.911159535326275,6.446011476171514,6.289117989184021,6.451473653442934,5.969634007166271,6.9334798137695675,7.094035159175282,6.638757457725568
ENSMUSG00000026623-P,8.603988763263152,9.103759620334433,8.434703468300631,8.385406620342179,8.409960829790561,8.619918255732903,8.168657793034864,8.404940709634083,7.809138292620712,8.554345073676075,8.574890096399079,8.6678353862637
ENSMUSG00000056215-P,2.9595846507288517,4.39685741355359,3.731421765117163,3.0840644739229504,2.9686820998227965,3.346054709805881,2.7036252497054964,2.461014499836793,3.0776820435059644,3.705195797462184,4.435493525991653,4.1434560588218705
ENSMUSG00000001964-P,6.477790576975894,5.536455591121388,6.405009427414273,6.503984938378927,6.488108530361115,6.285708641057265,6.7097058591098095,6.537966466119466,6.427236233216999,6.330617921309654,6.4181463863879,6.374595070117787
ENSMUSG00000057367-P,6.012414969129594,6.1437118208118715,5.963727936145781,5.553009586529424,4.205538357102999,5.235518623091081,5.782429735667016,5.102014708421716,4.253596790705888,5.877892712891693,5.560401671877235,4.915393872976637
ENSMUSG00000036613-P,6.2397225630926485,4.53471025753819,6.2861948267091625,6.244126177249473,5.9470859399840466,6.026367935175742,7.010481565702379,6.436540276334898,6.611074908457811,6.427997517604973,6.184707347148136,6.167102195354035
ENSMUSG00000045100-P,3.8637402043734568,2.650896865013016,4.05587983054342,3.546674232801226,3.5387438725858185,5.807659781039243,4.039158644825996,4.380353079586573,3.0776820435059644,2.891981879899189,3.147646225708344,3.7553763845397103
ENSMUSG00000031010-P,5.873357915525383,5.324676047276037,6.5322886973528735,5.952067496902614,3.224285379172325,3.790364895494528,3.588413176024308,5.660107599879281,3.889659817380317,6.146675148673491,6.4014710269899595,6.300238100600774
ENSMUSG00000015839-P,7.8861247838855295,7.238102381426646,7.879450204653945,7.504529832695035,7.262063327153102,7.3267379546406755,7.320248200543911,6.7819643831773115,7.030262608670507,7.453032007690899,7.675473413576067,7.238929229176315
ENSMUSG00000038859-P,7.246339136287318,7.892207656746451,7.255997305716442,7.106192990825142,6.8430224083238524,7.7270947504077165,6.812372898630292,7.389940141254915,7.505796481526476,7.042934040916285,6.940898759950688,7.278199440565441
ENSMUSG00000044296-P,0.0,0.0,1.081723604305354,0.0,0.0,0.0,1.680660685039108,0.0,0.0,1.7691731579606451,2.301892742392315,0.0
ENSMUSG00000032633-P,7.270294094243686,7.911320963527596,6.696603425132438,6.1166263933695815,6.512291437784244,6.216243625116345,6.82646090451578,6.436540276334898,6.37274768308604,6.751954012747458,6.92931241817933,6.555963629727359
ENSMUSG00000032724-P,3.108754376311148,2.650896865013016,2.9447421864177903,1.0486348977274242,1.7119658979366703,0.0,2.7036252497054964,1.4866706657115965,2.3931131584133563,2.726838355924407,1.9812250416989712,1.9179260834722285
ENSMUSG00000024235-P,1.4301513955146576,0.0,1.692929958963774,1.0486348977274242,0.8145010275868445,0.0,1.680660685039108,2.203147957548002,2.88349271729182,1.7691731579606451,0.0,2.3696596197532793
ENSMUSG00000023236-P,7.384442664679167,6.936087217065171,7.015747033792463,7.294725999400352,7.88845421090264,7.206508687294172,7.679702615304077,7.551131165295002,7.829511791683296,7.277514957660255,7.604396459936451,7.526698291546111
ENSMUSG00000026483-P,3.8637402043734568,2.385282137693864,3.1401148593054975,2.8897518575227275,2.4730436096981774,5.369536702021671,3.714971891269714,4.316533778507413,3.2488069851981782,3.87269590566056,2.785877769442253,2.99040787202365
ENSMUSG00000057738-P,9.030620176651588,8.550226464224027,8.728524195139206,8.735696473681083,9.013766659329628,9.101410085288563,9.320944539598385,9.144803864017748,9.421468082722484,9.012449365993785,9.14488096768125,9.102794385534812
ENSMUSG00000032301-P,7.171991069646698,7.5781895106633375,7.213214569786543,6.965256809170339,6.7029596052207445,5.899158476113273,6.531981979840145,6.770100986655095,6.611074908457811,7.603549937495282,6.689398550647538,7.611140050869522
ENSMUSG00000010607-P,6.363661642594106,4.71955390134089,5.828534167019237,5.48579504648697,5.364942112134154,6.105341362990655,5.811051758636241,6.359462826882996,6.216502681343285,5.522315119058797,5.997669135225367,5.5065484011192165
ENSMUSG00000030862-P,3.945361835709526,5.246561304449785,3.955621760874324,3.99638896868576,4.970282690265146,2.222636313675174,4.9438082645706585,4.500099726422591,4.840152365914312,5.3341473795355485,4.063862773336467,5.5065484011192165
ENSMUSG00000035505-P,5.193367590653768,1.6379488583154955,4.320598421947695,4.550900891626236,4.61585078838867,5.0077952890480475,4.994600610353493,4.249760164574368,5.295578618849955,3.949676189373547,4.83376542989838,4.448964308292506
ENSMUSG00000022283-P,8.441186150021288,7.529540210684472,8.773390567101867,8.889890923855583,7.404538145950366,8.471307260320456,7.369188756565237,8.369998422586505,6.8950344888103166,8.47843711381562,8.668460115622466,8.725798309621222
ENSMUSG00000050989-P,5.934601945273793,4.830812807127612,5.403023629280852,5.450975782228282,5.3381344474936485,5.369536702021671,5.597637418736228,6.22687491803298,6.236984059880915,5.817558430853102,6.4829847469129565,6.221839498569228
ENSMUSG00000014195-P,7.020157623848049,6.363186317493559,7.743242844510597,7.69511913404794,8.110636727393572,8.394772173544576,7.928560998329808,7.745413416081257,7.795394344138136,7.536505375244331,7.845384897198156,7.864367833053538
ENSMUSG00000036718-P,4.356821614027285,0.0,3.604739428120841,3.2552851184922167,2.821611910686548,3.5852470377747543,1.680660685039108,4.028615856195515,2.88349271729182,3.410658846623913,3.677297157552445,3.7553763845397103
ENSMUSG00000028885-P,1.824615078778005,2.650896865013016,0.0,2.39897591795433,1.331922760884799,0.0,2.1072261594039285,0.0,2.3931131584133563,0.0,0.0,2.3696596197532793
ENSMUSG00000021693-P,6.751801715856779,5.398777628998076,7.287271814773184,6.679681392755137,5.874315583411486,5.235518623091081,4.720611921530422,6.8735151542566175,5.578391154308508,6.773288857304325,7.073128826993391,7.303798025795707
ENSMUSG00000062044-P,2.1340565645548835,3.98053834928957,3.465852944286889,3.2552851184922167,5.0047836626811755,5.0077952890480475,4.594569219566535,3.4480132671647272,4.406077991232827,4.092312020475909,4.78317050436923,4.1434560588218705
ENSMUSG00000028441-P,7.530448216847237,7.372899611410542,7.673941582272116,6.87620142051344,6.8238268930628685,6.105341362990655,6.985586877780256,6.684207945372457,7.030262608670507,6.55661290465285,6.661658239426168,6.993619480024249
ENSMUSG00000005124-P,2.793193551827114,3.3930092982402096,2.4505522388752183,1.0486348977274242,2.4730436096981774,0.0,3.2961620850227487,1.4866706657115965,3.989605695113597,2.0743161096747316,2.978071989188756,1.9179260834722285
ENSMUSG00000043991-P,9.651610473144084,9.333670302335008,9.848880606236996,10.035168519822236,9.635442800853337,9.091745218639089,9.650857883164488,10.199886578711885,9.619711269558769,10.804268520085744,10.500450008668397,10.78247929309706
ENSMUSG00000086825-P,2.6050793803100993,2.0594748867359756,3.1401148593054975,2.6651330491191443,0.0,0.0,3.449675285104147,4.316533778507413,4.331850957763941,3.7913753794272904,1.5682857555401204,3.5987437213043223
ENSMUSG00000019080-P,1.824615078778005,2.0594748867359756,1.081723604305354,2.6651330491191443,3.629979818096817,4.273312842081705,2.4360270815356015,3.767326996465912,3.2488069851981782,2.5403176978191047,1.9812250416989712,3.222863846480197
ENSMUSG00000018199-P,7.362324066183204,7.25814753122562,7.758201277212933,7.049133092741429,7.0136696431945404,7.3267379546406755,6.754603500368547,7.487350436593213,6.236984059880915,7.734408323921465,7.384451825862594,7.864367833053538
ENSMUSG00000041134-P,3.5868697456056577,0.0,3.604739428120841,3.2552851184922167,0.0,0.0,1.680660685039108,2.8695660282412425,1.0449005473594477,3.0401483485866754,1.5682857555401204,2.3696596197532793
ENSMUSG00000059495-P,8.63507046616257,9.000450072866588,8.92690383089087,8.713833496715239,7.737640388701531,8.659710968071114,8.035519714273788,8.461360523718803,7.710062020653747,8.781901989304437,8.937858751121242,8.936837668414265
ENSMUSG00000049624-P,6.1735171807784806,5.600661764733968,6.244311273730956,6.001030361990174,4.081721851910303,5.304083292016831,5.423215024556173,5.5534091963975545,5.334113880080709,5.619756603232332,6.165083224097141,6.1102059209871
ENSMUSG00000102142-P,3.5868697456056577,0.0,2.9447421864177903,0.0,0.0,0.0,0.0,2.461014499836793,0.0,2.5403176978191047,1.5682857555401204,2.3696596197532793
ENSMUSG00000024170-P,4.095934905275212,2.875129551690155,4.796884171909007,4.1776902641883265,4.081721851910303,4.273312842081705,4.527162473660295,4.179745383959693,5.130237847052339,5.117703209624991,3.883488798682337,4.025327408372177
ENSMUSG00000030058-P,7.462760868396268,7.570194366375847,7.3772223455198205,7.578982065309329,7.758009284307955,7.701904171203379,7.960850878670501,7.5160460820384145,8.093736445542849,7.536505375244331,7.756386772954625,8.042185134071712
ENSMUSG00000062421-P,6.477790576975894,6.736219514220266,6.442535014809602,5.794341827244804,6.220966586154782,5.658515738115934,6.116409774256625,6.7460774596579265,6.444951160549242,6.301543691787303,6.4014710269899595,5.857117316594801
ENSMUSG00000050822-P,9.697975475223368,10.214408343376457,9.57880527546278,9.575334180069676,9.102061557292926,9.43528560857903,10.15515780593586,10.02624113710493,9.661980343899678,9.451814130091492,9.569269373211974,9.985657838419668
ENSMUSG00000014075-P,6.012414969129594,6.487256021142228,5.615069586916494,5.222319043311399,5.3381344474936485,5.0077952890480475,5.224766906985408,5.312952805578695,4.943465455302347,5.150683891235962,5.5300392365001345,5.26730081503223
ENSMUSG00000023092-P,5.438583893485182,5.805240594843878,5.710445808937475,4.26045608645493,6.713427764125837,5.1635320886888865,4.527162473660295,4.942038178517604,5.039872004732743,5.150683891235962,5.297472671066822,5.5065484011192165
ENSMUSG00000003099-P,7.084623657652109,7.248159770059032,7.524474121970149,7.940771060005036,7.410983995000423,7.188484979036001,7.656231775787445,7.098898912626173,8.518649610960432,7.33603664904,7.923381717447758,8.019189794511593
ENSMUSG00000028772-P,6.763101066694691,7.165666284420922,7.064699951249005,6.679681392755137,7.173850690466011,6.534285623980695,6.694424017978742,7.251746244360133,6.3911401452511205,6.865573714456842,6.756501792720863,6.87908537204299
ENSMUSG00000035133-P,8.097267029611665,7.853204188884733,8.32344704133511,7.795678140468588,7.038860214192802,7.596498553451084,6.854230803410582,7.480086447708976,6.479741506323403,8.006258305436493,8.093944134067621,7.964064216043475
ENSMUSG00000041012-P,7.462760868396268,8.06715005880161,7.088567286063514,7.03744521454185,5.964719124755172,6.143263963112935,7.583437377437982,7.413010265791075,7.579822156035135,7.378420892267599,7.2134843585939326,7.493713362816156
ENSMUSG00000039275-P,5.381075613001941,4.660532175221,5.154350736278495,5.046890362083916,5.1035962704463325,4.1295756828041315,4.527162473660295,5.063652716017436,4.785582100135434,5.013980781063252,5.145539843359258,5.10205063677679
ENSMUSG00000025060-P,8.644265882828925,8.436085476858004,8.678290796389375,8.299940866165397,7.404538145950366,7.663273882577094,7.827114607849546,8.015389175602724,7.436647489217842,8.632307767332088,8.470837159208896,8.627857866951
ENSMUSG00000013858-P,5.7874324012127625,4.71955390134089,6.497054407462844,6.452106128462053,6.373969992103485,6.931045194837544,7.010481565702379,6.8735151542566175,7.767507300001124,6.330617921309654,6.529770084446827,6.422119172788541
ENSMUSG00000057722-P,6.1735171807784806,5.362202548592466,6.566682951147342,6.679681392755137,5.225626213342285,5.0077952890480475,5.091116240655791,5.918379035960999,4.170853317022545,6.773288857304325,7.030384734462175,7.070197583915613
ENSMUSG00000020777-P,7.800979084746329,8.349982127473247,7.650081115695045,7.274954053957853,8.257356221473737,7.055590503182142,7.935077049328985,7.487350436593213,7.927274859218645,7.419595404786818,7.618894751593973,7.328950307812276
ENSMUSG00000024150-P,7.377107412978692,7.892207656746451,7.180273794158769,7.343001893784018,7.603373349660401,6.6174685627395045,7.695140356547538,7.251746244360133,7.724639199720161,6.9334798137695675,7.743212439475784,7.341363895940468
ENSMUSG00000043467-P,4.938197499381258,4.39685741355359,4.853700360322351,3.99638896868576,3.4413463201392127,4.5238588630139445,3.449675285104147,3.9466673111887647,3.7822711559702658,5.04938998927252,4.676324781005206,3.896656719144944
ENSMUSG00000024921-P,8.948870124543575,8.06715005880161,9.607998147308514,9.224801271937444,8.296176920647865,8.922150698416532,8.72211666565376,9.242484051577607,8.839790743555502,9.667991733477884,9.377961435230691,9.666060652583711
ENSMUSG00000030016-P,6.9722804556705,6.846248088414331,6.885563890964352,6.694641682802472,5.892855172574217,6.864493881825761,5.137055989944297,6.721647112875435,6.153253931343048,7.094696847899788,6.782492893562912,7.291055508776876
ENSMUSG00000056531-P,0.8854767201948464,0.0,1.692929958963774,2.0723510249441515,2.0124825509743043,0.0,1.680660685039108,1.888937113351682,1.0449005473594477,2.0743161096747316,2.978071989188756,3.222863846480197
ENSMUSG00000020102-P,1.4301513955146576,2.650896865013016,2.7187049314574803,2.0723510249441515,3.715787584620155,0.0,1.680660685039108,0.0,3.2488069851981782,2.891981879899189,2.5640862732757217,1.9179260834722285
ENSMUSG00000050493-P,2.6050793803100993,2.0594748867359756,3.465852944286889,3.896410477907952,2.0124825509743043,2.222636313675174,3.588413176024308,2.6797042233767265,5.371646562501183,4.222105922301955,3.2993686457991767,3.7553763845397103
ENSMUSG00000043059-P,5.873357915525383,6.537327466754477,5.364442063119361,5.0927875684481885,4.205538357102999,3.9699169413802817,5.043665381412245,5.139383001929164,5.919829900154173,4.822592599363206,5.0200728362489775,5.957298958075648
ENSMUSG00000048200-P,4.232267354256176,4.322654555413567,4.320598421947695,3.672910418501158,4.523687636437971,5.0077952890480475,4.303696860985152,4.028615856195515,5.334113880080709,4.940443394064977,4.435493525991653,4.025327408372177
ENSMUSG00000024181-P,7.230145295717194,7.1867360718698405,6.772237174073755,6.618238890275671,6.7443840735333245,7.568898297312642,6.960255061028064,6.9385565553582635,7.164625726640406,6.67469494676835,6.743328514341886,6.445306768518016
ENSMUSG00000005510-P,7.762087093083632,8.655995342222239,6.9258669050513735,6.46960716842231,6.861965871132166,6.384010976764559,7.128892167901669,7.070160853471522,6.335244011574411,6.84557007190795,7.124837359941351,7.128661778450114
ENSMUSG00000032615-P,4.97753173822037,5.536455591121388,5.108394717432779,5.302632627565788,5.196072694862246,5.5497675936882125,5.137055989944297,5.496947062045408,5.173383165887978,4.694251536510696,4.224170896552707,4.5379393841988005
ENSMUSG00000035873-P,1.4301513955146576,2.875129551690155,1.692929958963774,3.2552851184922167,0.0,2.222636313675174,1.680660685039108,2.8695660282412425,0.0,3.410658846623913,3.883488798682337,3.4230107876057687
ENSMUSG00000020496-P,8.101724196181522,8.12287092530872,8.229967349130169,7.672627621883631,8.51242876853057,8.263187245763405,8.426238323652058,8.285016544085265,8.042296089806664,8.037453356400174,8.218169534238168,8.207269259461722
ENSMUSG00000024687-P,5.993351625606638,7.066848170512441,6.087331193886346,6.024902425772767,5.92923456596663,2.7007023697212773,5.597637418736228,5.279869321114219,5.173383165887978,5.754590390960918,5.703309903695489,5.957298958075648
ENSMUSG00000030008-P,4.676598809853049,5.030488625837066,4.796884171909007,4.089885726687541,3.336894247939065,3.346054709805881,4.132832161798551,4.762084009432767,5.334113880080709,4.282871356752379,4.435493525991653,3.7553763845397103
ENSMUSG00000021377-P,7.462760868396268,7.111604923014984,8.313354539753583,7.781734626868229,7.233254282811396,7.3267379546406755,7.173662860817026,7.974619355374601,7.603676713773029,8.227204845453269,7.905753083077862,8.253979831046616
ENSMUSG00000032641-P,4.295888232083969,2.0594748867359756,2.1209125051964186,2.6651330491191443,4.659814587745524,3.0591668457024253,0.0,2.461014499836793,1.0449005473594477,2.726838355924407,1.5682857555401204,3.222863846480197
ENSMUSG00000022711-P,5.193367590653768,5.749688705337369,5.154350736278495,4.483585706841648,3.5387438725858185,5.369536702021671,4.779730753820537,5.24600933394438,5.408227514520033,5.117703209624991,5.0631190143554665,5.592143269759895
ENSMUSG00000038644-P,3.777222373109846,0.0,3.847872573248563,3.0840644739229504,2.9686820998227965,4.1295756828041315,4.220792566333152,2.203147957548002,3.0776820435059644,4.648802186528175,4.298104939536926,3.5987437213043223
ENSMUSG00000018322-P,6.728934004170036,6.7218566275685205,6.2861948267091625,6.1166263933695815,6.320191082139235,4.1295756828041315,6.0932916571563975,6.118770299801592,6.174646428674754,6.226186501495635,6.125015547874256,6.490593004100329
ENSMUSG00000056054-P,1.824615078778005,0.0,0.0,1.0486348977274242,1.7119658979366703,2.222636313675174,3.2961620850227487,3.037322543347878,0.0,2.0743161096747316,2.301892742392315,1.256646745267199
ENSMUSG00000062937-P,6.50496586674294,6.186180275763554,6.087331193886346,5.519793718167039,5.196072694862246,5.759638078590581,5.307449543185963,6.041920696975281,5.295578618849955,5.775886569943317,5.782718799196082,5.989204359342829
ENSMUSG00000004040-P,7.931899386787792,7.839965134900905,7.991294276652352,7.452670969644029,7.580681689096884,7.359325924331508,9.313461751692843,8.167839604923346,7.364016565496948,7.90840957343506,7.6685212406627405,7.820704612430833
ENSMUSG00000018372-P,4.415285379732288,3.7732982502252463,4.149621034948442,2.8897518575227275,3.5387438725858185,0.0,3.714971891269714,3.3236691687308055,1.0449005473594477,4.73831271207171,4.224170896552707,2.99040787202365
ENSMUSG00000039804-P,5.258688447768312,4.467429729259378,5.011843170389213,5.263034636753109,5.165901090879312,5.492156600525017,5.091116240655791,6.244130255391919,5.701403726240479,5.117703209624991,5.401765208785627,5.549980533610538
ENSMUSG00000024740-P,9.751431855104965,9.4405944683737,9.902040625339316,9.771527435677031,9.749191528443072,9.256518582251532,10.253585425527232,9.999817634119951,10.096791074227095,9.75233169544849,9.774222055074276,9.81591069573134
ENSMUSG00000038836-P,4.723626755540068,4.53471025753819,4.611634412683991,3.546674232801226,3.946272894914797,1.5027011960393286,4.4564512721831075,3.767326996465912,5.408227514520033,4.1586681136641985,3.976492875004384,4.915393872976637
ENSMUSG00000006777-P,4.415285379732288,2.385282137693864,4.961030935308618,3.2552851184922167,3.796776971595652,3.0591668457024253,5.385649294638699,4.713355519152925,4.60827290644347,4.397224232267905,4.3684340633204695,4.847392928297673
ENSMUSG00000017405-P,5.2263976789316775,6.470171764954493,4.611634412683991,4.735831830703193,3.796776971595652,3.346054709805881,3.8313182420880993,3.9466673111887647,5.2152755578335155,4.8629553682010584,4.499573887818065,4.252640047634348
ENSMUSG00000064345-P,15.084203892791518,13.630469075059452,16.106448413139056,16.323392322905,13.882955575875789,14.787439238482884,14.804431216553864,15.11045063145993,14.452781557104988,15.860005402723084,16.31995367345291,16.246457163245985
ENSMUSG00000040158-P,1.824615078778005,0.0,2.4505522388752183,0.0,2.657829414999577,0.0,2.4360270815356015,2.461014499836793,1.644524637198008,2.0743161096747316,1.5682857555401204,1.256646745267199
ENSMUSG00000039883-P,11.310462475989878,9.808297648648637,11.83365257144616,12.277126535262376,13.458524735278518,11.880084996254428,12.468793950566482,11.627642628178648,10.17184600182355,11.770767854842838,11.903806960610815,11.824691049970196
ENSMUSG00000024253-P,6.796477642262216,7.326190309514525,6.366481645303116,5.976756635080908,5.586127205074772,5.658515738115934,6.2267499791404335,6.4662540370310495,7.087775361292764,6.241576125946,6.242027200964104,6.512713965979975
ENSMUSG00000019897-P,6.271719731796064,6.792282477052913,7.157887864343914,6.486898448837102,5.892855172574217,6.746261887040262,6.045913481318784,6.770100986655095,5.2152755578335155,6.544255226507444,6.560138125621913,6.8619550407191126
ENSMUSG00000031451-P,10.05590002825956,9.021125890093392,10.746744633480626,10.907809399431498,10.267200458936298,10.940256695746411,11.29981830730845,10.492984430041323,11.13893420247765,10.77878253509162,11.139201495930662,11.075969749450946
ENSMUSG00000031751-P,8.24561384234161,8.187013889648744,8.430040518110095,8.840301603283292,8.518411115958388,8.970415673008883,9.391344917781304,8.979496706215727,8.917979920136617,8.938831850931974,9.016619202915477,8.808597175240733
ENSMUSG00000029623-P,8.132544648495301,7.176239641921969,8.638423309004189,8.182806020129519,7.592072132597041,7.596498553451084,7.5154960202231695,8.079277069477765,7.7815182024845475,8.578785402418202,8.25111807015118,8.403538449889203
ENSMUSG00000030691-P,4.769169988050185,4.7762556076837335,4.853700360322351,4.999484889422392,5.282976793644549,4.1295756828041315,3.2961620850227487,4.4414684486850105,4.083073932513149,5.275547422615667,4.78317050436923,5.318429784139239
ENSMUSG00000036819-P,1.4301513955146576,3.0691532897951093,3.604739428120841,2.8897518575227275,3.946272894914797,4.1295756828041315,2.4360270815356015,4.028615856195515,4.253596790705888,3.5156624624613326,2.978071989188756,2.713165506010181
ENSMUSG00000024290-P,8.427048209116759,7.409207875173776,8.92026914630979,8.448547264873312,7.0221154664653636,7.946728102822389,7.369188756565237,8.24700530074183,7.480252427504678,9.032494990969116,8.709681056479354,8.878407416267901
ENSMUSG00000017548-P,7.111393859440958,7.032345185026882,6.78689949007841,6.398291963653688,5.539822206206257,6.143263963112935,5.459827368535989,6.137359682903388,4.406077991232827,6.708313826526949,7.01949785965146,6.468127571031348
ENSMUSG00000032555-P,4.232267354256176,4.39685741355359,3.1401148593054975,2.0723510249441515,3.102137027638073,3.346054709805881,1.0723621528571825,2.461014499836793,3.540057190346136,4.397224232267905,2.5640862732757217,3.5987437213043223
ENSMUSG00000029178-P,6.785437691159334,6.64781567907787,7.064699951249005,6.952866259588724,5.737405416211542,6.841609948557689,5.423215024556173,6.523906318276414,4.728866279791471,7.406000719247384,7.314918243284739,7.437005149594579
ENSMUSG00000035640-P,5.873357915525383,5.858732499493456,5.011843170389213,5.519793718167039,7.603373349660401,5.759638078590581,5.385649294638699,5.852400307614175,5.478719120821888,5.4446563537551675,5.906064183415077,5.5065484011192165
ENSMUSG00000024168-P,5.0531221375566435,5.469258332001234,5.108394717432779,4.6767834369679475,4.015586386094761,4.5238588630139445,4.994600610353493,4.942038178517604,5.4439038116594975,4.694251536510696,5.145539843359258,4.354139119526331
ENSMUSG00000001687-P,7.946840432377151,8.35464430522652,7.515698343040293,7.570896812323954,7.173850690466011,6.973766144050385,7.195537753265302,7.757480713401022,7.143083004826292,7.627177427460726,7.367380084544855,7.21214237407695
ENSMUSG00000041438-P,5.466500628076533,5.910311749663849,5.884140942768414,5.48579504648697,5.071404898451995,5.709962718837696,5.347079195864581,5.660107599879281,5.371646562501183,5.30514491014857,5.647833510184462,5.0424752552067345
ENSMUSG00000029790-P,6.785437691159334,6.764523303536903,6.442535014809602,6.138674301186425,4.784197321922532,4.5238588630139445,5.971794666122453,5.634163638025787,5.478719120821888,5.643122282355173,6.4829847469129565,6.020419407946366
ENSMUSG00000030703-P,1.4301513955146576,2.385282137693864,2.4505522388752183,0.0,2.2610640585492225,0.0,0.0,0.0,2.0668374318045664,1.381684084294751,0.0,2.99040787202365
ENSMUSG00000008140-P,8.253647130977555,8.06715005880161,8.118461929616256,7.971806522244095,8.22113464472871,8.305611196433693,8.851752713036152,7.839238499794024,8.423570474082005,8.076594957665337,8.42206776884887,8.318190176216305
ENSMUSG00000035011-P,8.434134497900995,8.026824048945274,8.739872274083622,8.487725447140146,7.942847578082705,7.701904171203379,8.355133435140965,8.698897265008055,8.268058979937182,8.749973562641022,8.896805146778544,8.891128939160074
ENSMUSG00000001855-P,5.765126878455747,6.399736779148259,5.79990582984467,5.046890362083916,4.861534698839405,2.222636313675174,6.3874232372913085,5.345294605051995,5.868244811375232,5.935804743836561,5.333081156153189,4.776027546772013
ENSMUSG00000028826-P,7.483402591881731,7.400216115201566,7.567569707252672,7.407984161376357,6.8991225230015125,7.133022111971869,7.640369694862379,7.793088558067178,6.8690253459961905,7.667616693468311,7.682392245411376,7.923357949918777
ENSMUSG00000007892-P,10.623849312004152,11.131978249415376,10.841090077063155,9.534342031584144,10.1185801508964,10.593390028490909,11.17737701743448,11.017418209150678,11.306367426835507,10.912189902822917,10.653527610251125,10.656505521127142
ENSMUSG00000036499-P,7.656981568387294,6.692694629514694,7.933164162736947,7.496015109217998,5.491981569483636,6.384010976764559,6.021627860853612,7.413010265791075,5.478719120821888,7.854378114391781,7.887906372756318,7.651577050672563
ENSMUSG00000000305-P,3.243935543900742,0.0,1.692929958963774,1.0486348977274242,4.081721851910303,3.0591668457024253,3.8313182420880993,3.1875884978886755,1.0449005473594477,3.410658846623913,2.978071989188756,2.3696596197532793
ENSMUSG00000026341-P,6.8290994825921985,7.372899611410542,6.939054867060317,6.398291963653688,5.92923456596663,6.696115676779869,7.022769650539288,6.9385565553582635,6.672514331525194,6.387065528694904,6.845493036213632,7.040052337320204
ENSMUSG00000042010-P,6.942772461333092,6.054829852279387,6.757424311519615,7.284873897902415,7.135441704661555,8.165216246530045,8.185151776989322,8.03535002012705,7.958443797575334,7.392276709781935,7.611663818170686,7.600851191461097
ENSMUSG00000021431-P,6.287456070508915,6.306563451248366,6.244311273730956,6.0483859031686515,4.898702315377067,6.644163487368492,5.347079195864581,6.721647112875435,5.255985743248763,6.885303785998692,6.4014710269899595,6.221839498569228
ENSMUSG00000042729-P,4.47147194203123,5.076369719801864,4.544192630379789,3.672910418501158,4.319563355021934,5.1635320886888865,5.043665381412245,5.21133551557592,4.253596790705888,5.083950900083653,5.185049217143508,4.5379393841988005
ENSMUSG00000047264-P,4.97753173822037,2.650896865013016,4.796884171909007,4.735831830703193,5.46745288305082,5.369536702021671,5.946217345326749,5.829719387609735,5.868244811375232,4.822592599363206,5.434918702122314,5.159263134006526
ENSMUSG00000036478-P,4.232267354256176,4.073968251671055,4.611634412683991,3.546674232801226,3.5387438725858185,2.222636313675174,3.714971891269714,4.179745383959693,2.88349271729182,4.022756145667588,4.224170896552707,4.5379393841988005
ENSMUSG00000032238-P,7.926884453819581,7.799503043603518,8.04106971409385,7.850142414452612,7.63675535317332,7.497495224004233,7.378780750422187,7.605550802986431,6.882088528746082,7.913222643741606,7.709740459793854,7.964064216043475
ENSMUSG00000039323-P,11.62842069766452,11.080841598429773,11.87197693914291,12.434402095105815,11.94762975187312,12.764490835987557,13.028660759862095,12.429508793521418,12.950684124324402,11.995609013672553,12.5247009191443,12.261022758350592
ENSMUSG00000030979-P,3.5868697456056577,5.568915830032614,3.731421765117163,3.408323889312746,3.4413463201392127,0.0,2.1072261594039285,4.028615856195515,3.0776820435059644,3.410658846623913,3.883488798682337,4.448964308292506
ENSMUSG00000020608-P,7.911734204753791,7.479192978902532,8.480522345375165,8.008188722579717,6.90826406137652,6.476040344958531,7.3595325616797425,7.964244300771707,6.37274768308604,8.709042953626733,8.458798497017082,8.642979552127136
ENSMUSG00000055150-P,2.388706117066035,4.161713826150124,0.0,2.0723510249441515,2.821611910686548,0.0,2.7036252497054964,0.0,2.659038723635503,1.7691731579606451,0.0,2.3696596197532793
ENSMUSG00000022941-P,2.1340565645548835,3.8806363051174015,4.149621034948442,3.2552851184922167,0.0,0.0,1.680660685039108,0.0,2.88349271729182,4.022756145667588,0.0,2.3696596197532793
ENSMUSG00000021244-P,7.171991069646698,6.344557867405224,7.112046187181966,7.3238849463674285,6.176259726847314,7.055590503182142,6.514684665126092,7.326552952804208,5.610141512327783,7.86435372727292,7.482845715502133,7.471296846048657
ENSMUSG00000022463-P,6.621291760519557,6.363186317493559,6.830013002914476,6.965256809170339,7.143205742823749,6.770696153912217,7.591709415207913,6.579342982857718,6.760029771300565,7.277514957660255,7.689278054435755,7.225597970456422
ENSMUSG00000023030-P,7.093602364796387,6.805964304712917,6.712050713245607,6.915043026500959,6.066218622323608,6.446011476171514,6.881476248995693,6.55189090873659,7.3070383842294016,6.330617921309654,6.434631204278045,6.7731126614443875
ENSMUSG00000026784-P,3.108754376311148,0.0,2.1209125051964186,0.0,2.2610640585492225,0.0,3.449675285104147,0.9269160351229908,2.0668374318045664,2.3260509354779892,1.5682857555401204,2.99040787202365
ENSMUSG00000031027-P,4.295888232083969,2.385282137693864,2.9447421864177903,3.672910418501158,3.4413463201392127,3.9699169413802817,3.714971891269714,4.4414684486850105,3.4017693127773,3.7913753794272904,4.146242312574113,4.776027546772013
ENSMUSG00000036641-P,6.104126886993057,5.805240594843878,6.4791092270504125,6.0483859031686515,4.702478185292994,5.1635320886888865,5.307449543185963,6.155712582389329,5.759187964693586,6.480827361056254,6.756501792720863,6.555963629727359
ENSMUSG00000027690-P,0.8854767201948464,3.6573275499737368,2.9447421864177903,2.0723510249441515,0.0,0.0,1.0723621528571825,1.888937113351682,0.0,0.8502888279616356,1.9812250416989712,1.256646745267199
ENSMUSG00000072772-P,6.932800802247252,7.207502570429943,5.8566054495317035,5.13726953135435,5.071404898451995,3.0591668457024253,4.9438082645706585,3.4480132671647272,2.88349271729182,4.503175016645742,4.78317050436923,4.621744423540839
ENSMUSG00000033487-P,7.093602364796387,6.344557867405224,6.9906332538990155,6.694641682802472,5.9470859399840466,6.026367935175742,5.996926418439346,6.733913998053996,5.512714021628471,6.914402014547066,6.689398550647538,6.977803719707436
ENSMUSG00000029550-P,6.645915905382006,6.7784696542164165,6.633105176688304,6.679681392755137,6.979383056748432,7.015258342988247,7.506773887192525,7.494578034349297,7.087775361292764,6.762660872626339,7.01949785965146,7.184848736818501
ENSMUSG00000096971-P,4.813319392743866,4.883381819626282,5.154350736278495,3.672910418501158,3.629979818096817,3.9699169413802817,3.714971891269714,4.942038178517604,3.889659817380317,5.013980781063252,4.3684340633204695,4.5379393841988005
ENSMUSG00000037664-P,9.72711651876228,9.133905536058966,9.946797158904245,9.24780571251052,8.671214540731578,9.027294247420256,9.225828024944995,9.398964346698053,9.35976994880567,9.722479302907155,9.821996854471411,9.999431256520776
ENSMUSG00000106718-P,2.388706117066035,0.0,3.1401148593054975,3.546674232801226,2.0124825509743043,1.5027011960393286,1.680660685039108,2.203147957548002,3.889659817380317,2.5403176978191047,3.147646225708344,2.713165506010181
ENSMUSG00000002455-P,7.576008029668603,7.207502570429943,8.07132924693868,7.672627621883631,7.57495256495596,7.075341491119768,8.071453197834474,7.745413416081257,7.964597585039653,8.257800284042814,7.86376205761276,7.956014328170038
ENSMUSG00000106365-P,0.8854767201948464,1.6379488583154955,2.9447421864177903,2.0723510249441515,1.331922760884799,0.0,1.680660685039108,3.1875884978886755,2.659038723635503,2.0743161096747316,0.0,1.256646745267199
ENSMUSG00000087368-P,2.388706117066035,2.0594748867359756,3.1401148593054975,2.39897591795433,3.629979818096817,4.5238588630139445,2.1072261594039285,4.028615856195515,3.0776820435059644,4.282871356752379,0.9875105484522038,3.5987437213043223
ENSMUSG00000024335-P,10.000885850229308,9.617822972916798,9.473978089478951,9.06991410837631,8.883090324862666,9.001717990072775,9.600507941319774,8.878140240507621,8.961706926578957,9.338299089810848,9.157349941544648,9.14942727483944
ENSMUSG00000030782-P,4.577678006180544,3.0691532897951093,4.320598421947695,4.847138132682166,4.205538357102999,5.1635320886888865,4.9438082645706585,4.662923467500477,5.919829900154173,4.648802186528175,5.0200728362489775,4.252640047634348
ENSMUSG00000051074-P,2.6050793803100993,2.875129551690155,2.4505522388752183,1.0486348977274242,1.7119658979366703,1.5027011960393286,1.680660685039108,2.6797042233767265,2.0668374318045664,2.5403176978191047,0.9875105484522038,2.713165506010181
ENSMUSG00000055447-P,8.401968451684473,8.345304834682622,8.313354539753583,8.366846971638067,8.118535042835736,8.13730041080556,8.449181940081054,8.259787316222424,8.18088860562333,8.29146196753231,8.848410102287158,8.692270228344666
ENSMUSG00000021025-P,7.966524133233022,8.606036449605913,9.062632368768869,9.06991410837631,8.441787347881439,7.676265916525544,10.228606636913684,8.680001582476054,8.551727068978229,9.209225005477537,8.675412582387592,8.848280215577807
ENSMUSG00000049739-P,3.685183232254651,4.39685741355359,2.9447421864177903,4.1776902641883265,2.9686820998227965,4.634503922927148,2.4360270815356015,3.668538768064413,4.170853317022545,3.87269590566056,2.785877769442253,3.222863846480197
ENSMUSG00000070858-P,6.271719731796064,5.398777628998076,6.696603425132438,6.1166263933695815,6.7029596052207445,5.658515738115934,6.960255061028064,6.980343532312802,6.626681796745451,6.0967761409997285,6.315074436279856,6.374595070117787
ENSMUSG00000024491-P,7.213767618436221,7.122580475635362,7.666031859600305,6.989723158929618,6.582499145861972,6.505456903320894,6.783777335486467,7.285473412398336,6.017776016576882,7.314368248384675,7.401323913593947,7.085037243147694
ENSMUSG00000030079-P,5.466500628076533,6.267541297475601,4.961030935308618,4.4129752587859175,5.0047836626811755,5.5497675936882125,5.307449543185963,4.662923467500477,4.60827290644347,4.781068004890147,4.3684340633204695,4.700947400377628
ENSMUSG00000055044-P,3.3675282693871327,0.0,2.7187049314574803,2.39897591795433,3.224285379172325,0.0,3.588413176024308,2.461014499836793,4.170853317022545,2.891981879899189,2.301892742392315,2.3696596197532793
ENSMUSG00000091549-P,4.165710931605763,2.650896865013016,2.7187049314574803,3.408323889312746,0.8145010275868445,0.0,2.7036252497054964,0.9269160351229908,0.0,1.381684084294751,1.9812250416989712,2.99040787202365
ENSMUSG00000032372-P,5.1249483640572695,5.503248162004732,5.198887938145035,4.847138132682166,4.659814587745524,5.235518623091081,5.423215024556173,4.713355519152925,4.785582100135434,5.362578284149815,5.26096301051565,5.5065484011192165
ENSMUSG00000032009-P,7.663026048257712,7.678284853451743,7.337935011026634,7.274954053957853,6.360712035010066,7.375347962935621,6.549074361566092,7.234582300525569,6.920583026148906,6.825285165053963,7.164909917145757,7.471296846048657
ENSMUSG00000023967-P,6.785437691159334,6.692694629514694,6.442535014809602,6.2028656845377625,6.52423256029589,6.841609948557689,6.783777335486467,7.751459681686853,6.672514331525194,6.009573000801277,6.083803214208118,6.167102195354035
ENSMUSG00000028041-P,5.258688447768312,4.53471025753819,5.740886364650992,5.341172734347689,6.559474122283782,6.180215210348189,6.139163275707383,6.080857141803789,6.65739802656506,6.0450892352812815,5.782718799196082,6.221839498569228
ENSMUSG00000031864-P,4.356821614027285,4.39685741355359,4.961030935308618,4.6767834369679475,5.165901090879312,4.1295756828041315,5.137055989944297,4.249760164574368,3.4017693127773,4.648802186528175,4.146242312574113,4.847392928297673
ENSMUSG00000005131-P,2.9595846507288517,2.0594748867359756,2.1209125051964186,1.0486348977274242,0.0,0.0,1.0723621528571825,2.461014499836793,3.4017693127773,3.174505208994624,3.147646225708344,1.9179260834722285
ENSMUSG00000060512-P,3.685183232254651,3.5312132431986103,4.676063785822748,4.6767834369679475,4.475299840719172,5.899158476113273,4.720611921530422,5.376927246712734,4.170853317022545,5.362578284149815,4.3684340633204695,4.847392928297673
ENSMUSG00000030560-P,7.756444507701798,8.095279487053762,7.452726115035429,7.649779908173451,7.580681689096884,7.075341491119768,8.30066821852193,8.167839604923346,8.373572972351074,8.159951777420632,8.0464684694433,8.172953664682863
ENSMUSG00000053012-P,6.9722804556705,6.206954718790918,7.3772223455198205,6.952866259588724,5.46745288305082,6.973766144050385,5.137055989944297,6.839860740914613,6.37274768308604,7.439750214180604,7.241862895433261,7.085037243147694
ENSMUSG00000043639-P,2.793193551827114,4.660532175221,2.7187049314574803,1.6494513886902091,2.821611910686548,0.0,3.588413176024308,2.461014499836793,1.0449005473594477,2.891981879899189,4.298104939536926,1.9179260834722285
ENSMUSG00000029291-P,6.086244989960619,5.88475262004847,5.884140942768414,5.648301312529237,7.385025978805493,6.505456903320894,5.564399275391578,5.6077445694465435,5.578391154308508,6.400838964194045,5.647833510184462,5.672942976976067
ENSMUSG00000058492-P,1.4301513955146576,2.385282137693864,1.081723604305354,0.0,0.0,0.0,3.1243472247523707,3.037322543347878,0.0,0.0,0.9875105484522038,0.0
ENSMUSG00000020080-P,2.388706117066035,1.0399210909765384,1.081723604305354,2.0723510249441515,2.657829414999577,3.0591668457024253,2.4360270815356015,0.9269160351229908,1.644524637198008,2.3260509354779892,1.5682857555401204,3.222863846480197
ENSMUSG00000040701-P,4.47147194203123,0.0,3.312157763979618,3.672910418501158,2.4730436096981774,3.346054709805881,3.714971891269714,3.4480132671647272,3.889659817380317,4.397224232267905,3.436642487092037,3.4230107876057687
ENSMUSG00000041408-P,7.27819149808844,7.345055888559737,7.592822371218427,6.618238890275671,6.235566218317155,6.696115676779869,6.565966609460035,6.592875585147518,6.017776016576882,7.254942472704976,6.997474502504033,6.8619550407191126
ENSMUSG00000026687-P,6.333660700546816,7.238102381426646,6.442535014809602,6.416453970866329,6.373969992103485,5.5497675936882125,6.549074361566092,6.001904191842039,6.496827043436045,6.544255226507444,6.529770084446827,5.672942976976067
ENSMUSG00000102687-P,2.388706117066035,2.385282137693864,2.1209125051964186,2.39897591795433,2.0124825509743043,4.5238588630139445,2.7036252497054964,2.203147957548002,1.644524637198008,3.0401483485866754,1.5682857555401204,2.99040787202365
ENSMUSG00000026029-P,5.0531221375566435,5.721089460469773,5.440600237020426,5.046890362083916,4.823384168558622,4.923132308808885,5.723423689788241,5.7352524005339065,5.701403726240479,5.471009825516781,5.975307404046377,6.050973347241968
ENSMUSG00000027706-P,10.191713243653446,10.089920172024,10.379317060191518,10.297728816360967,9.915959135692518,9.73445511195562,10.55373859957652,10.339889239879575,10.750170885544785,10.740027635560018,10.649119786545134,10.771053934489435
ENSMUSG00000071180-P,6.318422987212532,4.244427258259998,6.8580558033850805,6.586507652547867,5.695777156575738,6.644163487368492,4.779730753820537,6.61956583080594,5.173383165887978,6.286783861717844,6.619021271823814,6.350232764440913
ENSMUSG00000021254-P,4.723626755540068,5.662131822406488,3.847872573248563,4.1776902641883265,5.3912607196186,1.5027011960393286,3.8313182420880993,4.316533778507413,3.989605695113597,3.705195797462184,4.224170896552707,5.10205063677679
ENSMUSG00000064294-P,3.685183232254651,4.073968251671055,3.847872573248563,4.338730241934797,3.715787584620155,1.5027011960393286,2.929268684986816,2.8695660282412425,3.989605695113597,4.397224232267905,4.435493525991653,3.7553763845397103
ENSMUSG00000022312-P,6.658072142130344,6.553639072446206,7.266497651823866,7.371210579117124,7.52234014975863,6.794723471516282,7.2695889600864545,7.6254403355709055,7.882475121847002,7.364430710312312,7.314918243284739,6.912747642871415
ENSMUSG00000019699-P,4.938197499381258,5.398777628998076,5.364442063119361,4.6767834369679475,6.387107220958335,4.404017924202715,5.347079195864581,5.710636475970664,6.017776016576882,5.496890525893949,5.730268111645454,5.367808596147874
ENSMUSG00000020477-P,7.362324066183204,6.7218566275685205,6.616784111607793,6.181784319138248,6.80437252742435,6.696115676779869,6.021627860853612,6.191732474661941,6.8155566405638615,6.162931855610215,6.4181463863879,6.274575705700078
ENSMUSG00000023341-P,0.8854767201948464,0.0,1.692929958963774,0.0,0.0,0.0,4.132832161798551,0.0,0.0,0.8502888279616356,1.5682857555401204,2.3696596197532793
ENSMUSG00000103657-P,1.4301513955146576,0.0,2.7187049314574803,2.0723510249441515,2.0124825509743043,0.0,2.929268684986816,0.9269160351229908,0.0,2.3260509354779892,0.0,2.3696596197532793
ENSMUSG00000026896-P,4.769169988050185,4.598992446943178,4.320598421947695,4.950468643575782,4.743916282379703,3.9699169413802817,5.893660771919597,4.028615856195515,4.728866279791471,4.977680582447654,4.83376542989838,4.776027546772013
ENSMUSG00000020248-P,5.894062815348182,5.246561304449785,5.679349094352874,6.0483859031686515,5.491981569483636,4.634503922927148,5.423215024556173,5.918379035960999,4.728866279791471,5.85806032627422,6.184707347148136,5.957298958075648
ENSMUSG00000021482-P,5.809398302286746,5.777732016175443,5.79990582984467,5.648301312529237,5.196072694862246,3.790364895494528,5.597637418736228,5.407881163815295,5.039872004732743,5.837951504031949,5.367831884023063,5.9246719765045155
ENSMUSG00000023249-P,5.8523515365022565,5.960110414283344,5.198887938145035,5.450975782228282,5.03847880351046,5.235518623091081,6.16156348448748,4.983725874778318,6.087104665898618,5.643122282355173,5.434918702122314,4.980333374892511
ENSMUSG00000087640-P,0.0,0.0,1.081723604305354,1.0486348977274242,1.331922760884799,0.0,1.0723621528571825,1.4866706657115965,0.0,0.0,0.0,0.0
ENSMUSG00000072704-P,7.171991069646698,7.462012401241368,7.601142645753969,7.618742303540556,6.926375177863266,5.9851986083318645,6.531981979840145,7.571779830936428,6.842538684127176,7.328849948936821,7.375941206785225,7.719724135517678
ENSMUSG00000020135-P,3.243935543900742,1.6379488583154955,1.081723604305354,3.408323889312746,5.310819205510419,3.9699169413802817,3.449675285104147,3.1875884978886755,4.083073932513149,3.5156624624613326,4.56092862000084,4.025327408372177
ENSMUSG00000031657-P,4.577678006180544,5.503248162004732,4.320598421947695,4.61521471622295,4.823384168558622,3.0591668457024253,3.2961620850227487,4.662923467500477,4.840152365914312,5.214466084194152,4.619780160286661,4.847392928297673
ENSMUSG00000046947-P,2.793193551827114,2.875129551690155,3.312157763979618,3.7889841620889375,4.144957985997145,5.942819859974084,4.594569219566535,3.767326996465912,4.331850957763941,4.451172027377437,3.436642487092037,4.915393872976637
ENSMUSG00000034930-P,5.5207639599744525,6.344557867405224,5.615069586916494,5.976756635080908,5.491981569483636,4.404017924202715,5.307449543185963,5.710636475970664,6.37274768308604,6.009573000801277,5.590138259223642,5.633108708906212
ENSMUSG00000022561-P,7.523820612955406,7.326190309514525,7.367500356130664,7.702539053671163,7.290308331235175,7.714554440999019,8.612563578090823,7.937975467081717,8.242962807992255,8.006258305436493,8.078291862788296,7.864367833053538
ENSMUSG00000097626-P,3.4813634719760502,0.0,4.611634412683991,3.896410477907952,3.336894247939065,1.5027011960393286,0.0,1.888937113351682,1.644524637198008,3.87269590566056,4.146242312574113,4.700947400377628
ENSMUSG00000031583-P,4.856157757026546,4.983100341839197,4.90836353686475,4.847138132682166,4.015586386094761,5.1635320886888865,4.9438082645706585,3.9466673111887647,5.295578618849955,5.5718583702669555,5.104917934158347,5.26730081503223
ENSMUSG00000044317-P,3.685183232254651,0.0,3.731421765117163,2.8897518575227275,3.336894247939065,0.0,2.7036252497054964,2.8695660282412425,4.170853317022545,2.891981879899189,2.301892742392315,1.256646745267199
ENSMUSG00000001441-P,8.707043227939746,7.217774790613513,9.059616673076574,8.684157734239852,7.504367489962307,7.988993866126806,7.854872046950275,8.280842192579147,7.927274859218645,8.649716219502592,9.067715521171989,9.088137183304728
ENSMUSG00000037742-P,9.12121742412723,10.241091634694614,7.984949838448096,7.739076802731938,7.54009166372187,6.562549541177046,7.195537753265302,7.020954161743021,7.18585149362216,7.364430710312312,7.935015595025448,7.621356052574392
ENSMUSG00000001054-P,5.547148967576114,4.660532175221,5.937683736208367,5.585477889119275,5.586127205074772,6.066394959369792,5.692990272910709,6.436540276334898,5.671619863072131,5.688748114137347,6.062746991028016,5.749456405487739
ENSMUSG00000021886-P,3.108754376311148,1.0399210909765384,3.312157763979618,2.0723510249441515,1.7119658979366703,0.0,1.680660685039108,1.4866706657115965,2.0668374318045664,3.5156624624613326,2.5640862732757217,2.713165506010181
ENSMUSG00000031157-P,6.95267567087344,6.805964304712917,6.497054407462844,6.649287211316158,6.638503567430414,7.133022111971869,6.724827521564999,6.828465852322095,6.611074908457811,6.751954012747458,6.743328514341886,6.809308734841607
ENSMUSG00000037326-P,5.193367590653768,5.076369719801864,5.011843170389213,5.302632627565788,5.225626213342285,5.658515738115934,5.224766906985408,5.6077445694465435,5.7305851300136235,5.013980781063252,5.26096301051565,5.711706868649924
ENSMUSG00000046351-P,6.932800802247252,7.043938106933951,6.6492436667156465,6.323267352821728,6.016361302615454,6.721406648104455,5.811051758636241,7.000791736613788,6.216502681343285,7.111546471002956,6.4014710269899595,6.490593004100329
ENSMUSG00000030605-P,9.789227281018343,9.078617471492128,9.883400799023612,9.98128209091648,9.843944031379742,10.140500829440851,11.006155245013495,11.108561887512703,11.311808279253317,10.261827974803856,10.494565522589472,10.23720617857846
ENSMUSG00000030108-P,3.5868697456056577,2.875129551690155,2.9447421864177903,3.2552851184922167,4.475299840719172,5.432148998233806,1.680660685039108,4.179745383959693,2.88349271729182,3.0401483485866754,2.5640862732757217,4.025327408372177
ENSMUSG00000042349-P,1.4301513955146576,5.030488625837066,2.4505522388752183,0.0,2.4730436096981774,1.5027011960393286,2.7036252497054964,2.203147957548002,3.2488069851981782,3.297408618726716,1.5682857555401204,0.0
ENSMUSG00000037012-P,8.709965556569177,8.418380589395063,9.092447609335595,8.940972362091253,9.073903376386834,9.282239929648377,9.5355302111509,9.395107436274426,9.283056194098988,9.261116043339538,9.36941232843942,9.191174862444358
ENSMUSG00000040640-P,4.47147194203123,4.934102472483744,4.611634412683991,4.735831830703193,5.71674142656864,0.0,4.8365220755324145,3.037322543347878,3.889659817380317,4.282871356752379,4.676324781005206,4.776027546772013
ENSMUSG00000039943-P,6.740413168164881,5.600661764733968,6.9125572762258924,6.486898448837102,5.674503750290033,6.180215210348189,5.564399275391578,6.645771255494283,5.894267903417416,6.952308622465345,6.95239279219562,6.7359850352559345
ENSMUSG00000056598-P,6.086244989960619,6.247627144948942,6.326896664973563,6.3038853325675115,5.71674142656864,6.319225858587806,6.582663356046102,6.436540276334898,6.174646428674754,6.286783861717844,6.165083224097141,6.248448553326723
ENSMUSG00000037736-P,6.4640085324019,7.86632285709099,6.665203621282266,6.649287211316158,5.999351815217811,6.285708641057265,6.368290776116931,6.7819643831773115,5.919829900154173,7.00736405030181,7.164909917145757,7.4485265179357185
ENSMUSG00000095677-P,2.388706117066035,2.385282137693864,0.0,0.0,1.331922760884799,0.0,2.929268684986816,0.9269160351229908,2.3931131584133563,1.381684084294751,0.9875105484522038,1.256646745267199
ENSMUSG00000004098-P,2.1340565645548835,0.0,2.4505522388752183,1.6494513886902091,1.331922760884799,0.0,0.0,2.8695660282412425,1.644524637198008,0.0,2.785877769442253,1.256646745267199
ENSMUSG00000100075-P,0.8854767201948464,0.0,1.081723604305354,1.6494513886902091,1.331922760884799,0.0,0.0,0.0,1.644524637198008,2.3260509354779892,1.9812250416989712,1.256646745267199
ENSMUSG00000031918-P,5.914474767210485,6.121999400805971,5.79990582984467,5.585477889119275,5.817222987711869,4.73726435659949,6.139163275707383,5.939718030230672,5.944946857524697,5.54729940335648,5.997669135225367,5.749456405487739
ENSMUSG00000035152-P,6.363661642594106,5.120836548556326,7.224029782129626,7.304511277403748,6.220966586154782,7.075341491119768,6.045913481318784,6.851166333688574,5.255985743248763,7.254942472704976,7.597092308062832,7.238929229176315
ENSMUSG00000104339-P,2.793193551827114,4.983100341839197,2.9447421864177903,2.6651330491191443,3.4413463201392127,3.5852470377747543,3.588413176024308,1.888937113351682,2.3931131584133563,4.092312020475909,2.785877769442253,1.9179260834722285
ENSMUSG00000038717-P,6.491442206748411,6.4353840748207505,5.963727936145781,5.180420924640742,3.715787584620155,4.1295756828041315,6.116409774256625,5.17580777936811,5.545926290761863,5.775886569943317,5.22350537382003,5.857117316594801
ENSMUSG00000019464-P,3.3675282693871327,4.830812807127612,3.465852944286889,1.6494513886902091,2.821611910686548,0.0,3.714971891269714,3.037322543347878,4.083073932513149,3.7913753794272904,4.146242312574113,3.5987437213043223
ENSMUSG00000038990-P,4.415285379732288,5.362202548592466,4.611634412683991,3.0840644739229504,4.702478185292994,3.790364895494528,3.588413176024308,3.9466673111887647,4.669829260738149,3.705195797462184,4.730736538492143,4.354139119526331
ENSMUSG00000025437-P,6.583549105971545,6.910984637342377,6.87187540879711,6.537562555216269,6.373969992103485,6.105341362990655,6.4433437939658145,6.758139227069784,5.868244811375232,6.78383912040238,6.560138125621913,6.300238100600774
ENSMUSG00000051224-P,0.8854767201948464,2.650896865013016,1.692929958963774,0.0,1.331922760884799,0.0,0.0,1.4866706657115965,1.644524637198008,1.7691731579606451,2.301892742392315,1.256646745267199
ENSMUSG00000078485-P,0.8854767201948464,2.385282137693864,1.692929958963774,0.0,2.2610640585492225,0.0,2.4360270815356015,0.9269160351229908,3.2488069851981782,1.7691731579606451,3.5619819391917837,2.713165506010181
ENSMUSG00000021392-P,5.4938874012688155,3.7732982502252463,5.79990582984467,5.13726953135435,4.898702315377067,5.304083292016831,5.597637418736228,6.041920696975281,4.785582100135434,6.0625247674531915,5.782718799196082,5.857117316594801
ENSMUSG00000021686-P,7.576008029668603,7.287702526790173,7.515698343040293,7.193039746417023,6.220966586154782,6.644163487368492,6.783777335486467,6.980343532312802,7.267763064143851,7.254942472704976,7.749814644256391,7.471296846048657
ENSMUSG00000044134-P,4.577678006180544,3.0691532897951093,4.149621034948442,4.550900891626236,4.702478185292994,1.5027011960393286,3.8313182420880993,4.762084009432767,4.943465455302347,4.648802186528175,4.619780160286661,3.222863846480197
ENSMUSG00000024975-P,7.001196988871381,7.335653936075349,7.266497651823866,7.380492223052712,6.6274752579859175,5.658515738115934,6.82646090451578,7.098898912626173,6.788060331245916,7.4128140749985265,7.589750988090875,7.291055508776876
ENSMUSG00000002844-P,6.531638719393959,6.206954718790918,6.15670978496556,6.586507652547867,6.988031397017051,6.770696153912217,7.310257662816774,6.862384019298687,6.5632149304091545,6.855606562888967,6.857769533194927,6.020419407946366
ENSMUSG00000029270-P,6.436043062252849,6.206954718790918,6.385874145129482,6.284239372822203,6.438491567432086,5.0077952890480475,6.045913481318784,5.7352524005339065,6.109493120358433,6.387065528694904,6.315074436279856,6.274575705700078
ENSMUSG00000029684-P,7.530448216847237,7.400216115201566,7.712852496388981,7.434961995910716,6.6274752579859175,6.994661403874842,7.453303833725307,7.117744436944952,5.759187964693586,7.844333043909637,7.81422632691213,7.923357949918777
ENSMUSG00000017697-P,2.6050793803100993,0.0,0.0,1.0486348977274242,0.0,0.0,2.1072261594039285,0.9269160351229908,2.659038723635503,0.0,0.0,0.0
ENSMUSG00000022812-P,8.383783595836977,8.263379094833114,8.682217615084678,8.240014654550583,7.510383288441547,7.946728102822389,7.827114607849546,8.069630436213552,7.0990078146874165,8.398312330667443,8.518011697343276,8.721056025782945
ENSMUSG00000053749-P,0.0,0.0,0.0,0.0,2.2610640585492225,0.0,0.0,0.9269160351229908,3.2488069851981782,0.0,0.9875105484522038,1.9179260834722285
ENSMUSG00000025323-P,5.466500628076533,4.983100341839197,5.154350736278495,5.180420924640742,5.1035962704463325,4.73726435659949,5.459827368535989,5.918379035960999,4.785582100135434,5.85806032627422,5.997669135225367,5.891290019019173
ENSMUSG00000034863-P,3.945361835709526,3.5312132431986103,4.796884171909007,5.046890362083916,4.823384168558622,6.026367935175742,5.347079195864581,5.102014708421716,5.701403726240479,5.214466084194152,5.367831884023063,5.461768057669626
ENSMUSG00000068762-P,2.6050793803100993,0.0,1.081723604305354,2.6651330491191443,2.0124825509743043,1.5027011960393286,2.7036252497054964,1.4866706657115965,2.88349271729182,1.7691731579606451,2.978071989188756,3.4230107876057687
ENSMUSG00000068335-P,5.5730600817772,4.934102472483744,5.28403843562497,4.61521471622295,4.784197321922532,3.346054709805881,4.994600610353493,5.660107599879281,5.919829900154173,4.977680582447654,5.833329293702817,5.10205063677679
ENSMUSG00000021215-P,3.108754376311148,2.385282137693864,2.9447421864177903,2.8897518575227275,3.629979818096817,0.0,3.714971891269714,3.1875884978886755,3.540057190346136,3.7913753794272904,3.784073490652618,4.1434560588218705
ENSMUSG00000085197-P,3.3675282693871327,0.0,1.692929958963774,1.6494513886902091,0.0,0.0,1.0723621528571825,0.0,0.0,1.381684084294751,2.301892742392315,0.0
ENSMUSG00000091007-P,3.8637402043734568,0.0,2.4505522388752183,2.6651330491191443,2.657829414999577,0.0,0.0,1.4866706657115965,2.3931131584133563,1.381684084294751,1.9812250416989712,2.3696596197532793
ENSMUSG00000028133-P,2.793193551827114,0.0,3.731421765117163,3.2552851184922167,2.9686820998227965,0.0,1.0723621528571825,3.3236691687308055,3.540057190346136,2.3260509354779892,3.883488798682337,3.5987437213043223
ENSMUSG00000031112-P,3.945361835709526,4.467429729259378,4.737738392123119,4.550900891626236,3.336894247939065,3.346054709805881,4.303696860985152,4.4414684486850105,3.7822711559702658,3.7913753794272904,4.619780160286661,4.1434560588218705
ENSMUSG00000028700-P,8.46905305804687,8.885951002899963,8.191913023405792,8.224635922832288,8.157390740843416,7.935965313440477,8.93862657440166,8.953506631459579,9.12170501746017,8.32435611428365,8.696071188036777,8.6678353862637
ENSMUSG00000032018-P,7.093602364796387,7.155014863443871,6.063443230614204,6.138674301186425,6.066218622323608,6.066394959369792,6.3093222301236445,6.390789667456393,6.409301076360799,6.3161540459107695,6.845493036213632,6.350232764440913
ENSMUSG00000030304-P,7.582400694794115,7.277917981306087,7.735705062645891,7.642082882088339,6.7443840735333245,7.094825729073938,7.279864117263825,7.775394489721295,7.24771703266975,8.155896361931056,7.958005630869996,8.234145908784384
ENSMUSG00000054364-P,5.258688447768312,5.362202548592466,5.8566054495317035,6.26432218570348,7.28329875264631,6.216243625116345,7.656231775787445,5.345294605051995,7.627143250218181,6.544255226507444,5.975307404046377,6.5979543869599
ENSMUSG00000029878-P,1.824615078778005,4.660532175221,1.692929958963774,2.8897518575227275,4.205538357102999,1.5027011960393286,2.7036252497054964,0.0,3.0776820435059644,2.5403176978191047,1.5682857555401204,3.7553763845397103
ENSMUSG00000057181-P,5.5730600817772,3.2401496723740513,5.28403843562497,5.585477889119275,4.319563355021934,5.0877641140301835,4.891162234118836,4.4414684486850105,2.3931131584133563,5.496890525893949,4.619780160286661,4.915393872976637
ENSMUSG00000050321-P,2.388706117066035,1.6379488583154955,2.1209125051964186,2.6651330491191443,3.796776971595652,3.0591668457024253,4.039158644825996,1.888937113351682,2.88349271729182,1.381684084294751,2.785877769442253,4.025327408372177
ENSMUSG00000021957-P,7.838850094285733,7.155014863443871,8.589080918331511,8.95967104749037,8.320347971251493,8.905696759019948,9.369861875292283,9.25955479662569,9.048275399374305,8.744582778038536,9.35216061658265,9.251614973808184
ENSMUSG00000030265-P,7.406227267312388,6.792282477052913,7.180273794158769,7.224305167758501,6.681792624089655,6.841609948557689,6.7097058591098095,7.5301826677412125,6.546902157039615,7.48571118884169,7.426267748649455,7.471296846048657
ENSMUSG00000052566-P,4.897760704709805,4.53471025753819,4.90836353686475,4.792558148668228,3.796776971595652,3.0591668457024253,4.9438082645706585,4.316533778507413,5.173383165887978,5.083950900083653,4.676324781005206,5.10205063677679
ENSMUSG00000030256-P,5.438583893485182,5.324676047276037,4.961030935308618,5.415295331931612,5.71674142656864,3.9699169413802817,4.303696860985152,4.179745383959693,4.943465455302347,4.940443394064977,4.882645958734499,5.461768057669626
ENSMUSG00000022361-P,7.075588720803555,6.923590523943039,6.899123714766216,7.213958463917803,5.539822206206257,6.105341362990655,6.247840314815037,6.7819643831773115,6.37274768308604,7.016339102765241,7.203899426957918,7.024740167738741
ENSMUSG00000028383-P,6.421854381723968,6.948476592165153,6.78689949007841,6.554062779302044,6.871345134566232,6.670373422567839,6.73979232841196,6.645771255494283,6.236984059880915,6.441387448538115,6.820622128785795,6.490593004100329
ENSMUSG00000017221-P,7.936896947783524,7.133473159875435,8.095088057140165,8.193377746848023,8.08667897359014,8.378965585496072,8.407617042257675,8.540312157575462,9.00414749557269,8.127184701571544,8.232382574655139,8.330696293782582
ENSMUSG00000021481-P,5.0531221375566435,3.8806363051174015,4.05587983054342,4.26045608645493,4.523687636437971,3.0591668457024253,4.891162234118836,4.380353079586573,4.543972575687705,4.451172027377437,4.224170896552707,4.776027546772013
ENSMUSG00000020752-P,4.676598809853049,5.805240594843878,4.473442871464264,4.089885726687541,5.0047836626811755,5.0877641140301835,4.594569219566535,3.4480132671647272,4.083073932513149,4.553368554348876,4.619780160286661,4.025327408372177
ENSMUSG00000041642-P,2.6050793803100993,1.0399210909765384,2.4505522388752183,1.6494513886902091,3.715787584620155,0.0,2.929268684986816,1.888937113351682,2.88349271729182,3.410658846623913,2.785877769442253,1.9179260834722285
ENSMUSG00000031147-P,2.6050793803100993,4.39685741355359,2.4505522388752183,3.672910418501158,2.9686820998227965,1.5027011960393286,2.7036252497054964,2.203147957548002,3.540057190346136,1.7691731579606451,3.2993686457991767,2.713165506010181
ENSMUSG00000038084-P,6.922759740799744,7.444624757409113,6.4791092270504125,6.1166263933695815,6.176259726847314,6.105341362990655,6.647582562884117,6.862384019298687,6.842538684127176,6.55661290465285,6.661658239426168,6.194730429945663
ENSMUSG00000066113-P,6.705697977596473,6.846248088414331,6.801414288850573,6.649287211316158,6.6051624614810605,7.151747648744467,7.640369694862379,7.751459681686853,6.642121657010994,7.48571118884169,7.008528205166074,7.238929229176315
ENSMUSG00000051043-P,7.163488604784141,6.121999400805971,7.064699951249005,6.679681392755137,7.07989104656312,6.216243625116345,8.12942226865719,8.040297375578769,7.373297928382081,7.350303532424038,7.633248791840027,7.341363895940468
ENSMUSG00000042797-P,6.318422987212532,6.6171015193368765,6.133952293360991,5.875359050792234,5.77786612320858,4.634503922927148,6.021627860853612,6.041920696975281,6.19572634422963,6.113601637931112,6.2040681132011395,6.020419407946366
ENSMUSG00000028030-P,4.676598809853049,3.3930092982402096,4.237641117119119,4.483585706841648,4.970282690265146,4.273312842081705,4.132832161798551,4.610664411920954,4.406077991232827,4.694251536510696,4.56092862000084,4.776027546772013
ENSMUSG00000028484-P,7.523820612955406,6.936087217065171,7.965747383223005,7.602969456622795,6.72382051317692,6.590270361239926,6.461512458635819,7.894924357364677,6.109493120358433,8.118875313286246,8.144924902089238,8.158995575158547
ENSMUSG00000045817-P,4.232267354256176,4.244427258259998,2.7187049314574803,2.39897591795433,0.8145010275868445,4.5238588630139445,2.4360270815356015,1.4866706657115965,1.644524637198008,2.891981879899189,2.785877769442253,2.3696596197532793
ENSMUSG00000031808-P,6.633656368408126,7.100545231464982,6.844102538328743,6.46960716842231,6.512291437784244,7.035565359850299,7.010481565702379,6.917200246887342,6.842538684127176,7.111546471002956,7.223006030218317,6.912747642871415
ENSMUSG00000021676-P,7.441819516040014,7.391167961404012,7.939739944126996,7.702539053671163,5.982139389596693,6.105341362990655,7.330170030190688,7.670809881824164,7.400789044773967,8.159951777420632,8.409613398978037,8.576275924851052
ENSMUSG00000027523-P,11.672906316662315,11.96444331254492,11.594159928490413,11.623617874915222,11.366585459171906,10.6053266499142,11.40095586827136,11.381366192517817,11.661117806705416,11.52920188495786,11.821192815095117,11.800169233578554
ENSMUSG00000037716-P,3.108754376311148,1.6379488583154955,3.847872573248563,3.0840644739229504,3.5387438725858185,2.222636313675174,0.0,2.461014499836793,3.989605695113597,3.705195797462184,3.677297157552445,3.222863846480197
ENSMUSG00000070319-P,7.91680198591506,7.7222400581914,7.47100039603904,6.94036837154877,7.15860958304029,7.259266925501492,7.227740493958753,6.805402466164583,7.717369021323715,6.825285165053963,6.92931241817933,7.009263736142881
ENSMUSG00000024472-P,5.934601945273793,7.176239641921969,6.179113860938536,5.794341827244804,4.823384168558622,5.899158476113273,6.0932916571563975,6.311158980409005,5.841743683213001,5.471009825516781,5.857983954661776,5.891290019019173
ENSMUSG00000007476-P,6.892210310197238,6.910984637342377,7.357712407761936,7.117339071714915,7.218631116745104,6.351982039129281,8.157556101260738,6.770100986655095,7.571782173480742,7.419595404786818,7.426267748649455,7.303798025795707
ENSMUSG00000041308-P,7.503753139867543,6.960760476792537,7.666031859600305,7.578982065309329,5.364942112134154,7.293396834315661,6.694424017978742,7.551131165295002,6.041257694906058,7.661908593146774,7.574955317169453,7.600851191461097
ENSMUSG00000033436-P,7.221979697164291,7.601912486725508,7.758201277212933,7.343001893784018,8.054103578975456,7.151747648744467,8.118013299002794,8.098378958470615,8.042296089806664,7.978972096267818,8.03028960336484,7.906748311831864
ENSMUSG00000034579-P,0.8854767201948464,0.0,0.0,0.0,2.2610640585492225,0.0,2.1072261594039285,0.0,0.0,2.0743161096747316,0.9875105484522038,0.0
ENSMUSG00000038545-P,5.547148967576114,6.186180275763554,5.79990582984467,5.263034636753109,5.46745288305082,5.9851986083318645,5.224766906985408,5.8066761929904,5.944946857524697,5.596006258431614,5.730268111645454,6.350232764440913
ENSMUSG00000042831-P,6.728934004170036,6.662930981362654,6.133952293360991,5.848855631104863,5.586127205074772,5.899158476113273,5.385649294638699,6.862384019298687,6.277094630689882,6.009573000801277,6.041378893527714,5.549980533610538
ENSMUSG00000030217-P,0.0,4.71955390134089,1.692929958963774,2.0723510249441515,2.657829414999577,0.0,2.1072261594039285,2.203147957548002,1.644524637198008,3.174505208994624,0.0,2.713165506010181
ENSMUSG00000065799-P,0.0,2.385282137693864,1.081723604305354,1.0486348977274242,0.0,0.0,0.0,2.203147957548002,0.0,3.5156624624613326,0.9875105484522038,1.9179260834722285
ENSMUSG00000022085-P,2.6050793803100993,0.0,2.7187049314574803,2.0723510249441515,0.8145010275868445,0.0,0.0,2.461014499836793,2.659038723635503,2.0743161096747316,2.785877769442253,1.256646745267199
ENSMUSG00000029840-P,8.412770348705715,8.562368836845032,8.37287691088513,8.21947303234985,7.827117544260554,8.050157779526485,7.671921351921786,7.827838676000046,7.875960065831572,7.854378114391781,7.940797541103858,8.019189794511593
ENSMUSG00000105970-P,0.8854767201948464,0.0,1.081723604305354,2.0723510249441515,1.331922760884799,0.0,0.0,2.461014499836793,1.0449005473594477,0.0,0.0,3.5987437213043223
ENSMUSG00000021904-P,2.793193551827114,2.875129551690155,3.731421765117163,3.896410477907952,1.7119658979366703,1.5027011960393286,2.4360270815356015,3.9466673111887647,3.540057190346136,3.613539375051084,2.785877769442253,3.4230107876057687
ENSMUSG00000105607-P,2.1340565645548835,5.805240594843878,2.7187049314574803,1.0486348977274242,3.336894247939065,0.0,2.929268684986816,3.037322543347878,1.644524637198008,3.87269590566056,0.0,1.256646745267199
ENSMUSG00000033502-P,3.5868697456056577,2.875129551690155,3.847872573248563,3.99638896868576,1.7119658979366703,5.304083292016831,2.4360270815356015,2.461014499836793,1.644524637198008,1.7691731579606451,2.978071989188756,4.252640047634348
ENSMUSG00000090877-P,2.6050793803100993,2.385282137693864,3.731421765117163,2.6651330491191443,4.425232634826587,5.369536702021671,1.0723621528571825,3.3236691687308055,0.0,4.8629553682010584,3.147646225708344,2.3696596197532793
ENSMUSG00000044813-P,3.5868697456056577,3.98053834928957,4.05587983054342,3.672910418501158,4.205538357102999,2.222636313675174,3.8313182420880993,4.028615856195515,4.253596790705888,3.87269590566056,3.784073490652618,3.4230107876057687
ENSMUSG00000030268-P,2.1340565645548835,0.0,0.0,1.0486348977274242,4.743916282379703,4.634503922927148,3.588413176024308,0.0,2.0668374318045664,1.381684084294751,3.147646225708344,2.3696596197532793
ENSMUSG00000031967-P,6.932800802247252,6.227434256639141,6.9779104999035555,6.889265160020245,6.713427764125837,6.6174685627395045,7.128892167901669,7.494578034349297,7.316692394232792,7.00736405030181,6.905856790644351,7.252138427119792
ENSMUSG00000028977-P,0.0,3.8806363051174015,1.081723604305354,1.6494513886902091,3.224285379172325,0.0,1.0723621528571825,0.9269160351229908,1.644524637198008,2.3260509354779892,1.9812250416989712,2.3696596197532793
ENSMUSG00000090110-P,2.793193551827114,1.0399210909765384,3.604739428120841,1.0486348977274242,2.0124825509743043,0.0,3.449675285104147,4.179745383959693,3.4017693127773,3.297408618726716,2.978071989188756,1.256646745267199
ENSMUSG00000048106-P,5.089482198528558,5.030488625837066,5.547791996674059,4.999484889422392,4.702478185292994,5.304083292016831,5.043665381412245,5.467865125388594,4.785582100135434,5.897456161246051,5.590138259223642,5.0424752552067345
ENSMUSG00000026563-P,5.089482198528558,4.660532175221,5.403023629280852,5.450975782228282,5.539822206206257,5.369536702021671,5.630127004574053,6.770100986655095,5.919829900154173,5.775886569943317,5.5300392365001345,5.592143269759895
ENSMUSG00000046157-P,5.321179439793231,5.662131822406488,5.79990582984467,5.976756635080908,5.999351815217811,6.644163487368492,7.38830939132038,6.592875585147518,6.041257694906058,6.113601637931112,6.434631204278045,5.957298958075648
ENSMUSG00000047067-P,5.993351625606638,3.7732982502252463,5.911160717188953,5.48579504648697,5.44249993647718,4.73726435659949,5.564399275391578,6.061520270843222,5.919829900154173,5.417812516162077,5.906064183415077,5.822115496419822
ENSMUSG00000067928-P,3.4813634719760502,4.830812807127612,3.312157763979618,3.672910418501158,3.224285379172325,5.1635320886888865,2.929268684986816,3.1875884978886755,0.0,3.297408618726716,3.147646225708344,3.7553763845397103
ENSMUSG00000047181-P,3.945361835709526,2.650896865013016,3.847872573248563,3.99638896868576,5.737405416211542,4.404017924202715,3.588413176024308,4.899109951823938,4.728866279791471,3.410658846623913,3.883488798682337,4.448964308292506
ENSMUSG00000038880-P,6.531638719393959,6.1437118208118715,6.326896664973563,6.244126177249473,6.306427175811655,6.931045194837544,6.406305288417043,6.632728042457236,6.427236233216999,6.17900741655958,6.6045242579786025,6.3985528002142384
ENSMUSG00000034786-P,0.0,4.322654555413567,1.692929958963774,2.39897591795433,3.336894247939065,0.0,1.0723621528571825,4.106158662722397,3.666241375023308,2.5403176978191047,2.785877769442253,2.99040787202365
ENSMUSG00000053746-P,3.685183232254651,0.0,4.149621034948442,3.408323889312746,2.9686820998227965,0.0,2.4360270815356015,3.767326996465912,3.2488069851981782,3.410658846623913,3.677297157552445,3.222863846480197
ENSMUSG00000032740-P,6.363661642594106,5.662131822406488,7.076682974476355,6.46960716842231,6.11441034989468,6.446011476171514,5.091116240655791,6.42145070524118,5.512714021628471,7.307072518307702,6.940898759950688,7.225597970456422
ENSMUSG00000028701-P,5.258688447768312,5.324676047276037,5.740886364650992,5.302632627565788,5.364942112134154,5.492156600525017,4.8365220755324145,5.139383001929164,5.085762338984941,5.362578284149815,5.401765208785627,5.26730081503223
ENSMUSG00000003360-P,3.945361835709526,2.0594748867359756,4.611634412683991,4.899728298865276,4.263677074451982,4.73726435659949,4.720611921530422,3.859782068540047,3.2488069851981782,4.694251536510696,4.499573887818065,4.448964308292506
ENSMUSG00000032172-P,2.6050793803100993,1.6379488583154955,2.7187049314574803,4.550900891626236,4.823384168558622,1.5027011960393286,3.714971891269714,2.6797042233767265,3.0776820435059644,3.174505208994624,4.146242312574113,2.99040787202365
ENSMUSG00000041720-P,6.922759740799744,7.066848170512441,6.514779113629807,7.001802477877632,7.03051213383834,7.224309999433207,7.541350423790568,7.472785699380918,7.345272765105936,6.815034743864564,7.0411900695977465,7.184848736818501
ENSMUSG00000047371-P,5.623526652131811,3.98053834928957,6.326896664973563,5.519793718167039,5.516100181801795,6.534285623980695,6.2267499791404335,5.376927246712734,6.702279923604359,6.762660872626339,6.661658239426168,6.697876637342029
ENSMUSG00000040761-P,7.093602364796387,7.122580475635362,7.100354499030833,6.822730382943682,7.055412840494967,7.391194019297933,7.841060082978882,7.060452865103809,7.326282232161117,7.299739706011485,7.604396459936451,7.526698291546111
ENSMUSG00000085207-P,1.824615078778005,1.6379488583154955,1.692929958963774,2.39897591795433,2.821611910686548,0.0,1.0723621528571825,0.0,1.644524637198008,2.0743161096747316,0.0,2.713165506010181
ENSMUSG00000024190-P,6.012414969129594,6.4353840748207505,6.965074548233909,7.234578195303867,5.92923456596663,6.644163487368492,6.565966609460035,5.7352524005339065,6.595297338780084,6.400838964194045,6.782492893562912,6.300238100600774
ENSMUSG00000061838-P,6.774312607034409,6.985018854933146,6.460938018360121,6.094236303469054,5.071404898451995,5.942819859974084,6.2267499791404335,5.685593241710341,6.611074908457811,5.1829274389221895,6.297156432890818,6.050973347241968
ENSMUSG00000033453-P,3.108754376311148,0.0,2.4505522388752183,3.896410477907952,4.144957985997145,2.222636313675174,4.039158644825996,4.556440986587682,4.253596790705888,3.410658846623913,2.301892742392315,3.7553763845397103
ENSMUSG00000032251-P,6.1735171807784806,6.267541297475601,6.326896664973563,6.2028656845377625,5.071404898451995,4.634503922927148,5.692990272910709,6.9906038622823585,4.840152365914312,6.17900741655958,6.4014710269899595,6.13893452079274
ENSMUSG00000048118-P,6.807433753389598,6.1437118208118715,7.213214569786543,6.46960716842231,5.71674142656864,6.6174685627395045,5.530377266023749,6.645771255494283,5.039872004732743,7.555101413503676,6.893984404468084,6.490593004100329
ENSMUSG00000020444-P,7.084623657652109,6.553639072446206,6.9779104999035555,7.013781498945389,7.417401172553617,6.180215210348189,7.162599764634595,7.618840911715063,7.611541380161908,7.177043403892546,7.134960331068105,6.618500169311961
ENSMUSG00000048175-P,5.765126878455747,5.434448341338299,6.133952293360991,6.07149324253407,6.571032567730834,5.492156600525017,6.289117989184021,6.099938259092898,6.316120126028523,5.666115557722789,5.560401671877235,5.633108708906212
ENSMUSG00000049744-P,2.1340565645548835,1.0399210909765384,1.081723604305354,1.6494513886902091,2.657829414999577,2.222636313675174,0.0,1.4866706657115965,2.3931131584133563,2.3260509354779892,0.9875105484522038,2.3696596197532793
ENSMUSG00000047989-P,5.159563533607588,3.6573275499737368,5.79990582984467,5.415295331931612,5.417107794637402,5.0877641140301835,5.181577911249507,5.981471861116301,6.760029771300565,6.271871465536351,5.590138259223642,5.989204359342829
ENSMUSG00000071253-P,5.742471066877271,6.287184304709906,5.8566054495317035,5.222319043311399,4.144957985997145,6.476040344958531,4.594569219566535,4.249760164574368,4.728866279791471,5.013980781063252,5.297472671066822,5.10205063677679
ENSMUSG00000045302-P,5.696063322618166,5.960110414283344,6.201175330465493,5.553009586529424,5.817222987711869,5.0877641140301835,5.630127004574053,6.436540276334898,6.3911401452511205,5.85806032627422,6.279013089628651,6.13893452079274
ENSMUSG00000041841-P,10.288725452572953,10.229716315335608,10.709711357947858,10.026326063463417,10.630398434998249,10.126369239612496,10.778713560261522,10.636290481823492,11.076378028835116,10.497201598450369,10.34561855150516,10.271666319807789
ENSMUSG00000070544-P,8.61338378656907,7.53776320706021,9.251546255160155,9.032132573854538,8.066405708452518,8.030056557037314,8.827441348474508,9.114631037727683,8.436910718249894,9.492582661053495,9.194123012368904,9.487697353693155
ENSMUSG00000036435-P,4.095934905275212,4.073968251671055,4.320598421947695,4.550900891626236,4.934936396407269,5.235518623091081,4.220792566333152,4.179745383959693,3.989605695113597,4.451172027377437,3.976492875004384,4.621744423540839
ENSMUSG00000039157-P,6.19035552671513,6.186180275763554,6.727334354136572,6.323267352821728,6.463513340827871,6.446011476171514,6.069797048200696,6.980343532312802,6.513712606035222,6.506534095707475,5.8082459653885605,6.638757457725568
ENSMUSG00000052534-P,8.72737629975895,8.704281962451343,8.739872274083622,8.71750041190763,8.289195866639446,8.263187245763405,8.412294943876025,8.74204791886582,8.137970525381322,8.9761101247579,8.92040719937555,8.920383382792224
ENSMUSG00000015932-P,9.34825006262145,8.529759276468276,9.522971076659193,9.224801271937444,7.685423297852841,9.012002966935416,7.162599764634595,8.557668738900167,6.131539442339836,8.841190814653325,9.169712070915647,9.128091541746
ENSMUSG00000040612-P,8.128181833574159,7.93641774253025,8.213781105091362,8.084003739324467,7.410983995000423,7.422373357722362,7.733027095406172,8.238420605737344,7.579822156035135,8.422145253717911,8.661473982036112,8.450133702006859
ENSMUSG00000067795-P,3.243935543900742,0.0,3.1401148593054975,2.6651330491191443,2.0124825509743043,0.0,3.1243472247523707,3.767326996465912,2.659038723635503,2.726838355924407,2.785877769442253,2.713165506010181
ENSMUSG00000021010-P,4.232267354256176,0.0,3.1401148593054975,3.672910418501158,4.659814587745524,2.222636313675174,4.382094852155088,4.028615856195515,3.0776820435059644,4.6018743381215605,4.3684340633204695,4.252640047634348
ENSMUSG00000004285-P,9.72711651876228,9.4816659879842,10.005958790911585,9.904544546138972,9.639565503848813,9.563188383868496,10.13972636581522,10.251994312200193,10.306331409875968,9.799886683669738,9.914517015835155,9.887494115199631
ENSMUSG00000044927-P,2.793193551827114,0.0,2.4505522388752183,2.6651330491191443,4.898702315377067,4.1295756828041315,3.2961620850227487,3.562485519943336,1.644524637198008,2.3260509354779892,2.785877769442253,3.7553763845397103
ENSMUSG00000027782-P,6.223453861513056,6.008247338509236,5.740886364650992,5.585477889119275,6.11441034989468,6.026367935175742,5.564399275391578,6.001904191842039,5.787234727124673,6.359117782057307,5.675838346852909,5.989204359342829
ENSMUSG00000038064-P,3.3675282693871327,1.0399210909765384,3.604739428120841,1.6494513886902091,4.144957985997145,2.7007023697212773,2.1072261594039285,3.9466673111887647,3.989605695113597,3.0401483485866754,3.883488798682337,2.99040787202365
ENSMUSG00000005575-P,7.669045309108851,6.960760476792537,7.287271814773184,7.478833402325831,6.400125900474279,5.432148998233806,7.034953955528993,7.136346958287239,6.945686988595622,6.9047676684384065,7.174756524071954,7.341363895940468
ENSMUSG00000029034-P,4.676598809853049,5.286147301772223,4.853700360322351,4.6767834369679475,4.523687636437971,6.319225858587806,3.938978000974403,4.380353079586573,4.170853317022545,4.503175016645742,4.063862773336467,3.7553763845397103
ENSMUSG00000034768-P,4.47147194203123,6.054829852279387,4.05587983054342,4.792558148668228,2.2610640585492225,2.222636313675174,4.220792566333152,3.767326996465912,4.785582100135434,3.705195797462184,2.978071989188756,4.1434560588218705
ENSMUSG00000017802-P,4.295888232083969,3.8806363051174015,4.3990438140965855,3.896410477907952,2.657829414999577,3.5852470377747543,5.137055989944297,3.767326996465912,3.2488069851981782,3.613539375051084,4.435493525991653,3.4230107876057687
ENSMUSG00000032050-P,8.591366129893984,8.28307846863457,8.93679899681659,8.622909676212604,8.153551926164567,8.386890527111206,8.238808350704815,9.017624469216925,8.484795936436862,9.082492022350715,9.091301589883765,8.969193725334243
ENSMUSG00000050856-P,10.32348667955003,10.054539040453612,10.903811049462515,10.428767166556016,10.448888453957943,10.361705698510342,11.135554956901114,10.32577579159008,11.201497996945232,10.314624013841682,10.352141588857569,10.30056229017222
ENSMUSG00000028051-P,0.0,1.6379488583154955,0.0,0.0,2.9686820998227965,0.0,0.0,0.0,1.644524637198008,0.0,2.301892742392315,1.9179260834722285
ENSMUSG00000056952-P,6.621291760519557,4.830812807127612,7.088567286063514,6.80904712296209,5.836505985488788,5.807659781039243,6.960255061028064,5.525454328374005,6.174646428674754,6.923972448869484,6.743328514341886,6.350232764440913
ENSMUSG00000047547-P,8.569007236767845,8.704281962451343,8.353307719144075,7.971806522244095,8.161219368061579,8.592766634481945,8.550262571472434,8.020405337728043,8.572021867796906,7.89873499170425,8.25111807015118,7.590488427678029
ENSMUSG00000027598-P,6.086244989960619,5.030488625837066,5.8566054495317035,5.585477889119275,4.743916282379703,4.634503922927148,4.658966616099442,4.028615856195515,4.669829260738149,6.162931855610215,5.104917934158347,5.672942976976067
ENSMUSG00000060227-P,7.188847133234496,7.122580475635362,7.939739944126996,7.182465533521387,5.964719124755172,5.9851986083318645,5.753228359186448,7.225923140556413,5.944946857524697,7.717998068351463,7.749814644256391,7.802862468239965
ENSMUSG00000024576-P,8.416353082811957,9.123016128220366,8.650499657960811,8.385406620342179,7.851018168835197,8.099218637136051,8.140741722530473,8.468719170824711,7.267763064143851,8.76336305060573,8.597028080435834,8.706734920509906
ENSMUSG00000030697-P,5.623526652131811,3.8806363051174015,4.320598421947695,4.792558148668228,5.225626213342285,4.634503922927148,4.527162473660295,4.028615856195515,4.331850957763941,4.022756145667588,4.224170896552707,4.1434560588218705
ENSMUSG00000024191-P,4.856157757026546,5.805240594843878,4.544192630379789,4.4129752587859175,3.4413463201392127,5.0877641140301835,3.714971891269714,4.983725874778318,4.60827290644347,3.410658846623913,3.677297157552445,3.896656719144944
ENSMUSG00000030286-P,6.881881701849559,6.677889559275795,6.939054867060317,6.80904712296209,7.038860214192802,7.170233247384128,7.671921351921786,8.055038455056025,7.345272765105936,7.392276709781935,7.305986088709749,7.21214237407695
ENSMUSG00000031970-P,2.9595846507288517,2.0594748867359756,4.05587983054342,2.6651330491191443,4.319563355021934,3.790364895494528,1.0723621528571825,4.106158662722397,4.253596790705888,3.0401483485866754,2.978071989188756,2.3696596197532793
ENSMUSG00000091475-P,0.0,2.650896865013016,1.081723604305354,0.0,3.946272894914797,2.7007023697212773,3.2961620850227487,1.888937113351682,1.0449005473594477,2.3260509354779892,2.301892742392315,1.256646745267199
ENSMUSG00000026509-P,5.894062815348182,6.948476592165153,6.5322886973528735,6.323267352821728,6.5938753055048185,5.658515738115934,6.47945515792002,6.311158980409005,6.85584279829937,6.773288857304325,6.467046292478669,6.534500861155465
ENSMUSG00000035762-P,5.8523515365022565,3.3930092982402096,6.201175330465493,5.61723153645693,4.015586386094761,5.807659781039243,4.132832161798551,5.783258962668004,2.88349271729182,5.85806032627422,5.4673274033492225,6.080893600935071
ENSMUSG00000099689-P,4.095934905275212,3.8806363051174015,3.312157763979618,1.0486348977274242,3.224285379172325,0.0,3.449675285104147,4.249760164574368,2.88349271729182,3.297408618726716,3.5619819391917837,3.5987437213043223
ENSMUSG00000034377-P,7.270294094243686,7.354396965620693,7.41546811226308,6.752978147050246,5.586127205074772,6.216243625116345,5.224766906985408,6.261181647371697,5.039872004732743,6.493737984718577,7.104375803078495,6.717056660514422
ENSMUSG00000039715-P,5.623526652131811,5.286147301772223,5.8566054495317035,5.821856196791921,5.9470859399840466,5.605166081998413,5.530377266023749,5.496947062045408,5.408227514520033,5.30514491014857,5.499024042003715,5.891290019019173
ENSMUSG00000098113-P,1.4301513955146576,0.0,0.0,0.0,1.7119658979366703,0.0,1.0723621528571825,2.203147957548002,0.0,1.7691731579606451,1.9812250416989712,1.256646745267199
ENSMUSG00000007379-P,1.4301513955146576,0.0,2.7187049314574803,1.0486348977274242,1.7119658979366703,0.0,0.0,0.9269160351229908,1.644524637198008,0.0,0.0,1.256646745267199
ENSMUSG00000087083-P,1.4301513955146576,2.0594748867359756,2.1209125051964186,1.0486348977274242,0.8145010275868445,0.0,1.0723621528571825,2.203147957548002,2.659038723635503,1.7691731579606451,0.9875105484522038,3.222863846480197
ENSMUSG00000023064-P,5.351438341732733,4.983100341839197,5.403023629280852,5.585477889119275,6.571032567730834,6.216243625116345,4.9438082645706585,5.139383001929164,5.841743683213001,5.775886569943317,5.499024042003715,5.461768057669626
ENSMUSG00000030554-P,7.120207999920873,6.031726597386533,7.47100039603904,7.504529832695035,6.880663815089244,7.650163786271046,7.184641766455867,7.544182075873311,6.296739331302462,7.042934040916285,7.498611520075851,7.504792344920436
ENSMUSG00000037221-P,5.2902722705515055,4.39685741355359,5.828534167019237,5.821856196791921,6.082462055839459,5.0077952890480475,5.530377266023749,5.8066761929904,7.1538945755956584,6.0967761409997285,5.906064183415077,5.857117316594801
ENSMUSG00000006005-P,8.862207984967654,7.020658351880706,9.22487315740074,8.830175866040413,7.534198728223788,8.796890153760476,7.407179923485969,8.45766707699741,7.445474550004294,9.425104382921852,9.253402240754676,9.225064796548274
ENSMUSG00000038608-P,3.4813634719760502,2.875129551690155,3.604739428120841,2.0723510249441515,4.015586386094761,0.0,1.0723621528571825,0.0,1.0449005473594477,3.613539375051084,2.978071989188756,0.0
ENSMUSG00000104682-P,2.9595846507288517,3.7732982502252463,1.692929958963774,0.0,2.9686820998227965,0.0,1.680660685039108,0.9269160351229908,3.2488069851981782,2.726838355924407,1.5682857555401204,3.222863846480197
ENSMUSG00000022023-P,7.710491283588399,7.444624757409113,7.567569707252672,7.128399699162864,5.892855172574217,5.9851986083318645,6.694424017978742,6.451473653442934,5.868244811375232,7.385365435079064,6.857769533194927,7.42539103035403
ENSMUSG00000041135-P,4.676598809853049,3.7732982502252463,4.237641117119119,3.7889841620889375,4.373365238635449,2.7007023697212773,2.4360270815356015,3.037322543347878,4.083073932513149,3.613539375051084,3.2993686457991767,2.99040787202365
ENSMUSG00000091183-P,0.8854767201948464,2.875129551690155,1.692929958963774,1.0486348977274242,0.0,0.0,0.0,0.0,1.644524637198008,1.7691731579606451,1.9812250416989712,1.256646745267199
ENSMUSG00000026820-P,5.894062815348182,5.503248162004732,5.8566054495317035,5.180420924640742,5.855534643334439,6.285708641057265,6.183621204184978,6.001904191842039,5.512714021628471,5.275547422615667,5.882224354039638,5.214293052212603
ENSMUSG00000030352-P,6.850444653914304,6.267541297475601,6.265405037504199,6.767200998519294,6.52423256029589,6.887020492117266,7.09437813653874,6.839860740914613,7.530896115319602,6.663312278191288,6.4181463863879,6.422119172788541
ENSMUSG00000034295-P,1.824615078778005,0.0,1.081723604305354,1.6494513886902091,2.2610640585492225,3.346054709805881,2.1072261594039285,2.461014499836793,1.0449005473594477,1.7691731579606451,2.301892742392315,0.0
ENSMUSG00000037646-P,6.621291760519557,6.344557867405224,6.460938018360121,6.633846573266818,5.797678758697136,5.658515738115934,5.630127004574053,5.96074599297581,6.316120126028523,6.493737984718577,6.498749040491763,7.198560098846078
ENSMUSG00000040167-P,5.696063322618166,4.660532175221,5.884140942768414,5.794341827244804,5.135084994723551,5.605166081998413,6.021627860853612,6.041920696975281,5.4439038116594975,5.596006258431614,5.906064183415077,5.891290019019173
ENSMUSG00000077767-P,2.388706117066035,4.71955390134089,4.961030935308618,3.408323889312746,0.0,0.0,0.0,4.380353079586573,2.3931131584133563,4.503175016645742,3.436642487092037,4.700947400377628
ENSMUSG00000055239-P,7.663026048257712,6.885437532135544,6.9906332538990155,7.139376173494615,6.996628202954312,6.887020492117266,7.070901359172485,7.1638085798629225,6.444951160549242,6.855606562888967,6.905856790644351,7.198560098846078
ENSMUSG00000031489-P,2.1340565645548835,0.0,3.604739428120841,3.0840644739229504,0.0,0.0,3.2961620850227487,1.4866706657115965,3.2488069851981782,1.381684084294751,2.301892742392315,2.99040787202365
ENSMUSG00000035093-P,7.60769180286535,7.032345185026882,7.743242844510597,7.139376173494615,6.6603104544080916,6.887020492117266,7.558332820730689,7.310261230724605,6.731443787784425,7.633024329456121,7.633248791840027,7.681177958594043
ENSMUSG00000032306-P,5.321179439793231,4.71955390134089,4.737738392123119,5.450975782228282,4.970282690265146,5.304083292016831,5.723423689788241,5.759455353363163,5.512714021628471,5.3341473795355485,5.104917934158347,5.318429784139239
ENSMUSG00000043535-P,6.086244989960619,6.031726597386533,5.937683736208367,5.450975782228282,4.523687636437971,5.658515738115934,5.266700474549855,5.312952805578695,5.334113880080709,5.85806032627422,6.2040681132011395,5.989204359342829
ENSMUSG00000025869-P,4.415285379732288,3.5312132431986103,5.198887938145035,4.999484889422392,5.196072694862246,2.7007023697212773,5.091116240655791,5.063652716017436,5.512714021628471,4.822592599363206,4.676324781005206,4.915393872976637
ENSMUSG00000007613-P,5.089482198528558,6.165102310049551,5.477222913583994,4.089885726687541,3.796776971595652,5.807659781039243,4.039158644825996,5.496947062045408,5.085762338984941,4.6018743381215605,4.78317050436923,5.415553112632965
ENSMUSG00000049571-P,0.8854767201948464,2.0594748867359756,3.1401148593054975,2.0723510249441515,0.0,4.634503922927148,3.588413176024308,1.888937113351682,3.666241375023308,2.891981879899189,3.883488798682337,3.7553763845397103
ENSMUSG00000018983-P,3.4813634719760502,5.030488625837066,2.9447421864177903,2.8897518575227275,0.0,4.1295756828041315,4.594569219566535,3.1875884978886755,2.659038723635503,3.0401483485866754,3.5619819391917837,3.7553763845397103
ENSMUSG00000024870-P,7.084623657652109,7.089400100989802,6.939054867060317,6.52087143124184,7.055412840494967,6.415344263426561,7.279864117263825,7.443207546181093,6.296739331302462,6.605011537918345,6.675595068258722,6.791324211509572
ENSMUSG00000043487-P,2.9595846507288517,4.161713826150124,4.237641117119119,3.2552851184922167,4.015586386094761,5.0877641140301835,3.1243472247523707,2.6797042233767265,3.4017693127773,4.1586681136641985,3.5619819391917837,4.700947400377628
ENSMUSG00000017831-P,2.6050793803100993,4.161713826150124,2.7187049314574803,2.39897591795433,0.0,2.222636313675174,3.2961620850227487,3.562485519943336,0.0,1.7691731579606451,3.677297157552445,2.3696596197532793
ENSMUSG00000024947-P,5.410116281520104,6.846248088414331,5.647567308988842,5.61723153645693,5.608734042719881,4.73726435659949,5.996926418439346,5.7352524005339065,6.296739331302462,5.688748114137347,5.590138259223642,5.318429784139239
ENSMUSG00000025478-P,1.824615078778005,2.650896865013016,1.081723604305354,1.0486348977274242,3.5387438725858185,2.222636313675174,2.929268684986816,2.461014499836793,3.2488069851981782,1.381684084294751,2.301892742392315,1.256646745267199
ENSMUSG00000028032-P,6.839811544040777,6.859429873557361,6.366481645303116,6.633846573266818,7.047160266589439,6.973766144050385,6.329247423936927,5.981471861116301,6.85584279829937,6.467800156646568,6.92931241817933,6.618500169311961
ENSMUSG00000029772-P,9.958510420765077,10.258610203278998,9.806335604128533,9.69361662283844,9.24781320166777,9.252186751225445,9.626909097646482,9.41809573210557,9.82136025334235,9.6363222832196,9.939278230770716,9.977727869775007
ENSMUSG00000075704-P,4.415285379732288,3.3930092982402096,3.731421765117163,3.7889841620889375,4.523687636437971,3.9699169413802817,4.4564512721831075,4.610664411920954,4.331850957763941,4.451172027377437,3.883488798682337,4.980333374892511
ENSMUSG00000028599-P,0.8854767201948464,2.0594748867359756,3.465852944286889,2.6651330491191443,4.373365238635449,4.5238588630139445,2.7036252497054964,2.8695660282412425,3.4017693127773,4.503175016645742,2.301892742392315,3.4230107876057687
ENSMUSG00000059820-P,4.97753173822037,2.875129551690155,5.770697880915195,5.648301312529237,3.102137027638073,1.5027011960393286,4.658966616099442,5.139383001929164,4.083073932513149,5.522315119058797,5.675838346852909,6.167102195354035
ENSMUSG00000085776-P,2.6050793803100993,4.598992446943178,2.4505522388752183,2.0723510249441515,0.0,0.0,1.680660685039108,3.037322543347878,2.0668374318045664,1.381684084294751,0.9875105484522038,1.9179260834722285
ENSMUSG00000022426-P,5.8523515365022565,5.858732499493456,5.198887938145035,4.6767834369679475,5.817222987711869,4.1295756828041315,4.720611921530422,5.279869321114219,3.889659817380317,4.940443394064977,4.56092862000084,4.448964308292506
ENSMUSG00000011831-P,7.27819149808844,7.7437254513002,7.461892189849772,7.3238849463674285,6.09852463741221,7.241894336955154,6.139163275707383,7.1638085798629225,6.236984059880915,7.756002277584128,7.682392245411376,7.621356052574392
ENSMUSG00000064246-P,5.089482198528558,5.910311749663849,5.403023629280852,4.950468643575782,4.659814587745524,3.346054709805881,6.116409774256625,5.102014708421716,4.170853317022545,5.3341473795355485,4.9757026692765285,5.711706868649924
ENSMUSG00000004085-P,4.97753173822037,4.598992446943178,6.039153064478552,5.48579504648697,5.282976793644549,4.833189525298334,5.091116240655791,5.5534091963975545,5.295578618849955,5.522315119058797,5.185049217143508,5.549980533610538
ENSMUSG00000042686-P,6.206999609854352,6.399736779148259,5.989310299083667,6.284239372822203,5.03847880351046,4.833189525298334,5.839116970259891,6.022051183825807,4.083073932513149,6.74116709816977,6.4829847469129565,5.857117316594801
ENSMUSG00000028626-P,3.243935543900742,3.2401496723740513,3.1401148593054975,3.408323889312746,3.715787584620155,4.73726435659949,3.588413176024308,3.767326996465912,3.666241375023308,2.891981879899189,3.883488798682337,4.621744423540839
ENSMUSG00000068196-P,10.656026639631358,10.508118349812277,10.337599879711789,10.334011683710868,9.466260422680746,9.890320957841178,10.81890497130036,10.59401637817576,9.76782121978627,10.539840204499802,10.64115160698134,10.79944944695642
ENSMUSG00000030088-P,7.1289686172731885,7.133473159875435,6.633105176688304,6.434390177234756,6.425816036861268,7.391194019297933,6.82646090451578,6.451473653442934,6.257178737709851,6.519217707550713,6.845493036213632,6.490593004100329
ENSMUSG00000058351-P,8.115013664976036,8.335904509720988,8.292955225655236,7.62656452867537,7.846269615260247,7.151747648744467,8.196043927114909,7.9326638118527235,8.201878169583976,8.054980855993998,8.057154453972288,8.227473540963008
ENSMUSG00000007739-P,7.833500435140976,8.187013889648744,7.893067341727492,7.333475084339002,8.01232192793657,7.858290058610308,7.591709415207913,7.4654478176733186,7.373297928382081,7.2008579266325885,7.682392245411376,7.238929229176315
ENSMUSG00000031590-P,6.19035552671513,4.244427258259998,6.9258669050513735,6.554062779302044,5.836505985488788,6.180215210348189,5.692990272910709,6.137359682903388,5.2152755578335155,6.616861689478417,6.279013089628651,6.534500861155465
ENSMUSG00000025505-P,6.633656368408126,5.749688705337369,6.087331193886346,5.48579504648697,4.898702315377067,5.658515738115934,5.423215024556173,6.137359682903388,5.4439038116594975,6.4144821470016105,6.384600669736601,5.989204359342829
ENSMUSG00000039194-P,5.914474767210485,6.287184304709906,5.512938895848565,5.450975782228282,5.165901090879312,5.0077952890480475,5.839116970259891,5.918379035960999,6.064363292374095,5.643122282355173,6.260638666402865,6.080893600935071
ENSMUSG00000028863-P,5.159563533607588,4.7762556076837335,5.403023629280852,4.792558148668228,5.964719124755172,5.0077952890480475,5.266700474549855,5.710636475970664,5.512714021628471,5.643122282355173,5.26096301051565,5.367808596147874
ENSMUSG00000002660-P,6.785437691159334,7.307074760027465,7.052616562830535,6.570376420890979,7.240510656148445,7.114050326400051,6.972976567839603,7.225923140556413,7.087775361292764,6.441387448538115,6.769555873199211,6.844618859895456
ENSMUSG00000048612-P,7.27819149808844,7.122580475635362,7.41546811226308,7.304511277403748,5.911159535326275,7.075341491119768,6.6789785683711616,6.155712582389329,7.1321897998874695,7.216518649530283,7.375941206785225,7.471296846048657
ENSMUSG00000005609-P,6.491442206748411,6.031726597386533,6.712050713245607,6.709448430213127,6.5938753055048185,7.422373357722362,6.934470489462872,7.310261230724605,6.716935547333,7.119898055845538,6.689398550647538,7.316428979954096
ENSMUSG00000054720-P,6.271719731796064,6.008247338509236,6.742457778818018,6.3038853325675115,5.417107794637402,6.251394180755229,6.549074361566092,6.022051183825807,7.076454768216542,7.042934040916285,6.869942445144929,6.977803719707436
ENSMUSG00000031246-P,8.565784632966484,8.914649806001965,8.697818872081163,8.448547264873312,7.846269615260247,7.437713922998197,7.632372771481469,8.103115172401308,7.547389842754645,8.080879189855896,8.189316358794384,8.355387922796394
ENSMUSG00000014603-P,2.6050793803100993,0.0,2.4505522388752183,2.39897591795433,3.224285379172325,2.222636313675174,1.680660685039108,2.461014499836793,2.3931131584133563,1.381684084294751,0.0,2.3696596197532793
ENSMUSG00000031838-P,5.696063322618166,5.434448341338299,5.884140942768414,6.323267352821728,6.049790217945685,5.709962718837696,6.934470489462872,6.565682240695157,7.514211639163342,6.875472478136167,6.467046292478669,6.445306768518016
ENSMUSG00000031922-P,5.2902722705515055,4.71955390134089,6.039153064478552,5.553009586529424,4.898702315377067,5.605166081998413,4.527162473660295,5.685593241710341,4.543972575687705,5.85806032627422,5.8082459653885605,6.445306768518016
ENSMUSG00000045094-P,2.6050793803100993,0.0,1.692929958963774,3.408323889312746,1.7119658979366703,0.0,3.449675285104147,2.203147957548002,1.644524637198008,2.0743161096747316,2.5640862732757217,1.9179260834722285
ENSMUSG00000047141-P,5.159563533607588,5.910311749663849,4.796884171909007,3.546674232801226,4.373365238635449,4.273312842081705,3.8313182420880993,5.5534091963975545,4.170853317022545,4.73831271207171,4.3684340633204695,4.915393872976637
ENSMUSG00000032288-P,7.800979084746329,7.043938106933951,7.851824173510405,7.343001893784018,7.311135011307052,7.035565359850299,7.960850878670501,7.450659129583849,7.665425345097473,7.111546471002956,7.582372119815923,7.471296846048657
ENSMUSG00000054717-P,4.356821614027285,0.0,4.90836353686475,3.2552851184922167,3.8734604635124894,3.790364895494528,3.8313182420880993,3.767326996465912,3.7822711559702658,4.73831271207171,4.882645958734499,3.4230107876057687
ENSMUSG00000029438-P,5.193367590653768,5.246561304449785,5.477222913583994,4.735831830703193,4.144957985997145,3.5852470377747543,4.658966616099442,4.854865093623743,4.170853317022545,5.4446563537551675,4.619780160286661,4.980333374892511
ENSMUSG00000026895-P,8.616501914094693,8.99747204647569,8.674353260252307,8.343306528344277,8.641373111107868,8.394772173544576,8.954749600550892,9.311635061710316,9.118948839094292,8.38104449521312,8.458798497017082,8.56573447484278
ENSMUSG00000038555-P,7.221979697164291,6.632540333545457,6.110830057186796,6.486898448837102,7.087959016803207,5.942819859974084,7.471348276491703,6.733913998053996,6.788060331245916,6.519217707550713,7.008528205166074,6.827071822087671
ENSMUSG00000035293-P,4.295888232083969,0.0,4.3990438140965855,4.338730241934797,4.319563355021934,4.404017924202715,3.938978000974403,4.380353079586573,3.7822711559702658,3.87269590566056,3.976492875004384,4.5379393841988005
ENSMUSG00000022141-P,8.200612915279834,7.923923924538923,8.471474244707323,8.182806020129519,6.961929275573283,7.224309999433207,7.340024090360006,8.181339251850149,6.760029771300565,8.810561664310507,8.719804858336657,8.662898360223505
ENSMUSG00000024002-P,7.213767618436221,6.972940652207929,7.524474121970149,7.407984161376357,6.713427764125837,6.476040344958531,7.290066609981066,7.1638085798629225,6.716935547333,7.638847630954804,7.589750988090875,7.365875159501015
ENSMUSG00000048874-P,7.806450474841265,7.496171364231849,7.899828013667225,7.389714534625456,7.331665311819629,7.293396834315661,7.425806811481539,7.793088558067178,7.391683421482374,8.067988135924587,8.078291862788296,7.8557402668930285
ENSMUSG00000006476-P,6.1735171807784806,6.206954718790918,6.385874145129482,6.361267292313497,7.181411286823304,6.696115676779869,6.47945515792002,6.261181647371697,6.257178737709851,6.493737984718577,6.104556536074967,5.891290019019173
ENSMUSG00000066357-P,9.011797446166208,9.117540446079566,9.57458622197614,9.304980557871048,9.414269650016662,9.13943481188836,9.573614626376076,9.642899886084695,10.004236312453884,9.726586639891206,9.699455797457672,9.690525318138748
ENSMUSG00000038646-P,6.121789852569476,6.960760476792537,5.740886364650992,5.0927875684481885,5.282976793644549,4.923132308808885,5.091116240655791,4.762084009432767,5.039872004732743,5.150683891235962,5.703309903695489,5.318429784139239
ENSMUSG00000105729-P,1.824615078778005,2.0594748867359756,0.0,1.0486348977274242,0.0,0.0,1.680660685039108,0.9269160351229908,2.659038723635503,2.0743161096747316,0.9875105484522038,0.0
ENSMUSG00000041570-P,6.751801715856779,6.504140332624964,6.87187540879711,6.80904712296209,6.11441034989468,7.114050326400051,6.549074361566092,6.980343532312802,6.642121657010994,7.239695524896034,6.769555873199211,6.658734241926996
ENSMUSG00000045930-P,4.723626755540068,6.1437118208118715,3.604739428120841,3.896410477907952,1.331922760884799,0.0,3.588413176024308,4.106158662722397,4.840152365914312,3.7913753794272904,3.436642487092037,4.354139119526331
ENSMUSG00000002324-P,4.813319392743866,4.660532175221,4.90836353686475,4.4129752587859175,5.03847880351046,5.709962718837696,4.779730753820537,5.024242728639026,5.610141512327783,4.648802186528175,4.298104939536926,5.7862433228761505
ENSMUSG00000030493-P,2.388706117066035,2.385282137693864,2.1209125051964186,2.0723510249441515,2.657829414999577,3.9699169413802817,2.1072261594039285,1.4866706657115965,1.0449005473594477,4.222105922301955,2.785877769442253,3.4230107876057687
ENSMUSG00000022199-P,12.656871102661045,12.323115233438708,12.698925483740926,12.505587814247082,12.421425413780211,12.635726179470511,13.41461242543581,12.649032702749496,13.545434156580756,12.699726474193575,12.973329259755811,12.998932263192938
ENSMUSG00000052584-P,3.777222373109846,1.6379488583154955,2.7187049314574803,3.0840644739229504,6.161044182607917,5.759638078590581,4.527162473660295,2.8695660282412425,3.666241375023308,3.0401483485866754,3.147646225708344,4.252640047634348
ENSMUSG00000027108-P,7.029545306374979,6.792282477052913,6.801414288850573,6.537562555216269,7.111895698609481,6.6174685627395045,6.368290776116931,6.709275030247018,6.579345313153673,6.9334798137695675,6.350256337756722,6.7731126614443875
ENSMUSG00000023960-P,8.66549663689456,8.958187686925072,8.318409615900501,8.579240737046714,8.869113277388301,9.106218346565916,9.24168468512781,8.676828100103883,8.983083267700874,8.468661517567048,8.81417107380912,8.61257600261508
ENSMUSG00000044365-P,4.813319392743866,5.960110414283344,4.90836353686475,4.26045608645493,4.570505040359563,4.634503922927148,3.8313182420880993,4.854865093623743,4.083073932513149,4.503175016645742,4.882645958734499,5.26730081503223
ENSMUSG00000056735-P,2.388706117066035,0.0,2.4505522388752183,1.0486348977274242,2.0124825509743043,0.0,2.4360270815356015,1.4866706657115965,0.0,2.891981879899189,3.147646225708344,2.3696596197532793
ENSMUSG00000012422-P,7.238264937288486,7.529540210684472,6.8580558033850805,6.709448430213127,6.72382051317692,4.923132308808885,6.514684665126092,6.884561063915415,6.595297338780084,6.78383912040238,6.845493036213632,5.989204359342829
ENSMUSG00000062040-P,3.685183232254651,4.467429729259378,2.9447421864177903,2.39897591795433,3.946272894914797,2.7007023697212773,3.1243472247523707,2.8695660282412425,2.88349271729182,2.891981879899189,3.436642487092037,3.4230107876057687
ENSMUSG00000028890-P,5.993351625606638,5.749688705337369,6.58357739813832,6.26432218570348,5.874315583411486,6.319225858587806,6.47945515792002,6.436540276334898,6.19572634422963,6.519217707550713,6.575085749865443,6.350232764440913
ENSMUSG00000042129-P,3.8637402043734568,0.0,3.1401148593054975,1.6494513886902091,4.702478185292994,3.5852470377747543,4.303696860985152,3.4480132671647272,1.644524637198008,3.297408618726716,3.784073490652618,3.4230107876057687
ENSMUSG00000069631-P,4.525552067463755,4.934102472483744,4.676063785822748,5.222319043311399,4.319563355021934,4.634503922927148,4.132832161798551,4.899109951823938,4.406077991232827,5.1829274389221895,4.676324781005206,4.025327408372177
ENSMUSG00000040242-P,6.942772461333092,7.122580475635362,7.146563278657072,6.679681392755137,6.206217698477419,6.415344263426561,6.694424017978742,6.980343532312802,6.296739331302462,7.034123422400831,7.094035159175282,6.929288748155309
ENSMUSG00000039959-P,5.351438341732733,5.398777628998076,5.403023629280852,4.735831830703193,3.102137027638073,3.346054709805881,4.720611921530422,4.662923467500477,5.130237847052339,4.781068004890147,5.22350537382003,5.214293052212603
ENSMUSG00000020227-P,2.6050793803100993,2.875129551690155,2.1209125051964186,2.39897591795433,0.0,4.923132308808885,2.7036252497054964,0.0,0.0,2.5403176978191047,0.9875105484522038,1.9179260834722285
ENSMUSG00000020297-P,9.864596423738243,9.775642364336928,9.946797158904245,10.02927957484532,9.862875475609554,9.44290793676584,10.37836595190212,10.137770198659462,10.634318128905736,10.16123028167775,10.290081457114107,10.186504169529522
ENSMUSG00000061689-P,8.758760312688983,7.954957912952222,8.618068669292546,8.12323482706063,8.777301366580465,8.425875103771448,9.08350844819362,8.98207014656712,9.096707776542694,8.529483562161738,8.723163733242522,8.6678353862637
ENSMUSG00000040586-P,4.47147194203123,4.71955390134089,4.961030935308618,3.546674232801226,2.4730436096981774,1.5027011960393286,2.4360270815356015,3.767326996465912,3.989605695113597,4.648802186528175,4.78317050436923,4.776027546772013
ENSMUSG00000051435-P,8.11059742994768,7.238102381426646,8.642460001007692,8.161427288037965,6.944261749333988,7.776193568606545,7.935077049328985,8.280842192579147,6.8690253459961905,8.455523490058958,8.305907500799245,8.455853702156412
ENSMUSG00000070527-P,1.824615078778005,0.0,1.081723604305354,1.0486348977274242,1.331922760884799,0.0,0.0,0.0,1.0449005473594477,3.174505208994624,2.785877769442253,1.256646745267199
ENSMUSG00000022427-P,6.728934004170036,7.155014863443871,6.566682951147342,6.094236303469054,6.72382051317692,6.216243625116345,6.47945515792002,7.070160853471522,7.297319337524607,6.531790781131416,6.6045242579786025,6.658734241926996
ENSMUSG00000020553-P,4.295888232083969,1.0399210909765384,3.465852944286889,3.896410477907952,1.7119658979366703,3.9699169413802817,3.2961620850227487,3.562485519943336,3.0776820435059644,3.0401483485866754,3.677297157552445,3.896656719144944
ENSMUSG00000031198-P,8.297048020472053,7.462012401241368,8.100967123456028,7.829958493959349,6.80437252742435,6.415344263426561,7.369188756565237,7.5301826677412125,7.6348813662667006,7.479234302992935,7.626089623516559,7.171005810733309
ENSMUSG00000061524-P,5.934601945273793,3.0691532897951093,5.364442063119361,5.263034636753109,3.224285379172325,5.304083292016831,4.039158644825996,4.556440986587682,2.3931131584133563,4.73831271207171,5.333081156153189,4.980333374892511
ENSMUSG00000030403-P,6.693938100881692,6.87249230750014,6.265405037504199,6.323267352821728,5.757777606265661,6.216243625116345,6.329247423936927,6.406201638207938,6.933189610126316,6.815034743864564,6.857769533194927,6.7359850352559345
ENSMUSG00000023931-P,5.2263976789316775,1.0399210909765384,5.581822928035971,4.792558148668228,0.8145010275868445,4.923132308808885,3.1243472247523707,3.767326996465912,4.669829260738149,5.596006258431614,5.367831884023063,6.080893600935071
ENSMUSG00000005045-P,3.685183232254651,5.205858390991043,5.2420913129651465,4.338730241934797,5.695777156575738,5.304083292016831,4.658966616099442,4.662923467500477,3.666241375023308,4.73831271207171,4.882645958734499,4.776027546772013
ENSMUSG00000089875-P,1.4301513955146576,0.0,2.4505522388752183,1.0486348977274242,0.0,0.0,0.0,2.8695660282412425,2.0668374318045664,0.8502888279616356,2.301892742392315,1.256646745267199
ENSMUSG00000038390-P,5.5730600817772,4.322654555413567,6.0144469193789805,6.001030361990174,6.889922690320155,6.415344263426561,7.217085915111962,6.721647112875435,6.257178737709851,6.3161540459107695,6.857769533194927,6.221839498569228
ENSMUSG00000002748-P,7.632547173876315,6.6171015193368765,8.191913023405792,7.816343941326608,7.225961227261914,7.999369627647469,7.349811300552166,8.163311504940742,7.505796481526476,7.988124960793973,7.923381717447758,8.151965559820706
ENSMUSG00000001089-P,7.462760868396268,7.144284217720942,7.780352083213073,7.274954053957853,6.2500195855915965,6.6174685627395045,7.558332820730689,7.3664950991238465,7.087775361292764,7.818910047797822,7.618894751593973,7.964064216043475
ENSMUSG00000034349-P,4.62798607582455,5.88475262004847,5.581822928035971,5.046890362083916,3.946272894914797,6.105341362990655,3.2961620850227487,5.063652716017436,4.253596790705888,6.146675148673491,5.882224354039638,5.7862433228761505
ENSMUSG00000027860-P,5.623526652131811,5.832234452988337,5.911160717188953,6.244126177249473,5.516100181801795,4.923132308808885,6.069797048200696,6.696795930261391,6.087104665898618,6.441387448538115,6.869942445144929,6.5979543869599
ENSMUSG00000085890-P,0.0,0.0,0.0,2.0723510249441515,0.0,3.346054709805881,0.0,0.0,2.3931131584133563,2.5403176978191047,0.9875105484522038,1.256646745267199
ENSMUSG00000001014-P,1.824615078778005,2.385282137693864,1.692929958963774,1.6494513886902091,3.102137027638073,0.0,0.0,3.3236691687308055,2.0668374318045664,2.0743161096747316,0.9875105484522038,0.0
ENSMUSG00000052056-P,5.089482198528558,4.322654555413567,4.237641117119119,3.7889841620889375,3.629979818096817,3.0591668457024253,4.382094852155088,3.859782068540047,3.540057190346136,4.648802186528175,4.3684340633204695,4.1434560588218705
ENSMUSG00000020235-P,6.621291760519557,5.398777628998076,6.087331193886346,6.094236303469054,6.09852463741221,5.492156600525017,6.139163275707383,5.783258962668004,6.427236233216999,6.21063094000576,6.104556536074967,6.194730429945663
ENSMUSG00000071637-P,3.3675282693871327,1.0399210909765384,4.320598421947695,3.546674232801226,4.475299840719172,4.404017924202715,7.14021576545192,3.9466673111887647,4.253596790705888,3.87269590566056,4.3684340633204695,4.025327408372177
ENSMUSG00000097462-P,2.1340565645548835,3.3930092982402096,3.465852944286889,2.0723510249441515,0.0,1.5027011960393286,2.4360270815356015,3.1875884978886755,0.0,3.5156624624613326,2.785877769442253,2.713165506010181
ENSMUSG00000043263-P,0.0,0.0,1.081723604305354,0.0,3.5387438725858185,0.0,3.449675285104147,0.0,1.644524637198008,2.5403176978191047,1.5682857555401204,0.0
ENSMUSG00000019173-P,7.784439300950434,7.81311688721224,8.634375290549876,7.94703179347247,8.506421511089348,8.493497846953723,8.652651405758988,8.431544754605612,8.35963111131546,8.261579492175715,8.518011697343276,8.26053100371866
ENSMUSG00000009076-P,5.466500628076533,5.362202548592466,5.547791996674059,5.341172734347689,5.165901090879312,5.0877641140301835,4.891162234118836,5.759455353363163,6.37274768308604,5.916757867765257,5.0200728362489775,5.159263134006526
ENSMUSG00000054792-P,4.856157757026546,4.322654555413567,4.611634412683991,4.4129752587859175,4.898702315377067,4.73726435659949,4.303696860985152,4.809220277953722,5.173383165887978,5.117703209624991,5.297472671066822,4.700947400377628
ENSMUSG00000020491-P,1.4301513955146576,4.244427258259998,2.1209125051964186,0.0,1.7119658979366703,4.833189525298334,2.1072261594039285,0.9269160351229908,2.0668374318045664,1.7691731579606451,3.147646225708344,1.9179260834722285
ENSMUSG00000018570-P,1.4301513955146576,0.0,0.0,1.0486348977274242,0.0,0.0,0.0,0.0,2.0668374318045664,0.8502888279616356,0.0,0.0
ENSMUSG00000066800-P,2.1340565645548835,0.0,2.7187049314574803,1.6494513886902091,0.0,2.7007023697212773,1.0723621528571825,0.0,1.644524637198008,2.3260509354779892,1.5682857555401204,2.713165506010181
ENSMUSG00000028053-P,8.273536805533693,7.1867360718698405,8.37287691088513,8.25017681698323,7.135441704661555,7.391194019297933,7.310257662816774,7.889451504141937,6.945686988595622,8.626457954661374,8.434415543290665,8.617687964549372
ENSMUSG00000032261-P,7.427687811045299,7.764895561954965,7.489046093392528,7.3238849463674285,7.569200599001937,6.644163487368492,7.349811300552166,7.816348055654821,7.382519962486041,7.292369432611691,7.401323913593947,7.252138427119792
ENSMUSG00000029551-P,4.02261188025902,4.161713826150124,5.108394717432779,5.046890362083916,5.737405416211542,4.923132308808885,5.224766906985408,6.294691488976819,5.919829900154173,4.977680582447654,5.619274279001974,5.592143269759895
ENSMUSG00000027210-P,5.258688447768312,5.076369719801864,4.3990438140965855,3.408323889312746,6.953122557283286,6.251394180755229,6.116409774256625,4.380353079586573,5.2152755578335155,4.73831271207171,5.367831884023063,6.577111774642871
ENSMUSG00000017286-P,6.031229696861563,6.41767052452145,5.740886364650992,5.61723153645693,6.033172581451193,5.605166081998413,5.459827368535989,6.375211274811811,5.7305851300136235,5.3341473795355485,6.104556536074967,5.9246719765045155
ENSMUSG00000027957-P,5.742471066877271,5.631724156777347,5.615069586916494,5.585477889119275,4.659814587745524,5.1635320886888865,5.866646622125944,5.685593241710341,5.130237847052339,5.73297513495142,5.9525936024434705,5.549980533610538
ENSMUSG00000086851-P,2.1340565645548835,0.0,1.081723604305354,1.6494513886902091,2.821611910686548,0.0,0.0,1.888937113351682,0.0,2.0743161096747316,0.9875105484522038,1.9179260834722285
ENSMUSG00000056999-P,7.270294094243686,7.771883790387803,7.0404311137700715,6.586507652547867,6.306427175811655,7.241894336955154,7.279864117263825,7.154712663745744,6.672514331525194,6.593063243718423,7.44266055301132,6.468127571031348
ENSMUSG00000102101-P,5.7874324012127625,5.600661764733968,5.28403843562497,4.483585706841648,3.629979818096817,3.790364895494528,4.382094852155088,4.854865093623743,5.255985743248763,4.822592599363206,4.929924476927659,4.915393872976637
ENSMUSG00000051297-P,1.4301513955146576,1.0399210909765384,1.692929958963774,0.0,2.4730436096981774,0.0,0.0,2.461014499836793,1.0449005473594477,2.0743161096747316,0.0,1.256646745267199
ENSMUSG00000103731-P,1.4301513955146576,1.0399210909765384,3.604739428120841,2.6651330491191443,3.4413463201392127,0.0,4.382094852155088,3.1875884978886755,3.0776820435059644,2.5403176978191047,3.147646225708344,2.713165506010181
ENSMUSG00000078486-P,0.8854767201948464,0.0,1.692929958963774,1.6494513886902091,2.4730436096981774,0.0,0.0,1.4866706657115965,3.540057190346136,2.3260509354779892,0.0,1.9179260834722285
ENSMUSG00000003190-P,2.1340565645548835,4.244427258259998,3.465852944286889,2.6651330491191443,0.0,2.222636313675174,3.1243472247523707,1.888937113351682,3.0776820435059644,2.891981879899189,3.147646225708344,2.99040787202365
ENSMUSG00000051285-P,7.576008029668603,7.617513822701472,7.69741383686473,7.117339071714915,6.11441034989468,5.1635320886888865,6.73979232841196,7.010908171459212,6.427236233216999,7.357384413341883,7.618894751593973,7.504792344920436
ENSMUSG00000098098-P,4.356821614027285,3.6573275499737368,3.847872573248563,3.672910418501158,2.0124825509743043,2.7007023697212773,3.449675285104147,3.037322543347878,4.170853317022545,2.5403176978191047,2.978071989188756,3.5987437213043223
ENSMUSG00000051510-P,7.230145295717194,6.960760476792537,7.202317668064374,6.66456434226896,6.206217698477419,6.6174685627395045,6.247840314815037,6.001904191842039,6.427236233216999,7.472728208405071,7.184536381766285,7.070197583915613
ENSMUSG00000037110-P,5.159563533607588,5.662131822406488,5.989310299083667,5.875359050792234,4.319563355021934,5.432148998233806,6.16156348448748,6.244130255391919,5.039872004732743,5.991481533015665,5.8082459653885605,5.857117316594801
ENSMUSG00000006281-P,4.856157757026546,3.98053834928957,4.737738392123119,3.896410477907952,4.081721851910303,2.7007023697212773,4.891162234118836,4.179745383959693,4.476672173666001,5.013980781063252,4.146242312574113,5.0424752552067345
ENSMUSG00000022674-P,3.777222373109846,4.53471025753819,3.465852944286889,3.0840644739229504,4.373365238635449,0.0,4.039158644825996,4.762084009432767,2.88349271729182,3.7913753794272904,1.9812250416989712,3.5987437213043223
ENSMUSG00000027770-P,7.490218053613686,6.923590523943039,7.497984996365636,7.09496012579435,6.438491567432086,6.384010976764559,6.8404126694853336,7.020954161743021,5.814746626998824,7.299739706011485,7.341387614616761,7.252138427119792
ENSMUSG00000036815-P,3.108754376311148,1.0399210909765384,1.692929958963774,2.0723510249441515,4.823384168558622,0.0,3.1243472247523707,1.888937113351682,2.659038723635503,2.726838355924407,3.5619819391917837,4.1434560588218705
ENSMUSG00000030677-P,3.8637402043734568,2.385282137693864,3.465852944286889,2.8897518575227275,2.657829414999577,4.833189525298334,3.588413176024308,3.562485519943336,3.889659817380317,4.694251536510696,2.301892742392315,3.7553763845397103
ENSMUSG00000097318-P,2.388706117066035,4.598992446943178,2.4505522388752183,1.6494513886902091,1.7119658979366703,0.0,1.680660685039108,2.203147957548002,2.3931131584133563,2.891981879899189,3.147646225708344,3.222863846480197
ENSMUSG00000025789-P,0.8854767201948464,0.0,1.081723604305354,1.6494513886902091,2.821611910686548,0.0,0.0,1.4866706657115965,1.644524637198008,1.381684084294751,0.0,3.222863846480197
ENSMUSG00000025894-P,5.4938874012688155,6.537327466754477,5.679349094352874,5.585477889119275,4.934936396407269,5.0877641140301835,5.385649294638699,5.660107599879281,5.130237847052339,5.013980781063252,4.9757026692765285,5.318429784139239
ENSMUSG00000030801-P,4.095934905275212,4.660532175221,4.676063785822748,4.338730241934797,4.61585078838867,3.5852470377747543,4.8365220755324145,5.467865125388594,5.478719120821888,4.694251536510696,4.224170896552707,5.592143269759895
ENSMUSG00000032763-P,6.421854381723968,5.910311749663849,7.015747033792463,6.836285082247793,7.233254282811396,7.359325924331508,7.462354266180769,7.480086447708976,7.642578199073921,7.277514957660255,7.702951854528195,7.413682654734235
ENSMUSG00000038324-P,7.833500435140976,7.529540210684472,7.461892189849772,7.42602532017131,7.436483198854903,7.554897602059651,7.640369694862379,7.450659129583849,7.59576893906043,7.466192640439568,7.689278054435755,7.600851191461097
ENSMUSG00000030201-P,8.482787224748435,8.253427611107465,8.65450274774654,8.479110666612304,7.827117544260554,8.13730041080556,8.528883011609391,8.408771455857952,8.154214791071672,8.578785402418202,8.926247870564227,8.602297415429383
ENSMUSG00000033068-P,4.525552067463755,3.8806363051174015,3.312157763979618,2.6651330491191443,4.319563355021934,2.222636313675174,3.449675285104147,4.249760164574368,3.989605695113597,3.5156624624613326,3.976492875004384,3.896656719144944
ENSMUSG00000016018-P,6.981983841213517,6.910984637342377,7.367500356130664,7.182465533521387,7.0051740850966215,7.276432804175357,7.599934293538317,7.708593825292325,6.716935547333,7.567366927265784,7.3326183401212015,7.611140050869522
ENSMUSG00000074994-P,7.093602364796387,6.585719222498922,7.123643886364934,6.649287211316158,5.855534643334439,5.304083292016831,6.754603500368547,6.884561063915415,6.37274768308604,7.712486238916691,7.094035159175282,7.070197583915613
ENSMUSG00000032560-P,6.333660700546816,5.832234452988337,6.133952293360991,6.1166263933695815,5.608734042719881,5.5497675936882125,5.782429735667016,6.137359682903388,6.296739331302462,6.241576125946,5.434918702122314,6.221839498569228
ENSMUSG00000022439-P,0.0,0.0,1.081723604305354,1.0486348977274242,0.0,0.0,0.0,0.0,1.0449005473594477,1.381684084294751,0.9875105484522038,0.0
ENSMUSG00000045767-P,8.437664632368906,7.839965134900905,8.686133774522737,8.09532190082023,6.917348039554221,8.040142177055912,7.290066609981066,7.984920330815275,7.530896115319602,8.159951777420632,8.184450891477217,8.305574699690077
ENSMUSG00000043241-P,7.4488337958696365,6.8982676322107865,7.720510309986435,6.965256809170339,7.119787143382784,7.170233247384128,7.300197458770933,7.714796050499313,8.048103101073936,8.09789001613766,7.736579882071974,7.906748311831864
ENSMUSG00000015748-P,5.438583893485182,5.777732016175443,5.884140942768414,4.550900891626236,5.03847880351046,4.634503922927148,5.996926418439346,5.685593241710341,5.969634007166271,5.522315119058797,5.833329293702817,5.822115496419822
ENSMUSG00000048330-P,6.421854381723968,7.078168201230638,6.366481645303116,6.22364343003531,5.652911954125206,5.605166081998413,5.630127004574053,6.390789667456393,6.444951160549242,6.519217707550713,6.4829847469129565,6.534500861155465
ENSMUSG00000020380-P,6.068138665998897,3.98053834928957,6.087331193886346,6.26432218570348,4.015586386094761,5.658515738115934,5.043665381412245,5.874730167948002,4.253596790705888,6.45465424688125,6.782492893562912,6.422119172788541
ENSMUSG00000039145-P,7.833500435140976,7.496171364231849,7.95280226733956,7.843445767753725,7.28329875264631,7.206508687294172,7.5154960202231695,7.757480713401022,6.731443787784425,7.913222643741606,8.169755255623377,8.26053100371866
ENSMUSG00000041491-P,2.9595846507288517,4.39685741355359,3.604739428120841,2.6651330491191443,2.2610640585492225,3.790364895494528,2.1072261594039285,2.6797042233767265,1.644524637198008,3.297408618726716,2.5640862732757217,1.256646745267199
ENSMUSG00000032459-P,4.813319392743866,5.163973699473649,5.108394717432779,5.0927875684481885,5.491981569483636,4.833189525298334,5.091116240655791,4.500099726422591,5.334113880080709,4.694251536510696,4.730736538492143,4.5379393841988005
ENSMUSG00000015363-P,5.954452186274923,6.121999400805971,5.440600237020426,6.181784319138248,5.836505985488788,6.384010976764559,6.16156348448748,6.523906318276414,6.316120126028523,6.009573000801277,5.703309903695489,5.822115496419822
ENSMUSG00000027680-P,7.778883631725957,6.64781567907787,8.235322658084486,7.254907366951375,6.814132502124791,7.055590503182142,6.7097058591098095,7.389940141254915,6.131539442339836,7.6846067262279325,7.696131154380762,7.87294411143234
ENSMUSG00000035539-P,0.8854767201948464,3.7732982502252463,0.0,2.39897591795433,1.7119658979366703,0.0,0.0,2.8695660282412425,2.3931131584133563,1.381684084294751,1.5682857555401204,3.4230107876057687
ENSMUSG00000045284-P,8.923917156278042,9.003421964644813,8.802544598954901,8.607182573924444,8.09069966298228,8.31394831247004,8.63274672632514,8.529797086868083,8.21742233949111,8.60579477309245,8.76613204517437,8.907918330861337
ENSMUSG00000033054-P,5.015821953712903,5.631724156777347,5.3248003042224,5.13726953135435,4.319563355021934,4.404017924202715,4.220792566333152,5.139383001929164,3.7822711559702658,5.362578284149815,5.730268111645454,5.415553112632965
ENSMUSG00000064338-P,4.813319392743866,3.0691532897951093,5.615069586916494,5.7662924981732955,7.63675535317332,6.105341362990655,5.459827368535989,6.001904191842039,4.170853317022545,5.214466084194152,5.997669135225367,5.461768057669626
ENSMUSG00000024873-P,2.1340565645548835,1.0399210909765384,2.4505522388752183,3.672910418501158,6.082462055839459,4.634503922927148,5.630127004574053,4.4414684486850105,4.992473863270092,4.1586681136641985,3.976492875004384,4.847392928297673
ENSMUSG00000097537-P,5.381075613001941,3.7732982502252463,4.473442871464264,4.089885726687541,2.4730436096981774,1.5027011960393286,3.1243472247523707,4.500099726422591,3.540057190346136,5.3341473795355485,5.0631190143554665,4.252640047634348
ENSMUSG00000043614-P,5.258688447768312,4.161713826150124,3.955621760874324,3.99638896868576,4.081721851910303,4.634503922927148,3.714971891269714,1.4866706657115965,4.60827290644347,3.613539375051084,4.3684340633204695,5.10205063677679
ENSMUSG00000027710-P,2.793193551827114,2.650896865013016,2.7187049314574803,2.8897518575227275,4.015586386094761,0.0,3.1243472247523707,3.1875884978886755,1.644524637198008,3.0401483485866754,2.978071989188756,3.5987437213043223
ENSMUSG00000007570-P,4.095934905275212,3.6573275499737368,4.237641117119119,4.950468643575782,4.659814587745524,4.923132308808885,5.597637418736228,4.662923467500477,5.787234727124673,4.8629553682010584,4.882645958734499,5.415553112632965
ENSMUSG00000052951-P,1.824615078778005,1.0399210909765384,1.692929958963774,2.0723510249441515,2.0124825509743043,4.833189525298334,2.929268684986816,0.0,3.2488069851981782,2.5403176978191047,2.785877769442253,0.0
ENSMUSG00000033021-P,5.672287367499894,6.41767052452145,6.423894226280647,5.450975782228282,5.539822206206257,3.9699169413802817,5.893660771919597,5.376927246712734,5.787234727124673,5.496890525893949,6.041378893527714,4.5379393841988005
ENSMUSG00000067148-P,6.531638719393959,6.7218566275685205,6.566682951147342,5.678716054143025,5.9470859399840466,6.476040344958531,6.663365969133095,6.592875585147518,6.427236233216999,6.685988510200116,6.145188480444248,6.080893600935071
ENSMUSG00000013663-P,6.902465498817952,6.819517598482489,6.844102538328743,6.379898397771376,5.254586462582506,6.534285623980695,5.946217345326749,6.155712582389329,6.316120126028523,6.804710971439467,6.782492893562912,6.3985528002142384
ENSMUSG00000006800-P,4.295888232083969,5.777732016175443,3.731421765117163,4.483585706841648,6.130123046001464,4.634503922927148,5.224766906985408,5.139383001929164,5.130237847052339,4.694251536510696,4.730736538492143,4.980333374892511
ENSMUSG00000022843-P,3.3675282693871327,5.88475262004847,3.1401148593054975,3.672910418501158,3.715787584620155,2.222636313675174,3.1243472247523707,3.9466673111887647,3.540057190346136,4.092312020475909,3.5619819391917837,3.7553763845397103
ENSMUSG00000039899-P,3.777222373109846,3.3930092982402096,1.692929958963774,2.0723510249441515,4.659814587745524,1.5027011960393286,5.385649294638699,2.6797042233767265,2.659038723635503,3.613539375051084,2.5640862732757217,3.222863846480197
ENSMUSG00000042557-P,5.809398302286746,5.662131822406488,6.063443230614204,5.821856196791921,5.135084994723551,4.634503922927148,6.183621204184978,5.7352524005339065,5.085762338984941,6.2568033162489805,6.297156432890818,5.822115496419822
ENSMUSG00000038884-P,3.5868697456056577,5.691911793200492,3.465852944286889,3.0840644739229504,5.254586462582506,5.235518623091081,3.2961620850227487,2.8695660282412425,2.659038723635503,4.341180497371334,2.978071989188756,3.4230107876057687
ENSMUSG00000035692-P,0.8854767201948464,0.0,1.081723604305354,2.6651330491191443,3.336894247939065,0.0,7.407179923485969,1.4866706657115965,2.659038723635503,4.092312020475909,3.5619819391917837,1.256646745267199
ENSMUSG00000063801-P,5.258688447768312,5.205858390991043,5.770697880915195,5.180420924640742,5.737405416211542,6.505456903320894,5.996926418439346,5.376927246712734,6.174646428674754,5.897456161246051,5.703309903695489,5.711706868649924
ENSMUSG00000059456-P,6.393051401029043,6.077568956498657,6.772237174073755,6.694641682802472,6.8430224083238524,6.351982039129281,7.320248200543911,6.733913998053996,7.603676713773029,7.144666592557083,7.030384734462175,7.128661778450114
ENSMUSG00000031637-P,1.4301513955146576,0.0,2.7187049314574803,3.0840644739229504,0.0,2.7007023697212773,1.0723621528571825,0.0,1.0449005473594477,1.381684084294751,2.785877769442253,2.3696596197532793
ENSMUSG00000036202-P,6.912648304140106,5.503248162004732,7.015747033792463,6.795232840243815,6.4130281510910585,6.841609948557689,5.971794666122453,7.26025224302032,5.814746626998824,7.555101413503676,7.008528205166074,7.198560098846078
ENSMUSG00000043411-P,7.778883631725957,8.550226464224027,7.550485640478492,7.3238849463674285,7.690730879912245,8.386890527111206,8.206854458820754,8.255539214906904,7.760450490479172,8.085150737235267,7.6685212406627405,8.03456067361604
ENSMUSG00000017670-P,6.839811544040777,6.923590523943039,6.952123366495095,6.694641682802472,6.638503567430414,6.319225858587806,6.6789785683711616,7.145559035562384,6.958077037321802,6.804710971439467,7.25119969991616,6.422119172788541
ENSMUSG00000014846-P,5.5730600817772,4.660532175221,4.90836353686475,5.450975782228282,6.814132502124791,6.415344263426561,5.839116970259891,5.896719670711514,6.427236233216999,5.619756603232332,5.647833510184462,4.980333374892511
ENSMUSG00000030611-P,5.547148967576114,5.398777628998076,5.547791996674059,5.302632627565788,5.0047836626811755,5.0077952890480475,5.564399275391578,5.407881163815295,5.4439038116594975,4.648802186528175,4.435493525991653,5.415553112632965
ENSMUSG00000034563-P,6.922759740799744,6.487256021142228,7.146563278657072,7.171813244471725,6.814132502124791,6.994661403874842,7.834104195433963,7.435717275112043,7.563697133762064,7.224285718886632,7.514206896341483,7.42539103035403
ENSMUSG00000010057-P,5.159563533607588,4.39685741355359,4.90836353686475,4.550900891626236,5.364942112134154,6.644163487368492,5.347079195864581,5.376927246712734,5.671619863072131,5.214466084194152,5.185049217143508,5.415553112632965
ENSMUSG00000020886-P,6.881881701849559,6.537327466754477,7.58445383372952,7.361868834435067,8.996726371821714,8.551056359011278,9.008258037360518,8.326108911946028,8.423570474082005,7.844333043909637,8.035702743243169,8.087104609840841
ENSMUSG00000018171-P,7.120207999920873,6.960760476792537,7.015747033792463,7.049133092741429,7.486168104743506,7.035565359850299,7.583437377437982,7.612211160859154,7.110153490276926,7.350303532424038,7.611663818170686,7.537527781623901
ENSMUSG00000008348-P,9.832776246044377,9.220738574517869,10.071798076176128,9.166973856433144,9.636818344622812,9.644767200986903,11.255599841739652,10.80056711313022,11.207348242965756,10.300916555734355,10.456729159515232,10.45847843192234
ENSMUSG00000042659-P,4.295888232083969,3.2401496723740513,2.9447421864177903,3.2552851184922167,2.821611910686548,5.235518623091081,3.1243472247523707,3.562485519943336,1.0449005473594477,3.7913753794272904,4.063862773336467,3.5987437213043223
ENSMUSG00000019647-P,4.525552067463755,3.6573275499737368,5.011843170389213,4.483585706841648,5.165901090879312,3.5852470377747543,3.449675285104147,4.028615856195515,3.2488069851981782,5.4446563537551675,5.367831884023063,5.214293052212603
ENSMUSG00000021709-P,6.717362770268372,6.750440818180258,6.696603425132438,6.602460508416552,5.911159535326275,6.216243625116345,5.866646622125944,6.523906318276414,5.478719120821888,6.45465424688125,6.350256337756722,7.070197583915613
ENSMUSG00000086769-P,1.824615078778005,0.0,2.1209125051964186,2.39897591795433,0.8145010275868445,2.222636313675174,0.0,1.888937113351682,2.88349271729182,2.5403176978191047,0.9875105484522038,2.3696596197532793
ENSMUSG00000031617-P,6.932800802247252,7.707736615969123,6.326896664973563,6.679681392755137,6.734138931073335,6.90920076698151,6.348901173749178,7.480086447708976,4.728866279791471,6.885303785998692,6.845493036213632,7.459956605074171
ENSMUSG00000071650-P,7.727895721460851,6.363186317493559,8.358224958568705,8.534208613103871,8.020775621605042,8.493497846953723,9.36504410875828,8.468719170824711,9.19157756467471,8.744582778038536,8.986188330383026,8.767791657921922
ENSMUSG00000024098-P,6.881881701849559,6.792282477052913,6.9779104999035555,6.902211666893816,6.1456664539175385,6.285708641057265,7.047036218960267,7.020954161743021,6.982542410636551,6.895068551189986,6.92931241817933,6.6784381842622
ENSMUSG00000046806-P,4.415285379732288,1.6379488583154955,4.320598421947695,3.2552851184922167,4.702478185292994,0.0,4.594569219566535,4.854865093623743,4.476672173666001,4.694251536510696,4.929924476927659,4.700947400377628
ENSMUSG00000040661-P,5.648113003991458,5.398777628998076,5.198887938145035,4.899728298865276,4.475299840719172,5.854134386531398,4.303696860985152,5.102014708421716,4.60827290644347,5.30514491014857,5.0200728362489775,5.415553112632965
ENSMUSG00000040675-P,1.4301513955146576,3.3930092982402096,1.692929958963774,0.0,4.015586386094761,0.0,2.4360270815356015,3.562485519943336,2.3931131584133563,1.7691731579606451,2.301892742392315,1.9179260834722285
ENSMUSG00000016487-P,6.271719731796064,6.996996778237015,6.179113860938536,5.302632627565788,4.823384168558622,5.807659781039243,5.266700474549855,5.759455353363163,4.60827290644347,6.21063094000576,5.9525936024434705,5.822115496419822
ENSMUSG00000028967-P,3.5868697456056577,5.246561304449785,4.676063785822748,4.735831830703193,4.861534698839405,0.0,5.266700474549855,3.767326996465912,4.669829260738149,3.5156624624613326,3.2993686457991767,4.025327408372177
ENSMUSG00000036197-P,6.363661642594106,5.805240594843878,6.385874145129482,6.07149324253407,5.1035962704463325,4.923132308808885,6.4433437939658145,6.671509158718037,6.496827043436045,6.708313826526949,6.4014710269899595,6.7546682795665705
ENSMUSG00000105302-P,3.243935543900742,4.660532175221,3.604739428120841,3.546674232801226,3.946272894914797,0.0,2.1072261594039285,3.3236691687308055,4.170853317022545,4.1586681136641985,3.147646225708344,2.713165506010181
ENSMUSG00000028057-P,5.993351625606638,5.503248162004732,5.963727936145781,5.708502811759847,6.130123046001464,5.304083292016831,6.069797048200696,5.829719387609735,6.444951160549242,6.0625247674531915,5.782718799196082,5.822115496419822
ENSMUSG00000031513-P,7.517162421912737,8.089697307394037,7.337935011026634,6.767200998519294,7.196414641473462,6.770696153912217,7.695140356547538,7.714796050499313,7.18585149362216,7.177043403892546,7.466905716500175,7.558945898603186
ENSMUSG00000042198-P,7.213767618436221,7.165666284420922,7.003244789314777,6.679681392755137,6.400125900474279,6.534285623980695,6.73979232841196,6.709275030247018,7.445474550004294,6.773288857304325,7.145012766891616,7.009263736142881
ENSMUSG00000022751-P,4.165710931605763,3.5312132431986103,2.1209125051964186,3.672910418501158,4.144957985997145,0.0,3.2961620850227487,3.1875884978886755,4.331850957763941,2.891981879899189,3.5619819391917837,3.5987437213043223
ENSMUSG00000033585-P,5.258688447768312,6.662930981362654,5.581822928035971,5.585477889119275,7.879185876167577,5.807659781039243,6.2686267740055275,6.080857141803789,5.371646562501183,6.55661290465285,5.730268111645454,5.9246719765045155
ENSMUSG00000038058-P,3.945361835709526,3.5312132431986103,4.237641117119119,4.1776902641883265,4.373365238635449,4.833189525298334,4.382094852155088,5.063652716017436,4.728866279791471,4.397224232267905,4.619780160286661,4.354139119526331
ENSMUSG00000042745-P,8.854305386671376,8.911489097222692,8.816903620862588,8.638467181416384,8.344120721757768,8.954506085921004,8.275214826798633,8.366063185081499,8.635110803834351,8.352978721680474,8.848410102287158,8.571014827827703
ENSMUSG00000026096-P,4.095934905275212,5.434448341338299,4.320598421947695,3.896410477907952,4.081721851910303,3.790364895494528,3.938978000974403,4.249760164574368,5.334113880080709,4.6018743381215605,3.2993686457991767,4.252640047634348
ENSMUSG00000072662-P,5.2902722705515055,2.385282137693864,5.710445808937475,4.483585706841648,4.205538357102999,3.790364895494528,4.779730753820537,4.809220277953722,2.88349271729182,5.596006258431614,5.756731804746928,6.167102195354035
ENSMUSG00000023764-P,5.193367590653768,5.434448341338299,5.547791996674059,4.950468643575782,5.0047836626811755,5.0877641140301835,5.564399275391578,5.063652716017436,6.427236233216999,5.596006258431614,5.499024042003715,5.159263134006526
ENSMUSG00000040483-P,3.4813634719760502,4.7762556076837335,3.955621760874324,2.8897518575227275,1.7119658979366703,4.5238588630139445,3.714971891269714,0.0,1.0449005473594477,3.174505208994624,1.9812250416989712,3.4230107876057687
ENSMUSG00000033047-P,6.682081577245242,6.805964304712917,7.112046187181966,6.889265160020245,6.80437252742435,6.351982039129281,7.070901359172485,7.060452865103809,7.206769497318835,6.794312790415974,6.730033841174915,6.809308734841607
ENSMUSG00000032602-P,6.557827377033052,6.344557867405224,6.8580558033850805,6.398291963653688,5.982139389596693,6.180215210348189,6.289117989184021,6.343540569975755,6.153253931343048,6.593063243718423,6.689398550647538,7.055203695150798
ENSMUSG00000064340-P,4.676598809853049,4.244427258259998,5.154350736278495,4.899728298865276,6.559474122283782,5.235518623091081,5.723423689788241,5.24600933394438,3.4017693127773,5.275547422615667,4.882645958734499,4.847392928297673
ENSMUSG00000019971-P,7.503753139867543,6.504140332624964,8.235322658084486,7.24477858840056,5.516100181801795,6.952563794755677,5.385649294638699,7.374352522874012,5.039872004732743,8.448909336234218,7.85766231050962,8.042185134071712
ENSMUSG00000031256-P,5.547148967576114,5.246561304449785,6.385874145129482,6.138674301186425,6.373969992103485,6.6174685627395045,5.723423689788241,5.634163638025787,6.064363292374095,6.271871465536351,6.223172497289862,6.13893452079274
ENSMUSG00000023826-P,3.777222373109846,3.6573275499737368,2.7187049314574803,4.26045608645493,0.8145010275868445,4.73726435659949,3.588413176024308,3.4480132671647272,4.60827290644347,4.451172027377437,3.976492875004384,4.252640047634348
ENSMUSG00000070643-P,3.685183232254651,5.076369719801864,4.90836353686475,4.550900891626236,4.319563355021934,3.790364895494528,5.091116240655791,4.713355519152925,5.578391154308508,3.949676189373547,3.883488798682337,5.214293052212603
ENSMUSG00000022568-P,4.577678006180544,4.244427258259998,4.05587983054342,3.7889841620889375,4.659814587745524,4.5238588630139445,5.137055989944297,3.9466673111887647,4.083073932513149,4.092312020475909,4.83376542989838,4.354139119526331
ENSMUSG00000024548-P,4.165710931605763,2.0594748867359756,4.237641117119119,3.99638896868576,2.2610640585492225,3.790364895494528,3.8313182420880993,3.3236691687308055,3.0776820435059644,4.222105922301955,4.9757026692765285,3.896656719144944
ENSMUSG00000050199-P,5.894062815348182,6.585719222498922,5.403023629280852,4.483585706841648,4.523687636437971,4.833189525298334,4.8365220755324145,5.312952805578695,5.4439038116594975,5.30514491014857,5.882224354039638,5.592143269759895
ENSMUSG00000057440-P,7.171991069646698,7.391167961404012,7.297547785569729,7.106192990825142,6.016361302615454,6.180215210348189,6.615488087556025,7.443207546181093,6.277094630689882,7.728958952677974,7.164909917145757,7.504792344920436
ENSMUSG00000022010-P,9.60684487655351,10.058830876204944,9.825991260936624,9.671101490599243,9.70659748190364,9.853619621146755,10.104028645865789,9.934885311451852,10.127283183364264,9.890537606767104,9.70286232835013,9.9536730319138
ENSMUSG00000024083-P,8.862207984967654,8.395939491335522,8.638423309004189,8.209091490157746,8.01232192793657,7.978542941966453,7.834104195433963,8.149641302898415,7.143083004826292,8.207747876514418,8.380128144721585,8.361495359950235
ENSMUSG00000072763-P,4.723626755540068,4.660532175221,5.0609265004096455,3.546674232801226,3.5387438725858185,3.9699169413802817,2.4360270815356015,4.500099726422591,2.3931131584133563,5.245329989706711,3.677297157552445,4.621744423540839
ENSMUSG00000030616-P,6.9722804556705,7.155014863443871,6.549588317903226,6.66456434226896,5.630992092682936,5.807659781039243,6.497177443547104,6.311158980409005,5.610141512327783,7.016339102765241,6.845493036213632,6.844618859895456
ENSMUSG00000003949-P,6.407524770558839,5.469258332001234,6.244311273730956,5.875359050792234,5.695777156575738,6.143263963112935,5.347079195864581,6.406201638207938,6.017776016576882,6.226186501495635,6.833111176152505,6.7359850352559345
ENSMUSG00000085184-P,1.824615078778005,0.0,1.081723604305354,0.0,2.657829414999577,0.0,0.0,0.0,1.644524637198008,1.381684084294751,0.0,2.3696596197532793
ENSMUSG00000066595-P,5.547148967576114,4.53471025753819,5.647567308988842,4.61521471622295,4.823384168558622,5.1635320886888865,7.2695889600864545,6.155712582389329,5.039872004732743,5.711031094938873,5.333081156153189,5.7862433228761505
ENSMUSG00000046714-P,3.945361835709526,4.883381819626282,3.312157763979618,4.1776902641883265,3.715787584620155,3.0591668457024253,3.588413176024308,3.3236691687308055,3.540057190346136,3.7913753794272904,3.976492875004384,4.448964308292506
ENSMUSG00000004263-P,6.633656368408126,6.83294475092466,7.076682974476355,7.03744521454185,7.055412840494967,6.770696153912217,6.934470489462872,7.268708384894042,7.650234186799642,7.216518649530283,7.482845715502133,7.590488427678029
ENSMUSG00000021929-P,5.954452186274923,5.362202548592466,5.963727936145781,5.450975782228282,4.898702315377067,5.658515738115934,5.347079195864581,5.710636475970664,4.669829260738149,6.45465424688125,5.703309903695489,6.274575705700078
ENSMUSG00000074480-P,2.6050793803100993,1.6379488583154955,3.312157763979618,3.99638896868576,3.336894247939065,1.5027011960393286,3.449675285104147,3.4480132671647272,1.644524637198008,4.022756145667588,2.978071989188756,4.5379393841988005
ENSMUSG00000000127-P,5.623526652131811,4.244427258259998,6.063443230614204,5.378710013435007,4.570505040359563,5.235518623091081,5.307449543185963,5.496947062045408,4.840152365914312,6.113601637931112,5.997669135225367,5.891290019019173
ENSMUSG00000075256-P,3.4813634719760502,1.0399210909765384,3.604739428120841,2.8897518575227275,0.0,2.7007023697212773,1.0723621528571825,2.203147957548002,3.889659817380317,3.613539375051084,3.147646225708344,1.9179260834722285
ENSMUSG00000028811-P,4.97753173822037,5.568915830032614,5.512938895848565,4.61521471622295,5.695777156575738,5.304083292016831,4.779730753820537,5.24600933394438,5.7305851300136235,5.596006258431614,4.78317050436923,5.7862433228761505
ENSMUSG00000025016-P,9.519595648945652,9.38925925634503,8.988456669342115,8.695357800430138,8.545028875133834,8.52256413199032,8.813362960282488,8.064782822796088,8.921147612750994,8.868707501510691,8.884857727388937,8.920383382792224
ENSMUSG00000034957-P,3.3675282693871327,3.6573275499737368,3.604739428120841,3.0840644739229504,3.715787584620155,2.7007023697212773,3.2961620850227487,4.610664411920954,3.4017693127773,3.5156624624613326,2.301892742392315,3.222863846480197
ENSMUSG00000025862-P,7.476554780218414,7.043938106933951,7.601142645753969,7.294725999400352,6.734138931073335,7.224309999433207,6.647582562884117,7.225923140556413,6.65739802656506,7.262505943454566,7.164909917145757,7.413682654734235
ENSMUSG00000024800-P,4.165710931605763,5.434448341338299,3.847872573248563,4.26045608645493,4.015586386094761,2.222636313675174,3.714971891269714,3.3236691687308055,4.543972575687705,4.1586681136641985,4.3684340633204695,3.896656719144944
ENSMUSG00000025104-P,5.672287367499894,5.163973699473649,5.547791996674059,5.708502811759847,5.539822206206257,5.5497675936882125,4.9438082645706585,5.939718030230672,5.512714021628471,6.286783861717844,5.782718799196082,6.248448553326723
ENSMUSG00000078201-P,5.8523515365022565,5.030488625837066,5.79990582984467,5.302632627565788,4.934936396407269,4.404017924202715,5.423215024556173,5.24600933394438,5.478719120821888,5.688748114137347,5.560401671877235,5.822115496419822
ENSMUSG00000042506-P,7.188847133234496,7.625251675995195,6.566682951147342,6.694641682802472,7.742759636721272,7.422373357722362,6.647582562884117,7.326552952804208,6.579345313153673,6.773288857304325,7.305986088709749,6.87908537204299
ENSMUSG00000101059-P,1.824615078778005,2.0594748867359756,1.692929958963774,1.0486348977274242,0.0,3.5852470377747543,0.0,0.0,1.0449005473594477,2.5403176978191047,0.9875105484522038,0.0
ENSMUSG00000022629-P,7.057347309610511,5.076369719801864,7.367500356130664,7.001802477877632,5.77786612320858,6.746261887040262,6.183621204184978,6.4953681425651135,4.785582100135434,6.989244686136067,7.323795436339765,7.265227779195277
ENSMUSG00000049287-P,5.381075613001941,3.2401496723740513,6.063443230614204,5.378710013435007,5.0047836626811755,5.759638078590581,6.2267499791404335,5.660107599879281,5.408227514520033,5.688748114137347,5.756731804746928,5.592143269759895
ENSMUSG00000033792-P,8.253647130977555,8.809905850875968,8.112653867965944,8.240014654550583,8.003818406431467,7.776193568606545,8.791984385491414,8.772098289327745,7.018479721125385,8.494584002341147,8.43031134977948,8.292847934754425
ENSMUSG00000018707-P,7.838850094285733,7.287702526790173,8.650499657960811,8.66149332933232,8.668527046474539,8.551056359011278,9.644907853936788,9.566081333204934,9.9633357275082,9.428470269638469,9.330301763614202,9.26470905446634
ENSMUSG00000018293-P,7.038872297531675,6.7218566275685205,6.15670978496556,6.537562555216269,6.016361302615454,6.887020492117266,5.996926418439346,5.981471861116301,5.545926290761863,5.666115557722789,6.450929785968784,6.350232764440913
ENSMUSG00000026547-P,6.436043062252849,6.227434256639141,6.405009427414273,6.138674301186425,5.855534643334439,5.432148998233806,6.934470489462872,6.311158980409005,6.8950344888103166,6.593063243718423,6.4181463863879,5.9246719765045155
ENSMUSG00000026527-P,2.1340565645548835,2.0594748867359756,0.0,2.0723510249441515,2.9686820998227965,0.0,1.680660685039108,2.203147957548002,2.88349271729182,3.5156624624613326,2.785877769442253,1.256646745267199
ENSMUSG00000085945-P,4.47147194203123,5.205858390991043,5.011843170389213,4.26045608645493,1.331922760884799,2.222636313675174,4.720611921530422,4.316533778507413,4.406077991232827,5.117703209624991,4.83376542989838,4.700947400377628
ENSMUSG00000071369-P,6.774312607034409,6.504140332624964,7.112046187181966,6.752978147050246,6.206217698477419,5.807659781039243,6.783777335486467,7.268708384894042,7.267763064143851,7.144666592557083,7.296998287804286,6.7359850352559345
ENSMUSG00000015970-P,5.742471066877271,6.287184304709906,6.423894226280647,6.379898397771376,6.220966586154782,6.143263963112935,6.94742037883315,6.632728042457236,5.814746626998824,6.441387448538115,6.145188480444248,6.7359850352559345
ENSMUSG00000017314-P,4.62798607582455,3.7732982502252463,4.611634412683991,4.26045608645493,5.855534643334439,2.222636313675174,5.564399275391578,4.179745383959693,5.255985743248763,4.940443394064977,5.145539843359258,5.159263134006526
ENSMUSG00000051579-P,7.31704278344565,7.197156685572663,7.743242844510597,7.072228562886965,7.127635657207253,7.623580684753999,7.1174789887611105,7.181830155080111,6.882088528746082,7.343187726400538,7.375941206785225,6.945642350481263
ENSMUSG00000093606-P,3.777222373109846,0.0,3.465852944286889,0.0,0.0,0.0,2.4360270815356015,1.4866706657115965,2.3931131584133563,2.3260509354779892,2.978071989188756,2.713165506010181
ENSMUSG00000049090-P,6.991622398786809,7.078168201230638,7.135149095682902,6.554062779302044,6.333824915094227,5.709962718837696,6.461512458635819,7.26025224302032,7.373297928382081,6.762660872626339,7.154995643572326,6.618500169311961
ENSMUSG00000032307-P,5.410116281520104,3.3930092982402096,5.28403843562497,4.847138132682166,4.861534698839405,3.5852470377747543,4.039158644825996,5.660107599879281,3.540057190346136,5.150683891235962,5.675838346852909,5.0424752552067345
ENSMUSG00000062866-P,9.269223940804398,8.833477244974617,9.439593594576776,9.046781258531524,8.037535837541812,8.843707397566886,8.430856330148748,8.821789865914685,8.006954437980509,9.27613944921379,9.488674246242104,9.170452070778197
ENSMUSG00000041685-P,7.362324066183204,7.71500656242801,7.367500356130664,6.795232840243815,5.982139389596693,6.590270361239926,6.045913481318784,6.684207945372457,5.641208139237051,6.855606562888967,6.782492893562912,7.225597970456422
ENSMUSG00000046807-P,4.47147194203123,2.385282137693864,3.604739428120841,3.896410477907952,3.8734604635124894,3.790364895494528,3.449675285104147,4.809220277953722,1.644524637198008,3.5156624624613326,4.146242312574113,3.7553763845397103
ENSMUSG00000027305-P,4.62798607582455,5.434448341338299,4.237641117119119,4.61521471622295,4.934936396407269,4.73726435659949,4.382094852155088,5.345294605051995,4.943465455302347,4.822592599363206,3.976492875004384,2.99040787202365
ENSMUSG00000031715-P,7.490218053613686,7.409207875173776,7.650081115695045,7.060727042973199,6.52423256029589,6.644163487368492,6.329247423936927,7.030930681749066,6.496827043436045,7.152829168280428,7.287954142878638,7.58005069013129
ENSMUSG00000005699-P,4.897760704709805,4.660532175221,4.961030935308618,4.4129752587859175,5.586127205074772,4.404017924202715,4.779730753820537,5.279869321114219,5.255985743248763,4.8629553682010584,5.26096301051565,5.461768057669626
ENSMUSG00000042594-P,4.415285379732288,5.163973699473649,4.473442871464264,3.546674232801226,4.570505040359563,2.7007023697212773,4.891162234118836,4.942038178517604,4.840152365914312,5.04938998927252,4.499573887818065,4.354139119526331
ENSMUSG00000071652-P,5.623526652131811,5.286147301772223,5.108394717432779,5.821856196791921,5.797678758697136,5.807659781039243,5.307449543185963,5.710636475970664,5.295578618849955,5.150683891235962,5.590138259223642,4.448964308292506
ENSMUSG00000019933-P,4.095934905275212,2.650896865013016,3.955621760874324,2.6651330491191443,2.2610640585492225,3.5852470377747543,4.039158644825996,2.8695660282412425,2.88349271729182,3.410658846623913,3.2993686457991767,3.5987437213043223
ENSMUSG00000102664-P,1.4301513955146576,0.0,2.4505522388752183,1.0486348977274242,3.629979818096817,0.0,3.938978000974403,2.203147957548002,4.406077991232827,3.7913753794272904,1.9812250416989712,3.5987437213043223
ENSMUSG00000020219-P,8.789476116223197,8.733213000829375,7.95280226733956,8.066858248982692,7.658588482026544,8.13730041080556,8.330631112158677,8.362117184067644,7.4973319506243055,7.70139900093868,7.905753083077862,8.05731422651014
ENSMUSG00000052837-P,3.5868697456056577,5.163973699473649,5.154350736278495,4.6767834369679475,3.4413463201392127,6.105341362990655,7.151451176712015,3.562485519943336,5.255985743248763,4.503175016645742,4.882645958734499,4.252640047634348
ENSMUSG00000022774-P,6.348739154120598,6.267541297475601,6.460938018360121,6.52087143124184,5.911159535326275,5.658515738115934,6.183621204184978,6.099938259092898,5.919829900154173,6.286783861717844,6.083803214208118,5.891290019019173
ENSMUSG00000031079-P,3.4813634719760502,0.0,2.4505522388752183,0.0,2.2610640585492225,3.346054709805881,1.680660685039108,2.461014499836793,2.3931131584133563,3.0401483485866754,1.5682857555401204,0.0
ENSMUSG00000021149-P,6.5707455646508395,6.520829325399716,6.680988947378286,6.434390177234756,5.874315583411486,6.351982039129281,5.266700474549855,6.436540276334898,5.255985743248763,6.923972448869484,6.619021271823814,7.009263736142881
ENSMUSG00000039000-P,6.031229696861563,6.585719222498922,6.087331193886346,6.486898448837102,6.235566218317155,4.404017924202715,6.289117989184021,6.137359682903388,6.37274768308604,6.241576125946,5.857983954661776,6.194730429945663
ENSMUSG00000048776-P,5.089482198528558,4.71955390134089,3.312157763979618,4.1776902641883265,1.331922760884799,3.9699169413802817,2.929268684986816,3.1875884978886755,3.4017693127773,3.174505208994624,4.499573887818065,2.3696596197532793
ENSMUSG00000035173-P,6.818307288350684,5.469258332001234,7.028141865289104,6.323267352821728,6.1456664539175385,4.833189525298334,5.307449543185963,6.7819643831773115,5.039872004732743,6.989244686136067,7.241862895433261,6.445306768518016
ENSMUSG00000038780-P,5.1249483640572695,2.650896865013016,4.676063785822748,3.7889841620889375,3.224285379172325,4.634503922927148,3.1243472247523707,4.316533778507413,4.669829260738149,4.451172027377437,4.56092862000084,4.354139119526331
ENSMUSG00000026113-P,4.47147194203123,5.536455591121388,3.312157763979618,3.99638896868576,4.970282690265146,3.9699169413802817,4.4564512721831075,3.4480132671647272,3.2488069851981782,4.282871356752379,4.063862773336467,4.1434560588218705
ENSMUSG00000090247-P,5.1249483640572695,4.830812807127612,5.0609265004096455,4.847138132682166,5.0047836626811755,4.634503922927148,4.658966616099442,4.4414684486850105,2.88349271729182,4.397224232267905,4.730736538492143,4.847392928297673
ENSMUSG00000009013-P,9.078892252854896,9.633254109645897,8.879807232101005,8.74650496047508,8.772303440552228,9.001717990072775,8.596211262925035,9.03011304276228,8.326566386237062,8.327965149615432,8.458798497017082,8.450133702006859
ENSMUSG00000027349-P,6.450093557253646,7.25814753122562,6.497054407462844,5.648301312529237,6.191316471987328,5.605166081998413,5.866646622125944,4.983725874778318,5.7305851300136235,5.916757867765257,5.882224354039638,6.050973347241968
ENSMUSG00000026315-P,3.777222373109846,4.39685741355359,4.237641117119119,4.26045608645493,0.8145010275868445,2.222636313675174,2.7036252497054964,3.4480132671647272,4.785582100135434,3.410658846623913,3.976492875004384,3.7553763845397103
ENSMUSG00000027646-P,6.450093557253646,6.008247338509236,5.547791996674059,5.519793718167039,6.066218622323608,5.942819859974084,5.091116240655791,5.24600933394438,5.512714021628471,4.940443394064977,5.367831884023063,5.159263134006526
ENSMUSG00000038827-P,4.295888232083969,4.660532175221,4.320598421947695,4.089885726687541,4.61585078838867,6.251394180755229,2.929268684986816,2.203147957548002,3.0776820435059644,3.297408618726716,3.784073490652618,2.3696596197532793
ENSMUSG00000025231-P,4.356821614027285,1.0399210909765384,4.3990438140965855,3.99638896868576,4.61585078838867,3.346054709805881,4.039158644825996,4.316533778507413,4.669829260738149,4.022756145667588,4.224170896552707,3.7553763845397103
ENSMUSG00000020546-P,7.503753139867543,8.462241963699256,7.406001302413453,7.672627621883631,6.814132502124791,7.055590503182142,7.471348276491703,7.389940141254915,7.121213718615324,7.745245702090989,7.4507876307183665,7.881469708202607
ENSMUSG00000020330-P,1.824615078778005,0.0,1.692929958963774,0.0,0.0,0.0,1.680660685039108,0.9269160351229908,0.0,1.381684084294751,0.0,1.256646745267199
ENSMUSG00000019088-P,3.777222373109846,3.8806363051174015,4.05587983054342,3.7889841620889375,2.2610640585492225,2.222636313675174,3.2961620850227487,3.859782068540047,2.88349271729182,4.1586681136641985,3.784073490652618,2.713165506010181
ENSMUSG00000020074-P,7.455814137711273,7.93018435813575,7.689632106892543,7.417032941578635,6.559474122283782,6.505456903320894,6.783777335486467,7.397671245768694,7.00659980650345,8.155896361931056,7.384451825862594,7.864367833053538
ENSMUSG00000037408-P,4.095934905275212,5.600661764733968,4.237641117119119,3.0840644739229504,2.821611910686548,5.304083292016831,3.2961620850227487,3.4480132671647272,3.2488069851981782,3.7913753794272904,3.5619819391917837,3.7553763845397103
ENSMUSG00000023046-P,3.243935543900742,2.875129551690155,3.731421765117163,2.8897518575227275,3.715787584620155,4.634503922927148,2.929268684986816,3.562485519943336,2.3931131584133563,3.7913753794272904,4.435493525991653,2.3696596197532793
ENSMUSG00000031776-P,7.30162759080165,7.155014863443871,7.506868854994273,7.24477858840056,7.0136696431945404,7.188484979036001,7.369188756565237,7.450659129583849,7.0990078146874165,7.025258666158756,7.375941206785225,7.157028771327737
ENSMUSG00000020899-P,5.5730600817772,6.054829852279387,5.011843170389213,4.483585706841648,5.586127205074772,5.0077952890480475,6.0932916571563975,4.854865093623743,5.578391154308508,5.275547422615667,5.619274279001974,4.847392928297673
ENSMUSG00000055022-P,9.894445990352304,10.18591477373954,10.021540559058504,10.377539249077232,9.562044583872968,9.657926205728907,10.104028645865789,10.194348861242512,9.243113338890458,10.48674575777468,10.492598681398691,10.621307498851674
ENSMUSG00000024976-P,5.623526652131811,5.503248162004732,6.087331193886346,5.926948481146398,5.282976793644549,4.73726435659949,5.307449543185963,5.634163638025787,4.406077991232827,6.146675148673491,6.041378893527714,5.957298958075648
ENSMUSG00000003199-P,6.991622398786809,6.38157729528082,7.028141865289104,6.001030361990174,6.451056699940695,6.384010976764559,7.059018135810454,6.9385565553582635,6.530402821146494,6.640273922510343,6.703071214124335,6.7359850352559345
ENSMUSG00000039450-P,6.206999609854352,5.805240594843878,5.740886364650992,5.794341827244804,5.737405416211542,6.026367935175742,5.946217345326749,5.874730167948002,6.017776016576882,5.619756603232332,5.26096301051565,5.318429784139239
ENSMUSG00000066057-P,4.02261188025902,4.53471025753819,4.544192630379789,3.2552851184922167,4.263677074451982,0.0,2.929268684986816,4.028615856195515,4.406077991232827,3.705195797462184,4.435493525991653,4.5379393841988005
ENSMUSG00000041649-P,0.0,0.0,1.081723604305354,0.0,2.2610640585492225,1.5027011960393286,0.0,1.4866706657115965,0.0,0.0,0.9875105484522038,1.256646745267199
ENSMUSG00000042699-P,7.669045309108851,8.500608460410964,7.396471961828926,7.049133092741429,7.211263572795288,6.644163487368492,6.894908420027317,6.4662540370310495,6.153253931343048,7.119898055845538,7.647461422891008,7.024740167738741
ENSMUSG00000032348-P,8.285340306970005,9.103759620334433,8.471474244707323,8.182806020129519,8.029180067986143,7.224309999433207,8.421605487628286,8.757151343816137,9.048275399374305,8.38104449521312,8.55994043433133,8.560434724422144
ENSMUSG00000022177-P,2.388706117066035,1.0399210909765384,2.9447421864177903,1.0486348977274242,2.2610640585492225,2.7007023697212773,1.680660685039108,0.9269160351229908,3.540057190346136,1.7691731579606451,1.9812250416989712,2.713165506010181
ENSMUSG00000045098-P,5.934601945273793,5.324676047276037,5.884140942768414,5.263034636753109,4.523687636437971,3.346054709805881,5.920178371212223,5.634163638025787,5.814746626998824,5.837951504031949,5.647833510184462,5.7862433228761505
ENSMUSG00000024772-P,7.102525537810427,6.41767052452145,7.015747033792463,6.618238890275671,7.225961227261914,7.391194019297933,7.74048649618877,7.098898912626173,7.869415455005379,7.077648105664101,7.5372883499556815,7.471296846048657
ENSMUSG00000021000-P,7.756444507701798,7.176239641921969,7.851824173510405,7.959472337812002,7.35859233626361,7.978542941966453,7.599934293538317,7.921981470217131,6.8690253459961905,8.028609100384278,8.129818934619555,8.227473540963008
ENSMUSG00000056938-P,6.942772461333092,6.819517598482489,7.337935011026634,7.049133092741429,6.6603104544080916,7.497495224004233,7.227740493958753,7.4654478176733186,7.539166549642437,7.262505943454566,7.11464285665716,7.114266340380219
ENSMUSG00000060279-P,5.742471066877271,5.120836548556326,5.884140942768414,6.26432218570348,5.855534643334439,6.534285623980695,5.181577911249507,5.96074599297581,5.478719120821888,5.5718583702669555,5.730268111645454,5.711706868649924
ENSMUSG00000030557-P,6.839811544040777,6.936087217065171,6.680988947378286,6.52087143124184,5.563160474360788,6.887020492117266,5.996926418439346,6.209410697546557,5.130237847052339,6.616861689478417,6.498749040491763,6.5979543869599
ENSMUSG00000023118-P,5.381075613001941,4.161713826150124,4.737738392123119,5.263034636753109,5.836505985488788,5.0077952890480475,5.564399275391578,5.981471861116301,5.334113880080709,5.013980781063252,5.4673274033492225,6.13893452079274
ENSMUSG00000021583-P,5.466500628076533,4.830812807127612,4.90836353686475,5.341172734347689,5.539822206206257,4.273312842081705,5.224766906985408,4.899109951823938,5.545926290761863,5.596006258431614,5.4673274033492225,5.461768057669626
ENSMUSG00000021990-P,7.084623657652109,6.206954718790918,6.939054867060317,6.767200998519294,6.935346183194669,6.143263963112935,7.3595325616797425,7.45807242291548,7.530896115319602,7.208709537984444,6.997474502504033,6.945642350481263
ENSMUSG00000029265-P,4.897760704709805,3.3930092982402096,4.90836353686475,5.302632627565788,4.570505040359563,5.235518623091081,4.994600610353493,5.580832667946543,4.992473863270092,5.390459717457241,5.22350537382003,4.776027546772013
ENSMUSG00000036087-P,7.238264937288486,6.792282477052913,7.750741447643128,7.254907366951375,6.2500195855915965,7.151747648744467,6.881476248995693,7.251746244360133,7.354675105516818,7.37144275951906,7.654515575326816,7.252138427119792
ENSMUSG00000031479-P,6.860999967503575,6.504140332624964,6.633105176688304,6.379898397771376,6.360712035010066,5.854134386531398,5.996926418439346,5.660107599879281,6.131539442339836,6.241576125946,6.367530700092263,6.325451983947782
ENSMUSG00000039813-P,6.086244989960619,5.286147301772223,5.989310299083667,6.181784319138248,5.999351815217811,6.446011476171514,6.497177443547104,6.671509158718037,6.933189610126316,6.45465424688125,6.95239279219562,6.717056660514422
ENSMUSG00000044617-P,3.243935543900742,0.0,3.1401148593054975,0.0,0.0,0.0,3.714971891269714,2.203147957548002,2.88349271729182,2.891981879899189,1.5682857555401204,4.1434560588218705
ENSMUSG00000032796-P,3.5868697456056577,4.7762556076837335,2.9447421864177903,2.0723510249441515,2.821611910686548,3.0591668457024253,1.680660685039108,4.380353079586573,3.666241375023308,3.0401483485866754,3.436642487092037,3.4230107876057687
ENSMUSG00000038135-P,1.824615078778005,0.0,1.081723604305354,2.39897591795433,2.9686820998227965,3.346054709805881,3.449675285104147,2.461014499836793,0.0,2.5403176978191047,2.978071989188756,2.713165506010181
ENSMUSG00000000326-C,6.987224935519179,6.816404410561486,6.815958657317895,6.6263294369063175,,7.000648940304913,,6.627640855690067,6.9000625784282255,,,6.812187383856947
ENSMUSG00000000827-C,6.10933303827233,5.724184104635114,6.026103746009668,5.305457830624016,,5.817842524086916,,6.354506408712426,5.885576709257968,,,6.436457459027397
ENSMUSG00000000881-C,7.806238248507494,8.605749603982874,8.515741818650108,8.289726689663107,,8.610178296865705,,9.088903631563587,9.185373410370593,,,8.96730900599604
ENSMUSG00000000976-C,5.499053189622769,4.54479128052225,5.029788150157312,4.531582777984604,,4.8904275518483145,,4.972823382048754,5.299435004031162,,,5.132480833986183
ENSMUSG00000001128-C,2.9641894307294048,3.5074880852801837,3.922871459374952,3.3617092928764207,,1.541336626495835,,3.5996739263906603,3.442207073065027,,,3.659499454058248
ENSMUSG00000001521-C,5.198506277052428,4.4946112912842064,4.333940744587301,4.439662999975433,,2.2694164769105942,,4.8296828663221545,3.82367468051064,,,4.550986184927251
ENSMUSG00000001666-C,5.386231883212921,5.888646924206125,5.7857662384178505,5.406033162232234,,6.292430924220512,,6.033717124436005,6.471324811191249,,,6.422545572628353
ENSMUSG00000001773-C,2.138137563504853,2.3188822613527895,2.9386360600829815,0.0,,0.0,,1.987732424191134,1.0680554872113692,,,1.4126867783113457
ENSMUSG00000002228-C,0.0,0.0,1.8073849903108583,0.0,,0.9674048923102424,,3.194853116705421,0.0,,,1.4126867783113457
ENSMUSG00000002608-C,6.588776931516148,6.54774837314836,6.507836272997877,6.518131447834783,,6.458351483223099,,7.358758606605153,7.097811899742801,,,7.029688769622747
ENSMUSG00000002633-C,2.609495240548126,3.2893625141918443,2.584997580289027,1.9468263315634875,,2.2694164769105942,,2.6301094702480934,0.0,,,3.2190330748149605
ENSMUSG00000002733-C,6.073342880936644,6.336088782517406,6.294662308031573,6.246986546581152,,5.8893404910648375,,6.741995327236029,6.131057510928048,,,6.350899762247737
ENSMUSG00000002778-C,7.901683845045792,8.206632406782584,8.099828061635693,7.796249078044682,,8.377193673887678,,8.591916975111832,8.640490166098507,,,8.46859999159206
ENSMUSG00000002820-C,4.8184146398616825,4.813950177861993,4.000039464453881,4.953273561611836,,4.794362111747247,,5.33275229413072,5.715356997036679,,,5.166266667433585
ENSMUSG00000002910-C,1.4334760532826032,3.6053134790057273,2.772625439053359,3.634711799651865,,3.639677013987396,,4.341975302691646,3.442207073065027,,,4.388733841451062
ENSMUSG00000002963-C,4.300902556653133,4.931776063274248,4.000039464453881,4.180428819962158,,4.580608929613616,,4.584211939071658,4.935853410223768,,,5.132480833986183
ENSMUSG00000003228-C,5.5523189975045355,4.150211254386488,4.502540578785094,4.39140932542033,,4.794362111747247,,4.791563079148306,4.935853410223768,,,4.601253901034637
ENSMUSG00000003282-C,1.4334760532826032,0.846305570751632,1.4150638090347123,0.7772103564006736,,0.0,,1.3121223935613218,1.0680554872113692,,,0.8727598826207578
ENSMUSG00000003382-C,5.7012444133081654,4.442622844884783,4.14299766649662,4.180428819962158,,4.02548275212475,,4.393785888058045,4.125079381585428,,,4.330324568503661
ENSMUSG00000003418-C,1.4334760532826032,2.067488679955821,0.0,1.9468263315634875,,0.0,,1.6891195143635438,2.1009160241147065,,,1.4126867783113457
ENSMUSG00000003421-C,5.443745108748944,5.610979367318627,5.718859543567126,5.750129984284146,,6.201718860928222,,6.049954982467728,6.301203449547498,,,6.111768566925712
ENSMUSG00000003452-C,6.779547242845372,6.510355683157012,6.609836018075698,6.811919870087571,,5.935110196826683,,6.467619767178247,7.219572749518852,,,6.885012050953814
ENSMUSG00000003527-C,5.058246109287047,4.4946112912842064,4.4485006681895936,4.617995133648742,,4.6914406784700216,,4.8296828663221545,4.77180816512325,,,4.950554856354362
ENSMUSG00000003549-C,3.868660751385197,4.4946112912842064,4.874509778245711,5.406033162232234,,5.065265859574233,,4.972823382048754,5.684926907145686,,,5.166266667433585
ENSMUSG00000003752-C,1.4334760532826032,2.532901923184754,2.36926775764794,2.584167946796685,,3.3996089179664075,,4.050692283249386,3.442207073065027,,,2.9353278433826433
ENSMUSG00000003970-C,9.207589269591429,8.92989015541962,8.99250834004689,9.165390587088837,,9.337167986530984,,9.45175808681583,9.74943165955932,,,9.280488798700578
ENSMUSG00000004070-C,7.329938964331805,7.606497874718854,7.539200680171162,7.629448446885902,,7.967736813193007,,7.936427679005297,8.230612888823616,,,8.01027205201053
ENSMUSG00000004085-C,3.690056043985187,3.032280577134576,3.754926479408451,3.7153260891446704,,2.7510183104581927,,4.712161899715245,4.031437387137405,,,4.139408221510954
ENSMUSG00000004151-C,6.663302735813608,7.238438284259746,6.967748355862459,7.048124291933656,,6.394254465449894,,7.32579613671904,7.240647917493037,,,7.694381001928989
ENSMUSG00000004268-C,5.443745108748944,5.964343368821456,5.672466611962801,5.769137867242329,,5.105854363727924,,5.765279140116933,4.374267508812298,,,5.782030210611711
ENSMUSG00000004356-C,4.300902556653133,3.8643493295108,4.209493185613544,4.575435833627302,,4.10772499717138,,4.938347553851586,3.707376963716697,,,3.8378021129317026
ENSMUSG00000004360-C,6.4830142203880525,6.665822911995749,7.033464775582421,6.594713446622916,,6.238690897249208,,7.1334830660210224,6.523848329091592,,,6.689760367659822
ENSMUSG00000004508-C,5.5523189975045355,5.767090587794956,5.574950048329096,5.225140046092457,,5.842071024845519,,5.4597235135574715,6.061697045822214,,,5.760072005537932
ENSMUSG00000004895-C,3.868660751385197,3.1665403446796927,3.6630037848267736,4.236136261201466,,3.1114590032192178,,3.4114162920058955,3.707376963716697,,,3.084143061959374
ENSMUSG00000004945-C,6.710930266887655,7.489668064687243,7.431887638552392,7.216837530675733,,7.434274923793394,,7.794264952371413,8.121228956955077,,,7.399981443023476
ENSMUSG00000004952-C,1.4334760532826032,3.402543765077897,3.2224300065550993,2.401325369831886,,2.2694164769105942,,3.984649161581813,3.288778564963921,,,3.084143061959374
ENSMUSG00000005089-C,12.025855989937494,11.956846263911268,11.95835312252939,11.853024571176467,,11.549247622961031,,11.956424374913832,12.072591586477316,,,11.859004504103607
ENSMUSG00000005699-C,5.65329065696997,5.888646924206125,5.969667774610442,6.260482272209529,,6.489362782149032,,6.731966023701812,6.62348497355707,,,6.436457459027397
ENSMUSG00000005871-C,9.272515596808407,8.925161966902628,8.907433452150814,8.934423985526807,,8.322274986477211,,9.07706766265069,9.322651643638071,,,9.071277383650996
ENSMUSG00000005947-C,0.0,1.3761692453425427,0.0,0.0,,0.0,,0.0,0.0,,,0.0
ENSMUSG00000006095-C,7.529074768455506,7.515062323241487,7.486541722485366,7.613761193364623,,7.888524657609821,,7.914424791240377,8.337184980047821,,,7.996251724038281
ENSMUSG00000006241-C,3.4861740589936105,2.532901923184754,3.345812791746194,2.401325369831886,,1.9508269527020643,,2.7933262888489865,2.696667789000302,,,2.58182735415899
ENSMUSG00000006307-C,5.198506277052428,5.266819432164264,4.7004801944898515,5.110582387912509,,4.521827482917072,,5.359056267457752,5.339059015308414,,,5.644969287575916
ENSMUSG00000006333-C,8.456967168140782,8.379043270692643,8.326471451365046,8.283130006985818,,8.205737674112223,,8.807819495673506,8.864064682968063,,,8.764429972467722
ENSMUSG00000006642-C,0.0,0.0,0.0,0.0,,0.0,,0.0,1.0680554872113692,,,1.4126867783113457
ENSMUSG00000006998-C,8.538424953203224,8.33337936217712,8.245594662937021,8.403582670102521,,8.63465820638891,,8.86629789153464,8.563128843660433,,,8.685079234823098
ENSMUSG00000007038-C,6.823543371045298,6.980355417575751,6.72796215282181,6.951587444978456,,7.29201967314311,,7.581757462978484,7.575257611970175,,,7.49610370982389
ENSMUSG00000007080-C,2.138137563504853,1.3761692453425427,1.4150638090347123,0.7772103564006736,,0.0,,0.8003576570276729,1.0680554872113692,,,0.0
ENSMUSG00000007610-C,4.1706999010872465,3.8643493295108,4.000039464453881,4.180428819962158,,3.3996089179664075,,4.9030276510342405,3.5808757985520483,,,4.550986184927251
ENSMUSG00000009145-C,1.4334760532826032,0.846305570751632,2.115509598589792,1.6514266395573065,,0.0,,1.987732424191134,1.0680554872113692,,,1.8046680709167229
ENSMUSG00000009863-C,8.77527623546995,8.700104420359034,8.650495425503678,9.072807291484716,,9.18446550862633,,9.271358678072716,9.606571712677374,,,8.878378524564415
ENSMUSG00000011960-C,6.90770422931224,6.61974611797455,6.412258581332085,6.784157246689743,,6.607143000613398,,7.014413063653701,6.789997302030276,,,6.746699855310175
ENSMUSG00000014158-C,0.0,0.0,1.8073849903108583,1.2795471030274967,,0.0,,2.6301094702480934,1.0680554872113692,,,0.0
ENSMUSG00000014763-C,6.073342880936644,6.336088782517406,6.132755417798814,6.058984597620728,,5.768129583832366,,6.443238745539636,6.239726061007098,,,6.244214096033418
ENSMUSG00000014776-C,5.386231883212921,4.813950177861993,4.91492408633389,5.406033162232234,,5.979472391231978,,6.049954982467728,6.175511889235857,,,5.715126793932639
ENSMUSG00000015149-C,6.967751891640705,7.60057919775865,7.626967676245583,7.310638637759849,,7.410168748927744,,7.86020698575914,7.790626893971552,,,7.821742467318599
ENSMUSG00000015568-C,5.5523189975045355,5.325410154363054,5.497227704024088,5.140085823727222,,4.10772499717138,,5.006494539162363,5.129067552291397,,,5.0260996885769
ENSMUSG00000015837-C,9.276478090328354,9.240799676390893,9.045801677112262,9.184985439877112,,9.38330147169675,,9.486474451483748,9.664254429665103,,,9.326039199270992
ENSMUSG00000015981-C,8.840967154768293,8.775591440270482,8.58938102983582,8.424714761100562,,8.68240605758281,,9.43639947840626,9.411289511401574,,,8.938270371361634
ENSMUSG00000016477-C,5.058246109287047,5.0752558596257895,5.169965927521901,4.919643509393843,,4.460548930911179,,5.222460996108933,5.299435004031162,,,4.988821691730987
ENSMUSG00000016510-C,4.902866615433742,4.4946112912842064,4.992507100344438,4.738621725110365,,4.6914406784700216,,5.530866730368256,5.339059015308414,,,4.498903567833338
ENSMUSG00000016833-C,5.878550769311726,5.7457968479116746,6.166623067740904,5.769137867242329,,6.022511065463767,,6.017294423225089,6.013532026136244,,,6.076666104460603
ENSMUSG00000016933-C,6.801713012544935,6.497672936534645,6.426306360607094,6.5840189192069305,,6.292430924220512,,6.731966023701812,7.208918578464264,,,7.1611701893521635
ENSMUSG00000016984-C,4.902866615433742,3.5074880852801837,3.345812791746194,3.7153260891446704,,4.6370888418991045,,3.508613656214325,2.9221280948258475,,,3.659499454058248
ENSMUSG00000017491-C,3.690056043985187,3.6053134790057273,3.08749998429564,3.3617092928764207,,2.2694164769105942,,3.842736585875398,3.1170698124358824,,,1.8046680709167229
ENSMUSG00000017550-C,3.868660751385197,2.3188822613527895,2.36926775764794,2.1919001964604257,,1.541336626495835,,4.050692283249386,3.1170698124358824,,,3.5613400039776715
ENSMUSG00000017716-C,0.0,1.3761692453425427,2.36926775764794,2.401325369831886,,1.541336626495835,,1.987732424191134,1.0680554872113692,,,2.7693778051683604
ENSMUSG00000018076-C,8.558090514651928,8.010784913168191,8.142999900300966,8.42770852077591,,7.88269668010838,,8.331291879688143,8.46356684961357,,,8.534759436537453
ENSMUSG00000018238-C,0.0,0.0,0.0,0.0,,1.541336626495835,,1.6891195143635438,2.1009160241147065,,,2.112583478009447
ENSMUSG00000018481-C,7.062590527102318,6.866589014037581,6.958111076349338,7.008682586191597,,6.804997605620443,,6.920392350790864,7.026794076363859,,,7.258356397510966
ENSMUSG00000018697-C,3.4861740589936105,4.083878839528882,4.4485006681895936,3.0246987074308613,,3.1114590032192178,,4.538909618475811,4.125079381585428,,,3.919317557186984
ENSMUSG00000018965-C,9.996586816530394,10.05499879528073,10.116602623314847,9.97038569409915,,10.412873202716163,,10.41120664992186,10.73936841591039,,,10.37904395485012
ENSMUSG00000019039-C,6.510190614218889,5.926991552061997,6.294662308031573,5.544858804492465,,6.377775151174897,,6.893650011518242,6.435215789487232,,,6.790686816780743
ENSMUSG00000019505-C,10.222890137530364,10.149240340908475,10.113350134346868,10.275504037003309,,10.259414345139149,,10.50253016145633,10.53915607256065,,,10.223254343227536
ENSMUSG00000019579-C,5.836224944522409,6.070924965030726,6.19971386749745,5.806418437444359,,6.163774363983888,,6.515179481655259,6.013532026136244,,,6.195960613683977
ENSMUSG00000019718-C,2.609495240548126,2.7192353881313043,1.8073849903108583,1.9468263315634875,,2.5302208690762416,,2.2350113770874733,1.675007964280378,,,2.112583478009447
ENSMUSG00000019775-C,7.619201797042693,7.870267159917563,7.841344165807266,7.890400244817572,,7.541732593097208,,7.536376777313529,8.241108624936349,,,7.717354051701676
ENSMUSG00000019809-C,5.326330345683369,4.772434856206455,5.266827542703058,4.953273561611836,,4.743818998588079,,5.1935184652807305,5.589584943164772,,,5.4935069662257
ENSMUSG00000019848-C,0.0,0.0,1.4150638090347123,0.7772103564006736,,0.0,,0.0,1.0680554872113692,,,0.0
ENSMUSG00000019861-C,5.747655377626174,6.753783634111861,6.572426087693931,6.540429955434854,,6.792618850730617,,6.549847830756573,6.686280878431464,,,6.593707769139173
ENSMUSG00000019970-C,6.144447177255965,5.634342110281843,6.546936105055266,6.84812469760142,,5.768129583832366,,6.273849295576005,6.037815527987776,,,6.450236473578326
ENSMUSG00000020114-C,6.866237412701891,7.327132265461291,7.315946138445573,7.216837530675733,,7.074086112435092,,7.489522130083697,7.399005744936482,,,7.234666697859876
ENSMUSG00000020175-C,5.326330345683369,5.205748127152371,5.169965927521901,4.986137502541371,,4.6370888418991045,,5.006494539162363,5.377623770307308,,,5.382908125616131
ENSMUSG00000020218-C,2.138137563504853,0.846305570751632,1.8073849903108583,0.0,,0.0,,0.8003576570276729,1.0680554872113692,,,0.8727598826207578
ENSMUSG00000020220-C,6.90770422931224,6.48487770618266,6.453998103781735,6.119483232842074,,5.979472391231978,,6.810313561399023,6.859765681046661,,,6.490801076468076
ENSMUSG00000020321-C,9.930225997607987,10.272551856295554,10.191512591103722,9.953866903810306,,10.279513409172669,,10.577955200708084,10.546579476848423,,,10.455329713511292
ENSMUSG00000020453-C,4.1706999010872465,4.33266385642655,3.922871459374952,4.236136261201466,,2.7510183104581927,,4.791563079148306,4.65107023252703,,,4.330324568503661
ENSMUSG00000020491-C,3.868660751385197,2.3188822613527895,2.772625439053359,2.892259673652012,,2.2694164769105942,,2.446043618687812,2.9221280948258475,,,2.112583478009447
ENSMUSG00000020589-C,7.860041098538044,8.118256837387417,8.037131253855044,7.958224302153153,,7.85319832881378,,8.224465729977991,8.160463691273078,,,8.014915379122932
ENSMUSG00000020592-C,1.4334760532826032,2.067488679955821,0.8744882523316289,1.2795471030274967,,0.0,,1.6891195143635438,2.429327355217106,,,1.4126867783113457
ENSMUSG00000020648-C,4.027570206271769,3.032280577134576,3.08749998429564,2.1919001964604257,,2.7510183104581927,,2.2350113770874733,3.1170698124358824,,,2.7693778051683604
ENSMUSG00000020661-C,8.019851976328821,7.606497874718854,7.452626308307447,7.890400244817572,,6.967994278708698,,7.434925183797613,7.761759314989095,,,8.014915379122932
ENSMUSG00000020687-C,6.4830142203880525,6.378212903467313,6.27926519731943,6.23336338179039,,6.001152214343189,,6.3281185845273855,6.340779579486233,,,6.146037193358439
ENSMUSG00000020713-C,2.9641894307294048,0.0,0.0,0.0,,0.0,,5.765279140116933,1.675007964280378,,,3.456011120625007
ENSMUSG00000020734-C,6.1787269319460725,6.607993252898082,6.481168313905574,6.4608290612543335,,6.662613161785881,,7.141082272419189,6.761116995524101,,,7.1611701893521635
ENSMUSG00000020770-C,4.420321031248732,4.014348981718389,4.39235751364384,3.7916732345197177,,3.3996089179664075,,4.972823382048754,3.82367468051064,,,4.550986184927251
ENSMUSG00000020799-C,0.0,0.846305570751632,0.8744882523316289,1.6514266395573065,,0.9674048923102424,,2.446043618687812,1.0680554872113692,,,2.112583478009447
ENSMUSG00000020805-C,4.8184146398616825,4.150211254386488,3.922871459374952,3.5493249877461848,,3.639677013987396,,4.393785888058045,4.65107023252703,,,4.601253901034637
ENSMUSG00000020814-C,4.420321031248732,4.5932844116131974,5.029788150157312,4.39140932542033,,4.6914406784700216,,4.443800156595397,4.213011992017143,,,4.870834569271519
ENSMUSG00000021000-C,5.9985516587800705,5.767090587794956,6.062537391265859,5.860592949861092,,5.39502060500585,,5.841884932627136,5.589584943164772,,,5.668736226321217
ENSMUSG00000021007-C,6.144447177255965,5.888646924206125,5.807396265744266,5.860592949861092,,4.396551664627574,,6.1587736113394635,6.239726061007098,,,6.606069938158553
ENSMUSG00000021010-C,6.036431875100554,5.808757778829849,6.166623067740904,5.8956111456391325,,5.716642292891877,,5.94966777630464,6.435215789487232,,,6.365516394184873
ENSMUSG00000021013-C,4.902866615433742,5.296412208582011,4.954237047869682,3.9332209460107537,,2.5302208690762416,,4.712161899715245,3.442207073065027,,,4.649828954687912
ENSMUSG00000021091-C,4.982647165246312,4.150211254386488,3.8413414125129752,3.634711799651865,,4.936163324154059,,4.670760070376401,5.487493535305077,,,4.4448700720759104
ENSMUSG00000021118-C,0.0,0.0,0.8744882523316289,0.0,,0.0,,0.0,0.0,,,0.0
ENSMUSG00000021131-C,4.300902556653133,2.7192353881313043,2.584997580289027,1.6514266395573065,,2.2694164769105942,,2.9399402873012845,2.696667789000302,,,2.112583478009447
ENSMUSG00000021188-C,7.1342137522882405,6.292697624456565,6.294662308031573,6.148807036467134,,5.690192780577433,,5.966873941516326,6.506552089150127,,,6.422545572628353
ENSMUSG00000021273-C,5.747655377626174,5.926991552061997,5.828706783011564,6.219610348077359,,6.201718860928222,,6.405876804323094,6.435215789487232,,,6.543171763515704
ENSMUSG00000021294-C,4.728709970956263,5.141976874590495,4.832930632533778,4.617995133648742,,4.460548930911179,,5.553822316388153,4.519297308313774,,,5.545781276497139
ENSMUSG00000021476-C,8.797507219010988,9.240799676390893,9.227256829936398,9.150970743179773,,9.568952220849477,,9.655181208262563,9.815884687895927,,,9.644898875996333
ENSMUSG00000021495-C,6.866237412701891,7.1998102868606715,7.060737711750018,6.449090313207337,,5.22118758575261,,7.69966028093635,6.939264432867785,,,7.938766827679547
ENSMUSG00000021508-C,6.8871197989307715,7.4960586573135055,7.5065147494796065,7.209898178105701,,7.728776071582386,,7.760128107044544,7.977982089382854,,,7.319690650498881
ENSMUSG00000021519-C,3.690056043985187,3.1665403446796927,3.564823156854149,3.2578804018563177,,2.7510183104581927,,2.9399402873012845,0.0,,,3.2190330748149605
ENSMUSG00000021550-C,4.420321031248732,3.8643493295108,4.209493185613544,3.9332209460107537,,4.580608929613616,,5.133831025639021,4.374267508812298,,,4.550986184927251
ENSMUSG00000021585-C,3.868660751385197,4.213627421589719,3.8413414125129752,3.9332209460107537,,2.9424659951760495,,3.842736585875398,4.519297308313774,,,3.5613400039776715
ENSMUSG00000021661-C,7.006438635040006,6.95274376840545,6.948408986115428,6.900783350329444,,6.742013543161964,,7.030868410628799,7.5246054387556915,,,7.047927526575228
ENSMUSG00000021709-C,5.65329065696997,5.040701372412272,5.202981011204615,5.140085823727222,,4.8431942786738436,,4.752408667901649,5.083135383946214,,,5.5198808704635
ENSMUSG00000021913-C,6.455316053799703,6.998473898847852,7.024258009408596,7.392595838485521,,7.104449795183308,,7.292062900840496,7.761759314989095,,,7.304599807951858
ENSMUSG00000021943-C,2.9641894307294048,2.3188822613527895,3.08749998429564,2.1919001964604257,,3.1114590032192178,,4.050692283249386,2.1009160241147065,,,3.084143061959374
ENSMUSG00000021969-C,6.734167100628439,6.721423561849997,6.609836018075698,6.495482873446011,,6.201718860928222,,6.594813254615875,6.859765681046661,,,7.144316392180699
ENSMUSG00000021986-C,7.3896939138134865,7.26861287687052,7.431887638552392,7.310638637759849,,7.134187579004931,,7.559245546777717,7.616150306577484,,,7.319690650498881
ENSMUSG00000022199-C,9.996586816530394,10.1583345579042,10.04329723498742,9.97857469916196,,10.150858858128286,,10.739977290382486,10.68562920679931,,,10.753629191817453
ENSMUSG00000022211-C,3.690056043985187,4.442622844884783,4.209493185613544,3.9332209460107537,,2.5302208690762416,,4.288234544654291,3.5808757985520483,,,5.231553496860846
ENSMUSG00000022216-C,5.9985516587800705,5.869085534204049,5.828706783011564,5.750129984284146,,6.182871356711661,,6.341372827072583,6.398179748007456,,,6.076666104460603
ENSMUSG00000022223-C,6.073342880936644,6.186068497582383,5.828706783011564,6.338908261311043,,6.473940456094648,,6.616781107756908,6.701561880657942,,,6.678097745620989
ENSMUSG00000022235-C,3.690056043985187,3.696924723560992,4.000039464453881,3.0246987074308613,,3.746222763186613,,4.288234544654291,3.5808757985520483,,,2.58182735415899
ENSMUSG00000022354-C,8.808495554807088,8.971760683670405,9.00426247972111,9.134574253783605,,9.242501752308543,,9.34394343185525,9.681696941593286,,,9.327906274967546
ENSMUSG00000022371-C,0.0,1.7628475801227037,1.4150638090347123,0.7772103564006736,,0.0,,0.8003576570276729,2.9221280948258475,,,0.0
ENSMUSG00000022407-C,3.2486616392715377,4.4946112912842064,4.333940744587301,4.575435833627302,,4.10772499717138,,4.791563079148306,4.65107023252703,,,4.4448700720759104
ENSMUSG00000022494-C,5.386231883212921,5.767090587794956,5.497227704024088,5.140085823727222,,5.459084337743453,,5.983877315232928,6.197235739840798,,,5.760072005537932
ENSMUSG00000022516-C,7.235392982339609,7.417437249448752,7.459473474841566,7.398711529628299,,7.578249820654361,,8.012970222989722,8.02732838300386,,,7.665140505386645
ENSMUSG00000022523-C,7.418668187195486,7.675690403258799,7.583751493356099,7.498897639631634,,7.473577829278595,,7.620327340395569,7.566938119489352,,,7.676907916475314
ENSMUSG00000022604-C,5.386231883212921,5.0752558596257895,5.357593073295224,5.080462981596519,,4.8431942786738436,,5.250834299087075,5.5223329167526565,,,5.571224886602449
ENSMUSG00000022750-C,5.836224944522409,5.9826627834069726,6.369275395833852,5.9297994568407315,,6.549454490541073,,6.583702602377605,6.9000625784282255,,,6.7578229650016555
ENSMUSG00000022768-C,2.9641894307294048,1.3761692453425427,1.4150638090347123,1.6514266395573065,,0.9674048923102424,,1.987732424191134,2.1009160241147065,,,1.8046680709167229
ENSMUSG00000022801-C,5.9985516587800705,4.5932844116131974,5.357593073295224,4.236136261201466,,4.10772499717138,,5.071567212984205,5.216764648837222,,,5.571224886602449
ENSMUSG00000022833-C,2.609495240548126,2.884232195671641,2.584997580289027,1.2795471030274967,,2.2694164769105942,,2.2350113770874733,1.0680554872113692,,,2.9353278433826433
ENSMUSG00000022842-C,4.1706999010872465,2.532901923184754,2.36926775764794,2.746422465537691,,1.9508269527020643,,3.5996739263906603,2.9221280948258475,,,2.9353278433826433
ENSMUSG00000022893-C,3.2486616392715377,3.9412977455678506,4.502540578785094,4.659334832483568,,3.746222763186613,,4.393785888058045,4.58668773266516,,,4.498903567833338
ENSMUSG00000022914-C,7.474927369703451,7.390248268854717,7.4178943640967505,7.440810499711236,,6.923272180705386,,7.547856474388732,7.541687856922889,,,7.659220609974698
ENSMUSG00000022974-C,5.919670148612942,5.907946627080504,5.849707092327451,5.406033162232234,,4.8904275518483145,,5.705031388170234,5.556350768278735,,,6.022357120688298
ENSMUSG00000022983-C,5.13008005046512,4.772434856206455,4.790117504506528,4.439662999975433,,5.065265859574233,,4.752408667901649,4.935853410223768,,,4.950554856354362
ENSMUSG00000023025-C,5.747655377626174,6.596143856587608,6.426306360607094,6.425322328499713,,5.979472391231978,,6.273849295576005,6.239726061007098,,,6.350899762247737
ENSMUSG00000023064-C,2.9641894307294048,0.846305570751632,1.4150638090347123,0.7772103564006736,,1.9508269527020643,,2.9399402873012845,2.429327355217106,,,1.4126867783113457
ENSMUSG00000023089-C,8.856932932955958,9.623000670529624,9.5511093879296,9.249008005084756,,9.76385318064735,,9.868189502765134,10.032268562197247,,,10.178427660359688
ENSMUSG00000023094-C,5.65329065696997,5.808757778829849,6.183263340148987,5.477115179497726,,5.979472391231978,,6.1587736113394635,6.131057510928048,,,6.490801076468076
ENSMUSG00000023755-C,4.633055610115746,5.205748127152371,5.066130029276167,4.699522886302211,,4.1855307145708,,5.305959812428818,5.556350768278735,,,6.129004626450016
ENSMUSG00000024019-C,6.455316053799703,5.964343368821456,6.098073563817369,5.588316154296536,,6.001152214343189,,6.049954982467728,6.6073494255969525,,,6.5812387549390765
ENSMUSG00000024038-C,7.488655933275176,8.772962398350144,8.592499023593371,8.412677208949695,,9.010996843726312,,9.032818909915903,9.380763190025526,,,8.537989088477179
ENSMUSG00000024059-C,6.948012406297396,6.61974611797455,6.585004157613044,6.951587444978456,,6.59293568798173,,6.902619315973454,6.859765681046661,,,7.047927526575228
ENSMUSG00000024083-C,10.28518124976142,9.667560525499622,9.802019792826046,9.661334555102831,,9.697346310509948,,9.57469607455456,10.033778586476002,,,9.946553690155302
ENSMUSG00000024209-C,0.0,2.067488679955821,1.4150638090347123,0.0,,0.0,,0.0,0.0,,,0.0
ENSMUSG00000024220-C,7.881012716480749,7.789324450086992,7.571162449589377,7.791608704968015,,7.748137344803073,,7.9709488717377,8.346935858664361,,,8.01027205201053
ENSMUSG00000024234-C,5.499053189622769,5.0752558596257895,5.136177586357087,5.197342089539107,,5.065265859574233,,5.507539970321911,5.129067552291397,,,5.263121410795831
ENSMUSG00000024236-C,3.4861740589936105,3.2893625141918443,3.754926479408451,3.2578804018563177,,3.845438166100454,,3.984649161581813,3.82367468051064,,,3.456011120625007
ENSMUSG00000024294-C,7.418668187195486,7.290836739674652,7.105077260304236,6.917917602931262,,6.043558310150323,,7.030868410628799,7.074525576063826,,,7.210581499412753
ENSMUSG00000024349-C,3.868660751385197,3.032280577134576,3.2224300065550993,2.1919001964604257,,4.02548275212475,,3.508613656214325,2.696667789000302,,,3.456011120625007
ENSMUSG00000024352-C,2.9641894307294048,3.5074880852801837,2.9386360600829815,0.7772103564006736,,3.5246307075254704,,3.6853262878543753,3.1170698124358824,,,3.919317557186984
ENSMUSG00000024378-C,5.603688000358608,5.005298906990166,5.599954069632658,5.381538985252328,,4.8431942786738436,,5.507539970321911,5.339059015308414,,,5.439267117509091
ENSMUSG00000024383-C,5.5523189975045355,5.325410154363054,5.202981011204615,5.381538985252328,,4.580608929613616,,5.039397732361058,5.45179196004185,,,5.294013345412765
ENSMUSG00000024384-C,6.10933303827233,5.296412208582011,5.202981011204615,5.6305026547340224,,5.427408040689324,,5.483829835510054,6.131057510928048,,,5.984981028385628
ENSMUSG00000024387-C,6.801713012544935,6.905516512608774,6.716575389373248,7.237457538847907,,7.585443643991612,,7.564906543659095,7.599932052548491,,,7.71164499340708
ENSMUSG00000024423-C,8.505041329948652,7.946908805893057,8.064335614909616,7.974693558969127,,7.870969617095844,,8.19920835934836,8.149362220871012,,,8.096036860138403
ENSMUSG00000024472-C,6.10933303827233,6.201792283636956,6.369275395833852,5.769137867242329,,5.793200171817112,,6.08189249182748,6.321127217221583,,,6.2599464845971795
ENSMUSG00000024664-C,5.13008005046512,5.325410154363054,4.91492408633389,4.575435833627302,,5.327979353604507,,5.039397732361058,5.415184431128024,,,5.946610816829285
ENSMUSG00000024665-C,7.870565013699066,7.909096861353818,7.961973885716289,7.966482431278515,,7.754533789353521,,8.158602624081793,7.880646320351825,,,7.977343455660141
ENSMUSG00000024666-C,4.982647165246312,4.213627421589719,4.000039464453881,4.48635483653251,,3.5246307075254704,,3.9154370975961177,5.129067552291397,,,4.74233179515021
ENSMUSG00000024713-C,5.13008005046512,4.33266385642655,4.653482661342376,4.439662999975433,,3.845438166100454,,4.4921385053376435,4.71270188738475,,,5.263121410795831
ENSMUSG00000024764-C,4.902866615433742,4.854304185494181,5.136177586357087,4.699522886302211,,4.1855307145708,,5.41026774748383,4.65107023252703,,,6.290905752626847
ENSMUSG00000024892-C,5.058246109287047,5.205748127152371,5.266827542703058,5.225140046092457,,5.663249288214105,,5.553822316388153,5.487493535305077,,,5.132480833986183
ENSMUSG00000024909-C,1.4334760532826032,3.032280577134576,2.9386360600829815,2.1919001964604257,,1.9508269527020643,,2.9399402873012845,3.5808757985520483,,,3.2190330748149605
ENSMUSG00000024914-C,8.491468537931182,8.322633068872165,8.502542319838144,8.804562189806951,,8.79218270614533,,8.73185110063703,9.0546235915433,,,8.3777912549398
ENSMUSG00000025027-C,5.13008005046512,5.538531580801714,5.574950048329096,5.946594518406529,,5.842071024845519,,6.2030095642996015,6.239726061007098,,,6.022357120688298
ENSMUSG00000025103-C,5.9985516587800705,6.785433755764294,6.6220934874773825,5.963196308907811,,6.022511065463767,,6.937949095591225,6.197235739840798,,,6.768860971771084
ENSMUSG00000025154-C,0.0,1.3761692453425427,0.0,1.6514266395573065,,1.9508269527020643,,1.6891195143635438,1.0680554872113692,,,0.0
ENSMUSG00000025278-C,5.65329065696997,5.634342110281843,5.235257439512557,4.699522886302211,,4.6914406784700216,,5.6843764208328995,5.339059015308414,,,6.244214096033418
ENSMUSG00000025317-C,0.0,0.0,0.0,0.0,,0.9674048923102424,,0.8003576570276729,0.0,,,2.366199903278748
ENSMUSG00000025323-C,4.8184146398616825,5.657332542333674,5.549505016057975,4.986137502541371,,5.145332136575571,,5.1935184652807305,4.828587901398478,,,5.294013345412765
ENSMUSG00000025352-C,3.690056043985187,4.969005794748283,4.7004801944898515,4.39140932542033,,4.8431942786738436,,5.4597235135574715,4.58668773266516,,,4.269450378667082
ENSMUSG00000025362-C,9.315515706614953,9.90218430628064,9.929547054310463,10.017843694927898,,10.226431739021884,,10.237776277083348,10.612735988148124,,,9.881937362051572
ENSMUSG00000025371-C,5.058246109287047,4.640200417124641,5.266827542703058,5.080462981596519,,4.8904275518483145,,5.745474798950419,5.802975869139889,,,5.737774418563194
ENSMUSG00000025429-C,2.9641894307294048,2.7192353881313043,2.584997580289027,1.6514266395573065,,3.3996089179664075,,1.987732424191134,1.675007964280378,,,1.4126867783113457
ENSMUSG00000025494-C,0.0,0.0,1.8073849903108583,0.0,,0.0,,2.2350113770874733,1.675007964280378,,,2.9353278433826433
ENSMUSG00000025504-C,1.4334760532826032,1.3761692453425427,2.36926775764794,2.401325369831886,,1.541336626495835,,2.446043618687812,2.696667789000302,,,2.58182735415899
ENSMUSG00000025579-C,7.73890888677961,7.457283458187575,7.338406819965269,7.608493972597707,,7.549110358473554,,8.021229590021754,8.063261093454189,,,7.878896020707456
ENSMUSG00000025730-C,6.10933303827233,6.12140146477275,6.19971386749745,6.273852920878147,,6.57858707249385,,6.701452872761374,7.050857216522951,,,6.746699855310175
ENSMUSG00000025777-C,7.891385302785338,8.010784913168191,8.168296197505137,7.796249078044682,,7.689256148288877,,7.945135726082777,7.933374585914605,,,7.98209380619184
ENSMUSG00000025815-C,2.138137563504853,2.3188822613527895,2.36926775764794,0.7772103564006736,,0.0,,1.3121223935613218,2.1009160241147065,,,2.9353278433826433
ENSMUSG00000025872-C,5.792619734404135,6.378212903467313,5.849707092327451,5.8956111456391325,,6.767538070402273,,6.731966023701812,6.506552089150127,,,6.790686816780743
ENSMUSG00000025892-C,6.801713012544935,6.350267257280306,6.309896827359498,6.246986546581152,,5.793200171817112,,6.3675215065322135,6.832261867500877,,,6.606069938158553
ENSMUSG00000025909-C,5.13008005046512,4.5932844116131974,4.653482661342376,4.849936096679554,,4.8431942786738436,,4.1743468699676285,4.77180816512325,,,4.950554856354362
ENSMUSG00000026017-C,4.728709970956263,4.4946112912842064,5.169965927521901,4.738621725110365,,4.02548275212475,,4.8296828663221545,4.935853410223768,,,4.950554856354362
ENSMUSG00000026088-C,4.420321031248732,4.6856386586682275,4.073288576728454,3.2578804018563177,,4.259354157918123,,4.538909618475811,5.129067552291397,,,4.649828954687912
ENSMUSG00000026103-C,8.95414226289797,8.872102722291578,9.045801677112262,8.454376420538997,,8.585275827438739,,8.915868415313629,8.984518647663835,,,9.13877624091282
ENSMUSG00000026197-C,3.690056043985187,4.54479128052225,5.029788150157312,4.3414856993539885,,4.521827482917072,,4.712161899715245,5.083135383946214,,,5.062438666611843
ENSMUSG00000026234-C,9.748173344178308,9.64329506548591,9.587507048587517,9.413582119881656,,9.86338391129166,,9.657832372609304,9.933802138928744,,,10.143869262662417
ENSMUSG00000026295-C,0.0,0.0,0.8744882523316289,0.0,,0.9674048923102424,,0.8003576570276729,0.0,,,0.0
ENSMUSG00000026361-C,6.663302735813608,6.905516512608774,6.858022727620711,6.726975935719819,,6.084753445231857,,6.430891962051793,7.0146103046674035,,,6.9735468329366785
ENSMUSG00000026365-C,4.1706999010872465,4.388690700696569,4.653482661342376,3.999106096059519,,3.5246307075254704,,4.23241421537003,3.82367468051064,,,3.996472480641343
ENSMUSG00000026384-C,6.9279990870112815,6.350267257280306,6.670107751107389,6.4608290612543335,,6.274739075351769,,6.354506408712426,6.41681661149185,,,6.422545572628353
ENSMUSG00000026389-C,2.9641894307294048,3.5074880852801837,2.584997580289027,2.746422465537691,,2.7510183104581927,,4.050692283249386,3.1170698124358824,,,2.366199903278748
ENSMUSG00000026421-C,7.668282839361869,7.6357324256694685,7.766018582813395,7.823782180737476,,7.865070144146003,,7.927666751171395,8.436423223244418,,,8.22185872735483
ENSMUSG00000026466-C,5.603688000358608,5.9826627834069726,6.453998103781735,5.8956111456391325,,4.521827482917072,,6.14372165690366,5.258691899999647,,,5.887071438612729
ENSMUSG00000026469-C,7.631629482886481,7.606497874718854,7.633037080457725,7.416904575608156,,7.385652926373246,,7.837000731291956,7.880646320351825,,,7.821742467318599
ENSMUSG00000026490-C,8.378028532529887,8.190961571407332,8.315191525469716,7.958224302153153,,7.735258742492562,,8.143548876252353,8.563128843660433,,,8.649688601686481
ENSMUSG00000026495-C,4.982647165246312,5.205748127152371,5.523603136332226,4.659334832483568,,4.8431942786738436,,5.41026774748383,5.8585651808694195,,,6.076666104460603
ENSMUSG00000026510-C,4.633055610115746,3.8643493295108,4.073288576728454,4.180428819962158,,4.10772499717138,,4.393785888058045,3.442207073065027,,,3.8378021129317026
ENSMUSG00000026576-C,12.110977302440238,12.108436569975373,12.16907974107638,11.851910607115936,,11.998141138079705,,12.27277758643297,12.34277585471873,,,12.316568220298214
ENSMUSG00000026589-C,0.0,2.3188822613527895,0.0,1.2795471030274967,,0.0,,2.7933262888489865,2.9221280948258475,,,2.58182735415899
ENSMUSG00000026600-C,6.073342880936644,5.657332542333674,5.763806974138528,5.787898569531948,,4.980493639492919,,6.24592940785711,6.360167831352448,,,5.803659210255832
ENSMUSG00000026628-C,0.0,1.3761692453425427,0.8744882523316289,1.6514266395573065,,0.0,,0.8003576570276729,0.0,,,2.366199903278748
ENSMUSG00000026678-C,7.0441150047503465,6.943421188377972,7.024258009408596,7.094073652007864,,6.327176761654603,,7.2783456125124335,7.389601649796575,,,7.083727551906267
ENSMUSG00000026723-C,3.2486616392715377,3.402543765077897,2.772625439053359,1.6514266395573065,,1.9508269527020643,,3.766177223083601,2.429327355217106,,,1.4126867783113457
ENSMUSG00000026765-C,4.633055610115746,4.5932844116131974,4.333940744587301,4.289772378807899,,5.023502307965054,,4.1743468699676285,5.622070737276084,,,5.545781276497139
ENSMUSG00000026771-C,5.443745108748944,5.435902701865466,5.066130029276167,5.110582387912509,,4.396551664627574,,5.133831025639021,5.339059015308414,,,5.668736226321217
ENSMUSG00000026785-C,0.0,0.846305570751632,0.8744882523316289,0.0,,2.5302208690762416,,2.2350113770874733,0.0,,,1.4126867783113457
ENSMUSG00000026925-C,4.300902556653133,5.040701372412272,5.029788150157312,4.575435833627302,,4.02548275212475,,4.752408667901649,4.77180816512325,,,4.550986184927251
ENSMUSG00000027010-C,7.795232640607611,8.533031974725688,8.528821646732121,8.042663326643742,,8.779693026339892,,8.86629789153464,9.177198118760504,,,8.402807454891015
ENSMUSG00000027109-C,5.499053189622769,5.109002042618445,5.066130029276167,5.453808154536049,,4.6370888418991045,,5.163983398388806,4.883217335620884,,,5.4935069662257
ENSMUSG00000027253-C,4.1706999010872465,4.33266385642655,4.7004801944898515,4.236136261201466,,2.9424659951760495,,4.584211939071658,4.4486040679813845,,,4.4448700720759104
ENSMUSG00000027291-C,5.5523189975045355,5.9826627834069726,6.062537391265859,6.351574570213523,,6.256827573966689,,6.731966023701812,6.591031369522042,,,6.179510680772605
ENSMUSG00000027331-C,2.9641894307294048,0.0,0.0,1.6514266395573065,,0.0,,0.0,0.0,,,2.58182735415899
ENSMUSG00000027361-C,4.027570206271769,4.274372999508628,4.604902423615066,3.7916732345197177,,3.938267275349735,,4.972823382048754,5.129067552291397,,,4.69682163605729
ENSMUSG00000027408-C,1.4334760532826032,1.3761692453425427,1.8073849903108583,1.6514266395573065,,1.9508269527020643,,1.6891195143635438,2.429327355217106,,,2.366199903278748
ENSMUSG00000027569-C,4.633055610115746,4.274372999508628,4.39235751364384,3.7916732345197177,,1.9508269527020643,,4.288234544654291,4.213011992017143,,,4.69682163605729
ENSMUSG00000027612-C,5.443745108748944,5.0752558596257895,5.029788150157312,5.381538985252328,,5.579261339751742,,5.765279140116933,5.745158475495504,,,5.984981028385628
ENSMUSG00000027642-C,6.734167100628439,6.934037974560525,7.087504627109065,6.883443153408037,,7.063821193980948,,7.501379222426027,7.361015874288954,,,7.092540452987477
ENSMUSG00000027737-C,6.427075686063372,6.535391516328781,6.115518705662865,6.043455054057982,,5.716642292891877,,6.49159559653505,5.715356997036679,,,5.545781276497139
ENSMUSG00000027861-C,2.9641894307294048,2.3188822613527895,2.115509598589792,2.401325369831886,,2.2694164769105942,,3.194853116705421,3.931292798388528,,,2.58182735415899
ENSMUSG00000027887-C,2.609495240548126,3.402543765077897,3.459469887214497,2.892259673652012,,2.2694164769105942,,2.6301094702480934,2.1009160241147065,,,3.659499454058248
ENSMUSG00000028015-C,5.13008005046512,4.014348981718389,4.000039464453881,3.7916732345197177,,2.5302208690762416,,4.584211939071658,3.288778564963921,,,4.550986184927251
ENSMUSG00000028068-C,1.4334760532826032,2.7192353881313043,0.8744882523316289,0.7772103564006736,,0.0,,1.6891195143635438,1.0680554872113692,,,1.8046680709167229
ENSMUSG00000028080-C,4.300902556653133,4.931776063274248,5.470361080652834,4.919643509393843,,4.8431942786738436,,5.784815297975318,4.883217335620884,,,5.760072005537932
ENSMUSG00000028125-C,0.0,0.0,0.0,0.0,,0.9674048923102424,,1.987732424191134,0.0,,,2.366199903278748
ENSMUSG00000028180-C,8.286682387928941,8.151023191360814,8.064335614909616,7.6603203155640225,,7.816985228114627,,7.832314348094623,8.307530571065685,,,8.64370482842909
ENSMUSG00000028261-C,6.036431875100554,6.186068497582383,6.26370198721604,6.484023842317532,,6.238690897249208,,6.354506408712426,6.846079315524949,,,6.822818690049529
ENSMUSG00000028334-C,4.1706999010872465,4.083878839528882,4.554629155789021,4.236136261201466,,5.065265859574233,,5.039397732361058,5.5223329167526565,,,4.4448700720759104
ENSMUSG00000028443-C,4.1706999010872465,4.813950177861993,4.273058412468433,3.1459955578315,,3.746222763186613,,4.341975302691646,4.2958915964377065,,,4.649828954687912
ENSMUSG00000028479-C,4.1706999010872465,4.640200417124641,4.653482661342376,4.919643509393843,,4.460548930911179,,5.507539970321911,5.415184431128024,,,4.950554856354362
ENSMUSG00000028494-C,1.4334760532826032,3.7830643658576735,1.4150638090347123,3.2578804018563177,,3.1114590032192178,,3.766177223083601,2.696667789000302,,,2.9353278433826433
ENSMUSG00000028517-C,9.232280314293613,9.03456928641465,8.835566115339018,9.219944587344282,,8.744778203328877,,9.102590642160472,9.104335084216336,,,9.13451549249938
ENSMUSG00000028580-C,7.981528050742001,7.60057919775865,8.082190981401716,8.069746021161784,,7.434274923793394,,7.794264952371413,8.104081841509846,,,7.938766827679547
ENSMUSG00000028639-C,8.189159233110457,7.75243205297745,8.004730577273559,7.890400244817572,,7.5042669912730195,,8.23515640638601,7.9203720856012465,,,7.762230996893057
ENSMUSG00000028649-C,8.840967154768293,8.304542761787436,8.280812730156743,8.256437442554404,,7.592601774110125,,8.321292764828224,8.297508749683313,,,8.56989408270695
ENSMUSG00000028681-C,2.609495240548126,0.846305570751632,0.8744882523316289,1.2795471030274967,,0.0,,2.6301094702480934,2.1009160241147065,,,0.8727598826207578
ENSMUSG00000028747-C,3.868660751385197,1.7628475801227037,2.772625439053359,1.9468263315634875,,1.541336626495835,,1.3121223935613218,2.9221280948258475,,,2.7693778051683604
ENSMUSG00000028795-C,5.13008005046512,5.040701372412272,5.136177586357087,5.018269461033357,,4.8904275518483145,,5.663421437213151,5.9888327755056645,,,5.845968070577831
ENSMUSG00000028811-C,5.836224944522409,6.263027765862968,5.969667774610442,6.40115620471674,,6.6212117663264545,,6.72186651025223,7.026794076363859,,,6.606069938158553
ENSMUSG00000028838-C,6.30823863766087,6.445796706985578,6.309896827359498,6.260482272209529,,7.2012809173946595,,6.701452872761374,7.5331719310157,,,6.91513138238837
ENSMUSG00000028967-C,3.690056043985187,4.150211254386488,4.554629155789021,4.289772378807899,,4.259354157918123,,5.133831025639021,3.442207073065027,,,3.996472480641343
ENSMUSG00000028995-C,5.263833514387339,5.205748127152371,5.235257439512557,4.953273561611836,,4.10772499717138,,6.18841443641273,5.173582353370481,,,5.294013345412765
ENSMUSG00000029020-C,7.817160535275288,7.865339132038894,7.782494154709752,7.837354160917858,,7.888524657609821,,8.427646786523164,8.588009811150359,,,8.352333610508564
ENSMUSG00000029131-C,7.656168228994967,7.31994584314458,7.262136666516247,7.244265898529531,,7.15367759540957,,7.257521988304905,7.926887984075607,,,7.6109660737279565
ENSMUSG00000029276-C,5.13008005046512,4.729689393978666,4.91492408633389,4.617995133648742,,4.259354157918123,,4.866821302962881,4.4486040679813845,,,4.950554856354362
ENSMUSG00000029279-C,5.7012444133081654,4.89356008621617,5.624532107014368,4.953273561611836,,4.6914406784700216,,4.670760070376401,4.77180816512325,,,5.097884772855301
ENSMUSG00000029345-C,5.198506277052428,6.104771423621481,5.235257439512557,5.9297994568407315,,6.043558310150323,,6.443238745539636,6.301203449547498,,,5.9071921550146795
ENSMUSG00000029348-C,7.961977435675034,7.794518615479497,8.004730577273559,7.810081310305824,,8.148602588375658,,8.367373554511191,8.390017170329365,,,8.147689687987778
ENSMUSG00000029461-C,9.386897277146918,8.903691236717444,8.968708804552808,9.076626974079051,,8.641576844352665,,8.75184204863338,8.990751787359835,,,8.930918457912314
ENSMUSG00000029513-C,4.5306059070680975,4.213627421589719,4.209493185613544,3.8641823602813914,,4.02548275212475,,3.9154370975961177,4.58668773266516,,,3.919317557186984
ENSMUSG00000029714-C,6.823543371045298,5.849255262917923,6.26370198721604,6.437255266636636,,5.579261339751742,,6.538384031290001,6.061697045822214,,,6.701329465605389
ENSMUSG00000029882-C,0.0,0.0,0.8744882523316289,0.0,,0.0,,0.8003576570276729,0.0,,,0.0
ENSMUSG00000029916-C,4.300902556653133,4.274372999508628,3.754926479408451,4.699522886302211,,2.5302208690762416,,4.050692283249386,3.931292798388528,,,3.75140358505242
ENSMUSG00000030002-C,6.073342880936644,5.767090587794956,5.763806974138528,5.946594518406529,,3.5246307075254704,,6.0006826220173455,4.935853410223768,,,5.82496872997746
ENSMUSG00000030016-C,7.606666125550896,7.410687890981768,7.330958712035516,7.277833928157382,,6.549454490541073,,7.1334830660210224,7.389601649796575,,,7.4281046143804526
ENSMUSG00000030035-C,5.13008005046512,4.388690700696569,4.7004801944898515,4.39140932542033,,4.8904275518483145,,5.071567212984205,4.986636488921788,,,4.829259221068079
ENSMUSG00000030323-C,5.959649957130794,5.634342110281843,5.890812316161826,5.912806571193141,,6.163774363983888,,6.341372827072583,6.574526629378969,,,6.379986422122188
ENSMUSG00000030433-C,0.0,0.846305570751632,0.0,0.0,,0.0,,1.3121223935613218,1.0680554872113692,,,0.0
ENSMUSG00000030465-C,8.71815221970393,8.632100754229727,8.532073158486499,8.483440504813201,,8.158283622377503,,8.577987166611024,8.628547650471935,,,8.658617982652643
ENSMUSG00000030522-C,3.868660751385197,3.7830643658576735,3.2224300065550993,3.634711799651865,,2.7510183104581927,,4.443800156595397,4.374267508812298,,,4.74233179515021
ENSMUSG00000030530-C,5.13008005046512,5.325410154363054,5.386622142358993,5.69155589194651,,6.256827573966689,,5.94966777630464,6.321127217221583,,,5.965923481594502
ENSMUSG00000030714-C,3.4861740589936105,4.274372999508628,3.922871459374952,3.634711799651865,,3.938267275349735,,4.584211939071658,5.173582353370481,,,4.649828954687912
ENSMUSG00000030718-C,9.678010552249644,9.69003169910283,9.571794683567568,9.739310230831304,,9.97714753878483,,10.014992278917992,10.024694641990216,,,9.962265486803922
ENSMUSG00000030733-C,5.65329065696997,6.54774837314836,6.534020213121316,6.376578375781896,,6.716029283591187,,6.955294751451896,7.109315613733173,,,6.864577388925192
ENSMUSG00000030741-C,6.036431875100554,5.266819432164264,5.101578895779515,5.453808154536049,,5.8893404910648375,,6.066012111998842,6.239726061007098,,,5.571224886602449
ENSMUSG00000030847-C,4.1706999010872465,4.083878839528882,3.754926479408451,3.634711799651865,,3.746222763186613,,4.584211939071658,4.519297308313774,,,3.5613400039776715
ENSMUSG00000030942-C,5.792619734404135,5.724184104635114,5.910933921908952,5.711346006425334,,5.427408040689324,,6.341372827072583,5.258691899999647,,,6.022357120688298
ENSMUSG00000031077-C,1.4334760532826032,2.067488679955821,1.4150638090347123,2.1919001964604257,,1.541336626495835,,2.9399402873012845,2.429327355217106,,,1.4126867783113457
ENSMUSG00000031095-C,4.1706999010872465,4.083878839528882,3.2224300065550993,3.3617092928764207,,3.3996089179664075,,2.446043618687812,4.031437387137405,,,2.9353278433826433
ENSMUSG00000031103-C,0.0,1.7628475801227037,0.0,0.7772103564006736,,0.0,,1.3121223935613218,2.429327355217106,,,0.8727598826207578
ENSMUSG00000031138-C,2.138137563504853,0.0,0.0,0.0,,1.541336626495835,,0.0,0.0,,,0.0
ENSMUSG00000031145-C,3.4861740589936105,2.067488679955821,1.8073849903108583,1.9468263315634875,,2.5302208690762416,,2.2350113770874733,3.1170698124358824,,,2.112583478009447
ENSMUSG00000031174-C,5.058246109287047,4.33266385642655,4.39235751364384,4.236136261201466,,3.3996089179664075,,5.039397732361058,4.031437387137405,,,4.870834569271519
ENSMUSG00000031209-C,1.4334760532826032,2.884232195671641,2.584997580289027,1.2795471030274967,,1.541336626495835,,1.987732424191134,2.696667789000302,,,2.58182735415899
ENSMUSG00000031327-C,6.427075686063372,6.677115789456508,6.383745883724132,6.784157246689743,,6.292430924220512,,6.49159559653505,7.261419642771534,,,6.822818690049529
ENSMUSG00000031328-C,4.902866615433742,4.772434856206455,4.7004801944898515,4.617995133648742,,3.3996089179664075,,5.384889227875278,5.831038251407883,,,5.782030210611711
ENSMUSG00000031337-C,3.2486616392715377,2.884232195671641,3.08749998429564,3.0246987074308613,,0.0,,3.307194436369124,3.5808757985520483,,,3.456011120625007
ENSMUSG00000031393-C,8.010366013077228,7.582676068439651,7.651093577131312,7.8192296656721405,,7.4813115386323314,,7.82761269224452,7.887343710788691,,,7.848002358335808
ENSMUSG00000031429-C,5.7012444133081654,5.610979367318627,5.718859543567126,4.813777272288485,,5.768129583832366,,5.4352075388743915,5.745158475495504,,,5.097884772855301
ENSMUSG00000031490-C,3.868660751385197,3.5074880852801837,4.209493185613544,3.999106096059519,,3.3996089179664075,,3.307194436369124,4.2958915964377065,,,4.069709806402361
ENSMUSG00000031563-C,7.116638532701875,7.246041305390321,7.214360932713396,7.223743664727867,,6.888796653358917,,7.501379222426027,7.5331719310157,,,7.509327215045187
ENSMUSG00000031574-C,2.138137563504853,0.0,2.115509598589792,1.6514266395573065,,1.541336626495835,,1.3121223935613218,2.1009160241147065,,,2.58182735415899
ENSMUSG00000031604-C,7.619201797042693,8.063371347444887,7.749352684327164,7.715258052645833,,7.627869182349187,,7.949470118080116,8.10982022109675,,,8.01027205201053
ENSMUSG00000031618-C,3.868660751385197,4.274372999508628,4.14299766649662,3.2578804018563177,,3.5246307075254704,,4.443800156595397,3.82367468051064,,,2.9353278433826433
ENSMUSG00000031644-C,5.836224944522409,6.510355683157012,6.183263340148987,5.730868320163798,,5.579261339751742,,6.2876091984777,6.281000674971384,,,6.179510680772605
ENSMUSG00000031665-C,3.4861740589936105,4.33266385642655,4.209493185613544,3.634711799651865,,3.845438166100454,,5.530866730368256,3.288778564963921,,,4.269450378667082
ENSMUSG00000031706-C,5.13008005046512,4.729689393978666,5.202981011204615,5.331266589603605,,4.259354157918123,,5.983877315232928,5.035692612574602,,,6.111768566925712
ENSMUSG00000031872-C,5.65329065696997,5.266819432164264,5.297721573813489,5.110582387912509,,5.22118758575261,,5.222460996108933,5.487493535305077,,,5.737774418563194
ENSMUSG00000031913-C,7.542299930297031,7.016367653577487,7.033464775582421,7.310638637759849,,7.2653922107751505,,7.614880088706504,7.724843095384779,,,7.509327215045187
ENSMUSG00000031954-C,7.529074768455506,7.5024210668294256,7.323471952613148,7.392595838485521,,7.627869182349187,,7.559245546777717,7.575257611970175,,,7.579966264568384
ENSMUSG00000031995-C,0.0,0.0,0.0,0.0,,0.0,,0.0,0.0,,,0.8727598826207578
ENSMUSG00000032062-C,2.138137563504853,2.067488679955821,1.4150638090347123,2.1919001964604257,,0.0,,1.987732424191134,1.0680554872113692,,,0.8727598826207578
ENSMUSG00000032078-C,5.326330345683369,5.907946627080504,5.695849552670656,5.979609225963587,,5.607804056031114,,6.3675215065322135,7.074525576063826,,,6.40849822682691
ENSMUSG00000032089-C,2.138137563504853,2.7192353881313043,2.115509598589792,2.401325369831886,,2.7510183104581927,,3.4114162920058955,1.675007964280378,,,2.7693778051683604
ENSMUSG00000032097-C,8.819400829807126,8.657979215637884,8.49922348893563,8.52596743192582,,8.256195235999066,,8.76665554680822,8.860665401063606,,,8.56356928025006
ENSMUSG00000032193-C,5.603688000358608,5.829148615385201,5.549505016057975,5.750129984284146,,5.361889365568656,,5.896782669068075,5.8585651808694195,,,6.111768566925712
ENSMUSG00000032198-C,4.5306059070680975,4.33266385642655,3.6630037848267736,3.999106096059519,,3.2627160682075655,,4.972823382048754,4.883217335620884,,,4.829259221068079
ENSMUSG00000032202-C,1.4334760532826032,2.3188822613527895,1.8073849903108583,1.9468263315634875,,2.2694164769105942,,1.3121223935613218,2.696667789000302,,,2.366199903278748
ENSMUSG00000032253-C,7.715748916772802,7.119305808290389,7.308380859936359,7.086516337472622,,6.865346597560178,,7.32579613671904,7.6321882658120765,,,7.528937954982347
ENSMUSG00000032336-C,9.852724750207354,10.062553583687396,10.15928270897855,9.73448274122136,,9.97166745255335,,10.265852865926544,10.059210096249505,,,10.187710759718856
ENSMUSG00000032342-C,4.728709970956263,4.931776063274248,5.066130029276167,4.236136261201466,,4.936163324154059,,5.878714541926954,5.415184431128024,,,5.353880907569391
ENSMUSG00000032384-C,6.338878127640356,5.9826627834069726,5.648698432319087,6.376578375781896,,5.663249288214105,,6.049954982467728,5.938128321175317,,,5.782030210611711
ENSMUSG00000032413-C,6.8871197989307715,6.535391516328781,6.546936105055266,6.495482873446011,,5.716642292891877,,6.751955390291634,6.061697045822214,,,6.490801076468076
ENSMUSG00000032418-C,5.836224944522409,5.926991552061997,5.930778742863697,6.615867568309883,,7.043069616353553,,5.966873941516326,6.175511889235857,,,6.05878930800938
ENSMUSG00000032436-C,1.4334760532826032,3.032280577134576,0.8744882523316289,0.0,,0.0,,1.6891195143635438,2.9221280948258475,,,0.0
ENSMUSG00000032443-C,2.138137563504853,2.884232195671641,2.115509598589792,2.892259673652012,,2.2694164769105942,,2.446043618687812,2.429327355217106,,,1.8046680709167229
ENSMUSG00000032489-C,3.690056043985187,2.7192353881313043,2.36926775764794,1.6514266395573065,,2.2694164769105942,,3.508613656214325,2.429327355217106,,,3.5613400039776715
ENSMUSG00000032501-C,6.510190614218889,6.277938966042666,6.693528646165653,7.34271397190757,,7.043069616353553,,7.039026231655944,7.4176320097382815,,,7.34940687634135
ENSMUSG00000032530-C,0.0,1.3761692453425427,2.115509598589792,0.7772103564006736,,1.9508269527020643,,2.6301094702480934,2.1009160241147065,,,0.8727598826207578
ENSMUSG00000032553-C,4.982647165246312,4.442622844884783,4.832930632533778,4.776688836150023,,5.427408040689324,,5.598665938100884,5.216764648837222,,,5.439267117509091
ENSMUSG00000032558-C,2.138137563504853,2.3188822613527895,3.345812791746194,2.584167946796685,,1.9508269527020643,,1.987732424191134,2.429327355217106,,,1.8046680709167229
ENSMUSG00000032563-C,6.588776931516148,6.497672936534645,6.412258581332085,6.177546666935104,,5.979472391231978,,6.605838993722637,6.435215789487232,,,6.5812387549390765
ENSMUSG00000032599-C,6.510190614218889,6.154097278386735,6.507836272997877,6.615867568309883,,6.256827573966689,,7.102679522846187,6.926315145912565,,,6.365516394184873
ENSMUSG00000032606-C,7.447071995713113,7.463818796421828,7.403764032838947,7.188877574729653,,7.675838551328577,,7.603923491973291,8.02732838300386,,,7.873792799796941
ENSMUSG00000032727-C,5.878550769311726,5.563087304008008,5.718859543567126,5.824703575956722,,5.490080055647806,,5.384889227875278,6.037815527987776,,,5.782030210611711
ENSMUSG00000032834-C,4.728709970956263,5.109002042618445,5.066130029276167,4.617995133648742,,5.145332136575571,,5.1935184652807305,5.216764648837222,,,4.988821691730987
ENSMUSG00000033111-C,5.499053189622769,5.435902701865466,5.327967882885067,5.140085823727222,,5.105854363727924,,5.745474798950419,5.912091782626747,,,5.737774418563194
ENSMUSG00000033453-C,3.4861740589936105,1.7628475801227037,2.9386360600829815,3.8641823602813914,,2.7510183104581927,,3.9154370975961177,3.288778564963921,,,3.3423824086880285
ENSMUSG00000033544-C,0.0,0.0,0.0,1.2795471030274967,,0.0,,0.0,1.675007964280378,,,1.8046680709167229
ENSMUSG00000033585-C,6.734167100628439,7.540017313934573,7.27771668092928,7.543740095007808,,7.5710199463532515,,8.081712144928607,8.051382686823013,,,7.688580122136799
ENSMUSG00000033618-C,5.198506277052428,6.307306830534798,5.969667774610442,6.027756525816631,,5.817842524086916,,6.963889995435879,6.775629414411467,,,6.179510680772605
ENSMUSG00000033671-C,6.368880415300812,5.907946627080504,5.648698432319087,6.148807036467134,,5.490080055647806,,6.066012111998842,6.398179748007456,,,6.040688213445052
ENSMUSG00000033706-C,4.982647165246312,4.6856386586682275,4.653482661342376,4.659334832483568,,4.794362111747247,,5.278660333624193,4.828587901398478,,,5.668736226321217
ENSMUSG00000033773-C,5.058246109287047,5.040701372412272,4.874509778245711,4.180428819962158,,3.845438166100454,,5.006494539162363,5.173582353370481,,,5.439267117509091
ENSMUSG00000033917-C,8.278802573803143,8.722078167807064,8.57368917238746,8.205017464331647,,8.950994840730237,,9.084969087970714,9.23610143775034,,,8.925996285523512
ENSMUSG00000033991-C,4.420321031248732,4.388690700696569,5.136177586357087,4.439662999975433,,4.6370888418991045,,4.752408667901649,4.58668773266516,,,4.330324568503661
ENSMUSG00000034042-C,4.8184146398616825,5.005298906990166,5.169965927521901,4.776688836150023,,4.6370888418991045,,4.9030276510342405,4.986636488921788,,,5.231553496860846
ENSMUSG00000034055-C,4.982647165246312,4.729689393978666,4.91492408633389,4.617995133648742,,4.396551664627574,,5.33275229413072,4.125079381585428,,,5.545781276497139
ENSMUSG00000034324-C,3.2486616392715377,3.1665403446796927,3.922871459374952,3.4585648108342464,,2.2694164769105942,,3.508613656214325,3.707376963716697,,,3.3423824086880285
ENSMUSG00000034432-C,7.2024487579229985,7.390248268854717,7.156546286002286,7.237457538847907,,7.385652926373246,,7.501379222426027,7.724843095384779,,,7.226682892098809
ENSMUSG00000034462-C,4.728709970956263,5.205748127152371,5.266827542703058,4.39140932542033,,3.845438166100454,,5.278660333624193,4.828587901398478,,,4.988821691730987
ENSMUSG00000034467-C,1.4334760532826032,3.1665403446796927,3.2224300065550993,1.6514266395573065,,2.5302208690762416,,2.2350113770874733,3.707376963716697,,,2.7693778051683604
ENSMUSG00000034601-C,3.4861740589936105,2.7192353881313043,3.345812791746194,3.3617092928764207,,1.9508269527020643,,3.4114162920058955,3.82367468051064,,,4.330324568503661
ENSMUSG00000034731-C,8.43586323035542,8.453172935167936,8.431191310923545,8.553637871229474,,8.205737674112223,,8.49145983740572,8.94333327452889,,,8.634682374912027
ENSMUSG00000034789-C,7.594020575349624,7.6357324256694685,7.330958712035516,7.392595838485521,,7.76724222271587,,7.730210970084021,8.235870301536899,,,8.209758999730594
ENSMUSG00000034880-C,7.345111329320223,7.15204861501373,7.156546286002286,7.361622357995455,,7.792328102324463,,7.236393392022902,7.6792593792144,,,7.152767901725075
ENSMUSG00000034906-C,0.0,0.0,0.0,1.2795471030274967,,0.0,,1.3121223935613218,2.429327355217106,,,2.112583478009447
ENSMUSG00000035133-C,8.51178013984025,8.286222732310062,8.257429800507143,8.169690239593388,,7.641738238383324,,7.678927716273914,8.187849286491886,,,8.225869523573957
ENSMUSG00000035164-C,2.609495240548126,2.067488679955821,2.115509598589792,3.0246987074308613,,1.541336626495835,,2.446043618687812,2.1009160241147065,,,2.112583478009447
ENSMUSG00000035211-C,2.138137563504853,0.846305570751632,0.8744882523316289,0.7772103564006736,,0.0,,0.0,2.1009160241147065,,,0.8727598826207578
ENSMUSG00000035247-C,7.981528050742001,8.21052366250428,8.288523572541859,8.118732158713964,,7.9058686499183715,,8.589141752475163,8.498981756889764,,,8.395704122422792
ENSMUSG00000035284-C,6.212211037085422,6.350267257280306,6.383745883724132,6.219610348077359,,5.459084337743453,,6.217458517084787,6.281000674971384,,,6.365516394184873
ENSMUSG00000035576-C,2.138137563504853,2.067488679955821,1.4150638090347123,1.9468263315634875,,0.0,,1.3121223935613218,0.0,,,2.366199903278748
ENSMUSG00000035585-C,7.185690174556008,7.470324663345768,7.18986636593877,5.946594518406529,,6.361105423335319,,7.740252439407709,7.952661216821045,,,7.2426065646640465
ENSMUSG00000035637-C,4.982647165246312,5.7457968479116746,5.202981011204615,5.430118408561993,,5.716642292891877,,6.0006826220173455,5.938128321175317,,,5.737774418563194
ENSMUSG00000035653-C,6.801713012544935,7.230794982739673,7.105077260304236,6.755849870781643,,6.238690897249208,,7.250513448180768,7.050857216522951,,,7.0018908768523795
ENSMUSG00000035829-C,5.747655377626174,5.040701372412272,5.202981011204615,5.140085823727222,,5.520423825414303,,5.133831025639021,5.715356997036679,,,5.82496872997746
ENSMUSG00000036002-C,5.603688000358608,5.9457883383136405,5.870406095393683,5.140085823727222,,5.520423825414303,,6.033717124436005,5.487493535305077,,,6.022357120688298
ENSMUSG00000036097-C,5.836224944522409,5.296412208582011,5.470361080652834,5.588316154296536,,4.8431942786738436,,5.914627309344491,5.802975869139889,,,5.571224886602449
ENSMUSG00000036120-C,4.1706999010872465,4.213627421589719,3.08749998429564,3.4585648108342464,,3.639677013987396,,4.288234544654291,3.707376963716697,,,4.870834569271519
ENSMUSG00000036186-C,7.432939992168391,8.032929329636953,7.971585481621625,7.422918296173071,,8.335135349955541,,8.54112736727531,8.476949523819775,,,7.904144813812245
ENSMUSG00000036330-C,0.0,0.0,0.8744882523316289,0.7772103564006736,,0.0,,0.0,0.0,,,0.0
ENSMUSG00000036391-C,5.198506277052428,4.213627421589719,4.554629155789021,4.439662999975433,,3.2627160682075655,,5.006494539162363,4.986636488921788,,,5.199279356866284
ENSMUSG00000036442-C,5.5523189975045355,6.201792283636956,6.383745883724132,5.946594518406529,,6.084753445231857,,6.920392350790864,6.260510968106849,,,6.606069938158553
ENSMUSG00000036461-C,3.2486616392715377,3.9412977455678506,4.502540578785094,4.617995133648742,,3.3996089179664075,,3.766177223083601,3.82367468051064,,,4.601253901034637
ENSMUSG00000036503-C,6.244935591208821,6.186068497582383,6.453998103781735,5.711346006425334,,5.817842524086916,,5.841884932627136,5.377623770307308,,,6.450236473578326
ENSMUSG00000036504-C,6.073342880936644,6.665822911995749,6.772631214262872,6.746289291117568,,6.6351446612098135,,7.285220559783234,7.445128126604101,,,6.90516130957689
ENSMUSG00000036550-C,6.30823863766087,5.926991552061997,5.497227704024088,5.8956111456391325,,5.979472391231978,,6.097599970789213,6.131057510928048,,,6.350899762247737
ENSMUSG00000036552-C,2.9641894307294048,3.2893625141918443,2.115509598589792,3.0246987074308613,,1.9508269527020643,,2.9399402873012845,3.1170698124358824,,,3.996472480641343
ENSMUSG00000036632-C,4.728709970956263,5.0752558596257895,5.415078608061543,4.986137502541371,,5.105854363727924,,5.039397732361058,5.035692612574602,,,5.692117966029936
ENSMUSG00000036655-C,2.609495240548126,0.846305570751632,1.4150638090347123,1.2795471030274967,,0.9674048923102424,,0.0,1.675007964280378,,,2.366199903278748
ENSMUSG00000036699-C,5.5523189975045355,5.657332542333674,5.136177586357087,5.356621751401304,,5.183758354116718,,6.49159559653505,5.45179196004185,,,5.9071921550146795
ENSMUSG00000036850-C,6.4830142203880525,6.631404011901788,6.534020213121316,6.364130640930874,,6.742013543161964,,6.829253232110153,7.143286419680487,,,6.9735468329366785
ENSMUSG00000036885-C,5.959649957130794,4.89356008621617,5.066130029276167,4.39140932542033,,4.32958319926474,,4.288234544654291,4.935853410223768,,,4.601253901034637
ENSMUSG00000036934-C,4.633055610115746,4.969005794748283,5.202981011204615,4.813777272288485,,4.6370888418991045,,4.866821302962881,5.083135383946214,,,5.32425764497948
ENSMUSG00000036985-C,5.9985516587800705,5.205748127152371,5.695849552670656,5.769137867242329,,6.473940456094648,,6.273849295576005,6.061697045822214,,,6.701329465605389
ENSMUSG00000037013-C,4.902866615433742,6.0879474492323435,5.870406095393683,5.2524124990211,,5.607804056031114,,6.0006826220173455,5.745158475495504,,,6.129004626450016
ENSMUSG00000037104-C,7.006438635040006,6.54774837314836,6.805248174451823,6.657267409371851,,6.377775151174897,,6.78142953508102,6.775629414411467,,,6.712806527496721
ENSMUSG00000037119-C,5.5523189975045355,6.12140146477275,6.21597892828084,5.750129984284146,,5.935110196826683,,6.231764193743425,5.299435004031162,,,5.965923481594502
ENSMUSG00000037349-C,3.690056043985187,3.8643493295108,3.564823156854149,3.8641823602813914,,3.746222763186613,,3.9154370975961177,4.2958915964377065,,,3.919317557186984
ENSMUSG00000037416-C,6.734167100628439,5.040701372412272,5.849707092327451,5.477115179497726,,5.065265859574233,,5.896782669068075,6.108305869211885,,,5.715126793932639
ENSMUSG00000037487-C,6.638886070876334,6.321769580792224,6.8476211295344385,6.765347510414817,,5.912406842639173,,6.526828409204541,7.038875815396829,,,6.701329465605389
ENSMUSG00000037542-C,0.0,0.0,0.0,0.7772103564006736,,0.0,,0.0,0.0,,,0.0
ENSMUSG00000037568-C,2.138137563504853,2.067488679955821,2.115509598589792,0.7772103564006736,,0.0,,3.307194436369124,2.1009160241147065,,,2.7693778051683604
ENSMUSG00000037685-C,8.658672774043001,8.3298061510997,8.465608381108526,8.118732158713964,,8.269655537672516,,8.238702432883796,8.588009811150359,,,8.363299081986948
ENSMUSG00000037697-C,6.8871197989307715,6.7644110112889715,6.585004157613044,6.677530181551333,,6.220323311434717,,7.1334830660210224,6.655224562160149,,,7.01121648019643
ENSMUSG00000037731-C,0.0,2.3188822613527895,1.4150638090347123,0.0,,2.5302208690762416,,1.987732424191134,2.1009160241147065,,,1.8046680709167229
ENSMUSG00000037784-C,4.027570206271769,2.7192353881313043,3.2224300065550993,3.1459955578315,,3.639677013987396,,2.9399402873012845,4.125079381585428,,,3.3423824086880285
ENSMUSG00000037857-C,7.891385302785338,7.84044328405292,8.108566399639987,8.20152341610698,,7.599724563456278,,7.979451629052924,8.115535866436511,,,8.15191176243418
ENSMUSG00000037904-C,5.263833514387339,4.854304185494181,4.502540578785094,4.776688836150023,,5.293253074851672,,5.071567212984205,5.774356788906187,,,5.596227534610578
ENSMUSG00000038056-C,7.515727249259065,7.570616018124804,7.639081057678272,7.729884982885957,,7.15367759540957,,8.077757912652027,7.853541448450854,,,7.762230996893057
ENSMUSG00000038135-C,0.0,0.0,1.8073849903108583,1.2795471030274967,,0.9674048923102424,,0.8003576570276729,0.0,,,0.0
ENSMUSG00000038146-C,2.609495240548126,3.032280577134576,4.14299766649662,3.7153260891446704,,2.7510183104581927,,4.1743468699676285,3.707376963716697,,,5.132480833986183
ENSMUSG00000038151-C,2.609495240548126,2.3188822613527895,2.584997580289027,2.746422465537691,,0.0,,3.5996739263906603,1.675007964280378,,,2.58182735415899
ENSMUSG00000038188-C,1.4334760532826032,2.3188822613527895,1.4150638090347123,1.6514266395573065,,0.0,,2.6301094702480934,1.0680554872113692,,,1.8046680709167229
ENSMUSG00000038214-C,2.609495240548126,3.1665403446796927,2.115509598589792,2.584167946796685,,1.541336626495835,,1.6891195143635438,2.696667789000302,,,0.8727598826207578
ENSMUSG00000038295-C,3.690056043985187,2.067488679955821,0.8744882523316289,2.401325369831886,,2.9424659951760495,,3.4114162920058955,3.1170698124358824,,,2.58182735415899
ENSMUSG00000038319-C,4.5306059070680975,5.610979367318627,4.745994904022693,4.659334832483568,,3.938267275349735,,5.745474798950419,5.339059015308414,,,5.5198808704635
ENSMUSG00000038332-C,5.058246109287047,6.000752490923871,6.2479690549440825,5.750129984284146,,5.842071024845519,,6.033717124436005,5.083135383946214,,,5.866666132526671
ENSMUSG00000038365-C,6.427075686063372,6.7644110112889715,6.369275395833852,6.191704601326645,,6.426658913196865,,6.680746238576375,6.574526629378969,,,6.365516394184873
ENSMUSG00000038437-C,8.02927597497785,7.928126707882143,8.004730577273559,7.98285821721922,,7.669082665106966,,8.290872757103607,7.709807987488906,,,8.348659853679644
ENSMUSG00000038451-C,0.0,2.532901923184754,2.9386360600829815,3.0246987074308613,,2.2694164769105942,,3.194853116705421,2.1009160241147065,,,1.4126867783113457
ENSMUSG00000038608-C,5.198506277052428,4.083878839528882,4.000039464453881,4.48635483653251,,3.1114590032192178,,5.507539970321911,4.125079381585428,,,4.649828954687912
ENSMUSG00000038690-C,9.10882062901013,9.19243146385608,9.17621517172121,9.326440214105515,,9.330761187725296,,9.35868418179504,9.79822411705581,,,9.199183457892168
ENSMUSG00000038773-C,4.420321031248732,3.8643493295108,3.459469887214497,3.9332209460107537,,2.7510183104581927,,3.5996739263906603,3.82367468051064,,,4.498903567833338
ENSMUSG00000038774-C,4.8184146398616825,4.729689393978666,4.790117504506528,5.279178948907182,,3.746222763186613,,4.866821302962881,5.258691899999647,,,5.439267117509091
ENSMUSG00000038777-C,4.1706999010872465,3.032280577134576,3.922871459374952,3.8641823602813914,,4.1855307145708,,4.113843988412434,5.129067552291397,,,4.069709806402361
ENSMUSG00000038888-C,3.690056043985187,4.4946112912842064,4.39235751364384,4.062113346059046,,4.460548930911179,,4.113843988412434,4.71270188738475,,,3.75140358505242
ENSMUSG00000039096-C,6.036431875100554,5.296412208582011,4.91492408633389,5.305457830624016,,4.794362111747247,,4.670760070376401,4.77180816512325,,,5.571224886602449
ENSMUSG00000039130-C,5.919670148612942,5.869085534204049,5.890812316161826,5.69155589194651,,6.394254465449894,,6.3804202392219205,6.655224562160149,,,6.618327077532995
ENSMUSG00000039308-C,4.027570206271769,4.014348981718389,4.333940744587301,3.7916732345197177,,3.3996089179664075,,4.443800156595397,4.65107023252703,,,4.649828954687912
ENSMUSG00000039313-C,1.4334760532826032,3.696924723560992,3.459469887214497,2.584167946796685,,3.5246307075254704,,3.508613656214325,3.1170698124358824,,,3.456011120625007
ENSMUSG00000039377-C,0.0,0.846305570751632,0.0,1.6514266395573065,,2.5302208690762416,,2.2350113770874733,0.0,,,1.8046680709167229
ENSMUSG00000039452-C,0.0,0.846305570751632,0.8744882523316289,0.0,,0.0,,2.2350113770874733,1.0680554872113692,,,1.4126867783113457
ENSMUSG00000039477-C,6.9279990870112815,5.964343368821456,6.21597892828084,6.615867568309883,,5.607804056031114,,6.341372827072583,6.832261867500877,,,6.963973705320386
ENSMUSG00000039545-C,0.0,0.0,0.0,1.2795471030274967,,1.9508269527020643,,1.3121223935613218,0.0,,,0.0
ENSMUSG00000039585-C,8.325448525843154,7.720041307104181,7.9811334662270434,8.081199043792108,,7.599724563456278,,8.180892760768971,8.399418566125846,,,8.176987977918508
ENSMUSG00000039656-C,6.614049045407979,6.95274376840545,6.412258581332085,6.736664931658247,,6.956943050848777,,7.039026231655944,7.219572749518852,,,7.065938582192967
ENSMUSG00000039704-C,7.73890888677961,7.168145501101189,7.293130238981993,7.398711529628299,,7.114430653286817,,6.866402589012932,7.463171984540649,,,7.234666697859876
ENSMUSG00000039713-C,6.801713012544935,6.665822911995749,7.014992111370038,7.26450029470686,,7.063821193980948,,7.489522130083697,7.984243472908693,,,7.34940687634135
ENSMUSG00000039835-C,3.2486616392715377,4.4946112912842064,4.000039464453881,3.3617092928764207,,4.1855307145708,,4.443800156595397,3.442207073065027,,,3.3423824086880285
ENSMUSG00000039851-C,0.0,2.532901923184754,1.8073849903108583,1.6514266395573065,,1.9508269527020643,,0.8003576570276729,2.1009160241147065,,,1.8046680709167229
ENSMUSG00000040177-C,5.65329065696997,5.964343368821456,5.672466611962801,4.953273561611836,,5.842071024845519,,6.1587736113394635,5.938128321175317,,,5.946610816829285
ENSMUSG00000040209-C,6.588776931516148,6.642968457247681,6.2479690549440825,6.636715985923314,,6.361105423335319,,6.955294751451896,7.002322762246939,,,6.654485794000399
ENSMUSG00000040351-C,5.9985516587800705,5.17421483118867,5.202981011204615,4.48635483653251,,4.580608929613616,,5.278660333624193,5.377623770307308,,,5.097884772855301
ENSMUSG00000040389-C,6.455316053799703,6.8958826657196015,6.815958657317895,6.605329279767793,,6.084753445231857,,6.711695796947272,6.523848329091592,,,6.812187383856947
ENSMUSG00000040473-C,4.1706999010872465,4.33266385642655,4.333940744587301,3.2578804018563177,,3.746222763186613,,4.866821302962881,4.031437387137405,,,4.550986184927251
ENSMUSG00000040488-C,5.499053189622769,5.587232056144344,5.266827542703058,5.750129984284146,,5.22118758575261,,5.804090438874453,6.108305869211885,,,5.866666132526671
ENSMUSG00000040489-C,0.0,0.846305570751632,0.0,0.0,,0.9674048923102424,,0.0,0.0,,,0.0
ENSMUSG00000040520-C,5.058246109287047,4.969005794748283,5.386622142358993,4.813777272288485,,4.6370888418991045,,4.8296828663221545,4.77180816512325,,,5.353880907569391
ENSMUSG00000040532-C,5.5523189975045355,4.772434856206455,5.327967882885067,5.049701334974736,,5.490080055647806,,5.483829835510054,5.45179196004185,,,5.620804245090756
ENSMUSG00000040652-C,7.901683845045792,7.942236155322611,7.851790954566716,8.144436176622714,,8.52294618233559,,8.238702432883796,8.904243334900842,,,8.257560696283093
ENSMUSG00000040661-C,5.13008005046512,4.6856386586682275,4.7004801944898515,4.39140932542033,,3.639677013987396,,4.8296828663221545,4.986636488921788,,,5.32425764497948
ENSMUSG00000040760-C,8.310066843969159,8.413211445624027,8.330211912811794,8.137138782896917,,7.9058686499183715,,8.112961790639817,8.494602145444647,,,8.687989637100275
ENSMUSG00000040940-C,5.058246109287047,5.0752558596257895,4.745994904022693,4.699522886302211,,3.938267275349735,,5.966873941516326,4.986636488921788,,,6.05878930800938
ENSMUSG00000040957-C,5.326330345683369,4.729689393978666,5.066130029276167,5.651142147478838,,5.065265859574233,,5.359056267457752,4.519297308313774,,,5.760072005537932
ENSMUSG00000041058-C,6.276934290566108,5.702242654374818,5.849707092327451,5.522629174160855,,5.361889365568656,,5.507539970321911,5.9888327755056645,,,5.927036110922783
ENSMUSG00000041153-C,4.728709970956263,4.5932844116131974,5.101578895779515,4.813777272288485,,4.521827482917072,,5.1935184652807305,4.935853410223768,,,4.950554856354362
ENSMUSG00000041229-C,5.5523189975045355,5.236606909785178,5.890812316161826,5.305457830624016,,4.794362111747247,,6.097599970789213,4.77180816512325,,,5.5198808704635
ENSMUSG00000041361-C,0.0,0.0,0.8744882523316289,1.6514266395573065,,1.541336626495835,,1.6891195143635438,0.0,,,0.0
ENSMUSG00000041548-C,4.1706999010872465,5.381713964535744,5.763806974138528,5.60956359834747,,5.459084337743453,,6.033717124436005,6.239726061007098,,,5.5198808704635
ENSMUSG00000041594-C,4.982647165246312,4.931776063274248,4.000039464453881,4.39140932542033,,3.639677013987396,,4.670760070376401,4.125079381585428,,,4.4448700720759104
ENSMUSG00000041596-C,0.0,0.0,0.0,0.0,,0.0,,0.0,0.0,,,0.0
ENSMUSG00000041605-C,2.138137563504853,1.7628475801227037,0.0,2.401325369831886,,0.9674048923102424,,1.3121223935613218,2.1009160241147065,,,0.8727598826207578
ENSMUSG00000041633-C,3.2486616392715377,2.7192353881313043,3.345812791746194,0.7772103564006736,,1.9508269527020643,,1.987732424191134,2.9221280948258475,,,2.366199903278748
ENSMUSG00000041649-C,3.4861740589936105,2.3188822613527895,2.115509598589792,3.0246987074308613,,1.541336626495835,,2.2350113770874733,2.1009160241147065,,,2.58182735415899
ENSMUSG00000041669-C,0.0,0.846305570751632,0.8744882523316289,1.2795471030274967,,0.9674048923102424,,0.8003576570276729,0.0,,,0.0
ENSMUSG00000041685-C,6.338878127640356,5.964343368821456,5.442984623531747,5.588316154296536,,4.6914406784700216,,5.278660333624193,5.5223329167526565,,,5.715126793932639
ENSMUSG00000041805-C,2.138137563504853,0.0,0.0,0.0,,0.0,,0.0,0.0,,,1.8046680709167229
ENSMUSG00000041841-C,10.430958762728537,11.02313187767072,10.977918226904023,11.01764455800503,,11.07363756097276,,11.269173252899783,11.373187241503036,,,11.426778039131548
ENSMUSG00000042099-C,3.690056043985187,4.442622844884783,3.345812791746194,3.8641823602813914,,3.1114590032192178,,5.1935184652807305,3.82367468051064,,,4.330324568503661
ENSMUSG00000042249-C,6.90770422931224,6.432530855254993,6.64630035512182,6.148807036467134,,5.579261339751742,,6.731966023701812,6.775629414411467,,,6.90516130957689
ENSMUSG00000042302-C,6.563054213469386,5.587232056144344,5.807396265744266,5.544858804492465,,5.39502060500585,,5.745474798950419,5.9888327755056645,,,5.668736226321217
ENSMUSG00000042396-C,5.058246109287047,4.969005794748283,5.523603136332226,5.110582387912509,,4.521827482917072,,5.4352075388743915,5.129067552291397,,,5.353880907569391
ENSMUSG00000042408-C,3.690056043985187,3.402543765077897,3.459469887214497,2.892259673652012,,1.9508269527020643,,4.288234544654291,3.707376963716697,,,3.5613400039776715
ENSMUSG00000042462-C,5.058246109287047,5.17421483118867,5.066130029276167,4.776688836150023,,5.579261339751742,,5.483829835510054,6.013532026136244,,,5.353880907569391
ENSMUSG00000042496-C,5.959649957130794,4.640200417124641,4.91492408633389,4.813777272288485,,4.580608929613616,,5.039397732361058,4.374267508812298,,,4.388733841451062
ENSMUSG00000042508-C,5.792619734404135,6.036265333276009,6.062537391265859,5.500051653239064,,5.520423825414303,,6.0006826220173455,5.589584943164772,,,5.782030210611711
ENSMUSG00000042595-C,5.13008005046512,5.296412208582011,5.870406095393683,5.356621751401304,,4.396551664627574,,5.006494539162363,4.77180816512325,,,5.439267117509091
ENSMUSG00000042670-C,4.300902556653133,4.89356008621617,5.235257439512557,5.140085823727222,,4.1855307145708,,5.305959812428818,4.519297308313774,,,5.0260996885769
ENSMUSG00000042747-C,6.845048318066576,7.085802593130621,7.285444044403076,7.145894601751547,,7.393871243046704,,7.305650991285314,7.399005744936482,,,7.250502973502386
ENSMUSG00000043085-C,0.0,1.3761692453425427,0.0,0.0,,0.9674048923102424,,0.0,1.0680554872113692,,,0.8727598826207578
ENSMUSG00000043257-C,2.138137563504853,3.032280577134576,2.36926775764794,2.401325369831886,,2.5302208690762416,,2.2350113770874733,1.675007964280378,,,2.9353278433826433
ENSMUSG00000043298-C,3.2486616392715377,1.3761692453425427,2.36926775764794,2.401325369831886,,1.541336626495835,,2.2350113770874733,2.429327355217106,,,3.456011120625007
ENSMUSG00000043313-C,4.300902556653133,4.083878839528882,4.209493185613544,4.122483625321924,,3.1114590032192178,,4.341975302691646,4.58668773266516,,,4.4448700720759104
ENSMUSG00000043372-C,4.1706999010872465,3.7830643658576735,4.14299766649662,3.7916732345197177,,4.02548275212475,,4.393785888058045,4.71270188738475,,,4.139408221510954
ENSMUSG00000043467-C,5.499053189622769,3.7830643658576735,4.333940744587301,3.999106096059519,,4.02548275212475,,4.443800156595397,4.519297308313774,,,4.69682163605729
ENSMUSG00000043510-C,4.420321031248732,3.6053134790057273,3.2224300065550993,2.746422465537691,,3.746222763186613,,4.23241421537003,3.288778564963921,,,4.205894027582234
ENSMUSG00000043635-C,0.0,1.3761692453425427,0.8744882523316289,0.0,,1.9508269527020643,,0.0,1.675007964280378,,,0.0
ENSMUSG00000043857-C,6.614049045407979,6.232734894414715,6.412258581332085,5.995837518786952,,6.394254465449894,,6.751955390291634,6.41681661149185,,,6.530256238016478
ENSMUSG00000043903-C,1.4334760532826032,1.7628475801227037,2.115509598589792,1.6514266395573065,,2.7510183104581927,,1.6891195143635438,2.696667789000302,,,2.366199903278748
ENSMUSG00000043948-C,2.9641894307294048,2.3188822613527895,1.8073849903108583,1.2795471030274967,,0.0,,2.7933262888489865,3.931292798388528,,,3.3423824086880285
ENSMUSG00000044150-C,4.420321031248732,4.729689393978666,3.2224300065550993,4.3414856993539885,,2.2694164769105942,,3.984649161581813,4.2958915964377065,,,4.550986184927251
ENSMUSG00000044162-C,0.0,0.0,0.0,0.0,,0.0,,0.0,0.0,,,0.0
ENSMUSG00000044201-C,0.0,0.846305570751632,0.0,0.0,,0.0,,0.0,0.0,,,0.0
ENSMUSG00000044216-C,9.327023941957808,9.11358193509956,9.018242193006651,9.099335102224488,,9.60833115351448,,9.686678094302454,10.068079951682524,,,9.433994511217517
ENSMUSG00000044328-C,2.138137563504853,1.7628475801227037,0.8744882523316289,1.6514266395573065,,1.541336626495835,,1.987732424191134,2.9221280948258475,,,2.366199903278748
ENSMUSG00000044337-C,4.1706999010872465,3.9412977455678506,3.8413414125129752,3.7916732345197177,,3.845438166100454,,4.1743468699676285,4.031437387137405,,,3.5613400039776715
ENSMUSG00000044550-C,8.477766840168943,8.913273253684421,8.703368835851858,8.623191582352604,,8.718844139958152,,9.157949998534503,8.981391949825552,,,9.051074483020784
ENSMUSG00000044791-C,7.58126320315692,6.856690777355597,7.173302517734987,7.131277574219494,,6.8415090698073335,,7.047138182959842,7.575257611970175,,,7.598645966961327
ENSMUSG00000044816-C,2.609495240548126,2.532901923184754,2.772625439053359,2.584167946796685,,1.541336626495835,,3.508613656214325,2.696667789000302,,,2.9353278433826433
ENSMUSG00000044927-C,6.39827146507826,5.869085534204049,5.497227704024088,5.979609225963587,,6.182871356711661,,6.097599970789213,6.398179748007456,,,6.504073050895981
ENSMUSG00000045005-C,0.0,0.0,0.0,2.584167946796685,,0.0,,1.3121223935613218,0.0,,,0.0
ENSMUSG00000045007-C,6.757035594095388,6.856690777355597,6.858022727620711,7.063603924098773,,7.229106755949058,,7.1710850351375655,7.575257611970175,,,7.218654658359932
ENSMUSG00000045036-C,3.690056043985187,2.532901923184754,2.36926775764794,3.0246987074308613,,2.7510183104581927,,0.8003576570276729,2.429327355217106,,,2.112583478009447
ENSMUSG00000045210-C,6.948012406297396,6.5229279065315975,6.716575389373248,6.784157246689743,,6.344240830097475,,6.711695796947272,6.846079315524949,,,6.689760367659822
ENSMUSG00000045790-C,5.13008005046512,5.788074604435832,6.294662308031573,6.177546666935104,,5.663249288214105,,6.405876804323094,5.802975869139889,,,6.350899762247737
ENSMUSG00000045980-C,4.300902556653133,4.083878839528882,4.604902423615066,4.531582777984604,,5.22118758575261,,5.642157593133574,5.173582353370481,,,5.382908125616131
ENSMUSG00000046058-C,7.474927369703451,7.641508913688638,7.4178943640967505,7.0166576626587345,,7.669082665106966,,7.949470118080116,7.811904722226298,,,7.816432640199877
ENSMUSG00000046139-C,5.65329065696997,4.729689393978666,5.202981011204615,5.453808154536049,,4.32958319926474,,5.620575647482715,4.71270188738475,,,4.139408221510954
ENSMUSG00000046157-C,5.058246109287047,5.205748127152371,4.832930632533778,4.659334832483568,,5.361889365568656,,5.765279140116933,5.487493535305077,,,5.353880907569391
ENSMUSG00000046230-C,7.404253787152375,6.607993252898082,6.783585674064834,6.6674343692098645,,6.377775151174897,,6.72186651025223,6.926315145912565,,,7.0204821896422684
ENSMUSG00000046719-C,5.7012444133081654,4.388690700696569,4.954237047869682,5.305457830624016,,5.768129583832366,,5.305959812428818,6.453383268376466,,,6.350899762247737
ENSMUSG00000046916-C,1.4334760532826032,0.0,0.0,1.2795471030274967,,1.9508269527020643,,1.3121223935613218,0.0,,,0.8727598826207578
ENSMUSG00000046991-C,3.690056043985187,3.032280577134576,3.459469887214497,2.892259673652012,,2.5302208690762416,,2.6301094702480934,3.442207073065027,,,3.084143061959374
ENSMUSG00000047022-C,4.300902556653133,2.3188822613527895,2.772625439053359,1.6514266395573065,,1.541336626495835,,2.9399402873012845,2.696667789000302,,,2.9353278433826433
ENSMUSG00000047139-C,1.4334760532826032,3.032280577134576,2.36926775764794,1.2795471030274967,,0.9674048923102424,,2.9399402873012845,0.0,,,3.456011120625007
ENSMUSG00000047146-C,5.263833514387339,3.402543765077897,4.073288576728454,4.439662999975433,,4.02548275212475,,3.4114162920058955,4.031437387137405,,,4.139408221510954
ENSMUSG00000047260-C,7.568392013678087,7.703569079827246,8.000041930946404,7.655220662602489,,7.900110455712265,,7.725163904174652,7.887343710788691,,,7.728704836091852
ENSMUSG00000047412-C,6.614049045407979,6.104771423621481,6.19971386749745,6.6263294369063175,,5.935110196826683,,6.273849295576005,6.506552089150127,,,6.517224042826975
ENSMUSG00000047419-C,4.027570206271769,1.7628475801227037,3.6630037848267736,1.6514266395573065,,4.32958319926474,,3.508613656214325,3.288778564963921,,,3.456011120625007
ENSMUSG00000047454-C,7.025399807468608,6.471967978989006,6.693528646165653,6.830135852123289,,6.327176761654603,,6.3804202392219205,6.2186373231339225,,,6.290905752626847
ENSMUSG00000047591-C,2.138137563504853,2.3188822613527895,0.0,3.2578804018563177,,2.5302208690762416,,2.7933262888489865,1.675007964280378,,,3.2190330748149605
ENSMUSG00000047694-C,5.198506277052428,5.869085534204049,5.523603136332226,4.885210773049062,,4.980493639492919,,5.33275229413072,5.715356997036679,,,5.845968070577831
ENSMUSG00000047789-C,5.326330345683369,5.907946627080504,5.549505016057975,5.522629174160855,,4.980493639492919,,5.896782669068075,5.774356788906187,,,6.05878930800938
ENSMUSG00000047909-C,4.902866615433742,4.772434856206455,4.832930632533778,3.8641823602813914,,3.746222763186613,,4.791563079148306,4.4486040679813845,,,5.263121410795831
ENSMUSG00000048154-C,6.779547242845372,6.61974611797455,6.597473513348818,6.437255266636636,,5.768129583832366,,6.771671573552533,6.1534559172761,,,6.925033027355661
ENSMUSG00000048280-C,5.386231883212921,5.9826627834069726,5.969667774610442,5.842759860813478,,5.065265859574233,,5.914627309344491,5.8585651808694195,,,6.05878930800938
ENSMUSG00000048537-C,6.10933303827233,5.9826627834069726,5.890812316161826,5.979609225963587,,5.327979353604507,,6.594813254615875,5.487493535305077,,,6.822818690049529
ENSMUSG00000048655-C,1.4334760532826032,0.0,1.4150638090347123,0.0,,0.0,,2.6301094702480934,1.0680554872113692,,,0.8727598826207578
ENSMUSG00000048921-C,3.690056043985187,3.2893625141918443,2.115509598589792,2.746422465537691,,4.1855307145708,,3.5996739263906603,4.125079381585428,,,3.084143061959374
ENSMUSG00000049122-C,3.690056043985187,3.7830643658576735,4.333940744587301,2.746422465537691,,1.541336626495835,,4.538909618475811,4.031437387137405,,,3.659499454058248
ENSMUSG00000049124-C,1.4334760532826032,2.7192353881313043,2.36926775764794,1.9468263315634875,,1.541336626495835,,2.7933262888489865,2.1009160241147065,,,2.9353278433826433
ENSMUSG00000049230-C,3.4861740589936105,2.3188822613527895,2.115509598589792,1.9468263315634875,,1.9508269527020643,,0.8003576570276729,2.9221280948258475,,,2.9353278433826433
ENSMUSG00000049553-C,5.263833514387339,4.442622844884783,5.101578895779515,4.617995133648742,,4.794362111747247,,5.705031388170234,5.715356997036679,,,4.7864501193042175
ENSMUSG00000049600-C,5.5523189975045355,4.274372999508628,4.954237047869682,4.986137502541371,,5.105854363727924,,5.071567212984205,5.258691899999647,,,5.166266667433585
ENSMUSG00000049929-C,1.4334760532826032,3.6053134790057273,3.08749998429564,2.746422465537691,,1.541336626495835,,3.194853116705421,2.9221280948258475,,,2.366199903278748
ENSMUSG00000050164-C,4.8184146398616825,4.813950177861993,4.502540578785094,4.575435833627302,,5.520423825414303,,5.33275229413072,5.173582353370481,,,5.32425764497948
ENSMUSG00000050174-C,2.609495240548126,2.7192353881313043,2.115509598589792,2.892259673652012,,2.2694164769105942,,3.508613656214325,2.429327355217106,,,3.456011120625007
ENSMUSG00000050213-C,4.5306059070680975,4.388690700696569,4.39235751364384,4.236136261201466,,4.02548275212475,,5.006494539162363,4.213011992017143,,,4.601253901034637
ENSMUSG00000050315-C,2.138137563504853,2.7192353881313043,1.4150638090347123,0.0,,1.9508269527020643,,2.2350113770874733,2.429327355217106,,,2.112583478009447
ENSMUSG00000050334-C,7.116638532701875,6.350267257280306,6.2479690549440825,5.824703575956722,,5.5501425085122,,7.2434706946456995,6.686280878431464,,,6.854250482441044
ENSMUSG00000050423-C,4.027570206271769,3.6053134790057273,4.653482661342376,4.738621725110365,,4.32958319926474,,5.222460996108933,4.519297308313774,,,5.166266667433585
ENSMUSG00000050503-C,2.138137563504853,0.0,0.8744882523316289,0.0,,0.0,,0.8003576570276729,0.0,,,0.8727598826207578
ENSMUSG00000050538-C,7.0441150047503465,6.277938966042666,6.369275395833852,6.163248415049496,,5.912406842639173,,6.24592940785711,6.453383268376466,,,6.504073050895981
ENSMUSG00000050619-C,2.138137563504853,2.532901923184754,2.772625439053359,3.0246987074308613,,3.3996089179664075,,2.6301094702480934,2.429327355217106,,,1.8046680709167229
ENSMUSG00000051029-C,0.0,0.0,0.0,0.7772103564006736,,0.0,,0.8003576570276729,0.0,,,0.0
ENSMUSG00000051124-C,0.0,0.846305570751632,1.8073849903108583,1.6514266395573065,,0.9674048923102424,,0.8003576570276729,1.0680554872113692,,,2.366199903278748
ENSMUSG00000051278-C,3.4861740589936105,3.7830643658576735,2.584997580289027,3.2578804018563177,,1.541336626495835,,3.766177223083601,2.1009160241147065,,,4.205894027582234
ENSMUSG00000051285-C,7.838760125957981,7.119305808290389,7.069715309825334,7.0166576626587345,,7.172907818184244,,6.691136704980312,7.389601649796575,,,7.407063798162063
ENSMUSG00000051346-C,4.902866615433742,3.032280577134576,3.459469887214497,3.3617092928764207,,3.5246307075254704,,3.508613656214325,3.5808757985520483,,,3.3423824086880285
ENSMUSG00000051730-C,4.420321031248732,4.729689393978666,4.745994904022693,4.531582777984604,,3.938267275349735,,4.584211939071658,4.125079381585428,,,4.69682163605729
ENSMUSG00000051790-C,8.000817264968417,8.08896281135926,8.130183453645081,8.081199043792108,,8.269655537672516,,8.517967255730433,8.54206180924622,,,8.23783544127519
ENSMUSG00000052302-C,6.987224935519179,6.998473898847852,6.888784989047221,6.8391583123595545,,7.369074498388717,,7.447237645285227,7.097811899742801,,,7.135815080619649
ENSMUSG00000052353-C,4.420321031248732,4.083878839528882,4.39235751364384,2.1919001964604257,,3.639677013987396,,4.050692283249386,4.031437387137405,,,4.139408221510954
ENSMUSG00000052917-C,6.563054213469386,5.849255262917923,5.988726119241419,6.191704601326645,,5.742615612720075,,5.663421437213151,5.963703291999701,,,6.244214096033418
ENSMUSG00000052957-C,3.690056043985187,3.1665403446796927,3.922871459374952,3.7153260891446704,,2.7510183104581927,,3.984649161581813,2.429327355217106,,,2.112583478009447
ENSMUSG00000053062-C,4.8184146398616825,5.4881295367462,4.91492408633389,4.738621725110365,,4.743818998588079,,5.071567212984205,3.707376963716697,,,4.550986184927251
ENSMUSG00000053178-C,1.4334760532826032,1.7628475801227037,0.0,2.746422465537691,,2.2694164769105942,,2.6301094702480934,1.0680554872113692,,,1.8046680709167229
ENSMUSG00000053477-C,10.721406274176257,10.78882148838751,10.756737374840275,10.935895198419152,,10.337118156005582,,10.717280532716064,10.844635913354049,,,10.991299318869652
ENSMUSG00000053545-C,2.609495240548126,1.3761692453425427,0.0,0.0,,1.541336626495835,,1.3121223935613218,0.0,,,1.8046680709167229
ENSMUSG00000053693-C,6.563054213469386,5.829148615385201,5.599954069632658,5.946594518406529,,6.292430924220512,,6.30123910330637,6.639442050785743,,,6.1628710165934075
ENSMUSG00000053861-C,0.0,0.0,0.0,0.0,,0.0,,0.8003576570276729,1.675007964280378,,,1.4126867783113457
ENSMUSG00000053870-C,3.868660751385197,4.274372999508628,4.554629155789021,3.2578804018563177,,2.5302208690762416,,3.766177223083601,3.931292798388528,,,4.4448700720759104
ENSMUSG00000053877-C,2.609495240548126,3.1665403446796927,1.8073849903108583,1.2795471030274967,,0.9674048923102424,,1.987732424191134,2.1009160241147065,,,3.456011120625007
ENSMUSG00000054226-C,6.588776931516148,7.403906808526793,6.507836272997877,6.636715985923314,,6.702859519966016,,6.955294751451896,7.27169442068305,,,6.983056855744785
ENSMUSG00000054237-C,5.386231883212921,4.772434856206455,5.235257439512557,5.197342089539107,,5.145332136575571,,5.163983398388806,5.5223329167526565,,,5.382908125616131
ENSMUSG00000054405-C,8.664732288854957,7.747083845293976,7.9811334662270434,8.007078561748253,,8.43806790506914,,7.918852296404441,8.512041380317417,,,8.402807454891015
ENSMUSG00000054435-C,0.0,0.0,0.0,1.2795471030274967,,0.0,,1.3121223935613218,0.0,,,0.0
ENSMUSG00000054452-C,9.401485259540594,9.580031626131136,9.53012318788353,9.6291847745155,,9.757498012951736,,10.005656754499975,10.08565772140117,,,9.764149881499888
ENSMUSG00000054648-C,4.982647165246312,5.409062739586958,5.599954069632658,5.500051653239064,,4.936163324154059,,5.94966777630464,5.8585651808694195,,,5.466641928369365
ENSMUSG00000054693-C,6.212211037085422,6.535391516328781,6.383745883724132,6.104594749209463,,6.220323311434717,,6.217458517084787,6.108305869211885,,,6.022357120688298
ENSMUSG00000054717-C,3.2486616392715377,3.1665403446796927,2.9386360600829815,2.746422465537691,,3.5246307075254704,,2.6301094702480934,1.675007964280378,,,3.659499454058248
ENSMUSG00000054723-C,3.690056043985187,4.5932844116131974,3.922871459374952,4.289772378807899,,3.2627160682075655,,4.791563079148306,3.707376963716697,,,4.950554856354362
ENSMUSG00000055024-C,6.276934290566108,6.321769580792224,6.27926519731943,6.573244522093157,,6.144421188971585,,6.659738074312974,6.926315145912565,,,6.1628710165934075
ENSMUSG00000055093-C,1.4334760532826032,1.7628475801227037,2.772625439053359,1.6514266395573065,,1.9508269527020643,,2.2350113770874733,0.0,,,2.112583478009447
ENSMUSG00000055302-C,8.428759419888493,9.12805546024044,9.03896100464332,8.913220001861692,,8.962091551552074,,9.591433696065533,9.31024474312442,,,9.23544394955405
ENSMUSG00000055435-C,8.385385937863617,8.289905396398764,8.11725212842168,7.990976929041616,,7.939943370344451,,8.19920835934836,8.287416823470332,,,8.27701989126361
ENSMUSG00000055538-C,6.455316053799703,6.432530855254993,6.369275395833852,6.326129761354973,,6.394254465449894,,6.680746238576375,6.62348497355707,,,6.678097745620989
ENSMUSG00000055560-C,2.9641894307294048,3.2893625141918443,3.345812791746194,3.4585648108342464,,2.7510183104581927,,4.113843988412434,2.696667789000302,,,3.8378021129317026
ENSMUSG00000055707-C,5.9985516587800705,6.186068497582383,6.21597892828084,5.522629174160855,,6.163774363983888,,6.659738074312974,7.026794076363859,,,6.212225093358232
ENSMUSG00000056211-C,9.272515596808407,9.107334268200455,9.11465197200756,9.179667728732277,,8.163099886573915,,9.187607577145942,9.28002548371873,,,9.686239538772146
ENSMUSG00000056418-C,0.0,1.3761692453425427,0.0,0.0,,0.9674048923102424,,0.8003576570276729,0.0,,,1.4126867783113457
ENSMUSG00000056476-C,5.747655377626174,4.729689393978666,5.136177586357087,5.381538985252328,,3.845438166100454,,5.384889227875278,5.258691899999647,,,5.439267117509091
ENSMUSG00000056536-C,4.027570206271769,3.2893625141918443,3.564823156854149,3.0246987074308613,,2.9424659951760495,,3.194853116705421,3.931292798388528,,,2.112583478009447
ENSMUSG00000056602-C,7.151577441118575,7.298169262774474,7.338406819965269,6.540429955434854,,6.30990844266309,,7.371735571971561,6.775629414411467,,,7.1611701893521635
ENSMUSG00000056895-C,6.510190614218889,5.724184104635114,5.950354290500706,5.500051653239064,,6.394254465449894,,6.3675215065322135,6.591031369522042,,,6.436457459027397
ENSMUSG00000057440-C,2.609495240548126,2.7192353881313043,3.754926479408451,2.584167946796685,,2.5302208690762416,,3.842736585875398,3.5808757985520483,,,3.5613400039776715
ENSMUSG00000057778-C,4.8184146398616825,5.353836711904332,5.497227704024088,4.738621725110365,,5.065265859574233,,5.966873941516326,5.684926907145686,,,5.411362812604818
ENSMUSG00000058183-C,1.4334760532826032,0.846305570751632,0.0,2.584167946796685,,1.541336626495835,,1.3121223935613218,2.696667789000302,,,3.3423824086880285
ENSMUSG00000058258-C,1.4334760532826032,0.846305570751632,2.115509598589792,1.2795471030274967,,1.541336626495835,,0.8003576570276729,1.0680554872113692,,,0.8727598826207578
ENSMUSG00000058392-C,4.1706999010872465,4.33266385642655,4.4485006681895936,4.575435833627302,,4.259354157918123,,5.745474798950419,5.487493535305077,,,5.382908125616131
ENSMUSG00000058603-C,0.0,0.0,0.0,0.7772103564006736,,0.9674048923102424,,0.0,1.0680554872113692,,,0.0
ENSMUSG00000058672-C,9.01232570011754,9.841999492501955,9.670993292356265,9.51136498776309,,10.11898960930506,,10.493653596785284,10.25187150322106,,,9.982556838181518
ENSMUSG00000058799-C,8.851630614623135,8.783449942058407,8.776475031826635,8.834196677953482,,8.631186405274695,,8.664898482628548,8.894303087066023,,,9.021383800056055
ENSMUSG00000058806-C,2.9641894307294048,3.032280577134576,0.8744882523316289,1.2795471030274967,,2.9424659951760495,,2.7933262888489865,3.1170698124358824,,,2.58182735415899
ENSMUSG00000058897-C,5.13008005046512,5.888646924206125,6.26370198721604,5.018269461033357,,5.065265859574233,,5.483829835510054,5.415184431128024,,,5.466641928369365
ENSMUSG00000059325-C,4.5306059070680975,5.462252438596837,5.101578895779515,4.776688836150023,,4.794362111747247,,5.507539970321911,5.035692612574602,,,4.950554856354362
ENSMUSG00000059456-C,9.148278368725345,9.148483246369228,9.205020651721938,9.04383269490639,,9.29171115788445,,9.511607896406783,9.992442700700218,,,9.290097792647622
ENSMUSG00000059482-C,6.1787269319460725,5.9457883383136405,5.870406095393683,5.453808154536049,,5.39502060500585,,6.08189249182748,5.129067552291397,,,5.927036110922783
ENSMUSG00000059669-C,4.982647165246312,5.0752558596257895,5.297721573813489,5.2524124990211,,3.5246307075254704,,4.8296828663221545,4.031437387137405,,,5.199279356866284
ENSMUSG00000059742-C,7.932145593662972,7.75243205297745,8.014062402851597,7.710349267721902,,7.457984916313427,,7.434925183797613,7.873917693707882,,,7.694381001928989
ENSMUSG00000059791-C,2.9641894307294048,2.532901923184754,2.36926775764794,2.401325369831886,,2.2694164769105942,,3.4114162920058955,1.675007964280378,,,2.58182735415899
ENSMUSG00000059975-C,4.8184146398616825,5.296412208582011,5.066130029276167,4.439662999975433,,3.5246307075254704,,4.938347553851586,3.5808757985520483,,,5.062438666611843
ENSMUSG00000060257-C,2.9641894307294048,4.4946112912842064,4.000039464453881,3.999106096059519,,4.580608929613616,,4.584211939071658,4.125079381585428,,,4.205894027582234
ENSMUSG00000060279-C,6.687313032725174,6.732291102011801,6.72796215282181,7.0166576626587345,,6.923272180705386,,6.884624595435304,7.498596468138242,,,7.972577412000016
ENSMUSG00000060445-C,2.138137563504853,1.7628475801227037,1.8073849903108583,1.2795471030274967,,0.0,,1.6891195143635438,0.0,,,2.366199903278748
ENSMUSG00000060487-C,5.603688000358608,5.9457883383136405,5.672466611962801,6.043455054057982,,5.39502060500585,,5.765279140116933,5.774356788906187,,,5.965923481594502
ENSMUSG00000060548-C,7.314605338979351,7.0601545079565815,6.958111076349338,6.717221429241322,,6.201718860928222,,6.980928366789436,6.489045968586717,,,6.555972689755225
ENSMUSG00000060743-C,4.420321031248732,4.640200417124641,4.502540578785094,4.617995133648742,,3.746222763186613,,5.071567212984205,4.213011992017143,,,4.911245289649324
ENSMUSG00000060904-C,6.30823863766087,7.042798913750461,7.164948728711438,6.472473065247122,,7.032580810243728,,7.156161645793706,7.002322762246939,,,6.712806527496721
ENSMUSG00000061244-C,7.025399807468608,7.28346675843358,7.330958712035516,7.1531479520084,,7.043069616353553,,7.222133771886115,7.187371250611202,,,7.378523348519891
ENSMUSG00000062352-C,4.982647165246312,4.854304185494181,5.442984623531747,4.986137502541371,,5.145332136575571,,5.359056267457752,5.622070737276084,,,4.7864501193042175
ENSMUSG00000062743-C,0.0,0.0,0.0,0.7772103564006736,,0.0,,0.8003576570276729,0.0,,,2.112583478009447
ENSMUSG00000063052-C,4.633055610115746,5.538531580801714,5.202981011204615,4.738621725110365,,5.065265859574233,,5.384889227875278,5.802975869139889,,,5.9071921550146795
ENSMUSG00000063109-C,0.0,0.0,0.8744882523316289,1.2795471030274967,,2.9424659951760495,,0.0,0.0,,,0.0
ENSMUSG00000063142-C,9.756708546338006,9.577020531760612,9.56704741012874,9.667679423568291,,9.32001955533782,,9.660478673986647,10.027728983163769,,,9.804937297802596
ENSMUSG00000063439-C,4.5306059070680975,4.442622844884783,4.273058412468433,5.197342089539107,,5.579261339751742,,5.222460996108933,5.745158475495504,,,4.69682163605729
ENSMUSG00000063661-C,1.4334760532826032,1.3761692453425427,0.8744882523316289,1.9468263315634875,,0.0,,0.0,1.0680554872113692,,,1.8046680709167229
ENSMUSG00000063663-C,4.300902556653133,4.5932844116131974,5.029788150157312,4.617995133648742,,4.1855307145708,,4.752408667901649,4.519297308313774,,,4.74233179515021
ENSMUSG00000063696-C,2.609495240548126,0.0,0.0,0.0,,0.0,,1.3121223935613218,0.0,,,0.8727598826207578
ENSMUSG00000063931-C,4.8184146398616825,4.442622844884783,4.832930632533778,4.617995133648742,,5.145332136575571,,5.384889227875278,4.77180816512325,,,4.69682163605729
ENSMUSG00000064032-C,0.0,0.846305570751632,0.0,0.0,,0.0,,0.0,0.0,,,0.8727598826207578
ENSMUSG00000064138-C,6.4830142203880525,6.170171449488609,5.807396265744266,6.043455054057982,,5.635793012592533,,5.784815297975318,6.281000674971384,,,6.05878930800938
ENSMUSG00000064442-C,2.138137563504853,0.0,0.0,0.7772103564006736,,0.0,,0.0,0.0,,,0.8727598826207578
ENSMUSG00000066042-C,0.0,2.067488679955821,2.772625439053359,3.7153260891446704,,3.639677013987396,,3.9154370975961177,2.429327355217106,,,2.366199903278748
ENSMUSG00000066057-C,6.687313032725174,6.607993252898082,6.453998103781735,5.878208293690751,,6.57858707249385,,6.430891962051793,6.731646724090479,,,6.195960613683977
ENSMUSG00000066441-C,5.5523189975045355,5.9457883383136405,5.357593073295224,5.522629174160855,,4.794362111747247,,5.4352075388743915,5.745158475495504,,,5.466641928369365
ENSMUSG00000067028-C,1.4334760532826032,1.3761692453425427,2.115509598589792,0.0,,0.0,,0.8003576570276729,2.1009160241147065,,,1.8046680709167229
ENSMUSG00000067297-C,2.609495240548126,1.7628475801227037,2.584997580289027,2.584167946796685,,1.541336626495835,,1.6891195143635438,1.0680554872113692,,,2.112583478009447
ENSMUSG00000067719-C,0.0,0.0,0.8744882523316289,0.0,,0.0,,1.3121223935613218,0.0,,,0.0
ENSMUSG00000067869-C,0.0,0.0,0.0,0.0,,0.0,,0.0,1.0680554872113692,,,1.4126867783113457
ENSMUSG00000067924-C,8.95414226289797,8.772962398350144,8.70048171233084,8.636191243513895,,9.071167254581736,,9.198573850329504,9.32758468204764,,,8.893586189245804
ENSMUSG00000068114-C,3.690056043985187,3.7830643658576735,3.345812791746194,3.7916732345197177,,3.5246307075254704,,3.508613656214325,3.82367468051064,,,3.456011120625007
ENSMUSG00000068196-C,3.4861740589936105,2.884232195671641,2.36926775764794,4.39140932542033,,2.2694164769105942,,2.2350113770874733,3.442207073065027,,,2.58182735415899
ENSMUSG00000068263-C,3.868660751385197,3.2893625141918443,3.564823156854149,3.7153260891446704,,2.5302208690762416,,3.984649161581813,3.1170698124358824,,,3.659499454058248
ENSMUSG00000068457-C,5.386231883212921,4.274372999508628,4.554629155789021,5.049701334974736,,3.2627160682075655,,4.972823382048754,4.58668773266516,,,4.330324568503661
ENSMUSG00000068522-C,2.609495240548126,2.532901923184754,2.115509598589792,1.6514266395573065,,1.541336626495835,,2.2350113770874733,2.429327355217106,,,2.7693778051683604
ENSMUSG00000068699-C,0.0,0.0,1.4150638090347123,0.0,,0.9674048923102424,,1.6891195143635438,1.0680554872113692,,,0.0
ENSMUSG00000068742-C,7.461066910170254,6.989443101264295,6.888784989047221,6.968132206390314,,7.247363558018637,,7.631160527033749,7.616150306577484,,,7.535416074255592
ENSMUSG00000068921-C,6.663302735813608,6.795831355273659,6.826590211790971,6.892139303859188,,6.81727105004612,,7.371735571971561,7.331852226612674,,,7.234666697859876
ENSMUSG00000069020-C,6.536864530483636,6.584196330198668,6.918904984763023,6.697512298679454,,7.256406046118196,,7.1334830660210224,7.445128126604101,,,7.312164960742089
ENSMUSG00000069072-C,6.90770422931224,6.836688210874667,6.958111076349338,6.449090313207337,,6.442592222734471,,6.741995327236029,6.964819448775418,,,6.746699855310175
ENSMUSG00000069089-C,4.728709970956263,5.17421483118867,4.653482661342376,4.699522886302211,,4.259354157918123,,4.288234544654291,4.65107023252703,,,5.132480833986183
ENSMUSG00000069206-C,3.2486616392715377,2.532901923184754,4.000039464453881,3.5493249877461848,,3.845438166100454,,4.288234544654291,3.82367468051064,,,3.996472480641343
ENSMUSG00000069670-C,5.747655377626174,5.4881295367462,5.415078608061543,5.049701334974736,,4.521827482917072,,5.576418355806496,4.519297308313774,,,5.737774418563194
ENSMUSG00000069763-C,2.9641894307294048,4.388690700696569,4.745994904022693,3.9332209460107537,,3.2627160682075655,,4.752408667901649,3.931292798388528,,,4.649828954687912
ENSMUSG00000069769-C,7.251587214949485,6.95274376840545,6.93864120755106,6.647028292130711,,6.124804864843448,,7.094874763235709,7.261419642771534,,,7.1778293690994195
ENSMUSG00000070407-C,1.4334760532826032,1.3761692453425427,1.4150638090347123,0.7772103564006736,,0.9674048923102424,,3.307194436369124,2.696667789000302,,,1.8046680709167229
ENSMUSG00000070871-C,3.690056043985187,4.213627421589719,3.922871459374952,3.8641823602813914,,3.1114590032192178,,4.443800156595397,3.707376963716697,,,3.919317557186984
ENSMUSG00000071531-C,4.300902556653133,3.1665403446796927,2.584997580289027,3.0246987074308613,,1.9508269527020643,,2.7933262888489865,2.9221280948258475,,,2.7693778051683604
ENSMUSG00000071636-C,0.0,1.3761692453425427,0.0,1.9468263315634875,,0.0,,1.3121223935613218,2.429327355217106,,,0.8727598826207578
ENSMUSG00000071637-C,2.9641894307294048,3.2893625141918443,3.08749998429564,4.39140932542033,,4.02548275212475,,4.1743468699676285,3.82367468051064,,,3.456011120625007
ENSMUSG00000071648-C,3.2486616392715377,4.014348981718389,3.922871459374952,3.7916732345197177,,4.02548275212475,,3.508613656214325,2.9221280948258475,,,4.498903567833338
ENSMUSG00000071711-C,4.728709970956263,4.014348981718389,4.273058412468433,4.885210773049062,,4.10772499717138,,4.866821302962881,5.45179196004185,,,4.950554856354362
ENSMUSG00000072115-C,0.0,2.7192353881313043,1.8073849903108583,0.7772103564006736,,1.9508269527020643,,3.5996739263906603,2.696667789000302,,,0.8727598826207578
ENSMUSG00000072844-C,0.0,0.846305570751632,0.8744882523316289,1.9468263315634875,,0.9674048923102424,,2.2350113770874733,0.0,,,2.366199903278748
ENSMUSG00000072893-C,4.5306059070680975,5.513550653526528,5.136177586357087,4.180428819962158,,3.639677013987396,,5.33275229413072,5.129067552291397,,,6.350899762247737
ENSMUSG00000073374-C,3.2486616392715377,3.402543765077897,3.2224300065550993,3.2578804018563177,,2.2694164769105942,,3.766177223083601,3.5808757985520483,,,3.75140358505242
ENSMUSG00000073664-C,5.747655377626174,6.036265333276009,5.442984623531747,5.279178948907182,,4.794362111747247,,5.133831025639021,6.013532026136244,,,6.040688213445052
ENSMUSG00000073702-C,9.035892902849584,9.472335682030838,9.49722857776259,9.345561681110992,,9.435986549708264,,9.862454722805357,9.838524899027291,,,9.638895162226415
ENSMUSG00000073705-C,2.138137563504853,3.2893625141918443,3.2224300065550993,3.0246987074308613,,3.5246307075254704,,4.113843988412434,3.288778564963921,,,3.8378021129317026
ENSMUSG00000073755-C,7.952101869897199,8.375581520733478,8.356127072530253,7.966482431278515,,8.519194503817968,,8.380273604169648,8.706358296414422,,,8.868150285855995
ENSMUSG00000074136-C,0.0,0.846305570751632,0.0,0.0,,1.541336626495835,,0.8003576570276729,1.0680554872113692,,,2.112583478009447
ENSMUSG00000074220-C,2.9641894307294048,2.884232195671641,2.9386360600829815,1.6514266395573065,,2.2694164769105942,,2.9399402873012845,2.429327355217106,,,3.659499454058248
ENSMUSG00000074252-C,1.4334760532826032,1.7628475801227037,0.0,0.7772103564006736,,2.5302208690762416,,1.6891195143635438,0.0,,,2.112583478009447
ENSMUSG00000074274-C,0.0,0.0,1.4150638090347123,0.0,,0.0,,0.0,0.0,,,0.0
ENSMUSG00000074384-C,3.2486616392715377,2.067488679955821,3.345812791746194,2.746422465537691,,3.639677013987396,,2.9399402873012845,4.031437387137405,,,2.366199903278748
ENSMUSG00000074656-C,8.355728475300877,8.632100754229727,8.745996374725735,8.492046768467263,,8.861972805977725,,8.63291714789632,9.212294568318436,,,9.29964320961678
ENSMUSG00000074916-C,2.138137563504853,1.3761692453425427,1.8073849903108583,0.0,,0.0,,1.987732424191134,0.0,,,1.4126867783113457
ENSMUSG00000075254-C,5.198506277052428,5.005298906990166,5.741508294961985,5.080462981596519,,4.521827482917072,,5.896782669068075,5.622070737276084,,,5.166266667433585
ENSMUSG00000078091-C,0.0,0.0,1.8073849903108583,1.6514266395573065,,1.541336626495835,,1.6891195143635438,1.675007964280378,,,1.4126867783113457
ENSMUSG00000078439-C,2.138137563504853,0.846305570751632,0.0,0.7772103564006736,,1.9508269527020643,,1.3121223935613218,1.675007964280378,,,0.0
ENSMUSG00000078451-C,2.9641894307294048,3.2893625141918443,3.345812791746194,2.584167946796685,,0.9674048923102424,,2.446043618687812,2.429327355217106,,,3.996472480641343
ENSMUSG00000078532-C,1.4334760532826032,2.067488679955821,2.115509598589792,1.2795471030274967,,0.0,,2.2350113770874733,0.0,,,1.4126867783113457
ENSMUSG00000078653-C,2.609495240548126,0.0,0.0,0.0,,0.0,,0.8003576570276729,1.675007964280378,,,0.8727598826207578
ENSMUSG00000078700-C,4.300902556653133,3.696924723560992,3.922871459374952,3.9332209460107537,,2.2694164769105942,,3.307194436369124,3.82367468051064,,,3.75140358505242
ENSMUSG00000078716-C,6.779547242845372,6.8958826657196015,6.670107751107389,6.177546666935104,,7.256406046118196,,6.638419468275145,7.351360014353157,,,6.712806527496721
ENSMUSG00000078942-C,0.0,1.3761692453425427,0.0,0.0,,0.0,,0.0,0.0,,,0.8727598826207578
ENSMUSG00000079036-C,4.8184146398616825,4.772434856206455,4.502540578785094,4.986137502541371,,4.6370888418991045,,4.670760070376401,4.125079381585428,,,5.439267117509091
ENSMUSG00000079215-C,7.2024487579229985,6.137841992795669,6.6220934874773825,6.40115620471674,,6.256827573966689,,6.538384031290001,6.506552089150127,,,6.450236473578326
ENSMUSG00000079434-C,2.609495240548126,3.402543765077897,2.36926775764794,3.0246987074308613,,3.3996089179664075,,2.6301094702480934,3.707376963716697,,,3.3423824086880285
ENSMUSG00000081278-C,0.0,0.0,0.0,0.0,,0.0,,0.0,0.0,,,0.0
ENSMUSG00000082491-C,0.0,1.3761692453425427,0.0,1.9468263315634875,,0.9674048923102424,,1.3121223935613218,1.675007964280378,,,0.0
ENSMUSG00000082515-C,1.4334760532826032,0.0,0.0,0.0,,0.0,,0.0,2.1009160241147065,,,0.0
ENSMUSG00000082626-C,0.0,0.0,0.0,0.7772103564006736,,1.541336626495835,,0.8003576570276729,0.0,,,0.0
ENSMUSG00000083061-C,0.0,0.0,0.8744882523316289,0.7772103564006736,,0.0,,0.0,0.0,,,0.0
ENSMUSG00000083396-C,0.0,0.846305570751632,0.0,1.2795471030274967,,0.9674048923102424,,0.0,1.675007964280378,,,0.8727598826207578
ENSMUSG00000083563-C,2.609495240548126,4.33266385642655,4.7004801944898515,4.3414856993539885,,4.1855307145708,,5.006494539162363,4.935853410223768,,,5.231553496860846
ENSMUSG00000085028-C,2.138137563504853,2.7192353881313043,3.459469887214497,2.746422465537691,,0.9674048923102424,,3.4114162920058955,2.429327355217106,,,3.75140358505242
ENSMUSG00000085037-C,3.2486616392715377,2.7192353881313043,3.564823156854149,2.584167946796685,,3.1114590032192178,,2.446043618687812,2.9221280948258475,,,1.8046680709167229
ENSMUSG00000085078-C,0.0,1.3761692453425427,0.8744882523316289,0.0,,0.0,,2.6301094702480934,1.0680554872113692,,,0.0
ENSMUSG00000085111-C,0.0,1.3761692453425427,0.0,0.0,,0.9674048923102424,,0.0,1.0680554872113692,,,0.0
ENSMUSG00000085255-C,0.0,2.3188822613527895,1.4150638090347123,2.401325369831886,,1.9508269527020643,,2.446043618687812,2.696667789000302,,,0.8727598826207578
ENSMUSG00000085315-C,0.0,2.884232195671641,2.36926775764794,2.1919001964604257,,0.9674048923102424,,1.6891195143635438,0.0,,,2.58182735415899
ENSMUSG00000085712-C,0.0,0.0,0.0,0.0,,0.9674048923102424,,1.6891195143635438,0.0,,,0.0
ENSMUSG00000085891-C,0.0,0.846305570751632,1.4150638090347123,0.7772103564006736,,0.0,,0.0,1.675007964280378,,,0.8727598826207578
ENSMUSG00000086015-C,0.0,0.0,0.0,0.7772103564006736,,0.0,,0.8003576570276729,0.0,,,0.0
ENSMUSG00000086170-C,0.0,0.0,0.0,0.0,,0.0,,1.3121223935613218,0.0,,,0.0
ENSMUSG00000086213-C,2.138137563504853,0.846305570751632,0.8744882523316289,1.2795471030274967,,0.0,,1.6891195143635438,1.675007964280378,,,0.8727598826207578
ENSMUSG00000086291-C,3.4861740589936105,2.3188822613527895,2.36926775764794,3.4585648108342464,,0.0,,3.307194436369124,2.1009160241147065,,,3.75140358505242
ENSMUSG00000086370-C,4.982647165246312,4.442622844884783,4.273058412468433,4.575435833627302,,1.9508269527020643,,4.866821302962881,4.2958915964377065,,,4.601253901034637
ENSMUSG00000086822-C,1.4334760532826032,2.067488679955821,2.36926775764794,1.9468263315634875,,0.0,,1.6891195143635438,2.9221280948258475,,,2.366199903278748
ENSMUSG00000087252-C,1.4334760532826032,1.3761692453425427,0.0,0.0,,0.0,,1.3121223935613218,0.0,,,0.0
ENSMUSG00000087331-C,1.4334760532826032,2.7192353881313043,2.115509598589792,2.746422465537691,,3.639677013987396,,1.987732424191134,2.429327355217106,,,3.2190330748149605
ENSMUSG00000087347-C,0.0,0.0,0.0,0.0,,0.0,,0.0,0.0,,,0.0
ENSMUSG00000087352-C,1.4334760532826032,0.0,1.4150638090347123,1.6514266395573065,,2.2694164769105942,,0.8003576570276729,1.675007964280378,,,2.58182735415899
ENSMUSG00000087444-C,0.0,1.3761692453425427,0.0,0.0,,0.0,,0.0,0.0,,,0.8727598826207578
ENSMUSG00000087516-C,1.4334760532826032,2.3188822613527895,2.584997580289027,0.0,,0.0,,1.6891195143635438,2.1009160241147065,,,2.112583478009447
ENSMUSG00000087556-C,2.138137563504853,0.846305570751632,0.0,0.0,,0.0,,0.0,0.0,,,0.0
ENSMUSG00000087660-C,1.4334760532826032,0.0,0.0,0.7772103564006736,,0.0,,0.8003576570276729,0.0,,,0.0
ENSMUSG00000087679-C,7.251587214949485,7.327132265461291,7.164948728711438,7.116510933460998,,7.219890980038112,,7.730210970084021,7.9072513317649005,,,7.623181861348596
ENSMUSG00000087698-C,2.138137563504853,0.846305570751632,2.115509598589792,1.2795471030274967,,1.541336626495835,,1.3121223935613218,0.0,,,1.4126867783113457
ENSMUSG00000088208-C,2.138137563504853,0.846305570751632,0.0,0.0,,0.0,,1.6891195143635438,1.0680554872113692,,,0.0
ENSMUSG00000089665-C,3.4861740589936105,3.032280577134576,4.14299766649662,3.3617092928764207,,3.746222763186613,,4.23241421537003,4.2958915964377065,,,4.069709806402361
ENSMUSG00000089715-C,11.137683085480813,11.436750835241156,11.427529531800408,11.205101880955194,,11.2554470993241,,11.893423573163604,11.91436833524357,,,11.767727553006823
ENSMUSG00000089941-C,1.4334760532826032,0.0,0.0,0.0,,0.0,,1.987732424191134,0.0,,,0.8727598826207578
ENSMUSG00000090138-C,2.9641894307294048,0.0,0.8744882523316289,1.6514266395573065,,0.0,,0.0,0.0,,,1.4126867783113457
ENSMUSG00000090290-C,2.138137563504853,2.067488679955821,2.36926775764794,2.1919001964604257,,2.2694164769105942,,1.6891195143635438,1.0680554872113692,,,2.366199903278748
ENSMUSG00000090523-C,2.609495240548126,1.7628475801227037,2.115509598589792,1.6514266395573065,,2.2694164769105942,,1.987732424191134,1.0680554872113692,,,0.8727598826207578
ENSMUSG00000091523-C,0.0,0.846305570751632,0.0,0.7772103564006736,,0.0,,0.8003576570276729,0.0,,,1.4126867783113457
ENSMUSG00000092074-C,2.609495240548126,3.2893625141918443,2.584997580289027,1.9468263315634875,,0.9674048923102424,,3.766177223083601,2.9221280948258475,,,2.58182735415899
ENSMUSG00000092241-C,1.4334760532826032,1.3761692453425427,0.0,0.7772103564006736,,0.9674048923102424,,1.987732424191134,0.0,,,1.4126867783113457
ENSMUSG00000092325-C,0.0,0.846305570751632,0.0,0.0,,0.0,,0.8003576570276729,0.0,,,0.0
ENSMUSG00000093577-C,1.4334760532826032,2.532901923184754,0.8744882523316289,1.2795471030274967,,0.0,,0.0,1.675007964280378,,,2.58182735415899
ENSMUSG00000093930-C,8.924146264970078,9.160602505881682,9.018242193006651,8.631005426855868,,8.928542032990977,,9.065133786849785,9.277478405517924,,,9.43745752203596
ENSMUSG00000094152-C,0.0,0.0,0.8744882523316289,1.2795471030274967,,0.9674048923102424,,0.0,1.675007964280378,,,0.0
ENSMUSG00000094595-C,2.609495240548126,2.7192353881313043,0.8744882523316289,0.0,,1.9508269527020643,,1.987732424191134,1.675007964280378,,,2.9353278433826433
ENSMUSG00000094724-C,0.0,0.0,2.115509598589792,0.7772103564006736,,1.541336626495835,,0.0,0.0,,,1.8046680709167229
ENSMUSG00000094840-C,3.4861740589936105,3.6053134790057273,2.772625439053359,3.2578804018563177,,1.541336626495835,,4.113843988412434,4.031437387137405,,,4.69682163605729
ENSMUSG00000095253-C,4.982647165246312,4.5932844116131974,4.502540578785094,4.236136261201466,,4.32958319926474,,4.670760070376401,2.9221280948258475,,,4.69682163605729
ENSMUSG00000097156-C,7.0441150047503465,6.962006493238565,6.93864120755106,6.472473065247122,,4.521827482917072,,7.156161645793706,7.038875815396829,,,7.327177286798351
ENSMUSG00000097316-C,3.690056043985187,3.8643493295108,3.564823156854149,2.584167946796685,,1.9508269527020643,,3.5996739263906603,3.442207073065027,,,2.58182735415899
ENSMUSG00000097439-C,0.0,1.3761692453425427,0.0,1.2795471030274967,,0.0,,0.0,1.675007964280378,,,0.0
ENSMUSG00000097497-C,3.2486616392715377,2.7192353881313043,3.459469887214497,2.892259673652012,,0.9674048923102424,,1.6891195143635438,3.1170698124358824,,,3.084143061959374
ENSMUSG00000097535-C,1.4334760532826032,0.846305570751632,0.0,1.2795471030274967,,0.0,,0.0,0.0,,,0.0
ENSMUSG00000097602-C,0.0,0.0,2.36926775764794,0.0,,0.0,,0.0,0.0,,,1.4126867783113457
ENSMUSG00000097793-C,0.0,0.846305570751632,0.8744882523316289,1.6514266395573065,,1.541336626495835,,1.3121223935613218,0.0,,,1.8046680709167229
ENSMUSG00000097881-C,0.0,2.532901923184754,2.772625439053359,3.2578804018563177,,1.541336626495835,,1.6891195143635438,2.429327355217106,,,0.8727598826207578
ENSMUSG00000097911-C,2.138137563504853,2.532901923184754,2.772625439053359,2.892259673652012,,1.541336626495835,,1.6891195143635438,1.675007964280378,,,2.9353278433826433
ENSMUSG00000098098-C,2.609495240548126,2.067488679955821,1.4150638090347123,2.1919001964604257,,2.2694164769105942,,2.2350113770874733,2.429327355217106,,,0.0
ENSMUSG00000098158-C,0.0,1.3761692453425427,0.0,0.0,,0.0,,0.0,0.0,,,0.0
ENSMUSG00000098187-C,0.0,0.846305570751632,0.8744882523316289,1.6514266395573065,,0.0,,2.6301094702480934,0.0,,,0.0
ENSMUSG00000098383-C,0.0,0.0,0.0,0.7772103564006736,,0.9674048923102424,,1.6891195143635438,0.0,,,1.4126867783113457
ENSMUSG00000098739-C,0.0,0.0,1.8073849903108583,0.7772103564006736,,0.0,,0.0,0.0,,,1.4126867783113457
ENSMUSG00000099655-C,3.868660751385197,2.067488679955821,1.8073849903108583,2.1919001964604257,,1.541336626495835,,2.7933262888489865,2.429327355217106,,,2.58182735415899
ENSMUSG00000100707-C,0.0,1.3761692453425427,0.0,0.0,,0.9674048923102424,,0.0,0.0,,,0.8727598826207578
ENSMUSG00000100764-C,0.0,1.7628475801227037,1.4150638090347123,2.1919001964604257,,2.2694164769105942,,2.6301094702480934,1.0680554872113692,,,1.8046680709167229
ENSMUSG00000101599-C,3.2486616392715377,3.6053134790057273,3.8413414125129752,3.5493249877461848,,3.3996089179664075,,4.443800156595397,4.519297308313774,,,4.205894027582234
ENSMUSG00000101778-C,0.0,0.0,0.0,1.6514266395573065,,0.0,,0.8003576570276729,1.0680554872113692,,,0.0
ENSMUSG00000102018-C,1.4334760532826032,0.0,2.115509598589792,0.0,,2.9424659951760495,,0.8003576570276729,1.675007964280378,,,2.112583478009447
ENSMUSG00000102555-C,2.609495240548126,1.7628475801227037,1.8073849903108583,1.9468263315634875,,0.0,,1.987732424191134,1.675007964280378,,,2.7693778051683604
ENSMUSG00000102570-C,0.0,2.3188822613527895,1.4150638090347123,1.2795471030274967,,0.9674048923102424,,0.8003576570276729,2.1009160241147065,,,2.366199903278748
ENSMUSG00000102573-C,1.4334760532826032,2.532901923184754,1.4150638090347123,2.892259673652012,,1.541336626495835,,2.2350113770874733,2.9221280948258475,,,1.4126867783113457
ENSMUSG00000102600-C,4.5306059070680975,4.442622844884783,4.502540578785094,5.168997979309402,,3.639677013987396,,3.5996739263906603,4.65107023252703,,,5.32425764497948
ENSMUSG00000102698-C,2.609495240548126,2.884232195671641,2.115509598589792,1.9468263315634875,,0.0,,1.987732424191134,1.675007964280378,,,2.112583478009447
ENSMUSG00000102760-C,2.9641894307294048,0.846305570751632,2.36926775764794,1.2795471030274967,,1.541336626495835,,2.446043618687812,2.1009160241147065,,,2.112583478009447
ENSMUSG00000102783-C,0.0,0.0,0.0,0.7772103564006736,,0.0,,1.6891195143635438,0.0,,,0.0
ENSMUSG00000102854-C,4.420321031248732,3.9412977455678506,4.000039464453881,3.7153260891446704,,1.9508269527020643,,4.584211939071658,3.707376963716697,,,4.139408221510954
ENSMUSG00000102976-C,0.0,0.0,0.0,0.7772103564006736,,0.0,,1.3121223935613218,0.0,,,0.0
ENSMUSG00000103038-C,3.868660751385197,3.8643493295108,4.273058412468433,2.892259673652012,,1.9508269527020643,,4.393785888058045,4.031437387137405,,,3.659499454058248
ENSMUSG00000103146-C,2.609495240548126,0.0,0.8744882523316289,0.7772103564006736,,0.0,,1.3121223935613218,0.0,,,0.8727598826207578
ENSMUSG00000103313-C,3.2486616392715377,0.846305570751632,0.0,0.0,,0.0,,0.0,1.0680554872113692,,,0.8727598826207578
ENSMUSG00000103423-C,0.0,0.0,1.8073849903108583,1.2795471030274967,,0.0,,0.0,0.0,,,0.0
ENSMUSG00000103539-C,0.0,1.7628475801227037,1.4150638090347123,2.401325369831886,,0.0,,1.3121223935613218,0.0,,,0.0
ENSMUSG00000103552-C,2.138137563504853,0.846305570751632,0.0,1.9468263315634875,,0.0,,0.8003576570276729,0.0,,,0.8727598826207578
ENSMUSG00000103693-C,4.1706999010872465,3.032280577134576,3.6630037848267736,3.634711799651865,,1.9508269527020643,,4.1743468699676285,4.125079381585428,,,4.205894027582234
ENSMUSG00000103776-C,0.0,0.0,0.0,1.2795471030274967,,0.0,,1.987732424191134,1.0680554872113692,,,2.366199903278748
ENSMUSG00000103800-C,2.609495240548126,0.0,0.0,0.0,,0.0,,0.0,0.0,,,0.0
ENSMUSG00000103809-C,1.4334760532826032,1.7628475801227037,2.36926775764794,2.746422465537691,,0.0,,0.0,1.675007964280378,,,1.4126867783113457
ENSMUSG00000103869-C,2.609495240548126,2.067488679955821,2.36926775764794,2.1919001964604257,,0.0,,2.2350113770874733,1.0680554872113692,,,2.58182735415899
ENSMUSG00000103882-C,3.4861740589936105,4.014348981718389,3.922871459374952,3.8641823602813914,,0.0,,4.050692283249386,4.4486040679813845,,,5.062438666611843
ENSMUSG00000103891-C,4.1706999010872465,3.696924723560992,3.754926479408451,3.9332209460107537,,2.2694164769105942,,4.050692283249386,3.5808757985520483,,,3.75140358505242
ENSMUSG00000103970-C,0.0,0.846305570751632,0.8744882523316289,1.9468263315634875,,0.0,,0.8003576570276729,1.0680554872113692,,,1.4126867783113457
ENSMUSG00000103991-C,0.0,0.0,0.0,1.2795471030274967,,0.0,,0.0,0.0,,,0.0
ENSMUSG00000104154-C,3.2486616392715377,2.532901923184754,2.584997580289027,2.892259673652012,,1.541336626495835,,2.9399402873012845,2.1009160241147065,,,2.7693778051683604
ENSMUSG00000104204-C,1.4334760532826032,2.3188822613527895,2.9386360600829815,1.9468263315634875,,1.9508269527020643,,1.987732424191134,1.675007964280378,,,0.8727598826207578
ENSMUSG00000104277-C,4.5306059070680975,4.729689393978666,4.333940744587301,4.531582777984604,,2.7510183104581927,,3.9154370975961177,3.82367468051064,,,4.649828954687912
ENSMUSG00000104343-C,3.2486616392715377,2.884232195671641,3.345812791746194,3.0246987074308613,,1.9508269527020643,,3.194853116705421,3.288778564963921,,,3.659499454058248
ENSMUSG00000104344-C,3.690056043985187,3.6053134790057273,3.6630037848267736,3.7153260891446704,,1.541336626495835,,3.5996739263906603,3.288778564963921,,,4.550986184927251
ENSMUSG00000104388-C,2.138137563504853,2.884232195671641,2.115509598589792,0.7772103564006736,,0.0,,3.073019528998395,2.1009160241147065,,,3.75140358505242
ENSMUSG00000104420-C,3.2486616392715377,2.7192353881313043,3.2224300065550993,3.1459955578315,,0.9674048923102424,,2.9399402873012845,3.442207073065027,,,3.996472480641343
ENSMUSG00000104693-C,2.9641894307294048,1.3761692453425427,0.0,1.2795471030274967,,0.0,,0.8003576570276729,0.0,,,0.0
ENSMUSG00000104704-C,2.138137563504853,4.083878839528882,3.08749998429564,3.0246987074308613,,0.0,,3.508613656214325,3.707376963716697,,,3.456011120625007
ENSMUSG00000104713-C,0.0,0.846305570751632,0.0,0.0,,0.0,,0.0,0.0,,,0.0
ENSMUSG00000104764-C,2.609495240548126,0.846305570751632,0.8744882523316289,0.7772103564006736,,0.0,,2.9399402873012845,2.1009160241147065,,,2.7693778051683604
ENSMUSG00000104951-C,3.4861740589936105,2.3188822613527895,2.115509598589792,3.3617092928764207,,0.9674048923102424,,3.5996739263906603,4.125079381585428,,,2.9353278433826433
ENSMUSG00000104973-C,2.138137563504853,2.532901923184754,2.115509598589792,2.584167946796685,,0.0,,0.8003576570276729,3.288778564963921,,,1.4126867783113457
ENSMUSG00000104994-C,3.4861740589936105,0.846305570751632,2.36926775764794,2.584167946796685,,0.0,,3.194853116705421,2.429327355217106,,,2.366199903278748
ENSMUSG00000105050-C,5.058246109287047,3.2893625141918443,3.08749998429564,3.3617092928764207,,2.2694164769105942,,3.4114162920058955,3.82367468051064,,,3.456011120625007
ENSMUSG00000105119-C,2.9641894307294048,3.032280577134576,2.772625439053359,2.584167946796685,,0.0,,2.446043618687812,3.82367468051064,,,3.3423824086880285
ENSMUSG00000105224-C,2.138137563504853,2.884232195671641,2.584997580289027,2.401325369831886,,0.0,,2.2350113770874733,3.288778564963921,,,2.9353278433826433
ENSMUSG00000105322-C,4.420321031248732,4.150211254386488,4.554629155789021,4.575435833627302,,2.5302208690762416,,5.133831025639021,4.65107023252703,,,5.382908125616131
ENSMUSG00000105520-C,0.0,0.0,0.0,0.0,,0.9674048923102424,,0.0,1.0680554872113692,,,0.0
ENSMUSG00000105578-C,0.0,2.7192353881313043,2.9386360600829815,1.2795471030274967,,0.0,,1.6891195143635438,2.429327355217106,,,2.9353278433826433
ENSMUSG00000105586-C,2.138137563504853,0.0,0.8744882523316289,0.0,,0.0,,1.3121223935613218,2.429327355217106,,,0.0
ENSMUSG00000105624-C,3.4861740589936105,0.846305570751632,1.4150638090347123,2.892259673652012,,0.0,,3.5996739263906603,2.429327355217106,,,3.5613400039776715
ENSMUSG00000105843-C,0.0,1.3761692453425427,2.36926775764794,3.2578804018563177,,2.5302208690762416,,3.194853116705421,3.442207073065027,,,2.366199903278748
ENSMUSG00000105846-C,1.4334760532826032,0.0,0.0,0.7772103564006736,,0.0,,0.0,1.0680554872113692,,,0.0
ENSMUSG00000105896-C,0.0,0.0,1.4150638090347123,0.7772103564006736,,0.0,,0.0,1.0680554872113692,,,0.0
ENSMUSG00000106115-C,2.138137563504853,2.067488679955821,0.8744882523316289,1.6514266395573065,,0.0,,1.6891195143635438,2.1009160241147065,,,0.8727598826207578
ENSMUSG00000106121-C,0.0,0.0,0.0,0.7772103564006736,,0.0,,1.3121223935613218,0.0,,,0.0
ENSMUSG00000106153-C,0.0,0.0,0.0,0.7772103564006736,,0.0,,0.0,0.0,,,0.0
ENSMUSG00000106557-C,0.0,2.067488679955821,2.36926775764794,2.1919001964604257,,0.0,,0.8003576570276729,1.0680554872113692,,,2.58182735415899
ENSMUSG00000106579-C,2.609495240548126,2.884232195671641,1.4150638090347123,3.0246987074308613,,0.0,,1.6891195143635438,1.675007964280378,,,2.9353278433826433
ENSMUSG00000106648-C,2.138137563504853,2.067488679955821,0.0,1.2795471030274967,,0.0,,1.987732424191134,1.675007964280378,,,2.112583478009447
ENSMUSG00000106720-C,3.690056043985187,1.3761692453425427,2.584997580289027,1.6514266395573065,,0.0,,2.9399402873012845,2.696667789000302,,,2.366199903278748
ENSMUSG00000106734-C,0.0,0.846305570751632,0.0,0.7772103564006736,,0.9674048923102424,,0.8003576570276729,2.696667789000302,,,0.0
ENSMUSG00000106767-C,1.4334760532826032,1.3761692453425427,0.8744882523316289,1.2795471030274967,,0.0,,1.3121223935613218,1.675007964280378,,,2.9353278433826433
ENSMUSG00000106847-C,8.21416498715113,8.263927126747443,8.249550506324193,8.46898165093545,,8.481131160629582,,8.746870221103656,8.9009375229925,,,8.855262162245282
ENSMUSG00000106867-C,0.0,0.0,0.8744882523316289,0.0,,0.9674048923102424,,0.8003576570276729,0.0,,,0.0
ENSMUSG00000106993-C,1.4334760532826032,0.0,2.36926775764794,0.7772103564006736,,0.0,,1.987732424191134,2.429327355217106,,,2.112583478009447
ENSMUSG00000107021-C,3.2486616392715377,3.8643493295108,3.2224300065550993,3.4585648108342464,,2.7510183104581927,,3.766177223083601,3.707376963716697,,,3.456011120625007
ENSMUSG00000107207-C,1.4334760532826032,1.3761692453425427,1.4150638090347123,1.6514266395573065,,0.0,,0.0,1.0680554872113692,,,1.4126867783113457
ENSMUSG00000107278-C,0.0,0.846305570751632,1.4150638090347123,0.7772103564006736,,0.0,,1.3121223935613218,2.429327355217106,,,1.8046680709167229
ENSMUSG00000000290-S,2.1878468093344487,1.0244644241439549,0.8966708824695038,,,0.0,2.1273528570580367,1.252033481761931,1.9152733459730824,2.8638130617722606,0.8988096753164998,
ENSMUSG00000000308-S,7.965423438069078,8.048334507213658,7.780626885161573,,,8.038169949256611,8.98645328186252,8.476197880641314,8.709517454189935,8.262654690338028,8.298398483774148,
ENSMUSG00000000530-S,6.195946173639724,6.070154466255981,5.3139503095274065,,,4.791544335231516,6.113227516804359,6.953933793464587,6.559477155905074,6.38226426273374,5.7244215983780675,
ENSMUSG00000000732-S,2.1878468093344487,0.0,0.8966708824695038,,,2.8789038053543625,2.1273528570580367,2.363257137421632,0.9440719876953962,1.7462107371414175,0.8988096753164998,
ENSMUSG00000000782-S,3.0201464606670347,2.625509064456788,2.4083924121471316,,,1.1834433053749518,2.1273528570580367,2.363257137421632,3.701700061705504,2.5133708470354534,3.1343429957332973,
ENSMUSG00000000792-S,3.0201464606670347,3.042544284410344,3.6091572619433543,,,4.723757288584439,4.287644323036166,3.215773920361264,4.14005191965989,3.9192043340289806,3.613396190469504,
ENSMUSG00000000823-S,5.969050566682266,5.802524540324048,5.7432902963036,,,5.089613881671589,5.564555649271768,6.102378460546361,6.628464442318559,5.941080722734081,5.6518564477232065,
ENSMUSG00000000826-S,8.783946192592362,9.03142017731839,9.105400435220494,,,8.967441037987932,9.555203782220016,9.457254947907966,9.46912568330678,9.241718896324787,9.31581042160153,
ENSMUSG00000001016-S,6.286365108801842,6.587166567872407,6.2309672640563925,,,5.863026295196434,6.3698486335169635,5.916860337589944,6.472087015299897,6.5963441030053165,6.235522596653522,
ENSMUSG00000001089-S,7.162391201398027,7.114253973797595,7.294431825602897,,,7.6203079931577005,7.6300509433525665,7.333470256910313,7.386389899333573,7.317901187531614,8.00019982125333,
ENSMUSG00000001098-S,5.044667206815635,5.134579706307527,5.375141946360958,,,5.2904044713803815,5.965484165482666,5.6651563310553525,5.588609598366368,5.611177565255836,5.880766517524521,
ENSMUSG00000001270-S,11.740171510000328,11.794601395320106,11.41797996080886,,,11.331149104422073,11.74786495822847,12.065370889819228,12.140645792514835,11.823444839933831,11.964645445634265,
ENSMUSG00000001300-S,5.409037165835657,5.256684122455728,5.433843413489333,,,5.2904044713803815,4.804941818439524,5.151543247134289,4.976839260629534,5.465016164281359,4.49909163489714,
ENSMUSG00000001552-S,5.996096692001416,5.930355012261218,5.917951457070484,,,5.765260051579519,6.130675342801464,5.6651563310553525,6.172811908291399,6.395776029654818,5.9017800603685595,
ENSMUSG00000001642-S,3.0201464606670347,1.6174904035785849,2.8140077179681233,,,1.8247124464825184,2.1273528570580367,2.9834669963003715,1.5098994093134157,3.3811519668481234,1.448400923237856,
ENSMUSG00000001763-S,4.036539844336298,4.631493946766409,4.045422674552221,,,4.791544335231516,5.639599293909598,3.5914582317488906,5.098547262714951,4.749662448503417,4.88407967019736,
ENSMUSG00000001946-S,5.941487706502577,5.256684122455728,5.462322099446743,,,3.4814869927558276,5.401633731870477,5.778444887040087,5.695361937972607,5.656782864836955,5.626833663545276,
ENSMUSG00000001964-S,6.308111331133143,5.9784758302566035,6.263697532218725,,,6.570879805121432,6.649470962290994,6.482738823713279,6.805732382181406,6.929291796751583,6.492594758846733,
ENSMUSG00000002012-S,6.451794814887973,7.449117979273206,6.9367421276706835,,,7.26248800542526,7.730736433788912,7.673274013182639,7.410095276559935,6.803147571105655,6.91054947886507,
ENSMUSG00000002031-S,4.402727738483788,4.904855646645649,4.792580061244942,,,4.415414689294443,5.081050642191776,4.53033944780547,4.645166924187268,5.412808901682653,5.0811702465615625,
ENSMUSG00000002032-S,5.409037165835657,5.047029067347918,5.3139503095274065,,,4.577807992608698,5.864819091217013,4.245115061327776,4.534486340402758,5.587822654982696,5.3796475820574,
ENSMUSG00000002109-S,3.9283702031886953,3.042544284410344,2.1528517044067006,,,1.8247124464825184,2.7857626338523107,1.9120895180850064,3.219642216040465,3.268154397447143,2.15643154456857,
ENSMUSG00000002210-S,5.409037165835657,5.775540810837221,5.183183166298148,,,4.23239580385111,6.214883012351143,5.625326433022477,5.5321172659835725,5.587822654982696,5.3796475820574,
ENSMUSG00000002266-S,0.0,0.0,1.4454776237320806,,,2.267100056198125,1.424693889909158,1.252033481761931,2.900655540153005,0.8358601519897243,0.0,
ENSMUSG00000002393-S,4.555994926802841,5.369255652649587,4.792580061244942,,,5.8311680533724175,5.485393293004125,4.6141251428220995,4.843909861384497,5.358641234599949,5.549050874813313,
ENSMUSG00000002459-S,7.309798305172879,7.491190153382286,7.072251126787723,,,6.91278284573583,7.548017121493672,7.915448007797188,7.593815288899107,8.090549851687621,8.108104030119575,
ENSMUSG00000002500-S,1.127908297400936,1.0244644241439549,0.8966708824695038,,,1.1834433053749518,0.0,3.215773920361264,1.5098994093134157,1.3616795639125414,0.8988096753164998,
ENSMUSG00000002732-S,2.5214694711790284,1.6174904035785849,0.8966708824695038,,,2.267100056198125,3.1010766827490013,1.9120895180850064,1.9152733459730824,3.0115472012359445,3.393662872112152,
ENSMUSG00000002797-S,5.044667206815635,5.256684122455728,5.183183166298148,,,4.918251951624434,5.71093169626494,6.102378460546361,5.7705423991131415,5.439148675192057,5.254543412253529,
ENSMUSG00000002968-S,6.371449832714428,6.829446786513649,6.247425214658924,,,5.9545856661806,7.277414277613691,7.149141825818337,6.719819376624818,6.560800361676979,6.478676640636891,
ENSMUSG00000002996-S,5.66640142861484,4.690467266763643,4.7470084774202475,,,4.577807992608698,4.804941818439524,4.693310841844703,4.534486340402758,5.182749538479859,5.286851112344599,
ENSMUSG00000003198-S,3.811428095751732,3.8524636464395727,2.1528517044067006,,,3.636988544242049,1.8183855359868224,2.9834669963003715,3.8006734726731857,3.7611506373277046,3.50770887389526,
ENSMUSG00000003402-S,6.329534626975396,6.587166567872407,6.542394903744575,,,6.385893945030639,7.4190509615355715,7.016858581189317,7.312843079467221,6.548755149390798,7.067565101712631,
ENSMUSG00000003436-S,2.792247919928092,2.849043379169408,3.6091572619433543,,,3.77734814607362,3.578907283604972,2.706436814589186,2.4905071181678275,3.0115472012359445,3.613396190469504,
ENSMUSG00000003500-S,5.969050566682266,6.092191900359458,6.417058519099321,,,5.798590386948119,6.776829221030488,6.610638474618335,6.573541047483937,6.4485921061730265,6.7804465896283785,
ENSMUSG00000003657-S,1.7531052066154809,3.5036083467238193,4.438449685700989,,,6.429100257947972,4.087756923331383,3.5914582317488906,4.534486340402758,4.251959975632417,4.44285378614437,
ENSMUSG00000003808-S,7.011506693136518,7.44055428489455,7.090610897133725,,,6.89748154626835,7.903082930022792,7.890461859498994,7.719298841881,7.252568330318763,7.314772988459074,
ENSMUSG00000004071-S,8.28345483464016,8.125159769783387,8.281862139339555,,,8.171362605254824,8.964728707890979,8.736688898940825,8.759585385556978,8.843587617000283,8.58490784747297,
ENSMUSG00000004266-S,2.1878468093344487,0.0,3.2656842343095707,,,1.8247124464825184,3.1010766827490013,2.363257137421632,3.5954333501320948,3.5836265212987755,2.412140613208748,
ENSMUSG00000004508-S,5.144743080073491,4.904855646645649,4.7470084774202475,,,4.977663099863604,5.564555649271768,5.542207775347679,6.2092997642599,6.012984124523574,5.700636465430905,
ENSMUSG00000004530-S,7.7910813423838015,7.44055428489455,7.722948405839837,,,7.693009326823929,8.497848330615037,7.93186822354452,8.57267682238964,8.419709936243043,8.266351225318074,
ENSMUSG00000004929-S,4.481395701641587,5.134579706307527,4.699950300997299,,,4.415414689294443,5.281807468287595,5.259564849484186,4.889594159225845,4.251959975632417,4.3843344898943,
ENSMUSG00000004947-S,3.9283702031886953,3.8524636464395727,4.118819223500774,,,3.905254781686303,4.34855936407696,4.693310841844703,4.14005191965989,4.420074324097543,3.804043719866039,
ENSMUSG00000005087-S,3.39002549525068,2.0365428043664457,1.8420916757217696,,,1.8247124464825184,1.8183855359868224,1.252033481761931,2.900655540153005,2.8638130617722606,2.629277784575916,
ENSMUSG00000005267-S,4.481395701641587,4.045535688217926,3.6091572619433543,,,4.415414689294443,3.677173021775615,3.4158104165687497,3.893290717484193,4.310202091370707,4.655738528595867,
ENSMUSG00000005268-S,1.7531052066154809,0.0,0.8966708824695038,,,1.8247124464825184,0.8814983508565049,3.215773920361264,1.5098994093134157,0.0,0.0,
ENSMUSG00000005360-S,9.500053314149117,9.507884743649232,9.48261251804104,,,9.552664037768544,9.84802887194564,9.635749240615905,9.923548038633108,10.045375566356546,9.853589246462793,
ENSMUSG00000005506-S,9.250579576127516,9.13058190761168,9.089513072730274,,,8.845166015099617,9.038220008255736,9.437265729971108,9.33520662056222,9.47919051529603,9.251782980065151,
ENSMUSG00000006235-S,4.626925670761378,4.045535688217926,3.7076029991272086,,,3.4814869927558276,3.4734560020283936,4.135963911216731,3.068947160363723,3.268154397447143,4.0497601938964145,
ENSMUSG00000006471-S,1.7531052066154809,2.625509064456788,3.389486084443645,,,1.8247124464825184,3.937239890567626,2.706436814589186,2.710107810154817,2.6992065503008127,3.711866848994471,
ENSMUSG00000006575-S,9.178623229853454,9.2431963310763,9.271518233909823,,,8.896096403939271,9.865068456693924,9.47136527293045,9.764065203786505,9.477602997206048,9.823621601390286,
ENSMUSG00000006587-S,0.0,2.0365428043664457,1.4454776237320806,,,1.1834433053749518,2.1273528570580367,2.363257137421632,0.9440719876953962,1.3616795639125414,0.8988096753164998,
ENSMUSG00000006673-S,5.044667206815635,5.748042750713369,5.766314813340103,,,5.983858176426806,6.355079994361663,5.814313516643948,5.745914996934853,5.922530633206184,5.549050874813313,
ENSMUSG00000006850-S,3.6841640601517023,3.042544284410344,2.4083924121471316,,,2.60519275062505,2.1273528570580367,3.215773920361264,3.3560746442565823,2.3000078836598825,1.8454221841165777,
ENSMUSG00000006941-S,7.999236525985677,7.868488725116597,8.212303532902014,,,8.372896889968203,8.83503230485328,8.487350335321944,8.66094624923898,8.712055241209132,8.626527857069773,
ENSMUSG00000007888-S,0.0,1.6174904035785849,1.8420916757217696,,,2.267100056198125,1.8183855359868224,0.0,0.9440719876953962,1.7462107371414175,0.0,
ENSMUSG00000008489-S,7.814061560298843,7.961212241297775,8.080723770000276,,,8.499908381232462,8.171027111933336,7.721296667146651,7.7443808464596735,7.86626874803442,8.17867486990102,
ENSMUSG00000009894-S,9.145788759848791,9.585675083249631,9.326773412494385,,,9.495375742091198,10.329046187976914,9.4908907108424,9.76712798411809,9.710334111417987,9.936114564350383,
ENSMUSG00000010025-S,5.144743080073491,4.133174301385899,4.600962596990739,,,4.415414689294443,4.760802042391417,4.53033944780547,4.889594159225845,5.465016164281359,5.153038368397865,
ENSMUSG00000011306-S,5.825647719890496,5.8550235361182015,5.958501814593637,,,5.798590386948119,6.130675342801464,5.778444887040087,6.22720336594662,6.2546017452825815,6.377298405830814,
ENSMUSG00000011752-S,2.792247919928092,4.133174301385899,4.548799514711809,,,4.723757288584439,4.889365515122079,5.2065648251484395,3.701700061705504,3.842340840334267,3.9724131580259057,
ENSMUSG00000012848-S,9.178623229853454,8.999709221974191,8.89692029108794,,,9.014299166661896,9.665554478113474,9.643247364463411,9.68043768842865,9.410963275327571,9.514763951621052,
ENSMUSG00000013698-S,9.163791043393362,9.564155555925824,9.434910542547271,,,9.41168545125679,10.235381664260167,9.991496286378736,9.972133568105908,9.622556446583385,9.67439262743602,
ENSMUSG00000013736-S,4.820923400611872,4.854170744149985,5.4047912205442765,,,4.723757288584439,4.287644323036166,4.839726816948395,4.843909861384497,5.0523183935005855,5.153038368397865,
ENSMUSG00000014767-S,4.137161815227484,4.80164013442276,4.548799514711809,,,3.905254781686303,5.044697112081977,4.768375462585618,4.414603722801029,4.570627257209177,5.005533443185442,
ENSMUSG00000015133-S,2.1878468093344487,2.3608744879735837,2.1528517044067006,,,1.8247124464825184,3.578907283604972,2.706436814589186,1.9152733459730824,3.268154397447143,2.412140613208748,
ENSMUSG00000015342-S,4.991899588549008,4.133174301385899,4.118819223500774,,,5.3812080253052255,4.9691208282971555,5.407796954309,4.475789898725806,4.831483685753933,4.323340783761273,
ENSMUSG00000015377-S,6.219087704031037,5.571045223435882,5.6223105400162705,,,4.723757288584439,6.198430098217759,6.1311047873469855,6.191171187069902,5.08604823626242,5.793510971375659,
ENSMUSG00000015405-S,2.792247919928092,2.3608744879735837,0.8966708824695038,,,0.0,0.8814983508565049,0.0,2.900655540153005,2.0495205232084777,0.8988096753164998,
ENSMUSG00000015668-S,5.66640142861484,5.256684122455728,5.001060685730714,,,5.089613881671589,5.590006392391629,5.981386985200087,5.7705423991131415,5.941080722734081,5.837798306068265,
ENSMUSG00000015843-S,8.353100739493271,7.849206821968935,7.20457142143638,,,6.927923560496865,7.285225854327998,8.464958542150404,8.329172785269359,8.013764051864598,7.813219960252209,
ENSMUSG00000015937-S,7.759860321824114,7.491190153382286,7.668989514244413,,,7.770644852730052,7.797801939477748,7.692675314875759,7.756760197785042,7.7657878053127565,7.71572544294687,
ENSMUSG00000016087-S,2.5214694711790284,2.3608744879735837,3.6091572619433543,,,4.326805502244239,2.1273528570580367,2.9834669963003715,2.2313720798832146,2.8638130617722606,3.1343429957332973,
ENSMUSG00000016386-S,7.895322692499715,7.727768231534347,7.60017556321616,,,7.084758325781318,7.4190509615355715,8.026648297610857,7.731894351447778,8.240360274022763,7.851525296274867,
ENSMUSG00000016541-S,7.895322692499715,8.065144954053736,8.174074128556558,,,8.038169949256611,8.507897624376497,8.158076479557899,8.436951512227619,8.302653937935396,8.019554968001971,
ENSMUSG00000016833-S,5.66640142861484,5.905679006818678,5.6223105400162705,,,4.918251951624434,6.278880161432731,6.1311047873469855,6.313532969080742,6.2396937361670455,5.922491919822913,
ENSMUSG00000016933-S,6.685741501760474,6.2958204626854135,6.48802941030017,,,6.148019091837476,6.7657047483559545,6.390704454364174,6.984786688274291,6.653704325618293,6.961476996990755,
ENSMUSG00000017491-S,6.600191559769663,6.706259891358322,5.696108675407122,,,5.73114144399951,5.77890269791347,7.091841129049699,6.472087015299897,7.237639185037099,6.078280581178634,
ENSMUSG00000018411-S,10.558099658185911,10.596347534830931,10.732389701984964,,,10.453108592460785,11.116622077020551,10.703396103803671,10.981998590026498,10.940219707917269,10.904477921192086,
ENSMUSG00000018412-S,5.941487706502577,5.775540810837221,5.6223105400162705,,,5.089613881671589,6.113227516804359,6.482738823713279,5.975096157791689,5.8458489418377955,6.114734141359767,
ENSMUSG00000018574-S,4.481395701641587,4.80164013442276,5.3139503095274065,,,5.6236595680045784,5.4300973404130755,5.094339764822258,5.910081626845286,5.679056051471869,5.770846826546299,
ENSMUSG00000018809-S,3.811428095751732,4.368061320271338,3.886378258490339,,,2.267100056198125,3.855651169204714,3.8892486258592904,3.5954333501320948,4.127908848497372,3.9724131580259057,
ENSMUSG00000018858-S,6.350644446931225,6.474230735778307,6.2309672640563925,,,6.363795662782939,6.673478973456704,6.709189613560245,6.769537127265096,6.79297151003074,6.879107083564174,
ENSMUSG00000018920-S,1.127908297400936,2.3608744879735837,0.0,,,2.267100056198125,1.8183855359868224,1.252033481761931,0.9440719876953962,0.0,2.817968824125128,
ENSMUSG00000018995-S,4.555994926802841,3.7452856327273945,3.6091572619433543,,,3.307176954881424,2.1273528570580367,3.7480232874605903,3.980319160809084,4.251959975632417,3.1343429957332973,
ENSMUSG00000019146-S,8.60665183639434,9.195641672969982,8.233112370794558,,,8.202824360522701,9.00075669167873,8.981126772828192,8.780955313613307,9.37047688998504,9.08266504824978,
ENSMUSG00000019158-S,6.685741501760474,6.677395481765519,6.996382376676788,,,7.321005801361459,7.846131251497474,7.032170105041157,7.614368574473552,7.63517445484748,7.630173566453199,
ENSMUSG00000019188-S,7.0635747178760715,6.880992311441046,6.956897399824481,,,7.043647917329509,7.605302927114931,7.46339897724813,7.321202563641474,7.079180490697137,7.104286995590794,
ENSMUSG00000019820-S,7.011506693136518,7.187733817473825,6.515468225693602,,,6.271853643578646,6.852387466823264,7.3700815034322416,6.995272784976403,7.1040875094739055,7.058236698548599,
ENSMUSG00000019843-S,7.341778116651056,7.499459336626558,7.408592268494638,,,7.355010033773451,7.030251102254848,7.016858581189317,7.244163990190065,7.478908130090192,7.405845714617354,
ENSMUSG00000019872-S,4.6945318867907435,4.293934962094727,4.188661827798793,,,4.918251951624434,5.342964297448219,4.441386177064962,4.976839260629534,5.017781038509307,4.925710727711269,
ENSMUSG00000019951-S,7.309798305172879,6.955013826017562,7.423153272810813,,,7.48353750138407,7.541509315862912,7.749361233914122,7.537530452393503,8.098834701827712,7.960692661249173,
ENSMUSG00000019984-S,4.319521475349487,4.045535688217926,4.438449685700989,,,4.498895059411287,4.715269056070795,5.151543247134289,5.412029193242214,5.182749538479859,5.0811702465615625,
ENSMUSG00000020014-S,1.127908297400936,2.0365428043664457,3.1302528173062325,,,1.8247124464825184,2.5978233785255886,2.9834669963003715,2.2313720798832146,3.3811519668481234,1.448400923237856,
ENSMUSG00000020015-S,7.719859246604294,7.783006495476418,7.814158594934983,,,7.921987135864425,8.0340240546152,8.239482231944343,8.085964291996227,8.957305272754633,8.477032041270606,
ENSMUSG00000020111-S,6.998190673744029,7.379141389391469,6.7179991885380685,,,7.015575394518521,7.759060219533568,7.830420841231313,7.641325253404316,7.352958238804919,7.525753503230751,
ENSMUSG00000020142-S,5.597431727078145,5.930355012261218,6.2309672640563925,,,6.173650968882752,6.6853348025998125,5.849311962763751,6.22720336594662,6.5963441030053165,6.251981243359341,
ENSMUSG00000020163-S,8.064574245374011,8.203171583877038,8.043510122120313,,,8.411110908697623,8.892415181237578,8.89581314295076,8.722198275237206,8.524905965469664,8.654654095822462,
ENSMUSG00000020178-S,9.199135400034775,9.149096327795586,8.433401620010368,,,8.024148570701053,8.72159082948675,9.832234567985136,9.320687921060436,9.085818586770124,8.747539742637333,
ENSMUSG00000020189-S,7.433672241306105,7.197931968217582,6.895566649438642,,,6.942907026196637,6.8938508744117195,7.847831899085803,6.920217281422865,7.2599753667222675,6.91054947886507,
ENSMUSG00000020193-S,1.7531052066154809,0.0,0.8966708824695038,,,1.1834433053749518,1.8183855359868224,1.9120895180850064,0.9440719876953962,1.3616795639125414,0.8988096753164998,
ENSMUSG00000020218-S,0.0,1.0244644241439549,1.4454776237320806,,,2.8789038053543625,0.8814983508565049,1.252033481761931,1.5098994093134157,0.0,0.0,
ENSMUSG00000020220-S,6.022645101427404,5.571045223435882,5.938369101609992,,,5.894196201735932,6.198430098217759,6.043150718593695,6.456993132112383,6.524358760451273,6.546962151410839,
ENSMUSG00000020238-S,6.148518825008268,6.156353685370624,5.766314813340103,,,5.336520529995646,6.914144099027086,7.190671569773879,6.655161433313774,6.0646534614533305,6.30025972028762,
ENSMUSG00000020261-S,6.412181562061996,6.2958204626854135,6.729760954535108,,,6.69996438414535,7.048725271189362,6.482738823713279,7.18126500093293,6.823286861286245,7.058236698548599,
ENSMUSG00000020381-S,3.9283702031886953,3.952227049760956,3.6091572619433543,,,3.77734814607362,4.715269056070795,3.7480232874605903,4.796731486939921,4.61751168452487,4.605389347702585,
ENSMUSG00000020589-S,7.6363677090309725,7.9908414350102195,7.693220728155924,,,7.693009326823929,7.9869018007048735,7.856459260243859,7.968475257729135,8.244100017492984,7.94559402724571,
ENSMUSG00000020605-S,2.792247919928092,4.045535688217926,3.886378258490339,,,4.131372643555347,4.760802042391417,5.034774158225798,4.590887770328477,4.420074324097543,3.8906832365505664,
ENSMUSG00000020610-S,6.148518825008268,6.113897766977886,6.214319396121361,,,6.271853643578646,6.562149768463643,6.482738823713279,6.587469161908324,6.2546017452825815,6.31600007884439,
ENSMUSG00000020623-S,3.216907381183005,2.0365428043664457,2.625408260291476,,,2.60519275062505,3.3596848186603263,3.215773920361264,3.701700061705504,2.8638130617722606,2.629277784575916,
ENSMUSG00000020635-S,4.6945318867907435,4.631493946766409,5.183183166298148,,,4.856288740733605,6.022675466681505,4.245115061327776,5.246333454911168,5.53994705005325,6.002488074136208,
ENSMUSG00000020642-S,6.546315595935331,6.587166567872407,6.387662860238232,,,5.696196373423662,6.309844709350904,6.548105525749144,6.757267392522311,6.79297151003074,6.698756206097152,
ENSMUSG00000020672-S,3.216907381183005,2.3608744879735837,2.9807782637889133,,,2.8789038053543625,2.1273528570580367,2.706436814589186,1.9152733459730824,3.9192043340289806,3.711866848994471,
ENSMUSG00000020695-S,2.1878468093344487,1.0244644241439549,2.1528517044067006,,,2.8789038053543625,2.952016909406638,2.706436814589186,1.9152733459730824,1.3616795639125414,2.412140613208748,
ENSMUSG00000020708-S,8.740623916535052,8.93411639669101,8.628220639511456,,,8.741861799706866,9.737070048570615,9.515612696628928,9.46912568330678,9.199968809728514,9.45914558597579,
ENSMUSG00000020718-S,1.7531052066154809,2.3608744879735837,2.9807782637889133,,,0.0,1.8183855359868224,1.9120895180850064,1.9152733459730824,1.7462107371414175,3.2698215982021024,
ENSMUSG00000020720-S,6.901369624866195,6.490915856541785,6.431534750486238,,,6.646050218308121,7.245738009269198,6.8712102830196145,6.90916906128368,6.862741168128958,7.192199424249157,
ENSMUSG00000020723-S,8.553021115822684,8.602982849279721,7.88949529406261,,,7.921987135864425,8.14550611679669,9.141498548989532,8.620876445310449,8.409755104172316,8.670046052446777,
ENSMUSG00000020806-S,0.0,0.0,0.0,,,0.0,0.8814983508565049,0.0,1.9152733459730824,0.0,0.8988096753164998,
ENSMUSG00000020811-S,7.076303311165018,7.081579628453096,6.542394903744575,,,6.682215923708494,7.803252511033307,7.830420841231313,7.738151107705284,7.339037475572721,7.250698450523294,
ENSMUSG00000020823-S,8.266893752244872,8.087258457902077,8.06688089703158,,,7.803852434002517,8.617150662369772,8.787198347811973,8.780955313613307,8.88728883186326,8.804440580103861,
ENSMUSG00000020941-S,1.7531052066154809,1.6174904035785849,3.1302528173062325,,,2.267100056198125,2.5978233785255886,1.9120895180850064,2.2313720798832146,3.5836265212987755,2.817968824125128,
ENSMUSG00000020953-S,6.350644446931225,5.829012826775243,5.0393709389050985,,,4.856288740733605,5.663770770431704,6.437455412376871,6.077338407715166,6.194022497820422,6.30025972028762,
ENSMUSG00000021115-S,6.1724273821695075,5.829012826775243,5.876228291829624,,,4.577807992608698,5.98480093952982,6.437455412376871,5.7947564475811975,6.114536094684639,5.676452613866228,
ENSMUSG00000021124-S,8.93484559728034,9.240732151931862,8.336729975454741,,,8.458801226136467,9.43043438504707,9.762798782780097,9.391862987024629,9.30753384472301,9.388327075254995,
ENSMUSG00000021130-S,6.308111331133143,6.3333112728776,6.295701694911521,,,6.148019091837476,6.74319510892481,6.292396412187517,6.732410362230863,6.61956257221264,6.9208798188018585,
ENSMUSG00000021265-S,2.5214694711790284,3.7452856327273945,2.8140077179681233,,,3.636988544242049,4.6196509752931405,3.7480232874605903,4.747957996456652,4.061639545947828,4.259654139385937,
ENSMUSG00000021266-S,5.996096692001416,5.8550235361182015,5.833262452685216,,,6.0953473268600815,6.6002220815138015,6.390704454364174,6.472087015299897,6.354855059178326,6.520034541689481,
ENSMUSG00000021285-S,6.124207365339061,5.775540810837221,6.4600585978304865,,,5.924706889608704,6.398939953807072,6.50485843792916,6.516443683268365,5.700990592947135,6.3469747791089315,
ENSMUSG00000021376-S,4.481395701641587,4.293934962094727,3.2656842343095707,,,4.131372643555347,3.236167561083,4.90771502599764,4.414603722801029,3.145548524333338,4.193025736535522,
ENSMUSG00000021379-S,8.353100739493271,8.423416609425274,8.089879107027466,,,8.079434536728375,8.106357634669235,8.857647041549027,8.304087789276364,8.860740181499926,7.985511125959031,
ENSMUSG00000021451-S,5.884730060308097,5.539313296677603,5.183183166298148,,,5.765260051579519,6.113227516804359,6.073068506804958,5.348015979617434,6.178471709924905,6.3469747791089315,
ENSMUSG00000021461-S,4.231221059285832,3.6295017433582815,3.503498654563891,,,3.4814869927558276,3.937239890567626,4.135963911216731,4.283849055635033,4.4720239969047695,3.8906832365505664,
ENSMUSG00000021481-S,4.991899588549008,4.631493946766409,5.183183166298148,,,4.498895059411287,4.847771117424166,5.360058715819535,5.018559887162254,5.490428007609252,5.153038368397865,
ENSMUSG00000021500-S,7.220881987378875,6.990647436365343,6.87452966637938,,,6.802100549969229,6.8938508744117195,7.295905682352898,7.172051316721231,7.079180490697137,7.368594868706382,
ENSMUSG00000021536-S,6.412181562061996,6.237691695986564,6.956897399824481,,,6.682215923708494,7.6901250537000285,6.266735830991656,6.9528631890753365,7.168477634537367,7.4984233134223235,
ENSMUSG00000021606-S,8.28893321670433,7.955212675631297,7.985825476341329,,,8.132679832688536,8.63865231559225,8.84035474531754,8.70632975639338,8.64291749681943,8.875207565951102,
ENSMUSG00000021662-S,4.991899588549008,5.439701828856735,5.001060685730714,,,4.415414689294443,4.92979423239614,3.8892486258592904,4.747957996456652,4.251959975632417,4.44285378614437,
ENSMUSG00000021704-S,5.487370989830314,4.80164013442276,4.600962596990739,,,4.23239580385111,4.847771117424166,5.625326433022477,4.6974777412786635,5.385979276735687,4.88407967019736,
ENSMUSG00000021721-S,2.792247919928092,3.2131345784895036,3.389486084443645,,,2.267100056198125,4.6196509752931405,1.9120895180850064,2.4905071181678275,3.842340840334267,3.711866848994471,
ENSMUSG00000021806-S,3.216907381183005,2.3608744879735837,2.625408260291476,,,0.0,1.424693889909158,0.0,0.0,1.3616795639125414,1.448400923237856,
ENSMUSG00000021991-S,7.7910813423838015,7.655606507832578,7.254278622847229,,,7.4524630814971715,7.447176311096968,8.144050809848254,7.846366850674821,8.018138854263936,7.679679725824699,
ENSMUSG00000022003-S,4.319521475349487,3.365669685238544,4.438449685700989,,,4.977663099863604,4.287644323036166,4.53033944780547,4.062395079675458,5.151230510377745,4.49909163489714,
ENSMUSG00000022075-S,7.6363677090309725,7.379141389391469,7.153090286330054,,,7.098205527503011,7.775791363997651,8.05690668396515,7.621155111466467,7.781313380436211,7.667461536357399,
ENSMUSG00000022103-S,6.718589827826161,6.816267417077142,7.286490091411471,,,6.068272311681,7.770235847261892,5.542207775347679,6.852622046624862,7.534936357955543,7.376122381700315,
ENSMUSG00000022131-S,4.481395701641587,4.293934962094727,4.379939189629966,,,2.60519275062505,4.0144604561828565,3.215773920361264,2.900655540153005,4.706943200969149,4.655738528595867,
ENSMUSG00000022178-S,0.0,2.625509064456788,1.4454776237320806,,,0.0,2.5978233785255886,1.9120895180850064,0.9440719876953962,2.0495205232084777,0.8988096753164998,
ENSMUSG00000022185-S,8.233190111500102,8.333770183365449,8.228974545015495,,,8.126130650560755,8.24898807416764,8.39561921920502,8.654344757804468,7.728898199242424,8.13053048794819,
ENSMUSG00000022194-S,5.144743080073491,3.952227049760956,4.879619554606472,,,2.267100056198125,4.157508899183894,4.135963911216731,4.475789898725806,5.08604823626242,4.193025736535522,
ENSMUSG00000022195-S,5.632328685628324,4.95382015242631,5.811289959023757,,,5.142491589862,5.822500369288781,5.31068661896662,5.281030051291837,6.012984124523574,5.6518564477232065,
ENSMUSG00000022257-S,6.828004090734416,6.96698975467689,6.9767749665845695,,,7.321005801361459,7.938188287770258,7.062314100234277,7.600698970006061,7.541029497835284,7.940525829254947,
ENSMUSG00000022299-S,5.044667206815635,4.747124296715516,5.375141946360958,,,4.131372643555347,5.184918256544655,5.31068661896662,5.1369371387826135,4.982396556311253,5.3184511329259045,
ENSMUSG00000022307-S,6.915605422251947,6.60260206839698,7.090610897133725,,,7.213902372146604,7.346240965187321,6.366748305021206,6.9742238159622385,6.929291796751583,7.398472094560097,
ENSMUSG00000022339-S,5.795173714325238,5.539313296677603,5.34487053258863,,,5.507520951718684,5.401633731870477,5.6651563310553525,5.348015979617434,5.465016164281359,5.549050874813313,
ENSMUSG00000022365-S,5.632328685628324,6.001947425956616,6.214319396121361,,,6.121923572062239,6.754493829006852,5.981386985200087,6.394987058664444,6.803147571105655,7.020307954874572,
ENSMUSG00000022436-S,5.2383249933398455,4.133174301385899,4.318955043669765,,,3.905254781686303,4.715269056070795,3.4158104165687497,4.213741325458526,4.831483685753933,4.925710727711269,
ENSMUSG00000022439-S,2.792247919928092,3.6295017433582815,2.1528517044067006,,,2.267100056198125,3.4734560020283936,1.9120895180850064,3.068947160363723,2.3000078836598825,3.2698215982021024,
ENSMUSG00000022474-S,7.491836270832109,7.431939453582375,7.229639090569199,,,7.26248800542526,8.37145765000842,7.948103651743747,8.349748830615894,7.846724635956198,7.878276650259446,
ENSMUSG00000022577-S,7.076303311165018,7.816486338650847,7.74629723480123,,,7.728030749141865,8.407691128104329,8.278524960093193,7.880707138134236,7.152647517162606,7.306917578934916,
ENSMUSG00000022587-S,7.6363677090309725,7.796491808972272,8.203895225385033,,,7.553542906596433,8.85616382490165,7.393982823876659,8.620876445310449,8.29906312385469,8.654654095822462,
ENSMUSG00000022619-S,8.562099164698283,8.544243751202108,8.686717070042196,,,8.715927860063292,9.11034868275022,8.654975259469571,9.169167049357618,8.50009941203062,8.982662109798124,
ENSMUSG00000022751-S,4.231221059285832,4.505782068917277,2.9807782637889133,,,1.8247124464825184,2.7857626338523107,2.9834669963003715,4.14005191965989,4.420074324097543,4.259654139385937,
ENSMUSG00000022752-S,8.602257975144772,8.816595786981376,8.40066628232266,,,8.489740877486494,8.641697986757162,9.326745865086828,8.762657680998547,8.984387319727459,8.801648212394346,
ENSMUSG00000022774-S,5.326204625707964,6.135281895697043,6.163191151692783,,,5.9545856661806,5.68754393293477,6.012599350318927,6.057461417157606,6.548755149390798,6.021812750623437,
ENSMUSG00000022840-S,9.782308774096528,9.650230281299182,9.1780279566474,,,8.985643948802585,9.367439308827246,10.28465711293206,9.898627592123994,10.183242030256938,9.92845528085243,
ENSMUSG00000022844-S,2.1878468093344487,2.625509064456788,2.1528517044067006,,,1.1834433053749518,3.236167561083,2.9834669963003715,2.710107810154817,3.145548524333338,3.2698215982021024,
ENSMUSG00000022864-S,4.626925670761378,4.045535688217926,4.600962596990739,,,4.326805502244239,4.847771117424166,5.542207775347679,4.645166924187268,5.1190074663172975,5.043847468583399,
ENSMUSG00000022865-S,4.402727738483788,4.570006841743199,3.6091572619433543,,,4.326805502244239,3.578907283604972,3.215773920361264,3.701700061705504,4.310202091370707,4.12317059208696,
ENSMUSG00000022956-S,8.941817786290859,8.759213455441015,8.797041874848823,,,8.911412323610957,9.668543940661408,9.360496543494746,9.515394649435596,9.456804703991178,9.397603019302124,
ENSMUSG00000022995-S,8.52079040874048,8.319829507495783,8.628220639511456,,,8.525017994954839,8.393306752546733,8.669735740049946,8.530041129795213,8.596864679233656,8.455875537343893,
ENSMUSG00000023055-S,6.685741501760474,7.351999631188483,6.946854961041576,,,6.363795662782939,7.567366235659031,8.199353456425232,7.441108447197128,7.472546301611154,7.266985842967838,
ENSMUSG00000023206-S,2.1878468093344487,2.0365428043664457,1.4454776237320806,,,1.1834433053749518,1.424693889909158,2.363257137421632,1.5098994093134157,2.0495205232084777,3.393662872112152,
ENSMUSG00000023249-S,1.7531052066154809,3.5036083467238193,2.9807782637889133,,,2.8789038053543625,3.677173021775615,4.01787370251873,2.900655540153005,2.8638130617722606,2.412140613208748,
ENSMUSG00000023411-S,2.1878468093344487,2.0365428043664457,2.1528517044067006,,,1.1834433053749518,2.5978233785255886,1.252033481761931,0.9440719876953962,0.8358601519897243,0.0,
ENSMUSG00000023800-S,6.241863885677287,6.440270188844614,5.997943499259186,,,5.2904044713803815,6.482851590077713,6.650870318010111,6.441739661332237,6.891639571326619,6.698756206097152,
ENSMUSG00000023919-S,2.792247919928092,2.0365428043664457,3.1302528173062325,,,3.307176954881424,0.0,2.363257137421632,2.2313720798832146,3.6751174087359417,2.15643154456857,
ENSMUSG00000023921-S,5.561669687029291,5.802524540324048,5.917951457070484,,,5.660383804576781,6.003862487740904,5.949484387425713,6.22720336594662,5.587822654982696,5.859442372746998,
ENSMUSG00000023972-S,3.5445780000758984,3.2131345784895036,1.8420916757217696,,,1.8247124464825184,2.5978233785255886,3.215773920361264,2.710107810154817,3.5836265212987755,1.8454221841165777,
ENSMUSG00000024030-S,6.148518825008268,6.0250432611142175,6.09207336471098,,,6.173650968882752,6.309844709350904,6.214003453837115,6.11628920993161,6.61956257221264,6.674540549076575,
ENSMUSG00000024052-S,5.913387981082212,6.237691695986564,6.279788357668961,,,6.198835391211512,6.340158605984437,6.159270276796894,6.313532969080742,5.8654048404337775,6.0597024682529055,
ENSMUSG00000024077-S,7.7755552862918655,7.769393940312822,7.072251126787723,,,7.399137084945248,7.495113691138606,8.541854959572834,7.712959608523683,8.078032681219085,7.756671190986539,
ENSMUSG00000024122-S,8.553021115822684,8.352150648702244,8.344400630865401,,,8.171362605254824,9.00075669167873,8.791703623868505,8.555064819533833,8.882498001331564,8.597842358584987,
ENSMUSG00000024151-S,5.597431727078145,5.50686770305853,5.433843413489333,,,5.983858176426806,6.130675342801464,5.6651563310553525,5.996132495470622,5.941080722734081,5.982901028228473,
ENSMUSG00000024220-S,7.64493767788677,7.816486338650847,7.956094522844994,,,7.250494129819573,7.948063466849257,8.265627760694585,8.295628252453374,7.880755019559611,8.03390280369828,
ENSMUSG00000024277-S,8.444298712452293,8.524120298763671,8.554081208348643,,,8.269715974823303,8.480942369935555,8.698811231658242,8.463627753535794,8.376067312089841,8.325867506704487,
ENSMUSG00000024346-S,6.98475060212173,7.342837708011048,7.356439301023614,,,7.553542906596433,7.567366235659031,7.643673909682771,7.725610342323806,7.310786380567531,7.477580449392421,
ENSMUSG00000024349-S,3.0201464606670347,2.625509064456788,1.8420916757217696,,,3.1088743174978104,3.3596848186603263,3.5914582317488906,2.2313720798832146,3.145548524333338,2.817968824125128,
ENSMUSG00000024424-S,3.9283702031886953,2.625509064456788,4.494679407108428,,,4.977663099863604,4.6682520354957875,3.7480232874605903,4.283849055635033,3.6751174087359417,3.9724131580259057,
ENSMUSG00000024426-S,5.632328685628324,5.404908680090168,5.544532934760537,,,5.8311680533724175,6.469200881007631,6.073068506804958,6.22720336594662,5.8458489418377955,5.6518564477232065,
ENSMUSG00000024436-S,1.127908297400936,1.0244644241439549,2.625408260291476,,,0.0,0.8814983508565049,1.252033481761931,0.9440719876953962,0.0,1.8454221841165777,
ENSMUSG00000024457-S,4.880195605043884,4.293934962094727,3.9680910132919567,,,5.193499550623225,4.407006245450018,4.346585755776222,4.590887770328477,4.310202091370707,4.7514535167859515,
ENSMUSG00000024556-S,5.66640142861484,5.295192236250544,4.7470084774202475,,,4.131372643555347,4.92979423239614,5.542207775347679,5.932080288152712,4.982396556311253,5.3184511329259045,
ENSMUSG00000024563-S,3.39002549525068,5.332699165065053,5.076690137323771,,,4.577807992608698,5.044697112081977,4.972642913292944,4.93387611367644,4.982396556311253,4.605389347702585,
ENSMUSG00000024583-S,6.432124145872649,6.632986296044445,6.4600585978304865,,,6.7174971486483495,7.213350603598958,6.590093854837631,6.587469161908324,6.803147571105655,7.131227738448319,
ENSMUSG00000024598-S,3.216907381183005,2.0365428043664457,1.8420916757217696,,,1.1834433053749518,1.424693889909158,1.9120895180850064,1.5098994093134157,2.5133708470354534,2.9848109526219546,
ENSMUSG00000024614-S,6.391959440402942,6.720478383619671,6.247425214658924,,,6.271853643578646,6.164950438402501,6.414269297406943,6.22720336594662,5.977480332232857,6.3469747791089315,
ENSMUSG00000024647-S,5.192292689724378,5.748042750713369,6.528994384255339,,,6.121923572062239,6.355079994361663,4.6141251428220995,6.330195854400267,6.708870898340294,6.710713298215515,
ENSMUSG00000024683-S,6.451794814887973,6.539843745101346,6.180436013749005,,,6.121923572062239,6.809697038963033,6.969924155759229,7.026281383317203,6.536608523052639,6.710713298215515,
ENSMUSG00000024764-S,5.66640142861484,5.662256661610338,5.0393709389050985,,,4.326805502244239,5.044697112081977,5.703916084390923,5.841998406373932,5.679056051471869,5.466834248092573,
ENSMUSG00000024766-S,3.5445780000758984,3.952227049760956,1.8420916757217696,,,3.4814869927558276,3.1010766827490013,4.135963911216731,2.2313720798832146,2.5133708470354534,3.711866848994471,
ENSMUSG00000024776-S,4.137161815227484,3.2131345784895036,3.389486084443645,,,3.77734814607362,3.677173021775615,3.4158104165687497,4.213741325458526,3.5836265212987755,3.711866848994471,
ENSMUSG00000024855-S,5.632328685628324,5.954616044547651,6.055155089078425,,,5.924706889608704,6.637315455590168,6.590093854837631,6.296675379241278,5.977480332232857,6.078280581178634,
ENSMUSG00000024867-S,3.6841640601517023,3.952227049760956,4.699950300997299,,,4.977663099863604,2.952016909406638,3.4158104165687497,2.710107810154817,4.061639545947828,4.12317059208696,
ENSMUSG00000024871-S,0.0,1.6174904035785849,1.4454776237320806,,,2.8789038053543625,2.381681604991121,3.5914582317488906,3.480712338875618,2.3000078836598825,0.8988096753164998,
ENSMUSG00000024875-S,5.825647719890496,5.217119904422442,5.433843413489333,,,5.336520529995646,5.564555649271768,5.625326433022477,5.64297293652291,5.805923468176708,5.466834248092573,
ENSMUSG00000024924-S,7.362710833218487,7.257651839655691,6.996382376676788,,,7.137811061821478,6.7087581165546215,7.257336801547574,7.3044348750523405,7.317901187531614,7.183645365909092,
ENSMUSG00000024948-S,5.282933838311504,4.570006841743199,5.517646505569963,,,4.577807992608698,5.312709918582393,4.90771502599764,5.5321172659835725,5.330775133617914,5.286851112344599,
ENSMUSG00000024966-S,7.520061926104328,7.823090073040795,7.8030677287284895,,,8.126130650560755,8.75291245640743,8.63505672455964,8.448444638467935,7.791571712518866,8.019554968001971,
ENSMUSG00000025066-S,8.373870986292452,8.470446553702828,8.436993449706737,,,8.281551758428114,8.375122223455564,8.547193857064201,8.40191235003392,8.056926325633546,8.245954056753957,
ENSMUSG00000025147-S,4.93712844409818,4.747124296715516,4.961705301245247,,,4.23239580385111,6.095566092470916,4.6141251428220995,5.21078180451625,5.273374291794299,5.575447185555685,
ENSMUSG00000025198-S,4.402727738483788,4.133174301385899,3.1302528173062325,,,4.022739200867584,3.769170314971537,5.094339764822258,4.213741325458526,4.831483685753933,4.797030438558475,
ENSMUSG00000025231-S,3.9283702031886953,4.215792685306175,4.318955043669765,,,4.022739200867584,4.92979423239614,5.151543247134289,4.414603722801029,4.310202091370707,4.3843344898943,
ENSMUSG00000025266-S,7.12612353740425,7.523986251874799,7.699215470376685,,,7.779018681628212,7.952975823343952,7.204253336934808,7.89757554365288,7.841796956667938,7.667461536357399,
ENSMUSG00000025401-S,2.5214694711790284,2.625509064456788,0.8966708824695038,,,0.0,1.424693889909158,3.7480232874605903,0.0,2.3000078836598825,0.8988096753164998,
ENSMUSG00000025410-S,7.916712866056515,7.881201629101646,8.052903911776706,,,7.9444960956975645,8.964728707890979,8.38968765491276,8.448444638467935,8.478038172701433,8.568574907843521,
ENSMUSG00000025425-S,4.991899588549008,5.217119904422442,5.766314813340103,,,5.3812080253052255,6.661524907217687,4.768375462585618,6.11628920993161,5.7855385985333285,6.132621229324472,
ENSMUSG00000025468-S,8.63273763844024,8.931062858979526,8.418944203087948,,,8.499908381232462,8.996004627592074,9.02004477263027,9.169167049357618,8.436150183475997,8.821082230966441,
ENSMUSG00000025475-S,5.7322238417293825,6.422985351034511,6.342414884289923,,,6.385893945030639,6.077685775124264,5.151543247134289,6.456993132112383,5.412808901682653,6.4216212782822835,
ENSMUSG00000025481-S,1.127908297400936,0.0,0.8966708824695038,,,1.8247124464825184,1.8183855359868224,0.0,2.2313720798832146,0.8358601519897243,0.0,
ENSMUSG00000025485-S,5.095572718780858,5.00117722833536,5.462322099446743,,,4.918251951624434,6.095566092470916,5.407796954309,5.887742322191545,5.805923468176708,5.494763636635576,
ENSMUSG00000025613-S,8.005905074107716,8.262679360746121,8.352030717823753,,,8.139199418797334,8.566766311613467,8.525718689430528,8.793026067381968,8.63724064982954,8.383025497311293,
ENSMUSG00000025665-S,0.0,1.6174904035785849,1.4454776237320806,,,2.60519275062505,1.8183855359868224,3.215773920361264,2.710107810154817,3.0115472012359445,1.448400923237856,
ENSMUSG00000025738-S,10.26754493564018,10.279702386854716,10.096161189364846,,,9.520563683151195,10.099106141457082,10.446261290939225,10.203393777130598,10.718237763766014,10.622205749676796,
ENSMUSG00000025873-S,5.561669687029291,6.001947425956616,6.180436013749005,,,6.247922513616003,5.885521873236442,5.542207775347679,6.077338407715166,6.0646534614533305,5.7244215983780675,
ENSMUSG00000025894-S,4.880195605043884,4.631493946766409,3.9680910132919567,,,5.089613881671589,4.34855936407696,5.094339764822258,4.843909861384497,4.90891249893456,4.7514535167859515,
ENSMUSG00000025934-S,1.7531052066154809,0.0,0.8966708824695038,,,1.1834433053749518,1.8183855359868224,2.363257137421632,0.9440719876953962,0.8358601519897243,1.448400923237856,
ENSMUSG00000025937-S,3.811428095751732,2.849043379169408,2.625408260291476,,,3.1088743174978104,3.937239890567626,3.215773920361264,3.480712338875618,3.6751174087359417,3.50770887389526,
ENSMUSG00000025938-S,3.216907381183005,2.3608744879735837,3.389486084443645,,,2.267100056198125,2.952016909406638,2.706436814589186,1.5098994093134157,3.268154397447143,2.629277784575916,
ENSMUSG00000025997-S,3.216907381183005,4.690467266763643,3.7076029991272086,,,3.77734814607362,3.677173021775615,4.245115061327776,4.590887770328477,3.9921790295597224,3.393662872112152,
ENSMUSG00000026029-S,2.792247919928092,2.0365428043664457,2.625408260291476,,,1.1834433053749518,2.381681604991121,2.9834669963003715,2.2313720798832146,3.0115472012359445,3.393662872112152,
ENSMUSG00000026087-S,6.872469555224101,6.507410213928654,6.19747717651291,,,6.407658840081284,7.221515872742431,7.077153152973872,6.93118153642252,7.062333668421332,7.250698450523294,
ENSMUSG00000026135-S,4.626925670761378,5.0914684164966,4.548799514711809,,,4.326805502244239,5.21794295537928,5.849311962763751,4.843909861384497,4.706943200969149,5.254543412253529,
ENSMUSG00000026259-S,9.698342806842817,9.5661251947061,9.342179552303334,,,9.00718854391309,10.143829664636836,10.245782234432896,9.831452368681845,10.074023007485462,10.182468519508088,
ENSMUSG00000026277-S,6.308111331133143,6.113897766977886,5.997943499259186,,,5.9545856661806,6.562149768463643,6.482738823713279,6.346668481553069,6.698005053282052,6.649911482955152,
ENSMUSG00000026317-S,4.820923400611872,4.904855646645649,5.596847743186798,,,5.242765488435826,5.458010225017755,5.883481449087959,5.841998406373932,5.634160412238118,5.494763636635576,
ENSMUSG00000026355-S,2.792247919928092,2.849043379169408,2.625408260291476,,,3.307176954881424,2.5978233785255886,2.363257137421632,2.710107810154817,3.268154397447143,2.412140613208748,
ENSMUSG00000026360-S,9.01966588353237,9.46207886762114,8.774506366847845,,,8.685070354306331,8.710030415785386,9.892201697592313,9.258932258442442,9.586187994188217,9.08266504824978,
ENSMUSG00000026433-S,1.7531052066154809,2.0365428043664457,2.9807782637889133,,,3.636988544242049,3.578907283604972,2.9834669963003715,1.9152733459730824,2.6992065503008127,2.817968824125128,
ENSMUSG00000026483-S,1.127908297400936,1.0244644241439549,0.8966708824695038,,,0.0,0.8814983508565049,1.252033481761931,1.5098994093134157,1.7462107371414175,2.9848109526219546,
ENSMUSG00000026634-S,6.797580346192501,6.775991154082753,6.48802941030017,,,6.341353620828216,6.983003409617319,6.836745406770029,6.8293677037134595,6.843148883285012,7.104286995590794,
ENSMUSG00000026659-S,4.626925670761378,3.8524636464395727,4.318955043669765,,,2.8789038053543625,4.287644323036166,4.346585755776222,3.480712338875618,4.1912673292218585,4.7514535167859515,
ENSMUSG00000026712-S,1.127908297400936,1.6174904035785849,3.1302528173062325,,,1.8247124464825184,2.381681604991121,0.0,0.0,0.8358601519897243,2.629277784575916,
ENSMUSG00000026781-S,6.600191559769663,6.587166567872407,6.729760954535108,,,6.450227673240915,6.661524907217687,6.548105525749144,6.4107402035406755,6.209407449962355,6.114734141359767,
ENSMUSG00000026782-S,8.906614926632448,8.599140444558055,8.557385138910213,,,8.489740877486494,8.755726443918206,9.02004477263027,8.762657680998547,9.20573364815201,8.929935032884021,
ENSMUSG00000026787-S,8.27243526314072,8.21326156830937,7.91547548389164,,,8.763122893662247,8.216674370176166,9.162523142016486,8.620876445310449,8.712055241209132,8.165703111035096,
ENSMUSG00000026806-S,3.0201464606670347,3.365669685238544,2.4083924121471316,,,1.8247124464825184,2.952016909406638,3.4158104165687497,3.5954333501320948,4.1912673292218585,2.412140613208748,
ENSMUSG00000026918-S,7.232300870015362,7.361103737985278,7.644344355334717,,,7.6203079931577005,7.508522529016957,7.5187987319006195,7.579948601649216,7.373590722371684,7.667461536357399,
ENSMUSG00000026970-S,7.373064386484239,7.081579628453096,6.831512447380951,,,5.9545856661806,6.8938508744117195,7.3700815034322416,7.0666159019821055,7.691040520996306,7.420480848994512,
ENSMUSG00000026988-S,3.811428095751732,2.625509064456788,4.318955043669765,,,1.1834433053749518,4.287644323036166,3.7480232874605903,3.893290717484193,3.9921790295597224,4.12317059208696,
ENSMUSG00000027009-S,2.5214694711790284,2.3608744879735837,3.503498654563891,,,1.1834433053749518,2.952016909406638,0.0,2.2313720798832146,2.6992065503008127,3.393662872112152,
ENSMUSG00000027160-S,6.546315595935331,6.720478383619671,6.542394903744575,,,6.198835391211512,6.625056661123682,6.81919921693808,6.441739661332237,6.0646534614533305,6.746001226529983,
ENSMUSG00000027185-S,4.6945318867907435,4.368061320271338,4.548799514711809,,,3.636988544242049,3.855651169204714,5.31068661896662,4.747957996456652,4.310202091370707,3.8906832365505664,
ENSMUSG00000027187-S,4.991899588549008,5.602094204166059,5.113068266171491,,,4.918251951624434,5.401633731870477,5.814313516643948,5.348015979617434,5.700990592947135,5.6518564477232065,
ENSMUSG00000027298-S,8.261330873846934,8.893907223268604,8.554081208348643,,,8.065810395356001,9.242608566668013,9.196897261387647,9.01795671895708,9.106509444899702,8.929935032884021,
ENSMUSG00000027301-S,0.0,1.6174904035785849,2.1528517044067006,,,7.6203079931577005,0.0,1.9120895180850064,0.0,0.0,0.8988096753164998,
ENSMUSG00000027357-S,3.39002549525068,4.570006841743199,3.7997580332578047,,,3.307176954881424,3.855651169204714,4.135963911216731,3.219642216040465,3.3811519668481234,3.613396190469504,
ENSMUSG00000027395-S,3.5445780000758984,3.365669685238544,2.8140077179681233,,,1.8247124464825184,3.677173021775615,4.53033944780547,3.3560746442565823,3.9192043340289806,3.2698215982021024,
ENSMUSG00000027405-S,5.69968799294147,5.473675601093939,5.788977638207527,,,5.547281733844252,6.022675466681505,6.214003453837115,6.279618480816357,5.151230510377745,5.575447185555685,
ENSMUSG00000027408-S,0.0,1.6174904035785849,1.8420916757217696,,,2.8789038053543625,0.0,2.363257137421632,2.2313720798832146,1.7462107371414175,2.629277784575916,
ENSMUSG00000027499-S,8.012542940064945,8.198100004762162,8.30563288940884,,,8.316487428109443,8.582701261524587,8.988994813958069,8.124685990139303,8.21008812491938,8.542051392614256,
ENSMUSG00000027534-S,6.9297021193219726,6.2958204626854135,6.501814049839167,,,6.450227673240915,7.221515872742431,7.062314100234277,6.472087015299897,6.687056749257479,6.85775821447956,
ENSMUSG00000027655-S,4.481395701641587,4.215792685306175,4.494679407108428,,,1.8247124464825184,3.578907283604972,3.4158104165687497,4.283849055635033,4.420074324097543,3.50770887389526,
ENSMUSG00000027710-S,3.216907381183005,2.3608744879735837,2.1528517044067006,,,2.60519275062505,0.8814983508565049,3.8892486258592904,0.0,1.7462107371414175,3.50770887389526,
ENSMUSG00000027716-S,4.137161815227484,3.952227049760956,4.494679407108428,,,4.326805502244239,4.087756923331383,5.454006017166845,4.35070720586557,4.662920305381572,4.323340783761273,
ENSMUSG00000027827-S,7.482303654786242,7.548103151734481,6.996382376676788,,,6.768852151258817,7.323661614550701,8.226229608370241,7.600698970006061,7.6179838946789795,7.470565371011097,
ENSMUSG00000027854-S,6.391959440402942,6.092191900359458,6.342414884289923,,,5.73114144399951,6.509771526849625,6.437455412376871,6.441739661332237,6.354855059178326,5.982901028228473,
ENSMUSG00000027861-S,3.811428095751732,4.368061320271338,2.9807782637889133,,,1.1834433053749518,3.1010766827490013,4.346585755776222,3.480712338875618,4.127908848497372,4.44285378614437,
ENSMUSG00000027882-S,3.5445780000758984,4.293934962094727,3.6091572619433543,,,3.1088743174978104,3.578907283604972,4.53033944780547,3.8006734726731857,4.570627257209177,4.12317059208696,
ENSMUSG00000027896-S,0.0,1.0244644241439549,0.0,,,2.8789038053543625,1.424693889909158,0.0,0.0,0.0,1.8454221841165777,
ENSMUSG00000027905-S,3.9283702031886953,4.293934962094727,3.7997580332578047,,,3.4814869927558276,3.578907283604972,4.839726816948395,4.062395079675458,4.90891249893456,4.797030438558475,
ENSMUSG00000027952-S,5.282933838311504,5.720010371260755,5.811289959023757,,,6.173650968882752,6.427456236515119,5.981386985200087,6.545274813863475,6.48697276002973,6.31600007884439,
ENSMUSG00000028007-S,3.0201464606670347,3.042544284410344,4.318955043669765,,,3.4814869927558276,2.952016909406638,4.441386177064962,2.4905071181678275,3.842340840334267,4.0497601938964145,
ENSMUSG00000028033-S,6.546315595935331,6.490915856541785,6.2309672640563925,,,6.511814634277128,6.924184662375448,6.783453366131838,6.6813733604736765,7.534936357955543,7.104286995590794,
ENSMUSG00000028082-S,2.1878468093344487,3.8524636464395727,2.8140077179681233,,,3.636988544242049,3.4734560020283936,3.215773920361264,3.3560746442565823,2.6992065503008127,3.711866848994471,
ENSMUSG00000028099-S,4.319521475349487,4.045535688217926,4.600962596990739,,,4.131372643555347,5.564555649271768,5.151543247134289,5.018559887162254,5.515399979759172,5.837798306068265,
ENSMUSG00000028295-S,5.487370989830314,4.368061320271338,4.9212461584542915,,,4.918251951624434,4.715269056070795,4.53033944780547,5.174331889531738,4.870717476339724,5.005533443185442,
ENSMUSG00000028345-S,4.231221059285832,4.215792685306175,4.255278822354986,,,4.131372643555347,4.463177213100735,5.741661696638082,4.414603722801029,3.4859383607508043,4.841211501107677,
ENSMUSG00000028423-S,6.527900372487857,7.092553506281382,6.431534750486238,,,6.450227673240915,6.8938508744117195,6.783453366131838,7.096143586799021,6.992907380444878,6.91054947886507,
ENSMUSG00000028445-S,6.718589827826161,7.13563286226961,6.986611981474481,,,6.86638330960924,7.353689562340604,7.149141825818337,7.217542348696336,7.128571815247375,7.076833575124674,
ENSMUSG00000028469-S,5.2383249933398455,5.802524540324048,5.876228291829624,,,4.791544335231516,6.1817873836428054,5.703916084390923,6.057461417157606,5.490428007609252,5.859442372746998,
ENSMUSG00000028532-S,4.231221059285832,4.045535688217926,4.045422674552221,,,4.498895059411287,4.224043439660156,3.5914582317488906,3.8006734726731857,3.6751174087359417,3.50770887389526,
ENSMUSG00000028545-S,4.402727738483788,4.570006841743199,4.600962596990739,,,4.23239580385111,4.517242891238822,2.9834669963003715,3.8006734726731857,4.522167862499306,4.44285378614437,
ENSMUSG00000028622-S,6.509247046123541,6.507410213928654,6.128070433584355,,,6.551458866771867,7.120343410446092,6.414269297406943,6.995272784976403,6.803147571105655,6.734334225216701,
ENSMUSG00000028637-S,4.6945318867907435,5.0914684164966,4.699950300997299,,,3.77734814607362,4.804941818439524,5.31068661896662,4.645166924187268,4.982396556311253,4.655738528595867,
ENSMUSG00000028747-S,1.7531052066154809,2.625509064456788,3.1302528173062325,,,1.1834433053749518,2.5978233785255886,2.363257137421632,1.9152733459730824,2.5133708470354534,3.613396190469504,
ENSMUSG00000028792-S,5.524998582818621,5.176440016318316,5.517646505569963,,,5.242765488435826,5.590006392391629,5.814313516643948,5.473322366074002,4.90891249893456,5.837798306068265,
ENSMUSG00000028847-S,6.842978704651326,6.748501758539187,6.996382376676788,,,6.66424639398753,7.111583172258827,6.836745406770029,7.005683214097696,6.823286861286245,7.175040285994503,
ENSMUSG00000028869-S,6.635022623928105,6.816267417077142,6.87452966637938,,,6.0953473268600815,6.914144099027086,7.393982823876659,7.096143586799021,6.698005053282052,6.9208798188018585,
ENSMUSG00000028932-S,7.64493767788677,7.257651839655691,7.221331503175167,,,7.05748195866336,7.8514025846840925,7.7400669061931024,7.863639166682047,7.6179838946789795,7.86228543553994,
ENSMUSG00000028937-S,9.045787968423651,8.967285553406384,9.309242550883203,,,9.24337066419101,9.884482648719318,9.15204914444942,9.81674710370016,9.122851096306938,9.720951848612934,
ENSMUSG00000028988-S,7.965423438069078,7.563959984480759,8.10350408881448,,,8.215219433822085,8.484339447977817,8.165038510305916,8.515544558121162,8.42959654879906,8.405269343256045,
ENSMUSG00000028992-S,3.216907381183005,2.849043379169408,3.9680910132919567,,,2.267100056198125,2.381681604991121,3.4158104165687497,3.5954333501320948,2.3000078836598825,2.817968824125128,
ENSMUSG00000029009-S,4.036539844336298,4.045535688217926,3.6091572619433543,,,3.905254781686303,4.0144604561828565,3.215773920361264,3.219642216040465,3.6751174087359417,4.193025736535522,
ENSMUSG00000029060-S,6.219087704031037,6.942937651472472,6.775871952798021,,,5.73114144399951,7.253722517199631,7.405786614557456,7.036471223085498,7.0875306993742555,7.1400973366155815,
ENSMUSG00000029147-S,6.998190673744029,6.855449743141464,6.831512447380951,,,6.429100257947972,6.787868570005028,7.2310392039330225,7.402236683761636,6.956899798225038,7.175040285994503,
ENSMUSG00000029165-S,3.6841640601517023,3.952227049760956,2.8140077179681233,,,0.0,3.3596848186603263,4.441386177064962,3.5954333501320948,3.3811519668481234,2.412140613208748,
ENSMUSG00000029211-S,8.192847462682053,8.449259165801712,7.910316739464633,,,7.648002089155828,7.861887819220378,8.71313214864392,7.984353503217218,8.202419785438254,8.052813949210952,
ENSMUSG00000029217-S,0.0,0.0,2.1528517044067006,,,0.0,0.0,0.0,1.9152733459730824,0.8358601519897243,0.8988096753164998,
ENSMUSG00000029307-S,0.0,1.0244644241439549,1.8420916757217696,,,1.1834433053749518,1.424693889909158,0.0,1.5098994093134157,1.7462107371414175,2.629277784575916,
ENSMUSG00000029352-S,2.5214694711790284,1.6174904035785849,2.4083924121471316,,,0.0,2.381681604991121,0.0,1.9152733459730824,0.0,2.15643154456857,
ENSMUSG00000029376-S,2.792247919928092,2.849043379169408,2.1528517044067006,,,3.4814869927558276,2.381681604991121,3.215773920361264,1.5098994093134157,3.0115472012359445,2.817968824125128,
ENSMUSG00000029557-S,4.231221059285832,4.133174301385899,4.548799514711809,,,3.307176954881424,4.224043439660156,4.245115061327776,4.534486340402758,4.522167862499306,5.005533443185442,
ENSMUSG00000029716-S,2.1878468093344487,1.6174904035785849,1.4454776237320806,,,1.1834433053749518,1.424693889909158,2.363257137421632,2.4905071181678275,2.3000078836598825,2.412140613208748,
ENSMUSG00000029755-S,3.6841640601517023,3.6295017433582815,3.7997580332578047,,,3.307176954881424,3.1010766827490013,4.01787370251873,3.980319160809084,4.522167862499306,3.393662872112152,
ENSMUSG00000029763-S,7.362710833218487,7.379141389391469,7.254278622847229,,,7.111528545945102,7.4815790574248435,7.71181916702903,7.828885237772431,7.806823727235602,7.785222622962106,
ENSMUSG00000029775-S,6.718589827826161,6.720478383619671,6.568828212471299,,,6.91278284573583,7.368472369277754,7.204253336934808,7.208558172818519,6.8132523576936626,6.846964129705442,
ENSMUSG00000029823-S,8.120950495535423,7.996694946622253,8.043510122120313,,,7.399137084945248,7.50183368823888,7.89883874961675,8.010434967726313,7.497827005865808,7.745090504803654,
ENSMUSG00000029922-S,7.574908708475699,7.670330498094607,7.30233008144014,,,7.420704583642466,7.991683893405408,8.239482231944343,8.000058894058922,8.217715920376726,8.117116490105884,
ENSMUSG00000029999-S,6.471200884527674,6.135281895697043,5.462322099446743,,,5.547281733844252,5.21794295537928,5.949484387425713,6.135377222902538,6.283963420530525,5.60136920042422,
ENSMUSG00000030058-S,8.277955570055465,8.21828022040289,8.199672622966354,,,8.126130650560755,8.75291245640743,8.750640504550411,8.66094624923898,8.379471710811078,8.565286013226256,
ENSMUSG00000030265-S,7.6190735192159345,7.457631140227028,7.752075872165419,,,7.592071856930792,7.8826324066914255,7.45205909045421,8.030965884751115,7.781313380436211,7.790865725097137,
ENSMUSG00000030282-S,7.851566743751515,7.816486338650847,8.071509961986367,,,7.914405425776567,8.494482950097668,7.97211927691218,8.374058870325948,8.186959734174714,8.152613659686669,
ENSMUSG00000030323-S,5.2383249933398455,5.775540810837221,5.719892354591473,,,5.894196201735932,6.398939953807072,5.49878083796507,5.745914996934853,5.700990592947135,5.793510971375659,
ENSMUSG00000030346-S,1.7531052066154809,2.0365428043664457,2.8140077179681233,,,1.8247124464825184,1.424693889909158,0.0,0.9440719876953962,0.8358601519897243,0.0,
ENSMUSG00000030350-S,7.965423438069078,7.734789789255283,7.780626885161573,,,7.238399706385998,8.553890401910266,8.39561921920502,8.519182380016064,8.537151102353887,8.679203014858153,
ENSMUSG00000030357-S,7.873610597748416,7.796491808972272,7.711130739644518,,,8.269715974823303,8.83503230485328,8.63505672455964,8.7565065335346,8.35892376269915,8.617029257051009,
ENSMUSG00000030469-S,2.792247919928092,3.7452856327273945,3.1302528173062325,,,4.652627462197849,4.087756923331383,3.8892486258592904,3.701700061705504,3.7611506373277046,2.817968824125128,
ENSMUSG00000030606-S,0.0,0.0,0.0,,,1.8247124464825184,1.424693889909158,1.252033481761931,0.0,1.3616795639125414,0.8988096753164998,
ENSMUSG00000030641-S,0.0,2.0365428043664457,0.0,,,0.0,0.0,1.252033481761931,0.9440719876953962,0.8358601519897243,0.0,
ENSMUSG00000030691-S,6.195946173639724,5.8550235361182015,5.766314813340103,,,5.660383804576781,5.281807468287595,6.266735830991656,5.865051658503505,5.656782864836955,5.747820947077054,
ENSMUSG00000030731-S,6.9297021193219726,6.276703265184429,6.402435557345951,,,6.531772920650441,7.433182173215901,7.135028597621194,7.278912177321537,6.77240149220066,7.266985842967838,
ENSMUSG00000030770-S,5.2383249933398455,5.134579706307527,5.7432902963036,,,5.193499550623225,6.022675466681505,5.542207775347679,5.246333454911168,6.178471709924905,6.202031067858249,
ENSMUSG00000030786-S,4.137161815227484,4.368061320271338,4.255278822354986,,,4.415414689294443,4.087756923331383,4.441386177064962,4.283849055635033,5.358641234599949,3.613396190469504,
ENSMUSG00000030805-S,6.1724273821695075,6.0250432611142175,5.833262452685216,,,6.148019091837476,6.509771526849625,6.3176085446727495,6.191171187069902,6.326915017327909,6.392224509053216,
ENSMUSG00000030846-S,6.546315595935331,6.86827755468061,6.247425214658924,,,6.4710501503060005,6.9538937706376975,6.8712102830196145,6.394987058664444,6.63103316616467,6.746001226529983,
ENSMUSG00000030982-S,5.969050566682266,5.404908680090168,5.2500478370637875,,,5.507520951718684,5.342964297448219,5.259564849484186,5.695361937972607,6.114536094684639,6.002488074136208,
ENSMUSG00000030990-S,4.481395701641587,4.133174301385899,4.548799514711809,,,4.415414689294443,4.407006245450018,5.259564849484186,4.645166924187268,4.522167862499306,4.323340783761273,
ENSMUSG00000031090-S,3.0201464606670347,2.625509064456788,2.1528517044067006,,,0.0,1.8183855359868224,1.252033481761931,0.0,2.3000078836598825,2.412140613208748,
ENSMUSG00000031134-S,5.795173714325238,6.0250432611142175,5.647331715204301,,,5.336520529995646,5.538647851758487,6.292396412187517,6.296675379241278,6.409162423480398,5.982901028228473,
ENSMUSG00000031158-S,5.144743080073491,5.9784758302566035,5.696108675407122,,,5.8311680533724175,6.130675342801464,6.342387633936613,6.279618480816357,5.743883865781123,5.7244215983780675,
ENSMUSG00000031242-S,6.022645101427404,5.905679006818678,6.017267216106093,,,6.148019091837476,6.23115040640026,5.949484387425713,5.975096157791689,6.422425749462718,6.132621229324472,
ENSMUSG00000031309-S,6.148518825008268,5.571045223435882,5.433843413489333,,,5.193499550623225,5.71093169626494,5.849311962763751,5.669405226299566,6.081473373685834,6.251981243359341,
ENSMUSG00000031371-S,1.7531052066154809,3.042544284410344,0.8966708824695038,,,3.1088743174978104,0.8814983508565049,0.0,0.9440719876953962,2.6992065503008127,2.629277784575916,
ENSMUSG00000031429-S,5.326204625707964,4.505782068917277,5.113068266171491,,,4.856288740733605,5.615015928273263,6.414269297406943,5.21078180451625,5.412808901682653,5.254543412253529,
ENSMUSG00000031432-S,7.64493767788677,7.662987286814493,7.705185406054325,,,7.9444960956975645,8.553890401910266,8.37174521919935,8.361955054209618,7.951081654427417,8.195791088621332,
ENSMUSG00000031485-S,5.913387981082212,5.571045223435882,5.6223105400162705,,,5.660383804576781,6.095566092470916,6.342387633936613,5.910081626845286,5.903738917510723,6.268254241407476,
ENSMUSG00000031503-S,4.759111313518454,4.631493946766409,5.1485516218610785,,,4.415414689294443,5.564555649271768,5.151543247134289,5.05910784669898,5.465016164281359,5.409299115549597,
ENSMUSG00000031529-S,6.1724273821695075,6.3333112728776,6.4600585978304865,,,6.407658840081284,5.843814892117794,6.414269297406943,6.426323192227173,6.283963420530525,6.4646229410474305,
ENSMUSG00000031532-S,8.615399615798324,8.568027138202407,8.745832756910314,,,8.956408019143034,9.428672179476038,9.127309981823217,9.136381495351754,9.258456246083092,9.348703411166742,
ENSMUSG00000031636-S,0.0,1.0244644241439549,1.8420916757217696,,,0.0,2.5978233785255886,1.9120895180850064,2.4905071181678275,1.7462107371414175,2.817968824125128,
ENSMUSG00000031753-S,5.561669687029291,6.001947425956616,5.517646505569963,,,5.089613881671589,6.077685775124264,6.526644025837436,6.330195854400267,5.490428007609252,6.184989158780298,
ENSMUSG00000031772-S,4.555994926802841,3.8524636464395727,4.879619554606472,,,5.2904044713803815,4.760802042391417,3.4158104165687497,3.980319160809084,4.061639545947828,4.193025736535522,
ENSMUSG00000031776-S,6.58245551819469,7.474508223037173,7.108739953614504,,,7.043647917329509,7.586459274327549,7.3820816601323695,7.005683214097696,7.63517445484748,7.463516015197551,
ENSMUSG00000031812-S,8.795539021775896,8.796602784665021,8.830198548921237,,,8.662618066422834,9.670036352173229,8.957261865761001,9.409611392056163,9.172757390513905,9.553455393887637,
ENSMUSG00000031962-S,0.0,2.625509064456788,1.4454776237320806,,,2.267100056198125,3.3596848186603263,1.9120895180850064,2.2313720798832146,3.6751174087359417,2.15643154456857,
ENSMUSG00000031970-S,3.6841640601517023,4.215792685306175,3.503498654563891,,,4.856288740733605,4.517242891238822,4.90771502599764,4.35070720586557,4.3661839061440535,4.44285378614437,
ENSMUSG00000032120-S,8.492579142520881,8.243114900902,8.034054765783573,,,7.891418261035543,8.453473880153792,8.916588221520323,8.586613242562814,8.524905965469664,8.4523190922889,
ENSMUSG00000032258-S,4.036539844336298,3.6295017433582815,3.7997580332578047,,,2.267100056198125,3.769170314971537,3.5914582317488906,2.4905071181678275,2.8638130617722606,3.1343429957332973,
ENSMUSG00000032300-S,3.5445780000758984,3.2131345784895036,3.1302528173062325,,,2.8789038053543625,4.224043439660156,2.9834669963003715,4.414603722801029,4.061639545947828,3.50770887389526,
ENSMUSG00000032334-S,2.5214694711790284,2.625509064456788,2.1528517044067006,,,1.8247124464825184,2.7857626338523107,1.252033481761931,2.710107810154817,2.6992065503008127,3.2698215982021024,
ENSMUSG00000032336-S,9.633074560447236,9.774682727474904,9.601006320202234,,,9.373486851167122,10.170434914754114,10.202450984059146,10.167913507358223,10.213123057490831,10.12219482150656,
ENSMUSG00000032350-S,6.219087704031037,6.555791116990666,6.0737323150777955,,,6.148019091837476,5.885521873236442,6.342387633936613,5.910081626845286,5.8846991978265715,5.963044390395709,
ENSMUSG00000032409-S,4.231221059285832,4.690467266763643,3.503498654563891,,,3.4814869927558276,4.34855936407696,4.768375462585618,4.747957996456652,4.662920305381572,4.3843344898943,
ENSMUSG00000032415-S,1.127908297400936,2.625509064456788,0.8966708824695038,,,2.60519275062505,2.952016909406638,0.0,0.9440719876953962,2.0495205232084777,2.412140613208748,
ENSMUSG00000032435-S,7.433672241306105,7.197931968217582,7.547983495497881,,,7.431368617399723,7.154861926119732,7.474650424843078,7.329513888930085,7.582975788243509,7.5854167515976,
ENSMUSG00000032456-S,2.5214694711790284,2.625509064456788,1.4454776237320806,,,0.0,1.8183855359868224,3.5914582317488906,3.219642216040465,3.6751174087359417,2.9848109526219546,
ENSMUSG00000032485-S,7.150402998299737,6.748501758539187,6.581865439311479,,,6.49157636657488,6.904033167473012,7.295905682352898,7.056637497249797,7.222553934745344,7.35342097973942,
ENSMUSG00000032513-S,4.036539844336298,4.293934962094727,3.6091572619433543,,,3.77734814607362,4.34855936407696,4.346585755776222,4.14005191965989,4.946122343317337,5.005533443185442,
ENSMUSG00000032534-S,5.969050566682266,5.880573584989401,5.4047912205442765,,,4.918251951624434,4.6682520354957875,5.814313516643948,5.818570789304804,5.358641234599949,5.466834248092573,
ENSMUSG00000032567-S,3.9283702031886953,3.2131345784895036,3.1302528173062325,,,2.8789038053543625,3.855651169204714,3.8892486258592904,3.3560746442565823,3.268154397447143,1.448400923237856,
ENSMUSG00000032572-S,2.792247919928092,2.625509064456788,2.4083924121471316,,,1.1834433053749518,3.3596848186603263,2.363257137421632,3.068947160363723,3.0115472012359445,2.629277784575916,
ENSMUSG00000032586-S,6.195946173639724,6.84250684829306,6.163191151692783,,,5.2904044713803815,6.8835962053602895,7.308536197119968,6.719819376624818,6.803147571105655,6.362216261542825,
ENSMUSG00000032594-S,8.261330873846934,8.103623950482051,7.995601181451425,,,8.411110908697623,8.747267961551872,8.782678958507356,8.828643944283595,8.6737470432441,8.594619586235748,
ENSMUSG00000032598-S,6.124207365339061,6.2177830563914265,5.876228291829624,,,5.58597603254172,6.003862487740904,6.043150718593695,6.037306737418842,6.3127394277493165,6.078280581178634,
ENSMUSG00000032599-S,6.350644446931225,6.677395481765519,6.515468225693602,,,6.295394277517506,7.048725271189362,7.135028597621194,6.6813733604736765,6.560800361676979,6.5733963579777885,
ENSMUSG00000032604-S,5.825647719890496,6.197595836401329,6.09207336471098,,,5.58597603254172,6.247236417540254,6.482738823713279,6.172811908291399,6.283963420530525,6.021812750623437,
ENSMUSG00000032698-S,6.048713782854405,5.404908680090168,5.3139503095274065,,,4.977663099863604,5.485393293004125,6.043150718593695,5.64297293652291,6.194022497820422,5.793510971375659,
ENSMUSG00000032757-S,3.811428095751732,2.849043379169408,2.4083924121471316,,,4.022739200867584,2.5978233785255886,3.5914582317488906,2.710107810154817,4.946122343317337,3.50770887389526,
ENSMUSG00000032777-S,7.298978873558221,7.20805853578771,7.479970701368844,,,6.834599934363929,6.924184662375448,6.921411345150419,7.456368558022068,7.657781136035763,7.405845714617354,
ENSMUSG00000032786-S,6.219087704031037,5.720010371260755,5.6719263267532725,,,5.424552811251994,6.041246275850274,5.981386985200087,6.1542159804073755,5.8846991978265715,5.837798306068265,
ENSMUSG00000032946-S,9.679696212841703,9.712020171658889,9.016972387840948,,,8.68060776327604,9.352645858202036,10.520067277175304,10.044601679493422,9.878564815458263,9.478507208470472,
ENSMUSG00000032968-S,4.991899588549008,4.80164013442276,5.34487053258863,,,3.4814869927558276,5.485393293004125,5.31068661896662,5.281030051291837,4.706943200969149,4.49909163489714,
ENSMUSG00000033054-S,5.66640142861484,5.176440016318316,5.517646505569963,,,5.424552811251994,5.1165105940161535,5.542207775347679,5.018559887162254,5.1190074663172975,5.409299115549597,
ENSMUSG00000033063-S,3.9283702031886953,5.176440016318316,4.188661827798793,,,4.131372643555347,4.6196509752931405,4.245115061327776,4.534486340402758,4.251959975632417,4.605389347702585,
ENSMUSG00000033152-S,3.216907381183005,2.849043379169408,3.9680910132919567,,,4.415414689294443,4.463177213100735,4.346585755776222,3.5954333501320948,4.420074324097543,4.259654139385937,
ENSMUSG00000033253-S,4.319521475349487,4.631493946766409,3.886378258490339,,,2.60519275062505,3.769170314971537,4.53033944780547,4.475789898725806,3.5836265212987755,3.804043719866039,
ENSMUSG00000033365-S,6.527900372487857,6.351697548728342,6.6453408294344705,,,5.863026295196434,7.020924540872975,7.135028597621194,6.864110150963791,7.001770586221078,7.058236698548599,
ENSMUSG00000033373-S,5.524998582818621,6.0250432611142175,5.375141946360958,,,5.142491589862,6.384467619153066,6.186896409169396,6.172811908291399,6.012984124523574,6.0597024682529055,
ENSMUSG00000033417-S,6.527900372487857,6.6627437861898064,6.515468225693602,,,6.223587713560331,7.196880103954372,6.728117001564042,7.026281383317203,7.274676319712451,7.131227738448319,
ENSMUSG00000033629-S,7.70354301533422,7.955212675631297,8.005311091934397,,,7.787344186696627,8.662839531064499,8.171967105584093,8.28284520582323,8.240360274022763,8.043389362634482,
ENSMUSG00000033658-S,4.481395701641587,4.045535688217926,4.961705301245247,,,4.415414689294443,4.087756923331383,4.135963911216731,5.05910784669898,4.61751168452487,4.655738528595867,
ENSMUSG00000033717-S,3.9283702031886953,3.7452856327273945,4.879619554606472,,,4.856288740733605,5.538647851758487,4.135963911216731,4.590887770328477,3.0115472012359445,5.254543412253529,
ENSMUSG00000033721-S,3.0201464606670347,3.6295017433582815,4.255278822354986,,,3.1088743174978104,2.5978233785255886,3.5914582317488906,3.8006734726731857,2.0495205232084777,3.393662872112152,
ENSMUSG00000033735-S,5.969050566682266,6.113897766977886,6.180436013749005,,,5.507520951718684,6.904033167473012,6.526644025837436,7.026281383317203,6.422425749462718,6.586434021622412,
ENSMUSG00000033910-S,7.11382884086538,7.177463064326138,6.986611981474481,,,7.2014959291835705,6.914144099027086,7.730712312818764,7.005683214097696,7.760575261725251,7.434969009842988,
ENSMUSG00000033916-S,7.610348055595332,7.449117979273206,7.179060473327512,,,7.111528545945102,7.8514025846840925,7.915448007797188,8.115102561922122,7.94649837819922,7.970671339128986,
ENSMUSG00000033960-S,8.888686051152945,8.809962190297785,8.418944203087948,,,8.052056366352383,8.166804841126071,9.179812575393417,8.813909878577633,8.833693806124503,8.798850429513363,
ENSMUSG00000034055-S,4.231221059285832,4.631493946766409,3.7997580332578047,,,3.905254781686303,4.087756923331383,4.135963911216731,4.14005191965989,4.706943200969149,5.187672995329554,
ENSMUSG00000034064-S,6.371449832714428,6.587166567872407,6.387662860238232,,,6.590042775979223,6.787868570005028,6.765242729484086,6.757267392522311,6.572745839342076,6.492594758846733,
ENSMUSG00000034154-S,5.524998582818621,5.880573584989401,5.7432902963036,,,4.918251951624434,5.733946357153648,5.625326433022477,5.841998406373932,5.243794081508397,5.815824571638442,
ENSMUSG00000034156-S,8.012542940064945,7.769393940312822,7.975983078865051,,,6.802100549969229,7.814092262875505,7.776890265300822,7.880707138134236,7.750093332335288,7.930335704640708,
ENSMUSG00000034402-S,1.127908297400936,1.6174904035785849,2.625408260291476,,,1.8247124464825184,2.381681604991121,2.363257137421632,2.2313720798832146,2.0495205232084777,0.0,
ENSMUSG00000034532-S,3.39002549525068,3.042544284410344,3.7076029991272086,,,4.498895059411287,3.769170314971537,4.441386177064962,4.35070720586557,4.310202091370707,3.393662872112152,
ENSMUSG00000034848-S,4.036539844336298,4.133174301385899,3.7997580332578047,,,3.4814869927558276,2.5978233785255886,3.5914582317488906,3.893290717484193,4.061639545947828,2.412140613208748,
ENSMUSG00000034892-S,10.573893561775895,10.3760364142853,10.40756485055811,,,10.39163903260105,10.841959394257604,11.05309701844565,10.829928295428816,10.84431334887886,10.915497560885727,
ENSMUSG00000034919-S,2.1878468093344487,0.0,0.8966708824695038,,,0.0,0.8814983508565049,1.9120895180850064,2.710107810154817,1.7462107371414175,1.8454221841165777,
ENSMUSG00000034981-S,5.825647719890496,6.422985351034511,6.387662860238232,,,6.834599934363929,7.020924540872975,6.159270276796894,6.530931268313351,6.843148883285012,7.076833575124674,
ENSMUSG00000035007-S,6.371449832714428,6.276703265184429,6.017267216106093,,,5.696196373423662,6.340158605984437,6.953933793464587,6.441739661332237,5.656782864836955,5.9017800603685595,
ENSMUSG00000035021-S,5.632328685628324,5.217119904422442,5.001060685730714,,,4.498895059411287,4.715269056070795,5.949484387425713,5.281030051291837,4.662920305381572,4.797030438558475,
ENSMUSG00000035151-S,3.9283702031886953,3.042544284410344,3.7076029991272086,,,3.4814869927558276,3.236167561083,2.706436814589186,4.14005191965989,3.3811519668481234,3.393662872112152,
ENSMUSG00000035208-S,0.0,2.3608744879735837,2.4083924121471316,,,0.0,1.424693889909158,1.252033481761931,0.0,0.8358601519897243,0.8988096753164998,
ENSMUSG00000035274-S,3.0201464606670347,3.6295017433582815,3.503498654563891,,,2.8789038053543625,3.855651169204714,3.7480232874605903,3.480712338875618,3.842340840334267,3.1343429957332973,
ENSMUSG00000035277-S,4.991899588549008,4.747124296715516,4.65130526352341,,,5.0347241181852604,4.087756923331383,4.768375462585618,4.747957996456652,5.1190074663172975,4.655738528595867,
ENSMUSG00000035278-S,4.93712844409818,4.80164013442276,4.792580061244942,,,5.089613881671589,5.615015928273263,5.883481449087959,5.560639926830598,5.1190074663172975,5.1175517766974465,
ENSMUSG00000035397-S,6.98475060212173,7.187733817473825,6.926557905849662,,,6.223587713560331,6.873268124047846,7.592949467938157,7.378400751675888,7.237639185037099,7.058236698548599,
ENSMUSG00000035495-S,4.626925670761378,5.00117722833536,4.961705301245247,,,4.131372643555347,5.044697112081977,4.6141251428220995,5.21078180451625,5.679056051471869,4.704389648422898,
ENSMUSG00000035595-S,2.792247919928092,3.5036083467238193,3.389486084443645,,,2.267100056198125,3.1010766827490013,4.135963911216731,3.480712338875618,3.145548524333338,3.50770887389526,
ENSMUSG00000035601-S,3.216907381183005,3.8524636464395727,3.9680910132919567,,,3.636988544242049,3.578907283604972,3.8892486258592904,4.475789898725806,3.5836265212987755,3.711866848994471,
ENSMUSG00000035686-S,3.9283702031886953,4.368061320271338,4.600962596990739,,,3.77734814607362,5.21794295537928,4.01787370251873,5.1369371387826135,5.302360171452159,4.7514535167859515,
ENSMUSG00000035776-S,6.451794814887973,6.855449743141464,6.682127371696282,,,6.66424639398753,6.6126928085241214,6.630894632879531,7.0666159019821055,6.719655517259492,6.586434021622412,
ENSMUSG00000035863-S,7.6363677090309725,7.548103151734481,7.458925513891277,,,7.2743829912509135,8.0340240546152,7.882036045446568,8.148369694017763,7.446814684074512,7.82976122407152,
ENSMUSG00000035914-S,2.792247919928092,2.625509064456788,3.7997580332578047,,,3.636988544242049,3.677173021775615,3.5914582317488906,2.710107810154817,3.3811519668481234,2.629277784575916,
ENSMUSG00000035967-S,5.524998582818621,4.570006841743199,5.113068266171491,,,4.131372643555347,5.007403801176462,5.151543247134289,4.976839260629534,5.8654048404337775,4.3843344898943,
ENSMUSG00000036053-S,5.795173714325238,5.662256661610338,6.214319396121361,,,5.894196201735932,5.77890269791347,5.703916084390923,5.314911759390498,5.017781038509307,6.132621229324472,
ENSMUSG00000036114-S,4.231221059285832,4.904855646645649,4.836756107811352,,,5.336520529995646,5.281807468287595,5.259564849484186,4.843909861384497,5.330775133617914,5.549050874813313,
ENSMUSG00000036169-S,1.127908297400936,2.3608744879735837,0.8966708824695038,,,1.8247124464825184,1.424693889909158,0.0,1.5098994093134157,1.3616795639125414,0.0,
ENSMUSG00000036199-S,8.704184518768574,8.89076728973881,8.567251773555448,,,8.829126400251173,9.195716514441552,9.223818784435093,9.25020294033065,9.263992488472876,9.180488733881498,
ENSMUSG00000036225-S,7.383344166223627,7.61812536216522,7.705185406054325,,,7.3661689741338146,7.713471347909686,7.907167280668749,8.030965884751115,8.082217149870859,7.935439763861664,
ENSMUSG00000036381-S,1.7531052066154809,3.2131345784895036,2.1528517044067006,,,1.8247124464825184,3.3596848186603263,3.215773920361264,3.3560746442565823,2.0495205232084777,1.448400923237856,
ENSMUSG00000036501-S,5.795173714325238,5.404908680090168,5.544532934760537,,,5.924706889608704,4.889365515122079,4.972642913292944,5.281030051291837,4.662920305381572,4.88407967019736,
ENSMUSG00000036632-S,4.880195605043884,4.368061320271338,4.792580061244942,,,5.242765488435826,5.044697112081977,5.151543247134289,5.281030051291837,5.1190074663172975,4.925710727711269,
ENSMUSG00000036698-S,7.491836270832109,7.431939453582375,7.873679603081122,,,7.297882723688286,7.433182173215901,7.758596067519955,7.600698970006061,7.485242028039063,6.971450270039055,
ENSMUSG00000036949-S,4.880195605043884,4.133174301385899,4.118819223500774,,,3.905254781686303,4.6196509752931405,2.706436814589186,4.796731486939921,5.151230510377745,4.797030438558475,
ENSMUSG00000036966-S,7.909617987964991,8.076244074795603,8.043510122120313,,,8.184029758366442,9.085959049198834,8.219557363164045,8.759585385556978,8.561333920260207,8.607467704229686,
ENSMUSG00000037139-S,3.6841640601517023,3.2131345784895036,2.8140077179681233,,,3.307176954881424,2.381681604991121,3.215773920361264,3.3560746442565823,4.251959975632417,3.2698215982021024,
ENSMUSG00000037148-S,6.048713782854405,5.905679006818678,6.2309672640563925,,,5.193499550623225,6.6002220815138015,6.569252438926133,6.719819376624818,6.4485921061730265,6.5733963579777885,
ENSMUSG00000037185-S,2.1878468093344487,1.6174904035785849,0.8966708824695038,,,0.0,2.381681604991121,2.363257137421632,2.2313720798832146,2.3000078836598825,1.8454221841165777,
ENSMUSG00000037266-S,8.233190111500102,7.796491808972272,8.094435079916208,,,7.250494129819573,8.015359440252652,7.97211927691218,7.984353503217218,8.462071010762076,7.835233100037494,
ENSMUSG00000037474-S,2.1878468093344487,2.849043379169408,3.7997580332578047,,,3.77734814607362,4.34855936407696,1.252033481761931,3.893290717484193,3.7611506373277046,3.8906832365505664,
ENSMUSG00000037553-S,5.969050566682266,5.880573584989401,5.719892354591473,,,5.242765488435826,6.077685775124264,6.414269297406943,6.22720336594662,5.53994705005325,5.7244215983780675,
ENSMUSG00000037570-S,4.402727738483788,3.5036083467238193,4.438449685700989,,,2.8789038053543625,3.578907283604972,4.346585755776222,4.534486340402758,4.1912673292218585,4.259654139385937,
ENSMUSG00000037601-S,8.337324433853318,8.248030945278408,7.873679603081122,,,7.9370320617670975,9.010214117898265,8.619935249310632,8.366000953155481,8.561333920260207,8.601057947769446,
ENSMUSG00000037697-S,6.635022623928105,6.237691695986564,6.7179991885380685,,,5.894196201735932,6.340158605984437,6.590093854837631,6.60126409579883,6.676024725157274,6.846964129705442,
ENSMUSG00000037791-S,6.048713782854405,6.507410213928654,6.342414884289923,,,5.798590386948119,5.843814892117794,5.981386985200087,6.487024615680451,6.2396937361670455,6.235522596653522,
ENSMUSG00000037815-S,6.412181562061996,6.2958204626854135,6.247425214658924,,,5.142491589862,5.800866215375006,5.741661696638082,6.394987058664444,6.283963420530525,6.002488074136208,
ENSMUSG00000037936-S,5.7640420914124455,6.001947425956616,5.719892354591473,,,5.336520529995646,5.843814892117794,6.240610558611428,5.865051658503505,5.995341441294356,5.7244215983780675,
ENSMUSG00000038034-S,8.764415366394296,8.614449040339148,8.849193777831434,,,8.68060776327604,9.151528782202224,8.769035219896297,9.201224070042011,8.770271104672386,9.139057747795702,
ENSMUSG00000038042-S,4.402727738483788,4.854170744149985,4.379939189629966,,,3.4814869927558276,4.715269056070795,4.839726816948395,3.8006734726731857,3.3811519668481234,4.704389648422898,
ENSMUSG00000038046-S,4.402727738483788,3.952227049760956,3.886378258490339,,,4.498895059411287,4.34855936407696,4.90771502599764,4.213741325458526,4.420074324097543,5.043847468583399,
ENSMUSG00000038065-S,6.412181562061996,6.156353685370624,6.581865439311479,,,5.983858176426806,6.983003409617319,6.548105525749144,6.781703390580005,6.653704325618293,6.836088675603819,
ENSMUSG00000038115-S,2.5214694711790284,2.625509064456788,2.625408260291476,,,4.022739200867584,3.1010766827490013,3.4158104165687497,3.068947160363723,3.9192043340289806,3.804043719866039,
ENSMUSG00000038168-S,2.792247919928092,1.0244644241439549,1.4454776237320806,,,0.0,0.8814983508565049,2.706436814589186,1.5098994093134157,0.8358601519897243,3.2698215982021024,
ENSMUSG00000038365-S,6.546315595935331,6.720478383619671,6.528994384255339,,,6.407658840081284,6.325081275622167,6.590093854837631,6.7071175361883135,6.872438429342408,6.492594758846733,
ENSMUSG00000038374-S,7.92377302367238,8.087258457902077,7.8842426381080015,,,8.15215086453339,8.425472230774794,8.453630955466782,8.252570111400354,7.996130962279584,8.27443002548169,
ENSMUSG00000038503-S,5.913387981082212,6.001947425956616,5.958501814593637,,,6.271853643578646,5.77890269791347,5.2065648251484395,6.077338407715166,6.146858050991135,6.021812750623437,
ENSMUSG00000038524-S,2.792247919928092,3.042544284410344,3.2656842343095707,,,2.60519275062505,3.769170314971537,2.706436814589186,3.068947160363723,3.0115472012359445,3.2698215982021024,
ENSMUSG00000038563-S,4.137161815227484,3.5036083467238193,4.379939189629966,,,4.326805502244239,3.937239890567626,4.01787370251873,4.590887770328477,4.310202091370707,4.323340783761273,
ENSMUSG00000038564-S,5.282933838311504,4.747124296715516,5.113068266171491,,,4.131372643555347,5.342964297448219,5.360058715819535,5.348015979617434,4.791153042247958,5.793510971375659,
ENSMUSG00000038602-S,7.601569498832792,7.996694946622253,7.325768675213831,,,7.92952921044221,8.272757072716411,8.38968765491276,7.947028710516329,8.221514747632936,7.985511125959031,
ENSMUSG00000038665-S,4.555994926802841,5.217119904422442,4.438449685700989,,,2.60519275062505,4.407006245450018,5.916860337589944,4.645166924187268,4.61751168452487,4.5532192713349815,
ENSMUSG00000038677-S,5.487370989830314,4.95382015242631,3.503498654563891,,,4.415414689294443,4.287644323036166,5.259564849484186,5.098547262714951,4.831483685753933,4.797030438558475,
ENSMUSG00000038773-S,5.192292689724378,4.045535688217926,4.7470084774202475,,,2.8789038053543625,4.087756923331383,4.01787370251873,4.414603722801029,3.268154397447143,4.12317059208696,
ENSMUSG00000038780-S,5.884730060308097,6.113897766977886,5.833262452685216,,,5.8311680533724175,5.843814892117794,5.981386985200087,6.135377222902538,5.941080722734081,6.021812750623437,
ENSMUSG00000038884-S,6.264286075457586,5.880573584989401,5.811289959023757,,,5.6236595680045784,5.926056943589847,6.073068506804958,6.016866499588671,5.564083436445876,6.167743532460847,
ENSMUSG00000038894-S,5.996096692001416,6.507410213928654,6.7871730478323045,,,7.111528545945102,7.180219395569444,7.032170105041157,7.162778411460987,6.910588514038361,6.674540549076575,
ENSMUSG00000038970-S,4.991899588549008,4.133174301385899,4.118819223500774,,,4.577807992608698,5.044697112081977,4.90771502599764,4.414603722801029,6.2546017452825815,5.043847468583399,
ENSMUSG00000038984-S,6.842978704651326,6.539843745101346,6.445867166933419,,,6.570879805121432,6.661524907217687,6.969924155759229,6.628464442318559,7.0875306993742555,6.900144635287063,
ENSMUSG00000039202-S,7.162391201398027,6.617874170038821,6.402435557345951,,,6.590042775979223,6.587642616303481,6.746799284528518,6.817598443870792,7.60058602618965,6.868472138487745,
ENSMUSG00000039375-S,5.69968799294147,5.662256661610338,5.6223105400162705,,,5.142491589862,5.965484165482666,6.414269297406943,5.745914996934853,6.642413278534206,6.078280581178634,
ENSMUSG00000039611-S,6.98475060212173,7.0254220931482925,7.135513418775283,,,6.927923560496865,8.005935793747346,7.3820816601323695,7.799270079969146,7.60058602618965,7.796486840210599,
ENSMUSG00000039629-S,4.6945318867907435,5.047029067347918,4.65130526352341,,,4.723757288584439,4.569355407885359,5.883481449087959,4.843909861384497,5.611177565255836,4.7514535167859515,
ENSMUSG00000039637-S,6.451794814887973,6.38778172257297,6.4741117898823966,,,5.983858176426806,6.820488657798112,7.345777526406197,6.530931268313351,6.395776029654818,6.284345732250679,
ENSMUSG00000039715-S,4.402727738483788,4.438564436711204,3.6091572619433543,,,3.307176954881424,4.463177213100735,4.245115061327776,3.701700061705504,4.946122343317337,4.88407967019736,
ENSMUSG00000039716-S,7.653457039459186,7.361103737985278,7.580824127584323,,,7.2014959291835705,7.770235847261892,8.011277743858663,7.880707138134236,8.255261432536962,7.94559402724571,
ENSMUSG00000039771-S,5.969050566682266,5.217119904422442,5.3139503095274065,,,5.8311680533724175,6.340158605984437,6.186896409169396,6.077338407715166,6.178471709924905,6.218874016456546,
ENSMUSG00000039804-S,5.996096692001416,6.047775177621231,5.833262452685216,,,6.363795662782939,6.469200881007631,6.548105525749144,6.362955146302068,6.782723161847655,6.218874016456546,
ENSMUSG00000039954-S,5.192292689724378,5.176440016318316,4.548799514711809,,,4.415414689294443,4.6682520354957875,5.542207775347679,5.246333454911168,5.634160412238118,4.259654139385937,
ENSMUSG00000039960-S,5.561669687029291,5.954616044547651,6.145737661584298,,,5.924706889608704,6.1817873836428054,6.159270276796894,6.559477155905074,6.326915017327909,6.002488074136208,
ENSMUSG00000039982-S,5.44873567271176,5.295192236250544,5.978357439226307,,,5.424552811251994,6.649470962290994,5.778444887040087,5.669405226299566,6.130787588069941,6.520034541689481,
ENSMUSG00000040055-S,5.2383249933398455,6.070154466255981,5.811289959023757,,,6.511814634277128,6.413268550551798,5.625326433022477,6.573541047483937,6.48697276002973,6.6866991845093855,
ENSMUSG00000040112-S,5.095572718780858,4.570006841743199,4.65130526352341,,,5.242765488435826,5.1165105940161535,5.703916084390923,5.314911759390498,5.7225966328626745,5.626833663545276,
ENSMUSG00000040219-S,2.1878468093344487,3.2131345784895036,2.1528517044067006,,,2.267100056198125,1.424693889909158,2.706436814589186,2.4905071181678275,2.8638130617722606,2.9848109526219546,
ENSMUSG00000040236-S,5.913387981082212,6.314687646922411,6.09207336471098,,,6.148019091837476,6.809697038963033,6.590093854837631,6.279618480816357,6.572745839342076,6.971450270039055,
ENSMUSG00000040272-S,0.0,0.0,1.4454776237320806,,,0.0,0.8814983508565049,2.363257137421632,2.2313720798832146,2.3000078836598825,0.8988096753164998,
ENSMUSG00000040289-S,6.219087704031037,5.930355012261218,6.09207336471098,,,5.894196201735932,6.278880161432731,6.6900106035365665,6.545274813863475,6.740985871585343,6.5733963579777885,
ENSMUSG00000040363-S,4.880195605043884,4.904855646645649,4.699950300997299,,,4.723757288584439,5.590006392391629,4.972642913292944,5.1369371387826135,5.302360171452159,5.286851112344599,
ENSMUSG00000040380-S,1.127908297400936,1.0244644241439549,0.0,,,1.1834433053749518,0.8814983508565049,0.0,3.5954333501320948,0.8358601519897243,0.0,
ENSMUSG00000040447-S,3.9283702031886953,4.045535688217926,4.836756107811352,,,4.577807992608698,5.401633731870477,3.7480232874605903,4.414603722801029,5.151230510377745,5.0811702465615625,
ENSMUSG00000040659-S,7.62774652805555,7.699335190583824,8.39328977821091,,,7.648002089155828,8.05245027963688,6.8712102830196145,7.930731950510361,8.531041525476432,8.548728126352408,
ENSMUSG00000040759-S,6.943662408137003,6.2177830563914265,6.214319396121361,,,6.4710501503060005,5.926056943589847,6.709189613560245,6.744892411239863,6.965986296552648,6.15028925948454,
ENSMUSG00000040850-S,6.391959440402942,5.632489017788991,5.997943499259186,,,5.336520529995646,5.905931766797873,6.292396412187517,5.695361937972607,5.764861563346892,6.132621229324472,
ENSMUSG00000040875-S,1.7531052066154809,2.0365428043664457,2.8140077179681233,,,3.1088743174978104,3.4734560020283936,1.9120895180850064,3.219642216040465,2.0495205232084777,2.412140613208748,
ENSMUSG00000040913-S,5.44873567271176,5.00117722833536,4.548799514711809,,,4.791544335231516,5.184918256544655,6.012599350318927,5.1369371387826135,5.182749538479859,5.6518564477232065,
ENSMUSG00000041236-S,7.403686558731629,7.640730695297998,7.717051673085623,,,7.2743829912509135,8.154063375715994,7.89883874961675,7.947028710516329,7.594739798730566,8.089908429570864,
ENSMUSG00000041261-S,3.216907381183005,3.952227049760956,3.6091572619433543,,,3.4814869927558276,3.677173021775615,4.01787370251873,3.8006734726731857,4.420074324097543,4.704389648422898,
ENSMUSG00000041272-S,5.2383249933398455,5.369255652649587,5.833262452685216,,,5.863026295196434,5.864819091217013,4.972642913292944,5.174331889531738,6.098099445781234,5.3796475820574,
ENSMUSG00000041298-S,7.331196749695288,7.532070095972064,7.507561754908886,,,7.693009326823929,7.8514025846840925,7.149141825818337,7.700196960632081,7.629466997418,8.019554968001971,
ENSMUSG00000041354-S,5.282933838311504,4.438564436711204,4.7470084774202475,,,3.4814869927558276,4.6682520354957875,4.839726816948395,4.93387611367644,4.831483685753933,3.393662872112152,
ENSMUSG00000041380-S,5.795173714325238,6.0250432611142175,5.6719263267532725,,,6.6089545427476635,6.263145046079862,6.836745406770029,6.172811908291399,6.130787588069941,5.60136920042422,
ENSMUSG00000041439-S,6.195946173639724,6.816267417077142,7.025302717571814,,,6.682215923708494,6.841832703658686,6.526644025837436,7.016019059852344,6.676024725157274,7.095193778602104,
ENSMUSG00000041488-S,5.368215294388512,4.215792685306175,5.34487053258863,,,4.022739200867584,5.312709918582393,5.31068661896662,5.246333454911168,5.385979276735687,5.438353477716852,
ENSMUSG00000041515-S,3.5445780000758984,4.95382015242631,4.379939189629966,,,4.326805502244239,3.677173021775615,4.90771502599764,4.475789898725806,5.017781038509307,5.187672995329554,
ENSMUSG00000041528-S,5.969050566682266,5.691422495411322,5.433843413489333,,,4.791544335231516,6.649470962290994,5.883481449087959,6.379060000544352,6.081473373685834,6.15028925948454,
ENSMUSG00000041608-S,4.93712844409818,4.690467266763643,3.9680910132919567,,,4.326805502244239,4.463177213100735,5.151543247134289,5.018559887162254,5.611177565255836,4.12317059208696,
ENSMUSG00000041710-S,2.792247919928092,2.3608744879735837,2.625408260291476,,,3.307176954881424,1.8183855359868224,1.252033481761931,2.900655540153005,2.0495205232084777,1.8454221841165777,
ENSMUSG00000041712-S,5.44873567271176,5.0914684164966,5.2823528549417915,,,5.0347241181852604,5.184918256544655,5.151543247134289,5.588609598366368,5.764861563346892,5.815824571638442,
ENSMUSG00000041911-S,3.216907381183005,4.438564436711204,4.255278822354986,,,5.0347241181852604,4.463177213100735,2.9834669963003715,3.701700061705504,4.662920305381572,4.3843344898943,
ENSMUSG00000041992-S,6.391959440402942,6.734558111896622,6.6453408294344705,,,6.551458866771867,6.413268550551798,6.590093854837631,6.6813733604736765,6.63103316616467,6.8896642055979544,
ENSMUSG00000042063-S,4.991899588549008,4.368061320271338,4.118819223500774,,,4.791544335231516,4.889365515122079,5.360058715819535,4.6974777412786635,4.870717476339724,4.3843344898943,
ENSMUSG00000042202-S,4.481395701641587,4.045535688217926,4.318955043669765,,,4.23239580385111,5.21794295537928,4.6141251428220995,4.6974777412786635,5.273374291794299,5.3184511329259045,
ENSMUSG00000042203-S,5.825647719890496,6.6627437861898064,6.2309672640563925,,,6.198835391211512,7.1718163302297055,6.186896409169396,6.4107402035406755,5.959395321011692,6.218874016456546,
ENSMUSG00000042216-S,7.538576834356137,7.727768231534347,7.722948405839837,,,7.388231209718052,8.149791090855409,7.321057093180761,7.891974627732712,7.728898199242424,7.790865725097137,
ENSMUSG00000042258-S,5.095572718780858,5.295192236250544,3.9680910132919567,,,4.652627462197849,4.569355407885359,6.186896409169396,4.645166924187268,5.564083436445876,4.966174077827383,
ENSMUSG00000042312-S,6.490349378911624,6.748501758539187,6.445867166933419,,,6.49157636657488,6.720328688981667,6.888138806717544,7.086368021051478,7.152647517162606,6.710713298215515,
ENSMUSG00000042350-S,7.266025050253409,7.228100892352356,6.895566649438642,,,7.098205527503011,7.6483372819655715,7.923681476639584,7.725610342323806,7.969270526989354,7.63645553997481,
ENSMUSG00000042359-S,6.195946173639724,6.092191900359458,6.431534750486238,,,6.407658840081284,6.5749524999206495,6.073068506804958,6.559477155905074,6.162751472167259,6.478676640636891,
ENSMUSG00000042417-S,3.811428095751732,2.849043379169408,2.625408260291476,,,2.267100056198125,2.381681604991121,3.8892486258592904,4.35070720586557,3.842340840334267,2.9848109526219546,
ENSMUSG00000042510-S,2.1878468093344487,3.365669685238544,1.4454776237320806,,,0.0,1.424693889909158,2.706436814589186,1.9152733459730824,2.6992065503008127,2.9848109526219546,
ENSMUSG00000042644-S,3.5445780000758984,1.6174904035785849,2.1528517044067006,,,1.1834433053749518,1.424693889909158,2.363257137421632,2.710107810154817,2.8638130617722606,2.412140613208748,
ENSMUSG00000042854-S,4.036539844336298,3.8524636464395727,4.188661827798793,,,3.905254781686303,3.677173021775615,3.7480232874605903,3.3560746442565823,3.9921790295597224,4.259654139385937,
ENSMUSG00000042942-S,3.0201464606670347,2.0365428043664457,3.1302528173062325,,,2.60519275062505,2.952016909406638,2.706436814589186,2.900655540153005,2.3000078836598825,1.448400923237856,
ENSMUSG00000043207-S,5.326204625707964,5.332699165065053,5.001060685730714,,,5.424552811251994,5.864819091217013,6.073068506804958,5.246333454911168,5.634160412238118,5.254543412253529,
ENSMUSG00000043311-S,3.9283702031886953,4.570006841743199,4.699950300997299,,,3.4814869927558276,4.9691208282971555,4.346585755776222,5.314911759390498,4.420074324097543,4.44285378614437,
ENSMUSG00000043388-S,7.6190735192159345,8.098189387456152,8.220663118986996,,,8.389398423645389,8.735912284999673,8.476197880641314,8.690284753245457,7.982763255468637,8.117116490105884,
ENSMUSG00000043909-S,7.037775589871881,7.10344454092237,7.117719762048076,,,7.286180704667379,7.467916245181943,7.106381073712524,7.544687320521683,7.674506670166678,7.484561582076554,
ENSMUSG00000043924-S,3.6841640601517023,2.0365428043664457,1.8420916757217696,,,0.0,2.952016909406638,1.252033481761931,2.900655540153005,1.7462107371414175,3.1343429957332973,
ENSMUSG00000044149-S,3.216907381183005,4.045535688217926,4.836756107811352,,,4.918251951624434,4.157508899183894,4.346585755776222,4.283849055635033,4.4720239969047695,4.3843344898943,
ENSMUSG00000044348-S,4.036539844336298,4.368061320271338,4.600962596990739,,,4.326805502244239,4.92979423239614,4.441386177064962,4.6974777412786635,3.7611506373277046,4.7514535167859515,
ENSMUSG00000044499-S,4.319521475349487,4.690467266763643,3.9680910132919567,,,4.022739200867584,4.287644323036166,4.245115061327776,3.480712338875618,3.6751174087359417,4.0497601938964145,
ENSMUSG00000044501-S,2.5214694711790284,2.3608744879735837,1.8420916757217696,,,3.4814869927558276,3.1010766827490013,2.706436814589186,2.2313720798832146,0.8358601519897243,1.448400923237856,
ENSMUSG00000044700-S,5.913387981082212,6.422985351034511,5.811289959023757,,,5.58597603254172,6.673478973456704,6.8712102830196145,6.587469161908324,6.409162423480398,6.599354918082385,
ENSMUSG00000044709-S,4.626925670761378,4.133174301385899,4.255278822354986,,,5.466633227537535,5.401633731870477,5.407796954309,5.018559887162254,5.151230510377745,5.770846826546299,
ENSMUSG00000045027-S,2.5214694711790284,3.042544284410344,2.625408260291476,,,1.1834433053749518,2.381681604991121,0.0,2.4905071181678275,2.6992065503008127,2.817968824125128,
ENSMUSG00000045062-S,4.93712844409818,4.505782068917277,4.600962596990739,,,4.23239580385111,4.517242891238822,4.53033944780547,5.5321172659835725,4.946122343317337,4.605389347702585,
ENSMUSG00000045107-S,3.39002549525068,3.365669685238544,2.8140077179681233,,,3.636988544242049,4.224043439660156,4.135963911216731,2.900655540153005,4.127908848497372,3.9724131580259057,
ENSMUSG00000045136-S,10.223880914332293,10.182904771613131,10.160579881551032,,,10.550480872467018,10.672132638792096,10.620984838559629,11.116558453183716,10.59626349119034,10.645752062093852,
ENSMUSG00000045237-S,3.0201464606670347,2.3608744879735837,2.1528517044067006,,,1.1834433053749518,3.236167561083,2.363257137421632,2.710107810154817,2.8638130617722606,2.412140613208748,
ENSMUSG00000045275-S,2.1878468093344487,2.0365428043664457,2.1528517044067006,,,0.0,2.1273528570580367,3.4158104165687497,2.2313720798832146,1.3616795639125414,1.8454221841165777,
ENSMUSG00000045573-S,11.236096304542391,11.088787966839783,10.469378741041067,,,10.598583713757684,11.121539080339227,11.969210866178246,11.850258688841368,12.032506568441336,11.361809807425978,
ENSMUSG00000045672-S,4.319521475349487,4.293934962094727,4.118819223500774,,,2.8789038053543625,3.855651169204714,4.01787370251873,3.980319160809084,3.9921790295597224,4.605389347702585,
ENSMUSG00000045690-S,3.39002549525068,3.042544284410344,3.503498654563891,,,3.636988544242049,4.087756923331383,4.839726816948395,3.893290717484193,4.1912673292218585,4.259654139385937,
ENSMUSG00000045731-S,3.0201464606670347,2.3608744879735837,3.2656842343095707,,,1.8247124464825184,2.5978233785255886,0.0,2.4905071181678275,2.6992065503008127,2.15643154456857,
ENSMUSG00000045763-S,10.464373315499031,10.777263634799624,11.002209288310825,,,10.6979785022916,11.149089922667423,10.262107590640944,10.808533684348324,11.027978341717436,10.860208988321403,
ENSMUSG00000045838-S,2.5214694711790284,1.0244644241439549,2.625408260291476,,,1.1834433053749518,3.236167561083,2.363257137421632,3.068947160363723,3.0115472012359445,3.50770887389526,
ENSMUSG00000045948-S,6.782124449201178,7.238018615581664,6.956897399824481,,,7.2014959291835705,8.1282378063371,8.259135665519304,7.863639166682047,7.303636312194469,7.703809991253371,
ENSMUSG00000046109-S,1.127908297400936,0.0,1.4454776237320806,,,0.0,1.424693889909158,3.215773920361264,1.5098994093134157,0.8358601519897243,1.448400923237856,
ENSMUSG00000046178-S,5.326204625707964,5.134579706307527,4.548799514711809,,,6.0953473268600815,5.250228573329713,5.2065648251484395,5.018559887162254,5.213594657007224,5.494763636635576,
ENSMUSG00000046191-S,4.137161815227484,3.8524636464395727,4.188661827798793,,,3.77734814607362,3.578907283604972,4.01787370251873,3.893290717484193,4.061639545947828,3.50770887389526,
ENSMUSG00000046280-S,2.792247919928092,2.625509064456788,4.438449685700989,,,2.60519275062505,2.5978233785255886,3.5914582317488906,3.8006734726731857,3.145548524333338,2.817968824125128,
ENSMUSG00000046410-S,2.5214694711790284,2.0365428043664457,2.4083924121471316,,,2.267100056198125,3.3596848186603263,2.363257137421632,2.4905071181678275,2.5133708470354534,3.613396190469504,
ENSMUSG00000046480-S,9.35872890081755,9.03142017731839,8.520618958875602,,,8.344967843142236,8.5244924402085,9.569079317947605,9.045967025164558,10.022694169973748,9.304019725686391,
ENSMUSG00000046561-S,0.0,0.0,0.8966708824695038,,,2.267100056198125,1.8183855359868224,0.0,0.9440719876953962,0.0,0.0,
ENSMUSG00000046613-S,5.095572718780858,4.631493946766409,5.34487053258863,,,3.77734814607362,5.081050642191776,4.135963911216731,5.720859883013014,4.662920305381572,5.3796475820574,
ENSMUSG00000046785-S,6.971184145172681,6.978867088065993,7.229639090569199,,,7.684119504814211,7.33875371145048,6.937764210924323,7.144051857966631,7.310786380567531,7.157674601149086,
ENSMUSG00000047085-S,7.601569498832792,7.720712332877483,7.722948405839837,,,7.399137084945248,7.753439773228509,7.507887663698476,7.925258530161719,7.63517445484748,7.679679725824699,
ENSMUSG00000047181-S,3.9283702031886953,3.952227049760956,4.9212461584542915,,,5.0347241181852604,5.184918256544655,4.768375462585618,5.473322366074002,4.1912673292218585,3.2698215982021024,
ENSMUSG00000047307-S,2.792247919928092,2.3608744879735837,2.1528517044067006,,,1.8247124464825184,1.8183855359868224,2.706436814589186,0.9440719876953962,3.3811519668481234,2.817968824125128,
ENSMUSG00000047368-S,6.241863885677287,6.775991154082753,6.357655769770256,,,6.69996438414535,6.482851590077713,6.526644025837436,6.456993132112383,6.608000046327656,6.791748012875061,
ENSMUSG00000047539-S,5.7640420914124455,5.473675601093939,5.854905315546002,,,6.0953473268600815,6.095566092470916,5.49878083796507,5.818570789304804,6.298423168760387,6.251981243359341,
ENSMUSG00000047591-S,3.0201464606670347,4.133174301385899,4.548799514711809,,,5.0347241181852604,3.677173021775615,5.454006017166845,4.14005191965989,5.213594657007224,4.193025736535522,
ENSMUSG00000047604-S,3.811428095751732,3.952227049760956,3.503498654563891,,,4.131372643555347,3.937239890567626,4.6141251428220995,4.35070720586557,4.570627257209177,3.613396190469504,
ENSMUSG00000047649-S,6.1724273821695075,6.405490910908879,6.402435557345951,,,6.385893945030639,6.787868570005028,6.6900106035365665,6.8410417283324225,6.584593220441917,6.377298405830814,
ENSMUSG00000047935-S,3.5445780000758984,4.045535688217926,3.7076029991272086,,,3.77734814607362,3.677173021775615,4.135963911216731,3.8006734726731857,3.0115472012359445,3.804043719866039,
ENSMUSG00000048038-S,4.481395701641587,3.2131345784895036,3.1302528173062325,,,4.326805502244239,2.952016909406638,4.346585755776222,3.480712338875618,4.310202091370707,3.613396190469504,
ENSMUSG00000048126-S,1.127908297400936,1.6174904035785849,1.4454776237320806,,,3.1088743174978104,2.1273528570580367,0.0,2.710107810154817,2.0495205232084777,0.8988096753164998,
ENSMUSG00000048186-S,3.5445780000758984,3.952227049760956,4.255278822354986,,,4.326805502244239,3.4734560020283936,2.9834669963003715,3.5954333501320948,3.4859383607508043,2.412140613208748,
ENSMUSG00000048218-S,3.5445780000758984,4.631493946766409,2.9807782637889133,,,3.636988544242049,4.463177213100735,4.01787370251873,4.590887770328477,3.4859383607508043,3.9724131580259057,
ENSMUSG00000048240-S,9.679696212841703,9.839629936461275,9.078056876656367,,,9.031923891473992,9.714105562891165,10.461893117257176,9.977432328911403,9.87011932825899,9.720951848612934,
ENSMUSG00000048546-S,5.2383249933398455,4.690467266763643,5.719892354591473,,,5.863026295196434,5.485393293004125,5.259564849484186,5.7947564475811975,6.326915017327909,5.7244215983780675,
ENSMUSG00000048782-S,2.792247919928092,2.625509064456788,0.0,,,0.0,1.424693889909158,1.252033481761931,1.9152733459730824,3.4859383607508043,2.15643154456857,
ENSMUSG00000049047-S,4.137161815227484,4.438564436711204,5.001060685730714,,,3.77734814607362,4.224043439660156,4.839726816948395,5.174331889531738,4.061639545947828,4.88407967019736,
ENSMUSG00000049124-S,0.0,1.0244644241439549,1.4454776237320806,,,1.8247124464825184,0.8814983508565049,2.9834669963003715,1.9152733459730824,2.3000078836598825,2.15643154456857,
ENSMUSG00000049411-S,3.5445780000758984,3.042544284410344,0.8966708824695038,,,3.1088743174978104,2.1273528570580367,3.4158104165687497,3.219642216040465,2.8638130617722606,2.629277784575916,
ENSMUSG00000049643-S,4.402727738483788,4.570006841743199,5.001060685730714,,,4.856288740733605,4.804941818439524,4.90771502599764,5.018559887162254,5.439148675192057,4.88407967019736,
ENSMUSG00000050002-S,5.524998582818621,4.747124296715516,4.9212461584542915,,,5.336520529995646,5.98480093952982,6.102378460546361,5.7705423991131415,5.764861563346892,5.9017800603685595,
ENSMUSG00000050240-S,4.231221059285832,4.215792685306175,4.494679407108428,,,3.77734814607362,4.889365515122079,5.454006017166845,3.5954333501320948,5.515399979759172,5.1175517766974465,
ENSMUSG00000050272-S,6.264286075457586,5.9784758302566035,6.6453408294344705,,,6.068272311681,6.003862487740904,5.542207775347679,5.720859883013014,6.584593220441917,6.6622785724739995,
ENSMUSG00000050315-S,4.481395701641587,4.631493946766409,4.379939189629966,,,3.4814869927558276,3.855651169204714,4.53033944780547,4.534486340402758,4.522167862499306,4.12317059208696,
ENSMUSG00000050473-S,6.022645101427404,5.880573584989401,4.7470084774202475,,,4.791544335231516,6.113227516804359,6.8712102830196145,5.588609598366368,6.536608523052639,5.793510971375659,
ENSMUSG00000050549-S,3.811428095751732,4.570006841743199,3.6091572619433543,,,2.8789038053543625,3.578907283604972,4.135963911216731,3.068947160363723,4.3661839061440535,3.613396190469504,
ENSMUSG00000050552-S,6.9574889033554745,7.13563286226961,7.30233008144014,,,7.399137084945248,7.730736433788912,7.692675314875759,7.515844328769899,7.723550402125067,7.807663790072375,
ENSMUSG00000050555-S,1.127908297400936,1.0244644241439549,1.4454776237320806,,,1.1834433053749518,0.0,0.0,0.0,1.7462107371414175,0.0,
ENSMUSG00000050587-S,8.384145040702094,8.208225397047691,7.857688607409595,,,7.891418261035543,8.592178427253593,8.664832340423278,8.357897777014124,9.368765048866663,8.89368168919501,
ENSMUSG00000050711-S,8.728579426419701,9.037111660666634,9.000074864470163,,,9.18470221720055,8.710030415785386,8.878974956670119,9.040914525748128,9.425857468648251,8.84297663503715,
ENSMUSG00000050973-S,3.0201464606670347,3.6295017433582815,4.318955043669765,,,2.267100056198125,3.855651169204714,3.5914582317488906,3.701700061705504,3.5836265212987755,3.50770887389526,
ENSMUSG00000051391-S,10.328665450419496,10.295222229374271,10.499749459494184,,,10.417346876352706,11.331789160843998,10.51598888355831,10.838689263338722,10.84246435120127,11.072582956748349,
ENSMUSG00000051451-S,3.5445780000758984,4.690467266763643,3.503498654563891,,,3.905254781686303,4.715269056070795,5.034774158225798,4.534486340402758,4.1912673292218585,4.605389347702585,
ENSMUSG00000051615-S,6.782124449201178,7.507681392880743,7.841518377214648,,,7.48353750138407,6.673478973456704,6.6900106035365665,7.551808860306952,7.045287793596419,7.442158891931357,
ENSMUSG00000051674-S,6.219087704031037,5.775540810837221,6.279788357668961,,,6.429100257947972,6.482851590077713,6.390704454364174,6.26235750448008,6.63103316616467,6.184989158780298,
ENSMUSG00000051811-S,3.6841640601517023,3.365669685238544,3.1302528173062325,,,2.60519275062505,3.4734560020283936,2.9834669963003715,3.3560746442565823,3.5836265212987755,2.9848109526219546,
ENSMUSG00000052085-S,1.127908297400936,1.0244644241439549,1.8420916757217696,,,1.8247124464825184,2.1273528570580367,1.9120895180850064,0.0,2.0495205232084777,1.448400923237856,
ENSMUSG00000052336-S,7.11382884086538,8.162090805136835,7.650545226664898,,,7.409961136701454,8.260921523400816,8.470589156398674,8.15773537369074,7.964744762146604,7.756671190986539,
ENSMUSG00000052516-S,7.050732822518285,7.342837708011048,7.144328620541878,,,6.785572128959638,7.011537293732101,7.702278994404797,7.0765257648457665,7.045287793596419,7.058236698548599,
ENSMUSG00000052593-S,4.93712844409818,4.904855646645649,4.600962596990739,,,4.791544335231516,5.044697112081977,5.151543247134289,5.05910784669898,4.706943200969149,5.005533443185442,
ENSMUSG00000052712-S,6.5644987185263295,6.405490910908879,6.09207336471098,,,6.295394277517506,6.9440585552474525,6.765242729484086,6.886815511532227,7.045287793596419,7.020307954874572,
ENSMUSG00000052848-S,2.792247919928092,3.8524636464395727,3.7076029991272086,,,2.60519275062505,4.287644323036166,3.8892486258592904,3.8006734726731857,3.7611506373277046,4.0497601938964145,
ENSMUSG00000053063-S,2.792247919928092,3.5036083467238193,2.8140077179681233,,,1.8247124464825184,2.7857626338523107,4.53033944780547,3.068947160363723,3.268154397447143,3.50770887389526,
ENSMUSG00000053192-S,8.654121199826761,9.022840629988004,9.078056876656367,,,8.941564837722556,9.703942498886905,9.569079317947605,9.517214896010174,9.560923162063226,9.584653328077213,
ENSMUSG00000053519-S,4.6945318867907435,5.047029067347918,5.2500478370637875,,,5.765260051579519,5.733946357153648,4.768375462585618,5.174331889531738,5.273374291794299,5.5221625877843605,
ENSMUSG00000053916-S,2.5214694711790284,2.625509064456788,2.8140077179681233,,,3.636988544242049,4.087756923331383,4.01787370251873,2.900655540153005,3.268154397447143,2.817968824125128,
ENSMUSG00000053980-S,1.127908297400936,1.6174904035785849,1.4454776237320806,,,0.0,0.0,0.0,0.9440719876953962,1.3616795639125414,0.8988096753164998,
ENSMUSG00000054162-S,8.434445666519583,8.09273427525985,7.606568786582609,,,7.513956693047122,7.383105236883253,8.419104570297987,7.857904673869407,8.107072246744108,7.840684300581416,
ENSMUSG00000054484-S,4.231221059285832,4.904855646645649,3.7076029991272086,,,4.415414689294443,4.287644323036166,5.360058715819535,4.14005191965989,5.0523183935005855,4.7514535167859515,
ENSMUSG00000054690-S,4.036539844336298,2.3608744879735837,3.7997580332578047,,,1.1834433053749518,2.5978233785255886,3.7480232874605903,3.980319160809084,3.3811519668481234,4.12317059208696,
ENSMUSG00000055003-S,8.337324433853318,8.666784989604963,8.048214662632951,,,8.11955160248265,8.36778374451021,8.407409683404882,8.657649279410764,8.738808549299673,8.314159051654254,
ENSMUSG00000055200-S,4.137161815227484,3.365669685238544,3.7997580332578047,,,4.022739200867584,2.7857626338523107,3.8892486258592904,4.590887770328477,3.7611506373277046,3.9724131580259057,
ENSMUSG00000055202-S,3.5445780000758984,4.505782068917277,4.699950300997299,,,3.307176954881424,4.92979423239614,3.7480232874605903,3.893290717484193,4.310202091370707,4.7514535167859515,
ENSMUSG00000055214-S,6.099479190791413,6.762311928865355,5.4902494834976645,,,5.765260051579519,5.885521873236442,7.001382809251415,6.487024615680451,5.700990592947135,6.392224509053216,
ENSMUSG00000055692-S,8.051741283726955,7.918681701240496,8.125930288146874,,,7.441954403373496,8.37145765000842,8.383731602592025,8.208187234098169,8.302653937935396,8.568574907843521,
ENSMUSG00000055760-S,3.6841640601517023,2.0365428043664457,2.4083924121471316,,,2.267100056198125,2.7857626338523107,3.5914582317488906,2.900655540153005,3.9192043340289806,3.613396190469504,
ENSMUSG00000056004-S,5.326204625707964,4.854170744149985,5.217002839612216,,,5.3812080253052255,5.639599293909598,5.454006017166845,5.348015979617434,5.358641234599949,5.3796475820574,
ENSMUSG00000056069-S,4.6945318867907435,5.047029067347918,4.118819223500774,,,4.498895059411287,4.804941818439524,5.31068661896662,4.414603722801029,4.749662448503417,5.187672995329554,
ENSMUSG00000056076-S,6.600191559769663,6.507410213928654,6.542394903744575,,,6.173650968882752,6.914144099027086,7.001382809251415,6.886815511532227,6.664907690718361,6.546962151410839,
ENSMUSG00000056091-S,9.115276580735609,8.982113979155953,9.136659733164208,,,8.971100040247164,9.62303824253356,9.381570302246876,9.53708748297386,9.742416888774857,9.99474561627948,
ENSMUSG00000056145-S,4.93712844409818,5.439701828856735,5.2500478370637875,,,5.3812080253052255,5.485393293004125,5.151543247134289,5.05910784669898,4.870717476339724,4.49909163489714,
ENSMUSG00000056687-S,2.5214694711790284,2.0365428043664457,2.8140077179681233,,,2.8789038053543625,2.1273528570580367,2.706436814589186,1.5098994093134157,1.7462107371414175,2.15643154456857,
ENSMUSG00000057098-S,6.509247046123541,5.9784758302566035,5.113068266171491,,,4.791544335231516,5.1165105940161535,6.240610558611428,6.330195854400267,5.611177565255836,5.770846826546299,
ENSMUSG00000057132-S,0.0,2.0365428043664457,1.4454776237320806,,,2.60519275062505,1.8183855359868224,0.0,1.9152733459730824,1.3616795639125414,0.0,
ENSMUSG00000057457-S,3.811428095751732,3.365669685238544,2.9807782637889133,,,1.1834433053749518,2.1273528570580367,3.5914582317488906,3.480712338875618,1.7462107371414175,2.15643154456857,
ENSMUSG00000057969-S,1.127908297400936,2.625509064456788,1.8420916757217696,,,1.8247124464825184,1.8183855359868224,0.0,3.068947160363723,1.7462107371414175,1.448400923237856,
ENSMUSG00000058153-S,5.969050566682266,5.332699165065053,6.842387597545404,,,6.49157636657488,6.8938508744117195,4.53033944780547,6.379060000544352,6.852978284180263,7.039396967412493,
ENSMUSG00000058260-S,5.597431727078145,5.134579706307527,5.375141946360958,,,4.326805502244239,5.885521873236442,6.854080759874858,6.077338407715166,5.634160412238118,5.3796475820574,
ENSMUSG00000058498-S,3.39002549525068,3.042544284410344,2.8140077179681233,,,3.1088743174978104,3.1010766827490013,3.7480232874605903,3.8006734726731857,3.3811519668481234,3.613396190469504,
ENSMUSG00000058669-S,1.127908297400936,2.3608744879735837,0.0,,,0.0,0.0,2.706436814589186,2.2313720798832146,3.145548524333338,2.412140613208748,
ENSMUSG00000059534-S,8.679370005861006,8.738403338656738,8.520618958875602,,,8.630586010735396,9.358211193791282,9.369565873633707,9.088213521266782,9.108562302939667,9.298088044104508,
ENSMUSG00000059751-S,1.7531052066154809,1.0244644241439549,0.0,,,1.8247124464825184,0.8814983508565049,0.0,1.5098994093134157,0.8358601519897243,0.0,
ENSMUSG00000059923-S,7.873610597748416,8.025611471868313,7.814158594934983,,,8.383918857291478,8.701298905349212,8.158076479557899,8.357897777014124,8.6542046137944,8.66698077030417,
ENSMUSG00000060862-S,4.036539844336298,3.365669685238544,2.1528517044067006,,,3.307176954881424,4.6196509752931405,3.8892486258592904,3.701700061705504,4.1912673292218585,3.50770887389526,
ENSMUSG00000060969-S,1.7531052066154809,1.6174904035785849,0.8966708824695038,,,0.0,0.0,0.0,0.0,0.8358601519897243,0.0,
ENSMUSG00000060988-S,5.326204625707964,5.571045223435882,4.836756107811352,,,5.3812080253052255,5.1511198444644375,5.883481449087959,5.174331889531738,5.656782864836955,5.1175517766974465,
ENSMUSG00000061207-S,6.685741501760474,6.84250684829306,6.6453408294344705,,,6.4710501503060005,7.642267552889171,7.663474636520845,7.0765257648457665,7.062333668421332,7.413181839629467,
ENSMUSG00000061666-S,6.635022623928105,6.60260206839698,6.729760954535108,,,6.590042775979223,6.862865571787131,7.0473208306339385,6.313532969080742,5.977480332232857,6.637437462815353,
ENSMUSG00000062175-S,0.0,1.6174904035785849,1.4454776237320806,,,1.1834433053749518,0.0,0.0,0.0,2.0495205232084777,0.0,
ENSMUSG00000062198-S,4.626925670761378,5.0914684164966,3.886378258490339,,,4.022739200867584,3.578907283604972,4.768375462585618,3.893290717484193,4.251959975632417,4.5532192713349815,
ENSMUSG00000062296-S,7.743992733404249,7.423272870951672,7.437568781343009,,,6.271853643578646,6.523045441807172,6.728117001564042,6.757267392522311,6.872438429342408,6.599354918082385,
ENSMUSG00000062580-S,7.298978873558221,7.081579628453096,7.126644022769523,,,7.388231209718052,7.541509315862912,7.63367069439314,7.378400751675888,7.427210240372656,7.463516015197551,
ENSMUSG00000062761-S,5.561669687029291,6.314687646922411,5.938369101609992,,,6.49157636657488,7.066965860424788,6.482738823713279,6.655161433313774,6.719655517259492,6.4216212782822835,
ENSMUSG00000062778-S,2.1878468093344487,1.0244644241439549,1.4454776237320806,,,1.8247124464825184,1.424693889909158,3.4158104165687497,1.5098994093134157,3.6751174087359417,1.448400923237856,
ENSMUSG00000062867-S,4.6945318867907435,4.904855646645649,4.494679407108428,,,4.652627462197849,5.184918256544655,4.90771502599764,5.44300126169156,5.330775133617914,5.254543412253529,
ENSMUSG00000062908-S,5.855491317062777,5.439701828856735,5.34487053258863,,,5.73114144399951,5.250228573329713,5.31068661896662,5.05910784669898,6.130787588069941,5.005533443185442,
ENSMUSG00000062961-S,6.048713782854405,6.047775177621231,6.7530006691109925,,,5.696196373423662,6.697093996096988,6.746799284528518,6.456993132112383,6.098099445781234,6.879107083564174,
ENSMUSG00000063019-S,6.391959440402942,6.38778172257297,6.263697532218725,,,6.295394277517506,7.076000393991549,6.390704454364174,6.559477155905074,6.209407449962355,6.814088686631359,
ENSMUSG00000063450-S,4.481395701641587,4.045535688217926,5.0393709389050985,,,4.23239580385111,3.578907283604972,4.346585755776222,4.414603722801029,4.251959975632417,4.44285378614437,
ENSMUSG00000063511-S,9.316436980063726,9.037111660666634,9.289510662887174,,,8.411110908697623,8.378777512140056,8.849026801690963,8.91402156684595,8.759859638382698,8.718225000539364,
ENSMUSG00000063576-S,6.734737714633829,6.96698975467689,7.099703901638776,,,6.682215923708494,7.300723252448266,7.001382809251415,7.0765257648457665,6.762005444373055,7.148912738080676,
ENSMUSG00000063600-S,2.792247919928092,3.2131345784895036,2.1528517044067006,,,1.1834433053749518,2.952016909406638,3.215773920361264,2.2313720798832146,3.0115472012359445,1.448400923237856,
ENSMUSG00000063873-S,7.70354301533422,7.829663717442339,8.4261910214081,,,8.421845828702272,8.4569361789357,8.239482231944343,8.417590465557199,7.955650416212684,8.298398483774148,
ENSMUSG00000063875-S,1.127908297400936,2.3608744879735837,2.8140077179681233,,,1.1834433053749518,2.1273528570580367,2.363257137421632,0.9440719876953962,2.5133708470354534,1.8454221841165777,
ENSMUSG00000064325-S,5.368215294388512,4.505782068917277,5.001060685730714,,,4.498895059411287,5.044697112081977,5.814313516643948,4.747957996456652,4.420074324097543,4.0497601938964145,
ENSMUSG00000064341-S,15.19762773016094,15.071754026223587,14.782729197753495,,,14.547435833607755,15.313439761218763,15.53805100687972,15.138741338366271,15.224185745986818,15.35082789006766,
ENSMUSG00000064370-S,15.46266435800574,15.195446187549356,14.872172533022129,,,14.639267610796193,15.352767937361056,15.649443141789144,15.301533573065798,15.577384822424136,15.39210632961384,
ENSMUSG00000065979-S,5.524998582818621,5.571045223435882,5.811289959023757,,,5.6236595680045784,5.312709918582393,5.407796954309,5.818570789304804,6.524358760451273,6.251981243359341,
ENSMUSG00000066090-S,1.7531052066154809,0.0,0.8966708824695038,,,1.1834433053749518,1.424693889909158,2.363257137421632,0.0,1.7462107371414175,1.448400923237856,
ENSMUSG00000066129-S,5.7322238417293825,5.632489017788991,5.958501814593637,,,5.9545856661806,5.945905238011381,5.360058715819535,6.487024615680451,6.0646534614533305,6.362216261542825,
ENSMUSG00000066233-S,4.402727738483788,4.747124296715516,4.699950300997299,,,4.326805502244239,5.77890269791347,5.034774158225798,4.796731486939921,5.213594657007224,5.3184511329259045,
ENSMUSG00000066705-S,7.024700929382427,7.677636522171511,7.752075872165419,,,7.995690253891448,8.576348386604094,7.120775941056437,7.963143435813212,7.60058602618965,8.019554968001971,
ENSMUSG00000066842-S,1.127908297400936,2.0365428043664457,2.625408260291476,,,1.1834433053749518,0.8814983508565049,1.9120895180850064,2.2313720798832146,0.0,0.8988096753164998,
ENSMUSG00000066880-S,5.561669687029291,5.802524540324048,4.7470084774202475,,,6.121923572062239,5.885521873236442,5.360058715819535,5.473322366074002,5.634160412238118,5.982901028228473,
ENSMUSG00000067071-S,3.9283702031886953,3.952227049760956,4.379939189629966,,,4.652627462197849,5.081050642191776,4.245115061327776,4.590887770328477,4.706943200969149,4.3843344898943,
ENSMUSG00000067795-S,2.1878468093344487,1.6174904035785849,1.4454776237320806,,,0.0,1.8183855359868224,0.0,0.9440719876953962,1.7462107371414175,0.0,
ENSMUSG00000067873-S,7.20937200312546,6.647941763197832,7.161799062479744,,,6.785572128959638,6.263145046079862,6.953933793464587,6.8293677037134595,6.762005444373055,6.95143429903444,
ENSMUSG00000068015-S,4.231221059285832,4.293934962094727,4.494679407108428,,,4.415414689294443,4.407006245450018,5.2065648251484395,4.475789898725806,4.127908848497372,4.3843344898943,
ENSMUSG00000068079-S,1.127908297400936,2.0365428043664457,0.0,,,0.0,1.8183855359868224,2.706436814589186,2.4905071181678275,1.7462107371414175,1.448400923237856,
ENSMUSG00000068267-S,6.943662408137003,6.706259891358322,6.9767749665845695,,,6.429100257947972,7.6483372819655715,7.321057093180761,7.125079028755446,7.324981079172285,7.258865131310595,
ENSMUSG00000068696-S,9.896165112299862,9.870242160540798,8.973115165789272,,,8.956408019143034,9.311163883889163,10.55890849734118,10.049641305019406,10.0335393178144,9.65904722129364,
ENSMUSG00000069237-S,7.320537200512747,7.670330498094607,7.161799062479744,,,7.420704583642466,8.005935793747346,7.653608243006654,7.312843079467221,7.522672328401433,7.477580449392421,
ENSMUSG00000069581-S,3.0201464606670347,1.6174904035785849,1.4454776237320806,,,1.1834433053749518,0.0,1.252033481761931,0.9440719876953962,1.3616795639125414,0.8988096753164998,
ENSMUSG00000070462-S,7.331196749695288,7.414553911478186,6.842387597545404,,,6.957736475616355,7.666394737069104,8.383731602592025,7.94161688577717,7.274676319712451,7.383610822360871,
ENSMUSG00000070639-S,6.391959440402942,6.632986296044445,6.706140744435435,,,6.407658840081284,6.754493829006852,6.50485843792916,6.037306737418842,7.324981079172285,7.2175614319378,
ENSMUSG00000070687-S,3.6841640601517023,4.045535688217926,3.503498654563891,,,4.23239580385111,4.287644323036166,5.2065648251484395,4.843909861384497,3.842340840334267,3.393662872112152,
ENSMUSG00000071042-S,4.555994926802841,4.747124296715516,5.001060685730714,,,3.636988544242049,3.1010766827490013,5.034774158225798,5.05910784669898,4.662920305381572,4.259654139385937,
ENSMUSG00000071253-S,4.6945318867907435,4.368061320271338,4.699950300997299,,,4.498895059411287,3.236167561083,4.01787370251873,4.283849055635033,4.310202091370707,3.711866848994471,
ENSMUSG00000071266-S,1.127908297400936,1.0244644241439549,2.625408260291476,,,1.1834433053749518,0.0,1.252033481761931,1.5098994093134157,0.0,0.0,
ENSMUSG00000071456-S,2.792247919928092,4.570006841743199,2.4083924121471316,,,2.60519275062505,3.855651169204714,3.215773920361264,3.480712338875618,3.9192043340289806,3.50770887389526,
ENSMUSG00000071632-S,5.795173714325238,6.001947425956616,6.017267216106093,,,5.547281733844252,6.413268550551798,6.342387633936613,5.932080288152712,6.354855059178326,6.492594758846733,
ENSMUSG00000071661-S,1.7531052066154809,1.6174904035785849,1.4454776237320806,,,1.8247124464825184,2.5978233785255886,3.4158104165687497,2.900655540153005,3.145548524333338,2.9848109526219546,
ENSMUSG00000071757-S,3.6841640601517023,4.368061320271338,3.6091572619433543,,,3.1088743174978104,3.937239890567626,4.441386177064962,3.980319160809084,4.4720239969047695,3.8906832365505664,
ENSMUSG00000072487-S,2.5214694711790284,2.3608744879735837,2.625408260291476,,,0.0,0.8814983508565049,0.0,2.4905071181678275,1.3616795639125414,1.8454221841165777,
ENSMUSG00000073424-S,4.6945318867907435,3.2131345784895036,4.045422674552221,,,3.1088743174978104,4.569355407885359,4.839726816948395,4.213741325458526,5.017781038509307,4.193025736535522,
ENSMUSG00000073427-S,4.555994926802841,4.570006841743199,4.318955043669765,,,1.8247124464825184,4.34855936407696,4.135963911216731,4.843909861384497,4.310202091370707,4.12317059208696,
ENSMUSG00000073805-S,3.39002549525068,2.0365428043664457,2.4083924121471316,,,3.636988544242049,2.7857626338523107,0.0,1.9152733459730824,1.7462107371414175,2.15643154456857,
ENSMUSG00000073968-S,2.1878468093344487,3.6295017433582815,2.8140077179681233,,,1.1834433053749518,2.7857626338523107,1.252033481761931,2.2313720798832146,2.6992065503008127,2.412140613208748,
ENSMUSG00000074238-S,7.150402998299737,7.228100892352356,7.144328620541878,,,6.785572128959638,7.269560174183456,7.393982823876659,7.354164381648895,7.890332349654582,7.532505913343599,
ENSMUSG00000074406-S,5.2383249933398455,4.631493946766409,4.836756107811352,,,4.791544335231516,5.68754393293477,5.094339764822258,5.44300126169156,4.4720239969047695,5.286851112344599,
ENSMUSG00000074461-S,3.811428095751732,3.952227049760956,4.379939189629966,,,4.415414689294443,4.224043439660156,5.034774158225798,4.213741325458526,5.151230510377745,4.88407967019736,
ENSMUSG00000074591-S,2.792247919928092,1.0244644241439549,0.8966708824695038,,,0.0,1.8183855359868224,3.215773920361264,0.9440719876953962,3.7611506373277046,2.15643154456857,
ENSMUSG00000074682-S,5.44873567271176,5.404908680090168,5.375141946360958,,,5.193499550623225,5.312709918582393,5.360058715819535,5.44300126169156,5.564083436445876,5.349373813158634,
ENSMUSG00000074886-S,5.632328685628324,6.113897766977886,5.811289959023757,,,5.6236595680045784,6.562149768463643,6.073068506804958,5.910081626845286,6.146858050991135,5.6518564477232065,
ENSMUSG00000075514-S,1.7531052066154809,1.6174904035785849,2.8140077179681233,,,2.8789038053543625,2.381681604991121,2.363257137421632,2.710107810154817,2.5133708470354534,3.1343429957332973,
ENSMUSG00000076435-S,2.5214694711790284,2.3608744879735837,2.1528517044067006,,,4.23239580385111,2.7857626338523107,2.9834669963003715,3.219642216040465,2.6992065503008127,1.8454221841165777,
ENSMUSG00000078307-S,8.859528187744917,8.72082929328136,8.309556879845877,,,8.038169949256611,8.585867239160649,9.112980486283814,8.984136861903199,9.419256803250883,9.300067982343698,
ENSMUSG00000078572-S,6.971184145172681,6.86827755468061,6.9767749665845695,,,6.834599934363929,7.753439773228509,7.692675314875759,7.345994260258298,7.296450631155551,7.434969009842988,
ENSMUSG00000078627-S,1.127908297400936,1.0244644241439549,2.625408260291476,,,0.0,0.8814983508565049,0.0,1.9152733459730824,2.0495205232084777,1.448400923237856,
ENSMUSG00000078676-S,6.669032545765229,6.691899872663441,6.96687041727027,,,6.363795662782939,6.8938508744117195,7.135028597621194,6.995272784976403,6.938553290123603,6.710713298215515,
ENSMUSG00000078695-S,6.391959440402942,6.490915856541785,6.775871952798021,,,6.66424639398753,7.261663078465286,6.6900106035365665,6.864110150963791,6.956899798225038,7.104286995590794,
ENSMUSG00000078908-S,4.93712844409818,4.045535688217926,4.318955043669765,,,4.131372643555347,4.760802042391417,5.034774158225798,4.283849055635033,4.982396556311253,4.49909163489714,
ENSMUSG00000079037-S,9.566969578527964,9.589553470465786,9.846278799809754,,,9.567242074535612,9.836113224346372,9.476970986551295,9.79590462036654,9.927062378178755,10.03809631422255,
ENSMUSG00000079056-S,6.546315595935331,6.930759538625702,7.371533516464906,,,7.043647917329509,7.617730000571637,7.440629363130679,7.354164381648895,7.252568330318763,7.470565371011097,
ENSMUSG00000079434-S,3.5445780000758984,4.045535688217926,3.9680910132919567,,,2.60519275062505,3.855651169204714,4.53033944780547,4.14005191965989,3.9921790295597224,4.605389347702585,
ENSMUSG00000079469-S,3.6841640601517023,3.5036083467238193,2.9807782637889133,,,3.636988544242049,4.157508899183894,3.7480232874605903,4.283849055635033,3.9192043340289806,3.2698215982021024,
ENSMUSG00000080316-S,5.192292689724378,5.176440016318316,5.517646505569963,,,3.307176954881424,4.889365515122079,5.259564849484186,5.281030051291837,4.310202091370707,4.44285378614437,
ENSMUSG00000082396-S,1.7531052066154809,1.6174904035785849,0.8966708824695038,,,2.267100056198125,2.381681604991121,2.363257137421632,2.2313720798832146,0.8358601519897243,0.0,
ENSMUSG00000084291-S,0.0,2.0365428043664457,0.0,,,0.0,1.424693889909158,0.0,0.9440719876953962,1.3616795639125414,1.8454221841165777,
ENSMUSG00000085041-S,2.1878468093344487,1.0244644241439549,1.4454776237320806,,,3.307176954881424,2.1273528570580367,2.363257137421632,3.3560746442565823,2.3000078836598825,2.817968824125128,
ENSMUSG00000085287-S,1.127908297400936,1.0244644241439549,0.8966708824695038,,,0.0,1.424693889909158,1.9120895180850064,1.5098994093134157,2.3000078836598825,0.0,
ENSMUSG00000085396-S,5.66640142861484,6.047775177621231,5.375141946360958,,,4.131372643555347,5.564555649271768,5.49878083796507,6.1542159804073755,5.53994705005325,5.700636465430905,
ENSMUSG00000086022-S,1.127908297400936,1.6174904035785849,2.625408260291476,,,1.1834433053749518,1.8183855359868224,0.0,0.0,3.145548524333338,0.8988096753164998,
ENSMUSG00000086290-S,5.326204625707964,5.8550235361182015,5.4047912205442765,,,5.58597603254172,6.23115040640026,5.778444887040087,5.503019307688792,6.194022497820422,5.982901028228473,
ENSMUSG00000086324-S,1.127908297400936,1.0244644241439549,1.4454776237320806,,,3.1088743174978104,1.424693889909158,1.252033481761931,1.9152733459730824,0.0,2.15643154456857,
ENSMUSG00000087260-S,6.195946173639724,5.802524540324048,5.462322099446743,,,6.173650968882752,6.7988240881145465,6.3176085446727495,6.441739661332237,6.560800361676979,6.6622785724739995,
ENSMUSG00000087461-S,1.7531052066154809,1.6174904035785849,0.8966708824695038,,,1.1834433053749518,1.424693889909158,2.363257137421632,2.4905071181678275,1.7462107371414175,0.0,
ENSMUSG00000087651-S,4.6945318867907435,4.904855646645649,4.548799514711809,,,4.977663099863604,4.6682520354957875,4.768375462585618,4.976839260629534,4.791153042247958,5.3796475820574,
ENSMUSG00000087674-S,4.036539844336298,3.365669685238544,2.8140077179681233,,,0.0,2.952016909406638,3.8892486258592904,2.900655540153005,4.3661839061440535,3.8906832365505664,
ENSMUSG00000089840-S,1.127908297400936,0.0,0.8966708824695038,,,1.1834433053749518,1.8183855359868224,0.0,1.5098994093134157,0.0,0.0,
ENSMUSG00000089997-S,3.6841640601517023,2.3608744879735837,3.1302528173062325,,,2.267100056198125,2.381681604991121,2.9834669963003715,3.701700061705504,2.0495205232084777,2.412140613208748,
ENSMUSG00000090015-S,3.6841640601517023,2.849043379169408,3.389486084443645,,,4.022739200867584,3.855651169204714,2.363257137421632,2.2313720798832146,2.6992065503008127,3.2698215982021024,
ENSMUSG00000090050-S,3.39002549525068,3.8524636464395727,2.4083924121471316,,,2.60519275062505,2.1273528570580367,4.01787370251873,3.219642216040465,3.145548524333338,2.817968824125128,
ENSMUSG00000090523-S,1.127908297400936,0.0,0.8966708824695038,,,0.0,0.0,1.252033481761931,0.9440719876953962,0.8358601519897243,0.8988096753164998,
ENSMUSG00000090935-S,6.391959440402942,6.237691695986564,6.431534750486238,,,6.66424639398753,6.820488657798112,7.163118327191364,6.694302871571116,6.499542714856306,6.546962151410839,
ENSMUSG00000091742-S,1.7531052066154809,1.0244644241439549,2.4083924121471316,,,2.267100056198125,3.1010766827490013,2.363257137421632,3.068947160363723,2.5133708470354534,2.412140613208748,
ENSMUSG00000091780-S,4.6945318867907435,4.438564436711204,3.2656842343095707,,,4.415414689294443,5.864819091217013,4.346585755776222,4.590887770328477,4.90891249893456,4.605389347702585,
ENSMUSG00000091971-S,3.6841640601517023,2.849043379169408,4.318955043669765,,,3.636988544242049,4.569355407885359,2.9834669963003715,3.068947160363723,4.420074324097543,4.259654139385937,
ENSMUSG00000092090-S,3.39002549525068,3.6295017433582815,2.8140077179681233,,,2.267100056198125,2.952016909406638,4.693310841844703,3.701700061705504,3.3811519668481234,2.9848109526219546,
ENSMUSG00000093677-S,3.6841640601517023,2.625509064456788,4.65130526352341,,,4.723757288584439,4.287644323036166,3.5914582317488906,3.980319160809084,4.570627257209177,4.49909163489714,
ENSMUSG00000093858-S,1.7531052066154809,3.2131345784895036,2.1528517044067006,,,1.1834433053749518,2.1273528570580367,3.215773920361264,3.5954333501320948,2.6992065503008127,2.817968824125128,
ENSMUSG00000094595-S,1.7531052066154809,2.625509064456788,2.625408260291476,,,1.1834433053749518,0.0,3.215773920361264,3.068947160363723,2.0495205232084777,2.817968824125128,
ENSMUSG00000094732-S,1.127908297400936,2.3608744879735837,0.0,,,0.0,0.8814983508565049,2.9834669963003715,0.0,2.0495205232084777,0.0,
ENSMUSG00000096883-S,3.216907381183005,2.625509064456788,3.389486084443645,,,3.905254781686303,3.937239890567626,3.215773920361264,3.5954333501320948,3.268154397447143,1.448400923237856,
ENSMUSG00000096974-S,4.759111313518454,4.904855646645649,5.2500478370637875,,,4.791544335231516,5.68754393293477,6.50485843792916,5.314911759390498,5.8458489418377955,5.770846826546299,
ENSMUSG00000097023-S,5.044667206815635,5.473675601093939,4.7470084774202475,,,3.905254781686303,5.312709918582393,4.6141251428220995,5.61604731581409,5.243794081508397,5.982901028228473,
ENSMUSG00000097061-S,4.820923400611872,4.904855646645649,4.699950300997299,,,3.4814869927558276,4.569355407885359,4.135963911216731,4.14005191965989,4.982396556311253,5.438353477716852,
ENSMUSG00000097063-S,4.137161815227484,4.045535688217926,3.2656842343095707,,,1.8247124464825184,3.769170314971537,2.9834669963003715,3.219642216040465,2.6992065503008127,3.613396190469504,
ENSMUSG00000097333-S,3.9283702031886953,4.438564436711204,3.7997580332578047,,,4.326805502244239,5.081050642191776,5.151543247134289,4.6974777412786635,3.842340840334267,4.655738528595867,
ENSMUSG00000097385-S,4.137161815227484,4.747124296715516,3.389486084443645,,,0.0,4.087756923331383,4.972642913292944,3.5954333501320948,4.870717476339724,4.655738528595867,
ENSMUSG00000097466-S,3.6841640601517023,3.8524636464395727,2.1528517044067006,,,3.4814869927558276,2.952016909406638,4.01787370251873,3.8006734726731857,4.061639545947828,3.613396190469504,
ENSMUSG00000097604-S,5.192292689724378,4.438564436711204,3.9680910132919567,,,4.498895059411287,5.663770770431704,4.693310841844703,5.61604731581409,5.611177565255836,5.7244215983780675,
ENSMUSG00000097652-S,4.555994926802841,3.042544284410344,3.7997580332578047,,,2.267100056198125,3.236167561083,5.2065648251484395,5.05910784669898,3.4859383607508043,2.9848109526219546,
ENSMUSG00000097806-S,3.39002549525068,2.0365428043664457,0.8966708824695038,,,1.8247124464825184,0.0,1.9120895180850064,3.219642216040465,1.7462107371414175,0.8988096753164998,
ENSMUSG00000098113-S,2.1878468093344487,2.0365428043664457,0.8966708824695038,,,1.1834433053749518,1.8183855359868224,0.0,1.9152733459730824,2.5133708470354534,1.8454221841165777,
ENSMUSG00000098449-S,3.0201464606670347,2.849043379169408,2.8140077179681233,,,1.1834433053749518,0.8814983508565049,1.9120895180850064,1.9152733459730824,3.5836265212987755,2.629277784575916,
ENSMUSG00000098729-S,1.7531052066154809,2.3608744879735837,0.8966708824695038,,,0.0,1.424693889909158,1.252033481761931,2.4905071181678275,1.3616795639125414,0.8988096753164998,
ENSMUSG00000099471-S,0.0,0.0,0.0,,,1.8247124464825184,1.424693889909158,0.0,0.9440719876953962,2.0495205232084777,1.448400923237856,
ENSMUSG00000099625-S,1.7531052066154809,1.0244644241439549,0.8966708824695038,,,0.0,1.8183855359868224,1.252033481761931,0.0,0.0,1.448400923237856,
ENSMUSG00000100680-S,1.127908297400936,2.849043379169408,2.1528517044067006,,,1.8247124464825184,0.8814983508565049,2.9834669963003715,1.9152733459730824,1.3616795639125414,2.15643154456857,
ENSMUSG00000100764-S,1.127908297400936,1.6174904035785849,1.8420916757217696,,,2.267100056198125,0.8814983508565049,3.8892486258592904,1.5098994093134157,1.3616795639125414,0.0,
ENSMUSG00000102543-S,3.811428095751732,3.365669685238544,3.503498654563891,,,2.60519275062505,3.1010766827490013,4.346585755776222,3.5954333501320948,3.5836265212987755,4.3843344898943,
ENSMUSG00000102556-S,2.792247919928092,3.042544284410344,2.4083924121471316,,,0.0,2.381681604991121,3.215773920361264,2.4905071181678275,2.0495205232084777,2.412140613208748,
ENSMUSG00000103038-S,4.036539844336298,3.365669685238544,2.625408260291476,,,1.8247124464825184,3.236167561083,2.363257137421632,4.534486340402758,4.570627257209177,3.613396190469504,
ENSMUSG00000103427-S,3.216907381183005,2.625509064456788,1.8420916757217696,,,1.8247124464825184,2.1273528570580367,1.252033481761931,1.9152733459730824,0.8358601519897243,0.0,
ENSMUSG00000103567-S,0.0,1.6174904035785849,2.1528517044067006,,,1.1834433053749518,0.0,1.9120895180850064,1.9152733459730824,1.3616795639125414,1.8454221841165777,
ENSMUSG00000103731-S,1.7531052066154809,1.6174904035785849,2.8140077179681233,,,1.8247124464825184,2.381681604991121,2.9834669963003715,2.4905071181678275,3.7611506373277046,2.15643154456857,
ENSMUSG00000103793-S,4.319521475349487,5.720010371260755,4.045422674552221,,,3.307176954881424,4.715269056070795,6.043150718593695,4.590887770328477,3.6751174087359417,4.3843344898943,
ENSMUSG00000103916-S,3.0201464606670347,1.0244644241439549,0.0,,,1.1834433053749518,0.0,2.9834669963003715,1.9152733459730824,3.0115472012359445,2.412140613208748,
ENSMUSG00000103983-S,4.402727738483788,4.438564436711204,3.9680910132919567,,,1.8247124464825184,4.0144604561828565,4.135963911216731,3.893290717484193,3.0115472012359445,3.1343429957332973,
ENSMUSG00000104204-S,1.127908297400936,0.0,1.8420916757217696,,,2.60519275062505,1.424693889909158,1.252033481761931,1.9152733459730824,1.3616795639125414,2.15643154456857,
ENSMUSG00000104508-S,1.7531052066154809,0.0,1.4454776237320806,,,2.267100056198125,0.0,0.0,0.9440719876953962,2.0495205232084777,2.15643154456857,
ENSMUSG00000104586-S,0.0,1.6174904035785849,2.9807782637889133,,,1.1834433053749518,2.1273528570580367,0.0,1.5098994093134157,1.3616795639125414,3.2698215982021024,
ENSMUSG00000104735-S,2.1878468093344487,0.0,2.625408260291476,,,1.1834433053749518,2.5978233785255886,0.0,2.710107810154817,1.7462107371414175,2.629277784575916,
ENSMUSG00000105137-S,1.127908297400936,2.0365428043664457,1.8420916757217696,,,0.0,0.0,1.252033481761931,1.5098994093134157,0.0,0.8988096753164998,
ENSMUSG00000105434-S,4.6945318867907435,2.849043379169408,3.389486084443645,,,2.267100056198125,3.236167561083,4.768375462585618,3.3560746442565823,4.1912673292218585,2.817968824125128,
ENSMUSG00000105584-S,3.0201464606670347,3.042544284410344,2.8140077179681233,,,1.1834433053749518,0.0,2.9834669963003715,3.219642216040465,1.7462107371414175,1.448400923237856,
ENSMUSG00000105601-S,0.0,0.0,0.8966708824695038,,,0.0,2.1273528570580367,1.252033481761931,0.0,0.8358601519897243,0.8988096753164998,
ENSMUSG00000106019-S,3.9283702031886953,3.5036083467238193,3.2656842343095707,,,2.60519275062505,4.087756923331383,3.4158104165687497,2.2313720798832146,3.4859383607508043,4.49909163489714,
ENSMUSG00000106032-S,3.0201464606670347,2.849043379169408,2.4083924121471316,,,2.60519275062505,2.381681604991121,2.9834669963003715,2.4905071181678275,2.8638130617722606,1.448400923237856,
ENSMUSG00000106047-S,2.5214694711790284,3.2131345784895036,0.8966708824695038,,,0.0,1.8183855359868224,3.215773920361264,3.701700061705504,2.5133708470354534,3.50770887389526,
ENSMUSG00000106093-S,4.036539844336298,1.0244644241439549,2.4083924121471316,,,2.60519275062505,2.7857626338523107,3.4158104165687497,2.2313720798832146,3.3811519668481234,3.1343429957332973,
ENSMUSG00000106767-S,1.127908297400936,1.6174904035785849,1.4454776237320806,,,0.0,0.0,1.252033481761931,1.5098994093134157,2.0495205232084777,0.8988096753164998,
ENSMUSG00000107278-S,0.0,1.0244644241439549,0.8966708824695038,,,1.1834433053749518,0.8814983508565049,0.0,2.4905071181678275,0.0,2.15643154456857,
ENSMUSG00000000093-B,1.169035828833055,2.420536794691922,2.2344845923790824,1.1490616944061631,0.996549794818076,0.0,1.0089201542886188,2.3337942340902966,0.8835379103768013,1.4381060961904937,1.8482151513686695,0.0
ENSMUSG00000000384-B,6.486256975517023,5.545779044309034,5.868937452889393,5.89359067967369,5.485098301245737,5.652457392263169,5.9716966745628905,6.143889893186952,6.0082504087257105,6.202811287750556,5.884569353957416,5.903783585000353
ENSMUSG00000000555-B,2.246663788354165,1.667597390739755,0.0,1.1490616944061631,0.996549794818076,1.516186176602071,0.0,0.0,0.8835379103768013,1.4381060961904937,0.900604630476427,1.0234847419496351
ENSMUSG00000000562-B,2.583628536214724,1.2935081824757793,1.918179767477204,0.0,1.994821593098696,0.9487275708515492,0.0,1.5948577153675143,0.8835379103768013,1.8336891264456736,2.159433125265605,2.359322344576064
ENSMUSG00000000627-B,5.311322345944074,5.792367944689754,5.6468474578057855,5.80209820933566,5.721142432420951,5.255756822274886,6.167283630040462,6.406959402893037,5.848194676091759,5.986460914069973,6.350795720662249,6.068255577737103
ENSMUSG00000001021-B,0.0,2.2104153203182793,0.0,2.5535532966333583,0.996549794818076,0.9487275708515492,1.0089201542886188,0.0,2.130791176299231,0.0,1.450853040369649,1.0234847419496351
ENSMUSG00000001029-B,2.583628536214724,2.6039096794870713,1.51246595043351,1.7804748308724707,3.315711772380074,2.238994121667222,1.5968438254781343,1.0074277664920572,2.385284659426389,0.0,2.4152830223730466,1.0234847419496351
ENSMUSG00000001418-B,6.360362342820388,6.142806111774644,5.868937452889393,6.034257418147882,6.037590362254681,6.306230170180291,6.146815970260121,6.184537728388995,6.298846080989826,6.420004594339444,6.795581545700528,6.235789659983958
ENSMUSG00000001555-B,3.613239691404382,3.6564816778911298,3.072430133264163,3.7199457983154702,2.993956715289905,3.0774748161582,4.104208177392387,2.5973209506378527,2.9558989561580975,3.6968334167431,3.807635516468859,3.363929204552695
ENSMUSG00000001767-B,5.837630861277877,5.714762188283145,5.673281182073652,6.388935774164417,5.2786710971260185,6.144917498853833,5.661288114362257,6.45759152826845,5.155451869157071,5.585423892173066,5.383423187753583,6.000049927262916
ENSMUSG00000001864-B,5.739896020683038,5.429140046423259,5.619920348556439,5.133213798857543,5.08075782937359,5.704853278078909,5.187219403336857,5.769431969412283,4.809239875036287,5.333492860055802,5.290620552913764,4.95195479285147
ENSMUSG00000001918-B,2.583628536214724,2.2104153203182793,0.9459719702367412,1.7804748308724707,3.315711772380074,3.4895255802116,3.015574261233889,2.820064919656635,1.821580401267869,2.804006512785884,3.3971636439971347,3.363929204552695
ENSMUSG00000001946-B,5.355990166753498,4.554228205452251,5.28488204080405,4.356364842565787,4.385738477574488,5.389823511734513,4.602011293767844,5.440739371474874,5.085376433305287,5.171839666559339,4.887817239450957,4.852309835227633
ENSMUSG00000002068-B,4.952647074754181,5.328524738370655,5.699239277079914,4.974639576690689,4.900212737484373,4.986210429671472,5.409681990950544,5.795909145224039,5.691914851538447,5.422448507070198,5.2583106116147835,5.718119368391722
ENSMUSG00000002500-B,0.0,0.0,0.9459719702367412,1.1490616944061631,0.0,0.0,0.0,0.0,0.8835379103768013,2.1438173585239833,0.900604630476427,1.0234847419496351
ENSMUSG00000002550-B,6.148168774324747,5.653689315962776,5.47718702733986,6.21065707058328,5.721142432420951,5.512484097753951,6.302961075839799,5.658378813238103,6.0082504087257105,5.9268942421437405,5.946716236479624,5.853129264063206
ENSMUSG00000002718-B,6.315831793333798,7.3013431496653745,7.019942089663767,6.78911170869269,6.838641587936454,7.0256220264663725,7.460627398447593,7.281508299160654,7.465468024611947,7.433124257552774,7.071404702353331,7.631316990016925
ENSMUSG00000002732-B,3.283965590594543,2.766581548621033,2.2344845923790824,2.5535532966333583,1.994821593098696,3.228283957404142,2.5997989305116143,3.0129736021557663,2.789574405893652,3.1199240906364327,2.4152830223730466,3.211414963633655
ENSMUSG00000002984-B,7.072552444374812,7.926924945026043,7.791187334777103,7.247873591971694,7.585584237631034,6.918766298885341,7.6324051502078625,7.860243442039378,7.871540209690211,7.867354693133149,7.772010337224417,8.029405647842369
ENSMUSG00000004031-B,7.881048931125736,7.470251523869388,7.856083743753215,7.304536592049244,7.906009390106131,7.227155030854308,8.326068762005633,8.118051688067819,8.093052313642978,7.669547210733801,8.004053134009968,7.760620478486974
ENSMUSG00000005124-B,0.0,2.9127557664605015,3.4843121650326756,2.8254764233515712,3.4531523681486243,3.604312672055639,3.1857451226598252,3.0129736021557663,3.681282350118108,3.4928652304846852,1.8482151513686695,3.040850773071988
ENSMUSG00000005251-B,2.246663788354165,0.0,1.51246595043351,1.1490616944061631,0.0,3.3648098756902893,2.3361739877134577,1.0074277664920572,1.427492445617763,0.0,0.0,1.0234847419496351
ENSMUSG00000005360-B,9.612190603396572,10.87789697283734,10.77025117465118,10.7758281239321,10.48895114144502,10.824139538792544,10.997201934506569,10.82296903772842,10.916198673707092,11.012803470080504,10.88670990346204,11.132708440881403
ENSMUSG00000005469-B,9.155748835120583,9.057659409017388,9.189231349617923,9.144686281395366,8.978946914894788,8.759984138786693,9.346432930873046,9.538359413162,9.512036230604656,9.606858989467849,9.535577145754113,9.406273079002716
ENSMUSG00000006019-B,1.8062115994418957,3.8136381226818834,3.7053501275360574,2.5535532966333583,3.6940636500133506,2.9090408667943133,2.822613016020247,3.4729083321478047,3.582992083521086,4.307875937252778,3.894291156871041,4.131356625746441
ENSMUSG00000006179-B,0.0,0.7871122724200131,2.7134578716552697,1.1490616944061631,2.3164037990780786,0.0,2.013359633899684,1.0074277664920572,0.0,0.0,0.900604630476427,0.0
ENSMUSG00000006412-B,8.737339525267325,9.282749630543456,9.16615066683178,9.3895944872182,9.137761796889988,9.255479996008324,9.433501381843254,8.989202768710134,9.455865565645288,9.412443646147125,9.295994112712789,9.343436618905594
ENSMUSG00000006456-B,5.739896020683038,5.84794991660125,4.9377004768361745,5.230006352655126,5.774576940347143,5.2904594578523545,5.994784813989279,5.33637699313304,5.8899038653670095,5.754864143560435,5.498546359231696,5.600206317803025
ENSMUSG00000006920-B,6.975691730612013,6.844509498858307,6.924138216802051,6.866427471700299,6.7875695733242924,6.850635085271513,7.115688547188384,7.281508299160654,7.015960075704917,7.15021500837408,7.024146596480352,6.91656610065645
ENSMUSG00000007670-B,6.887155860601215,6.700961355846783,7.147977478289584,7.259385630092527,6.7875695733242924,6.779126209160966,7.094470149636999,7.080796660587865,7.015960075704917,7.051404618894501,7.052686810117969,7.16520449212228
ENSMUSG00000007721-B,6.638660088735596,6.807604756737513,7.070539983084559,6.7569866806717584,6.813331565195347,6.323089185435464,6.357417254467795,6.9804838332779156,6.996999872489513,7.079030980396243,7.262708308577455,6.746592101150911
ENSMUSG00000007837-B,4.207939041009724,4.144796114547888,4.479565985314829,3.847461540633596,3.900443523749156,4.359911886872493,3.823877269588491,3.598550992932378,4.6725342681339965,3.95717341038548,4.800759870255176,4.43672579137573
ENSMUSG00000008668-B,7.9482322837005315,8.53834521792215,8.409789774272756,8.17180871532718,8.241041612376815,8.814652589095186,8.850636743984063,8.33218388760927,8.717375883548824,8.542446518436643,8.555913050318175,8.3728799541097
ENSMUSG00000008855-B,8.427810482271592,7.578271894258268,8.33725283142028,8.14102298949468,7.714223328108866,7.820823737398006,7.924602436607064,8.086225046494349,7.972052819159003,7.872626361708632,7.811514948592197,7.807933237163778
ENSMUSG00000008958-B,7.786308901827037,7.347068411428345,7.414025597707111,8.010857484283644,7.516690911479071,7.65761585163879,7.844256110151658,8.12850643276634,7.545942701921156,7.81355064484566,8.03298964123097,7.675718346816431
ENSMUSG00000010025-B,5.441379412747367,6.270337982547097,6.061355669531017,5.276071527462864,5.693664208559246,5.941599799027664,6.357417254467795,6.45759152826845,6.329483040224206,6.080579204516653,6.319819990397912,6.5055038194084895
ENSMUSG00000010044-B,4.107016405932684,2.6039096794870713,1.918179767477204,3.0541845677253745,2.3164037990780786,3.4895255802116,2.5997989305116143,3.714122785565889,3.1050152051192725,3.4928652304846852,2.9881912580676815,3.950424061994663
ENSMUSG00000015189-B,6.506211336740633,6.730836393283381,6.890735683357632,6.9681484167675105,6.721077104314512,6.624507452978814,7.246486337776869,7.184640111880604,7.176242739027,7.502776062163452,7.204545202059565,7.245953719171147
ENSMUSG00000015224-B,5.168368589552175,5.953074895619026,5.214628727030609,5.320711241263756,5.452680320776906,6.106481828594538,5.994784813989279,5.658378813238103,5.405985722440424,5.77752361484972,5.7282169300451296,5.569158200946751
ENSMUSG00000015980-B,3.4579763234462466,3.6564816778911298,2.904080281226693,2.5535532966333583,2.993956715289905,2.9090408667943133,4.016680301357339,2.820064919656635,3.582992083521086,1.8336891264456736,2.8212892783330923,2.8473834642060067
ENSMUSG00000017264-B,6.709220819725195,5.611488754228909,5.535985476431197,6.162419024793232,6.2969597255886764,6.026395027640199,6.0836108349386455,6.599626420321873,6.283280119580984,6.59604594315731,6.641267059281245,6.090292576656598
ENSMUSG00000017405-B,2.246663788354165,1.2935081824757793,2.904080281226693,1.1490616944061631,2.8014352230686144,3.604312672055639,2.013359633899684,3.4729083321478047,2.130791176299231,2.3989312282184883,1.8482151513686695,2.359322344576064
ENSMUSG00000017801-B,6.0152321201233825,6.310460700458159,6.334100318299137,6.280118499214487,6.015565670083691,6.046837361187159,6.061911765745391,6.336561299113642,6.553642157914911,6.268273251285974,6.439921832959732,6.5055038194084895
ENSMUSG00000017837-B,4.766642199529245,3.1670024629229987,4.2174820653654965,4.072967521240352,3.578630808151181,3.902318963280511,4.924086758981448,4.336008310520878,4.467432706953443,4.107827408326218,4.327016200364572,4.292105696052246
ENSMUSG00000017858-B,6.0152321201233825,5.453234459393591,5.749794959804313,5.635401649485209,5.516803815794792,5.625528134819634,6.0836108349386455,5.769431969412283,5.783278915589941,5.635899543000484,5.92629662539904,5.504982526205071
ENSMUSG00000018846-B,7.150695197194673,7.040136869508385,6.988709050499259,6.925428824226642,6.9120117882942225,7.1057505795017395,6.798984504998752,7.014702312899184,6.958315146539458,7.15021500837408,6.641267059281245,7.2161998764901245
ENSMUSG00000018920-B,2.246663788354165,2.2104153203182793,1.51246595043351,2.5535532966333583,3.4531523681486243,3.228283957404142,2.822613016020247,2.3337942340902966,1.821580401267869,2.804006512785884,3.511237591449954,2.8473834642060067
ENSMUSG00000019102-B,1.169035828833055,2.6039096794870713,2.4937579377882537,1.7804748308724707,2.3164037990780786,2.718310594221604,2.013359633899684,2.5973209506378527,2.130791176299231,2.615639381685247,1.8482151513686695,1.0234847419496351
ENSMUSG00000019791-B,4.4742045144308165,2.6039096794870713,3.3596425496849505,3.964616124894744,3.163785587184932,4.293031306033461,3.015574261233889,3.714122785565889,4.0919524391219735,3.7889330061759665,3.976035425850128,4.131356625746441
ENSMUSG00000019864-B,4.698900418805928,5.072653089365245,3.9840225264720672,5.230006352655126,4.851311095765097,4.4238288905792205,5.017233003602457,5.184332939605705,5.1208395775962545,5.478844189060445,5.047598753645568,4.799781698382433
ENSMUSG00000019888-B,5.987109006171664,5.328524738370655,5.47718702733986,6.186739649604414,5.665652443477197,5.452457015872789,5.924381454480281,6.1020635226026645,5.59437127060438,5.101740817811926,5.680245475088138,5.4717914114895425
ENSMUSG00000019891-B,4.302260943910391,4.722279887166587,4.84772591259785,4.267943366850919,4.578342342624419,4.222898910978355,5.187219403336857,4.473578874481304,5.347311918081684,5.333492860055802,5.2583106116147835,4.852309835227633
ENSMUSG00000019933-B,0.0,2.6039096794870713,2.2344845923790824,2.5535532966333583,0.996549794818076,3.989385421409433,2.013359633899684,3.4729083321478047,3.363708484120931,1.4381060961904937,2.4152830223730466,3.211414963633655
ENSMUSG00000020130-B,5.899292710517162,5.84794991660125,6.460901724738217,6.470441214653158,5.993199521654824,6.218846894114746,6.4933203012126794,5.968776008850778,6.135069099812623,6.252184116475977,6.205846993402151,6.312784282539739
ENSMUSG00000020135-B,7.306748230577088,6.8261751294216335,6.645788688445357,7.102048820674064,7.163064411338875,6.451306190118073,6.850520444633528,7.069989078407516,7.312839165093497,7.344844923457974,7.417027575711605,7.359187873960749
ENSMUSG00000020193-B,0.0,0.7871122724200131,0.9459719702367412,0.0,1.994821593098696,0.9487275708515492,1.5968438254781343,2.0111273579927036,1.427492445617763,0.8912827722170882,0.900604630476427,2.359322344576064
ENSMUSG00000020225-B,7.260504374989755,7.470251523869388,7.119423282062994,7.1646097730754414,7.46073599394334,7.144205478913082,7.850597978575563,7.6071981402861075,7.70628132393562,7.516311801434544,7.737266354198718,7.593242563175855
ENSMUSG00000020374-B,2.856601009838485,4.312232511768845,4.800542967699481,4.439678587854868,4.578342342624419,4.293031306033461,4.409260942089341,4.336008310520878,4.352798171812022,4.537634011309451,4.929452018530055,5.045159814016469
ENSMUSG00000020411-B,2.856601009838485,2.6039096794870713,2.4937579377882537,1.1490616944061631,2.3164037990780786,3.0774748161582,1.0089201542886188,2.0111273579927036,2.9558989561580975,2.1438173585239833,2.4152830223730466,2.8473834642060067
ENSMUSG00000020456-B,8.86258867649342,8.690523397571098,8.726142460838076,8.872198706292684,8.727817195275414,8.46190537482016,8.745664258727654,8.99206816055543,9.079184085571011,8.993279903708668,9.032622886341713,8.722438234143155
ENSMUSG00000020553-B,1.8062115994418957,2.6039096794870713,2.4937579377882537,3.2515483595523023,2.993956715289905,2.9090408667943133,3.47560927959857,1.5948577153675143,2.6015453154704016,2.3989312282184883,2.159433125265605,2.035085291391048
ENSMUSG00000020605-B,4.627820432096269,4.942528388881624,4.59467746443485,4.439678587854868,4.241383272919841,4.70678345431603,4.540578710084166,5.058764820074238,4.765095152102016,5.302578879369597,5.442132783760685,4.902992435575768
ENSMUSG00000020642-B,6.726334660265589,6.518883208611143,6.7237354542137275,6.910903155033486,6.259967794885509,6.850635085271513,6.704114396464123,6.860179343622053,6.781245909229914,6.682631278584773,6.366037701859401,6.8275361503370995
ENSMUSG00000020644-B,9.297037044788528,10.053352533751944,10.150854465094904,10.055348485828928,9.684843211775078,10.164780039641444,10.305483732615302,10.00348766386228,10.158984082276977,10.12593122119084,10.21922836004308,10.090944006819852
ENSMUSG00000020758-B,5.355990166753498,4.942528388881624,5.178176084065701,5.406049117737903,5.241201064032714,6.005658867129145,5.50924573005686,5.473914028812617,6.045635970904636,5.610882455625438,5.630623881428075,5.254806977989811
ENSMUSG00000020905-B,2.856601009838485,1.964386763254362,2.2344845923790824,1.7804748308724707,0.996549794818076,0.0,1.5968438254781343,2.3337942340902966,2.130791176299231,1.4381060961904937,2.4152830223730466,2.6238940055118434
ENSMUSG00000020917-B,7.9482322837005315,7.791733079955913,7.815125148767661,7.837370430360126,7.781025213709008,7.912791995593158,7.881895772837933,7.658599966288678,8.005640690556255,8.003335516890699,8.160844885526386,7.904376662482881
ENSMUSG00000020963-B,0.0,1.2935081824757793,0.9459719702367412,1.1490616944061631,1.580360391113546,0.9487275708515492,1.0089201542886188,1.0074277664920572,0.0,0.0,0.0,1.0234847419496351
ENSMUSG00000021044-B,4.627820432096269,5.072653089365245,5.415889997243144,5.320711241263756,5.037695278833992,4.89894623024286,5.8503653642477484,5.33637699313304,5.376947079594351,5.585423892173066,5.498546359231696,5.600206317803025
ENSMUSG00000021125-B,2.246663788354165,2.766581548621033,2.7134578716552697,3.4251328311565272,1.994821593098696,2.238994121667222,3.015574261233889,3.335270662524132,2.130791176299231,1.8336891264456736,2.8212892783330923,2.035085291391048
ENSMUSG00000021483-B,3.613239691404382,3.6564816778911298,4.066112281463039,4.356364842565787,3.800940816651081,4.4238288905792205,5.061643868208803,4.714690106687776,4.0919524391219735,4.9504152816752764,3.894291156871041,4.366227129719248
ENSMUSG00000021607-B,5.86879119493531,6.412300020738322,6.475996075673785,5.525278258839427,5.923942180465802,6.339753463432131,6.745539181433494,6.584517911349313,6.579363092269135,6.98480825994035,6.381120334536516,6.553884023253324
ENSMUSG00000021661-B,7.405676294925497,7.281294084823783,7.390319835904991,7.259385630092527,7.221956176774823,7.630783609135255,7.654321286297661,7.31850493021993,7.328091106875603,7.562711138157264,7.2869350060568925,7.472591472084773
ENSMUSG00000021786-B,3.613239691404382,4.144796114547888,4.066112281463039,3.5800568320362984,3.4531523681486243,3.0774748161582,3.337944873929122,3.598550992932378,3.8598009907086706,3.6968334167431,4.659453660616243,4.568160450599088
ENSMUSG00000021843-B,9.543848419778666,8.693054983389217,8.805958003057468,9.05835222956279,8.857292324315075,8.808679616434157,8.80564806136311,8.951425340346255,8.720268891421695,8.681101295568341,8.588766188036377,9.012285889527451
ENSMUSG00000021903-B,2.583628536214724,4.598111660620564,4.2174820653654965,4.072967521240352,3.4531523681486243,4.70678345431603,3.6012742162453297,4.599165621027614,4.291873708189772,4.7813367796268755,3.715440394059799,4.745268524016443
ENSMUSG00000021948-B,9.560643637511667,6.2567118856117485,6.821516976007744,6.707416704835719,6.24110995095872,6.610842240267855,6.357417254467795,6.672883005067002,7.266091350853253,6.8944030307577115,7.178881954233348,7.023509302719099
ENSMUSG00000022132-B,7.260504374989755,7.499471291402837,7.590831603978288,7.401238483725687,7.153011082971476,7.411857153540156,7.900353641968867,7.490468096975515,7.565379027564435,7.620255280035452,7.431589080078361,7.068608391353954
ENSMUSG00000022148-B,4.302260943910391,3.7371987745467248,4.143781507307443,4.072967521240352,4.452837687062892,4.359911886872493,3.47560927959857,3.8211190490169087,3.363708484120931,2.804006512785884,3.137771365053633,3.8506695799639914
ENSMUSG00000022468-B,6.403559457754215,3.2790854878575644,3.223171867782088,2.8254764233515712,2.8014352230686144,3.3648098756902893,3.6012742162453297,4.10141291111091,4.228262552792894,4.177638166011907,3.715440394059799,3.62772999219573
ENSMUSG00000022505-B,6.06988527537577,6.002897732393468,6.120185831027147,6.234184439166504,6.142935973621826,6.791293214900572,6.321342474202575,5.686953747645559,6.099958284739061,5.986460914069973,6.044691717737754,6.090292576656598
ENSMUSG00000022674-B,5.560675418742802,6.186581381917725,6.020759060147799,5.525278258839427,6.259967794885509,5.963270404936979,6.617516094823975,6.08068663566313,6.724743756146977,6.490277442105768,6.523860848208287,6.660835227481099
ENSMUSG00000022718-B,6.122543370952541,5.829659495334149,5.935969157856927,5.635401649485209,5.7481070605144735,5.598086640974135,5.924381454480281,6.300030697588265,5.8899038653670095,5.906479319655543,6.205846993402151,5.746151043680593
ENSMUSG00000022765-B,6.0428174832780135,5.811134208143242,5.592481085405485,4.356364842565787,5.637086006806462,5.919598710228529,5.772345620063434,5.742459770005629,6.063971619230753,5.559507990871671,5.92629662539904,6.068255577737103
ENSMUSG00000022789-B,8.572050486188,7.847339050887036,7.748315968644286,7.6401326095736835,7.76791000008576,7.57557392458655,8.105183347524955,8.09691212974739,8.300583921782486,8.286124113150649,8.216561997547243,8.185982063985394
ENSMUSG00000022790-B,5.7732154103337185,5.220362797558916,5.28488204080405,5.635401649485209,5.993199521654824,5.421480135336272,6.061911765745391,5.742459770005629,5.59437127060438,6.024848127270313,6.044691717737754,5.853129264063206
ENSMUSG00000022855-B,7.200533796364437,7.1838614091806665,7.060561373931273,7.369719267817137,6.970426203438476,7.035884878162975,7.1469422462215,7.398433503063512,7.4092109754942,7.389659718050726,7.262708308577455,7.704577795571084
ENSMUSG00000022863-B,0.0,0.0,0.0,0.0,2.57920756622711,0.9487275708515492,1.5968438254781343,0.0,0.0,0.0,1.450853040369649,2.035085291391048
ENSMUSG00000022876-B,1.8062115994418957,2.9127557664605015,2.2344845923790824,1.1490616944061631,0.996549794818076,1.9223914397525423,2.013359633899684,2.5973209506378527,2.9558989561580975,2.1438173585239833,1.450853040369649,2.359322344576064
ENSMUSG00000023186-B,3.7534052432122857,4.2027944005286475,4.287599889753829,5.182421668087684,4.516954341139135,4.806061920190457,4.824508981159114,3.335270662524132,4.573625219805471,4.688735036566729,4.126817283801403,2.8473834642060067
ENSMUSG00000023707-B,7.099073104105514,6.660140580699884,6.176710716088288,6.280118499214487,6.547753841351936,6.254437813935508,6.704114396464123,6.860179343622053,6.770121122387053,7.15021500837408,6.496420257053561,6.472324834514592
ENSMUSG00000023960-B,8.523924250400716,8.451300821257286,8.559007856880541,8.41766231099001,8.452542611194433,8.199689045750752,8.831527404171098,8.725588736990934,8.754539907456126,8.850969599801049,8.704205025213328,8.693937391069326
ENSMUSG00000024140-B,7.676126559306693,7.434388226210377,7.230398093306424,7.188893803623892,7.059232189186325,7.244958056615302,7.62502515732469,7.354576488817933,7.380237833724449,7.209744142462963,7.052686810117969,7.226186161376791
ENSMUSG00000024164-B,1.169035828833055,2.2104153203182793,0.9459719702367412,0.0,2.3164037990780786,4.149182254706563,2.5997989305116143,2.5973209506378527,2.385284659426389,0.0,2.4152830223730466,1.6161912973223032
ENSMUSG00000024172-B,3.998499203171392,5.56801648297262,4.893414495959333,5.320711241263756,4.9475110069298065,5.183742251265541,5.602379691361456,5.262357009689984,5.59437127060438,5.478844189060445,5.383423187753583,5.600206317803025
ENSMUSG00000024220-B,7.769895894864124,7.094767839664221,7.534270081107298,7.890161186839768,7.819670313362684,7.496036612724685,7.579934389905689,7.921646657409108,7.996123682607191,7.802544786283224,7.372439893365409,8.079841300608189
ENSMUSG00000024325-B,4.893270698636854,4.50896792755303,4.418372121292375,3.5800568320362984,5.037695278833992,4.853251461630858,4.186728143820816,5.372009893945684,5.347311918081684,4.368835802509168,4.755178487912343,5.254806977989811
ENSMUSG00000024500-B,8.494258558499922,8.809625613086094,8.909652915578151,8.688534584598338,8.944390023989053,8.36347706416193,9.307776103919457,8.945524615604784,8.990901781817774,8.845618051501358,8.60812486040101,9.077172773966746
ENSMUSG00000024570-B,5.635055911566559,5.500248682054799,5.724738556984264,5.406049117737903,4.748235288780849,5.068495996391319,5.994784813989279,5.968776008850778,5.28615034051559,5.731843087994668,5.946716236479624,5.630600303571132
ENSMUSG00000024576-B,9.19930042137789,9.107853350788142,9.245367493270392,9.344367003495964,9.185395971142366,9.183451254625556,9.519598297759975,9.48240221505279,9.313699959986968,9.077868720988691,8.907993417515476,9.226423343615377
ENSMUSG00000024620-B,4.627820432096269,4.50896792755303,4.9377004768361745,4.593128223338847,3.900443523749156,5.780043191802873,4.772018169472108,4.53773835884697,4.973436011778948,5.393401825066743,4.609099035979622,3.950424061994663
ENSMUSG00000025134-B,4.766642199529245,4.942528388881624,5.673281182073652,5.486619789201168,4.993307716508419,5.452457015872789,5.302734403022431,5.5690926520393385,5.1208395775962545,5.137215952848541,5.2583106116147835,5.367374721207392
ENSMUSG00000025340-B,5.670855843872947,5.103429690744369,5.673281182073652,5.320711241263756,5.202731841085182,4.986210429671472,5.409681990950544,5.506342953494758,5.691914851538447,5.585423892173066,5.884569353957416,5.689532224890862
ENSMUSG00000025354-B,5.117386261296756,5.429140046423259,5.535985476431197,5.029457265590857,4.748235288780849,5.255756822274886,5.798823784383855,5.506342953494758,5.543009381406879,6.005782192720362,5.121308894952936,5.293313762964279
ENSMUSG00000025355-B,0.0,1.667597390739755,0.0,1.1490616944061631,0.0,3.809658661476224,2.013359633899684,1.0074277664920572,0.0,1.4381060961904937,1.8482151513686695,3.211414963633655
ENSMUSG00000025372-B,6.932102852019465,9.005655986020145,8.760450938830639,8.875942844338315,9.10162832115232,8.045694026468684,8.921630436916342,9.209549184462157,9.261032720828426,9.05949516058708,9.070333086414385,9.082679584256589
ENSMUSG00000025466-B,6.0428174832780135,5.674335539709731,5.749794959804313,5.704408244096931,5.851191709729742,6.106481828594538,5.717885243161745,5.921462367124039,5.9698702167419375,5.8647618381165,6.044691717737754,6.02314528443074
ENSMUSG00000025510-B,6.0428174832780135,6.628748686641819,6.15811407821644,5.599619773587351,6.015565670083691,6.6514555922517795,6.339492618229063,6.440910816606555,6.099958284739061,6.633791983150618,6.523860848208287,6.111998021087902
ENSMUSG00000025732-B,4.207939041009724,4.872782571470365,4.9377004768361745,4.593128223338847,5.08075782937359,5.324346924768041,4.602011293767844,4.769158898319819,4.893672621922326,4.989760553642424,5.7282169300451296,5.215244162666781
ENSMUSG00000025825-B,5.635055911566559,6.495869218096571,6.081233471270859,5.704408244096931,5.970481162596746,6.163758036525204,6.587455024056161,6.490385271565296,6.4176736067090765,6.530854711358676,6.381120334536516,6.3314075976969075
ENSMUSG00000025927-B,1.169035828833055,5.86601135278382,6.176710716088288,6.21065707058328,5.578198088228749,5.963270404936979,6.187464970378624,5.991863396685836,5.989187938085958,6.346132743146125,6.205846993402151,6.349793570621164
ENSMUSG00000025937-B,3.881150735998227,4.0843682041910965,3.804343661299686,4.267943366850919,4.385738477574488,4.485033851623627,4.186728143820816,3.335270662524132,3.8598009907086706,3.7889330061759665,4.755178487912343,4.043724896586897
ENSMUSG00000026035-B,4.698900418805928,4.976176315776484,4.980667413928631,4.66413705409399,4.800693549891055,4.600164971518518,5.540963131366604,4.714690106687776,4.467432706953443,4.868351536010444,5.047598753645568,5.045159814016469
ENSMUSG00000026087-B,7.212729001769284,7.198189746080285,6.9459845182022955,7.102048820674064,6.76133917646513,7.209129565886648,7.384000575279617,7.47416534347528,7.320485291027565,7.523032343606691,7.509151690096725,7.438637792220521
ENSMUSG00000026096-B,5.168368589552175,5.163080625637371,4.980667413928631,4.917656444499798,5.08075782937359,4.853251461630858,4.772018169472108,5.184332939605705,5.085376433305287,4.989760553642424,5.498546359231696,5.367374721207392
ENSMUSG00000026097-B,3.881150735998227,4.640699592215125,4.701279104566726,4.267943366850919,3.578630808151181,4.4238288905792205,3.716864854720897,4.872290059335252,4.852073831492052,4.24422618753497,3.807635516468859,4.131356625746441
ENSMUSG00000026197-B,5.399316442586086,4.462241626417865,4.701279104566726,5.082268083683275,4.9475110069298065,3.809658661476224,4.824508981159114,4.968538181450855,4.291873708189772,4.537634011309451,5.047598753645568,4.799781698382433
ENSMUSG00000026260-B,10.140188354017798,9.337173875702971,9.508372774322932,9.62360607246141,9.359424025696734,9.237807135515077,9.60460229586112,9.45150775641765,9.599481043804548,9.430428786822578,9.61108058242152,9.47279141792758
ENSMUSG00000026315-B,0.0,2.2104153203182793,0.9459719702367412,2.2181885845760725,3.578630808151181,3.228283957404142,3.1857451226598252,3.0129736021557663,3.477512552977962,2.1438173585239833,2.632521657997895,2.359322344576064
ENSMUSG00000026418-B,4.207939041009724,4.258550909440941,2.904080281226693,4.796458350445657,4.080961470061744,4.149182254706563,3.015574261233889,4.406432755101535,4.0186423283581965,4.427323947587403,3.976035425850128,4.366227129719248
ENSMUSG00000026473-B,11.96724625301256,12.428755903883571,12.4234340279186,12.18079732202716,12.214377786810363,12.718549631496662,12.84849632473745,12.268661953292252,12.44250726208281,12.348806961891562,12.525202918416426,12.425150505525425
ENSMUSG00000026504-B,4.766642199529245,4.722279887166587,4.751764592434789,4.917656444499798,5.08075782937359,5.107943215788713,5.661288114362257,4.714690106687776,4.893672621922326,5.393401825066743,5.047598753645568,4.902992435575768
ENSMUSG00000026514-B,6.486256975517023,6.297210058821763,6.195070686898611,5.562927811914359,6.578125955621581,5.625528134819634,6.675821953313566,6.614578345036845,6.86728460963919,6.557285738780086,7.152753917759612,6.472324834514592
ENSMUSG00000026553-B,8.336025947950874,8.593587625952937,8.59401970249723,8.17180871532718,8.654886515739095,8.571787412391792,9.026179792909035,8.954366676932581,8.978872909878161,8.903420820083175,8.961654792284206,8.801374672110025
ENSMUSG00000026628-B,1.8062115994418957,0.0,1.918179767477204,1.7804748308724707,2.8014352230686144,2.238994121667222,0.0,1.5948577153675143,2.130791176299231,0.0,0.900604630476427,1.0234847419496351
ENSMUSG00000026630-B,0.0,1.2935081824757793,1.51246595043351,1.1490616944061631,1.994821593098696,2.718310594221604,1.5968438254781343,1.5948577153675143,0.0,1.8336891264456736,1.450853040369649,0.0
ENSMUSG00000026788-B,5.399316442586086,5.811134208143242,6.00002417338707,5.770264258642597,5.826102823343904,5.570113045174708,5.443639113245914,5.686953747645559,5.8052436577396,6.168931653822972,5.751617454347055,5.827119160977592
ENSMUSG00000026893-B,3.0860503698190223,4.0843682041910965,4.066112281463039,3.5800568320362984,3.163785587184932,3.989385421409433,4.104208177392387,3.598550992932378,4.161716770569888,2.615639381685247,4.126817283801403,3.62772999219573
ENSMUSG00000027193-B,7.794445910501031,8.034645528182354,8.034904324062984,7.821925623856711,7.900010769213447,7.929401922565395,8.477166895148885,8.45356685546594,8.357437506367173,8.20067717317805,8.258003310254082,8.395180812102796
ENSMUSG00000027208-B,0.0,2.6039096794870713,2.7134578716552697,1.7804748308724707,0.996549794818076,1.9223914397525423,2.013359633899684,2.0111273579927036,2.789574405893652,1.4381060961904937,3.3971636439971347,2.035085291391048
ENSMUSG00000027318-B,0.0,1.964386763254362,0.9459719702367412,1.1490616944061631,2.8014352230686144,1.9223914397525423,1.5968438254781343,2.5973209506378527,1.427492445617763,2.1438173585239833,1.8482151513686695,2.359322344576064
ENSMUSG00000027331-B,1.169035828833055,1.2935081824757793,2.4937579377882537,0.0,2.3164037990780786,1.516186176602071,0.0,2.0111273579927036,1.821580401267869,2.1438173585239833,0.0,2.6238940055118434
ENSMUSG00000027339-B,6.808984999067663,6.983355473988696,6.95678485383994,7.259385630092527,7.3240512101330255,7.279918286854068,7.1875877382266715,7.143995202241471,7.603483336976297,7.447326235148608,7.212999164537108,7.377225379591919
ENSMUSG00000027356-B,1.8062115994418957,1.2935081824757793,1.51246595043351,1.1490616944061631,2.3164037990780786,0.9487275708515492,1.5968438254781343,1.5948577153675143,2.130791176299231,2.1438173585239833,2.632521657997895,1.0234847419496351
ENSMUSG00000027377-B,1.8062115994418957,2.9127557664605015,2.7134578716552697,2.5535532966333583,1.994821593098696,3.604312672055639,2.3361739877134577,1.5948577153675143,0.0,1.8336891264456736,0.900604630476427,0.0
ENSMUSG00000027663-B,7.940920111199409,7.688946856261703,7.691254780243884,7.7338906759217325,7.665550607560935,7.262544066237712,7.930601482851163,8.359068034933388,8.13267917462348,8.114306365008224,8.138828905562828,8.085337953827628
ENSMUSG00000027673-B,9.489753393565366,9.594429974576082,9.605939738630852,9.46112816056096,9.355045617078945,9.842581597979628,9.974869752627006,9.60725542840016,9.872124670647134,9.938820682379264,9.956435986792282,9.697587969675274
ENSMUSG00000027714-B,6.122543370952541,6.710988597463664,6.5913816406925445,6.21065707058328,6.651371366637381,6.554849026964292,7.094470149636999,6.6440251934678916,7.071389942473691,6.658418289484148,7.16151594565345,6.774081158116149
ENSMUSG00000027782-B,7.22482198372048,7.1620984982420435,7.157371320424018,7.293380633291615,7.091173950029153,6.95166213962229,7.485291174632773,7.102171929331427,7.124768698126222,6.81994943624165,7.187487193127358,7.294219149750815
ENSMUSG00000027849-B,2.856601009838485,4.413951141920098,4.84772591259785,5.364011072680751,4.748235288780849,4.4238288905792205,3.6012742162453297,5.058764820074238,4.809239875036287,4.735778754900015,5.084924522708586,5.089597393449868
ENSMUSG00000028044-B,3.998499203171392,3.383085014617831,3.223171867782088,2.8254764233515712,4.748235288780849,3.809658661476224,3.6012742162453297,4.183923274809938,4.0919524391219735,3.7889330061759665,3.976035425850128,4.213968891928525
ENSMUSG00000028082-B,6.638660088735596,4.640699592215125,4.980667413928631,5.182421668087684,4.851311095765097,4.943238022381569,4.924086758981448,5.372009893945684,5.347311918081684,4.427323947587403,4.659453660616243,4.852309835227633
ENSMUSG00000028149-B,9.401946137861431,8.7979130446656,9.003790420736681,8.596225805987286,9.00991297551901,8.637285612385377,9.412221923603768,9.40496447302009,9.50366483348392,9.484799128143491,9.377222961114722,9.386372552277328
ENSMUSG00000028167-B,2.583628536214724,3.8136381226818834,2.2344845923790824,3.7199457983154702,2.993956715289905,4.149182254706563,3.9234971873322686,3.8211190490169087,3.1050152051192725,2.1438173585239833,2.632521657997895,1.6161912973223032
ENSMUSG00000028214-B,1.169035828833055,1.2935081824757793,1.51246595043351,2.8254764233515712,0.996549794818076,3.3648098756902893,0.0,0.0,1.427492445617763,1.8336891264456736,1.8482151513686695,0.0
ENSMUSG00000028251-B,6.486256975517023,6.186581381917725,5.978986927136198,6.034257418147882,6.333026815947365,5.984620309707191,6.477016231636206,6.474081576785245,6.736222603635499,6.116572042697617,6.335390987915023,6.660835227481099
ENSMUSG00000028545-B,4.766642199529245,4.872782571470365,4.980667413928631,5.029457265590857,4.6937973679992195,4.293031306033461,5.146563385174545,4.769158898319819,5.25456891372427,4.9504152816752764,4.609099035979622,5.174565757502112
ENSMUSG00000028552-B,8.219991581915988,8.396436351874002,8.456197685739427,8.183941388144971,8.393991243727582,8.330506814246245,8.435586323018123,8.749492501654897,8.717375883548824,8.54904668823839,8.736816149470446,8.562167868168578
ENSMUSG00000028637-B,5.265227239652079,4.976176315776484,4.354467219899678,4.267943366850919,4.851311095765097,4.986210429671472,5.061643868208803,5.33637699313304,5.04901954778731,4.7813367796268755,5.290620552913764,5.045159814016469
ENSMUSG00000028688-B,4.107016405932684,4.682066304541401,5.140778462063011,4.731814203624554,4.163401004930018,4.485033851623627,4.602011293767844,4.406432755101535,5.155451869157071,4.24422618753497,4.26332084538167,4.131356625746441
ENSMUSG00000028706-B,5.441379412747367,5.248172965431768,4.59467746443485,5.230006352655126,4.637224491857119,4.543747580326049,5.443639113245914,5.372009893945684,5.462366250569543,5.065371329411787,4.887817239450957,5.215244162666781
ENSMUSG00000028763-B,2.246663788354165,2.6039096794870713,3.223171867782088,4.356364842565787,4.241383272919841,4.853251461630858,4.33882950255249,1.5948577153675143,3.8598009907086706,3.1199240906364327,3.137771365053633,2.6238940055118434
ENSMUSG00000028776-B,3.4579763234462466,3.480088992742815,4.2174820653654965,3.847461540633596,3.315711772380074,4.293031306033461,3.716864854720897,3.4729083321478047,3.681282350118108,3.3789375282937875,3.894291156871041,3.7435018634808537
ENSMUSG00000028807-B,2.583628536214724,3.8136381226818834,4.354467219899678,3.2515483595523023,3.163785587184932,3.0774748161582,4.016680301357339,5.014356736425135,4.765095152102016,4.735778754900015,4.800759870255176,4.213968891928525
ENSMUSG00000028871-B,2.583628536214724,4.363988112705335,3.4843121650326756,3.5800568320362984,3.4531523681486243,4.485033851623627,4.476413420195277,3.714122785565889,4.0919524391219735,3.4928652304846852,4.659453660616243,4.131356625746441
ENSMUSG00000028948-B,4.952647074754181,4.640699592215125,4.84772591259785,4.731814203624554,4.851311095765097,3.989385421409433,4.824508981159114,4.769158898319819,4.573625219805471,4.735778754900015,4.755178487912343,4.745268524016443
ENSMUSG00000029176-B,7.405676294925497,7.191043365554182,7.274231236688587,6.982111727129422,7.385449962600612,6.6514555922517795,7.745622567501125,7.599703205897105,7.402022056386835,7.797010210966968,7.671310935059225,7.794572888573117
ENSMUSG00000029245-B,7.865684694141979,8.189688219871416,8.349598428999217,7.657639004898934,8.22673400273677,7.72893056154224,8.212482018630922,8.149191344531175,8.024488410057726,7.979101805332884,8.337477110646963,8.112511407819307
ENSMUSG00000029433-B,5.670855843872947,5.009057326027325,4.287599889753829,4.858329726362679,5.122572186340452,5.255756822274886,5.265247766468882,5.506342953494758,5.462366250569543,5.101740817811926,5.498546359231696,4.999309859013929
ENSMUSG00000029551-B,6.338268872501172,6.242955863577144,6.398893677587521,6.21065707058328,6.315105976597745,5.89725690231712,6.375121917895275,6.440910816606555,6.540607660398353,6.448525785270703,6.381120334536516,6.3679481748136135
ENSMUSG00000029569-B,4.302260943910391,4.144796114547888,3.896978526200117,3.2515483595523023,4.315365634510435,3.604312672055639,4.602011293767844,3.598550992932378,4.623927210362141,4.537634011309451,4.887817239450957,4.568160450599088
ENSMUSG00000029660-B,0.0,1.2935081824757793,0.9459719702367412,1.1490616944061631,0.996549794818076,0.0,0.0,0.0,1.821580401267869,0.8912827722170882,1.450853040369649,1.0234847419496351
ENSMUSG00000029699-B,0.0,0.0,0.9459719702367412,0.0,0.996549794818076,1.9223914397525423,0.0,0.0,1.427492445617763,0.0,0.900604630476427,1.6161912973223032
ENSMUSG00000029913-B,2.856601009838485,3.2790854878575644,3.804343661299686,2.8254764233515712,3.4531523681486243,3.3648098756902893,3.1857451226598252,3.714122785565889,3.1050152051192725,3.59845095259921,3.273289414056743,4.043724896586897
ENSMUSG00000029915-B,2.856601009838485,3.0454726310430704,2.7134578716552697,1.7804748308724707,2.3164037990780786,2.718310594221604,2.822613016020247,1.0074277664920572,2.385284659426389,2.970595430034886,1.450853040369649,2.035085291391048
ENSMUSG00000030047-B,3.0860503698190223,3.8862304070733424,4.2174820653654965,2.2181885845760725,3.800940816651081,2.9090408667943133,3.337944873929122,3.598550992932378,4.352798171812022,3.3789375282937875,3.511237591449954,3.040850773071988
ENSMUSG00000030074-B,2.856601009838485,2.420536794691922,3.223171867782088,2.2181885845760725,3.163785587184932,4.806061920190457,3.716864854720897,3.0129736021557663,3.1050152051192725,3.4928652304846852,3.273289414056743,3.5018508052118755
ENSMUSG00000030108-B,4.107016405932684,5.694690461874134,5.619920348556439,5.230006352655126,5.452680320776906,7.218170450133732,5.924381454480281,5.40678387498943,5.011722705730682,5.422448507070198,5.905583844887199,5.330819431159779
ENSMUSG00000030111-B,3.283965590594543,4.722279887166587,4.479565985314829,4.66413705409399,4.452837687062892,5.2904594578523545,4.264782375228313,4.658083889759377,4.6725342681339965,4.7813367796268755,5.2583106116147835,5.254806977989811
ENSMUSG00000030189-B,6.91727556969813,5.523193468694959,6.414647331965287,6.30254848476296,6.2969597255886764,6.597046351865075,6.339492618229063,6.300030697588265,6.298846080989826,6.168931653822972,6.288164568105418,6.472324834514592
ENSMUSG00000030224-B,7.728027384783095,8.17527477512492,7.977725276202323,7.717290735670135,7.863485633050447,7.790838357805574,8.468946101380753,8.233936537642595,8.429916560574899,8.403675553979928,8.274252170164527,8.460086774038047
ENSMUSG00000030271-B,2.856601009838485,3.0454726310430704,3.3596425496849505,2.8254764233515712,2.8014352230686144,3.809658661476224,4.264782375228313,3.8211190490169087,4.291873708189772,3.95717341038548,4.38801789588369,4.292105696052246
ENSMUSG00000030401-B,6.545310685789989,6.649752327373826,7.265570502917824,7.152312733040755,6.851132013007068,6.716702708993956,7.1875877382266715,7.1232351159113865,6.9484796855825595,7.38228659273828,7.080673360202495,6.569656817477827
ENSMUSG00000030889-B,3.4579763234462466,3.6564816778911298,2.904080281226693,3.847461540633596,4.315365634510435,3.809658661476224,3.47560927959857,2.820064919656635,2.130791176299231,2.970595430034886,3.511237591449954,2.8473834642060067
ENSMUSG00000030942-B,5.739896020683038,6.436674949914688,6.520354090235933,5.922842680744775,6.563019822540756,6.766855719310992,7.0063309906706595,6.522450121574881,6.781245909229914,7.141506727476758,6.82896494647257,6.732648628729814
ENSMUSG00000031059-B,8.243957078502838,8.43928775684834,8.252133313677291,8.316592385484041,8.142862822667079,8.644010298783222,8.81216154846938,8.595979578119087,8.682199581756738,8.757178055272886,8.713172323948267,8.331848565292812
ENSMUSG00000031099-B,6.961307939829503,6.460644887609981,6.4456477762664806,6.982111727129422,6.82604207937645,6.569052380732777,6.863121829865149,6.389679296794276,6.527454323970576,6.235913527908097,6.439921832959732,6.438364804334821
ENSMUSG00000031264-B,0.0,0.0,0.9459719702367412,1.1490616944061631,2.8014352230686144,1.516186176602071,2.013359633899684,2.0111273579927036,0.0,0.8912827722170882,0.0,0.0
ENSMUSG00000031355-B,4.553056106033177,4.312232511768845,5.062942950002011,4.17374673946048,4.241383272919841,5.107943215788713,4.6609344580909875,4.769158898319819,5.085376433305287,4.688735036566729,5.19143539328083,5.403026609573726
ENSMUSG00000031409-B,8.733112474817814,8.620435325455583,8.68126290904429,8.109565975177183,8.415176274950346,8.129545050457768,9.012104271189862,9.028809442861116,8.762981951706173,8.986001756947113,9.065672865477744,8.79467952586319
ENSMUSG00000031659-B,4.390792791186304,3.8136381226818834,2.7134578716552697,3.5800568320362984,2.3164037990780786,3.3648098756902893,3.1857451226598252,3.8211190490169087,4.0186423283581965,3.8755042468697742,2.9881912580676815,4.292105696052246
ENSMUSG00000031734-B,4.4742045144308165,5.103429690744369,5.351872576335966,5.133213798857543,5.419517116717737,5.255756822274886,5.540963131366604,4.769158898319819,5.376947079594351,5.101740817811926,5.383423187753583,4.503939374376524
ENSMUSG00000031775-B,8.758290972760692,8.424129377008757,8.459998461223742,8.718036749616584,8.255208721696876,8.355304870713466,8.379675539523353,8.411378523404226,8.673269840550063,8.512366293172736,8.416465456570798,8.399599913506332
ENSMUSG00000031788-B,7.059107024611881,6.484223072103106,6.935102718611691,7.114779925805977,6.721077104314512,6.803358467424599,7.2750578007898,7.389768110136432,7.116008265119676,7.1929849778714345,7.379967528015141,7.112340299206923
ENSMUSG00000031844-B,0.0,0.7871122724200131,0.9459719702367412,2.2181885845760725,0.0,2.238994121667222,1.0089201542886188,1.5948577153675143,1.427492445617763,0.0,1.450853040369649,1.0234847419496351
ENSMUSG00000031872-B,5.311322345944074,4.79949290466337,5.699239277079914,5.364011072680751,5.452680320776906,4.654458907763794,5.6321345520943265,5.821909140889564,5.405985722440424,5.50623631021111,5.442132783760685,5.600206317803025
ENSMUSG00000031951-B,4.553056106033177,6.002897732393468,5.564509807646584,5.082268083683275,5.2786710971260185,5.389823511734513,5.900128913896102,5.473914028812617,5.376947079594351,5.171839666559339,5.630623881428075,5.903783585000353
ENSMUSG00000032018-B,6.709220819725195,7.219418914007844,6.9781459491173115,6.83599655157847,6.651371366637381,7.244958056615302,7.246486337776869,6.991980408169961,7.289654596544161,7.274899264609974,7.089882851069643,7.196017509112015
ENSMUSG00000032235-B,4.4742045144308165,4.363988112705335,5.02239161452033,4.66413705409399,4.851311095765097,4.600164971518518,3.015574261233889,4.658083889759377,4.228262552792894,4.640105448646964,4.755178487912343,4.366227129719248
ENSMUSG00000032243-B,1.169035828833055,2.6039096794870713,0.0,1.1490616944061631,1.580360391113546,3.4895255802116,1.0089201542886188,2.0111273579927036,1.821580401267869,3.255235748423378,2.159433125265605,2.6238940055118434
ENSMUSG00000032251-B,6.148168774324747,5.969874413911551,6.020759060147799,6.257334273655224,6.2785823200690505,6.271909341643176,6.0836108349386455,6.224071627004186,5.8052436577396,6.005782192720362,6.136434568419982,6.215881375556381
ENSMUSG00000032295-B,6.315831793333798,5.041205601714661,4.800542967699481,5.446896837538067,5.315192534428027,4.806061920190457,5.017233003602457,5.847448852144659,5.516626045937314,5.585423892173066,5.156798190645047,5.215244162666781
ENSMUSG00000032300-B,5.399316442586086,4.554228205452251,4.354467219899678,4.974639576690689,4.080961470061744,4.071495149597676,4.875156832453922,5.5690926520393385,4.893672621922326,5.065371329411787,5.009281576157641,5.403026609573726
ENSMUSG00000032307-B,5.217610615520687,4.761402889222107,5.47718702733986,5.863733270330668,5.037695278833992,5.512484097753951,5.265247766468882,4.921216610118436,4.809239875036287,4.483533026459233,5.047598753645568,5.089597393449868
ENSMUSG00000032308-B,5.635055911566559,5.453234459393591,5.673281182073652,5.276071527462864,5.60794248750535,4.853251461630858,5.717885243161745,6.08068663566313,5.462366250569543,4.909966826547472,6.044691717737754,5.403026609573726
ENSMUSG00000032334-B,2.246663788354165,3.8862304070733424,3.896978526200117,3.847461540633596,3.6940636500133506,3.989385421409433,4.476413420195277,3.183103596070372,3.1050152051192725,3.1199240906364327,4.659453660616243,3.8506695799639914
ENSMUSG00000032346-B,0.0,0.7871122724200131,1.51246595043351,0.0,0.996549794818076,2.238994121667222,1.0089201542886188,1.5948577153675143,2.130791176299231,0.0,2.159433125265605,0.0
ENSMUSG00000032387-B,4.207939041009724,4.872782571470365,4.418372121292375,4.267943366850919,3.800940816651081,4.222898910978355,4.6609344580909875,4.53773835884697,4.352798171812022,4.427323947587403,4.38801789588369,4.43672579137573
ENSMUSG00000032481-B,7.903792780620952,7.385140112935464,7.548619709335461,7.421875116843682,7.341861958486314,7.347395471405323,7.541251380121636,7.498550905971806,7.234062809942524,7.337238556234874,7.071404702353331,7.386160262585044
ENSMUSG00000032526-B,6.5644700380670455,7.34062429207245,7.256857463189618,6.547587176171015,6.970426203438476,7.279918286854068,7.051073555719833,7.31850493021993,7.597202098600552,7.502776062163452,7.589265038303177,7.430023027411536
ENSMUSG00000032691-B,1.169035828833055,0.7871122724200131,2.2344845923790824,2.2181885845760725,1.994821593098696,2.238994121667222,1.0089201542886188,0.0,2.130791176299231,0.0,1.450853040369649,0.0
ENSMUSG00000032727-B,6.506211336740633,5.523193468694959,6.266259605843645,6.234184439166504,6.163112500945854,6.70388722070501,5.9716966745628905,6.672883005067002,5.8052436577396,5.8647618381165,5.7282169300451296,6.421080234244255
ENSMUSG00000032737-B,6.691901528204237,6.798229155100746,6.988709050499259,7.236268953717965,6.679659079736738,6.862216076195856,6.875614099249932,7.080796660587865,6.928605291358463,7.051404618894501,7.071404702353331,6.631078134091449
ENSMUSG00000032816-B,5.86879119493531,6.082293017785891,6.195070686898611,5.922842680744775,6.333026815947365,6.70388722070501,6.850520444633528,6.872671392974503,6.47360792291582,6.71820545828679,6.67837113081431,6.349793570621164
ENSMUSG00000032878-B,6.222422197238793,5.734558491069334,5.749794959804313,5.951513337715719,5.485098301245737,5.4827827321669345,6.339492618229063,6.08068663566313,6.459826334575967,5.799832685013369,6.044691717737754,6.2748005472723944
ENSMUSG00000033106-B,4.4742045144308165,3.2790854878575644,3.3596425496849505,3.4251328311565272,3.578630808151181,4.149182254706563,4.6609344580909875,4.599165621027614,4.291873708189772,4.7813367796268755,3.715440394059799,4.503939374376524
ENSMUSG00000033356-B,2.246663788354165,2.6039096794870713,2.2344845923790824,2.5535532966333583,0.996549794818076,1.516186176602071,2.5997989305116143,2.0111273579927036,2.6015453154704016,0.8912827722170882,3.6169489052138504,2.6238940055118434
ENSMUSG00000033411-B,6.096454561142645,5.404636388820439,5.214628727030609,5.562927811914359,4.900212737484373,5.324346924768041,5.265247766468882,5.714973683611267,5.668140254209929,4.909966826547472,5.156798190645047,4.999309859013929
ENSMUSG00000033420-B,3.613239691404382,4.682066304541401,3.896978526200117,4.518442618565875,4.900212737484373,5.389823511734513,4.97141148818929,4.10141291111091,4.809239875036287,4.868351536010444,4.327016200364572,4.292105696052246
ENSMUSG00000033427-B,2.583628536214724,2.6039096794870713,3.072430133264163,2.2181885845760725,2.57920756622711,2.238994121667222,2.3361739877134577,2.5973209506378527,1.427492445617763,2.970595430034886,1.450853040369649,0.0
ENSMUSG00000033554-B,4.952647074754181,4.413951141920098,4.59467746443485,4.17374673946048,4.800693549891055,4.485033851623627,4.924086758981448,5.184332939605705,5.222280649339975,4.868351536010444,5.009281576157641,5.089597393449868
ENSMUSG00000033581-B,0.0,2.420536794691922,1.51246595043351,2.2181885845760725,0.996549794818076,3.0774748161582,1.5968438254781343,2.0111273579927036,0.0,2.615639381685247,2.159433125265605,0.0
ENSMUSG00000033684-B,7.384271072370544,6.730836393283381,6.659075793980569,6.584666379010142,7.112082212489842,6.791293214900572,7.227119420318268,7.272108975463008,7.133476256331702,7.132745562974539,7.1702250795502085,6.774081158116149
ENSMUSG00000033740-B,5.598344963007395,5.611488754228909,6.041200155785749,6.324635077038579,5.7481070605144735,6.046837361187159,5.6321345520943265,6.014587129938454,6.283280119580984,5.754864143560435,6.154103268804013,6.068255577737103
ENSMUSG00000033906-B,3.0860503698190223,4.363988112705335,4.648962668335466,3.4251328311565272,3.6940636500133506,3.989385421409433,4.97141148818929,4.658083889759377,4.228262552792894,5.238689739706479,4.196682908426215,4.213968891928525
ENSMUSG00000033938-B,8.659290322304015,8.427173821269719,8.526753852070568,8.478030460475324,8.091148676059502,8.517892278612479,8.464818071043107,8.506629633375514,8.568003602862788,8.581602069047026,8.81386894758894,8.526245135559664
ENSMUSG00000034006-B,6.293040248283962,5.829659495334149,6.35057350255782,6.346388632095654,5.7481070605144735,6.066994078491913,6.246368481244498,6.474081576785245,6.540607660398353,6.151688733597615,6.188804460762816,6.068255577737103
ENSMUSG00000034118-B,5.598344963007395,6.323590746444722,6.195070686898611,5.320711241263756,5.875851740386741,6.182355698976469,6.812042105676291,6.490385271565296,6.08207715574981,6.361212817681373,6.67837113081431,6.2748005472723944
ENSMUSG00000034126-B,4.553056106033177,4.682066304541401,4.354467219899678,4.17374673946048,4.516954341139135,4.757276494657801,4.6609344580909875,4.261968914899732,4.893672621922326,4.307875937252778,4.327016200364572,4.95195479285147
ENSMUSG00000034460-B,2.583628536214724,3.8136381226818834,2.7134578716552697,1.1490616944061631,2.57920756622711,3.0774748161582,3.337944873929122,2.5973209506378527,3.2401524609867787,2.804006512785884,2.9881912580676815,3.211414963633655
ENSMUSG00000034480-B,6.840763396852731,6.460644887609981,6.3829660986537995,6.995941186249489,6.622517889087152,6.356227451638601,6.477016231636206,6.715115451173238,6.235548436564506,6.71820545828679,6.468447599291915,6.521811487894632
ENSMUSG00000034486-B,5.739896020683038,3.480088992742815,3.223171867782088,3.7199457983154702,2.57920756622711,3.604312672055639,3.015574261233889,2.5973209506378527,2.6015453154704016,3.8755042468697742,3.807635516468859,2.8473834642060067
ENSMUSG00000034509-B,4.207939041009724,4.836603082234361,4.893414495959333,3.0541845677253745,4.385738477574488,3.902318963280511,5.226761042486335,4.53773835884697,5.155451869157071,5.3637582906604,4.929452018530055,5.254806977989811
ENSMUSG00000034520-B,6.293040248283962,3.8136381226818834,3.9840225264720672,4.072967521240352,3.4531523681486243,3.3648098756902893,3.47560927959857,3.8211190490169087,4.0919524391219735,4.537634011309451,2.632521657997895,4.043724896586897
ENSMUSG00000034575-B,5.441379412747367,5.589916354423457,5.535985476431197,5.73771199243356,5.485098301245737,5.4827827321669345,5.82482473324708,5.5690926520393385,5.668140254209929,5.50623631021111,6.044691717737754,5.928459044808573
ENSMUSG00000034706-B,3.4579763234462466,3.1670024629229987,1.918179767477204,0.0,3.163785587184932,3.902318963280511,3.337944873929122,4.261968914899732,3.2401524609867787,2.615639381685247,3.273289414056743,3.7435018634808537
ENSMUSG00000034762-B,3.283965590594543,0.7871122724200131,0.0,1.1490616944061631,2.8014352230686144,2.238994121667222,1.0089201542886188,2.0111273579927036,2.130791176299231,1.8336891264456736,0.900604630476427,2.6238940055118434
ENSMUSG00000034892-B,10.97925349347146,11.146171636042023,11.125903290283516,11.280501387481673,10.983907800907236,11.789653896907115,11.644857746228094,11.157556243430776,11.222502275686054,11.272135642228186,11.289783056560104,11.043044352267705
ENSMUSG00000035168-B,8.330440613526507,6.495869218096571,6.999195372953357,6.83599655157847,6.82604207937645,6.791293214900572,7.409997696974335,7.243537896122712,7.670830104018778,7.575698543150779,7.16151594565345,7.522069135273841
ENSMUSG00000035234-B,3.4579763234462466,3.0454726310430704,2.2344845923790824,3.7199457983154702,4.163401004930018,3.809658661476224,3.823877269588491,4.013895838989916,4.161716770569888,3.4928652304846852,3.137771365053633,3.7435018634808537
ENSMUSG00000035394-B,2.246663788354165,1.2935081824757793,1.51246595043351,1.1490616944061631,1.994821593098696,3.228283957404142,2.3361739877134577,1.5948577153675143,0.8835379103768013,1.4381060961904937,2.159433125265605,1.0234847419496351
ENSMUSG00000035441-B,5.7732154103337185,5.56801648297262,5.506885779702032,5.562927811914359,6.122473264377633,5.874563656002053,5.540963131366604,5.821909140889564,5.738320009159168,5.635899543000484,5.552836761608836,5.660367153350024
ENSMUSG00000035569-B,10.24632792522478,9.27262988892557,9.254149991173888,9.397430680331306,9.421461542516449,9.28158987969088,9.330640656256591,9.400657851781212,9.429592098237851,9.202416081550975,9.25564504447686,9.46015400593872
ENSMUSG00000035671-B,4.207939041009724,4.021298175057105,4.354467219899678,4.439678587854868,3.900443523749156,4.654458907763794,4.476413420195277,3.9207249704805607,4.573625219805471,4.735778754900015,4.887817239450957,3.7435018634808537
ENSMUSG00000035835-B,7.28381158125321,6.530253981677763,6.505719103692124,6.673397815753584,6.222002342889852,5.704853278078909,6.690037528554222,6.957212136183558,6.617104606234318,6.330893374425911,7.152753917759612,7.1230692408904925
ENSMUSG00000035941-B,6.246347684044023,6.051057241967112,5.868937452889393,5.89359067967369,5.202731841085182,6.005658867129145,6.409892469309127,6.424034981159043,5.869199995227533,5.906479319655543,6.171558195884439,5.746151043680593
ENSMUSG00000035948-B,0.0,0.0,3.072430133264163,1.7804748308724707,3.4531523681486243,4.222898910978355,2.013359633899684,2.3337942340902966,3.2401524609867787,0.8912827722170882,2.632521657997895,2.359322344576064
ENSMUSG00000035963-B,0.0,0.7871122724200131,0.9459719702367412,0.0,0.996549794818076,0.0,0.0,1.5948577153675143,0.0,1.4381060961904937,0.900604630476427,0.0
ENSMUSG00000035969-B,7.658402906796864,7.922616822305651,7.923701494959319,8.338466632944488,8.037511669812831,7.411857153540156,8.187649118233264,8.45356685546594,8.342494271986352,8.43608328812994,8.290320057950243,8.133887574763587
ENSMUSG00000035983-B,1.8062115994418957,1.964386763254362,1.918179767477204,2.2181885845760725,2.3164037990780786,1.9223914397525423,1.5968438254781343,1.5948577153675143,2.385284659426389,2.1438173585239833,1.450853040369649,1.0234847419496351
ENSMUSG00000036112-B,9.276851132113627,8.837353799539061,8.861613209333848,8.909209881657162,8.717621543462226,8.80568383106098,9.05941110404106,9.094275021336593,8.932226049743331,9.000521517703993,8.926103222262268,9.14454172024715
ENSMUSG00000036246-B,2.856601009838485,2.9127557664605015,3.3596425496849505,2.2181885845760725,3.800940816651081,0.9487275708515492,3.337944873929122,3.0129736021557663,2.130791176299231,2.615639381685247,1.8482151513686695,3.040850773071988
ENSMUSG00000036356-B,5.7732154103337185,5.072653089365245,5.178176084065701,4.974639576690689,5.163208675351139,4.757276494657801,5.6321345520943265,5.62922644933469,5.434451387889293,5.302578879369597,5.8415991603421995,5.330819431159779
ENSMUSG00000036712-B,8.499245395858814,8.17527477512492,8.328963347866022,8.122231207043955,8.255208721696876,7.962058859190158,8.537373581882576,8.309391286851122,8.372227546218712,8.321249773121087,8.368080008135424,8.558220340415607
ENSMUSG00000036885-B,5.521995871763407,5.694690461874134,5.935969157856927,5.951513337715719,6.10171613791091,6.144917498853833,6.039881338291585,5.714973683611267,5.405985722440424,6.024848127270313,5.525946922243989,6.000049927262916
ENSMUSG00000036908-B,4.831345310886777,5.248172965431768,5.214628727030609,4.731814203624554,5.08075782937359,5.598086640974135,5.226761042486335,4.714690106687776,5.31705521532958,5.635899543000484,5.084924522708586,4.503939374376524
ENSMUSG00000036915-B,1.8062115994418957,2.766581548621033,1.51246595043351,3.2515483595523023,3.163785587184932,0.9487275708515492,3.015574261233889,3.4729083321478047,0.0,1.8336891264456736,3.273289414056743,1.6161912973223032
ENSMUSG00000037025-B,0.0,1.667597390739755,0.9459719702367412,1.7804748308724707,0.996549794818076,0.9487275708515492,2.3361739877134577,1.5948577153675143,1.821580401267869,2.1438173585239833,1.450853040369649,2.359322344576064
ENSMUSG00000037103-B,5.009676017117655,4.9080769141305485,4.648962668335466,5.182421668087684,4.385738477574488,4.071495149597676,4.97141148818929,4.406432755101535,5.011722705730682,4.825500084767641,5.442132783760685,5.293313762964279
ENSMUSG00000037148-B,2.856601009838485,5.354344023161706,5.250182972595534,5.276071527462864,5.241201064032714,5.541586303340131,5.540963131366604,5.821909140889564,5.189253181510014,5.101740817811926,5.525946922243989,5.718119368391722
ENSMUSG00000037341-B,2.246663788354165,0.7871122724200131,2.2344845923790824,2.5535532966333583,1.994821593098696,2.498467299808558,1.0089201542886188,2.0111273579927036,2.130791176299231,1.4381060961904937,1.8482151513686695,0.0
ENSMUSG00000037353-B,6.198093232304976,6.399956362017443,6.120185831027147,6.034257418147882,6.578125955621581,6.289171812432955,6.812042105676291,6.991980408169961,6.459826334575967,6.682631278584773,6.5772241930652635,6.537936879255144
ENSMUSG00000037366-B,4.302260943910391,4.554228205452251,3.9840225264720672,3.847461540633596,4.080961470061744,3.710636076895923,4.104208177392387,3.9207249704805607,3.8598009907086706,4.307875937252778,4.38801789588369,4.043724896586897
ENSMUSG00000037437-B,0.0,1.667597390739755,0.0,0.0,2.3164037990780786,0.0,1.0089201542886188,1.5948577153675143,0.0,0.0,0.900604630476427,1.0234847419496351
ENSMUSG00000037514-B,6.096454561142645,5.969874413911551,6.398893677587521,5.979625307895263,5.923942180465802,6.420304322212507,6.587455024056161,5.945313137533027,6.445911824505158,6.608738003467911,6.439921832959732,6.349793570621164
ENSMUSG00000037578-B,4.107016405932684,2.420536794691922,1.918179767477204,2.8254764233515712,2.8014352230686144,2.718310594221604,0.0,3.0129736021557663,2.385284659426389,2.1438173585239833,3.137771365053633,3.363929204552695
ENSMUSG00000037709-B,5.899292710517162,5.453234459393591,5.619920348556439,5.446896837538067,5.385573618940282,5.570113045174708,5.745372394837991,5.847448852144659,5.668140254209929,6.080579204516653,5.353147450973358,5.773648426229184
ENSMUSG00000037824-B,7.150695197194673,7.327649052856697,6.901956010337463,6.8049098924086255,7.080605079991686,6.885102841428831,7.1469422462215,7.336653443275206,7.4092109754942,7.218051279182312,7.394905980079261,7.226186161376791
ENSMUSG00000038070-B,6.4455006792808005,6.12791412595281,5.47718702733986,5.833244862739344,5.851191709729742,6.372515446882811,6.167283630040462,6.318411619563415,5.848194676091759,5.754864143560435,5.655648010002173,6.255426957807501
ENSMUSG00000038324-B,8.164567753458803,8.535526782451107,8.333114043382604,7.941088232292326,8.26923806330288,8.110249339405067,8.73884279528573,8.580832628127867,8.847440523204744,8.829443259086256,8.595247984221334,8.542321321573473
ENSMUSG00000038344-B,4.952647074754181,4.50896792755303,4.701279104566726,3.7199457983154702,4.385738477574488,4.359911886872493,4.33882950255249,4.599165621027614,4.352798171812022,3.7889330061759665,3.976035425850128,4.6296441674859885
ENSMUSG00000038371-B,6.583378280496261,6.4487096998394495,6.366860711904826,6.820536950853085,6.679659079736738,6.388621602079574,6.284342454097875,7.003386092754822,6.724743756146977,6.862963634161456,6.7842798482327735,7.2557368478343
ENSMUSG00000038453-B,8.79525349134015,9.09067543794303,9.133204509951083,9.234917719165562,9.341830094427095,8.728693104372942,9.107865479882577,9.28625666056345,9.397419011992518,9.275875440224487,9.180044908805073,9.425902828841744
ENSMUSG00000038507-B,3.613239691404382,3.480088992742815,4.418372121292375,2.8254764233515712,3.9935240818764455,4.485033851623627,4.104208177392387,4.183923274809938,3.681282350118108,4.427323947587403,3.511237591449954,4.366227129719248
ENSMUSG00000038564-B,5.399316442586086,5.192005991332843,4.59467746443485,5.276071527462864,4.900212737484373,5.027939788565942,5.37490630476733,5.714973683611267,5.25456891372427,5.885771363319548,5.751617454347055,5.630600303571132
ENSMUSG00000038605-B,5.705788882617483,5.354344023161706,5.506885779702032,5.029457265590857,5.94739932232492,5.255756822274886,5.948233027006931,5.795909145224039,6.235548436564506,5.450921897503919,6.118546793508149,6.133381740043126
ENSMUSG00000038756-B,2.856601009838485,0.7871122724200131,0.0,0.0,0.996549794818076,1.9223914397525423,1.0089201542886188,0.0,0.8835379103768013,0.0,1.8482151513686695,0.0
ENSMUSG00000038816-B,5.168368589552175,4.554228205452251,4.143781507307443,5.276071527462864,4.9475110069298065,5.704853278078909,4.540578710084166,5.223872374199529,4.623927210362141,4.368835802509168,4.929452018530055,4.999309859013929
ENSMUSG00000038843-B,3.4579763234462466,4.258550909440941,2.7134578716552697,2.2181885845760725,3.315711772380074,3.710636076895923,4.717545193864014,4.261968914899732,4.0186423283581965,4.107827408326218,3.511237591449954,4.131356625746441
ENSMUSG00000038900-B,8.645861515465214,8.972696469739411,8.956144383206924,8.77127556299938,8.777741867672589,9.432929757256524,9.337429952405056,9.10754762796635,9.20430483940071,9.125014690148117,9.197190618335624,8.746922805788031
ENSMUSG00000039086-B,7.272205044544138,7.087088934254211,6.901956010337463,6.707416704835719,7.048425822794474,6.973183243632432,7.15721147721005,7.546119260366508,7.365530104030733,7.3674263253963455,7.502270349899806,7.472591472084773
ENSMUSG00000039191-B,5.0645360989299935,5.041205601714661,5.592481085405485,5.320711241263756,5.122572186340452,6.086873050851846,5.540963131366604,5.686953747645559,5.568918883001572,5.585423892173066,4.969918884344981,5.403026609573726
ENSMUSG00000039367-B,6.691901528204237,6.835371439044323,7.070539983084559,6.21065707058328,6.7875695733242924,7.035884878162975,7.1469422462215,6.991980408169961,7.499546296486627,7.282840586945821,7.254541484597177,6.660835227481099
ENSMUSG00000039477-B,7.072552444374812,6.1128668153112224,6.3829660986537995,7.0499702869642755,6.970426203438476,6.6514555922517795,6.837808020564286,6.318411619563415,6.5007823257543995,6.361212817681373,6.1004344431735955,6.8916846149952375
ENSMUSG00000039512-B,4.952647074754181,4.554228205452251,4.354467219899678,4.66413705409399,4.385738477574488,4.654458907763794,4.264782375228313,4.872290059335252,4.411253727509437,5.137215952848541,4.609099035979622,5.174565757502112
ENSMUSG00000039536-B,6.691901528204237,6.90690482623775,6.645788688445357,6.430264001824648,6.350727775096996,6.5260158116473255,7.236835376791801,6.909511365212213,7.124768698126222,7.02323889128091,7.0990339255571,6.814356936546653
ENSMUSG00000039828-B,6.808984999067663,6.097660905563668,5.535985476431197,6.257334273655224,5.350812221946047,6.046837361187159,6.246368481244498,6.389679296794276,5.715304003547377,5.821802026281046,6.350795720662249,6.646033400821165
ENSMUSG00000039835-B,4.627820432096269,5.2754571722374255,4.980667413928631,4.439678587854868,4.900212737484373,5.678893186718578,5.745372394837991,5.014356736425135,5.347311918081684,4.825500084767641,4.844945124302163,5.403026609573726
ENSMUSG00000039883-B,15.897956666275023,15.026230436643283,15.112337685751118,16.305368847065978,15.25768070274187,15.661242129867553,15.769381533809437,15.037098153679594,14.87124274225896,15.3097705472198,15.5328447925215,15.207487668591485
ENSMUSG00000039956-B,0.0,1.2935081824757793,0.9459719702367412,0.0,0.0,1.516186176602071,0.0,0.0,1.821580401267869,0.8912827722170882,1.450853040369649,1.0234847419496351
ENSMUSG00000039990-B,4.4742045144308165,4.50896792755303,5.384236342248328,4.518442618565875,5.578198088228749,5.324346924768041,4.97141148818929,5.014356736425135,5.011722705730682,4.688735036566729,4.556923114932377,5.403026609573726
ENSMUSG00000040043-B,1.8062115994418957,2.9127557664605015,3.4843121650326756,4.267943366850919,3.9935240818764455,3.604312672055639,3.337944873929122,3.4729083321478047,3.477512552977962,3.4928652304846852,2.159433125265605,3.211414963633655
ENSMUSG00000040276-B,10.6124197309935,11.112998092100794,10.982651193729025,10.803614697164129,10.709057426206728,10.075568049225971,11.13606977563312,11.6863540341623,11.38537141330048,11.790915840698965,11.739717056175577,11.26816122709095
ENSMUSG00000040649-B,6.293040248283962,6.283836585712419,6.460901724738217,5.833244862739344,6.2785823200690505,5.874563656002053,6.661464909993018,6.506506777544906,6.82490655584484,6.530854711358676,6.666108831394436,6.866366468099406
ENSMUSG00000040693-B,1.169035828833055,0.0,1.51246595043351,2.2181885845760725,1.580360391113546,0.0,1.0089201542886188,2.0111273579927036,1.427492445617763,0.8912827722170882,0.900604630476427,2.035085291391048
ENSMUSG00000040729-B,5.399316442586086,4.50896792755303,5.44686403528924,5.73771199243356,4.637224491857119,5.541586303340131,4.824508981159114,5.299841664884461,4.411253727509437,4.989760553642424,3.976035425850128,4.568160450599088
ENSMUSG00000040797-B,6.856393898147798,7.094767839664221,7.316771781856576,7.0499702869642755,7.306017828342797,6.716702708993956,7.452311542980184,7.6071981402861075,7.723685519275811,7.65125952672639,7.424326699458565,6.976954783212451
ENSMUSG00000040907-B,10.213326630203015,9.843772648028164,9.969432216975694,10.262608966638917,9.871149590853983,9.259864590444126,9.7941983710582,10.202156916882124,10.167488159331784,10.117074665197729,10.108042072751552,10.188659788121052
ENSMUSG00000040918-B,2.856601009838485,5.009057326027325,4.354467219899678,4.356364842565787,3.9935240818764455,4.543747580326049,5.061643868208803,4.53773835884697,5.25456891372427,5.028061224233596,5.121308894952936,4.852309835227633
ENSMUSG00000041020-B,10.06986294572899,8.94535109159037,9.22093625976481,9.150880491474462,9.2831212282759,8.80568383106098,9.454471529151588,9.000630347135209,9.332728543472324,9.22319946808736,9.506642404400004,9.324968931174048
ENSMUSG00000041057-B,7.373448175193328,6.472482147052427,6.475996075673785,6.707416704835719,6.142935973621826,6.929815131261761,6.971839246612024,7.014702312899184,6.928605291358463,7.013726780260906,6.690530083645983,6.8790810799943465
ENSMUSG00000041133-B,9.288420500223737,8.601694525649613,8.607789944386402,9.11013441835933,8.78426983977463,8.703162252915147,8.815407297439586,8.715221767703312,8.633922569425211,8.771359225162886,8.604916400330726,8.840905904932727
ENSMUSG00000041147-B,2.583628536214724,3.570979513350055,1.918179767477204,4.17374673946048,2.3164037990780786,2.718310594221604,2.5997989305116143,2.5973209506378527,2.9558989561580975,3.1199240906364327,3.137771365053633,3.211414963633655
ENSMUSG00000041308-B,4.390792791186304,3.6564816778911298,4.418372121292375,4.858329726362679,5.08075782937359,4.89894623024286,4.409260942089341,4.769158898319819,4.0919524391219735,4.307875937252778,4.196682908426215,4.745268524016443
ENSMUSG00000041468-B,6.583378280496261,5.2754571722374255,5.673281182073652,5.704408244096931,5.452680320776906,5.570113045174708,5.900128913896102,6.058988230344193,5.8899038653670095,5.821802026281046,5.680245475088138,5.660367153350024
ENSMUSG00000041598-B,7.761618834357603,7.842786208430468,7.723233641161464,7.604469339209733,7.636982134294075,7.972782273052693,8.067567339023675,7.644099652027375,7.5328381374719875,7.7802779402297215,8.216561997547243,7.89188399958679
ENSMUSG00000041608-B,4.893270698636854,4.554228205452251,5.102385559877196,5.320711241263756,4.385738477574488,3.604312672055639,4.924086758981448,4.714690106687776,4.809239875036287,4.868351536010444,4.800759870255176,3.62772999219573
ENSMUSG00000041649-B,2.856601009838485,2.9127557664605015,3.223171867782088,3.4251328311565272,3.4531523681486243,2.9090408667943133,3.6012742162453297,2.0111273579927036,3.8598009907086706,2.3989312282184883,3.137771365053633,2.6238940055118434
ENSMUSG00000041733-B,7.188234624547346,6.387506179222743,6.577453127983989,6.450492464222415,6.76133917646513,6.086873050851846,6.4933203012126794,6.629376897901038,6.2192803707035935,6.098687865866216,6.482501722933901,6.133381740043126
ENSMUSG00000041736-B,3.4579763234462466,4.312232511768845,4.287599889753829,3.4251328311565272,3.163785587184932,5.068495996391319,3.6012742162453297,3.4729083321478047,3.477512552977962,2.615639381685247,3.976035425850128,3.5018508052118755
ENSMUSG00000041794-B,6.293040248283962,6.142806111774644,6.231104198628454,5.979625307895263,6.333026815947365,5.4827827321669345,6.104988366223554,6.204440090950675,6.235548436564506,5.660490204919677,6.366037701859401,6.02314528443074
ENSMUSG00000041852-B,6.65662643652856,6.1128668153112224,6.100841109998865,6.30254848476296,6.485021360182781,5.851507738040505,6.146815970260121,6.08068663566313,6.388871622373106,5.986460914069973,6.4108206426307595,6.5055038194084895
ENSMUSG00000042190-B,2.246663788354165,2.766581548621033,2.7134578716552697,2.2181885845760725,3.900443523749156,3.710636076895923,2.822613016020247,3.0129736021557663,3.477512552977962,3.1199240906364327,3.511237591449954,3.363929204552695
ENSMUSG00000042757-B,6.198093232304976,5.969874413911551,5.957638372631451,5.670317495535816,6.015565670083691,5.652457392263169,6.167283630040462,6.569249503716413,6.592053617476656,6.59604594315731,6.806795396335228,6.91656610065645
ENSMUSG00000042759-B,0.0,2.420536794691922,1.51246595043351,0.0,1.580360391113546,0.9487275708515492,2.013359633899684,2.5973209506378527,0.0,1.4381060961904937,2.8212892783330923,0.0
ENSMUSG00000042793-B,5.521995871763407,3.2790854878575644,3.804343661299686,3.2515483595523023,3.4531523681486243,3.0774748161582,3.337944873929122,4.336008310520878,4.623927210362141,4.58977932873845,3.976035425850128,3.62772999219573
ENSMUSG00000043090-B,5.355990166753498,5.009057326027325,5.250182972595534,5.320711241263756,4.9475110069298065,5.146340485382241,5.661288114362257,5.686953747645559,5.691914851538447,5.585423892173066,5.19143539328083,5.215244162666781
ENSMUSG00000043243-B,0.0,1.2935081824757793,0.9459719702367412,1.1490616944061631,0.996549794818076,2.238994121667222,0.0,1.0074277664920572,1.821580401267869,0.8912827722170882,1.450853040369649,2.035085291391048
ENSMUSG00000043262-B,3.4579763234462466,2.766581548621033,2.4937579377882537,2.2181885845760725,3.4531523681486243,2.718310594221604,4.016680301357339,3.335270662524132,3.2401524609867787,3.3789375282937875,3.3971636439971347,3.5018508052118755
ENSMUSG00000043290-B,3.283965590594543,3.6564816778911298,4.066112281463039,3.0541845677253745,3.578630808151181,3.710636076895923,3.823877269588491,4.183923274809938,3.773301140810181,2.970595430034886,3.715440394059799,4.6296441674859885
ENSMUSG00000043631-B,3.613239691404382,4.50896792755303,4.2174820653654965,1.1490616944061631,4.315365634510435,5.068495996391319,3.716864854720897,4.821645825006173,2.385284659426389,2.970595430034886,3.894291156871041,4.503939374376524
ENSMUSG00000043702-B,5.635055911566559,4.872782571470365,5.592481085405485,5.635401649485209,5.315192534428027,5.678893186718578,5.5719982050506545,5.184332939605705,5.155451869157071,5.450921897503919,4.844945124302163,5.827119160977592
ENSMUSG00000043811-B,6.6020419102990475,6.649752327373826,6.748809134183528,6.939809699421789,6.142935973621826,5.941599799027664,6.9365026388258775,7.722106082793751,7.142131574175086,7.461389769352585,7.062076112359301,7.068608391353954
ENSMUSG00000044022-B,3.0860503698190223,3.8136381226818834,3.4843121650326756,3.2515483595523023,3.800940816651081,3.3648098756902893,3.1857451226598252,2.820064919656635,2.6015453154704016,3.255235748423378,3.137771365053633,3.211414963633655
ENSMUSG00000044026-B,1.8062115994418957,4.0843682041910965,2.2344845923790824,3.2515483595523023,2.57920756622711,3.809658661476224,3.1857451226598252,2.5973209506378527,3.2401524609867787,3.1199240906364327,2.8212892783330923,3.363929204552695
ENSMUSG00000044172-B,0.0,0.7871122724200131,1.51246595043351,1.1490616944061631,0.0,0.0,2.013359633899684,1.5948577153675143,0.0,1.8336891264456736,0.900604630476427,1.6161912973223032
ENSMUSG00000044749-B,0.0,1.2935081824757793,0.9459719702367412,1.7804748308724707,0.0,1.516186176602071,2.013359633899684,2.0111273579927036,0.8835379103768013,0.8912827722170882,0.0,0.0
ENSMUSG00000045087-B,6.222422197238793,5.37970934395094,5.673281182073652,5.670317495535816,4.9475110069298065,5.851507738040505,5.339271613534292,5.686953747645559,5.434451387889293,5.302578879369597,5.290620552913764,5.569158200946751
ENSMUSG00000045102-B,0.0,0.7871122724200131,0.0,2.8254764233515712,0.996549794818076,0.9487275708515492,0.0,0.0,0.0,2.3989312282184883,0.900604630476427,0.0
ENSMUSG00000045667-B,2.246663788354165,2.420536794691922,0.9459719702367412,0.0,2.993956715289905,2.238994121667222,2.013359633899684,2.5973209506378527,2.385284659426389,0.0,3.137771365053633,3.040850773071988
ENSMUSG00000047003-B,4.207939041009724,3.955344375791936,4.143781507307443,4.267943366850919,3.9935240818764455,4.222898910978355,4.875156832453922,4.261968914899732,4.521505807466241,4.034466029383136,4.556923114932377,3.62772999219573
ENSMUSG00000047216-B,3.0860503698190223,2.2104153203182793,2.7134578716552697,2.5535532966333583,2.3164037990780786,3.710636076895923,3.015574261233889,3.9207249704805607,4.291873708189772,3.7889330061759665,3.3971636439971347,3.040850773071988
ENSMUSG00000047238-B,6.932102852019465,7.922616822305651,7.735829313583755,6.896229746441505,7.47694578397768,7.956667113595931,7.942525253925865,7.735846808023463,7.996123682607191,7.903858145772888,7.887419949440151,8.139182491949517
ENSMUSG00000047606-B,5.899292710517162,4.363988112705335,4.751764592434789,4.17374673946048,4.241383272919841,4.4238288905792205,4.476413420195277,4.406432755101535,4.228262552792894,4.537634011309451,4.800759870255176,4.688614370749845
ENSMUSG00000047676-B,0.0,2.2104153203182793,0.0,2.2181885845760725,0.0,0.9487275708515492,0.0,0.0,0.0,0.0,0.900604630476427,0.0
ENSMUSG00000047866-B,6.691901528204237,7.071607409391578,6.967504936187151,6.896229746441505,6.468902559348624,6.95166213962229,7.312293650698268,7.30934433661816,7.025347546551721,7.158871040263464,6.934973458608773,6.774081158116149
ENSMUSG00000047867-B,1.8062115994418957,0.0,1.51246595043351,2.2181885845760725,1.580360391113546,2.498467299808558,2.5997989305116143,2.3337942340902966,2.9558989561580975,1.8336891264456736,0.0,3.040850773071988
ENSMUSG00000048249-B,8.937981571137627,8.433243503718048,8.501159177021204,8.966521053081912,8.398253210143354,9.045503382558968,8.690167511208587,8.636831890271484,8.386867500721994,8.41094044661921,8.40174971730035,8.47272477239225
ENSMUSG00000048347-B,2.583628536214724,2.766581548621033,3.223171867782088,2.8254764233515712,3.578630808151181,3.228283957404142,4.186728143820816,3.714122785565889,3.681282350118108,3.8755042468697742,3.511237591449954,4.043724896586897
ENSMUSG00000048706-B,5.0645360989299935,5.072653089365245,5.178176084065701,5.182421668087684,5.385573618940282,4.757276494657801,5.798823784383855,5.40678387498943,5.619382394443351,5.635899543000484,5.751617454347055,5.746151043680593
ENSMUSG00000049387-B,1.169035828833055,2.420536794691922,2.7134578716552697,1.1490616944061631,1.580360391113546,0.0,1.5968438254781343,2.0111273579927036,1.821580401267869,0.0,1.450853040369649,1.0234847419496351
ENSMUSG00000049764-B,4.302260943910391,4.598111660620564,4.59467746443485,4.356364842565787,4.851311095765097,4.149182254706563,4.33882950255249,4.921216610118436,4.6725342681339965,4.735778754900015,4.755178487912343,4.852309835227633
ENSMUSG00000050052-B,3.4579763234462466,4.312232511768845,4.479565985314829,4.518442618565875,4.748235288780849,4.600164971518518,4.476413420195277,4.658083889759377,4.7195569016388,4.537634011309451,4.053395311193678,4.366227129719248
ENSMUSG00000050074-B,1.8062115994418957,3.955344375791936,3.3596425496849505,1.7804748308724707,2.993956715289905,1.516186176602071,4.409260942089341,4.714690106687776,4.623927210362141,4.107827408326218,4.126817283801403,4.131356625746441
ENSMUSG00000050549-B,3.0860503698190223,3.383085014617831,3.7053501275360574,2.5535532966333583,3.4531523681486243,2.9090408667943133,3.337944873929122,2.3337942340902966,3.681282350118108,2.615639381685247,3.273289414056743,3.040850773071988
ENSMUSG00000050592-B,0.0,1.2935081824757793,2.7134578716552697,3.5800568320362984,1.580360391113546,3.0774748161582,3.1857451226598252,2.3337942340902966,2.6015453154704016,1.8336891264456736,1.8482151513686695,1.6161912973223032
ENSMUSG00000050666-B,3.283965590594543,4.9080769141305485,4.648962668335466,4.439678587854868,3.800940816651081,5.570113045174708,4.6609344580909875,3.9207249704805607,4.809239875036287,3.1199240906364327,4.38801789588369,4.6296441674859885
ENSMUSG00000050677-B,3.0860503698190223,2.9127557664605015,3.072430133264163,1.1490616944061631,1.994821593098696,4.293031306033461,2.5997989305116143,3.8211190490169087,2.789574405893652,2.1438173585239833,1.8482151513686695,3.040850773071988
ENSMUSG00000050930-B,1.8062115994418957,3.8136381226818834,3.4843121650326756,2.5535532966333583,2.3164037990780786,2.9090408667943133,3.337944873929122,2.3337942340902966,3.582992083521086,2.970595430034886,2.8212892783330923,3.040850773071988
ENSMUSG00000051297-B,2.246663788354165,2.420536794691922,1.51246595043351,2.8254764233515712,2.8014352230686144,1.516186176602071,2.5997989305116143,3.0129736021557663,1.821580401267869,3.255235748423378,2.632521657997895,1.0234847419496351
ENSMUSG00000051495-B,6.638660088735596,6.660140580699884,7.009606024580294,7.369719267817137,7.202591475784158,7.330819739018008,7.105118356685763,6.715115451173238,7.372902711263357,7.1061382456632565,6.985192898591437,7.196017509112015
ENSMUSG00000051855-B,4.207939041009724,5.248172965431768,4.751764592434789,3.847461540633596,5.547827508577877,5.027939788565942,5.50924573005686,5.473914028812617,4.893672621922326,5.393401825066743,5.442132783760685,5.215244162666781
ENSMUSG00000052117-B,0.0,2.766581548621033,0.0,2.2181885845760725,0.0,0.9487275708515492,2.822613016020247,2.0111273579927036,2.9558989561580975,1.4381060961904937,0.0,1.0234847419496351
ENSMUSG00000052516-B,6.0152321201233825,6.507422103002114,6.460901724738217,6.566245897484683,6.838641587936454,6.481655853860569,6.983428361406823,7.102171929331427,6.653883904682906,6.7414434094916285,6.8179227552576975,6.98873500715628
ENSMUSG00000052533-B,3.998499203171392,4.144796114547888,4.538269502023748,4.17374673946048,4.385738477574488,4.071495149597676,4.33882950255249,4.473578874481304,5.085376433305287,4.688735036566729,4.38801789588369,4.292105696052246
ENSMUSG00000052698-B,8.79119300052499,7.616114800446627,7.658550974541107,8.05115486697591,7.844870339226905,7.532734369188344,7.918578340799061,7.986302307732467,8.31978513807273,8.017682728156455,7.999173449154747,8.18085645314813
ENSMUSG00000052837-B,4.698900418805928,7.5946119796645535,7.691254780243884,7.912207551883827,7.88186378775162,7.297085758988008,7.265596711404248,7.272108975463008,7.519613447144297,8.041282165620778,8.152078768674683,8.006411093664319
ENSMUSG00000052951-B,0.0,1.964386763254362,2.2344845923790824,3.0541845677253745,4.241383272919841,3.809658661476224,2.822613016020247,2.0111273579927036,2.6015453154704016,3.255235748423378,3.273289414056743,2.359322344576064
ENSMUSG00000053279-B,7.873387265558408,7.314556057708602,7.754519001217338,7.897547471701449,7.540022811519549,8.124745263309755,7.837886240703203,7.465944358017328,7.86632596239381,7.829903590901528,7.939292383878006,7.653688477443067
ENSMUSG00000053358-B,2.246663788354165,1.2935081824757793,0.9459719702367412,1.1490616944061631,2.57920756622711,2.238994121667222,0.0,2.0111273579927036,0.8835379103768013,2.3989312282184883,1.450853040369649,1.0234847419496351
ENSMUSG00000053768-B,6.77649081891284,6.484223072103106,6.901956010337463,6.509529792113876,6.721077104314512,6.918766298885341,6.863121829865149,7.091523882149059,6.877687436614846,6.490277442105768,6.88294266514778,6.569656817477827
ENSMUSG00000054519-B,1.8062115994418957,1.667597390739755,2.7134578716552697,3.2515483595523023,1.994821593098696,1.9223914397525423,2.5997989305116143,3.4729083321478047,2.9558989561580975,2.1438173585239833,2.4152830223730466,2.035085291391048
ENSMUSG00000054920-B,6.709220819725195,6.484223072103106,6.7611844298752874,6.21065707058328,6.080655998249316,6.791293214900572,6.265480405803249,6.6440251934678916,6.736222603635499,6.530854711358676,6.482501722933901,6.455444741531574
ENSMUSG00000055239-B,7.072552444374812,7.391388852255744,7.109778231151236,7.06316722221415,7.091173950029153,7.288527558494415,7.468895594974873,7.214389544658016,7.1846459836233105,7.352411397625307,7.582756245039082,7.653688477443067
ENSMUSG00000055639-B,4.302260943910391,5.4769330733696515,5.673281182073652,5.525278258839427,5.202731841085182,5.421480135336272,5.265247766468882,5.40678387498943,5.760974587871021,5.843441830618017,4.969918884344981,5.928459044808573
ENSMUSG00000055818-B,2.856601009838485,1.667597390739755,2.2344845923790824,3.2515483595523023,1.580360391113546,0.9487275708515492,0.0,0.0,1.427492445617763,1.4381060961904937,2.632521657997895,1.0234847419496351
ENSMUSG00000055945-B,8.76658709312876,8.355472842133626,8.573114719496624,8.402167152107925,8.319542379634044,8.589314139346742,8.769288540363299,8.372324546516937,8.636987676523617,8.505595763749666,8.585514336508394,8.363862185167248
ENSMUSG00000056071-B,0.0,0.7871122724200131,0.9459719702367412,1.1490616944061631,4.241383272919841,4.70678345431603,4.104208177392387,3.4729083321478047,2.6015453154704016,3.95717341038548,3.6169489052138504,2.035085291391048
ENSMUSG00000056116-B,4.207939041009724,4.554228205452251,4.538269502023748,3.847461540633596,4.578342342624419,4.485033851623627,4.824508981159114,5.262357009689984,4.623927210362141,4.7813367796268755,4.969918884344981,4.366227129719248
ENSMUSG00000056411-B,0.0,0.0,1.51246595043351,1.1490616944061631,1.580360391113546,0.0,1.5968438254781343,0.0,1.427492445617763,0.0,0.0,2.359322344576064
ENSMUSG00000056423-B,0.0,1.964386763254362,0.9459719702367412,0.0,0.996549794818076,0.9487275708515492,0.0,1.0074277664920572,0.0,0.8912827722170882,1.450853040369649,0.0
ENSMUSG00000056737-B,0.0,2.420536794691922,2.4937579377882537,1.7804748308724707,1.994821593098696,1.516186176602071,2.3361739877134577,0.0,2.385284659426389,0.8912827722170882,2.159433125265605,2.035085291391048
ENSMUSG00000056770-B,8.158276031962954,7.926924945026043,7.803205889510584,7.558613590335513,7.781025213709008,7.760216501539629,8.23204509755115,8.009113111959136,8.429916560574899,8.542446518436643,8.360489926908025,8.112511407819307
ENSMUSG00000056900-B,6.7599650899646555,6.507422103002114,6.460901724738217,5.73771199243356,6.333026815947365,5.941599799027664,6.646963554591763,6.79604317893227,6.566559944699064,6.8308238141214135,6.903980691986703,6.732648628729814
ENSMUSG00000057322-B,10.00472673044897,10.240645717630208,10.184553526354458,10.097648734486684,9.776097388254865,10.493687968036808,10.228441921174197,10.209561762829328,10.196863769510545,10.209547500197026,10.264666333931286,10.079972557557026
ENSMUSG00000057440-B,4.698900418805928,4.682066304541401,4.479565985314829,4.796458350445657,4.578342342624419,5.324346924768041,5.017233003602457,4.658083889759377,4.573625219805471,5.171839666559339,4.502789186891137,5.437818673549586
ENSMUSG00000057455-B,8.659290322304015,7.86540808855762,8.161675082794362,7.674935513053371,7.826011706433598,8.065866613082319,8.284514643110276,8.086225046494349,8.522322535223068,8.217347731566605,8.371860126675507,8.160169942555939
ENSMUSG00000057531-B,6.173346947007079,7.378864190695344,7.100068264598777,6.95404863880708,6.82604207937645,6.994388023951175,7.339603107881956,7.345642798808055,7.558929303177885,7.44024272192137,7.402317598361763,6.98873500715628
ENSMUSG00000058400-B,0.0,2.2104153203182793,2.2344845923790824,1.7804748308724707,2.3164037990780786,2.238994121667222,3.1857451226598252,2.820064919656635,3.477512552977962,2.970595430034886,3.273289414056743,2.359322344576064
ENSMUSG00000058897-B,7.163317183477301,5.86601135278382,6.120185831027147,5.446896837538067,5.993199521654824,5.963270404936979,6.443844695712667,5.599472836909883,6.298846080989826,5.966877358882761,6.304079099892124,6.349793570621164
ENSMUSG00000059447-B,5.441379412747367,5.811134208143242,5.957638372631451,5.486619789201168,5.693664208559246,5.652457392263169,5.994784813989279,5.299841664884461,5.8052436577396,5.986460914069973,5.751617454347055,5.878678727961357
ENSMUSG00000059669-B,5.117386261296756,4.976176315776484,5.178176084065701,4.796458350445657,5.315192534428027,5.389823511734513,5.443639113245914,5.101846684704441,4.973436011778948,5.478844189060445,5.3222227175867225,5.537427176484457
ENSMUSG00000059674-B,2.246663788354165,2.766581548621033,2.904080281226693,2.2181885845760725,3.4531523681486243,2.238994121667222,2.3361739877134577,1.0074277664920572,3.2401524609867787,2.970595430034886,2.632521657997895,2.6238940055118434
ENSMUSG00000060424-B,6.65662643652856,7.926924945026043,7.729545223387481,7.411593698848111,7.524510212499196,7.856002429169202,7.654321286297661,7.498550905971806,7.458554697753979,7.258884265308679,7.800337864625172,7.546185861401582
ENSMUSG00000061039-B,0.0,0.7871122724200131,0.9459719702367412,1.1490616944061631,0.0,0.0,1.5968438254781343,0.0,0.8835379103768013,0.8912827722170882,1.450853040369649,1.0234847419496351
ENSMUSG00000061535-B,0.0,1.2935081824757793,1.918179767477204,0.0,2.57920756622711,2.238994121667222,1.5968438254781343,1.0074277664920572,0.0,0.0,2.159433125265605,0.0
ENSMUSG00000061983-B,10.19960546243937,10.356962770326744,10.15320397999167,10.36073091212367,10.246944475447954,10.998246734900151,10.708645809964112,10.0162112988847,10.281563728312822,10.394075825097238,10.452199906573412,10.197569519515511
ENSMUSG00000062380-B,10.29445620664095,9.67475563092159,9.755697598542527,9.982548409778724,9.58368735073921,9.174189449371656,9.914099349903656,10.205864090659064,10.293267776187536,10.246563597279764,10.01320571713124,10.059173459594184
ENSMUSG00000062470-B,1.8062115994418957,2.2104153203182793,1.918179767477204,1.7804748308724707,0.0,2.9090408667943133,3.1857451226598252,2.3337942340902966,0.0,2.1438173585239833,2.632521657997895,2.359322344576064
ENSMUSG00000062661-B,8.694501127538887,8.501268961083442,8.826713177999999,8.66275777261832,8.480950642769677,8.495757551424987,9.147036945939757,8.960231420798468,8.82073226518896,9.08469892340271,8.981583432560953,8.65380605322813
ENSMUSG00000062704-B,1.169035828833055,2.766581548621033,2.2344845923790824,2.5535532966333583,1.580360391113546,0.0,1.0089201542886188,2.0111273579927036,2.385284659426389,1.4381060961904937,2.8212892783330923,1.6161912973223032
ENSMUSG00000063049-B,6.7599650899646555,6.975058289318222,6.809650625237836,7.023208646358114,6.900039623554716,6.907632195928749,7.246486337776869,7.224171243087799,7.089403196757053,7.097158963787137,7.117163757190749,7.144290685942468
ENSMUSG00000063077-B,10.600867026605432,9.830036713743988,9.99716249460597,10.177184445671667,9.925313158917632,9.996326570027149,9.966134834654063,10.25559663559036,10.17910001400602,9.9857952129543,9.846628001678988,10.13666366147526
ENSMUSG00000063409-B,2.856601009838485,0.0,0.0,1.1490616944061631,0.996549794818076,1.516186176602071,1.5968438254781343,2.3337942340902966,1.427492445617763,0.0,0.900604630476427,1.6161912973223032
ENSMUSG00000063681-B,3.0860503698190223,2.6039096794870713,0.9459719702367412,1.7804748308724707,2.3164037990780786,1.516186176602071,1.5968438254781343,1.5948577153675143,3.2401524609867787,1.8336891264456736,3.807635516468859,2.035085291391048
ENSMUSG00000063870-B,9.399280900315016,8.698104866886975,8.790947910918103,9.144686281395366,8.976098579580105,8.852885541003264,8.831527404171098,9.05370844972738,8.919695693145538,9.033843249408488,9.070333086414385,9.046503754169969
ENSMUSG00000063931-B,5.117386261296756,5.734558491069334,5.978986927136198,5.276071527462864,5.419517116717737,5.984620309707191,5.602379691361456,5.897210655853129,5.930441021516748,5.660490204919677,5.704430582409335,6.133381740043126
ENSMUSG00000064128-B,3.613239691404382,2.6039096794870713,1.918179767477204,4.17374673946048,3.163785587184932,3.902318963280511,3.6012742162453297,4.013895838989916,3.363708484120931,2.1438173585239833,2.159433125265605,2.035085291391048
ENSMUSG00000064363-B,16.7350256513124,16.569329906515552,16.198661997387248,16.04583058536853,16.23929386378587,16.233589418953258,16.769250938109927,16.53752145088991,16.12560756235303,16.209047815980533,16.62860815356471,16.533836198831885
ENSMUSG00000066197-B,1.8062115994418957,2.420536794691922,3.599060216481229,3.5800568320362984,3.900443523749156,2.718310594221604,3.6012742162453297,3.9207249704805607,3.477512552977962,4.24422618753497,3.976035425850128,3.211414963633655
ENSMUSG00000066441-B,6.293040248283962,6.33660237210884,6.366860711904826,5.599619773587351,5.900097330506026,5.963270404936979,6.321342474202575,6.164356962304127,6.344560947696467,6.448525785270703,6.082091806695575,6.5055038194084895
ENSMUSG00000067279-B,7.28381158125321,7.39761064311595,7.541462736048413,7.380302370573724,7.259922827834288,8.249043596138312,7.668749240824878,7.224171243087799,7.365530104030733,7.258884265308679,7.204545202059565,7.000419819072049
ENSMUSG00000067768-B,1.169035828833055,0.0,1.51246595043351,0.0,0.0,0.9487275708515492,1.0089201542886188,2.0111273579927036,0.8835379103768013,1.4381060961904937,0.900604630476427,0.0
ENSMUSG00000068154-B,3.613239691404382,3.8136381226818834,2.2344845923790824,4.356364842565787,4.452837687062892,4.071495149597676,3.337944873929122,4.658083889759377,3.773301140810181,4.307875937252778,3.511237591449954,3.211414963633655
ENSMUSG00000068220-B,5.0645360989299935,5.86601135278382,5.673281182073652,5.833244862739344,6.183010740881436,6.95166213962229,6.617516094823975,5.742459770005629,6.298846080989826,6.284184934977925,6.171558195884439,5.537427176484457
ENSMUSG00000068966-B,3.7534052432122857,4.9080769141305485,3.896978526200117,4.518442618565875,3.6940636500133506,4.757276494657801,4.717545193864014,4.821645825006173,4.573625219805471,4.427323947587403,3.894291156871041,4.852309835227633
ENSMUSG00000070167-B,1.8062115994418957,0.7871122724200131,0.0,0.0,0.0,1.9223914397525423,1.0089201542886188,1.5948577153675143,0.0,0.8912827722170882,0.900604630476427,0.0
ENSMUSG00000070407-B,2.246663788354165,2.420536794691922,2.7134578716552697,2.2181885845760725,3.163785587184932,3.3648098756902893,2.822613016020247,2.5973209506378527,2.385284659426389,3.1199240906364327,1.450853040369649,1.0234847419496351
ENSMUSG00000070527-B,1.8062115994418957,0.7871122724200131,2.2344845923790824,2.8254764233515712,1.994821593098696,0.9487275708515492,3.1857451226598252,2.3337942340902966,3.582992083521086,2.804006512785884,2.4152830223730466,3.211414963633655
ENSMUSG00000070532-B,5.598344963007395,3.8862304070733424,4.84772591259785,5.082268083683275,4.516954341139135,4.986210429671472,3.823877269588491,4.261968914899732,4.228262552792894,4.307875937252778,4.556923114932377,3.8506695799639914
ENSMUSG00000070687-B,1.169035828833055,2.766581548621033,3.072430133264163,3.7199457983154702,2.57920756622711,3.989385421409433,2.5997989305116143,3.0129736021557663,3.1050152051192725,2.970595430034886,3.6169489052138504,3.62772999219573
ENSMUSG00000070806-B,1.8062115994418957,1.2935081824757793,0.9459719702367412,0.0,0.996549794818076,0.9487275708515492,1.0089201542886188,1.0074277664920572,1.821580401267869,0.0,0.900604630476427,1.0234847419496351
ENSMUSG00000070953-B,6.0428174832780135,5.918877350295896,6.3829660986537995,6.257334273655224,5.826102823343904,6.046837361187159,6.104988366223554,6.506506777544906,6.283280119580984,6.116572042697617,6.523860848208287,6.293917417283149
ENSMUSG00000071648-B,4.766642199529245,4.761402889222107,4.9377004768361745,4.072967521240352,4.516954341139135,4.654458907763794,4.409260942089341,3.9207249704805607,4.973436011778948,4.909966826547472,4.969918884344981,4.745268524016443
ENSMUSG00000071661-B,1.8062115994418957,0.7871122724200131,3.7053501275360574,1.1490616944061631,2.8014352230686144,3.0774748161582,2.822613016020247,2.5973209506378527,2.6015453154704016,1.4381060961904937,0.900604630476427,2.035085291391048
ENSMUSG00000072809-B,3.0860503698190223,3.1670024629229987,0.9459719702367412,3.4251328311565272,2.57920756622711,2.498467299808558,3.1857451226598252,2.820064919656635,1.821580401267869,3.1199240906364327,2.159433125265605,3.040850773071988
ENSMUSG00000072919-B,1.169035828833055,0.0,0.9459719702367412,1.1490616944061631,2.3164037990780786,0.9487275708515492,2.013359633899684,1.5948577153675143,0.8835379103768013,1.4381060961904937,0.900604630476427,0.0
ENSMUSG00000072964-B,6.7599650899646555,6.495869218096571,6.577453127983989,6.388935774164417,6.563019822540756,6.066994078491913,6.994925122659873,6.318411619563415,6.856806225955368,6.935284048150675,6.439921832959732,6.801056218045932
ENSMUSG00000073460-B,3.4579763234462466,0.7871122724200131,0.9459719702367412,2.5535532966333583,0.996549794818076,0.0,1.5968438254781343,1.5948577153675143,2.130791176299231,2.804006512785884,2.159433125265605,1.6161912973223032
ENSMUSG00000073680-B,9.43094331298446,8.6230928195579,8.844268723807966,8.945295266141827,8.819655059750716,8.784537320975277,8.73884279528573,8.749492501654897,9.05188464484813,9.07558478201889,8.87906774029542,8.869859330365058
ENSMUSG00000073795-B,2.246663788354165,1.2935081824757793,2.2344845923790824,0.0,0.0,1.9223914397525423,3.337944873929122,2.3337942340902966,0.8835379103768013,0.0,0.0,2.035085291391048
ENSMUSG00000074215-B,3.4579763234462466,2.420536794691922,1.918179767477204,2.8254764233515712,2.993956715289905,3.710636076895923,3.1857451226598252,1.5948577153675143,2.9558989561580975,3.59845095259921,2.9881912580676815,3.211414963633655
ENSMUSG00000074476-B,2.583628536214724,3.1670024629229987,3.3596425496849505,3.4251328311565272,3.4531523681486243,2.498467299808558,2.822613016020247,2.3337942340902966,3.1050152051192725,3.4928652304846852,3.807635516468859,3.8506695799639914
ENSMUSG00000074580-B,3.0860503698190223,2.766581548621033,1.51246595043351,2.8254764233515712,3.315711772380074,3.809658661476224,1.5968438254781343,2.820064919656635,3.1050152051192725,2.1438173585239833,3.3971636439971347,2.359322344576064
ENSMUSG00000074646-B,0.0,0.7871122724200131,0.0,2.5535532966333583,0.0,0.0,0.0,2.0111273579927036,0.8835379103768013,0.0,0.0,1.0234847419496351
ENSMUSG00000074793-B,4.4742045144308165,1.2935081824757793,3.4843121650326756,1.1490616944061631,3.578630808151181,3.4895255802116,3.47560927959857,2.0111273579927036,2.130791176299231,2.804006512785884,2.9881912580676815,1.0234847419496351
ENSMUSG00000074811-B,3.7534052432122857,4.144796114547888,4.479565985314829,4.518442618565875,2.8014352230686144,3.710636076895923,4.772018169472108,3.8211190490169087,4.623927210362141,5.333492860055802,4.446544546311149,4.43672579137573
ENSMUSG00000074813-B,0.0,1.667597390739755,1.51246595043351,0.0,1.580360391113546,1.9223914397525423,0.0,0.0,2.130791176299231,1.8336891264456736,0.0,2.035085291391048
ENSMUSG00000075225-B,3.613239691404382,1.964386763254362,1.51246595043351,1.7804748308724707,0.0,2.9090408667943133,2.3361739877134577,1.0074277664920572,2.385284659426389,2.1438173585239833,2.159433125265605,1.0234847419496351
ENSMUSG00000078435-B,3.998499203171392,2.9127557664605015,3.223171867782088,3.0541845677253745,2.993956715289905,3.902318963280511,3.6012742162453297,2.820064919656635,3.1050152051192725,3.1199240906364327,3.273289414056743,2.8473834642060067
ENSMUSG00000079043-B,3.7534052432122857,4.144796114547888,3.3596425496849505,4.267943366850919,3.4531523681486243,4.359911886872493,4.924086758981448,3.598550992932378,3.773301140810181,4.368835802509168,4.446544546311149,4.043724896586897
ENSMUSG00000079083-B,5.009676017117655,4.836603082234361,4.701279104566726,4.796458350445657,4.6937973679992195,5.107943215788713,4.264782375228313,5.262357009689984,5.04901954778731,4.735778754900015,4.659453660616243,5.330819431159779
ENSMUSG00000079157-B,8.77894250449494,8.560696650612346,8.46378924988167,8.195972878808021,8.41096408269837,7.90721258369087,8.572327333624939,8.651405067402273,8.60290791922921,8.453777915225713,8.545909429826317,8.631436403151723
ENSMUSG00000081683-B,5.635055911566559,3.0454726310430704,3.223171867782088,4.072967521240352,2.993956715289905,3.604312672055639,2.3361739877134577,2.5973209506378527,2.130791176299231,3.255235748423378,3.3971636439971347,2.8473834642060067
ENSMUSG00000083153-B,2.856601009838485,1.667597390739755,0.0,0.0,2.57920756622711,0.9487275708515492,0.0,0.0,0.0,0.0,2.159433125265605,1.6161912973223032
ENSMUSG00000083307-B,2.583628536214724,1.2935081824757793,1.51246595043351,0.0,0.996549794818076,1.9223914397525423,2.5997989305116143,2.0111273579927036,1.427492445617763,0.8912827722170882,1.450853040369649,1.6161912973223032
ENSMUSG00000084375-B,0.0,1.667597390739755,0.9459719702367412,1.1490616944061631,0.0,1.516186176602071,2.5997989305116143,1.0074277664920572,2.130791176299231,0.8912827722170882,1.450853040369649,1.0234847419496351
ENSMUSG00000085007-B,1.169035828833055,5.133563433718795,5.062942950002011,5.029457265590857,4.993307716508419,5.2904594578523545,5.50924573005686,5.686953747645559,5.691914851538447,5.270987943583599,5.774644472190196,5.437818673549586
ENSMUSG00000085111-B,0.0,1.964386763254362,0.0,1.7804748308724707,1.994821593098696,0.9487275708515492,1.5968438254781343,1.0074277664920572,0.0,0.0,0.0,1.0234847419496351
ENSMUSG00000085382-B,1.8062115994418957,0.0,0.0,1.1490616944061631,2.8014352230686144,1.516186176602071,2.013359633899684,0.0,2.130791176299231,1.4381060961904937,0.900604630476427,1.6161912973223032
ENSMUSG00000086034-B,0.0,2.420536794691922,0.9459719702367412,0.0,1.580360391113546,0.9487275708515492,2.013359633899684,1.5948577153675143,1.821580401267869,3.1199240906364327,1.8482151513686695,1.6161912973223032
ENSMUSG00000086109-B,0.0,0.0,0.0,1.1490616944061631,0.0,0.0,0.0,0.0,0.0,0.8912827722170882,0.0,1.0234847419496351
ENSMUSG00000086213-B,0.0,0.7871122724200131,0.0,1.1490616944061631,0.0,0.0,1.0089201542886188,1.5948577153675143,2.6015453154704016,0.0,0.0,0.0
ENSMUSG00000086732-B,0.0,1.2935081824757793,1.51246595043351,1.1490616944061631,1.994821593098696,0.0,1.5968438254781343,0.0,0.8835379103768013,1.4381060961904937,2.632521657997895,1.0234847419496351
ENSMUSG00000087067-B,2.246663788354165,0.0,1.918179767477204,1.1490616944061631,2.3164037990780786,0.0,0.0,1.5948577153675143,1.821580401267869,0.0,0.0,0.0
ENSMUSG00000087141-B,6.871856868324111,7.110004112115451,7.248091481866044,7.304536592049244,7.212306316585725,6.983824592013074,7.217337586978235,7.672955989087679,7.335657035436098,7.298593283441161,7.004801215417664,7.331701591069685
ENSMUSG00000089940-B,0.0,1.2935081824757793,0.0,0.0,0.0,2.238994121667222,0.0,1.0074277664920572,0.0,1.4381060961904937,0.900604630476427,0.0
ENSMUSG00000090862-B,9.681834335413123,9.655414159305945,9.760328654058942,9.526902459221589,9.429812853934417,10.118451127617607,10.067617367772645,9.81408256302594,9.827209517047208,9.853411556177022,9.956435986792282,9.589563664908102
ENSMUSG00000091387-B,3.283965590594543,3.570979513350055,4.143781507307443,3.847461540633596,3.315711772380074,3.228283957404142,4.104208177392387,4.336008310520878,4.7195569016388,3.255235748423378,4.126817283801403,3.8506695799639914
ENSMUSG00000092094-B,4.302260943910391,2.2104153203182793,2.4937579377882537,3.5800568320362984,2.3164037990780786,0.0,3.6012742162453297,2.0111273579927036,3.2401524609867787,2.1438173585239833,0.900604630476427,2.6238940055118434
ENSMUSG00000092417-B,6.0152321201233825,5.811134208143242,5.724738556984264,6.430264001824648,5.693664208559246,5.851507738040505,6.226999970932254,6.474081576785245,6.4176736067090765,6.633791983150618,6.188804460762816,6.2748005472723944
ENSMUSG00000093720-B,0.0,0.0,0.9459719702367412,0.0,1.580360391113546,0.0,0.0,0.0,0.0,2.1438173585239833,0.900604630476427,0.0
ENSMUSG00000094344-B,1.169035828833055,2.2104153203182793,1.51246595043351,11.566559911835306,11.333500480285414,11.711379181372653,2.013359633899684,0.0,1.427492445617763,1.4381060961904937,2.159433125265605,0.0
ENSMUSG00000095845-B,0.0,2.420536794691922,0.9459719702367412,2.5535532966333583,2.993956715289905,2.498467299808558,2.5997989305116143,2.0111273579927036,0.8835379103768013,2.1438173585239833,0.900604630476427,1.6161912973223032
ENSMUSG00000096606-B,1.169035828833055,2.2104153203182793,3.4843121650326756,3.2515483595523023,3.578630808151181,2.9090408667943133,3.337944873929122,3.9207249704805607,3.2401524609867787,1.8336891264456736,3.715440394059799,3.211414963633655
ENSMUSG00000096917-B,2.583628536214724,2.420536794691922,1.51246595043351,1.7804748308724707,1.580360391113546,2.498467299808558,3.337944873929122,2.0111273579927036,1.821580401267869,2.970595430034886,2.159433125265605,1.6161912973223032
ENSMUSG00000096971-B,0.0,1.2935081824757793,0.0,0.0,0.996549794818076,0.9487275708515492,1.5968438254781343,0.0,0.0,0.0,0.900604630476427,2.035085291391048
ENSMUSG00000097061-B,4.952647074754181,4.761402889222107,5.062942950002011,3.964616124894744,4.241383272919841,4.293031306033461,5.50924573005686,5.372009893945684,5.011722705730682,5.585423892173066,5.552836761608836,5.254806977989811
ENSMUSG00000097403-B,0.0,1.667597390739755,1.918179767477204,0.0,0.996549794818076,1.516186176602071,0.0,1.0074277664920572,0.8835379103768013,0.8912827722170882,0.900604630476427,1.6161912973223032
ENSMUSG00000097595-B,1.8062115994418957,1.2935081824757793,1.918179767477204,1.7804748308724707,2.57920756622711,0.0,2.5997989305116143,2.0111273579927036,0.0,0.8912827722170882,1.450853040369649,2.035085291391048
ENSMUSG00000097666-B,0.0,0.0,1.51246595043351,1.1490616944061631,1.994821593098696,1.516186176602071,1.5968438254781343,1.0074277664920572,0.0,0.0,1.8482151513686695,1.6161912973223032
ENSMUSG00000097781-B,2.246663788354165,2.6039096794870713,0.0,1.1490616944061631,0.0,1.9223914397525423,0.0,1.5948577153675143,1.427492445617763,2.1438173585239833,3.137771365053633,2.035085291391048
ENSMUSG00000098132-B,2.246663788354165,1.2935081824757793,3.072430133264163,1.1490616944061631,2.8014352230686144,2.9090408667943133,2.822613016020247,1.5948577153675143,0.8835379103768013,0.8912827722170882,2.4152830223730466,1.6161912973223032
ENSMUSG00000098447-B,1.169035828833055,0.7871122724200131,1.918179767477204,1.1490616944061631,0.996549794818076,0.0,0.0,0.0,1.427492445617763,0.8912827722170882,0.0,1.6161912973223032
ENSMUSG00000098789-B,0.0,1.667597390739755,2.4937579377882537,1.1490616944061631,1.580360391113546,1.9223914397525423,2.5997989305116143,2.5973209506378527,0.8835379103768013,1.8336891264456736,2.4152830223730466,1.6161912973223032
ENSMUSG00000099098-B,0.0,1.667597390739755,3.072430133264163,3.0541845677253745,0.0,0.0,2.013359633899684,2.820064919656635,1.821580401267869,2.804006512785884,2.4152830223730466,1.6161912973223032
ENSMUSG00000100680-B,2.583628536214724,2.420536794691922,2.2344845923790824,2.5535532966333583,0.996549794818076,2.238994121667222,1.5968438254781343,2.0111273579927036,1.427492445617763,2.1438173585239833,2.8212892783330923,1.0234847419496351
ENSMUSG00000101225-B,1.8062115994418957,2.766581548621033,3.3596425496849505,3.5800568320362984,2.57920756622711,3.3648098756902893,3.1857451226598252,2.3337942340902966,3.681282350118108,2.804006512785884,3.137771365053633,3.040850773071988
ENSMUSG00000102692-B,1.8062115994418957,0.7871122724200131,0.9459719702367412,0.0,0.0,1.516186176602071,1.5968438254781343,1.0074277664920572,1.427492445617763,0.8912827722170882,0.0,1.0234847419496351
ENSMUSG00000103123-B,3.998499203171392,1.667597390739755,0.9459719702367412,2.2181885845760725,2.993956715289905,2.238994121667222,1.5968438254781343,2.3337942340902966,1.821580401267869,1.4381060961904937,0.900604630476427,1.6161912973223032
ENSMUSG00000103486-B,1.169035828833055,2.2104153203182793,0.9459719702367412,3.2515483595523023,0.996549794818076,1.516186176602071,1.5968438254781343,3.183103596070372,2.789574405893652,2.3989312282184883,2.159433125265605,1.6161912973223032
ENSMUSG00000103755-B,0.0,0.7871122724200131,0.9459719702367412,0.0,0.0,0.0,2.3361739877134577,2.820064919656635,1.427492445617763,0.8912827722170882,1.8482151513686695,1.6161912973223032
ENSMUSG00000104399-B,1.169035828833055,0.7871122724200131,0.0,1.1490616944061631,0.996549794818076,1.516186176602071,1.0089201542886188,1.0074277664920572,0.8835379103768013,0.0,1.450853040369649,2.035085291391048
ENSMUSG00000104411-B,2.583628536214724,0.7871122724200131,0.0,2.8254764233515712,0.0,0.0,0.0,2.0111273579927036,0.0,0.8912827722170882,0.0,0.0
ENSMUSG00000105139-B,2.583628536214724,0.0,1.51246595043351,1.7804748308724707,0.0,2.718310594221604,1.5968438254781343,2.0111273579927036,0.8835379103768013,1.4381060961904937,2.8212892783330923,1.6161912973223032
ENSMUSG00000105471-B,0.0,2.6039096794870713,0.9459719702367412,2.2181885845760725,2.8014352230686144,2.238994121667222,2.3361739877134577,2.5973209506378527,0.8835379103768013,2.804006512785884,0.900604630476427,2.359322344576064
ENSMUSG00000105867-B,4.107016405932684,5.986480559142748,5.798638859530653,5.182421668087684,5.800569900616873,5.755412747266616,6.187464970378624,6.164356962304127,6.1693456866819805,5.843441830618017,6.063512952718492,6.215881375556381
"(2,5-Dimethoxyphenyl)acetone",15.564115838261683,16.027442504336406,15.39656988471546,16.649394651426014,16.38716185479659,17.504940337930993,14.22183651652919,15.39656988471546,14.77794148459306,15.79492488769024,16.10708189958663,15.684213392506413
"(2R)-Pyrrolidine-1,2-dicarboxylic acid, bis(tert-butyldimethylsilyl) ester",21.03415127487163,19.36205780789064,19.044780457273152,20.349076790547738,19.511528355008892,19.977070348849676,17.848056725654924,18.697253042531315,18.145516841146943,17.917954706335404,19.90628699179653,19.90628699179653
(4-Fluorophenyl)phenylmethanol,,,,,,17.313901308851932,,,18.572420897099427,,,
"(9H-fluoren-9-yl)methanol, O-methoxycarbonyl-",27.439594575526513,28.328763097489578,28.220824986859174,30.573336989554633,28.328763097489578,26.50296267227539,27.60464096162688,28.139723574834868,27.21934825959647,25.491807134917025,24.05947168021112,27.21934825959647
"3,4,5-Trimethoxyamphetamine",23.77270330773383,24.05947168021112,23.584213588252027,,17.044039991717742,14.44344997303848,24.69908251133796,25.404802973180967,23.99000942053065,17.044039991717742,11.432133533201071,24.361767611067528
Oxypeucedanin,,,,,,,,,,,,
"1-(1-Hydroxybutyl)-2,5-dimethoxybenzene ",26.8471068534773,26.124112340107267,25.96252317418443,23.484143310267747,,23.99000942053065,,24.491789288861316,23.920579189958964,,27.084943944408092,27.60464096162688
"1-(2,4-Dimethoxyphenyl)-propan-2-one",18.47862430573336,18.76637914203081,17.917954706335404,15.79492488769024,18.964499198463745,16.894290018224726,18.145516841146943,,18.090663406345644,18.299161313868307,18.090663406345644,18.090663406345644
"1-(2,5-Dimethoxyphenyl)-1-[(trimethylsilyl)oxy]propan-2-amine",24.304911461865277,25.58298494600797,24.69908251133796,25.248245599251963,25.491807134917025,25.741137750046672,25.96252317418443,25.6563659490016,25.313618060977973,25.050447238005177,25.491807134917025,25.491807134917025
"1-(4-Methoxyphenyl)-4,6-dimethyl-2(1H)-pyrimidinone",20.159049269761585,21.03415127487163,21.89766089201072,,21.278227382097494,22.176682287677355,18.994720196960333,22.336032499821258,20.060474603176942,17.67570612907752,21.9535073039897,22.176682287677355
1-(Cyclohexylmethyl)-4-piperidinylamine,15.925482683255618,,7.5486253233047425,,15.79492488769024,13.17498269461429,14.021419364841742,8.64390924178897,10.101353297214947,,12.73466395698144,11.053448878828174
1-(tert-Butyldimethylsilyl)-4-methyl-1H-pyrazole,18.816900848646988,19.236639097669983,18.145516841146943,18.92945649510279,18.76637914203081,18.87000098295748,18.40008695193352,18.76637914203081,18.527065735233,18.964499198463745,18.40008695193352,18.40008695193352
"1,2,4-Butanetriol, (S)",,,,,,,,17.420656950089175,,,,
"1,2-Benzenedicarboxylic acid, butyl octyl ester",,,,,26.06651650878252,,,,,,,
"1,2-Bis(trimethylsiloxy)cyclohexene",19.90628699179653,,17.044039991717742,,,17.605330159289814,,,,,,
"1,2-Cinnolinedicarboxylic acid, 1,2,3,5,6,7,8,8a-octahydro-4-trimethylsilyloxy-, diethyl ester",,11.999708944648896,13.019379474962212,,,,,,,8.64390924178897,,
"1,2-Cyclohexanediol, (Z)",17.313901308851932,17.259371352214917,16.548397760488008,18.994720196960333,19.12715709241501,,16.649394651426014,17.259371352214917,16.894290018224726,16.649394651426014,16.78619280811605,16.548397760488008
"1,3-Butanediamine",,,,26.023750424771674,,,,,,,,
"1,3-Oxazolidine, 2,5-diphenyl-4-methyl-, trans-",28.139723574834868,28.73936053878384,27.78907181958203,27.78907181958203,27.439594575526513,28.139723574834868,28.504702814838293,27.439594575526513,27.70606970193908,28.504702814838293,28.022288157553156,28.022288157553156
"1,3-Propanediol",,,,,,,,,,,,
10-Undecynoic acid,,,,,,,16.027442504336406,,,,,
"13-Docosenamide, (Z)",,,,,,,15.564115838261683,,,,16.548397760488008,16.894290018224726
1-Butanol,,27.92524459775121,27.084943944408092,26.567254262059528,,27.084943944408092,26.779800290688794,26.45236086775373,,,,
"1-Heptanol, 2-propyl-",,,,,,,20.776972835570746,21.03415127487163,19.90628699179653,20.437043584347983,20.776972835570746,20.060474603176942
1-Hexacosanol,,,,,,,,,,,,
1-Octadecanol,10.589741767314072,,3.026346101989217,,11.73344589311528,,6.637474595960846,11.432133533201071,6.033603261326803,10.101353297214947,8.959893012120766,
"1-Octanol, 2-butyl-",25.96252317418443,26.200929917790297,25.792817913981175,24.491789288861316,23.53191592986123,25.313618060977973,25.491807134917025,25.491807134917025,25.050447238005177,26.269939079141064,25.792817913981175,25.050447238005177
"1-Pentene, 1,3-diphenyl-1-(trimethylsilyloxy)-",,,33.78547332532239,,36.98883560312424,,,,,36.317196840651846,36.98883560312424,
"2(1H)-Quinolinone, 3-[3-(4-methoxyphenyl)-1-oxo-2-propen-1-yl]-4-phenyl",,,,,,,,,,,4.918347381516455,
"2(5H)-Furanone, 4-(hydroxymethyl)",18.76637914203081,18.964499198463745,18.92945649510279,19.977070348849676,19.55840932952848,19.90628699179653,18.47862430573336,19.511528355008892,18.697253042531315,18.090663406345644,19.511528355008892,19.31134104659928
"2-(Ethylamino)ethanol, N-acetyl",32.00781944442083,32.65987336076064,31.668951186609984,31.668951186609984,32.65987336076064,32.65987336076064,33.78547332532239,32.65987336076064,31.21036514314471,31.668951186609984,31.21036514314471,31.21036514314471
2-(Methylamino)ethanol,26.124112340107267,27.004989997162102,25.741137750046672,26.387010738920857,25.792817913981175,26.567254262059528,26.567254262059528,26.651849462366915,25.96252317418443,26.567254262059528,26.269939079141064,17.73101607564761
"2,2'-Bipyridine",21.278227382097494,21.566275994088834,20.85775323035948,21.63965483051689,21.42405899916408,21.36156896985457,21.151328125650927,21.566275994088834,20.6292687562774,21.36156896985457,21.151328125650927,20.437043584347983
"2,3-Butanediol, O-(trimethylsilyl)-, monoacetate",17.79122014145856,17.96713333278627,17.79122014145856,18.40008695193352,18.92945649510279,18.090663406345644,17.128341573761485,18.572420897099427,17.313901308851932,,17.79122014145856,17.79122014145856
"2,3-Dihydroxybutanoic acid",33.78547332532239,33.78547332532239,32.00781944442083,,26.567254262059528,32.00781944442083,32.65987336076064,,30.7823453433383,29.976899253025323,30.942609521468626,
"2',3'-Di-O-acetyladenosine",,6.033603261326803,2.229733197380392e-06,,6.033603261326803,5.7610837394771846,,3.026346101989217,0.5989360822462241,,,1.8466198968201704
"2,4,4'-Trihydroxybenzophenone",19.977070348849676,20.239280036683237,18.20683760099299,19.236639097669983,19.044780457273152,18.964499198463745,18.816900848646988,19.977070348849676,19.31134104659928,20.85775323035948,20.159049269761585,19.236639097669983
"2,4,6-Cycloheptatrien-1-one",24.69908251133796,,23.953297105679837,23.82958488643099,25.140663431027427,23.920579189958964,,,,26.651849462366915,22.262186034564476,22.991190162689342
"2,4-Dihydroxyacetophenone",,,,,,26.45236086775373,,,,,,
"2,4-Dimethoxybenzaldoxime",,,,,,19.236639097669983,17.73101607564761,20.437043584347983,,,,
"2,4-Di-tert-butylphenol",22.991190162689342,23.53191592986123,22.81629933915454,22.991190162689342,23.072538359028545,22.76118107855382,,,,19.236639097669983,,
"2,4-Imidazolidinedione, 5,5-dimethyl",20.349076790547738,21.278227382097494,18.47862430573336,18.007855678299716,19.82917893481498,13.487298878543296,19.977070348849676,19.82917893481498,19.977070348849676,22.663346963173684,18.92945649510279,18.816900848646988
"2,5-Bis((tert-butyldimethylsilyl)oxy)-4,4-dimethyl-4H-imidazole",19.511528355008892,18.572420897099427,,17.96713333278627,20.53009211757007,,20.060474603176942,19.12715709241501,20.159049269761585,21.03415127487163,18.299161313868307,16.700122639813483
"2,5-Dimethoxybenzhydrazide",25.248245599251963,25.313618060977973,25.404802973180967,25.140663431027427,,25.404802973180967,23.584213588252027,24.952119430962735,24.617441356369007,23.77270330773383,25.58298494600797,25.792817913981175
"2,5-Dimethoxybenzonitrile",20.53009211757007,21.151328125650927,20.6292687562774,20.53009211757007,20.060474603176942,21.03415127487163,19.044780457273152,20.944682697362236,19.82917893481498,19.192546564593975,20.85775323035948,20.349076790547738
"2,5-Dimethoxyphenol",23.870386627878062,24.241680361020343,23.99000942053065,23.584213588252027,22.336032499821258,24.41996340567163,22.60513085670781,23.072538359028545,23.53191592986123,23.35257549176473,23.99000942053065,24.187462616991436
"2',5'-Dimethoxypropiophenone",25.6563659490016,26.341187662588105,26.45236086775373,25.491807134917025,25.58298494600797,26.341187662588105,24.617441356369007,25.96252317418443,24.952119430962735,24.13416838153767,25.741137750046672,26.023750424771674
"2,6-di-tert-Butyl-4-(dimethylaminomethyl)phenol",,,20.349076790547738,21.811268708817973,21.151328125650927,20.437043584347983,21.566275994088834,21.36156896985457,20.776972835570746,21.278227382097494,,
"2-Allyl-1,4-dimethoxybenzene",25.58298494600797,26.023750424771674,25.58298494600797,25.741137750046672,25.96252317418443,25.58298494600797,25.792817913981175,25.89217197325309,25.248245599251963,25.140663431027427,25.404802973180967,25.6563659490016
2-Amino-4-methylbenzophenone,17.96713333278627,18.007855678299716,19.192546564593975,18.697253042531315,18.47862430573336,19.044780457273152,15.79492488769024,18.87000098295748,18.76637914203081,,18.816900848646988,19.55840932952848
2-Aminoquinolin-8-ol,,,24.13416838153767,,22.430766960994436,,,,,,,24.491789288861316
2-Butanol,,,,,,,,,,,,
2-Buten-1-ol,21.151328125650927,20.715974098065832,,21.36156896985457,,20.349076790547738,,,,20.6292687562774,,20.776972835570746
"2-Butene-1,4-diol",20.6292687562774,16.38716185479659,,,,,16.38716185479659,17.79122014145856,,16.954735439681233,16.700122639813483,
2-Butenedioic acid,24.491789288861316,25.248245599251963,25.140663431027427,25.6563659490016,25.050447238005177,,26.8471068534773,25.248245599251963,24.361767611067528,25.792817913981175,26.567254262059528,25.58298494600797
"2-Butenoic acid, 3-[(tert-butyldimethylsilyl)oxy]",26.341187662588105,26.50296267227539,26.96160059936936,26.124112340107267,26.124112340107267,25.96252317418443,26.269939079141064,26.567254262059528,26.124112340107267,24.854862067442433,26.50296267227539,26.651849462366915
2-Butoxyethanol,14.22183651652919,15.564115838261683,11.053448878828174,16.78619280811605,15.925482683255618,11.432133533201071,1.8466198968201704,14.77794148459306,13.487298878543296,14.22183651652919,14.91150018039568,13.17498269461429
2-Cyanobenzaldehyde,,,,,,27.004989997162102,25.313618060977973,26.269939079141064,24.791158461587777,25.89217197325309,,26.06651650878252
"2-Cyclohexen-1-one, 3-methyl-6-(1-methylethyl)",19.82917893481498,18.87000098295748,19.41868971884918,19.41868971884918,20.239280036683237,19.626871308510992,19.236639097669983,,19.511528355008892,19.791251716821705,19.12715709241501,18.572420897099427
"2-Cyclohexen-1-one, 3-methyl-",21.49512426745769,22.017772579784815,21.278227382097494,20.159049269761585,20.349076790547738,20.239280036683237,19.90628699179653,21.63965483051689,20.349076790547738,19.55840932952848,21.811268708817973,21.36156896985457
2-Decanol,18.697253042531315,19.192546564593975,18.007855678299716,18.964499198463745,,18.572420897099427,18.572420897099427,,18.47862430573336,18.87000098295748,18.527065735233,18.007855678299716
2-Ethyl-1-butanol,20.85775323035948,,20.437043584347983,,,,,21.811268708817973,20.944682697362236,,,21.278227382097494
2-Ethylhexanoic acid,26.567254262059528,26.567254262059528,26.06651650878252,26.45236086775373,26.50296267227539,26.023750424771674,26.651849462366915,26.96160059936936,26.341187662588105,26.50296267227539,26.387010738920857,26.50296267227539
2-Ethylhexanol,,,,,,,,,,19.36205780789064,,
"2-Furancarbodithioic acid, methyl ester",,,,,,,,,,,,
2-Furoic acid,17.044039991717742,17.128341573761485,15.684213392506413,17.420656950089175,17.73101607564761,17.917954706335404,,17.504940337930993,17.044039991717742,16.38716185479659,,16.027442504336406
2-Hexanol,25.741137750046672,25.792817913981175,26.50296267227539,26.269939079141064,26.387010738920857,25.89217197325309,26.124112340107267,,25.6563659490016,,26.124112340107267,26.341187662588105
"2'-Hydroxy-2,4,4',5-tetramethoxychalcone",,13.019379474962212,4.357485352481382,13.019379474962212,11.999708944648896,13.019379474962212,6.033603261326803,11.999708944648896,8.203468926465137,8.203468926465137,10.589741767314072,7.5486253233047425
"2-Hydroxy-2',4',6'-trimethoxychalcone",,,,,,,,,5.7610837394771846,8.959893012120766,,
2-Hydroxy-3-methylbutyric acid,8.959893012120766,10.589741767314072,2.0053360546098284,12.73466395698144,,8.203468926465137,5.4519271051056934,8.959893012120766,6.637474595960846,3.026346101989217,8.64390924178897,6.033603261326803
"2-Hydroxymethyl-17alpha-methylandrosta-1,4-diene-11alpha,17beta-diol-3-one",,,,,,,,,,,,
2-Isopropyl-5-methyl-1-heptanol,,,,,28.139723574834868,27.78907181958203,,,,,,
"2-Methyl-1,3-butanediol",22.81629933915454,23.072538359028545,22.262186034564476,23.222075930761207,22.92787490413422,22.60513085670781,23.072538359028545,22.991190162689342,22.81629933915454,22.60513085670781,22.60513085670781,22.663346963173684
2-Methyl-3-pentanol,16.700122639813483,18.090663406345644,,,,,15.39656988471546,17.128341573761485,15.02985544620005,,17.504940337930993,16.78619280811605
"2-Methylcyclohexanol, (Z)",16.954735439681233,16.954735439681233,15.564115838261683,17.044039991717742,17.79122014145856,17.73101607564761,14.91150018039568,16.954735439681233,15.267001008214582,15.564115838261683,15.39656988471546,14.91150018039568
"2-Methylcyclohexylamine, tert.-butyldimethylsilyl ether",21.89766089201072,,21.42405899916408,,,,21.9535073039897,,22.262186034564476,,22.54252442178061,22.10136387655403
2-Naphthol,16.267931772699097,16.78619280811605,15.267001008214582,16.894290018224726,16.894290018224726,16.954735439681233,15.925482683255618,16.207484324420978,16.38716185479659,17.420656950089175,16.207484324420978,15.925482683255618
2-Norbornanemethanol,,,25.89217197325309,,,,24.491789288861316,23.417291798715073,,,,
"2-Oxiraneethanol, 2-t-butyldimethysilyloxymethyl- acetate",,,,,,,18.964499198463745,,,,,
2-Pentadecanone,5.2319467103497415,7.5486253233047425,0.3939723285303532,10.101353297214947,7.5486253233047425,7.5486253233047425,2.0053360546098284,4.357485352481382,1.8466198968201704,4.357485352481382,4.357485352481382,2.6473235787985914
"2-Pivaloyl-1,3-indandione",,,,,,,,,,,,
2-Propyl-1-pentanol,23.35257549176473,23.29594091395716,22.430766960994436,,23.584213588252027,23.484143310267747,20.6292687562774,18.994720196960333,22.991190162689342,23.484143310267747,23.417291798715073,23.222075930761207
2-Pyrrolidone-5-carboxylic acid,29.43670460039806,31.668951186609984,29.43670460039806,28.73936053878384,29.754289059653733,29.43670460039806,29.754289059653733,30.7823453433383,29.43670460039806,27.60464096162688,29.199493510442174,30.172391027732196
"2-Thiophenecarboxylic acid, 4-cyanophenyl ester",,,,,,,,,,,,
"3-(4,7-Dimethoxy-2H-1,3-benzodioxol-5-yl)-2-methylprop-2-enal",21.63965483051689,21.811268708817973,21.70761198277439,21.42405899916408,20.159049269761585,21.278227382097494,19.82917893481498,21.49512426745769,21.03415127487163,20.159049269761585,21.89766089201072,22.017772579784815
3-(4-Methoxyphenyl)coumarin,,,,,15.564115838261683,,21.49512426745769,,19.044780457273152,17.128341573761485,,
"3,3-Bis{4-[(trimethylsilyl)oxy]phenyl}-2-benzofuran-1(3H)-one",,,,,,,,,32.00781944442083,,,
"3,3-Dimethylacrylic acid",,,22.336032499821258,,,20.85775323035948,,,21.70761198277439,22.54252442178061,,
"3,4-Dihydroxybenzaldehyde",,,,23.29594091395716,24.854862067442433,23.151992757960304,,,,,,
"3,4-Methylenedioxyamphetamine",27.084943944408092,,,27.60464096162688,28.220824986859174,14.22183651652919,,28.220824986859174,26.45236086775373,,18.76637914203081,11.73344589311528
"3,5-Dimethoxy-4-(tert.-butyldimethylsilyl)oxybenzaldehyde",,,,,29.43670460039806,,,,,,,
"3,5-Dimethylphenol",14.021419364841742,14.91150018039568,11.432133533201071,15.684213392506413,16.207484324420978,15.925482683255618,,15.684213392506413,13.17498269461429,13.783405868376022,14.77794148459306,13.019379474962212
3-Amino-5-methylisoxazole,22.92787490413422,23.222075930761207,22.663346963173684,21.566275994088834,,21.9535073039897,22.336032499821258,21.89766089201072,22.54252442178061,23.417291798715073,23.222075930761207,22.430766960994436
3-Aminobenzoic acid,22.76118107855382,24.491789288861316,21.03415127487163,21.03415127487163,23.151992757960304,,23.953297105679837,23.99000942053065,24.304911461865277,24.241680361020343,21.278227382097494,21.811268708817973
3-Buten-2-one,17.73101607564761,18.20683760099299,17.128341573761485,18.090663406345644,19.236639097669983,19.36205780789064,16.894290018224726,18.299161313868307,16.954735439681233,17.96713333278627,17.605330159289814,17.313901308851932
3-Heptanol,23.072538359028545,22.262186034564476,22.991190162689342,23.53191592986123,23.82958488643099,21.49512426745769,23.920579189958964,23.151992757960304,23.072538359028545,22.336032499821258,22.76118107855382,22.76118107855382
"3-Hydroxy-7,3',4',5'-tetramethoxyflavone",,,,,8.959893012120766,11.999708944648896,,,,7.5486253233047425,,
3-Hydroxymethyl-2-trimethylsilyloxypentane,,,13.17498269461429,,,,,13.487298878543296,11.999708944648896,12.34021900334536,14.6579166018199,13.783405868376022
3-Methyl-3-buten-1-ol,15.39656988471546,,16.027442504336406,15.267001008214582,,15.267001008214582,11.73344589311528,,15.39656988471546,,16.38716185479659,16.207484324420978
3-Nonene,,,,,,,,20.6292687562774,,,,
3-Phenyl oxindole,,,,,21.566275994088834,,,,,,,
"4,4'-Dichlorobenzophenone",,,,,,,,,,,,
"4,5-Dihydro-1H-pyrazole",25.140663431027427,,25.248245599251963,,,22.663346963173684,,,,28.597049460306497,,
"4-[2-(4,7-Dimethoxy-2H-1,3-benzodioxol-5-yl)ethenyl]-2-methoxyphenol",20.944682697362236,21.9535073039897,20.53009211757007,20.944682697362236,22.10136387655403,21.811268708817973,21.70761198277439,20.159049269761585,21.36156896985457,21.49512426745769,21.36156896985457,19.626871308510992
4-Aminobutanoic acid,18.145516841146943,17.73101607564761,13.783405868376022,17.917954706335404,17.504940337930993,15.684213392506413,17.313901308851932,18.527065735233,16.027442504336406,16.207484324420978,13.487298878543296,17.420656950089175
4-Hydroxybutanoic acid,,,,,,,,,,,,
4-Methoxyphenol,,,28.504702814838293,26.779800290688794,26.651849462366915,28.220824986859174,,,28.504702814838293,27.92524459775121,28.139723574834868,27.78907181958203
"4-Methylquinoline-2,7-diol",,,,,,,,,,,,
4-Methylvaleric acid,19.791251716821705,18.92945649510279,18.40008695193352,18.87000098295748,18.994720196960333,18.697253042531315,19.12715709241501,,19.41868971884918,19.977070348849676,19.82917893481498,19.36205780789064
4-Oxohexanoic acid,18.87000098295748,19.626871308510992,18.090663406345644,19.55840932952848,19.723751953711417,19.511528355008892,19.192546564593975,20.53009211757007,,18.697253042531315,19.044780457273152,
"4-Phenyl-2,3-dihydro-1H-1,5-benzodiazepin-2-one",,,,,18.090663406345644,,,,,,,
4-tert-Butyldimethylsiloxy-3-penten-2-one,,,,,,,25.89217197325309,,25.140663431027427,26.06651650878252,,25.741137750046672
5-Aminovaleric acid,,,,,,,,,,,,
5-Azacytosine,18.527065735233,18.697253042531315,16.700122639813483,19.31134104659928,17.420656950089175,18.92945649510279,17.67570612907752,18.92945649510279,18.007855678299716,18.145516841146943,18.145516841146943,18.527065735233
"5-Chlorovaleric acid, nonyl ester",23.920579189958964,24.13416838153767,23.417291798715073,23.616437364521392,24.304911461865277,24.304911461865277,24.187462616991436,23.616437364521392,23.151992757960304,23.71999917837554,23.870386627878062,23.53191592986123
"5-Ethyl-1,3-dioxane-5-methanol, tert-butyldimethylsilyl ether",,21.36156896985457,22.54252442178061,22.663346963173684,23.953297105679837,22.81629933915454,23.29594091395716,24.361767611067528,22.76118107855382,,,19.723751953711417
5-Ethyl-5-methylnonadecane,,,,,,,,,,,,
5-Hydroxy-7-methoxy-2-methyl-3-phenyl-4-chromenone,16.10708189958663,26.96160059936936,,,,26.651849462366915,22.991190162689342,24.241680361020343,31.668951186609984,33.78547332532239,32.65987336076064,33.78547332532239
5-Nitroso-8-quinolinol,24.187462616991436,,,,,23.222075930761207,,,,,23.584213588252027,23.584213588252027
"5-Nonanol, tert-butyldimethylsilyl ether",19.55840932952848,19.90628699179653,18.76637914203081,19.90628699179653,19.977070348849676,19.723751953711417,19.41868971884918,19.791251716821705,19.236639097669983,19.41868971884918,19.791251716821705,19.044780457273152
5-Oxohexanoic Acid,19.236639097669983,17.79122014145856,18.572420897099427,19.82917893481498,17.96713333278627,18.76637914203081,18.92945649510279,19.36205780789064,18.92945649510279,19.31134104659928,19.41868971884918,18.87000098295748
"6,7,4'-Trihydroxyisoflavone",16.894290018224726,17.313901308851932,16.10708189958663,17.67570612907752,18.007855678299716,17.96713333278627,16.207484324420978,16.78619280811605,16.207484324420978,17.79122014145856,16.954735439681233,16.38716185479659
"6-Aminocaproic acid, N-(tert.-butyldimethylsilyl)",16.207484324420978,16.207484324420978,14.91150018039568,16.10708189958663,15.39656988471546,16.10708189958663,13.487298878543296,15.267001008214582,14.6579166018199,16.10708189958663,,
"6-Methoxy-1-methyl-1,2,3,4-tetrahydroisoquinolin-7-ol ",26.06651650878252,,26.387010738920857,,22.991190162689342,,25.741137750046672,,,25.404802973180967,26.06651650878252,26.124112340107267
6-Methyluracil,19.36205780789064,20.53009211757007,17.73101607564761,17.79122014145856,19.36205780789064,17.044039991717742,19.626871308510992,19.31134104659928,19.626871308510992,20.53009211757007,17.313901308851932,16.954735439681233
6-Nitroveratryl alcohol,18.090663406345644,,,,,17.259371352214917,,,12.34021900334536,,18.47862430573336,17.848056725654924
6-Oxoheptanoic acid,21.36156896985457,21.42405899916408,20.776972835570746,21.49512426745769,21.49512426745769,20.944682697362236,20.85775323035948,21.70761198277439,20.53009211757007,21.63965483051689,21.42405899916408,20.944682697362236
"7(S),17(S)-Dihydroxy-8(E),10(Z),13(Z),15(E),19(Z)-docosapentaenoic acid",11.73344589311528,,,,,,,,,,,
7-Hydroxy-4-(methoxymethyl)coumarin,,,,,8.203468926465137,,,4.918347381516455,2.0053360546098284,,5.2319467103497415,
8-Acetyl-7-hydroxycoumarin,,,,,,,,,,,,
8-Methylnonanoic acid,23.674356384455788,23.953297105679837,23.484143310267747,23.674356384455788,24.05947168021112,23.616437364521392,23.71999917837554,23.870386627878062,23.584213588252027,23.53191592986123,23.920579189958964,23.870386627878062
"9,12-Octadecadienoic acid (Z,Z)",,,23.82958488643099,,,,20.437043584347983,,,,,
9-Ethyl-N-(trimethylsilyl)-9H-carbazol-3-amine,,,,,,,,,,,,
"9H-Xanthen-9-one, 1-hydroxy-3,5,6-trimethoxy",,,,,,,,,,,,
"9Z-Octadecenoic acid, (2S)-3-[(hydroxymercaptophosphinyl)oxy]-2-methoxypropyl ester ",,,,17.848056725654924,,18.145516841146943,20.159049269761585,18.816900848646988,,15.267001008214582,20.349076790547738,17.605330159289814
Acetic acid,36.317196840651846,36.317196840651846,36.317196840651846,36.317196840651846,33.78547332532239,36.317196840651846,36.317196840651846,36.317196840651846,33.78547332532239,32.65987336076064,33.78547332532239,36.317196840651846
Aceturic acid,,24.854862067442433,24.241680361020343,23.072538359028545,23.674356384455788,23.77270330773383,22.92787490413422,24.187462616991436,21.89766089201072,23.674356384455788,23.53191592986123,24.617441356369007
Aconitic acid,23.584213588252027,23.99000942053065,24.304911461865277,24.241680361020343,24.617441356369007,24.69908251133796,24.41996340567163,25.792817913981175,24.241680361020343,24.05947168021112,25.140663431027427,24.41996340567163
Adenine,14.6579166018199,15.684213392506413,10.589741767314072,,14.6579166018199,,11.999708944648896,14.44344997303848,13.783405868376022,16.027442504336406,14.22183651652919,12.34021900334536
Adipic acid,,,,,,,,,,,,
Adipoyl-L-carnitine,,19.044780457273152,17.605330159289814,24.617441356369007,,,22.81629933915454,23.222075930761207,,24.791158461587777,,
alpha-Hydroxyisobutyric acid,15.79492488769024,15.925482683255618,,,,,8.64390924178897,13.17498269461429,11.053448878828174,10.589741767314072,13.783405868376022,12.73466395698144
Allylescaline,32.65987336076064,30.172391027732196,31.21036514314471,30.942609521468626,29.976899253025323,31.21036514314471,30.370043719919497,30.942609521468626,29.976899253025323,30.573336989554633,30.370043719919497,30.942609521468626
Aminoguanidine,,22.176682287677355,,,,,,,,,,
Aniline,18.40008695193352,18.816900848646988,17.313901308851932,18.299161313868307,19.31134104659928,18.816900848646988,18.20683760099299,19.044780457273152,18.299161313868307,19.12715709241501,18.697253042531315,18.76637914203081
Azelaic acid,19.12715709241501,19.977070348849676,18.527065735233,18.572420897099427,18.527065735233,18.40008695193352,13.019379474962212,17.848056725654924,17.420656950089175,18.47862430573336,17.848056725654924,17.917954706335404
"Aziridine, 1-(2-buten-2-yl)",,,,,,,,,,,,
"Benz[a]anthracene-1,7,12(2H)-trione, 3,4-dihydro-8-hydroxy-3-methyl-, (3S)",,,,,,25.792817913981175,,,,,,
"Benz[c]acridine, 5,10-dimethyl",,,,,,,,,,,,
"Benzaldehyde, 2,5-dimethoxy",36.98883560312424,36.98883560312424,36.98883560312424,36.98883560312424,36.317196840651846,36.98883560312424,36.98883560312424,36.98883560312424,36.317196840651846,36.98883560312424,36.317196840651846,36.98883560312424
"Benzene, 1,4-dimethoxy",21.811268708817973,22.430766960994436,21.63965483051689,22.017772579784815,21.70761198277439,22.017772579784815,21.811268708817973,22.262186034564476,21.49512426745769,21.89766089201072,22.176682287677355,21.9535073039897
"Benzene, 1-acetoxy-2,6-dimethoxy-4-(2-propenyl)",,,,,,,,,,,,
"Benzene, 1-ethyl-3,5-dimethyl",,,22.176682287677355,20.437043584347983,,,21.89766089201072,,,,22.991190162689342,
Benzeneacetic acid,,,,18.816900848646988,,20.53009211757007,21.36156896985457,,16.78619280811605,18.994720196960333,,
Benzenepropanoic acid,23.616437364521392,22.76118107855382,23.870386627878062,24.05947168021112,24.791158461587777,23.674356384455788,23.674356384455788,24.05947168021112,23.674356384455788,23.953297105679837,23.82958488643099,23.953297105679837
"Benzenesulfonamide, N-butyl",13.783405868376022,14.6579166018199,8.64390924178897,14.91150018039568,15.02985544620005,14.6579166018199,10.589741767314072,14.021419364841742,13.019379474962212,13.17498269461429,14.021419364841742,11.999708944648896
"Benzoic acid, 2-hydroxy-3-[(2-hydroxy-4-methoxy-6-propylbenzoyl)oxy]-4-methoxy-6-propyl-, methyl ester ",28.73936053878384,29.43670460039806,28.597049460306497,28.220824986859174,28.022288157553156,28.328763097489578,29.199493510442174,28.328763097489578,28.73936053878384,29.199493510442174,28.863827445577932,29.092836196046683
"Benzoic acid, methyl ester",23.417291798715073,23.82958488643099,23.222075930761207,22.76118107855382,21.03415127487163,23.072538359028545,14.44344997303848,20.239280036683237,19.12715709241501,23.99000942053065,23.77270330773383,23.35257549176473
Benzoic Acid,28.504702814838293,29.754289059653733,28.863827445577932,28.863827445577932,29.199493510442174,29.199493510442174,30.172391027732196,28.863827445577932,29.199493510442174,28.863827445577932,28.73936053878384,28.863827445577932
Benzophenone,14.91150018039568,14.22183651652919,12.34021900334536,15.925482683255618,15.267001008214582,,13.17498269461429,15.564115838261683,14.22183651652919,13.487298878543296,16.027442504336406,15.02985544620005
Benzyl alcohol,24.952119430962735,25.140663431027427,24.41996340567163,24.952119430962735,25.248245599251963,25.050447238005177,25.6563659490016,25.140663431027427,24.69908251133796,24.952119430962735,24.854862067442433,24.791158461587777
Biphenyl,22.262186034564476,21.89766089201072,21.49512426745769,21.9535073039897,21.811268708817973,21.566275994088834,22.262186034564476,22.10136387655403,21.566275994088834,21.811268708817973,21.70761198277439,21.63965483051689
Butachlor ESA,4.357485352481382,6.637474595960846,0.0518977159755789,8.959893012120766,,6.033603261326803,,3.515329454763203,0.9266751030624764,,3.026346101989217,2.0053360546098284
Butanedioic acid,30.370043719919497,30.573336989554633,29.754289059653733,29.976899253025323,30.370043719919497,29.754289059653733,28.139723574834868,30.172391027732196,28.220824986859174,27.70606970193908,29.754289059653733,30.370043719919497
Butylmethylamine,23.71999917837554,24.187462616991436,23.71999917837554,23.953297105679837,23.77270330773383,23.82958488643099,24.361767611067528,22.81629933915454,23.870386627878062,23.82958488643099,23.71999917837554,23.99000942053065
Butyric Acid,27.004989997162102,27.78907181958203,26.567254262059528,26.50296267227539,27.92524459775121,26.8471068534773,27.439594575526513,27.084943944408092,26.779800290688794,27.084943944408092,27.004989997162102,26.8471068534773
Chlorobenzilate ,26.96160059936936,24.617441356369007,,,,,,,24.13416838153767,19.511528355008892,,
Cholesterol,21.566275994088834,22.60513085670781,18.87000098295748,22.176682287677355,22.81629933915454,16.38716185479659,24.241680361020343,23.71999917837554,24.05947168021112,25.6563659490016,20.239280036683237,23.072538359028545
cis-2-Decenoic acid,,,,,17.313901308851932,,,14.91150018039568,,,,13.487298878543296
Citramalic acid,13.019379474962212,14.77794148459306,11.999708944648896,15.39656988471546,15.684213392506413,15.39656988471546,12.73466395698144,14.22183651652919,11.432133533201071,12.73466395698144,,14.44344997303848
Crotonic acid,22.54252442178061,22.991190162689342,19.723751953711417,22.430766960994436,22.60513085670781,22.10136387655403,22.76118107855382,22.76118107855382,22.663346963173684,22.76118107855382,22.81629933915454,22.336032499821258
Curcumin,17.259371352214917,17.044039991717742,16.207484324420978,17.313901308851932,16.954735439681233,17.128341573761485,16.10708189958663,16.38716185479659,16.548397760488008,17.605330159289814,17.128341573761485,16.649394651426014
Cyclobutylamine,24.854862067442433,25.741137750046672,25.050447238005177,25.050447238005177,24.952119430962735,25.140663431027427,25.404802973180967,25.050447238005177,24.854862067442433,25.248245599251963,25.313618060977973,25.313618060977973
Cyclocurcumin,,,,,13.783405868376022,,,,,,,
Cycloheptanol,22.60513085670781,22.81629933915454,22.10136387655403,22.336032499821258,23.616437364521392,24.361767611067528,22.54252442178061,22.54252442178061,22.430766960994436,23.151992757960304,22.663346963173684,22.60513085670781
"Cyclohexanone, 3,3,5-trimethyl",22.336032499821258,23.71999917837554,22.76118107855382,22.60513085670781,22.017772579784815,22.92787490413422,22.176682287677355,,20.715974098065832,22.10136387655403,23.29594091395716,22.81629933915454
Cyclooctylamine,24.241680361020343,25.050447238005177,24.791158461587777,24.41996340567163,24.187462616991436,24.791158461587777,23.484143310267747,24.41996340567163,24.187462616991436,22.176682287677355,24.617441356369007,24.854862067442433
"Cyclopentaneacetic acid, 3-oxo-2-pentyl-, methyl ester",19.723751953711417,19.12715709241501,18.299161313868307,19.791251716821705,16.700122639813483,19.82917893481498,19.36205780789064,19.41868971884918,19.192546564593975,19.723751953711417,19.31134104659928,19.192546564593975
"Cytosine, N-(tert-butyldimethylsilyl)-",12.73466395698144,14.44344997303848,6.637474595960846,14.77794148459306,14.44344997303848,14.77794148459306,10.101353297214947,13.783405868376022,11.73344589311528,13.019379474962212,13.17498269461429,10.589741767314072
Desmethylverapamil,,25.89217197325309,,,,,,,,,,
Diacetyl monoxime,17.67570612907752,17.917954706335404,16.78619280811605,17.504940337930993,17.67570612907752,17.67570612907752,17.259371352214917,17.313901308851932,16.649394651426014,18.007855678299716,17.044039991717742,17.128341573761485
Dibutyldodecylamine,,,,,,,,,,22.430766960994436,,
Diclofenac,,17.420656950089175,15.79492488769024,,,16.700122639813483,,,,,,17.044039991717742
Diethylamine,18.994720196960333,19.55840932952848,18.697253042531315,19.12715709241501,18.87000098295748,19.192546564593975,18.090663406345644,18.964499198463745,18.20683760099299,18.20683760099299,19.236639097669983,18.994720196960333
DL-Glyceraldehyde,26.269939079141064,26.269939079141064,26.124112340107267,25.89217197325309,25.89217197325309,26.06651650878252,26.45236086775373,26.50296267227539,26.269939079141064,25.741137750046672,26.8471068534773,26.779800290688794
DL-p-Hydroxyphenyllactic acid,17.128341573761485,18.47862430573336,16.649394651426014,17.73101607564761,18.20683760099299,18.007855678299716,17.044039991717742,18.40008695193352,17.504940337930993,,17.67570612907752,17.504940337930993
"Dodecanoic acid, 1-methylethyl ester",11.999708944648896,13.487298878543296,5.4519271051056934,14.22183651652919,13.487298878543296,13.783405868376022,8.203468926465137,12.34021900334536,8.959893012120766,11.73344589311528,11.999708944648896,8.64390924178897
Dodecanoic acid,23.53191592986123,23.616437364521392,23.29594091395716,23.35257549176473,23.870386627878062,23.53191592986123,23.870386627878062,23.953297105679837,23.29594091395716,23.616437364521392,23.674356384455788,23.484143310267747
"D-Streptamine, O-6-amino-6-deoxy-alpha-D-glucopyranosyl-(1-4)-O-(3-deoxy-4-C-methyl-3-(methylamino)-beta-L-arabinopyranosyl-(1-6))-2-deoxy-",4.918347381516455,8.64390924178897,0.5989360822462241,11.432133533201071,10.101353297214947,10.589741767314072,2.6473235787985914,8.203468926465137,3.026346101989217,4.918347381516455,5.4519271051056934,5.4519271051056934
Durapan,16.649394651426014,17.605330159289814,11.73344589311528,,16.78619280811605,,17.504940337930993,17.044039991717742,17.79122014145856,18.816900848646988,15.02985544620005,14.22183651652919
"Erythrono-1,4-lactone",24.13416838153767,23.870386627878062,23.77270330773383,23.417291798715073,24.13416838153767,23.953297105679837,23.417291798715073,23.82958488643099,22.176682287677355,22.92787490413422,23.953297105679837,24.13416838153767
Ethanolamine,29.092836196046683,29.199493510442174,29.199493510442174,29.199493510442174,28.863827445577932,28.022288157553156,27.92524459775121,27.78907181958203,27.084943944408092,27.21934825959647,27.439594575526513,27.439594575526513
Formamide,31.668951186609984,32.00781944442083,30.7823453433383,31.21036514314471,32.00781944442083,31.668951186609984,32.00781944442083,31.21036514314471,30.573336989554633,30.942609521468626,30.573336989554633,30.7823453433383
Frangulin,6.637474595960846,,0.9266751030624764,13.17498269461429,8.64390924178897,11.053448878828174,5.2319467103497415,10.101353297214947,5.4519271051056934,,10.101353297214947,
Glabridin,,,16.38716185479659,16.700122639813483,16.548397760488008,,,,,,19.626871308510992,
Glyceric acid,,,,23.99000942053065,,,,,,,25.6563659490016,
Glycerol,16.027442504336406,15.79492488769024,13.487298878543296,16.954735439681233,16.649394651426014,16.649394651426014,15.684213392506413,16.700122639813483,16.10708189958663,17.259371352214917,16.649394651426014,16.267931772699097
Glycine,27.92524459775121,27.084943944408092,26.269939079141064,27.70606970193908,27.084943944408092,27.21934825959647,26.387010738920857,26.779800290688794,25.741137750046672,26.200929917790297,25.96252317418443,25.96252317418443
"Glycine, tert.-butyldimethylsilyl ester",29.199493510442174,29.092836196046683,28.328763097489578,29.092836196046683,28.73936053878384,28.863827445577932,28.597049460306497,28.73936053878384,27.92524459775121,27.78907181958203,27.92524459775121,28.504702814838293
Glycolic acid,27.70606970193908,28.863827445577932,27.92524459775121,28.022288157553156,28.597049460306497,28.504702814838293,28.328763097489578,28.597049460306497,28.022288157553156,27.004989997162102,27.78907181958203,28.328763097489578
Guanosine,18.20683760099299,12.73466395698144,17.420656950089175,,,11.73344589311528,18.299161313868307,16.027442504336406,17.67570612907752,,18.20683760099299,
Heptanedioic acid,,,,,,,,,,11.999708944648896,,
Heptanoic acid,24.617441356369007,24.69908251133796,24.05947168021112,24.854862067442433,25.313618060977973,24.952119430962735,25.050447238005177,24.854862067442433,24.41996340567163,24.41996340567163,24.791158461587777,24.69908251133796
Heptylamine,13.17498269461429,14.021419364841742,6.033603261326803,,13.17498269461429,,,11.053448878828174,12.73466395698144,14.6579166018199,12.34021900334536,8.959893012120766
Hexacosanoic acid,11.432133533201071,,4.918347381516455,14.021419364841742,13.019379474962212,,8.959893012120766,10.589741767314072,10.589741767314072,11.432133533201071,11.053448878828174,
Hexanoic acid,26.50296267227539,26.8471068534773,26.200929917790297,26.341187662588105,26.8471068534773,26.387010738920857,26.50296267227539,26.8471068534773,26.06651650878252,26.341187662588105,26.341187662588105,26.387010738920857
Hydracrylic acid,23.82958488643099,23.920579189958964,23.674356384455788,23.71999917837554,24.41996340567163,23.870386627878062,23.35257549176473,24.617441356369007,23.82958488643099,23.222075930761207,24.241680361020343,24.304911461865277
Hydroxylamine,,,26.341187662588105,,,,,,,,,
"Hymexazole, tert-butyldimethylsilyl ether",24.791158461587777,25.96252317418443,24.491789288861316,24.69908251133796,25.404802973180967,24.187462616991436,26.023750424771674,25.313618060977973,25.58298494600797,26.124112340107267,24.41996340567163,24.05947168021112
Hypoxanthine,26.779800290688794,27.439594575526513,25.6563659490016,23.870386627878062,27.21934825959647,24.13416838153767,26.96160059936936,28.022288157553156,27.004989997162102,25.313618060977973,24.491789288861316,26.200929917790297
Iminodiacetic acid,5.7610837394771846,11.053448878828174,2.6473235787985914,12.34021900334536,11.432133533201071,8.959893012120766,3.026346101989217,5.2319467103497415,3.515329454763203,3.515329454763203,7.5486253233047425,5.7610837394771846
Indoprofen,,,,,,,,,,,,
Isobutanol,17.504940337930993,17.504940337930993,18.964499198463745,19.626871308510992,18.697253042531315,19.12715709241501,16.954735439681233,17.917954706335404,18.40008695193352,14.91150018039568,19.55840932952848,19.41868971884918
Isonicotinic Acid,26.023750424771674,26.45236086775373,25.491807134917025,25.96252317418443,26.023750424771674,26.269939079141064,26.341187662588105,26.124112340107267,25.491807134917025,26.023750424771674,26.023750424771674,25.89217197325309
Isopropyl palmitate,11.053448878828174,13.17498269461429,5.2319467103497415,13.487298878543296,12.34021900334536,12.34021900334536,7.5486253233047425,11.73344589311528,8.64390924178897,11.053448878828174,11.73344589311528,8.203468926465137
Isopropylamine,25.404802973180967,24.791158461587777,27.004989997162102,24.13416838153767,23.71999917837554,23.35257549176473,25.140663431027427,23.920579189958964,25.89217197325309,26.387010738920857,25.248245599251963,25.404802973180967
Isosorbide,,,,21.89766089201072,20.944682697362236,21.151328125650927,,,,,,
Ketamine,30.573336989554633,30.942609521468626,29.976899253025323,30.172391027732196,31.21036514314471,30.7823453433383,31.21036514314471,33.78547332532239,30.942609521468626,31.21036514314471,29.976899253025323,29.754289059653733
"Kojic acid, bis(tert-butyldimethylsilyl) ether",20.060474603176942,20.437043584347983,16.954735439681233,18.76637914203081,19.41868971884918,17.848056725654924,19.55840932952848,19.236639097669983,19.791251716821705,21.9535073039897,18.87000098295748,18.697253042531315
L-(+)-Threose,,,,,,,20.944682697362236,,27.439594575526513,,28.597049460306497,
Lactic acid,30.172391027732196,,30.370043719919497,28.597049460306497,30.942609521468626,29.976899253025323,29.43670460039806,29.092836196046683,29.754289059653733,29.754289059653733,30.172391027732196,28.139723574834868
L-Alanine,8.203468926465137,8.203468926465137,0.5410740830618447,10.589741767314072,10.589741767314072,10.101353297214947,4.357485352481382,6.637474595960846,4.357485352481382,5.4519271051056934,5.7610837394771846,3.026346101989217
L-Asparagine,,,,,20.85775323035948,,,,,,,
L-gamma-Glutamyl-L-glutamic acid,,,,,18.816900848646988,,,,,,,15.564115838261683
Leucylglycine,21.9535073039897,18.145516841146943,21.566275994088834,,23.222075930761207,,24.952119430962735,20.715974098065832,21.278227382097494,18.527065735233,18.964499198463745,23.82958488643099
Levulinic acid,23.953297105679837,24.304911461865277,23.616437364521392,23.920579189958964,24.241680361020343,24.241680361020343,24.13416838153767,24.13416838153767,23.616437364521392,23.920579189958964,24.304911461865277,23.920579189958964
L-Glutamic acid,20.437043584347983,,19.626871308510992,,,,,18.47862430573336,,,16.267931772699097,18.20683760099299
L-Glutamine,7.5486253233047425,8.959893012120766,0.0671770553009554,11.73344589311528,6.637474595960846,8.64390924178897,3.515329454763203,5.4519271051056934,2.6473235787985914,5.2319467103497415,6.033603261326803,3.515329454763203
"L-Histidine, N,1-bis(tert-butyldimethylsilyl)-",24.41996340567163,25.6563659490016,24.361767611067528,23.77270330773383,24.491789288861316,23.584213588252027,24.791158461587777,24.791158461587777,24.491789288861316,24.69908251133796,24.952119430962735,25.248245599251963
Lignoceric acid,16.548397760488008,16.894290018224726,15.925482683255618,16.548397760488008,17.605330159289814,16.78619280811605,14.77794148459306,16.649394651426014,14.44344997303848,14.021419364841742,15.79492488769024,14.021419364841742
L-Leucine,19.192546564593975,20.060474603176942,18.994720196960333,20.239280036683237,19.192546564593975,19.55840932952848,19.511528355008892,19.90628699179653,18.964499198463745,20.239280036683237,18.994720196960333,18.92945649510279
"l-Leucine, n-butoxycarbonyl-N-methyl-, hexadecyl ester",30.7823453433383,,32.65987336076064,32.00781944442083,,33.78547332532239,,,,,,
L-Lysine,24.05947168021112,23.584213588252027,23.35257549176473,24.304911461865277,,23.29594091395716,23.99000942053065,24.304911461865277,23.484143310267747,24.187462616991436,24.13416838153767,23.674356384455788
L-Norleucine,28.022288157553156,,,,,30.370043719919497,30.573336989554633,31.668951186609984,28.328763097489578,22.81629933915454,,28.220824986859174
"l-Norvaline, n-propargyloxycarbonyl-, isohexyl ester",28.597049460306497,,28.73936053878384,27.92524459775121,,,29.092836196046683,27.70606970193908,,28.328763097489578,28.504702814838293,29.199493510442174
L-Ornithine,,,24.187462616991436,15.564115838261683,,17.79122014145856,,19.192546564593975,,,,
L-Pyroglutamic acid,,,20.060474603176942,24.187462616991436,,21.42405899916408,,26.200929917790297,,,22.92787490413422,22.92787490413422
L-Serine,,,19.236639097669983,25.404802973180967,25.741137750046672,25.248245599251963,,29.43670460039806,,,,
L-Threonine,,19.31134104659928,,,,,21.42405899916408,22.663346963173684,22.10136387655403,21.566275994088834,,
L-Tryptophan,12.34021900334536,15.267001008214582,8.959893012120766,15.02985544620005,14.91150018039568,15.02985544620005,11.432133533201071,14.6579166018199,14.021419364841742,15.02985544620005,13.019379474962212,10.101353297214947
L-Tyrosine,,27.21934825959647,25.313618060977973,25.792817913981175,26.200929917790297,25.6563659490016,24.854862067442433,27.004989997162102,26.200929917790297,25.96252317418443,26.200929917790297,
Luciferin,5.4519271051056934,11.73344589311528,,13.783405868376022,,,,,,,,4.357485352481382
Lupinine,,,19.82917893481498,,22.176682287677355,,20.349076790547738,21.42405899916408,20.239280036683237,,20.6292687562774,21.566275994088834
L-Valine,22.663346963173684,23.151992757960304,21.811268708817973,22.10136387655403,23.35257549176473,21.70761198277439,21.278227382097494,23.584213588252027,22.92787490413422,22.017772579784815,22.10136387655403,23.151992757960304
L-Val-L-Leu,,,,,,,,30.573336989554633,26.50296267227539,30.172391027732196,,
Malic acid,22.10136387655403,21.49512426745769,19.90628699179653,20.85775323035948,22.54252442178061,20.776972835570746,22.10136387655403,23.484143310267747,22.017772579784815,22.262186034564476,20.715974098065832,20.6292687562774
Maltol,,,,,,,,,,,,
Methanesulfonic acid,22.430766960994436,23.674356384455788,19.55840932952848,21.278227382097494,21.63965483051689,,23.222075930761207,23.35257549176473,23.71999917837554,24.361767611067528,20.060474603176942,19.977070348849676
Methyl lactate,17.917954706335404,17.67570612907752,17.504940337930993,18.145516841146943,17.848056725654924,,17.79122014145856,18.007855678299716,17.73101607564761,18.572420897099427,17.917954706335404,18.145516841146943
Methylsuccinic acid,,,,,,,,,,,,
Methylthiouracil,22.017772579784815,22.663346963173684,20.239280036683237,20.715974098065832,21.89766089201072,,23.53191592986123,22.176682287677355,23.417291798715073,24.491789288861316,20.944682697362236,20.239280036683237
Mevalonolactone,19.41868971884918,19.41868971884918,19.36205780789064,17.259371352214917,14.77794148459306,17.420656950089175,18.76637914203081,16.548397760488008,17.605330159289814,17.504940337930993,19.977070348849676,20.159049269761585
Monocaproin,26.651849462366915,27.60464096162688,,26.96160059936936,27.70606970193908,26.124112340107267,27.78907181958203,26.341187662588105,,28.220824986859174,,
m-Toluic acid,17.420656950089175,17.848056725654924,16.267931772699097,17.605330159289814,17.917954706335404,18.20683760099299,17.420656950089175,16.267931772699097,16.700122639813483,16.78619280811605,17.420656950089175,17.259371352214917
Myristic acid,20.715974098065832,20.6292687562774,19.977070348849676,20.060474603176942,20.715974098065832,20.159049269761585,19.723751953711417,20.776972835570746,19.723751953711417,19.82917893481498,20.53009211757007,19.82917893481498
"N,N-Dimethyl-2-aminoethanol",28.863827445577932,30.370043719919497,,30.370043719919497,30.7823453433383,28.73936053878384,30.942609521468626,29.976899253025323,30.370043719919497,30.7823453433383,29.43670460039806,30.573336989554633
"N-[(3,4,5-Trimethoxyphenyl)methylidene]hydroxylamine",,,,,,,24.05947168021112,,,,24.187462616991436,23.71999917837554
N-Acetylaminoethanol,30.942609521468626,31.21036514314471,30.942609521468626,30.7823453433383,30.573336989554633,30.573336989554633,30.7823453433383,32.00781944442083,30.172391027732196,29.43670460039806,30.7823453433383,31.668951186609984
N-Acetylaspartic acid,19.626871308510992,19.723751953711417,16.894290018224726,19.36205780789064,19.626871308510992,15.564115838261683,19.31134104659928,20.349076790547738,17.96713333278627,17.73101607564761,,18.47862430573336
N-Acetyl-L-alanine,18.92945649510279,19.511528355008892,19.12715709241501,19.723751953711417,19.90628699179653,19.791251716821705,18.87000098295748,19.723751953711417,18.994720196960333,19.044780457273152,19.36205780789064,19.12715709241501
"Naringenin 4',7-dimethylether",17.605330159289814,19.82917893481498,17.96713333278627,,,,16.78619280811605,17.73101607564761,17.259371352214917,16.894290018224726,17.73101607564761,
N-Caffeoyl-O-methyltyramine,8.64390924178897,11.432133533201071,3.515329454763203,11.999708944648896,,,0.9266751030624764,5.7610837394771846,7.5486253233047425,5.7610837394771846,8.203468926465137,6.637474595960846
N-Ethylamphetamine,27.21934825959647,,27.21934825959647,26.8471068534773,26.341187662588105,26.779800290688794,27.004989997162102,25.741137750046672,26.651849462366915,27.439594575526513,26.96160059936936,26.96160059936936
N-Ethyldiethanolamine,23.151992757960304,22.54252442178061,22.017772579784815,22.262186034564476,22.663346963173684,22.336032499821258,22.430766960994436,22.60513085670781,22.336032499821258,23.29594091395716,23.072538359028545,22.54252442178061
Niacin,16.78619280811605,16.10708189958663,14.021419364841742,17.128341573761485,17.259371352214917,16.548397760488008,15.02985544620005,15.79492488769024,15.564115838261683,16.700122639813483,,15.79492488769024
Niacinamide,26.387010738920857,26.779800290688794,26.8471068534773,27.004989997162102,,25.491807134917025,27.084943944408092,27.21934825959647,26.8471068534773,26.45236086775373,26.651849462366915,27.004989997162102
N-Isobutyrylglycine,26.200929917790297,23.484143310267747,26.023750424771674,24.361767611067528,27.004989997162102,24.854862067442433,26.06651650878252,26.06651650878252,26.023750424771674,24.304911461865277,25.89217197325309,26.269939079141064
N-Methyl-1-[(trimethylsilyl)oxy]-1-{4-[(trimethylsilyl)oxy]phenyl}propan-2-amine,13.487298878543296,15.02985544620005,8.203468926465137,14.6579166018199,14.021419364841742,14.91150018039568,11.053448878828174,13.019379474962212,,,14.44344997303848,11.432133533201071
N-Methylacetamide,26.45236086775373,26.651849462366915,26.651849462366915,26.06651650878252,26.269939079141064,26.200929917790297,26.200929917790297,26.387010738920857,25.792817913981175,26.779800290688794,26.45236086775373,26.45236086775373
Nonanoic acid,28.220824986859174,28.504702814838293,27.439594575526513,28.328763097489578,28.504702814838293,28.597049460306497,28.863827445577932,,28.863827445577932,28.022288157553156,28.220824986859174,28.73936053878384
Norephedrine,29.754289059653733,28.139723574834868,28.022288157553156,26.200929917790297,26.45236086775373,26.96160059936936,28.73936053878384,29.199493510442174,28.597049460306497,,,
Norketamine,6.033603261326803,10.101353297214947,1.8466198968201704,11.053448878828174,11.053448878828174,6.637474595960846,4.918347381516455,6.033603261326803,5.2319467103497415,6.637474595960846,6.637474595960846,4.918347381516455
"Norleucine, N-trimethylsilyl-",,,,32.65987336076064,,,,,,,,32.00781944442083
Octacosanol,25.050447238005177,,24.952119430962735,25.58298494600797,,,23.77270330773383,23.53191592986123,,23.072538359028545,,24.952119430962735
"Octadecanoic acid, octyl ester",,,,,,,,,,,,
Octadecanoic acid,,,5.7610837394771846,14.44344997303848,,14.021419364841742,,,,,,
Octanoic acid,25.491807134917025,26.06651650878252,,,,,24.304911461865277,,23.953297105679837,,24.69908251133796,24.241680361020343
Octocrylene,,,,,12.73466395698144,,,,,,,
Oleamide,24.361767611067528,25.491807134917025,23.920579189958964,24.791158461587777,24.361767611067528,24.05947168021112,25.248245599251963,23.29594091395716,27.60464096162688,23.870386627878062,24.361767611067528,23.616437364521392
Oleic Acid,,,,22.54252442178061,23.29594091395716,22.54252442178061,,,,,,
Olomoucine,,,,,,,,,,,,
Oxalic acid,29.976899253025323,29.976899253025323,29.092836196046683,29.754289059653733,30.172391027732196,30.172391027732196,29.976899253025323,29.754289059653733,29.092836196046683,28.139723574834868,29.092836196046683,29.43670460039806
"Oxalic acid, di(cyclohexylmethyl) ester",,,,,,,,12.73466395698144,,,,
"Oxymorphone, bis(trimethylsilyl) ether",,28.597049460306497,27.70606970193908,27.084943944408092,27.60464096162688,27.60464096162688,27.70606970193908,27.92524459775121,27.78907181958203,29.092836196046683,27.70606970193908,27.92524459775121
Palmitic Acid,,23.35257549176473,22.92787490413422,26.651849462366915,26.96160059936936,23.71999917837554,27.21934825959647,,26.387010738920857,,26.779800290688794,26.567254262059528
Pentadecanoic acid,25.792817913981175,,,,,,,,,,,
Pentanedioic acid,,22.10136387655403,20.944682697362236,21.70761198277439,21.9535073039897,21.63965483051689,21.63965483051689,22.430766960994436,21.151328125650927,20.776972835570746,22.430766960994436,21.42405899916408
Pentanoic acid,23.484143310267747,23.77270330773383,23.072538359028545,23.151992757960304,23.99000942053065,22.991190162689342,23.82958488643099,23.77270330773383,23.222075930761207,23.584213588252027,23.616437364521392,23.417291798715073
"Phenol, 2,4-bis(1-methyl-1-phenylethyl)-",22.176682287677355,22.92787490413422,22.60513085670781,22.81629933915454,23.417291798715073,22.262186034564476,22.663346963173684,22.92787490413422,21.811268708817973,19.90628699179653,22.017772579784815,21.89766089201072
Phenol,28.328763097489578,27.70606970193908,28.139723574834868,27.21934825959647,26.779800290688794,27.92524459775121,,25.58298494600797,26.567254262059528,26.8471068534773,27.21934825959647,27.084943944408092
Phenoxyethanol,23.29594091395716,24.41996340567163,23.151992757960304,22.92787490413422,23.484143310267747,23.417291798715073,23.616437364521392,23.674356384455788,23.35257549176473,24.617441356369007,23.35257549176473,23.29594091395716
Phosphoserine,,,,,,,,,,,,
Phthalazin-1-one,,,,33.78547332532239,,,,,32.65987336076064,,31.668951186609984,32.65987336076064
Phthalimide,,,,,,,,,,,,
Phytanic acid,21.70761198277439,20.944682697362236,20.715974098065832,20.776972835570746,20.776972835570746,20.6292687562774,20.53009211757007,21.151328125650927,20.437043584347983,21.151328125650927,21.03415127487163,20.53009211757007
Picolinic acid,27.60464096162688,28.220824986859174,27.60464096162688,27.439594575526513,27.78907181958203,27.439594575526513,28.220824986859174,27.60464096162688,26.96160059936936,26.96160059936936,27.60464096162688,28.597049460306497
Pinosylvin,15.684213392506413,18.40008695193352,14.22183651652919,,17.128341573761485,,17.96713333278627,17.67570612907752,19.36205780789064,20.349076790547738,15.684213392506413,16.10708189958663
Pipecolic acid,20.776972835570746,20.776972835570746,20.159049269761585,19.192546564593975,20.437043584347983,20.060474603176942,18.527065735233,20.85775323035948,18.816900848646988,17.848056725654924,20.437043584347983,19.791251716821705
"Piperazine, 1-(4-acetylphenylsulfonyl)-4-methyl-",,24.952119430962735,,,,,,,,,,
Praziquantel,,,,,,,,,,,,5.2319467103497415
Pro-Ala-Lys,,,,,,,,,,,,
Prometryne,,,,,,,,,36.98883560312424,32.00781944442083,,
"Propanoic acid, 3-[(tert-butyldimethylsilyl)oxy]-2-methyl-",23.222075930761207,,21.9535073039897,20.6292687562774,24.69908251133796,16.207484324420978,23.151992757960304,24.69908251133796,23.77270330773383,22.991190162689342,23.484143310267747,23.77270330773383
"Propanoic acid, dimethyl(isopropyl)silyl ester",18.964499198463745,18.994720196960333,17.259371352214917,,22.262186034564476,,16.700122639813483,17.605330159289814,17.128341573761485,18.40008695193352,17.259371352214917,21.70761198277439
Propanoic acid,18.299161313868307,22.336032499821258,,,20.6292687562774,,22.017772579784815,,20.85775323035948,21.42405899916408,21.49512426745769,20.85775323035948
"Propionic acid, 3-iodo-, octadecyl ester",20.239280036683237,,,,,,,,,,,
Propylene glycol,18.007855678299716,18.299161313868307,17.67570612907752,18.20683760099299,18.299161313868307,18.527065735233,17.605330159289814,18.20683760099299,17.848056725654924,18.76637914203081,17.96713333278627,17.96713333278627
Prostaglandin,15.267001008214582,16.700122639813483,14.44344997303848,,,12.73466395698144,15.267001008214582,,14.91150018039568,,,
"Pyrazole[4,5-b]imidazole, 1-formyl-3-ethyl-6-beta-d-ribofuranosyl-",,,,,,,,,,,,
"Quinoxaline, 2,3-diphenyl- ",27.78907181958203,,,,,,,,,,32.00781944442083,
Salsoline,15.02985544620005,13.783405868376022,10.101353297214947,16.207484324420978,23.920579189958964,24.491789288861316,,21.278227382097494,22.60513085670781,14.44344997303848,23.151992757960304,
Sarcosine,,16.548397760488008,14.77794148459306,,18.572420897099427,22.430766960994436,,22.017772579784815,,,,21.151328125650927
Simetryn,,,,18.527065735233,,,,,,,,
Spiroxamine,,21.63965483051689,21.36156896985457,19.511528355008892,,19.31134104659928,20.715974098065832,18.145516841146943,,20.944682697362236,21.63965483051689,21.49512426745769
Stearic acid,25.89217197325309,26.387010738920857,24.617441356369007,28.504702814838293,29.092836196046683,29.092836196046683,28.022288157553156,28.504702814838293,,28.73936053878384,,27.70606970193908
Suberic acid,19.044780457273152,19.791251716821705,18.816900848646988,,19.791251716821705,19.41868971884918,18.697253042531315,19.55840932952848,18.87000098295748,16.267931772699097,19.192546564593975,18.964499198463745
Succinamide,,,,,,,,,21.42405899916408,,,22.262186034564476
Sulindac,,20.85775323035948,19.791251716821705,,,,17.917954706335404,19.626871308510992,,15.39656988471546,,
Supraene,,23.417291798715073,23.53191592986123,,22.76118107855382,21.89766089201072,20.239280036683237,,21.9535073039897,20.715974098065832,22.336032499821258,21.03415127487163
Synephrine,19.31134104659928,20.159049269761585,19.31134104659928,19.044780457273152,16.267931772699097,18.994720196960333,19.791251716821705,20.060474603176942,19.55840932952848,20.060474603176942,19.723751953711417,19.511528355008892
Taurine,,,,,,,,,15.79492488769024,,,
tert-butyl(dimethyl)silyl-2-([tert-butyl(dimethyl)silyl]oxy)hex-2-enoate,,,,,,,16.267931772699097,17.96713333278627,,15.925482683255618,,17.67570612907752
tert-Butylamine,,,30.172391027732196,,,,,,,,,
"Tetrahydro[2,2']bifuranyl-5-one",,,26.779800290688794,,,,,,,,,
Tetrahydro-solasodine triacetate,18.572420897099427,18.527065735233,17.848056725654924,18.47862430573336,18.40008695193352,18.47862430573336,18.007855678299716,18.090663406345644,17.917954706335404,18.92945649510279,18.572420897099427,18.299161313868307
Theobromine,,,,,,,,,,,,
Thymol,17.848056725654924,,15.02985544620005,16.267931772699097,18.145516841146943,15.79492488769024,16.548397760488008,16.894290018224726,16.267931772699097,17.313901308851932,16.894290018224726,
Triethyl citrate,14.44344997303848,15.39656988471546,12.73466395698144,16.027442504336406,16.027442504336406,16.027442504336406,13.783405868376022,,,15.684213392506413,15.564115838261683,14.6579166018199
Trimethylolpropane,14.77794148459306,16.267931772699097,,,14.22183651652919,,12.34021900334536,15.02985544620005,,14.77794148459306,15.267001008214582,15.267001008214582
Tromethamine,,20.349076790547738,19.511528355008892,,,18.299161313868307,,16.10708189958663,15.925482683255618,19.626871308510992,18.007855678299716,14.77794148459306
Tyr-Val,,28.022288157553156,,29.43670460039806,,30.942609521468626,,,,,,
Uracil,25.313618060977973,25.404802973180967,24.854862067442433,25.313618060977973,25.6563659490016,24.617441356369007,25.58298494600797,26.023750424771674,25.404802973180967,25.58298494600797,25.050447238005177,25.140663431027427
Urea,31.21036514314471,30.7823453433383,30.573336989554633,28.139723574834868,31.668951186609984,27.70606970193908,31.668951186609984,30.370043719919497,28.139723574834868,30.370043719919497,28.328763097489578,29.976899253025323
Vanillylmandelic acid,10.101353297214947,12.34021900334536,0.5371208932185699,,,,5.7610837394771846,7.5486253233047425,4.918347381516455,6.033603261326803,3.515329454763203,
"Weberine, 5-desmethoxy-",23.99000942053065,24.361767611067528,,,,,,,,,,
Xylazine,21.42405899916408,21.70761198277439,21.151328125650927,21.151328125650927,21.36156896985457,20.715974098065832,21.03415127487163,21.9535073039897,21.63965483051689,21.70761198277439,21.566275994088834,20.715974098065832
Yangonin,16.38716185479659,16.649394651426014,14.6579166018199,16.38716185479659,16.10708189958663,16.267931772699097,14.6579166018199,15.925482683255618,15.684213392506413,16.548397760488008,15.925482683255618,15.39656988471546
