n1,n2,VECPAC_r,VECPAC_p,VECPAC_n,DSS_r,DSS_p,DSS_n,LPS_r,LPS_p,LPS_n,Pooled_r,Pooled_p,Pooled_n,r Count,Sign,Pooled FDR
ENSMUSG00000000093-B,"3-Hydroxy-7,3',4',5'-tetramethoxyflavone",,,2,,,0,,,1,-1.0,0.0,3,0,-,0.0
ENSMUSG00000000093-B,L-Val-L-Leu,,,0,,,0,1.0,0.0,3,1.0,0.0,3,1,+,0.0
ENSMUSG00000000093-B,"N-[(3,4,5-Trimethoxyphenyl)methylidene]hydroxylamine",,,0,,,0,1.0,0.0,3,1.0,0.0,3,1,+,0.0
ENSMUSG00000000093-B,Tyr-Val,,,2,,,1,,,0,-1.0,0.0,3,0,-,0.0
ENSMUSG00000000384-B,2-Aminoquinolin-8-ol,,,1,,,1,,,1,1.0,0.0,3,0,+,0.0
ENSMUSG00000000384-B,2-Norbornanemethanol,,,0,,,1,,,2,-1.0,0.0,3,0,-,0.0
ENSMUSG00000000384-B,Isosorbide,1.0,0.0,3,,,0,,,0,1.0,0.0,3,1,+,0.0
ENSMUSG00000000384-B,"l-Leucine, n-butoxycarbonyl-N-methyl-, hexadecyl ester",,,2,,,2,,,0,-1.0,0.0,4,0,-,0.0
ENSMUSG00000000555-B,"1,2-Bis(trimethylsiloxy)cyclohexene",,,1,,,2,,,0,1.0,0.0,3,0,+,0.0
ENSMUSG00000000555-B,"13-Docosenamide, (Z)",,,0,,,0,1.0,0.0,3,1.0,0.0,3,1,+,0.0
ENSMUSG00000000555-B,"3,4-Dihydroxybenzaldehyde",-1.0,0.0,3,,,0,,,0,-1.0,0.0,3,1,-,0.0
ENSMUSG00000000555-B,"6-Aminocaproic acid, N-(tert.-butyldimethylsilyl)",0.8660254037844387,0.3333333333333332,3,0.8660254037844387,0.3333333333333332,3,0.632455532033676,0.367544467966324,4,0.9221228546165696,0.0001463669002885,10,3,+,0.006384705530106851
ENSMUSG00000000555-B,L-(+)-Threose,,,0,,,0,1.0,0.0,3,1.0,0.0,3,1,+,0.0
ENSMUSG00000000555-B,Yangonin,0.5,0.6666666666666667,3,0.5,0.6666666666666667,3,0.4558823529411764,0.3635491934663138,6,0.8318597100170123,0.0007922436323422,12,3,+,0.03332019891246734
ENSMUSG00000000562-B,"1-(1-Hydroxybutyl)-2,5-dimethoxybenzene",,,2,0.5,0.6666666666666667,3,1.0,0.0,4,0.9,0.0009430623223403,9,2,+,0.0392613412101335
ENSMUSG00000000562-B,"13-Docosenamide, (Z)",,,0,,,0,1.0,0.0,3,1.0,0.0,3,1,+,0.0
ENSMUSG00000000562-B,"2,4-Dimethoxybenzaldoxime",,,1,,,0,,,2,1.0,0.0,3,0,+,0.0
ENSMUSG00000000562-B,3-(4-Methoxyphenyl)coumarin,,,1,,,0,-1.0,0.0,3,-1.0,0.0,4,1,-,0.0
ENSMUSG00000000562-B,Isosorbide,-1.0,0.0,3,,,0,,,0,-1.0,0.0,3,1,-,0.0
ENSMUSG00000000562-B,L-(+)-Threose,,,0,,,0,1.0,0.0,3,1.0,0.0,3,1,+,0.0
ENSMUSG00000000562-B,L-Ornithine,,,2,,,1,,,1,1.0,0.0,4,0,+,0.0
ENSMUSG00000000562-B,Octadecanoic acid,,,2,,,1,,,0,-1.0,0.0,3,0,-,0.0
ENSMUSG00000000627-B,"1,2-Cinnolinedicarboxylic acid, 1,2,3,5,6,7,8,8a-octahydro-4-trimethylsilyloxy-, diethyl ester",,,0,,,2,,,1,-1.0,0.0,3,0,-,0.0
ENSMUSG00000000627-B,2-Norbornanemethanol,,,0,,,1,,,2,-1.0,0.0,3,0,-,0.0
ENSMUSG00000000627-B,"3-Hydroxy-7,3',4',5'-tetramethoxyflavone",,,2,,,0,,,1,-1.0,0.0,3,0,-,0.0
ENSMUSG00000000627-B,"4,5-Dihydro-1H-pyrazole",,,1,,,2,,,1,1.0,0.0,4,0,+,0.0
ENSMUSG00000000627-B,Chlorobenzilate,,,0,,,2,,,2,-1.0,0.0,4,0,-,0.0
ENSMUSG00000000627-B,Glabridin,,,2,,,1,,,1,1.0,0.0,4,0,+,0.0
ENSMUSG00000000627-B,L-Val-L-Leu,,,0,,,0,1.0,0.0,3,1.0,0.0,3,1,+,0.0
ENSMUSG00000000627-B,"N-[(3,4,5-Trimethoxyphenyl)methylidene]hydroxylamine",,,0,,,0,1.0,0.0,3,1.0,0.0,3,1,+,0.0
ENSMUSG00000001021-B,"2,4-Dimethoxybenzaldoxime",,,1,,,0,,,2,-1.0,0.0,3,0,-,0.0
ENSMUSG00000001021-B,4-tert-Butyldimethylsiloxy-3-penten-2-one,,,0,,,0,-1.0,0.0,4,-1.0,0.0,4,1,-,0.0
ENSMUSG00000001021-B,Diclofenac,,,1,,,2,,,1,1.0,0.0,4,0,+,0.0
ENSMUSG00000001021-B,Octadecanoic acid,,,2,,,1,,,0,1.0,0.0,3,0,+,0.0
ENSMUSG00000001029-B,"1,2-Bis(trimethylsiloxy)cyclohexene",,,1,,,2,,,0,1.0,0.0,3,0,+,0.0
ENSMUSG00000001029-B,2-Aminoquinolin-8-ol,,,1,,,1,,,1,-1.0,0.0,3,0,-,0.0
ENSMUSG00000001029-B,Isosorbide,-1.0,0.0,3,,,0,,,0,-1.0,0.0,3,1,-,0.0
ENSMUSG00000001029-B,L-(+)-Threose,,,0,,,0,1.0,0.0,3,1.0,0.0,3,1,+,0.0
ENSMUSG00000001029-B,"N-[(3,4,5-Trimethoxyphenyl)methylidene]hydroxylamine",,,0,,,0,1.0,0.0,3,1.0,0.0,3,1,+,0.0
ENSMUSG00000001418-B,"(9H-fluoren-9-yl)methanol, O-methoxycarbonyl-",-1.0,0.0,3,-0.5,0.6666666666666667,3,-0.9276336570439176,0.0076658441874731,6,-0.90526873051103,5.115463807565403e-05,12,3,-,0.002243340231339091
ENSMUSG00000001418-B,"1,2-Bis(trimethylsiloxy)cyclohexene",,,1,,,2,,,0,1.0,0.0,3,0,+,0.0
ENSMUSG00000001418-B,"1,2-Cinnolinedicarboxylic acid, 1,2,3,5,6,7,8,8a-octahydro-4-trimethylsilyloxy-, diethyl ester",,,0,,,2,,,1,-1.0,0.0,3,0,-,0.0
ENSMUSG00000001418-B,2-Norbornanemethanol,,,0,,,1,,,2,-1.0,0.0,3,0,-,0.0
ENSMUSG00000001418-B,cis-2-Decenoic acid,,,1,,,0,,,2,-1.0,0.0,3,0,-,0.0
ENSMUSG00000001418-B,L-(+)-Threose,,,0,,,0,1.0,0.0,3,1.0,0.0,3,1,+,0.0
ENSMUSG00000001555-B,"1,2-Bis(trimethylsiloxy)cyclohexene",,,1,,,2,,,0,1.0,0.0,3,0,+,0.0
ENSMUSG00000001555-B,"1,2-Cinnolinedicarboxylic acid, 1,2,3,5,6,7,8,8a-octahydro-4-trimethylsilyloxy-, diethyl ester",,,0,,,2,,,1,-1.0,0.0,3,0,-,0.0
ENSMUSG00000001555-B,"13-Docosenamide, (Z)",,,0,,,0,-1.0,0.0,3,-1.0,0.0,3,1,-,0.0
ENSMUSG00000001555-B,"2,4-Dimethoxybenzaldoxime",,,1,,,0,,,2,-1.0,0.0,3,0,-,0.0
ENSMUSG00000001555-B,2-Aminoquinolin-8-ol,,,1,,,1,,,1,1.0,0.0,3,0,+,0.0
ENSMUSG00000001555-B,6-Nitroveratryl alcohol,,,1,,,1,1.0,0.0,3,1.0,1.4042654220543672e-24,5,1,+,6.180272427134274e-23
ENSMUSG00000001555-B,Diclofenac,,,1,,,2,,,1,1.0,0.0,4,0,+,0.0
ENSMUSG00000001555-B,Isosorbide,1.0,0.0,3,,,0,,,0,1.0,0.0,3,1,+,0.0
ENSMUSG00000001555-B,Luciferin,,,1,,,2,,,1,1.0,0.0,4,0,+,0.0
ENSMUSG00000001555-B,Octadecanoic acid,,,2,,,1,,,0,1.0,0.0,3,0,+,0.0
ENSMUSG00000001767-B,"2,4-Dimethoxybenzaldoxime",,,1,,,0,,,2,1.0,0.0,3,0,+,0.0
ENSMUSG00000001767-B,2-Aminoquinolin-8-ol,,,1,,,1,,,1,1.0,0.0,3,0,+,0.0
ENSMUSG00000001767-B,"4,5-Dihydro-1H-pyrazole",,,1,,,2,,,1,-1.0,0.0,4,0,-,0.0
ENSMUSG00000001767-B,Isosorbide,1.0,0.0,3,,,0,,,0,1.0,0.0,3,1,+,0.0
ENSMUSG00000001767-B,L-Val-L-Leu,,,0,,,0,1.0,0.0,3,1.0,0.0,3,1,+,0.0
ENSMUSG00000001767-B,"N-[(3,4,5-Trimethoxyphenyl)methylidene]hydroxylamine",,,0,,,0,-1.0,0.0,3,-1.0,0.0,3,1,-,0.0
ENSMUSG00000001767-B,Octadecanoic acid,,,2,,,1,,,0,1.0,0.0,3,0,+,0.0
ENSMUSG00000001767-B,tert-butyl(dimethyl)silyl-2-([tert-butyl(dimethyl)silyl]oxy)hex-2-enoate,,,0,,,0,1.0,0.0,4,1.0,0.0,4,1,+,0.0
ENSMUSG00000001864-B,"1,2-Bis(trimethylsiloxy)cyclohexene",,,1,,,2,,,0,1.0,0.0,3,0,+,0.0
ENSMUSG00000001864-B,"1,2-Cinnolinedicarboxylic acid, 1,2,3,5,6,7,8,8a-octahydro-4-trimethylsilyloxy-, diethyl ester",,,0,,,2,,,1,1.0,0.0,3,0,+,0.0
ENSMUSG00000001864-B,"2,4-Dimethoxybenzaldoxime",,,1,,,0,,,2,1.0,0.0,3,0,+,0.0
ENSMUSG00000001864-B,"3,4-Dihydroxybenzaldehyde",-1.0,0.0,3,,,0,,,0,-1.0,0.0,3,1,-,0.0
ENSMUSG00000001864-B,4-tert-Butyldimethylsiloxy-3-penten-2-one,,,0,,,0,1.0,0.0,4,1.0,0.0,4,1,+,0.0
ENSMUSG00000001864-B,L-Val-L-Leu,,,0,,,0,1.0,0.0,3,1.0,0.0,3,1,+,0.0
ENSMUSG00000001864-B,"N-[(3,4,5-Trimethoxyphenyl)methylidene]hydroxylamine",,,0,,,0,1.0,0.0,3,1.0,0.0,3,1,+,0.0
ENSMUSG00000001918-B,"1,2-Cinnolinedicarboxylic acid, 1,2,3,5,6,7,8,8a-octahydro-4-trimethylsilyloxy-, diethyl ester",,,0,,,2,,,1,-1.0,0.0,3,0,-,0.0
ENSMUSG00000001918-B,"3-Hydroxy-7,3',4',5'-tetramethoxyflavone",,,2,,,0,,,1,1.0,0.0,3,0,+,0.0
ENSMUSG00000001918-B,Luciferin,,,1,,,2,,,1,-1.0,0.0,4,0,-,0.0
ENSMUSG00000001918-B,L-Val-L-Leu,,,0,,,0,1.0,0.0,3,1.0,0.0,3,1,+,0.0
ENSMUSG00000001946-B,"2,4-Dimethoxybenzaldoxime",,,1,,,0,,,2,1.0,0.0,3,0,+,0.0
ENSMUSG00000001946-B,"4,5-Dihydro-1H-pyrazole",,,1,,,2,,,1,-1.0,0.0,4,0,-,0.0
ENSMUSG00000001946-B,L-Val-L-Leu,,,0,,,0,1.0,0.0,3,1.0,0.0,3,1,+,0.0
ENSMUSG00000002068-B,"1,2-Bis(trimethylsiloxy)cyclohexene",,,1,,,2,,,0,-1.0,0.0,3,0,-,0.0
ENSMUSG00000002068-B,2-Aminoquinolin-8-ol,,,1,,,1,,,1,1.0,0.0,3,0,+,0.0
ENSMUSG00000002068-B,"3,4-Dihydroxybenzaldehyde",-1.0,0.0,3,,,0,,,0,-1.0,0.0,3,1,-,0.0
ENSMUSG00000002068-B,L-Threonine,,,0,,,1,1.0,0.0,4,1.0,1.4042654220543672e-24,5,1,+,6.180272427134274e-23
ENSMUSG00000002068-B,m-Toluic acid,0.5,0.6666666666666667,3,-0.5,0.6666666666666667,3,-0.8116794499134279,0.0498575851013403,6,-0.8183739719664755,0.0011374684275955,12,3,-,0.0468796770343122
ENSMUSG00000002068-B,"N-[(3,4,5-Trimethoxyphenyl)methylidene]hydroxylamine",,,0,,,0,-1.0,0.0,3,-1.0,0.0,3,1,-,0.0
ENSMUSG00000002068-B,Octadecanoic acid,,,2,,,1,,,0,-1.0,0.0,3,0,-,0.0
ENSMUSG00000002500-B,"13-Docosenamide, (Z)",,,0,,,0,1.0,0.0,3,1.0,0.0,3,1,+,0.0
ENSMUSG00000002500-B,2-Aminoquinolin-8-ol,,,1,,,1,,,1,1.0,0.0,3,0,+,0.0
ENSMUSG00000002500-B,"3,3-Dimethylacrylic acid",,,1,,,1,,,2,1.0,0.0,4,0,+,0.0
ENSMUSG00000002500-B,5-Hydroxy-7-methoxy-2-methyl-3-phenyl-4-chromenone,,,1,,,2,0.9705882352941178,0.0012848565031548,6,0.9075315120579291,0.0007224566579366,9,1,+,0.030457863139762984
ENSMUSG00000002500-B,L-(+)-Threose,,,0,,,0,1.0,0.0,3,1.0,0.0,3,1,+,0.0
ENSMUSG00000002550-B,"1,2-Bis(trimethylsiloxy)cyclohexene",,,1,,,2,,,0,1.0,0.0,3,0,+,0.0
ENSMUSG00000002550-B,"1,2-Cinnolinedicarboxylic acid, 1,2,3,5,6,7,8,8a-octahydro-4-trimethylsilyloxy-, diethyl ester",,,0,,,2,,,1,-1.0,0.0,3,0,-,0.0
ENSMUSG00000002550-B,"13-Docosenamide, (Z)",,,0,,,0,-1.0,0.0,3,-1.0,0.0,3,1,-,0.0
ENSMUSG00000002550-B,3-(4-Methoxyphenyl)coumarin,,,1,,,0,1.0,0.0,3,1.0,0.0,4,1,+,0.0
ENSMUSG00000002550-B,"3-Hydroxy-7,3',4',5'-tetramethoxyflavone",,,2,,,0,,,1,-1.0,0.0,3,0,-,0.0
ENSMUSG00000002550-B,L-(+)-Threose,,,0,,,0,-1.0,0.0,3,-1.0,0.0,3,1,-,0.0
ENSMUSG00000002550-B,L-Val-L-Leu,,,0,,,0,-1.0,0.0,3,-1.0,0.0,3,1,-,0.0
ENSMUSG00000002550-B,Octadecanoic acid,,,2,,,1,,,0,1.0,0.0,3,0,+,0.0
ENSMUSG00000002718-B,"1,2-Cinnolinedicarboxylic acid, 1,2,3,5,6,7,8,8a-octahydro-4-trimethylsilyloxy-, diethyl ester",,,0,,,2,,,1,-1.0,0.0,3,0,-,0.0
ENSMUSG00000002718-B,2-Aminoquinolin-8-ol,,,1,,,1,,,1,1.0,0.0,3,0,+,0.0
ENSMUSG00000002718-B,7-Hydroxy-4-(methoxymethyl)coumarin,,,1,,,0,-1.0,0.0,3,-1.0,0.0,4,1,-,0.0
ENSMUSG00000002718-B,cis-2-Decenoic acid,,,1,,,0,,,2,-1.0,0.0,3,0,-,0.0
ENSMUSG00000002718-B,"l-Leucine, n-butoxycarbonyl-N-methyl-, hexadecyl ester",,,2,,,2,,,0,1.0,0.0,4,0,+,0.0
ENSMUSG00000002718-B,L-Val-L-Leu,,,0,,,0,-1.0,0.0,3,-1.0,0.0,3,1,-,0.0
ENSMUSG00000002718-B,"N-[(3,4,5-Trimethoxyphenyl)methylidene]hydroxylamine",,,0,,,0,-1.0,0.0,3,-1.0,0.0,3,1,-,0.0
ENSMUSG00000002732-B,"1,2-Bis(trimethylsiloxy)cyclohexene",,,1,,,2,,,0,1.0,0.0,3,0,+,0.0
ENSMUSG00000002732-B,"1,2-Cinnolinedicarboxylic acid, 1,2,3,5,6,7,8,8a-octahydro-4-trimethylsilyloxy-, diethyl ester",,,0,,,2,,,1,-1.0,0.0,3,0,-,0.0
ENSMUSG00000002732-B,2-Aminoquinolin-8-ol,,,1,,,1,,,1,1.0,0.0,3,0,+,0.0
ENSMUSG00000002732-B,2-Norbornanemethanol,,,0,,,1,,,2,-1.0,0.0,3,0,-,0.0
ENSMUSG00000002732-B,"3,4-Dihydroxybenzaldehyde",-1.0,0.0,3,,,0,,,0,-1.0,0.0,3,1,-,0.0
ENSMUSG00000002732-B,cis-2-Decenoic acid,,,1,,,0,,,2,-1.0,0.0,3,0,-,0.0
ENSMUSG00000002732-B,"N-[(3,4,5-Trimethoxyphenyl)methylidene]hydroxylamine",,,0,,,0,-1.0,0.0,3,-1.0,0.0,3,1,-,0.0
ENSMUSG00000002984-B,"13-Docosenamide, (Z)",,,0,,,0,1.0,0.0,3,1.0,0.0,3,1,+,0.0
ENSMUSG00000002984-B,2-Aminoquinolin-8-ol,,,1,,,1,,,1,1.0,0.0,3,0,+,0.0
ENSMUSG00000002984-B,"3,4-Dihydroxybenzaldehyde",1.0,0.0,3,,,0,,,0,1.0,0.0,3,1,+,0.0
ENSMUSG00000002984-B,"3-Hydroxy-7,3',4',5'-tetramethoxyflavone",,,2,,,0,,,1,-1.0,0.0,3,0,-,0.0
ENSMUSG00000002984-B,"4,5-Dihydro-1H-pyrazole",,,1,,,2,,,1,1.0,0.0,4,0,+,0.0
ENSMUSG00000002984-B,7-Hydroxy-4-(methoxymethyl)coumarin,,,1,,,0,-1.0,0.0,3,-1.0,0.0,4,1,-,0.0
ENSMUSG00000002984-B,cis-2-Decenoic acid,,,1,,,0,,,2,-1.0,0.0,3,0,-,0.0
ENSMUSG00000002984-B,L-Val-L-Leu,,,0,,,0,-1.0,0.0,3,-1.0,0.0,3,1,-,0.0
ENSMUSG00000002984-B,"Oxymorphone, bis(trimethylsilyl) ether",0.0,1.0,3,,,2,0.6179143806533246,0.1910939016901931,6,0.8756597221654879,0.0004111506076389,11,2,+,0.01759850273683281
ENSMUSG00000002984-B,Tyr-Val,,,2,,,1,,,0,-1.0,0.0,3,0,-,0.0
ENSMUSG00000004031-B,"13-Docosenamide, (Z)",,,0,,,0,-1.0,0.0,3,-1.0,0.0,3,1,-,0.0
ENSMUSG00000004031-B,2-Aminoquinolin-8-ol,,,1,,,1,,,1,-1.0,0.0,3,0,-,0.0
ENSMUSG00000004031-B,"3,4-Dihydroxybenzaldehyde",1.0,0.0,3,,,0,,,0,1.0,0.0,3,1,+,0.0
ENSMUSG00000004031-B,L-(+)-Threose,,,0,,,0,-1.0,0.0,3,-1.0,0.0,3,1,-,0.0
ENSMUSG00000004031-B,Tyr-Val,,,2,,,1,,,0,-1.0,0.0,3,0,-,0.0
ENSMUSG00000005124-B,2-Norbornanemethanol,,,0,,,1,,,2,1.0,0.0,3,0,+,0.0
ENSMUSG00000005124-B,Glabridin,,,2,,,1,,,1,-1.0,0.0,4,0,-,0.0
ENSMUSG00000005124-B,"l-Leucine, n-butoxycarbonyl-N-methyl-, hexadecyl ester",,,2,,,2,,,0,1.0,0.0,4,0,+,0.0
ENSMUSG00000005124-B,L-Val-L-Leu,,,0,,,0,-1.0,0.0,3,-1.0,0.0,3,1,-,0.0
ENSMUSG00000005124-B,tert-butyl(dimethyl)silyl-2-([tert-butyl(dimethyl)silyl]oxy)hex-2-enoate,,,0,,,0,-1.0,0.0,4,-1.0,0.0,4,1,-,0.0
ENSMUSG00000005251-B,"3,4-Dihydroxybenzaldehyde",-1.0,0.0,3,,,0,,,0,-1.0,0.0,3,1,-,0.0
ENSMUSG00000005251-B,"4,5-Dihydro-1H-pyrazole",,,1,,,2,,,1,-1.0,0.0,4,0,-,0.0
ENSMUSG00000005251-B,cis-2-Decenoic acid,,,1,,,0,,,2,-1.0,0.0,3,0,-,0.0
ENSMUSG00000005251-B,L-(+)-Threose,,,0,,,0,-1.0,0.0,3,-1.0,0.0,3,1,-,0.0
ENSMUSG00000005251-B,Tyr-Val,,,2,,,1,,,0,1.0,0.0,3,0,+,0.0
ENSMUSG00000005360-B,"1,2-Cinnolinedicarboxylic acid, 1,2,3,5,6,7,8,8a-octahydro-4-trimethylsilyloxy-, diethyl ester",,,0,,,2,,,1,-1.0,0.0,3,0,-,0.0
ENSMUSG00000005360-B,"2,4-Dimethoxybenzaldoxime",,,1,,,0,,,2,-1.0,0.0,3,0,-,0.0
ENSMUSG00000005360-B,2-Aminoquinolin-8-ol,,,1,,,1,,,1,1.0,0.0,3,0,+,0.0
ENSMUSG00000005360-B,"3,4-Dihydroxybenzaldehyde",-1.0,0.0,3,,,0,,,0,-1.0,0.0,3,1,-,0.0
ENSMUSG00000005360-B,Chlorobenzilate,,,0,,,2,,,2,-1.0,0.0,4,0,-,0.0
ENSMUSG00000005360-B,cis-2-Decenoic acid,,,1,,,0,,,2,-1.0,0.0,3,0,-,0.0
ENSMUSG00000005360-B,L-(+)-Threose,,,0,,,0,-1.0,0.0,3,-1.0,0.0,3,1,-,0.0
ENSMUSG00000005360-B,"N-[(3,4,5-Trimethoxyphenyl)methylidene]hydroxylamine",,,0,,,0,-1.0,0.0,3,-1.0,0.0,3,1,-,0.0
ENSMUSG00000005469-B,2-Aminoquinolin-8-ol,,,1,,,1,,,1,1.0,0.0,3,0,+,0.0
ENSMUSG00000005469-B,2-Norbornanemethanol,,,0,,,1,,,2,-1.0,0.0,3,0,-,0.0
ENSMUSG00000005469-B,"3-Hydroxy-7,3',4',5'-tetramethoxyflavone",,,2,,,0,,,1,-1.0,0.0,3,0,-,0.0
ENSMUSG00000005469-B,"4,5-Dihydro-1H-pyrazole",,,1,,,2,,,1,1.0,0.0,4,0,+,0.0
ENSMUSG00000005469-B,L-(+)-Threose,,,0,,,0,1.0,0.0,3,1.0,0.0,3,1,+,0.0
ENSMUSG00000006019-B,"1,2-Bis(trimethylsiloxy)cyclohexene",,,1,,,2,,,0,-1.0,0.0,3,0,-,0.0
ENSMUSG00000006019-B,"1,2-Cinnolinedicarboxylic acid, 1,2,3,5,6,7,8,8a-octahydro-4-trimethylsilyloxy-, diethyl ester",,,0,,,2,,,1,-1.0,0.0,3,0,-,0.0
ENSMUSG00000006019-B,"13-Docosenamide, (Z)",,,0,,,0,1.0,0.0,3,1.0,0.0,3,1,+,0.0
ENSMUSG00000006019-B,"2,4-Dimethoxybenzaldoxime",,,1,,,0,,,2,1.0,0.0,3,0,+,0.0
ENSMUSG00000006019-B,2-Aminoquinolin-8-ol,,,1,,,1,,,1,1.0,0.0,3,0,+,0.0
ENSMUSG00000006019-B,"3,3-Dimethylacrylic acid",,,1,,,1,,,2,1.0,0.0,4,0,+,0.0
ENSMUSG00000006019-B,"3-Hydroxy-7,3',4',5'-tetramethoxyflavone",,,2,,,0,,,1,-1.0,0.0,3,0,-,0.0
ENSMUSG00000006019-B,5-Hydroxy-7-methoxy-2-methyl-3-phenyl-4-chromenone,,,1,,,2,0.9856107606091624,0.0003090856678496,6,0.9623515200690814,3.285856459769498e-05,9,1,+,0.0014430366768973459
ENSMUSG00000006019-B,"Benzene, 1-ethyl-3,5-dimethyl",,,1,,,1,,,2,1.0,0.0,4,0,+,0.0
ENSMUSG00000006019-B,Isosorbide,-1.0,0.0,3,,,0,,,0,-1.0,0.0,3,1,-,0.0
ENSMUSG00000006019-B,L-(+)-Threose,,,0,,,0,1.0,0.0,3,1.0,0.0,3,1,+,0.0
ENSMUSG00000006019-B,L-Ornithine,,,2,,,1,,,1,1.0,0.0,4,0,+,0.0
ENSMUSG00000006019-B,Octadecanoic acid,,,2,,,1,,,0,-1.0,0.0,3,0,-,0.0
ENSMUSG00000006179-B,"1,2-Cinnolinedicarboxylic acid, 1,2,3,5,6,7,8,8a-octahydro-4-trimethylsilyloxy-, diethyl ester",,,0,,,2,,,1,1.0,0.0,3,0,+,0.0
ENSMUSG00000006179-B,"13-Docosenamide, (Z)",,,0,,,0,-1.0,0.0,3,-1.0,0.0,3,1,-,0.0
ENSMUSG00000006179-B,2-Norbornanemethanol,,,0,,,1,,,2,1.0,0.0,3,0,+,0.0
ENSMUSG00000006179-B,"3,4-Dihydroxybenzaldehyde",1.0,0.0,3,,,0,,,0,1.0,0.0,3,1,+,0.0
ENSMUSG00000006179-B,cis-2-Decenoic acid,,,1,,,0,,,2,1.0,0.0,3,0,+,0.0
ENSMUSG00000006179-B,Glabridin,,,2,,,1,,,1,-1.0,0.0,4,0,-,0.0
ENSMUSG00000006412-B,"1,2-Cinnolinedicarboxylic acid, 1,2,3,5,6,7,8,8a-octahydro-4-trimethylsilyloxy-, diethyl ester",,,0,,,2,,,1,-1.0,0.0,3,0,-,0.0
ENSMUSG00000006412-B,"2,4-Dimethoxybenzaldoxime",,,1,,,0,,,2,-1.0,0.0,3,0,-,0.0
ENSMUSG00000006412-B,2-Aminoquinolin-8-ol,,,1,,,1,,,1,1.0,0.0,3,0,+,0.0
ENSMUSG00000006412-B,Isosorbide,1.0,0.0,3,,,0,,,0,1.0,0.0,3,1,+,0.0
ENSMUSG00000006412-B,L-Val-L-Leu,,,0,,,0,-1.0,0.0,3,-1.0,0.0,3,1,-,0.0
ENSMUSG00000006412-B,Myristic acid,-1.0,0.0,3,-0.5,0.6666666666666667,3,-0.9710083124552245,0.0012485929031976,6,-0.8752318487115212,0.0001924209727438,12,3,-,0.00837585180897862
ENSMUSG00000006412-B,Octadecanoic acid,,,2,,,1,,,0,1.0,0.0,3,0,+,0.0
ENSMUSG00000006412-B,Pipecolic acid,-1.0,0.0,3,0.0,1.0,3,-0.7714285714285715,0.0723965014577259,6,-0.8596544146325672,0.0003371762500534,12,3,-,0.014452253667506255
ENSMUSG00000006456-B,"1,2-Bis(trimethylsiloxy)cyclohexene",,,1,,,2,,,0,1.0,0.0,3,0,+,0.0
ENSMUSG00000006456-B,Diclofenac,,,1,,,2,,,1,1.0,0.0,4,0,+,0.0
ENSMUSG00000006456-B,Isosorbide,-1.0,0.0,3,,,0,,,0,-1.0,0.0,3,1,-,0.0
ENSMUSG00000006456-B,L-(+)-Threose,,,0,,,0,-1.0,0.0,3,-1.0,0.0,3,1,-,0.0
ENSMUSG00000006456-B,L-Val-L-Leu,,,0,,,0,-1.0,0.0,3,-1.0,0.0,3,1,-,0.0
ENSMUSG00000006920-B,"13-Docosenamide, (Z)",,,0,,,0,-1.0,0.0,3,-1.0,0.0,3,1,-,0.0
ENSMUSG00000006920-B,2-Norbornanemethanol,,,0,,,1,,,2,-1.0,0.0,3,0,-,0.0
ENSMUSG00000006920-B,Isosorbide,1.0,0.0,3,,,0,,,0,1.0,0.0,3,1,+,0.0
ENSMUSG00000006920-B,L-Val-L-Leu,,,0,,,0,1.0,0.0,3,1.0,0.0,3,1,+,0.0
ENSMUSG00000007670-B,2-Aminoquinolin-8-ol,,,1,,,1,,,1,1.0,0.0,3,0,+,0.0
ENSMUSG00000007670-B,2-Norbornanemethanol,,,0,,,1,,,2,1.0,0.0,3,0,+,0.0
ENSMUSG00000007670-B,"3-Hydroxy-7,3',4',5'-tetramethoxyflavone",,,2,,,0,,,1,-1.0,0.0,3,0,-,0.0
ENSMUSG00000007670-B,cis-2-Decenoic acid,,,1,,,0,,,2,-1.0,0.0,3,0,-,0.0
ENSMUSG00000007670-B,L-Val-L-Leu,,,0,,,0,1.0,0.0,3,1.0,0.0,3,1,+,0.0
ENSMUSG00000007670-B,"N-[(3,4,5-Trimethoxyphenyl)methylidene]hydroxylamine",,,0,,,0,-1.0,0.0,3,-1.0,0.0,3,1,-,0.0
ENSMUSG00000007721-B,"3,3-Dimethylacrylic acid",,,1,,,1,,,2,1.0,0.0,4,0,+,0.0
ENSMUSG00000007721-B,"3,4-Dihydroxybenzaldehyde",1.0,0.0,3,,,0,,,0,1.0,0.0,3,1,+,0.0
ENSMUSG00000007721-B,"3-Hydroxy-7,3',4',5'-tetramethoxyflavone",,,2,,,0,,,1,-1.0,0.0,3,0,-,0.0
ENSMUSG00000007721-B,"4,5-Dihydro-1H-pyrazole",,,1,,,2,,,1,1.0,0.0,4,0,+,0.0
ENSMUSG00000007721-B,Chlorobenzilate,,,0,,,2,,,2,-1.0,0.0,4,0,-,0.0
ENSMUSG00000007721-B,L-(+)-Threose,,,0,,,0,1.0,0.0,3,1.0,0.0,3,1,+,0.0
ENSMUSG00000007721-B,Tyr-Val,,,2,,,1,,,0,-1.0,0.0,3,0,-,0.0
ENSMUSG00000007837-B,"1,2-Bis(trimethylsiloxy)cyclohexene",,,1,,,2,,,0,-1.0,0.0,3,0,-,0.0
ENSMUSG00000007837-B,"1,2-Cinnolinedicarboxylic acid, 1,2,3,5,6,7,8,8a-octahydro-4-trimethylsilyloxy-, diethyl ester",,,0,,,2,,,1,1.0,0.0,3,0,+,0.0
ENSMUSG00000007837-B,2-Norbornanemethanol,,,0,,,1,,,2,1.0,0.0,3,0,+,0.0
ENSMUSG00000007837-B,L-(+)-Threose,,,0,,,0,1.0,0.0,3,1.0,0.0,3,1,+,0.0
ENSMUSG00000007837-B,Luciferin,,,1,,,2,,,1,-1.0,0.0,4,0,-,0.0
ENSMUSG00000007837-B,L-Val-L-Leu,,,0,,,0,-1.0,0.0,3,-1.0,0.0,3,1,-,0.0
ENSMUSG00000007837-B,Octadecanoic acid,,,2,,,1,,,0,-1.0,0.0,3,0,-,0.0
ENSMUSG00000008668-B,"1,2-Cinnolinedicarboxylic acid, 1,2,3,5,6,7,8,8a-octahydro-4-trimethylsilyloxy-, diethyl ester",,,0,,,2,,,1,-1.0,0.0,3,0,-,0.0
ENSMUSG00000008668-B,"13-Docosenamide, (Z)",,,0,,,0,-1.0,0.0,3,-1.0,0.0,3,1,-,0.0
ENSMUSG00000008668-B,"2,4-Dimethoxybenzaldoxime",,,1,,,0,,,2,-1.0,0.0,3,0,-,0.0
ENSMUSG00000008668-B,3-(4-Methoxyphenyl)coumarin,,,1,,,0,1.0,0.0,3,1.0,0.0,4,1,+,0.0
ENSMUSG00000008668-B,cis-2-Decenoic acid,,,1,,,0,,,2,-1.0,0.0,3,0,-,0.0
ENSMUSG00000008668-B,L-(+)-Threose,,,0,,,0,-1.0,0.0,3,-1.0,0.0,3,1,-,0.0
ENSMUSG00000008668-B,"l-Leucine, n-butoxycarbonyl-N-methyl-, hexadecyl ester",,,2,,,2,,,0,1.0,0.0,4,0,+,0.0
ENSMUSG00000008668-B,L-Val-L-Leu,,,0,,,0,-1.0,0.0,3,-1.0,0.0,3,1,-,0.0
ENSMUSG00000008855-B,"13-Docosenamide, (Z)",,,0,,,0,-1.0,0.0,3,-1.0,0.0,3,1,-,0.0
ENSMUSG00000008855-B,Diclofenac,,,1,,,2,,,1,-1.0,0.0,4,0,-,0.0
ENSMUSG00000008855-B,Isosorbide,1.0,0.0,3,,,0,,,0,1.0,0.0,3,1,+,0.0
ENSMUSG00000008958-B,"1,2-Bis(trimethylsiloxy)cyclohexene",,,1,,,2,,,0,1.0,0.0,3,0,+,0.0
ENSMUSG00000008958-B,1-Butanol,,,2,,,2,,,2,-0.9856107606091624,0.0003090856678496,6,0,-,0.013285185507187377
ENSMUSG00000008958-B,"1-Heptanol, 2-propyl-",,,0,,,0,0.9856107606091624,0.0003090856678496,6,0.9856107606091624,0.0003090856678496,6,1,+,0.013285185507187377
ENSMUSG00000008958-B,2-Norbornanemethanol,,,0,,,1,,,2,-1.0,0.0,3,0,-,0.0
ENSMUSG00000008958-B,5-Oxohexanoic Acid,1.0,0.0,3,1.0,0.0,3,0.753702346348183,0.0835232813732598,6,0.9071817764981586,4.634685136516254e-05,12,3,+,0.002033222674876817
ENSMUSG00000008958-B,6-Nitroveratryl alcohol,,,1,,,1,1.0,0.0,3,1.0,1.4042654220543672e-24,5,1,+,6.180272427134274e-23
ENSMUSG00000008958-B,Glabridin,,,2,,,1,,,1,1.0,0.0,4,0,+,0.0
ENSMUSG00000008958-B,Isosorbide,1.0,0.0,3,,,0,,,0,1.0,0.0,3,1,+,0.0
ENSMUSG00000008958-B,L-Lysine,,,2,0.5,0.6666666666666667,3,0.8285714285714287,0.0415626822157433,6,0.8473826084954617,0.0009906687092407,11,2,+,0.04109057726009136
ENSMUSG00000008958-B,L-Val-L-Leu,,,0,,,0,1.0,0.0,3,1.0,0.0,3,1,+,0.0
ENSMUSG00000008958-B,"N-[(3,4,5-Trimethoxyphenyl)methylidene]hydroxylamine",,,0,,,0,1.0,0.0,3,1.0,0.0,3,1,+,0.0
ENSMUSG00000008958-B,Octadecanoic acid,,,2,,,1,,,0,1.0,0.0,3,0,+,0.0
ENSMUSG00000010025-B,"1,2-Bis(trimethylsiloxy)cyclohexene",,,1,,,2,,,0,-1.0,0.0,3,0,-,0.0
ENSMUSG00000010025-B,2-Aminoquinolin-8-ol,,,1,,,1,,,1,1.0,0.0,3,0,+,0.0
ENSMUSG00000010025-B,2-Norbornanemethanol,,,0,,,1,,,2,-1.0,0.0,3,0,-,0.0
ENSMUSG00000010025-B,3-(4-Methoxyphenyl)coumarin,,,1,,,0,1.0,0.0,3,1.0,0.0,4,1,+,0.0
ENSMUSG00000010025-B,cis-2-Decenoic acid,,,1,,,0,,,2,-1.0,0.0,3,0,-,0.0
ENSMUSG00000010025-B,L-(+)-Threose,,,0,,,0,-1.0,0.0,3,-1.0,0.0,3,1,-,0.0
ENSMUSG00000010025-B,"N-[(3,4,5-Trimethoxyphenyl)methylidene]hydroxylamine",,,0,,,0,-1.0,0.0,3,-1.0,0.0,3,1,-,0.0
ENSMUSG00000010025-B,Octadecanoic acid,,,2,,,1,,,0,-1.0,0.0,3,0,-,0.0
ENSMUSG00000010044-B,"1,2-Bis(trimethylsiloxy)cyclohexene",,,1,,,2,,,0,1.0,0.0,3,0,+,0.0
ENSMUSG00000010044-B,"1,2-Cinnolinedicarboxylic acid, 1,2,3,5,6,7,8,8a-octahydro-4-trimethylsilyloxy-, diethyl ester",,,0,,,2,,,1,-1.0,0.0,3,0,-,0.0
ENSMUSG00000010044-B,"13-Docosenamide, (Z)",,,0,,,0,1.0,0.0,3,1.0,0.0,3,1,+,0.0
ENSMUSG00000010044-B,"2,4-Dimethoxybenzaldoxime",,,1,,,0,,,2,1.0,0.0,3,0,+,0.0
ENSMUSG00000010044-B,"2-Butene-1,4-diol",,,0,,,2,1.0,0.0,4,0.9856107606091624,0.0003090856678496,6,1,+,0.013285185507187377
ENSMUSG00000010044-B,2-Norbornanemethanol,,,0,,,1,,,2,-1.0,0.0,3,0,-,0.0
ENSMUSG00000010044-B,"3,4-Dihydroxybenzaldehyde",-1.0,0.0,3,,,0,,,0,-1.0,0.0,3,1,-,0.0
ENSMUSG00000010044-B,cis-2-Decenoic acid,,,1,,,0,,,2,-1.0,0.0,3,0,-,0.0
ENSMUSG00000010044-B,L-Val-L-Leu,,,0,,,0,1.0,0.0,3,1.0,0.0,3,1,+,0.0
ENSMUSG00000010044-B,Tyr-Val,,,2,,,1,,,0,1.0,0.0,3,0,+,0.0
ENSMUSG00000015189-B,"1,2-Bis(trimethylsiloxy)cyclohexene",,,1,,,2,,,0,-1.0,0.0,3,0,-,0.0
ENSMUSG00000015189-B,2-Aminoquinolin-8-ol,,,1,,,1,,,1,1.0,0.0,3,0,+,0.0
ENSMUSG00000015189-B,"3-Hydroxy-7,3',4',5'-tetramethoxyflavone",,,2,,,0,,,1,-1.0,0.0,3,0,-,0.0
ENSMUSG00000015189-B,4-tert-Butyldimethylsiloxy-3-penten-2-one,,,0,,,0,1.0,0.0,4,1.0,0.0,4,1,+,0.0
ENSMUSG00000015189-B,Chlorobenzilate,,,0,,,2,,,2,-1.0,0.0,4,0,-,0.0
ENSMUSG00000015189-B,cis-2-Decenoic acid,,,1,,,0,,,2,-1.0,0.0,3,0,-,0.0
ENSMUSG00000015189-B,Sulindac,,,0,,,2,-1.0,0.0,3,-1.0,1.4042654220543672e-24,5,1,-,6.180272427134274e-23
ENSMUSG00000015189-B,tert-butyl(dimethyl)silyl-2-([tert-butyl(dimethyl)silyl]oxy)hex-2-enoate,,,0,,,0,-1.0,0.0,4,-1.0,0.0,4,1,-,0.0
ENSMUSG00000015224-B,"13-Docosenamide, (Z)",,,0,,,0,-1.0,0.0,3,-1.0,0.0,3,1,-,0.0
ENSMUSG00000015980-B,"1,2-Bis(trimethylsiloxy)cyclohexene",,,1,,,2,,,0,1.0,0.0,3,0,+,0.0
ENSMUSG00000015980-B,"2,4-Dimethoxybenzaldoxime",,,1,,,0,,,2,-1.0,0.0,3,0,-,0.0
ENSMUSG00000015980-B,2-Aminoquinolin-8-ol,,,1,,,1,,,1,-1.0,0.0,3,0,-,0.0
ENSMUSG00000015980-B,Isosorbide,-1.0,0.0,3,,,0,,,0,-1.0,0.0,3,1,-,0.0
ENSMUSG00000015980-B,L-(+)-Threose,,,0,,,0,-1.0,0.0,3,-1.0,0.0,3,1,-,0.0
ENSMUSG00000017264-B,"1,2-Bis(trimethylsiloxy)cyclohexene",,,1,,,2,,,0,1.0,0.0,3,0,+,0.0
ENSMUSG00000017264-B,"1,2-Cinnolinedicarboxylic acid, 1,2,3,5,6,7,8,8a-octahydro-4-trimethylsilyloxy-, diethyl ester",,,0,,,2,,,1,-1.0,0.0,3,0,-,0.0
ENSMUSG00000017264-B,2-Norbornanemethanol,,,0,,,1,,,2,-1.0,0.0,3,0,-,0.0
ENSMUSG00000017264-B,"3,4-Dihydroxybenzaldehyde",1.0,0.0,3,,,0,,,0,1.0,0.0,3,1,+,0.0
ENSMUSG00000017264-B,"3-Hydroxy-7,3',4',5'-tetramethoxyflavone",,,2,,,0,,,1,-1.0,0.0,3,0,-,0.0
ENSMUSG00000017264-B,L-(+)-Threose,,,0,,,0,1.0,0.0,3,1.0,0.0,3,1,+,0.0
ENSMUSG00000017264-B,L-Serine,1.0,0.0,3,,,1,,,1,1.0,1.4042654220543672e-24,5,1,+,6.180272427134274e-23
ENSMUSG00000017264-B,L-Val-L-Leu,,,0,,,0,1.0,0.0,3,1.0,0.0,3,1,+,0.0
ENSMUSG00000017264-B,Octadecanoic acid,,,2,,,1,,,0,1.0,0.0,3,0,+,0.0
ENSMUSG00000017405-B,3-(4-Methoxyphenyl)coumarin,,,1,,,0,-1.0,0.0,3,-1.0,0.0,4,1,-,0.0
ENSMUSG00000017405-B,"3-Hydroxy-7,3',4',5'-tetramethoxyflavone",,,2,,,0,,,1,1.0,0.0,3,0,+,0.0
ENSMUSG00000017405-B,Luciferin,,,1,,,2,,,1,-1.0,0.0,4,0,-,0.0
ENSMUSG00000017405-B,L-Val-L-Leu,,,0,,,0,1.0,0.0,3,1.0,0.0,3,1,+,0.0
ENSMUSG00000017405-B,"N-[(3,4,5-Trimethoxyphenyl)methylidene]hydroxylamine",,,0,,,0,-1.0,0.0,3,-1.0,0.0,3,1,-,0.0
ENSMUSG00000017801-B,"1,2-Bis(trimethylsiloxy)cyclohexene",,,1,,,2,,,0,-1.0,0.0,3,0,-,0.0
ENSMUSG00000017801-B,"1,2-Cinnolinedicarboxylic acid, 1,2,3,5,6,7,8,8a-octahydro-4-trimethylsilyloxy-, diethyl ester",,,0,,,2,,,1,1.0,0.0,3,0,+,0.0
ENSMUSG00000017801-B,"13-Docosenamide, (Z)",,,0,,,0,1.0,0.0,3,1.0,0.0,3,1,+,0.0
ENSMUSG00000017801-B,2-Aminoquinolin-8-ol,,,1,,,1,,,1,1.0,0.0,3,0,+,0.0
ENSMUSG00000017801-B,cis-2-Decenoic acid,,,1,,,0,,,2,-1.0,0.0,3,0,-,0.0
ENSMUSG00000017801-B,Isosorbide,1.0,0.0,3,,,0,,,0,1.0,0.0,3,1,+,0.0
ENSMUSG00000017801-B,Tyr-Val,,,2,,,1,,,0,-1.0,0.0,3,0,-,0.0
ENSMUSG00000017837-B,"13-Docosenamide, (Z)",,,0,,,0,-1.0,0.0,3,-1.0,0.0,3,1,-,0.0
ENSMUSG00000017837-B,2-Aminoquinolin-8-ol,,,1,,,1,,,1,1.0,0.0,3,0,+,0.0
ENSMUSG00000017837-B,3-(4-Methoxyphenyl)coumarin,,,1,,,0,1.0,0.0,3,1.0,0.0,4,1,+,0.0
ENSMUSG00000017837-B,7-Hydroxy-4-(methoxymethyl)coumarin,,,1,,,0,-1.0,0.0,3,-1.0,0.0,4,1,-,0.0
ENSMUSG00000017837-B,Isosorbide,1.0,0.0,3,,,0,,,0,1.0,0.0,3,1,+,0.0
ENSMUSG00000017837-B,L-(+)-Threose,,,0,,,0,-1.0,0.0,3,-1.0,0.0,3,1,-,0.0
ENSMUSG00000017858-B,"13-Docosenamide, (Z)",,,0,,,0,-1.0,0.0,3,-1.0,0.0,3,1,-,0.0
ENSMUSG00000017858-B,3-(4-Methoxyphenyl)coumarin,,,1,,,0,1.0,0.0,3,1.0,0.0,4,1,+,0.0
ENSMUSG00000017858-B,Diclofenac,,,1,,,2,,,1,-1.0,0.0,4,0,-,0.0
ENSMUSG00000017858-B,Guanosine,,,1,1.0,0.0,3,1.0,0.0,4,0.9461247469114746,0.0003753118737904,8,2,+,0.01607566291525582
ENSMUSG00000017858-B,Isosorbide,1.0,0.0,3,,,0,,,0,1.0,0.0,3,1,+,0.0
ENSMUSG00000018846-B,"1,2-Bis(trimethylsiloxy)cyclohexene",,,1,,,2,,,0,1.0,0.0,3,0,+,0.0
ENSMUSG00000018846-B,"1,2-Cinnolinedicarboxylic acid, 1,2,3,5,6,7,8,8a-octahydro-4-trimethylsilyloxy-, diethyl ester",,,0,,,2,,,1,-1.0,0.0,3,0,-,0.0
ENSMUSG00000018846-B,2-Aminoquinolin-8-ol,,,1,,,1,,,1,1.0,0.0,3,0,+,0.0
ENSMUSG00000018846-B,"3,4-Dihydroxybenzaldehyde",-1.0,0.0,3,,,0,,,0,-1.0,0.0,3,1,-,0.0
ENSMUSG00000018846-B,cis-2-Decenoic acid,,,1,,,0,,,2,-1.0,0.0,3,0,-,0.0
ENSMUSG00000018846-B,Luciferin,,,1,,,2,,,1,-1.0,0.0,4,0,-,0.0
ENSMUSG00000018846-B,"N-[(3,4,5-Trimethoxyphenyl)methylidene]hydroxylamine",,,0,,,0,-1.0,0.0,3,-1.0,0.0,3,1,-,0.0
ENSMUSG00000018920-B,"1,2-Cinnolinedicarboxylic acid, 1,2,3,5,6,7,8,8a-octahydro-4-trimethylsilyloxy-, diethyl ester",,,0,,,2,,,1,-1.0,0.0,3,0,-,0.0
ENSMUSG00000018920-B,Isosorbide,-1.0,0.0,3,,,0,,,0,-1.0,0.0,3,1,-,0.0
ENSMUSG00000018920-B,Tyr-Val,,,2,,,1,,,0,1.0,0.0,3,0,+,0.0
ENSMUSG00000019102-B,"1,2-Cinnolinedicarboxylic acid, 1,2,3,5,6,7,8,8a-octahydro-4-trimethylsilyloxy-, diethyl ester",,,0,,,2,,,1,-1.0,0.0,3,0,-,0.0
ENSMUSG00000019102-B,"13-Docosenamide, (Z)",,,0,,,0,-1.0,0.0,3,-1.0,0.0,3,1,-,0.0
ENSMUSG00000019102-B,Guanosine,,,1,-1.0,0.0,3,-0.7999999999999999,0.2,4,-0.9221722216732094,0.0011108173578061,8,2,-,0.04584260649780499
ENSMUSG00000019102-B,"l-Leucine, n-butoxycarbonyl-N-methyl-, hexadecyl ester",,,2,,,2,,,0,1.0,0.0,4,0,+,0.0
ENSMUSG00000019791-B,"1,2-Bis(trimethylsiloxy)cyclohexene",,,1,,,2,,,0,1.0,0.0,3,0,+,0.0
ENSMUSG00000019791-B,"13-Docosenamide, (Z)",,,0,,,0,1.0,0.0,3,1.0,0.0,3,1,+,0.0
ENSMUSG00000019791-B,2-Aminoquinolin-8-ol,,,1,,,1,,,1,1.0,0.0,3,0,+,0.0
ENSMUSG00000019791-B,"3,4-Dihydroxybenzaldehyde",-1.0,0.0,3,,,0,,,0,-1.0,0.0,3,1,-,0.0
ENSMUSG00000019791-B,cis-2-Decenoic acid,,,1,,,0,,,2,-1.0,0.0,3,0,-,0.0
ENSMUSG00000019791-B,L-Val-L-Leu,,,0,,,0,-1.0,0.0,3,-1.0,0.0,3,1,-,0.0
ENSMUSG00000019791-B,Tyr-Val,,,2,,,1,,,0,1.0,0.0,3,0,+,0.0
ENSMUSG00000019864-B,"1,2-Bis(trimethylsiloxy)cyclohexene",,,1,,,2,,,0,1.0,0.0,3,0,+,0.0
ENSMUSG00000019864-B,"1,2-Cinnolinedicarboxylic acid, 1,2,3,5,6,7,8,8a-octahydro-4-trimethylsilyloxy-, diethyl ester",,,0,,,2,,,1,-1.0,0.0,3,0,-,0.0
ENSMUSG00000019864-B,2-Norbornanemethanol,,,0,,,1,,,2,-1.0,0.0,3,0,-,0.0
ENSMUSG00000019864-B,"3-Hydroxy-7,3',4',5'-tetramethoxyflavone",,,2,,,0,,,1,-1.0,0.0,3,0,-,0.0
ENSMUSG00000019864-B,Chlorobenzilate,,,0,,,2,,,2,-1.0,0.0,4,0,-,0.0
ENSMUSG00000019864-B,Diclofenac,,,1,,,2,,,1,1.0,0.0,4,0,+,0.0
ENSMUSG00000019864-B,"N-[(3,4,5-Trimethoxyphenyl)methylidene]hydroxylamine",,,0,,,0,1.0,0.0,3,1.0,0.0,3,1,+,0.0
ENSMUSG00000019864-B,Octadecanoic acid,,,2,,,1,,,0,1.0,0.0,3,0,+,0.0
ENSMUSG00000019888-B,"1,2-Cinnolinedicarboxylic acid, 1,2,3,5,6,7,8,8a-octahydro-4-trimethylsilyloxy-, diethyl ester",,,0,,,2,,,1,1.0,0.0,3,0,+,0.0
ENSMUSG00000019888-B,"13-Docosenamide, (Z)",,,0,,,0,-1.0,0.0,3,-1.0,0.0,3,1,-,0.0
ENSMUSG00000019888-B,2-Aminoquinolin-8-ol,,,1,,,1,,,1,-1.0,0.0,3,0,-,0.0
ENSMUSG00000019888-B,2-Norbornanemethanol,,,0,,,1,,,2,-1.0,0.0,3,0,-,0.0
ENSMUSG00000019891-B,2-Aminoquinolin-8-ol,,,1,,,1,,,1,1.0,0.0,3,0,+,0.0
ENSMUSG00000019891-B,"3,4-Dihydroxybenzaldehyde",1.0,0.0,3,,,0,,,0,1.0,0.0,3,1,+,0.0
ENSMUSG00000019891-B,"3-Hydroxy-7,3',4',5'-tetramethoxyflavone",,,2,,,0,,,1,-1.0,0.0,3,0,-,0.0
ENSMUSG00000019891-B,"4,5-Dihydro-1H-pyrazole",,,1,,,2,,,1,1.0,0.0,4,0,+,0.0
ENSMUSG00000019891-B,Glycine,-0.5,0.6666666666666667,3,-1.0,0.0,3,-0.6667366910003157,0.1480897994403527,6,-0.8947423499236925,8.506820047254513e-05,12,3,-,0.0037252858366139787
ENSMUSG00000019891-B,"Glycine, tert.-butyldimethylsilyl ester",-0.5,0.6666666666666667,3,-1.0,0.0,3,-0.8406680016960503,0.0360575728451592,6,-0.8611718993346292,0.0003201914230579,12,3,-,0.013748149499451225
ENSMUSG00000019891-B,L-Val-L-Leu,,,0,,,0,-1.0,0.0,3,-1.0,0.0,3,1,-,0.0
ENSMUSG00000019891-B,"N-[(3,4,5-Trimethoxyphenyl)methylidene]hydroxylamine",,,0,,,0,1.0,0.0,3,1.0,0.0,3,1,+,0.0
ENSMUSG00000019891-B,tert-butyl(dimethyl)silyl-2-([tert-butyl(dimethyl)silyl]oxy)hex-2-enoate,,,0,,,0,-1.0,0.0,4,-1.0,0.0,4,1,-,0.0
ENSMUSG00000019891-B,Tyr-Val,,,2,,,1,,,0,-1.0,0.0,3,0,-,0.0
ENSMUSG00000019933-B,"13-Docosenamide, (Z)",,,0,,,0,1.0,0.0,3,1.0,0.0,3,1,+,0.0
ENSMUSG00000019933-B,2-Aminoquinolin-8-ol,,,1,,,1,,,1,1.0,0.0,3,0,+,0.0
ENSMUSG00000019933-B,"3,3-Dimethylacrylic acid",,,1,,,1,,,2,-1.0,0.0,4,0,-,0.0
ENSMUSG00000019933-B,"3,4-Dihydroxybenzaldehyde",-1.0,0.0,3,,,0,,,0,-1.0,0.0,3,1,-,0.0
ENSMUSG00000019933-B,4-tert-Butyldimethylsiloxy-3-penten-2-one,,,0,,,0,-1.0,0.0,4,-1.0,0.0,4,1,-,0.0
ENSMUSG00000019933-B,tert-butyl(dimethyl)silyl-2-([tert-butyl(dimethyl)silyl]oxy)hex-2-enoate,,,0,,,0,1.0,0.0,4,1.0,0.0,4,1,+,0.0
ENSMUSG00000020130-B,"1,2-Bis(trimethylsiloxy)cyclohexene",,,1,,,2,,,0,-1.0,0.0,3,0,-,0.0
ENSMUSG00000020130-B,"2,4-Dimethoxybenzaldoxime",,,1,,,0,,,2,-1.0,0.0,3,0,-,0.0
ENSMUSG00000020130-B,Isosorbide,1.0,0.0,3,,,0,,,0,1.0,0.0,3,1,+,0.0
ENSMUSG00000020130-B,L-Tyrosine,-0.5,0.6666666666666667,3,,,2,-0.9746794344808964,0.0048182304681985,5,-0.9264501099011716,0.0001170712421773,10,2,-,0.005110410617608459
ENSMUSG00000020135-B,"1,2-Cinnolinedicarboxylic acid, 1,2,3,5,6,7,8,8a-octahydro-4-trimethylsilyloxy-, diethyl ester",,,0,,,2,,,1,-1.0,0.0,3,0,-,0.0
ENSMUSG00000020135-B,2-Norbornanemethanol,,,0,,,1,,,2,-1.0,0.0,3,0,-,0.0
ENSMUSG00000020135-B,"3,4-Dihydroxybenzaldehyde",1.0,0.0,3,,,0,,,0,1.0,0.0,3,1,+,0.0
ENSMUSG00000020135-B,"3-Hydroxy-7,3',4',5'-tetramethoxyflavone",,,2,,,0,,,1,-1.0,0.0,3,0,-,0.0
ENSMUSG00000020135-B,4-Methylvaleric acid,1.0,0.0,3,1.0,0.0,3,0.4999999999999999,0.3910022189557705,5,0.8636363636363636,0.0006116938500931,11,3,+,0.02590344781682911
ENSMUSG00000020135-B,Adipoyl-L-carnitine,,,1,,,2,1.0,0.0,3,1.0,0.0,6,1,+,0.0
ENSMUSG00000020135-B,L-(+)-Threose,,,0,,,0,1.0,0.0,3,1.0,0.0,3,1,+,0.0
ENSMUSG00000020135-B,"l-Leucine, n-butoxycarbonyl-N-methyl-, hexadecyl ester",,,2,,,2,,,0,-1.0,0.0,4,0,-,0.0
ENSMUSG00000020193-B,2-Norbornanemethanol,,,0,,,1,,,2,-1.0,0.0,3,0,-,0.0
ENSMUSG00000020193-B,cis-2-Decenoic acid,,,1,,,0,,,2,-1.0,0.0,3,0,-,0.0
ENSMUSG00000020193-B,Isosorbide,-1.0,0.0,3,,,0,,,0,-1.0,0.0,3,1,-,0.0
ENSMUSG00000020193-B,L-(+)-Threose,,,0,,,0,-1.0,0.0,3,-1.0,0.0,3,1,-,0.0
ENSMUSG00000020193-B,"N-[(3,4,5-Trimethoxyphenyl)methylidene]hydroxylamine",,,0,,,0,-1.0,0.0,3,-1.0,0.0,3,1,-,0.0
ENSMUSG00000020225-B,"1,2-Bis(trimethylsiloxy)cyclohexene",,,1,,,2,,,0,1.0,0.0,3,0,+,0.0
ENSMUSG00000020225-B,"1,2-Cinnolinedicarboxylic acid, 1,2,3,5,6,7,8,8a-octahydro-4-trimethylsilyloxy-, diethyl ester",,,0,,,2,,,1,-1.0,0.0,3,0,-,0.0
ENSMUSG00000020225-B,"13-Docosenamide, (Z)",,,0,,,0,-1.0,0.0,3,-1.0,0.0,3,1,-,0.0
ENSMUSG00000020225-B,3-(4-Methoxyphenyl)coumarin,,,1,,,0,1.0,0.0,3,1.0,0.0,4,1,+,0.0
ENSMUSG00000020225-B,"3,4-Dihydroxybenzaldehyde",1.0,0.0,3,,,0,,,0,1.0,0.0,3,1,+,0.0
ENSMUSG00000020225-B,"3-Hydroxy-7,3',4',5'-tetramethoxyflavone",,,2,,,0,,,1,-1.0,0.0,3,0,-,0.0
ENSMUSG00000020225-B,L-Serine,1.0,0.0,3,,,1,,,1,1.0,1.4042654220543672e-24,5,1,+,6.180272427134274e-23
ENSMUSG00000020225-B,Octadecanoic acid,,,2,,,1,,,0,1.0,0.0,3,0,+,0.0
ENSMUSG00000020225-B,Tyr-Val,,,2,,,1,,,0,-1.0,0.0,3,0,-,0.0
ENSMUSG00000020374-B,"1,2-Bis(trimethylsiloxy)cyclohexene",,,1,,,2,,,0,-1.0,0.0,3,0,-,0.0
ENSMUSG00000020374-B,"13-Docosenamide, (Z)",,,0,,,0,1.0,0.0,3,1.0,0.0,3,1,+,0.0
ENSMUSG00000020374-B,2-Aminoquinolin-8-ol,,,1,,,1,,,1,1.0,0.0,3,0,+,0.0
ENSMUSG00000020374-B,2-Norbornanemethanol,,,0,,,1,,,2,1.0,0.0,3,0,+,0.0
ENSMUSG00000020374-B,"3,4-Dihydroxybenzaldehyde",1.0,0.0,3,,,0,,,0,1.0,0.0,3,1,+,0.0
ENSMUSG00000020374-B,Chlorobenzilate,,,0,,,2,,,2,-1.0,0.0,4,0,-,0.0
ENSMUSG00000020411-B,"13-Docosenamide, (Z)",,,0,,,0,1.0,0.0,3,1.0,0.0,3,1,+,0.0
ENSMUSG00000020411-B,2-Aminoquinolin-8-ol,,,1,,,1,,,1,1.0,0.0,3,0,+,0.0
ENSMUSG00000020411-B,"3,3-Dimethylacrylic acid",,,1,,,1,,,2,-1.0,0.0,4,0,-,0.0
ENSMUSG00000020411-B,"3-Hydroxy-7,3',4',5'-tetramethoxyflavone",,,2,,,0,,,1,1.0,0.0,3,0,+,0.0
ENSMUSG00000020411-B,"4,5-Dihydro-1H-pyrazole",,,1,,,2,,,1,-1.0,0.0,4,0,-,0.0
ENSMUSG00000020411-B,L-Val-L-Leu,,,0,,,0,-1.0,0.0,3,-1.0,0.0,3,1,-,0.0
ENSMUSG00000020456-B,2-Aminoquinolin-8-ol,,,1,,,1,,,1,-1.0,0.0,3,0,-,0.0
ENSMUSG00000020456-B,2-Norbornanemethanol,,,0,,,1,,,2,-1.0,0.0,3,0,-,0.0
ENSMUSG00000020456-B,"3-Hydroxy-7,3',4',5'-tetramethoxyflavone",,,2,,,0,,,1,-1.0,0.0,3,0,-,0.0
ENSMUSG00000020456-B,Glabridin,,,2,,,1,,,1,1.0,0.0,4,0,+,0.0
ENSMUSG00000020456-B,L-Val-L-Leu,,,0,,,0,-1.0,0.0,3,-1.0,0.0,3,1,-,0.0
ENSMUSG00000020456-B,"N-[(3,4,5-Trimethoxyphenyl)methylidene]hydroxylamine",,,0,,,0,1.0,0.0,3,1.0,0.0,3,1,+,0.0
ENSMUSG00000020553-B,"13-Docosenamide, (Z)",,,0,,,0,-1.0,0.0,3,-1.0,0.0,3,1,-,0.0
ENSMUSG00000020553-B,"2,4-Dimethoxybenzaldoxime",,,1,,,0,,,2,-1.0,0.0,3,0,-,0.0
ENSMUSG00000020553-B,2-Aminoquinolin-8-ol,,,1,,,1,,,1,-1.0,0.0,3,0,-,0.0
ENSMUSG00000020553-B,"3,3-Dimethylacrylic acid",,,1,,,1,,,2,-1.0,0.0,4,0,-,0.0
ENSMUSG00000020553-B,L-(+)-Threose,,,0,,,0,-1.0,0.0,3,-1.0,0.0,3,1,-,0.0
ENSMUSG00000020553-B,L-Val-L-Leu,,,0,,,0,-1.0,0.0,3,-1.0,0.0,3,1,-,0.0
ENSMUSG00000020553-B,Octadecanoic acid,,,2,,,1,,,0,1.0,0.0,3,0,+,0.0
ENSMUSG00000020605-B,"1,2-Cinnolinedicarboxylic acid, 1,2,3,5,6,7,8,8a-octahydro-4-trimethylsilyloxy-, diethyl ester",,,0,,,2,,,1,-1.0,0.0,3,0,-,0.0
ENSMUSG00000020605-B,"2,4-Dimethoxybenzaldoxime",,,1,,,0,,,2,1.0,0.0,3,0,+,0.0
ENSMUSG00000020605-B,2-Aminoquinolin-8-ol,,,1,,,1,,,1,1.0,0.0,3,0,+,0.0
ENSMUSG00000020605-B,2-Ethyl-1-butanol,,,0,,,2,1.0,0.0,3,1.0,1.4042654220543672e-24,5,1,+,6.180272427134274e-23
ENSMUSG00000020605-B,"3,4-Dihydroxybenzaldehyde",-1.0,0.0,3,,,0,,,0,-1.0,0.0,3,1,-,0.0
ENSMUSG00000020605-B,"Benzene, 1-ethyl-3,5-dimethyl",,,1,,,1,,,2,1.0,0.0,4,0,+,0.0
ENSMUSG00000020605-B,Diclofenac,,,1,,,2,,,1,1.0,0.0,4,0,+,0.0
ENSMUSG00000020605-B,L-(+)-Threose,,,0,,,0,1.0,0.0,3,1.0,0.0,3,1,+,0.0
ENSMUSG00000020642-B,"2,4-Dimethoxybenzaldoxime",,,1,,,0,,,2,1.0,0.0,3,0,+,0.0
ENSMUSG00000020642-B,2-Aminoquinolin-8-ol,,,1,,,1,,,1,1.0,0.0,3,0,+,0.0
ENSMUSG00000020642-B,2-Ethyl-1-butanol,,,0,,,2,1.0,0.0,3,1.0,1.4042654220543672e-24,5,1,+,6.180272427134274e-23
ENSMUSG00000020642-B,"3,3-Dimethylacrylic acid",,,1,,,1,,,2,-1.0,0.0,4,0,-,0.0
ENSMUSG00000020642-B,3-Amino-5-methylisoxazole,,,2,-0.5,0.6666666666666667,3,-0.7714285714285715,0.0723965014577259,6,-0.870161710874372,0.0004954180897534,11,2,-,0.021110086860411992
ENSMUSG00000020642-B,"4,5-Dihydro-1H-pyrazole",,,1,,,2,,,1,-1.0,0.0,4,0,-,0.0
ENSMUSG00000020642-B,Isosorbide,1.0,0.0,3,,,0,,,0,1.0,0.0,3,1,+,0.0
ENSMUSG00000020642-B,"N-[(3,4,5-Trimethoxyphenyl)methylidene]hydroxylamine",,,0,,,0,-1.0,0.0,3,-1.0,0.0,3,1,-,0.0
ENSMUSG00000020642-B,Octadecanoic acid,,,2,,,1,,,0,1.0,0.0,3,0,+,0.0
ENSMUSG00000020642-B,tert-butyl(dimethyl)silyl-2-([tert-butyl(dimethyl)silyl]oxy)hex-2-enoate,,,0,,,0,1.0,0.0,4,1.0,0.0,4,1,+,0.0
ENSMUSG00000020644-B,"13-Docosenamide, (Z)",,,0,,,0,-1.0,0.0,3,-1.0,0.0,3,1,-,0.0
ENSMUSG00000020644-B,"2,4-Dimethoxybenzaldoxime",,,1,,,0,,,2,-1.0,0.0,3,0,-,0.0
ENSMUSG00000020644-B,3-(4-Methoxyphenyl)coumarin,,,1,,,0,1.0,0.0,3,1.0,0.0,4,1,+,0.0
ENSMUSG00000020644-B,"3,3-Dimethylacrylic acid",,,1,,,1,,,2,-1.0,0.0,4,0,-,0.0
ENSMUSG00000020644-B,"3,4-Dihydroxybenzaldehyde",-1.0,0.0,3,,,0,,,0,-1.0,0.0,3,1,-,0.0
ENSMUSG00000020644-B,cis-2-Decenoic acid,,,1,,,0,,,2,-1.0,0.0,3,0,-,0.0
ENSMUSG00000020644-B,"l-Leucine, n-butoxycarbonyl-N-methyl-, hexadecyl ester",,,2,,,2,,,0,1.0,0.0,4,0,+,0.0
ENSMUSG00000020644-B,L-Val-L-Leu,,,0,,,0,-1.0,0.0,3,-1.0,0.0,3,1,-,0.0
ENSMUSG00000020644-B,Tyr-Val,,,2,,,1,,,0,1.0,0.0,3,0,+,0.0
ENSMUSG00000020758-B,"3,4-Dihydroxybenzaldehyde",-1.0,0.0,3,,,0,,,0,-1.0,0.0,3,1,-,0.0
ENSMUSG00000020758-B,Glabridin,,,2,,,1,,,1,1.0,0.0,4,0,+,0.0
ENSMUSG00000020758-B,L-Val-L-Leu,,,0,,,0,-1.0,0.0,3,-1.0,0.0,3,1,-,0.0
ENSMUSG00000020758-B,"N-[(3,4,5-Trimethoxyphenyl)methylidene]hydroxylamine",,,0,,,0,1.0,0.0,3,1.0,0.0,3,1,+,0.0
ENSMUSG00000020758-B,Sulindac,,,0,,,2,-1.0,0.0,3,-1.0,1.4042654220543672e-24,5,1,-,6.180272427134274e-23
ENSMUSG00000020758-B,Tyr-Val,,,2,,,1,,,0,1.0,0.0,3,0,+,0.0
ENSMUSG00000020905-B,"1,2-Cinnolinedicarboxylic acid, 1,2,3,5,6,7,8,8a-octahydro-4-trimethylsilyloxy-, diethyl ester",,,0,,,2,,,1,1.0,0.0,3,0,+,0.0
ENSMUSG00000020905-B,"13-Docosenamide, (Z)",,,0,,,0,1.0,0.0,3,1.0,0.0,3,1,+,0.0
ENSMUSG00000020905-B,2-Aminoquinolin-8-ol,,,1,,,1,,,1,1.0,0.0,3,0,+,0.0
ENSMUSG00000020905-B,"3-Hydroxy-7,3',4',5'-tetramethoxyflavone",,,2,,,0,,,1,-1.0,0.0,3,0,-,0.0
ENSMUSG00000020905-B,cis-2-Decenoic acid,,,1,,,0,,,2,-1.0,0.0,3,0,-,0.0
ENSMUSG00000020905-B,L-(+)-Threose,,,0,,,0,1.0,0.0,3,1.0,0.0,3,1,+,0.0
ENSMUSG00000020905-B,Tyr-Val,,,2,,,1,,,0,-1.0,0.0,3,0,-,0.0
ENSMUSG00000020917-B,"(9H-fluoren-9-yl)methanol, O-methoxycarbonyl-",-0.5,0.6666666666666667,3,-1.0,0.0,3,-0.8986451052612952,0.0148886220055803,6,-0.824566479341442,0.0009669805587122,12,3,-,0.040162121418976876
ENSMUSG00000020917-B,"1,2-Bis(trimethylsiloxy)cyclohexene",,,1,,,2,,,0,1.0,0.0,3,0,+,0.0
ENSMUSG00000020917-B,"2-Allyl-1,4-dimethoxybenzene",-1.0,0.0,3,-0.8660254037844387,0.3333333333333332,3,-0.7714285714285715,0.0723965014577259,6,-0.8662186627009184,0.0002684429107992,12,3,-,0.011619325569998389
ENSMUSG00000020917-B,2-Aminoquinolin-8-ol,,,1,,,1,,,1,1.0,0.0,3,0,+,0.0
ENSMUSG00000020917-B,"3,4-Dihydroxybenzaldehyde",-1.0,0.0,3,,,0,,,0,-1.0,0.0,3,1,-,0.0
ENSMUSG00000020917-B,L-(+)-Threose,,,0,,,0,1.0,0.0,3,1.0,0.0,3,1,+,0.0
ENSMUSG00000020917-B,L-Val-L-Leu,,,0,,,0,-1.0,0.0,3,-1.0,0.0,3,1,-,0.0
ENSMUSG00000020917-B,"Phenol, 2,4-bis(1-methyl-1-phenylethyl)-",-1.0,0.0,3,-1.0,0.0,3,-0.6,0.2079999999999998,6,-0.8826633501063164,0.0001433968186023,12,3,-,0.006257361882564245
ENSMUSG00000020917-B,Tyr-Val,,,2,,,1,,,0,1.0,0.0,3,0,+,0.0
ENSMUSG00000020963-B,"2-Allyl-1,4-dimethoxybenzene",1.0,0.0,3,0.8660254037844387,0.3333333333333332,3,0.6982532518267538,0.1228394633733959,6,0.892524716760131,9.405227834324868e-05,12,3,+,0.004112868083831985
ENSMUSG00000020963-B,"3,4-Dihydroxybenzaldehyde",1.0,0.0,3,,,0,,,0,1.0,0.0,3,1,+,0.0
ENSMUSG00000020963-B,"Benzene, 1-ethyl-3,5-dimethyl",,,1,,,1,,,2,-1.0,0.0,4,0,-,0.0
ENSMUSG00000020963-B,Diclofenac,,,1,,,2,,,1,1.0,0.0,4,0,+,0.0
ENSMUSG00000020963-B,"N-[(3,4,5-Trimethoxyphenyl)methylidene]hydroxylamine",,,0,,,0,-1.0,0.0,3,-1.0,0.0,3,1,-,0.0
ENSMUSG00000020963-B,Octadecanoic acid,,,2,,,1,,,0,1.0,0.0,3,0,+,0.0
ENSMUSG00000020963-B,Tyr-Val,,,2,,,1,,,0,-1.0,0.0,3,0,-,0.0
ENSMUSG00000021044-B,"1,2-Bis(trimethylsiloxy)cyclohexene",,,1,,,2,,,0,-1.0,0.0,3,0,-,0.0
ENSMUSG00000021044-B,"1,2-Cyclohexanediol, (Z)",,,2,-1.0,0.0,3,-0.8986451052612952,0.0148886220055803,6,-0.855855407918109,0.000776030434046,11,2,-,0.032660597809934626
ENSMUSG00000021044-B,2-Aminoquinolin-8-ol,,,1,,,1,,,1,1.0,0.0,3,0,+,0.0
ENSMUSG00000021044-B,"2-Methylcyclohexanol, (Z)",-0.5,0.6666666666666667,3,-0.8660254037844387,0.3333333333333332,3,-0.753702346348183,0.0835232813732598,6,-0.8516379587519646,0.0004388739668845,12,3,-,0.018765592969874022
ENSMUSG00000021044-B,"3,3-Dimethylacrylic acid",,,1,,,1,,,2,1.0,0.0,4,0,+,0.0
ENSMUSG00000021044-B,"3-Hydroxy-7,3',4',5'-tetramethoxyflavone",,,2,,,0,,,1,-1.0,0.0,3,0,-,0.0
ENSMUSG00000021044-B,Chlorobenzilate,,,0,,,2,,,2,-1.0,0.0,4,0,-,0.0
ENSMUSG00000021044-B,cis-2-Decenoic acid,,,1,,,0,,,2,-1.0,0.0,3,0,-,0.0
ENSMUSG00000021125-B,"13-Docosenamide, (Z)",,,0,,,0,-1.0,0.0,3,-1.0,0.0,3,1,-,0.0
ENSMUSG00000021125-B,2-Norbornanemethanol,,,0,,,1,,,2,-1.0,0.0,3,0,-,0.0
ENSMUSG00000021125-B,"3-Hydroxy-7,3',4',5'-tetramethoxyflavone",,,2,,,0,,,1,1.0,0.0,3,0,+,0.0
ENSMUSG00000021125-B,Isosorbide,1.0,0.0,3,,,0,,,0,1.0,0.0,3,1,+,0.0
ENSMUSG00000021125-B,Luciferin,,,1,,,2,,,1,1.0,0.0,4,0,+,0.0
ENSMUSG00000021483-B,2-Aminoquinolin-8-ol,,,1,,,1,,,1,1.0,0.0,3,0,+,0.0
ENSMUSG00000021483-B,"3,4-Dihydroxybenzaldehyde",-1.0,0.0,3,,,0,,,0,-1.0,0.0,3,1,-,0.0
ENSMUSG00000021483-B,Chlorobenzilate,,,0,,,2,,,2,-1.0,0.0,4,0,-,0.0
ENSMUSG00000021483-B,L-(+)-Threose,,,0,,,0,-1.0,0.0,3,-1.0,0.0,3,1,-,0.0
ENSMUSG00000021483-B,Tyr-Val,,,2,,,1,,,0,1.0,0.0,3,0,+,0.0
ENSMUSG00000021607-B,"(2R)-Pyrrolidine-1,2-dicarboxylic acid, bis(tert-butyldimethylsilyl) ester",-0.5,0.6666666666666667,3,-1.0,0.0,3,-0.8696565534786727,0.0243768916856907,6,-0.8931712471313915,9.13597479321015e-05,12,3,-,0.003996543037867542
ENSMUSG00000021607-B,"1,2-Bis(trimethylsiloxy)cyclohexene",,,1,,,2,,,0,-1.0,0.0,3,0,-,0.0
ENSMUSG00000021607-B,2-Aminoquinolin-8-ol,,,1,,,1,,,1,1.0,0.0,3,0,+,0.0
ENSMUSG00000021607-B,Chlorobenzilate,,,0,,,2,,,2,-1.0,0.0,4,0,-,0.0
ENSMUSG00000021607-B,L-(+)-Threose,,,0,,,0,-1.0,0.0,3,-1.0,0.0,3,1,-,0.0
ENSMUSG00000021607-B,Octacosanol,,,1,,,2,-0.7999999999999999,0.2,4,-0.9549937104572924,0.0008055353363017,7,1,-,0.033741033138157205
ENSMUSG00000021607-B,Octadecanoic acid,,,2,,,1,,,0,-1.0,0.0,3,0,-,0.0
ENSMUSG00000021607-B,Sulindac,,,0,,,2,-1.0,0.0,3,-1.0,1.4042654220543672e-24,5,1,-,6.180272427134274e-23
ENSMUSG00000021661-B,"2,4-Dimethoxybenzaldoxime",,,1,,,0,,,2,-1.0,0.0,3,0,-,0.0
ENSMUSG00000021661-B,2-Aminoquinolin-8-ol,,,1,,,1,,,1,1.0,0.0,3,0,+,0.0
ENSMUSG00000021661-B,2-Butoxyethanol,-0.5,0.6666666666666667,3,-0.5,0.6666666666666667,3,-0.8285714285714287,0.0415626822157433,6,-0.8686528207395494,0.0002459421331757,12,3,-,0.010664127048290468
ENSMUSG00000021661-B,"3,4-Dihydroxybenzaldehyde",-1.0,0.0,3,,,0,,,0,-1.0,0.0,3,1,-,0.0
ENSMUSG00000021661-B,7-Hydroxy-4-(methoxymethyl)coumarin,,,1,,,0,-1.0,0.0,3,-1.0,0.0,4,1,-,0.0
ENSMUSG00000021661-B,cis-2-Decenoic acid,,,1,,,0,,,2,-1.0,0.0,3,0,-,0.0
ENSMUSG00000021661-B,L-(+)-Threose,,,0,,,0,-1.0,0.0,3,-1.0,0.0,3,1,-,0.0
ENSMUSG00000021661-B,Luciferin,,,1,,,2,,,1,-1.0,0.0,4,0,-,0.0
ENSMUSG00000021786-B,2-Aminoquinolin-8-ol,,,1,,,1,,,1,1.0,0.0,3,0,+,0.0
ENSMUSG00000021786-B,"3-Hydroxy-7,3',4',5'-tetramethoxyflavone",,,2,,,0,,,1,-1.0,0.0,3,0,-,0.0
ENSMUSG00000021786-B,3-Methyl-3-buten-1-ol,,,2,,,2,1.0,0.0,4,0.9518763181059628,0.0002686632598483,8,1,+,0.011624780024966997
ENSMUSG00000021786-B,cis-2-Decenoic acid,,,1,,,0,,,2,-1.0,0.0,3,0,-,0.0
ENSMUSG00000021786-B,L-(+)-Threose,,,0,,,0,1.0,0.0,3,1.0,0.0,3,1,+,0.0
ENSMUSG00000021786-B,L-Val-L-Leu,,,0,,,0,-1.0,0.0,3,-1.0,0.0,3,1,-,0.0
ENSMUSG00000021786-B,Tyr-Val,,,2,,,1,,,0,-1.0,0.0,3,0,-,0.0
ENSMUSG00000021843-B,"1,2-Bis(trimethylsiloxy)cyclohexene",,,1,,,2,,,0,1.0,0.0,3,0,+,0.0
ENSMUSG00000021843-B,"1,2-Cinnolinedicarboxylic acid, 1,2,3,5,6,7,8,8a-octahydro-4-trimethylsilyloxy-, diethyl ester",,,0,,,2,,,1,1.0,0.0,3,0,+,0.0
ENSMUSG00000021843-B,"2,4-Dimethoxybenzaldoxime",,,1,,,0,,,2,1.0,0.0,3,0,+,0.0
ENSMUSG00000021843-B,cis-2-Decenoic acid,,,1,,,0,,,2,-1.0,0.0,3,0,-,0.0
ENSMUSG00000021843-B,L-(+)-Threose,,,0,,,0,-1.0,0.0,3,-1.0,0.0,3,1,-,0.0
ENSMUSG00000021843-B,"N-[(3,4,5-Trimethoxyphenyl)methylidene]hydroxylamine",,,0,,,0,-1.0,0.0,3,-1.0,0.0,3,1,-,0.0
ENSMUSG00000021843-B,Octadecanoic acid,,,2,,,1,,,0,1.0,0.0,3,0,+,0.0
ENSMUSG00000021903-B,"1,2-Cinnolinedicarboxylic acid, 1,2,3,5,6,7,8,8a-octahydro-4-trimethylsilyloxy-, diethyl ester",,,0,,,2,,,1,-1.0,0.0,3,0,-,0.0
ENSMUSG00000021903-B,"13-Docosenamide, (Z)",,,0,,,0,1.0,0.0,3,1.0,0.0,3,1,+,0.0
ENSMUSG00000021903-B,2-Aminoquinolin-8-ol,,,1,,,1,,,1,1.0,0.0,3,0,+,0.0
ENSMUSG00000021903-B,"3,4-Dihydroxybenzaldehyde",-1.0,0.0,3,,,0,,,0,-1.0,0.0,3,1,-,0.0
ENSMUSG00000021903-B,cis-2-Decenoic acid,,,1,,,0,,,2,-1.0,0.0,3,0,-,0.0
ENSMUSG00000021903-B,"l-Leucine, n-butoxycarbonyl-N-methyl-, hexadecyl ester",,,2,,,2,,,0,1.0,0.0,4,0,+,0.0
ENSMUSG00000021948-B,"2,4-Dimethoxybenzaldoxime",,,1,,,0,,,2,1.0,0.0,3,0,+,0.0
ENSMUSG00000021948-B,2-Aminoquinolin-8-ol,,,1,,,1,,,1,1.0,0.0,3,0,+,0.0
ENSMUSG00000021948-B,cis-2-Decenoic acid,,,1,,,0,,,2,-1.0,0.0,3,0,-,0.0
ENSMUSG00000021948-B,Isosorbide,1.0,0.0,3,,,0,,,0,1.0,0.0,3,1,+,0.0
ENSMUSG00000021948-B,L-Val-L-Leu,,,0,,,0,-1.0,0.0,3,-1.0,0.0,3,1,-,0.0
ENSMUSG00000022132-B,"(2R)-Pyrrolidine-1,2-dicarboxylic acid, bis(tert-butyldimethylsilyl) ester",0.5,0.6666666666666667,3,-1.0,0.0,3,-0.9856107606091624,0.0003090856678496,6,-0.8161133356141735,0.0012051543656321,12,3,-,0.04956712016179444
ENSMUSG00000022132-B,"1,2-Bis(trimethylsiloxy)cyclohexene",,,1,,,2,,,0,-1.0,0.0,3,0,-,0.0
ENSMUSG00000022132-B,"13-Docosenamide, (Z)",,,0,,,0,-1.0,0.0,3,-1.0,0.0,3,1,-,0.0
ENSMUSG00000022132-B,"3,3-Dimethylacrylic acid",,,1,,,1,,,2,1.0,0.0,4,0,+,0.0
ENSMUSG00000022132-B,"3,4-Dihydroxybenzaldehyde",-1.0,0.0,3,,,0,,,0,-1.0,0.0,3,1,-,0.0
ENSMUSG00000022132-B,7-Hydroxy-4-(methoxymethyl)coumarin,,,1,,,0,-1.0,0.0,3,-1.0,0.0,4,1,-,0.0
ENSMUSG00000022132-B,Chlorobenzilate,,,0,,,2,,,2,-1.0,0.0,4,0,-,0.0
ENSMUSG00000022132-B,L-(+)-Threose,,,0,,,0,-1.0,0.0,3,-1.0,0.0,3,1,-,0.0
ENSMUSG00000022132-B,L-Ornithine,,,2,,,1,,,1,1.0,0.0,4,0,+,0.0
ENSMUSG00000022132-B,Octadecanoic acid,,,2,,,1,,,0,-1.0,0.0,3,0,-,0.0
ENSMUSG00000022148-B,"1,2-Cinnolinedicarboxylic acid, 1,2,3,5,6,7,8,8a-octahydro-4-trimethylsilyloxy-, diethyl ester",,,0,,,2,,,1,1.0,0.0,3,0,+,0.0
ENSMUSG00000022148-B,2-Aminoquinolin-8-ol,,,1,,,1,,,1,-1.0,0.0,3,0,-,0.0
ENSMUSG00000022148-B,"4,5-Dihydro-1H-pyrazole",,,1,,,2,,,1,-1.0,0.0,4,0,-,0.0
ENSMUSG00000022148-B,Chlorobenzilate,,,0,,,2,,,2,1.0,0.0,4,0,+,0.0
ENSMUSG00000022148-B,Isosorbide,-1.0,0.0,3,,,0,,,0,-1.0,0.0,3,1,-,0.0
ENSMUSG00000022148-B,L-(+)-Threose,,,0,,,0,-1.0,0.0,3,-1.0,0.0,3,1,-,0.0
ENSMUSG00000022148-B,"N-[(3,4,5-Trimethoxyphenyl)methylidene]hydroxylamine",,,0,,,0,-1.0,0.0,3,-1.0,0.0,3,1,-,0.0
ENSMUSG00000022148-B,Tyr-Val,,,2,,,1,,,0,1.0,0.0,3,0,+,0.0
ENSMUSG00000022468-B,"1,2-Bis(trimethylsiloxy)cyclohexene",,,1,,,2,,,0,1.0,0.0,3,0,+,0.0
ENSMUSG00000022468-B,"1,2-Cinnolinedicarboxylic acid, 1,2,3,5,6,7,8,8a-octahydro-4-trimethylsilyloxy-, diethyl ester",,,0,,,2,,,1,-1.0,0.0,3,0,-,0.0
ENSMUSG00000022468-B,2-Aminoquinolin-8-ol,,,1,,,1,,,1,1.0,0.0,3,0,+,0.0
ENSMUSG00000022468-B,2-Norbornanemethanol,,,0,,,1,,,2,-1.0,0.0,3,0,-,0.0
ENSMUSG00000022468-B,"3,4-Dihydroxybenzaldehyde",-1.0,0.0,3,,,0,,,0,-1.0,0.0,3,1,-,0.0
ENSMUSG00000022468-B,7-Hydroxy-4-(methoxymethyl)coumarin,,,1,,,0,-1.0,0.0,3,-1.0,0.0,4,1,-,0.0
ENSMUSG00000022468-B,L-Val-L-Leu,,,0,,,0,-1.0,0.0,3,-1.0,0.0,3,1,-,0.0
ENSMUSG00000022505-B,"1,2-Cinnolinedicarboxylic acid, 1,2,3,5,6,7,8,8a-octahydro-4-trimethylsilyloxy-, diethyl ester",,,0,,,2,,,1,1.0,0.0,3,0,+,0.0
ENSMUSG00000022505-B,"2,4,4'-Trihydroxybenzophenone",-0.5,0.6666666666666667,3,-1.0,0.0,3,-0.7714285714285715,0.0723965014577259,6,-0.8421104469870047,0.0005890784331518,12,3,-,0.02499729177592848
ENSMUSG00000022505-B,2-Aminoquinolin-8-ol,,,1,,,1,,,1,-1.0,0.0,3,0,-,0.0
ENSMUSG00000022505-B,"3,4-Dihydroxybenzaldehyde",-1.0,0.0,3,,,0,,,0,-1.0,0.0,3,1,-,0.0
ENSMUSG00000022505-B,"3-Hydroxy-7,3',4',5'-tetramethoxyflavone",,,2,,,0,,,1,1.0,0.0,3,0,+,0.0
ENSMUSG00000022505-B,L-(+)-Threose,,,0,,,0,-1.0,0.0,3,-1.0,0.0,3,1,-,0.0
ENSMUSG00000022505-B,L-Val-L-Leu,,,0,,,0,-1.0,0.0,3,-1.0,0.0,3,1,-,0.0
ENSMUSG00000022505-B,Tyr-Val,,,2,,,1,,,0,1.0,0.0,3,0,+,0.0
ENSMUSG00000022505-B,Xylazine,-1.0,0.0,3,-1.0,0.0,3,-0.7142857142857143,0.1107871720116617,6,-0.8260220258923994,0.0009299382231056,12,3,-,0.03875423984893578
ENSMUSG00000022674-B,"1,2-Bis(trimethylsiloxy)cyclohexene",,,1,,,2,,,0,-1.0,0.0,3,0,-,0.0
ENSMUSG00000022674-B,"1,2-Cinnolinedicarboxylic acid, 1,2,3,5,6,7,8,8a-octahydro-4-trimethylsilyloxy-, diethyl ester",,,0,,,2,,,1,-1.0,0.0,3,0,-,0.0
ENSMUSG00000022674-B,"3-Hydroxy-7,3',4',5'-tetramethoxyflavone",,,2,,,0,,,1,-1.0,0.0,3,0,-,0.0
ENSMUSG00000022674-B,4-tert-Butyldimethylsiloxy-3-penten-2-one,,,0,,,0,-1.0,0.0,4,-1.0,0.0,4,1,-,0.0
ENSMUSG00000022674-B,Glycine,-1.0,0.0,3,-0.5,0.6666666666666667,3,-0.7826908981308054,0.065703848071589,6,-0.8596544146325672,0.0003371762500534,12,3,-,0.014452253667506255
ENSMUSG00000022674-B,Isosorbide,-1.0,0.0,3,,,0,,,0,-1.0,0.0,3,1,-,0.0
ENSMUSG00000022674-B,L-Val-L-Leu,,,0,,,0,-1.0,0.0,3,-1.0,0.0,3,1,-,0.0
ENSMUSG00000022674-B,"N-[(3,4,5-Trimethoxyphenyl)methylidene]hydroxylamine",,,0,,,0,-1.0,0.0,3,-1.0,0.0,3,1,-,0.0
ENSMUSG00000022674-B,Octadecanoic acid,,,2,,,1,,,0,-1.0,0.0,3,0,-,0.0
ENSMUSG00000022718-B,"3,4-Dihydroxybenzaldehyde",1.0,0.0,3,,,0,,,0,1.0,0.0,3,1,+,0.0
ENSMUSG00000022718-B,"3-Hydroxy-7,3',4',5'-tetramethoxyflavone",,,2,,,0,,,1,-1.0,0.0,3,0,-,0.0
ENSMUSG00000022718-B,"Benzene, 1-ethyl-3,5-dimethyl",,,1,,,1,,,2,1.0,0.0,4,0,+,0.0
ENSMUSG00000022718-B,L-Val-L-Leu,,,0,,,0,1.0,0.0,3,1.0,0.0,3,1,+,0.0
ENSMUSG00000022718-B,"N-[(3,4,5-Trimethoxyphenyl)methylidene]hydroxylamine",,,0,,,0,1.0,0.0,3,1.0,0.0,3,1,+,0.0
ENSMUSG00000022718-B,Tyr-Val,,,2,,,1,,,0,-1.0,0.0,3,0,-,0.0
ENSMUSG00000022765-B,"1,2-Bis(trimethylsiloxy)cyclohexene",,,1,,,2,,,0,1.0,0.0,3,0,+,0.0
ENSMUSG00000022765-B,"13-Docosenamide, (Z)",,,0,,,0,1.0,0.0,3,1.0,0.0,3,1,+,0.0
ENSMUSG00000022765-B,"3-Hydroxy-7,3',4',5'-tetramethoxyflavone",,,2,,,0,,,1,1.0,0.0,3,0,+,0.0
ENSMUSG00000022765-B,cis-2-Decenoic acid,,,1,,,0,,,2,-1.0,0.0,3,0,-,0.0
ENSMUSG00000022765-B,Luciferin,,,1,,,2,,,1,-1.0,0.0,4,0,-,0.0
ENSMUSG00000022789-B,"1,2-Cinnolinedicarboxylic acid, 1,2,3,5,6,7,8,8a-octahydro-4-trimethylsilyloxy-, diethyl ester",,,0,,,2,,,1,-1.0,0.0,3,0,-,0.0
ENSMUSG00000022789-B,"3,4-Dihydroxybenzaldehyde",1.0,0.0,3,,,0,,,0,1.0,0.0,3,1,+,0.0
ENSMUSG00000022789-B,"3-Hydroxy-7,3',4',5'-tetramethoxyflavone",,,2,,,0,,,1,-1.0,0.0,3,0,-,0.0
ENSMUSG00000022789-B,4-Methylvaleric acid,1.0,0.0,3,1.0,0.0,3,0.7,0.1881204043741872,5,0.8909090909090911,0.0002334581703787,11,3,+,0.01013708609435067
ENSMUSG00000022789-B,cis-2-Decenoic acid,,,1,,,0,,,2,-1.0,0.0,3,0,-,0.0
ENSMUSG00000022789-B,L-Val-L-Leu,,,0,,,0,-1.0,0.0,3,-1.0,0.0,3,1,-,0.0
ENSMUSG00000022789-B,Tyr-Val,,,2,,,1,,,0,-1.0,0.0,3,0,-,0.0
ENSMUSG00000022790-B,"1,2-Bis(trimethylsiloxy)cyclohexene",,,1,,,2,,,0,1.0,0.0,3,0,+,0.0
ENSMUSG00000022790-B,"13-Docosenamide, (Z)",,,0,,,0,-1.0,0.0,3,-1.0,0.0,3,1,-,0.0
ENSMUSG00000022790-B,"3,4-Dihydroxybenzaldehyde",1.0,0.0,3,,,0,,,0,1.0,0.0,3,1,+,0.0
ENSMUSG00000022790-B,"3-Hydroxy-7,3',4',5'-tetramethoxyflavone",,,2,,,0,,,1,-1.0,0.0,3,0,-,0.0
ENSMUSG00000022790-B,Octadecanoic acid,,,2,,,1,,,0,1.0,0.0,3,0,+,0.0
ENSMUSG00000022790-B,Palmitic Acid,1.0,0.0,3,,,2,1.0,0.0,4,0.95,8.762523965086177e-05,9,2,+,0.0038345377422498916
ENSMUSG00000022855-B,"1,2-Cinnolinedicarboxylic acid, 1,2,3,5,6,7,8,8a-octahydro-4-trimethylsilyloxy-, diethyl ester",,,0,,,2,,,1,-1.0,0.0,3,0,-,0.0
ENSMUSG00000022855-B,"13-Docosenamide, (Z)",,,0,,,0,1.0,0.0,3,1.0,0.0,3,1,+,0.0
ENSMUSG00000022855-B,2-Aminoquinolin-8-ol,,,1,,,1,,,1,1.0,0.0,3,0,+,0.0
ENSMUSG00000022855-B,2-Norbornanemethanol,,,0,,,1,,,2,-1.0,0.0,3,0,-,0.0
ENSMUSG00000022855-B,7-Hydroxy-4-(methoxymethyl)coumarin,,,1,,,0,-1.0,0.0,3,-1.0,0.0,4,1,-,0.0
ENSMUSG00000022855-B,cis-2-Decenoic acid,,,1,,,0,,,2,-1.0,0.0,3,0,-,0.0
ENSMUSG00000022855-B,Isosorbide,1.0,0.0,3,,,0,,,0,1.0,0.0,3,1,+,0.0
ENSMUSG00000022863-B,"2,4-Dimethoxybenzaldoxime",,,1,,,0,,,2,-1.0,0.0,3,0,-,0.0
ENSMUSG00000022863-B,Isosorbide,-1.0,0.0,3,,,0,,,0,-1.0,0.0,3,1,-,0.0
ENSMUSG00000022863-B,"N-[(3,4,5-Trimethoxyphenyl)methylidene]hydroxylamine",,,0,,,0,-1.0,0.0,3,-1.0,0.0,3,1,-,0.0
ENSMUSG00000022876-B,"1,2-Bis(trimethylsiloxy)cyclohexene",,,1,,,2,,,0,-1.0,0.0,3,0,-,0.0
ENSMUSG00000022876-B,2-Aminoquinolin-8-ol,,,1,,,1,,,1,1.0,0.0,3,0,+,0.0
ENSMUSG00000022876-B,"3,4-Dihydroxybenzaldehyde",-1.0,0.0,3,,,0,,,0,-1.0,0.0,3,1,-,0.0
ENSMUSG00000022876-B,7-Hydroxy-4-(methoxymethyl)coumarin,,,1,,,0,-1.0,0.0,3,-1.0,0.0,4,1,-,0.0
ENSMUSG00000022876-B,"N-[(3,4,5-Trimethoxyphenyl)methylidene]hydroxylamine",,,0,,,0,-1.0,0.0,3,-1.0,0.0,3,1,-,0.0
ENSMUSG00000022876-B,Octadecanoic acid,,,2,,,1,,,0,-1.0,0.0,3,0,-,0.0
ENSMUSG00000023186-B,"13-Docosenamide, (Z)",,,0,,,0,-1.0,0.0,3,-1.0,0.0,3,1,-,0.0
ENSMUSG00000023186-B,"2,4-Dimethoxybenzaldoxime",,,1,,,0,,,2,-1.0,0.0,3,0,-,0.0
ENSMUSG00000023186-B,2-Aminoquinolin-8-ol,,,1,,,1,,,1,-1.0,0.0,3,0,-,0.0
ENSMUSG00000023186-B,"2-Cyclohexen-1-one, 3-methyl-",-1.0,0.0,3,-0.5,0.6666666666666667,3,-0.7142857142857143,0.1107871720116617,6,-0.8161133356141735,0.0012051543656321,12,3,-,0.04956712016179444
ENSMUSG00000023186-B,"Benzene, 1-ethyl-3,5-dimethyl",,,1,,,1,,,2,-1.0,0.0,4,0,-,0.0
ENSMUSG00000023186-B,Chlorobenzilate,,,0,,,2,,,2,-1.0,0.0,4,0,-,0.0
ENSMUSG00000023186-B,cis-2-Decenoic acid,,,1,,,0,,,2,1.0,0.0,3,0,+,0.0
ENSMUSG00000023186-B,Isosorbide,1.0,0.0,3,,,0,,,0,1.0,0.0,3,1,+,0.0
ENSMUSG00000023186-B,L-(+)-Threose,,,0,,,0,-1.0,0.0,3,-1.0,0.0,3,1,-,0.0
ENSMUSG00000023186-B,Luciferin,,,1,,,2,,,1,1.0,0.0,4,0,+,0.0
ENSMUSG00000023186-B,Octadecanoic acid,,,2,,,1,,,0,1.0,0.0,3,0,+,0.0
ENSMUSG00000023707-B,"1,2-Bis(trimethylsiloxy)cyclohexene",,,1,,,2,,,0,1.0,0.0,3,0,+,0.0
ENSMUSG00000023707-B,"1,2-Cinnolinedicarboxylic acid, 1,2,3,5,6,7,8,8a-octahydro-4-trimethylsilyloxy-, diethyl ester",,,0,,,2,,,1,-1.0,0.0,3,0,-,0.0
ENSMUSG00000023707-B,"13-Docosenamide, (Z)",,,0,,,0,-1.0,0.0,3,-1.0,0.0,3,1,-,0.0
ENSMUSG00000023707-B,"2,4-Imidazolidinedione, 5,5-dimethyl",1.0,0.0,3,0.5,0.6666666666666667,3,0.8116794499134279,0.0498575851013403,6,0.8736895887490173,0.0002040597983505,12,3,+,0.008876205065560224
ENSMUSG00000023707-B,2-Norbornanemethanol,,,0,,,1,,,2,-1.0,0.0,3,0,-,0.0
ENSMUSG00000023707-B,"3,4-Dihydroxybenzaldehyde",1.0,0.0,3,,,0,,,0,1.0,0.0,3,1,+,0.0
ENSMUSG00000023707-B,"3-Hydroxy-7,3',4',5'-tetramethoxyflavone",,,2,,,0,,,1,-1.0,0.0,3,0,-,0.0
ENSMUSG00000023707-B,Diclofenac,,,1,,,2,,,1,1.0,0.0,4,0,+,0.0
ENSMUSG00000023707-B,"Kojic acid, bis(tert-butyldimethylsilyl) ether",1.0,0.0,3,0.5,0.6666666666666667,3,0.8285714285714287,0.0415626822157433,6,0.8741258741258742,0.0002007130733242,12,3,+,0.008733711873496175
ENSMUSG00000023707-B,L-Serine,1.0,0.0,3,,,1,,,1,1.0,1.4042654220543672e-24,5,1,+,6.180272427134274e-23
ENSMUSG00000023707-B,Octadecanoic acid,,,2,,,1,,,0,1.0,0.0,3,0,+,0.0
ENSMUSG00000023707-B,Tyr-Val,,,2,,,1,,,0,-1.0,0.0,3,0,-,0.0
ENSMUSG00000023960-B,"13-Docosenamide, (Z)",,,0,,,0,-1.0,0.0,3,-1.0,0.0,3,1,-,0.0
ENSMUSG00000023960-B,2-Aminoquinolin-8-ol,,,1,,,1,,,1,1.0,0.0,3,0,+,0.0
ENSMUSG00000023960-B,"3,4-Dihydroxybenzaldehyde",1.0,0.0,3,,,0,,,0,1.0,0.0,3,1,+,0.0
ENSMUSG00000023960-B,"3-Hydroxy-7,3',4',5'-tetramethoxyflavone",,,2,,,0,,,1,-1.0,0.0,3,0,-,0.0
ENSMUSG00000023960-B,"4,5-Dihydro-1H-pyrazole",,,1,,,2,,,1,1.0,0.0,4,0,+,0.0
ENSMUSG00000023960-B,7-Hydroxy-4-(methoxymethyl)coumarin,,,1,,,0,-1.0,0.0,3,-1.0,0.0,4,1,-,0.0
ENSMUSG00000023960-B,L-(+)-Threose,,,0,,,0,-1.0,0.0,3,-1.0,0.0,3,1,-,0.0
ENSMUSG00000023960-B,Luciferin,,,1,,,2,,,1,-1.0,0.0,4,0,-,0.0
ENSMUSG00000023960-B,Octacosanol,,,1,,,2,-0.7999999999999999,0.2,4,-0.9549937104572924,0.0008055353363017,7,1,-,0.033741033138157205
ENSMUSG00000023960-B,Sulindac,,,0,,,2,-1.0,0.0,3,-1.0,1.4042654220543672e-24,5,1,-,6.180272427134274e-23
ENSMUSG00000023960-B,Tyr-Val,,,2,,,1,,,0,-1.0,0.0,3,0,-,0.0
ENSMUSG00000024140-B,"1,2-Bis(trimethylsiloxy)cyclohexene",,,1,,,2,,,0,1.0,0.0,3,0,+,0.0
ENSMUSG00000024140-B,3-(4-Methoxyphenyl)coumarin,,,1,,,0,1.0,0.0,3,1.0,0.0,4,1,+,0.0
ENSMUSG00000024140-B,"3,4-Dihydroxybenzaldehyde",-1.0,0.0,3,,,0,,,0,-1.0,0.0,3,1,-,0.0
ENSMUSG00000024140-B,Chlorobenzilate,,,0,,,2,,,2,1.0,0.0,4,0,+,0.0
ENSMUSG00000024140-B,L-(+)-Threose,,,0,,,0,-1.0,0.0,3,-1.0,0.0,3,1,-,0.0
ENSMUSG00000024164-B,"1-(2,5-Dimethoxyphenyl)-1-[(trimethylsilyl)oxy]propan-2-amine",1.0,0.0,3,0.5,0.6666666666666667,3,0.8986451052612952,0.0148886220055803,6,0.8359905377283482,0.0007047487186867,12,3,+,0.02973166196636838
ENSMUSG00000024164-B,"13-Docosenamide, (Z)",,,0,,,0,-1.0,0.0,3,-1.0,0.0,3,1,-,0.0
ENSMUSG00000024164-B,"3,3-Dimethylacrylic acid",,,1,,,1,,,2,-1.0,0.0,4,0,-,0.0
ENSMUSG00000024164-B,"3-Hydroxy-7,3',4',5'-tetramethoxyflavone",,,2,,,0,,,1,1.0,0.0,3,0,+,0.0
ENSMUSG00000024164-B,"4,5-Dihydro-1H-pyrazole",,,1,,,2,,,1,-1.0,0.0,4,0,-,0.0
ENSMUSG00000024172-B,3-(4-Methoxyphenyl)coumarin,,,1,,,0,1.0,0.0,3,1.0,0.0,4,1,+,0.0
ENSMUSG00000024172-B,cis-2-Decenoic acid,,,1,,,0,,,2,-1.0,0.0,3,0,-,0.0
ENSMUSG00000024172-B,Glabridin,,,2,,,1,,,1,1.0,0.0,4,0,+,0.0
ENSMUSG00000024172-B,Isosorbide,1.0,0.0,3,,,0,,,0,1.0,0.0,3,1,+,0.0
ENSMUSG00000024172-B,L-(+)-Threose,,,0,,,0,-1.0,0.0,3,-1.0,0.0,3,1,-,0.0
ENSMUSG00000024172-B,L-Val-L-Leu,,,0,,,0,-1.0,0.0,3,-1.0,0.0,3,1,-,0.0
ENSMUSG00000024172-B,Octadecanoic acid,,,2,,,1,,,0,1.0,0.0,3,0,+,0.0
ENSMUSG00000024172-B,Tyr-Val,,,2,,,1,,,0,-1.0,0.0,3,0,-,0.0
ENSMUSG00000024220-B,1-Butanol,,,2,,,2,,,2,-0.9856107606091624,0.0003090856678496,6,0,-,0.013285185507187377
ENSMUSG00000024220-B,2-Norbornanemethanol,,,0,,,1,,,2,-1.0,0.0,3,0,-,0.0
ENSMUSG00000024220-B,"Benzene, 1-ethyl-3,5-dimethyl",,,1,,,1,,,2,-1.0,0.0,4,0,-,0.0
ENSMUSG00000024220-B,cis-2-Decenoic acid,,,1,,,0,,,2,-1.0,0.0,3,0,-,0.0
ENSMUSG00000024220-B,"N-[(3,4,5-Trimethoxyphenyl)methylidene]hydroxylamine",,,0,,,0,-1.0,0.0,3,-1.0,0.0,3,1,-,0.0
ENSMUSG00000024325-B,"1,2-Bis(trimethylsiloxy)cyclohexene",,,1,,,2,,,0,1.0,0.0,3,0,+,0.0
ENSMUSG00000024325-B,"13-Docosenamide, (Z)",,,0,,,0,1.0,0.0,3,1.0,0.0,3,1,+,0.0
ENSMUSG00000024325-B,"2,4-Dimethoxybenzaldoxime",,,1,,,0,,,2,1.0,0.0,3,0,+,0.0
ENSMUSG00000024325-B,"Benzene, 1-ethyl-3,5-dimethyl",,,1,,,1,,,2,1.0,0.0,4,0,+,0.0
ENSMUSG00000024325-B,Isosorbide,-1.0,0.0,3,,,0,,,0,-1.0,0.0,3,1,-,0.0
ENSMUSG00000024325-B,Luciferin,,,1,,,2,,,1,-1.0,0.0,4,0,-,0.0
ENSMUSG00000024500-B,"3,4-Dihydroxybenzaldehyde",1.0,0.0,3,,,0,,,0,1.0,0.0,3,1,+,0.0
ENSMUSG00000024500-B,cis-2-Decenoic acid,,,1,,,0,,,2,-1.0,0.0,3,0,-,0.0
ENSMUSG00000024500-B,L-(+)-Threose,,,0,,,0,-1.0,0.0,3,-1.0,0.0,3,1,-,0.0
ENSMUSG00000024500-B,Tyr-Val,,,2,,,1,,,0,-1.0,0.0,3,0,-,0.0
ENSMUSG00000024570-B,"13-Docosenamide, (Z)",,,0,,,0,-1.0,0.0,3,-1.0,0.0,3,1,-,0.0
ENSMUSG00000024570-B,"3,3-Dimethylacrylic acid",,,1,,,1,,,2,1.0,0.0,4,0,+,0.0
ENSMUSG00000024570-B,"4,5-Dihydro-1H-pyrazole",,,1,,,2,,,1,1.0,0.0,4,0,+,0.0
ENSMUSG00000024570-B,Isosorbide,1.0,0.0,3,,,0,,,0,1.0,0.0,3,1,+,0.0
ENSMUSG00000024570-B,L-Val-L-Leu,,,0,,,0,1.0,0.0,3,1.0,0.0,3,1,+,0.0
ENSMUSG00000024570-B,Tyr-Val,,,2,,,1,,,0,-1.0,0.0,3,0,-,0.0
ENSMUSG00000024576-B,"1,2-Cinnolinedicarboxylic acid, 1,2,3,5,6,7,8,8a-octahydro-4-trimethylsilyloxy-, diethyl ester",,,0,,,2,,,1,1.0,0.0,3,0,+,0.0
ENSMUSG00000024576-B,"Benzoic acid, methyl ester",-0.5,0.6666666666666667,3,-1.0,0.0,3,-0.8857142857142858,0.0188454810495626,6,-0.8181818181818183,0.001143105086804,12,3,-,0.047096235321583725
ENSMUSG00000024576-B,L-(+)-Threose,,,0,,,0,-1.0,0.0,3,-1.0,0.0,3,1,-,0.0
ENSMUSG00000024620-B,"13-Docosenamide, (Z)",,,0,,,0,-1.0,0.0,3,-1.0,0.0,3,1,-,0.0
ENSMUSG00000024620-B,2-Norbornanemethanol,,,0,,,1,,,2,1.0,0.0,3,0,+,0.0
ENSMUSG00000024620-B,"3,4-Dihydroxybenzaldehyde",-1.0,0.0,3,,,0,,,0,-1.0,0.0,3,1,-,0.0
ENSMUSG00000024620-B,8-Methylnonanoic acid,-1.0,0.0,3,-1.0,0.0,3,-0.8116794499134279,0.0498575851013403,6,-0.8421104469870047,0.0005890784331518,12,3,-,0.02499729177592848
ENSMUSG00000024620-B,Lupinine,,,1,,,1,-1.0,1.4042654220543672e-24,5,-0.9642857142857144,0.0004541491691941,7,1,-,0.019385106380252492
ENSMUSG00000024620-B,Tyr-Val,,,2,,,1,,,0,1.0,0.0,3,0,+,0.0
ENSMUSG00000025134-B,"1-(2,4-Dimethoxyphenyl)-propan-2-one",-1.0,0.0,3,-0.5,0.6666666666666667,3,-0.1118033988749894,0.8579446176050993,5,-0.862421616015649,0.0006354341943852,11,3,-,0.026862626337594578
ENSMUSG00000025134-B,"1,2-Bis(trimethylsiloxy)cyclohexene",,,1,,,2,,,0,-1.0,0.0,3,0,-,0.0
ENSMUSG00000025134-B,"2,4-Dimethoxybenzaldoxime",,,1,,,0,,,2,1.0,0.0,3,0,+,0.0
ENSMUSG00000025134-B,Chlorobenzilate,,,0,,,2,,,2,-1.0,0.0,4,0,-,0.0
ENSMUSG00000025134-B,Diclofenac,,,1,,,2,,,1,-1.0,0.0,4,0,-,0.0
ENSMUSG00000025134-B,Isosorbide,1.0,0.0,3,,,0,,,0,1.0,0.0,3,1,+,0.0
ENSMUSG00000025134-B,L-Val-L-Leu,,,0,,,0,1.0,0.0,3,1.0,0.0,3,1,+,0.0
ENSMUSG00000025134-B,"N-[(3,4,5-Trimethoxyphenyl)methylidene]hydroxylamine",,,0,,,0,-1.0,0.0,3,-1.0,0.0,3,1,-,0.0
ENSMUSG00000025134-B,tert-butyl(dimethyl)silyl-2-([tert-butyl(dimethyl)silyl]oxy)hex-2-enoate,,,0,,,0,1.0,0.0,4,1.0,0.0,4,1,+,0.0
ENSMUSG00000025340-B,2-Aminoquinolin-8-ol,,,1,,,1,,,1,1.0,0.0,3,0,+,0.0
ENSMUSG00000025340-B,"3-Hydroxy-7,3',4',5'-tetramethoxyflavone",,,2,,,0,,,1,-1.0,0.0,3,0,-,0.0
ENSMUSG00000025340-B,"Benzene, 1-ethyl-3,5-dimethyl",,,1,,,1,,,2,1.0,0.0,4,0,+,0.0
ENSMUSG00000025340-B,cis-2-Decenoic acid,,,1,,,0,,,2,-1.0,0.0,3,0,-,0.0
ENSMUSG00000025340-B,Formamide,-0.5,0.6666666666666667,3,-1.0,0.0,3,-0.9856107606091624,0.0003090856678496,6,-0.8476030024285035,0.0004983234592477,12,3,-,0.02121188251574925
ENSMUSG00000025340-B,L-(+)-Threose,,,0,,,0,1.0,0.0,3,1.0,0.0,3,1,+,0.0
ENSMUSG00000025340-B,L-Val-L-Leu,,,0,,,0,-1.0,0.0,3,-1.0,0.0,3,1,-,0.0
ENSMUSG00000025354-B,"(2R)-Pyrrolidine-1,2-dicarboxylic acid, bis(tert-butyldimethylsilyl) ester",0.5,0.6666666666666667,3,-1.0,0.0,3,-0.9276336570439176,0.0076658441874731,6,-0.8616475560561659,0.0003150070625274,12,3,-,0.013530261525009236
ENSMUSG00000025354-B,"1,2-Bis(trimethylsiloxy)cyclohexene",,,1,,,2,,,0,-1.0,0.0,3,0,-,0.0
ENSMUSG00000025354-B,"3,4-Dihydroxybenzaldehyde",-1.0,0.0,3,,,0,,,0,-1.0,0.0,3,1,-,0.0
ENSMUSG00000025354-B,7-Hydroxy-4-(methoxymethyl)coumarin,,,1,,,0,-1.0,0.0,3,-1.0,0.0,4,1,-,0.0
ENSMUSG00000025354-B,Chlorobenzilate,,,0,,,2,,,2,-1.0,0.0,4,0,-,0.0
ENSMUSG00000025354-B,Iminodiacetic acid,-0.5,0.6666666666666667,3,-0.5,0.6666666666666667,3,-0.8986451052612952,0.0148886220055803,6,-0.8315840663996671,0.0007983671028551,12,3,-,0.03352053767796728
ENSMUSG00000025354-B,L-(+)-Threose,,,0,,,0,-1.0,0.0,3,-1.0,0.0,3,1,-,0.0
ENSMUSG00000025354-B,L-Ornithine,,,2,,,1,,,1,1.0,0.0,4,0,+,0.0
ENSMUSG00000025354-B,Octadecanoic acid,,,2,,,1,,,0,-1.0,0.0,3,0,-,0.0
ENSMUSG00000025355-B,"3,4-Dihydroxybenzaldehyde",-1.0,0.0,3,,,0,,,0,-1.0,0.0,3,1,-,0.0
ENSMUSG00000025355-B,cis-2-Decenoic acid,,,1,,,0,,,2,-1.0,0.0,3,0,-,0.0
ENSMUSG00000025355-B,"N-[(3,4,5-Trimethoxyphenyl)methylidene]hydroxylamine",,,0,,,0,-1.0,0.0,3,-1.0,0.0,3,1,-,0.0
ENSMUSG00000025372-B,"1,2-Bis(trimethylsiloxy)cyclohexene",,,1,,,2,,,0,-1.0,0.0,3,0,-,0.0
ENSMUSG00000025372-B,"1,2-Cinnolinedicarboxylic acid, 1,2,3,5,6,7,8,8a-octahydro-4-trimethylsilyloxy-, diethyl ester",,,0,,,2,,,1,-1.0,0.0,3,0,-,0.0
ENSMUSG00000025372-B,"13-Docosenamide, (Z)",,,0,,,0,1.0,0.0,3,1.0,0.0,3,1,+,0.0
ENSMUSG00000025372-B,2-Norbornanemethanol,,,0,,,1,,,2,-1.0,0.0,3,0,-,0.0
ENSMUSG00000025372-B,"3,4-Dihydroxybenzaldehyde",1.0,0.0,3,,,0,,,0,1.0,0.0,3,1,+,0.0
ENSMUSG00000025372-B,Phenol,-1.0,0.0,3,-1.0,0.0,3,-0.6,0.2847569798652937,5,-0.9339431975353206,2.6028693621417774e-05,11,3,-,0.0011443153460461335
ENSMUSG00000025372-B,Tyr-Val,,,2,,,1,,,0,-1.0,0.0,3,0,-,0.0
ENSMUSG00000025466-B,"Benzene, 1-ethyl-3,5-dimethyl",,,1,,,1,,,2,1.0,0.0,4,0,+,0.0
ENSMUSG00000025466-B,cis-2-Decenoic acid,,,1,,,0,,,2,-1.0,0.0,3,0,-,0.0
ENSMUSG00000025466-B,L-(+)-Threose,,,0,,,0,1.0,0.0,3,1.0,0.0,3,1,+,0.0
ENSMUSG00000025466-B,Tyr-Val,,,2,,,1,,,0,1.0,0.0,3,0,+,0.0
ENSMUSG00000025510-B,"1,2-Cinnolinedicarboxylic acid, 1,2,3,5,6,7,8,8a-octahydro-4-trimethylsilyloxy-, diethyl ester",,,0,,,2,,,1,-1.0,0.0,3,0,-,0.0
ENSMUSG00000025510-B,2-Buten-1-ol,,,2,,,2,,,2,-1.0,0.0,6,0,-,0.0
ENSMUSG00000025510-B,2-Norbornanemethanol,,,0,,,1,,,2,-1.0,0.0,3,0,-,0.0
ENSMUSG00000025510-B,4-tert-Butyldimethylsiloxy-3-penten-2-one,,,0,,,0,1.0,0.0,4,1.0,0.0,4,1,+,0.0
ENSMUSG00000025510-B,"N-[(3,4,5-Trimethoxyphenyl)methylidene]hydroxylamine",,,0,,,0,1.0,0.0,3,1.0,0.0,3,1,+,0.0
ENSMUSG00000025510-B,Octacosanol,,,1,,,2,-1.0,0.0,4,-0.9910312089651148,1.4561252916129397e-05,7,1,-,0.000640622348038067
ENSMUSG00000025732-B,3-(4-Methoxyphenyl)coumarin,,,1,,,0,-1.0,0.0,3,-1.0,0.0,4,1,-,0.0
ENSMUSG00000025732-B,"3-Hydroxy-7,3',4',5'-tetramethoxyflavone",,,2,,,0,,,1,1.0,0.0,3,0,+,0.0
ENSMUSG00000025732-B,"Benzene, 1-ethyl-3,5-dimethyl",,,1,,,1,,,2,1.0,0.0,4,0,+,0.0
ENSMUSG00000025732-B,Chlorobenzilate,,,0,,,2,,,2,-1.0,0.0,4,0,-,0.0
ENSMUSG00000025732-B,L-(+)-Threose,,,0,,,0,1.0,0.0,3,1.0,0.0,3,1,+,0.0
ENSMUSG00000025732-B,"l-Leucine, n-butoxycarbonyl-N-methyl-, hexadecyl ester",,,2,,,2,,,0,1.0,0.0,4,0,+,0.0
ENSMUSG00000025825-B,"(2R)-Pyrrolidine-1,2-dicarboxylic acid, bis(tert-butyldimethylsilyl) ester",-0.5,0.6666666666666667,3,-0.5,0.6666666666666667,3,-0.9276336570439176,0.0076658441874731,6,-0.8231186002975568,0.0010049467838746,12,3,-,0.041654756870792786
ENSMUSG00000025825-B,"1,2-Cinnolinedicarboxylic acid, 1,2,3,5,6,7,8,8a-octahydro-4-trimethylsilyloxy-, diethyl ester",,,0,,,2,,,1,-1.0,0.0,3,0,-,0.0
ENSMUSG00000025825-B,"13-Docosenamide, (Z)",,,0,,,0,-1.0,0.0,3,-1.0,0.0,3,1,-,0.0
ENSMUSG00000025825-B,2-Aminoquinolin-8-ol,,,1,,,1,,,1,1.0,0.0,3,0,+,0.0
ENSMUSG00000025825-B,Diclofenac,,,1,,,2,,,1,1.0,0.0,4,0,+,0.0
ENSMUSG00000025825-B,L-(+)-Threose,,,0,,,0,-1.0,0.0,3,-1.0,0.0,3,1,-,0.0
ENSMUSG00000025825-B,"l-Leucine, n-butoxycarbonyl-N-methyl-, hexadecyl ester",,,2,,,2,,,0,1.0,0.0,4,0,+,0.0
ENSMUSG00000025825-B,Synephrine,-0.5,0.6666666666666667,3,0.8660254037844387,0.3333333333333332,3,0.753702346348183,0.0835232813732598,6,0.8456192405161171,0.0005297499532094,12,3,+,0.02252625491166127
ENSMUSG00000025927-B,"1,2-Bis(trimethylsiloxy)cyclohexene",,,1,,,2,,,0,-1.0,0.0,3,0,-,0.0
ENSMUSG00000025927-B,"13-Docosenamide, (Z)",,,0,,,0,1.0,0.0,3,1.0,0.0,3,1,+,0.0
ENSMUSG00000025927-B,2-Aminoquinolin-8-ol,,,1,,,1,,,1,1.0,0.0,3,0,+,0.0
ENSMUSG00000025927-B,"3,3-Dimethylacrylic acid",,,1,,,1,,,2,1.0,0.0,4,0,+,0.0
ENSMUSG00000025927-B,Chlorobenzilate,,,0,,,2,,,2,-1.0,0.0,4,0,-,0.0
ENSMUSG00000025927-B,cis-2-Decenoic acid,,,1,,,0,,,2,-1.0,0.0,3,0,-,0.0
ENSMUSG00000025927-B,Isosorbide,1.0,0.0,3,,,0,,,0,1.0,0.0,3,1,+,0.0
ENSMUSG00000025937-B,"3,3-Dimethylacrylic acid",,,1,,,1,,,2,-1.0,0.0,4,0,-,0.0
ENSMUSG00000025937-B,"3-Hydroxy-7,3',4',5'-tetramethoxyflavone",,,2,,,0,,,1,1.0,0.0,3,0,+,0.0
ENSMUSG00000025937-B,"4,5-Dihydro-1H-pyrazole",,,1,,,2,,,1,-1.0,0.0,4,0,-,0.0
ENSMUSG00000025937-B,L-Val-L-Leu,,,0,,,0,-1.0,0.0,3,-1.0,0.0,3,1,-,0.0
ENSMUSG00000025937-B,m-Toluic acid,1.0,0.0,3,1.0,0.0,3,0.9276336570439176,0.0076658441874731,6,0.8254289200006695,0.0009448975575349,12,3,+,0.03932445998481112
ENSMUSG00000025937-B,"N-[(3,4,5-Trimethoxyphenyl)methylidene]hydroxylamine",,,0,,,0,1.0,0.0,3,1.0,0.0,3,1,+,0.0
ENSMUSG00000025937-B,Tyr-Val,,,2,,,1,,,0,1.0,0.0,3,0,+,0.0
ENSMUSG00000026035-B,"1,2-Cinnolinedicarboxylic acid, 1,2,3,5,6,7,8,8a-octahydro-4-trimethylsilyloxy-, diethyl ester",,,0,,,2,,,1,1.0,0.0,3,0,+,0.0
ENSMUSG00000026035-B,"13-Docosenamide, (Z)",,,0,,,0,-1.0,0.0,3,-1.0,0.0,3,1,-,0.0
ENSMUSG00000026035-B,2-Aminoquinolin-8-ol,,,1,,,1,,,1,1.0,0.0,3,0,+,0.0
ENSMUSG00000026035-B,"3,4-Dihydroxybenzaldehyde",1.0,0.0,3,,,0,,,0,1.0,0.0,3,1,+,0.0
ENSMUSG00000026035-B,"3-Hydroxy-7,3',4',5'-tetramethoxyflavone",,,2,,,0,,,1,-1.0,0.0,3,0,-,0.0
ENSMUSG00000026035-B,Tyr-Val,,,2,,,1,,,0,-1.0,0.0,3,0,-,0.0
ENSMUSG00000026087-B,"1,2-Bis(trimethylsiloxy)cyclohexene",,,1,,,2,,,0,1.0,0.0,3,0,+,0.0
ENSMUSG00000026087-B,"1,2-Cinnolinedicarboxylic acid, 1,2,3,5,6,7,8,8a-octahydro-4-trimethylsilyloxy-, diethyl ester",,,0,,,2,,,1,-1.0,0.0,3,0,-,0.0
ENSMUSG00000026087-B,2-Aminoquinolin-8-ol,,,1,,,1,,,1,1.0,0.0,3,0,+,0.0
ENSMUSG00000026087-B,2-Ethyl-1-butanol,,,0,,,2,1.0,0.0,3,1.0,1.4042654220543672e-24,5,1,+,6.180272427134274e-23
ENSMUSG00000026087-B,2-Norbornanemethanol,,,0,,,1,,,2,-1.0,0.0,3,0,-,0.0
ENSMUSG00000026087-B,"3,4-Dihydroxybenzaldehyde",-1.0,0.0,3,,,0,,,0,-1.0,0.0,3,1,-,0.0
ENSMUSG00000026087-B,Luciferin,,,1,,,2,,,1,-1.0,0.0,4,0,-,0.0
ENSMUSG00000026096-B,"2,4-Dimethoxybenzaldoxime",,,1,,,0,,,2,1.0,0.0,3,0,+,0.0
ENSMUSG00000026096-B,"3,4-Dihydroxybenzaldehyde",1.0,0.0,3,,,0,,,0,1.0,0.0,3,1,+,0.0
ENSMUSG00000026096-B,Chlorobenzilate,,,0,,,2,,,2,1.0,0.0,4,0,+,0.0
ENSMUSG00000026096-B,cis-2-Decenoic acid,,,1,,,0,,,2,-1.0,0.0,3,0,-,0.0
ENSMUSG00000026096-B,L-(+)-Threose,,,0,,,0,1.0,0.0,3,1.0,0.0,3,1,+,0.0
ENSMUSG00000026096-B,L-Tyrosine,1.0,0.0,3,,,2,0.8207826816681233,0.0885870053135438,5,0.8773666603699838,0.0008511884372885,10,2,+,0.03555659360239385
ENSMUSG00000026096-B,Luciferin,,,1,,,2,,,1,-1.0,0.0,4,0,-,0.0
ENSMUSG00000026096-B,Tyr-Val,,,2,,,1,,,0,-1.0,0.0,3,0,-,0.0
ENSMUSG00000026097-B,"1,2-Bis(trimethylsiloxy)cyclohexene",,,1,,,2,,,0,-1.0,0.0,3,0,-,0.0
ENSMUSG00000026097-B,"1,2-Cinnolinedicarboxylic acid, 1,2,3,5,6,7,8,8a-octahydro-4-trimethylsilyloxy-, diethyl ester",,,0,,,2,,,1,1.0,0.0,3,0,+,0.0
ENSMUSG00000026097-B,"13-Docosenamide, (Z)",,,0,,,0,1.0,0.0,3,1.0,0.0,3,1,+,0.0
ENSMUSG00000026097-B,"2,4-Dimethoxybenzaldoxime",,,1,,,0,,,2,1.0,0.0,3,0,+,0.0
ENSMUSG00000026097-B,"3,4-Dihydroxybenzaldehyde",-1.0,0.0,3,,,0,,,0,-1.0,0.0,3,1,-,0.0
ENSMUSG00000026097-B,6-Nitroveratryl alcohol,,,1,,,1,-1.0,0.0,3,-1.0,1.4042654220543672e-24,5,1,-,6.180272427134274e-23
ENSMUSG00000026097-B,Octadecanoic acid,,,2,,,1,,,0,-1.0,0.0,3,0,-,0.0
ENSMUSG00000026197-B,2-Norbornanemethanol,,,0,,,1,,,2,-1.0,0.0,3,0,-,0.0
ENSMUSG00000026197-B,"l-Leucine, n-butoxycarbonyl-N-methyl-, hexadecyl ester",,,2,,,2,,,0,-1.0,0.0,4,0,-,0.0
ENSMUSG00000026197-B,L-Val-L-Leu,,,0,,,0,1.0,0.0,3,1.0,0.0,3,1,+,0.0
ENSMUSG00000026197-B,"N-[(3,4,5-Trimethoxyphenyl)methylidene]hydroxylamine",,,0,,,0,1.0,0.0,3,1.0,0.0,3,1,+,0.0
ENSMUSG00000026260-B,3-(4-Methoxyphenyl)coumarin,,,1,,,0,1.0,0.0,3,1.0,0.0,4,1,+,0.0
ENSMUSG00000026260-B,"3-Hydroxy-7,3',4',5'-tetramethoxyflavone",,,2,,,0,,,1,-1.0,0.0,3,0,-,0.0
ENSMUSG00000026260-B,cis-2-Decenoic acid,,,1,,,0,,,2,-1.0,0.0,3,0,-,0.0
ENSMUSG00000026260-B,Guanosine,,,1,1.0,0.0,3,0.7999999999999999,0.2,4,0.9221722216732094,0.0011108173578061,8,2,+,0.04584260649780499
ENSMUSG00000026260-B,"l-Leucine, n-butoxycarbonyl-N-methyl-, hexadecyl ester",,,2,,,2,,,0,-1.0,0.0,4,0,-,0.0
ENSMUSG00000026260-B,"N-[(3,4,5-Trimethoxyphenyl)methylidene]hydroxylamine",,,0,,,0,1.0,0.0,3,1.0,0.0,3,1,+,0.0
ENSMUSG00000026315-B,"13-Docosenamide, (Z)",,,0,,,0,-1.0,0.0,3,-1.0,0.0,3,1,-,0.0
ENSMUSG00000026315-B,cis-2-Decenoic acid,,,1,,,0,,,2,1.0,0.0,3,0,+,0.0
ENSMUSG00000026315-B,Isosorbide,-1.0,0.0,3,,,0,,,0,-1.0,0.0,3,1,-,0.0
ENSMUSG00000026315-B,Tyr-Val,,,2,,,1,,,0,1.0,0.0,3,0,+,0.0
ENSMUSG00000026418-B,"1,2-Bis(trimethylsiloxy)cyclohexene",,,1,,,2,,,0,1.0,0.0,3,0,+,0.0
ENSMUSG00000026418-B,"1,2-Cinnolinedicarboxylic acid, 1,2,3,5,6,7,8,8a-octahydro-4-trimethylsilyloxy-, diethyl ester",,,0,,,2,,,1,-1.0,0.0,3,0,-,0.0
ENSMUSG00000026418-B,"13-Docosenamide, (Z)",,,0,,,0,1.0,0.0,3,1.0,0.0,3,1,+,0.0
ENSMUSG00000026418-B,"2,4-Dimethoxybenzaldoxime",,,1,,,0,,,2,1.0,0.0,3,0,+,0.0
ENSMUSG00000026418-B,2-Norbornanemethanol,,,0,,,1,,,2,-1.0,0.0,3,0,-,0.0
ENSMUSG00000026418-B,Isosorbide,1.0,0.0,3,,,0,,,0,1.0,0.0,3,1,+,0.0
ENSMUSG00000026418-B,Octadecanoic acid,,,2,,,1,,,0,1.0,0.0,3,0,+,0.0
ENSMUSG00000026473-B,"13-Docosenamide, (Z)",,,0,,,0,-1.0,0.0,3,-1.0,0.0,3,1,-,0.0
ENSMUSG00000026473-B,"2,4-Dimethoxybenzaldoxime",,,1,,,0,,,2,-1.0,0.0,3,0,-,0.0
ENSMUSG00000026473-B,2-Aminoquinolin-8-ol,,,1,,,1,,,1,1.0,0.0,3,0,+,0.0
ENSMUSG00000026473-B,3-(4-Methoxyphenyl)coumarin,,,1,,,0,1.0,0.0,3,1.0,0.0,4,1,+,0.0
ENSMUSG00000026473-B,"3,3-Dimethylacrylic acid",,,1,,,1,,,2,-1.0,0.0,4,0,-,0.0
ENSMUSG00000026473-B,cis-2-Decenoic acid,,,1,,,0,,,2,-1.0,0.0,3,0,-,0.0
ENSMUSG00000026473-B,"l-Leucine, n-butoxycarbonyl-N-methyl-, hexadecyl ester",,,2,,,2,,,0,1.0,0.0,4,0,+,0.0
ENSMUSG00000026473-B,L-Val-L-Leu,,,0,,,0,-1.0,0.0,3,-1.0,0.0,3,1,-,0.0
ENSMUSG00000026504-B,"13-Docosenamide, (Z)",,,0,,,0,-1.0,0.0,3,-1.0,0.0,3,1,-,0.0
ENSMUSG00000026504-B,"2,4-Dimethoxybenzaldoxime",,,1,,,0,,,2,-1.0,0.0,3,0,-,0.0
ENSMUSG00000026504-B,Tyr-Val,,,2,,,1,,,0,1.0,0.0,3,0,+,0.0
ENSMUSG00000026514-B,"1,2-Cinnolinedicarboxylic acid, 1,2,3,5,6,7,8,8a-octahydro-4-trimethylsilyloxy-, diethyl ester",,,0,,,2,,,1,-1.0,0.0,3,0,-,0.0
ENSMUSG00000026514-B,Isosorbide,-1.0,0.0,3,,,0,,,0,-1.0,0.0,3,1,-,0.0
ENSMUSG00000026514-B,L-(+)-Threose,,,0,,,0,1.0,0.0,3,1.0,0.0,3,1,+,0.0
ENSMUSG00000026514-B,"N-[(3,4,5-Trimethoxyphenyl)methylidene]hydroxylamine",,,0,,,0,1.0,0.0,3,1.0,0.0,3,1,+,0.0
ENSMUSG00000026514-B,Octadecanoic acid,,,2,,,1,,,0,-1.0,0.0,3,0,-,0.0
ENSMUSG00000026553-B,"1,2-Bis(trimethylsiloxy)cyclohexene",,,1,,,2,,,0,-1.0,0.0,3,0,-,0.0
ENSMUSG00000026553-B,"13-Docosenamide, (Z)",,,0,,,0,-1.0,0.0,3,-1.0,0.0,3,1,-,0.0
ENSMUSG00000026553-B,3-(4-Methoxyphenyl)coumarin,,,1,,,0,1.0,0.0,3,1.0,0.0,4,1,+,0.0
ENSMUSG00000026553-B,"3-Hydroxy-7,3',4',5'-tetramethoxyflavone",,,2,,,0,,,1,-1.0,0.0,3,0,-,0.0
ENSMUSG00000026553-B,Azelaic acid,-0.5,0.6666666666666667,3,-0.5,0.6666666666666667,3,-0.9276336570439176,0.0076658441874731,6,-0.8701807952199048,0.0002325880303258,12,3,-,0.010104852857689974
ENSMUSG00000026553-B,Isosorbide,-1.0,0.0,3,,,0,,,0,-1.0,0.0,3,1,-,0.0
ENSMUSG00000026553-B,L-(+)-Threose,,,0,,,0,-1.0,0.0,3,-1.0,0.0,3,1,-,0.0
ENSMUSG00000026553-B,Octadecanoic acid,,,2,,,1,,,0,-1.0,0.0,3,0,-,0.0
ENSMUSG00000026628-B,"13-Docosenamide, (Z)",,,0,,,0,1.0,0.0,3,1.0,0.0,3,1,+,0.0
ENSMUSG00000026628-B,2-Aminoquinolin-8-ol,,,1,,,1,,,1,-1.0,0.0,3,0,-,0.0
ENSMUSG00000026628-B,"3,3-Dimethylacrylic acid",,,1,,,1,,,2,-1.0,0.0,4,0,-,0.0
ENSMUSG00000026628-B,"Benzoic acid, 2-hydroxy-3-[(2-hydroxy-4-methoxy-6-propylbenzoyl)oxy]-4-methoxy-6-propyl-, methyl ester",-0.5,0.6666666666666667,3,-1.0,0.0,3,-0.8823529411764706,0.0199470791776918,6,-0.8247800529104845,0.0009614752542944,12,3,-,0.03998737616830878
ENSMUSG00000026628-B,cis-2-Decenoic acid,,,1,,,0,,,2,1.0,0.0,3,0,+,0.0
ENSMUSG00000026628-B,Isosorbide,-1.0,0.0,3,,,0,,,0,-1.0,0.0,3,1,-,0.0
ENSMUSG00000026628-B,Synephrine,-1.0,0.0,3,-0.8660254037844387,0.3333333333333332,3,-0.3970588235294118,0.4357110599430083,6,-0.8303938767900017,0.0008252284654677,12,3,-,0.03451897617093845
ENSMUSG00000026628-B,Tyr-Val,,,2,,,1,,,0,1.0,0.0,3,0,+,0.0
ENSMUSG00000026630-B,"13-Docosenamide, (Z)",,,0,,,0,-1.0,0.0,3,-1.0,0.0,3,1,-,0.0
ENSMUSG00000026630-B,2-Aminoquinolin-8-ol,,,1,,,1,,,1,-1.0,0.0,3,0,-,0.0
ENSMUSG00000026630-B,"3-Hydroxy-7,3',4',5'-tetramethoxyflavone",,,2,,,0,,,1,1.0,0.0,3,0,+,0.0
ENSMUSG00000026630-B,cis-2-Decenoic acid,,,1,,,0,,,2,1.0,0.0,3,0,+,0.0
ENSMUSG00000026630-B,"l-Leucine, n-butoxycarbonyl-N-methyl-, hexadecyl ester",,,2,,,2,,,0,1.0,0.0,4,0,+,0.0
ENSMUSG00000026630-B,Sulindac,,,0,,,2,-1.0,0.0,3,-1.0,1.4042654220543672e-24,5,1,-,6.180272427134274e-23
ENSMUSG00000026788-B,"1,2-Bis(trimethylsiloxy)cyclohexene",,,1,,,2,,,0,-1.0,0.0,3,0,-,0.0
ENSMUSG00000026788-B,"13-Docosenamide, (Z)",,,0,,,0,1.0,0.0,3,1.0,0.0,3,1,+,0.0
ENSMUSG00000026788-B,"2,4-Dimethoxybenzaldoxime",,,1,,,0,,,2,1.0,0.0,3,0,+,0.0
ENSMUSG00000026788-B,"3,3-Dimethylacrylic acid",,,1,,,1,,,2,1.0,0.0,4,0,+,0.0
ENSMUSG00000026788-B,"3,4-Dihydroxybenzaldehyde",1.0,0.0,3,,,0,,,0,1.0,0.0,3,1,+,0.0
ENSMUSG00000026788-B,"3-Hydroxy-7,3',4',5'-tetramethoxyflavone",,,2,,,0,,,1,-1.0,0.0,3,0,-,0.0
ENSMUSG00000026788-B,5-Hydroxy-7-methoxy-2-methyl-3-phenyl-4-chromenone,,,1,,,2,0.9276336570439176,0.0076658441874731,6,0.912141875543738,0.0006068506794715,9,1,+,0.02572487417656448
ENSMUSG00000026788-B,Glabridin,,,2,,,1,,,1,-1.0,0.0,4,0,-,0.0
ENSMUSG00000026788-B,Tyr-Val,,,2,,,1,,,0,-1.0,0.0,3,0,-,0.0
ENSMUSG00000026893-B,"1,2-Bis(trimethylsiloxy)cyclohexene",,,1,,,2,,,0,-1.0,0.0,3,0,-,0.0
ENSMUSG00000026893-B,"2,4-Dimethoxybenzaldoxime",,,1,,,0,,,2,-1.0,0.0,3,0,-,0.0
ENSMUSG00000026893-B,"3,4-Dihydroxybenzaldehyde",-1.0,0.0,3,,,0,,,0,-1.0,0.0,3,1,-,0.0
ENSMUSG00000026893-B,"3-Hydroxy-7,3',4',5'-tetramethoxyflavone",,,2,,,0,,,1,1.0,0.0,3,0,+,0.0
ENSMUSG00000026893-B,cis-2-Decenoic acid,,,1,,,0,,,2,-1.0,0.0,3,0,-,0.0
ENSMUSG00000026893-B,"N-[(3,4,5-Trimethoxyphenyl)methylidene]hydroxylamine",,,0,,,0,1.0,0.0,3,1.0,0.0,3,1,+,0.0
ENSMUSG00000026893-B,Octadecanoic acid,,,2,,,1,,,0,-1.0,0.0,3,0,-,0.0
ENSMUSG00000027193-B,"1,2-Bis(trimethylsiloxy)cyclohexene",,,1,,,2,,,0,-1.0,0.0,3,0,-,0.0
ENSMUSG00000027193-B,2-Aminoquinolin-8-ol,,,1,,,1,,,1,1.0,0.0,3,0,+,0.0
ENSMUSG00000027193-B,3-(4-Methoxyphenyl)coumarin,,,1,,,0,1.0,0.0,3,1.0,0.0,4,1,+,0.0
ENSMUSG00000027193-B,Azelaic acid,-1.0,0.0,3,-0.5,0.6666666666666667,3,-0.6377481392176932,0.1730711102412597,6,-0.8421104469870047,0.0005890784331518,12,3,-,0.02499729177592848
ENSMUSG00000027193-B,L-(+)-Threose,,,0,,,0,-1.0,0.0,3,-1.0,0.0,3,1,-,0.0
ENSMUSG00000027193-B,Octadecanoic acid,,,2,,,1,,,0,-1.0,0.0,3,0,-,0.0
ENSMUSG00000027208-B,"1,2-Bis(trimethylsiloxy)cyclohexene",,,1,,,2,,,0,-1.0,0.0,3,0,-,0.0
ENSMUSG00000027208-B,"1,2-Cinnolinedicarboxylic acid, 1,2,3,5,6,7,8,8a-octahydro-4-trimethylsilyloxy-, diethyl ester",,,0,,,2,,,1,1.0,0.0,3,0,+,0.0
ENSMUSG00000027208-B,2-Norbornanemethanol,,,0,,,1,,,2,1.0,0.0,3,0,+,0.0
ENSMUSG00000027208-B,"3,4-Dihydroxybenzaldehyde",-1.0,0.0,3,,,0,,,0,-1.0,0.0,3,1,-,0.0
ENSMUSG00000027208-B,4-tert-Butyldimethylsiloxy-3-penten-2-one,,,0,,,0,-1.0,0.0,4,-1.0,0.0,4,1,-,0.0
ENSMUSG00000027208-B,Adipoyl-L-carnitine,,,1,,,2,-1.0,0.0,3,-1.0,0.0,6,1,-,0.0
ENSMUSG00000027208-B,"Benzene, 1-ethyl-3,5-dimethyl",,,1,,,1,,,2,1.0,0.0,4,0,+,0.0
ENSMUSG00000027208-B,cis-2-Decenoic acid,,,1,,,0,,,2,-1.0,0.0,3,0,-,0.0
ENSMUSG00000027208-B,L-(+)-Threose,,,0,,,0,1.0,0.0,3,1.0,0.0,3,1,+,0.0
ENSMUSG00000027208-B,L-Ornithine,,,2,,,1,,,1,1.0,0.0,4,0,+,0.0
ENSMUSG00000027208-B,Octadecanoic acid,,,2,,,1,,,0,-1.0,0.0,3,0,-,0.0
ENSMUSG00000027318-B,"1,2-Cinnolinedicarboxylic acid, 1,2,3,5,6,7,8,8a-octahydro-4-trimethylsilyloxy-, diethyl ester",,,0,,,2,,,1,-1.0,0.0,3,0,-,0.0
ENSMUSG00000027318-B,"13-Docosenamide, (Z)",,,0,,,0,1.0,0.0,3,1.0,0.0,3,1,+,0.0
ENSMUSG00000027318-B,"2,4-Dimethoxybenzaldoxime",,,1,,,0,,,2,1.0,0.0,3,0,+,0.0
ENSMUSG00000027318-B,2-Norbornanemethanol,,,0,,,1,,,2,-1.0,0.0,3,0,-,0.0
ENSMUSG00000027318-B,Aniline,1.0,0.0,3,0.5,0.6666666666666667,3,0.7714285714285715,0.0723965014577259,6,0.8491280340452296,0.0004751633792159,12,3,+,0.020261032256323655
ENSMUSG00000027318-B,cis-2-Decenoic acid,,,1,,,0,,,2,1.0,0.0,3,0,+,0.0
ENSMUSG00000027318-B,Isosorbide,-1.0,0.0,3,,,0,,,0,-1.0,0.0,3,1,-,0.0
ENSMUSG00000027318-B,Lupinine,,,1,,,1,0.8999999999999998,0.0373860734684987,5,0.9642857142857144,0.0004541491691941,7,1,+,0.019385106380252492
ENSMUSG00000027318-B,L-Val-L-Leu,,,0,,,0,1.0,0.0,3,1.0,0.0,3,1,+,0.0
ENSMUSG00000027331-B,"1,2-Bis(trimethylsiloxy)cyclohexene",,,1,,,2,,,0,-1.0,0.0,3,0,-,0.0
ENSMUSG00000027331-B,"2,4-Dimethoxybenzaldoxime",,,1,,,0,,,2,1.0,0.0,3,0,+,0.0
ENSMUSG00000027331-B,2-Aminoquinolin-8-ol,,,1,,,1,,,1,1.0,0.0,3,0,+,0.0
ENSMUSG00000027331-B,3-(4-Methoxyphenyl)coumarin,,,1,,,0,-1.0,0.0,3,-1.0,0.0,4,1,-,0.0
ENSMUSG00000027331-B,Chlorobenzilate,,,0,,,2,,,2,-1.0,0.0,4,0,-,0.0
ENSMUSG00000027331-B,Isosorbide,-1.0,0.0,3,,,0,,,0,-1.0,0.0,3,1,-,0.0
ENSMUSG00000027331-B,L-Ornithine,,,2,,,1,,,1,1.0,0.0,4,0,+,0.0
ENSMUSG00000027331-B,Octadecanoic acid,,,2,,,1,,,0,-1.0,0.0,3,0,-,0.0
ENSMUSG00000027339-B,"1,2-Cinnolinedicarboxylic acid, 1,2,3,5,6,7,8,8a-octahydro-4-trimethylsilyloxy-, diethyl ester",,,0,,,2,,,1,-1.0,0.0,3,0,-,0.0
ENSMUSG00000027339-B,"13-Docosenamide, (Z)",,,0,,,0,1.0,0.0,3,1.0,0.0,3,1,+,0.0
ENSMUSG00000027339-B,"3-Hydroxy-7,3',4',5'-tetramethoxyflavone",,,2,,,0,,,1,-1.0,0.0,3,0,-,0.0
ENSMUSG00000027339-B,Isosorbide,-1.0,0.0,3,,,0,,,0,-1.0,0.0,3,1,-,0.0
ENSMUSG00000027339-B,L-Val-L-Leu,,,0,,,0,-1.0,0.0,3,-1.0,0.0,3,1,-,0.0
ENSMUSG00000027339-B,Tyr-Val,,,2,,,1,,,0,1.0,0.0,3,0,+,0.0
ENSMUSG00000027356-B,2-Aminoquinolin-8-ol,,,1,,,1,,,1,-1.0,0.0,3,0,-,0.0
ENSMUSG00000027356-B,3-(4-Methoxyphenyl)coumarin,,,1,,,0,-1.0,0.0,3,-1.0,0.0,4,1,-,0.0
ENSMUSG00000027356-B,"3,4-Dihydroxybenzaldehyde",1.0,0.0,3,,,0,,,0,1.0,0.0,3,1,+,0.0
ENSMUSG00000027356-B,cis-2-Decenoic acid,,,1,,,0,,,2,1.0,0.0,3,0,+,0.0
ENSMUSG00000027356-B,L-(+)-Threose,,,0,,,0,1.0,0.0,3,1.0,0.0,3,1,+,0.0
ENSMUSG00000027356-B,"N-[(3,4,5-Trimethoxyphenyl)methylidene]hydroxylamine",,,0,,,0,1.0,0.0,3,1.0,0.0,3,1,+,0.0
ENSMUSG00000027356-B,Sulindac,,,0,,,2,-1.0,0.0,3,-1.0,1.4042654220543672e-24,5,1,-,6.180272427134274e-23
ENSMUSG00000027356-B,Tyr-Val,,,2,,,1,,,0,-1.0,0.0,3,0,-,0.0
ENSMUSG00000027377-B,"13-Docosenamide, (Z)",,,0,,,0,-1.0,0.0,3,-1.0,0.0,3,1,-,0.0
ENSMUSG00000027377-B,2-Norbornanemethanol,,,0,,,1,,,2,1.0,0.0,3,0,+,0.0
ENSMUSG00000027377-B,"3,4-Dihydroxybenzaldehyde",-1.0,0.0,3,,,0,,,0,-1.0,0.0,3,1,-,0.0
ENSMUSG00000027377-B,"3-Hydroxy-7,3',4',5'-tetramethoxyflavone",,,2,,,0,,,1,1.0,0.0,3,0,+,0.0
ENSMUSG00000027377-B,cis-2-Decenoic acid,,,1,,,0,,,2,1.0,0.0,3,0,+,0.0
ENSMUSG00000027377-B,"l-Leucine, n-butoxycarbonyl-N-methyl-, hexadecyl ester",,,2,,,2,,,0,1.0,0.0,4,0,+,0.0
ENSMUSG00000027663-B,2-Aminoquinolin-8-ol,,,1,,,1,,,1,1.0,0.0,3,0,+,0.0
ENSMUSG00000027663-B,2-Norbornanemethanol,,,0,,,1,,,2,-1.0,0.0,3,0,-,0.0
ENSMUSG00000027663-B,"3-Hydroxy-7,3',4',5'-tetramethoxyflavone",,,2,,,0,,,1,-1.0,0.0,3,0,-,0.0
ENSMUSG00000027663-B,L-(+)-Threose,,,0,,,0,1.0,0.0,3,1.0,0.0,3,1,+,0.0
ENSMUSG00000027663-B,"l-Leucine, n-butoxycarbonyl-N-methyl-, hexadecyl ester",,,2,,,2,,,0,-1.0,0.0,4,0,-,0.0
ENSMUSG00000027663-B,L-Threonine,,,0,,,1,1.0,0.0,4,1.0,1.4042654220543672e-24,5,1,+,6.180272427134274e-23
ENSMUSG00000027673-B,"13-Docosenamide, (Z)",,,0,,,0,-1.0,0.0,3,-1.0,0.0,3,1,-,0.0
ENSMUSG00000027673-B,"2,4-Dimethoxybenzaldoxime",,,1,,,0,,,2,-1.0,0.0,3,0,-,0.0
ENSMUSG00000027673-B,2-Aminoquinolin-8-ol,,,1,,,1,,,1,1.0,0.0,3,0,+,0.0
ENSMUSG00000027673-B,"3,4-Dihydroxybenzaldehyde",-1.0,0.0,3,,,0,,,0,-1.0,0.0,3,1,-,0.0
ENSMUSG00000027673-B,Chlorobenzilate,,,0,,,2,,,2,-1.0,0.0,4,0,-,0.0
ENSMUSG00000027673-B,cis-2-Decenoic acid,,,1,,,0,,,2,-1.0,0.0,3,0,-,0.0
ENSMUSG00000027673-B,L-Glutamic acid,,,0,,,2,-1.0,0.0,3,-1.0,1.4042654220543672e-24,5,1,-,6.180272427134274e-23
ENSMUSG00000027714-B,"1,2-Bis(trimethylsiloxy)cyclohexene",,,1,,,2,,,0,-1.0,0.0,3,0,-,0.0
ENSMUSG00000027714-B,3-(4-Methoxyphenyl)coumarin,,,1,,,0,1.0,0.0,3,1.0,0.0,4,1,+,0.0
ENSMUSG00000027714-B,"3-Hydroxy-7,3',4',5'-tetramethoxyflavone",,,2,,,0,,,1,-1.0,0.0,3,0,-,0.0
ENSMUSG00000027714-B,Isosorbide,-1.0,0.0,3,,,0,,,0,-1.0,0.0,3,1,-,0.0
ENSMUSG00000027714-B,L-Glutamic acid,,,0,,,2,-1.0,0.0,3,-1.0,1.4042654220543672e-24,5,1,-,6.180272427134274e-23
ENSMUSG00000027714-B,L-Val-L-Leu,,,0,,,0,-1.0,0.0,3,-1.0,0.0,3,1,-,0.0
ENSMUSG00000027714-B,"N-[(3,4,5-Trimethoxyphenyl)methylidene]hydroxylamine",,,0,,,0,1.0,0.0,3,1.0,0.0,3,1,+,0.0
ENSMUSG00000027714-B,Octadecanoic acid,,,2,,,1,,,0,-1.0,0.0,3,0,-,0.0
ENSMUSG00000027782-B,2-Aminoquinolin-8-ol,,,1,,,1,,,1,1.0,0.0,3,0,+,0.0
ENSMUSG00000027782-B,Chlorobenzilate,,,0,,,2,,,2,1.0,0.0,4,0,+,0.0
ENSMUSG00000027782-B,cis-2-Decenoic acid,,,1,,,0,,,2,-1.0,0.0,3,0,-,0.0
ENSMUSG00000027849-B,"1,2-Bis(trimethylsiloxy)cyclohexene",,,1,,,2,,,0,-1.0,0.0,3,0,-,0.0
ENSMUSG00000027849-B,"13-Docosenamide, (Z)",,,0,,,0,1.0,0.0,3,1.0,0.0,3,1,+,0.0
ENSMUSG00000027849-B,"2,4-Dimethoxybenzaldoxime",,,1,,,0,,,2,1.0,0.0,3,0,+,0.0
ENSMUSG00000027849-B,2-Aminoquinolin-8-ol,,,1,,,1,,,1,1.0,0.0,3,0,+,0.0
ENSMUSG00000027849-B,cis-2-Decenoic acid,,,1,,,0,,,2,-1.0,0.0,3,0,-,0.0
ENSMUSG00000027849-B,L-(+)-Threose,,,0,,,0,1.0,0.0,3,1.0,0.0,3,1,+,0.0
ENSMUSG00000028044-B,"1,2-Bis(trimethylsiloxy)cyclohexene",,,1,,,2,,,0,1.0,0.0,3,0,+,0.0
ENSMUSG00000028044-B,"1,2-Cinnolinedicarboxylic acid, 1,2,3,5,6,7,8,8a-octahydro-4-trimethylsilyloxy-, diethyl ester",,,0,,,2,,,1,-1.0,0.0,3,0,-,0.0
ENSMUSG00000028044-B,"13-Docosenamide, (Z)",,,0,,,0,1.0,0.0,3,1.0,0.0,3,1,+,0.0
ENSMUSG00000028044-B,"2,4-Dimethoxybenzaldoxime",,,1,,,0,,,2,1.0,0.0,3,0,+,0.0
ENSMUSG00000028044-B,2-Norbornanemethanol,,,0,,,1,,,2,-1.0,0.0,3,0,-,0.0
ENSMUSG00000028044-B,Isosorbide,-1.0,0.0,3,,,0,,,0,-1.0,0.0,3,1,-,0.0
ENSMUSG00000028044-B,L-Threonine,,,0,,,1,1.0,0.0,4,1.0,1.4042654220543672e-24,5,1,+,6.180272427134274e-23
ENSMUSG00000028044-B,Luciferin,,,1,,,2,,,1,-1.0,0.0,4,0,-,0.0
ENSMUSG00000028044-B,"Propanoic acid, 3-[(tert-butyldimethylsilyl)oxy]-2-methyl-",0.5,0.6666666666666667,3,,,2,0.8406680016960503,0.0360575728451592,6,0.8675889534567239,0.0005390592943057,11,2,+,0.022914203807275407
ENSMUSG00000028082-B,"1,2-Cinnolinedicarboxylic acid, 1,2,3,5,6,7,8,8a-octahydro-4-trimethylsilyloxy-, diethyl ester",,,0,,,2,,,1,1.0,0.0,3,0,+,0.0
ENSMUSG00000028082-B,"2,4-Dimethoxybenzaldoxime",,,1,,,0,,,2,1.0,0.0,3,0,+,0.0
ENSMUSG00000028082-B,"3-Hydroxy-7,3',4',5'-tetramethoxyflavone",,,2,,,0,,,1,1.0,0.0,3,0,+,0.0
ENSMUSG00000028082-B,Diclofenac,,,1,,,2,,,1,-1.0,0.0,4,0,-,0.0
ENSMUSG00000028082-B,Isosorbide,1.0,0.0,3,,,0,,,0,1.0,0.0,3,1,+,0.0
ENSMUSG00000028082-B,"l-Leucine, n-butoxycarbonyl-N-methyl-, hexadecyl ester",,,2,,,2,,,0,-1.0,0.0,4,0,-,0.0
ENSMUSG00000028149-B,"3-Hydroxy-7,3',4',5'-tetramethoxyflavone",,,2,,,0,,,1,-1.0,0.0,3,0,-,0.0
ENSMUSG00000028149-B,7-Hydroxy-4-(methoxymethyl)coumarin,,,1,,,0,-1.0,0.0,3,-1.0,0.0,4,1,-,0.0
ENSMUSG00000028149-B,Isosorbide,-1.0,0.0,3,,,0,,,0,-1.0,0.0,3,1,-,0.0
ENSMUSG00000028149-B,L-Val-L-Leu,,,0,,,0,-1.0,0.0,3,-1.0,0.0,3,1,-,0.0
ENSMUSG00000028149-B,Octadecanoic acid,,,2,,,1,,,0,-1.0,0.0,3,0,-,0.0
ENSMUSG00000028149-B,Sulindac,,,0,,,2,-1.0,0.0,3,-1.0,1.4042654220543672e-24,5,1,-,6.180272427134274e-23
ENSMUSG00000028167-B,"13-Docosenamide, (Z)",,,0,,,0,-1.0,0.0,3,-1.0,0.0,3,1,-,0.0
ENSMUSG00000028167-B,2-Aminoquinolin-8-ol,,,1,,,1,,,1,-1.0,0.0,3,0,-,0.0
ENSMUSG00000028167-B,"3,3-Dimethylacrylic acid",,,1,,,1,,,2,-1.0,0.0,4,0,-,0.0
ENSMUSG00000028167-B,"3,4-Dihydroxybenzaldehyde",-1.0,0.0,3,,,0,,,0,-1.0,0.0,3,1,-,0.0
ENSMUSG00000028167-B,"3-Hydroxy-7,3',4',5'-tetramethoxyflavone",,,2,,,0,,,1,1.0,0.0,3,0,+,0.0
ENSMUSG00000028167-B,"4,5-Dihydro-1H-pyrazole",,,1,,,2,,,1,-1.0,0.0,4,0,-,0.0
ENSMUSG00000028167-B,L-(+)-Threose,,,0,,,0,-1.0,0.0,3,-1.0,0.0,3,1,-,0.0
ENSMUSG00000028214-B,"3,4,5-Trimethoxyamphetamine",,,2,-0.5,0.6666666666666667,3,-0.9411239481143202,0.0050975405648614,6,-0.8413993200790741,0.001167170736054,11,2,-,0.048071674399710704
ENSMUSG00000028214-B,"3,4-Dihydroxybenzaldehyde",-1.0,0.0,3,,,0,,,0,-1.0,0.0,3,1,-,0.0
ENSMUSG00000028214-B,Chlorobenzilate,,,0,,,2,,,2,-1.0,0.0,4,0,-,0.0
ENSMUSG00000028214-B,L-(+)-Threose,,,0,,,0,1.0,0.0,3,1.0,0.0,3,1,+,0.0
ENSMUSG00000028214-B,Luciferin,,,1,,,2,,,1,1.0,0.0,4,0,+,0.0
ENSMUSG00000028214-B,Tyr-Val,,,2,,,1,,,0,1.0,0.0,3,0,+,0.0
ENSMUSG00000028251-B,"1,2-Bis(trimethylsiloxy)cyclohexene",,,1,,,2,,,0,1.0,0.0,3,0,+,0.0
ENSMUSG00000028251-B,"3,4-Dihydroxybenzaldehyde",1.0,0.0,3,,,0,,,0,1.0,0.0,3,1,+,0.0
ENSMUSG00000028251-B,4-tert-Butyldimethylsiloxy-3-penten-2-one,,,0,,,0,-1.0,0.0,4,-1.0,0.0,4,1,-,0.0
ENSMUSG00000028251-B,7-Hydroxy-4-(methoxymethyl)coumarin,,,1,,,0,-1.0,0.0,3,-1.0,0.0,4,1,-,0.0
ENSMUSG00000028251-B,cis-2-Decenoic acid,,,1,,,0,,,2,-1.0,0.0,3,0,-,0.0
ENSMUSG00000028251-B,L-Serine,1.0,0.0,3,,,1,,,1,1.0,1.4042654220543672e-24,5,1,+,6.180272427134274e-23
ENSMUSG00000028251-B,Luciferin,,,1,,,2,,,1,-1.0,0.0,4,0,-,0.0
ENSMUSG00000028251-B,"N-[(3,4,5-Trimethoxyphenyl)methylidene]hydroxylamine",,,0,,,0,-1.0,0.0,3,-1.0,0.0,3,1,-,0.0
ENSMUSG00000028251-B,Octadecanoic acid,,,2,,,1,,,0,1.0,0.0,3,0,+,0.0
ENSMUSG00000028251-B,Tyr-Val,,,2,,,1,,,0,-1.0,0.0,3,0,-,0.0
ENSMUSG00000028545-B,2-Aminoquinolin-8-ol,,,1,,,1,,,1,1.0,0.0,3,0,+,0.0
ENSMUSG00000028545-B,"3-Hydroxy-7,3',4',5'-tetramethoxyflavone",,,2,,,0,,,1,-1.0,0.0,3,0,-,0.0
ENSMUSG00000028545-B,4-tert-Butyldimethylsiloxy-3-penten-2-one,,,0,,,0,-1.0,0.0,4,-1.0,0.0,4,1,-,0.0
ENSMUSG00000028545-B,cis-2-Decenoic acid,,,1,,,0,,,2,-1.0,0.0,3,0,-,0.0
ENSMUSG00000028545-B,L-Val-L-Leu,,,0,,,0,-1.0,0.0,3,-1.0,0.0,3,1,-,0.0
ENSMUSG00000028545-B,"N-[(3,4,5-Trimethoxyphenyl)methylidene]hydroxylamine",,,0,,,0,-1.0,0.0,3,-1.0,0.0,3,1,-,0.0
ENSMUSG00000028552-B,"1,2-Bis(trimethylsiloxy)cyclohexene",,,1,,,2,,,0,-1.0,0.0,3,0,-,0.0
ENSMUSG00000028552-B,2-Aminoquinolin-8-ol,,,1,,,1,,,1,1.0,0.0,3,0,+,0.0
ENSMUSG00000028552-B,"3-Hydroxy-7,3',4',5'-tetramethoxyflavone",,,2,,,0,,,1,-1.0,0.0,3,0,-,0.0
ENSMUSG00000028552-B,"Benzene, 1-ethyl-3,5-dimethyl",,,1,,,1,,,2,1.0,0.0,4,0,+,0.0
ENSMUSG00000028552-B,Glycine,-1.0,0.0,3,-1.0,0.0,3,-0.0289885517826224,0.9565293523898406,6,-0.8315840663996671,0.0007983671028551,12,3,-,0.03352053767796728
ENSMUSG00000028552-B,Isosorbide,-1.0,0.0,3,,,0,,,0,-1.0,0.0,3,1,-,0.0
ENSMUSG00000028552-B,L-(+)-Threose,,,0,,,0,1.0,0.0,3,1.0,0.0,3,1,+,0.0
ENSMUSG00000028552-B,L-Threonine,,,0,,,1,1.0,0.0,4,1.0,1.4042654220543672e-24,5,1,+,6.180272427134274e-23
ENSMUSG00000028552-B,Octadecanoic acid,,,2,,,1,,,0,-1.0,0.0,3,0,-,0.0
ENSMUSG00000028637-B,"1,2-Bis(trimethylsiloxy)cyclohexene",,,1,,,2,,,0,1.0,0.0,3,0,+,0.0
ENSMUSG00000028637-B,2-Norbornanemethanol,,,0,,,1,,,2,-1.0,0.0,3,0,-,0.0
ENSMUSG00000028637-B,"3-Hydroxy-7,3',4',5'-tetramethoxyflavone",,,2,,,0,,,1,1.0,0.0,3,0,+,0.0
ENSMUSG00000028637-B,"N-[(3,4,5-Trimethoxyphenyl)methylidene]hydroxylamine",,,0,,,0,1.0,0.0,3,1.0,0.0,3,1,+,0.0
ENSMUSG00000028637-B,Norephedrine,1.0,0.0,3,1.0,0.0,3,1.0,0.0,3,0.9,0.0009430623223403,9,3,+,0.0392613412101335
ENSMUSG00000028688-B,"1,2-Bis(trimethylsiloxy)cyclohexene",,,1,,,2,,,0,-1.0,0.0,3,0,-,0.0
ENSMUSG00000028688-B,"1,2-Cinnolinedicarboxylic acid, 1,2,3,5,6,7,8,8a-octahydro-4-trimethylsilyloxy-, diethyl ester",,,0,,,2,,,1,1.0,0.0,3,0,+,0.0
ENSMUSG00000028688-B,"13-Docosenamide, (Z)",,,0,,,0,-1.0,0.0,3,-1.0,0.0,3,1,-,0.0
ENSMUSG00000028688-B,"2,4-Dimethoxybenzaldoxime",,,1,,,0,,,2,-1.0,0.0,3,0,-,0.0
ENSMUSG00000028688-B,2-Norbornanemethanol,,,0,,,1,,,2,1.0,0.0,3,0,+,0.0
ENSMUSG00000028688-B,7-Hydroxy-4-(methoxymethyl)coumarin,,,1,,,0,-1.0,0.0,3,-1.0,0.0,4,1,-,0.0
ENSMUSG00000028688-B,Isosorbide,1.0,0.0,3,,,0,,,0,1.0,0.0,3,1,+,0.0
ENSMUSG00000028688-B,Thymol,-0.5,0.6666666666666667,3,,,2,-0.9746794344808964,0.0048182304681985,5,-0.87806510397951,0.0008326922557953,10,2,-,0.03481936433038847
ENSMUSG00000028706-B,"3-Hydroxy-7,3',4',5'-tetramethoxyflavone",,,2,,,0,,,1,-1.0,0.0,3,0,-,0.0
ENSMUSG00000028706-B,7-Hydroxy-4-(methoxymethyl)coumarin,,,1,,,0,-1.0,0.0,3,-1.0,0.0,4,1,-,0.0
ENSMUSG00000028706-B,"l-Leucine, n-butoxycarbonyl-N-methyl-, hexadecyl ester",,,2,,,2,,,0,-1.0,0.0,4,0,-,0.0
ENSMUSG00000028706-B,Tyr-Val,,,2,,,1,,,0,-1.0,0.0,3,0,-,0.0
ENSMUSG00000028763-B,"13-Docosenamide, (Z)",,,0,,,0,-1.0,0.0,3,-1.0,0.0,3,1,-,0.0
ENSMUSG00000028763-B,2-Aminoquinolin-8-ol,,,1,,,1,,,1,-1.0,0.0,3,0,-,0.0
ENSMUSG00000028763-B,"3,3-Dimethylacrylic acid",,,1,,,1,,,2,-1.0,0.0,4,0,-,0.0
ENSMUSG00000028763-B,"3,4-Dihydroxybenzaldehyde",-1.0,0.0,3,,,0,,,0,-1.0,0.0,3,1,-,0.0
ENSMUSG00000028763-B,"3-Hydroxy-7,3',4',5'-tetramethoxyflavone",,,2,,,0,,,1,1.0,0.0,3,0,+,0.0
ENSMUSG00000028763-B,"Benzene, 1-ethyl-3,5-dimethyl",,,1,,,1,,,2,-1.0,0.0,4,0,-,0.0
ENSMUSG00000028763-B,L-(+)-Threose,,,0,,,0,-1.0,0.0,3,-1.0,0.0,3,1,-,0.0
ENSMUSG00000028763-B,L-Val-L-Leu,,,0,,,0,-1.0,0.0,3,-1.0,0.0,3,1,-,0.0
ENSMUSG00000028763-B,"Oxymorphone, bis(trimethylsilyl) ether",0.0,1.0,3,,,2,-0.7061878636037996,0.1168066069474558,6,-0.8433985745067596,0.0011057649286782,11,2,-,0.04567999066745377
ENSMUSG00000028763-B,Tyr-Val,,,2,,,1,,,0,1.0,0.0,3,0,+,0.0
ENSMUSG00000028776-B,"1-(2,4-Dimethoxyphenyl)-propan-2-one",-0.5,0.6666666666666667,3,-0.5,0.6666666666666667,3,-0.6708203932499368,0.21516994256955,5,-0.8715963140583688,0.000472275146145,11,3,-,0.020151823497038902
ENSMUSG00000028776-B,"1,2-Cinnolinedicarboxylic acid, 1,2,3,5,6,7,8,8a-octahydro-4-trimethylsilyloxy-, diethyl ester",,,0,,,2,,,1,1.0,0.0,3,0,+,0.0
ENSMUSG00000028776-B,2-Norbornanemethanol,,,0,,,1,,,2,1.0,0.0,3,0,+,0.0
ENSMUSG00000028776-B,3-(4-Methoxyphenyl)coumarin,,,1,,,0,1.0,0.0,3,1.0,0.0,4,1,+,0.0
ENSMUSG00000028776-B,"3,4-Dihydroxybenzaldehyde",-1.0,0.0,3,,,0,,,0,-1.0,0.0,3,1,-,0.0
ENSMUSG00000028776-B,cis-2-Decenoic acid,,,1,,,0,,,2,-1.0,0.0,3,0,-,0.0
ENSMUSG00000028776-B,"l-Leucine, n-butoxycarbonyl-N-methyl-, hexadecyl ester",,,2,,,2,,,0,1.0,0.0,4,0,+,0.0
ENSMUSG00000028776-B,Malic acid,-1.0,0.0,3,-1.0,0.0,3,-0.8285714285714287,0.0415626822157433,6,-0.847637026689399,0.000497797379436,12,3,-,0.021196811011713296
ENSMUSG00000028776-B,Tyr-Val,,,2,,,1,,,0,1.0,0.0,3,0,+,0.0
ENSMUSG00000028776-B,Uracil,-1.0,0.0,3,-0.5,0.6666666666666667,3,-0.8116794499134279,0.0498575851013403,6,-0.8295370132366225,0.0008449952834488,12,3,-,0.03532183472842457
ENSMUSG00000028807-B,"1,2-Bis(trimethylsiloxy)cyclohexene",,,1,,,2,,,0,-1.0,0.0,3,0,-,0.0
ENSMUSG00000028807-B,"3-Hydroxy-7,3',4',5'-tetramethoxyflavone",,,2,,,0,,,1,-1.0,0.0,3,0,-,0.0
ENSMUSG00000028807-B,"Benzene, 1-ethyl-3,5-dimethyl",,,1,,,1,,,2,1.0,0.0,4,0,+,0.0
ENSMUSG00000028807-B,L-(+)-Threose,,,0,,,0,1.0,0.0,3,1.0,0.0,3,1,+,0.0
ENSMUSG00000028807-B,L-Threonine,,,0,,,1,1.0,0.0,4,1.0,1.4042654220543672e-24,5,1,+,6.180272427134274e-23
ENSMUSG00000028807-B,Tyr-Val,,,2,,,1,,,0,-1.0,0.0,3,0,-,0.0
ENSMUSG00000028871-B,2-Aminoquinolin-8-ol,,,1,,,1,,,1,1.0,0.0,3,0,+,0.0
ENSMUSG00000028871-B,3-(4-Methoxyphenyl)coumarin,,,1,,,0,1.0,0.0,3,1.0,0.0,4,1,+,0.0
ENSMUSG00000028871-B,"3,4-Dihydroxybenzaldehyde",-1.0,0.0,3,,,0,,,0,-1.0,0.0,3,1,-,0.0
ENSMUSG00000028871-B,cis-2-Decenoic acid,,,1,,,0,,,2,-1.0,0.0,3,0,-,0.0
ENSMUSG00000028871-B,L-Glutamic acid,,,0,,,2,-1.0,0.0,3,-1.0,1.4042654220543672e-24,5,1,-,6.180272427134274e-23
ENSMUSG00000028871-B,"N-[(3,4,5-Trimethoxyphenyl)methylidene]hydroxylamine",,,0,,,0,1.0,0.0,3,1.0,0.0,3,1,+,0.0
ENSMUSG00000028948-B,"13-Docosenamide, (Z)",,,0,,,0,-1.0,0.0,3,-1.0,0.0,3,1,-,0.0
ENSMUSG00000028948-B,2-Aminoquinolin-8-ol,,,1,,,1,,,1,-1.0,0.0,3,0,-,0.0
ENSMUSG00000028948-B,2-Norbornanemethanol,,,0,,,1,,,2,1.0,0.0,3,0,+,0.0
ENSMUSG00000028948-B,"3,4-Dihydroxybenzaldehyde",1.0,0.0,3,,,0,,,0,1.0,0.0,3,1,+,0.0
ENSMUSG00000028948-B,cis-2-Decenoic acid,,,1,,,0,,,2,1.0,0.0,3,0,+,0.0
ENSMUSG00000028948-B,L-Val-L-Leu,,,0,,,0,1.0,0.0,3,1.0,0.0,3,1,+,0.0
ENSMUSG00000029176-B,"3,4-Dihydroxybenzaldehyde",1.0,0.0,3,,,0,,,0,1.0,0.0,3,1,+,0.0
ENSMUSG00000029176-B,"3-Hydroxy-7,3',4',5'-tetramethoxyflavone",,,2,,,0,,,1,-1.0,0.0,3,0,-,0.0
ENSMUSG00000029176-B,cis-2-Decenoic acid,,,1,,,0,,,2,-1.0,0.0,3,0,-,0.0
ENSMUSG00000029176-B,Luciferin,,,1,,,2,,,1,-1.0,0.0,4,0,-,0.0
ENSMUSG00000029176-B,"N-[(3,4,5-Trimethoxyphenyl)methylidene]hydroxylamine",,,0,,,0,-1.0,0.0,3,-1.0,0.0,3,1,-,0.0
ENSMUSG00000029176-B,Sulindac,,,0,,,2,-1.0,0.0,3,-1.0,1.4042654220543672e-24,5,1,-,6.180272427134274e-23
ENSMUSG00000029176-B,Tyr-Val,,,2,,,1,,,0,-1.0,0.0,3,0,-,0.0
ENSMUSG00000029245-B,"1,2-Cinnolinedicarboxylic acid, 1,2,3,5,6,7,8,8a-octahydro-4-trimethylsilyloxy-, diethyl ester",,,0,,,2,,,1,1.0,0.0,3,0,+,0.0
ENSMUSG00000029245-B,2-Norbornanemethanol,,,0,,,1,,,2,1.0,0.0,3,0,+,0.0
ENSMUSG00000029245-B,cis-2-Decenoic acid,,,1,,,0,,,2,1.0,0.0,3,0,+,0.0
ENSMUSG00000029245-B,Isosorbide,-1.0,0.0,3,,,0,,,0,-1.0,0.0,3,1,-,0.0
ENSMUSG00000029245-B,L-Ornithine,,,2,,,1,,,1,1.0,0.0,4,0,+,0.0
ENSMUSG00000029245-B,"N-[(3,4,5-Trimethoxyphenyl)methylidene]hydroxylamine",,,0,,,0,1.0,0.0,3,1.0,0.0,3,1,+,0.0
ENSMUSG00000029245-B,Octadecanoic acid,,,2,,,1,,,0,-1.0,0.0,3,0,-,0.0
ENSMUSG00000029433-B,"1,2-Bis(trimethylsiloxy)cyclohexene",,,1,,,2,,,0,1.0,0.0,3,0,+,0.0
ENSMUSG00000029433-B,"1,2-Cinnolinedicarboxylic acid, 1,2,3,5,6,7,8,8a-octahydro-4-trimethylsilyloxy-, diethyl ester",,,0,,,2,,,1,-1.0,0.0,3,0,-,0.0
ENSMUSG00000029433-B,2-Norbornanemethanol,,,0,,,1,,,2,-1.0,0.0,3,0,-,0.0
ENSMUSG00000029433-B,"3-Hydroxy-7,3',4',5'-tetramethoxyflavone",,,2,,,0,,,1,1.0,0.0,3,0,+,0.0
ENSMUSG00000029433-B,L-(+)-Threose,,,0,,,0,1.0,0.0,3,1.0,0.0,3,1,+,0.0
ENSMUSG00000029433-B,"N-[(3,4,5-Trimethoxyphenyl)methylidene]hydroxylamine",,,0,,,0,1.0,0.0,3,1.0,0.0,3,1,+,0.0
ENSMUSG00000029551-B,"3,4-Dihydroxybenzaldehyde",1.0,0.0,3,,,0,,,0,1.0,0.0,3,1,+,0.0
ENSMUSG00000029551-B,"3-Hydroxy-7,3',4',5'-tetramethoxyflavone",,,2,,,0,,,1,-1.0,0.0,3,0,-,0.0
ENSMUSG00000029551-B,"4,5-Dihydro-1H-pyrazole",,,1,,,2,,,1,1.0,0.0,4,0,+,0.0
ENSMUSG00000029551-B,7-Hydroxy-4-(methoxymethyl)coumarin,,,1,,,0,-1.0,0.0,3,-1.0,0.0,4,1,-,0.0
ENSMUSG00000029551-B,Citramalic acid,0.8660254037844387,0.3333333333333332,3,-1.0,0.0,3,-0.8207826816681233,0.0885870053135438,5,-0.8401914075580906,0.0012054910259263,11,3,-,0.04956712016179444
ENSMUSG00000029551-B,Luciferin,,,1,,,2,,,1,-1.0,0.0,4,0,-,0.0
ENSMUSG00000029551-B,L-Val-L-Leu,,,0,,,0,-1.0,0.0,3,-1.0,0.0,3,1,-,0.0
ENSMUSG00000029551-B,m-Toluic acid,-0.5,0.6666666666666667,3,-1.0,0.0,3,-0.6377481392176932,0.1730711102412597,6,-0.8783410302571225,0.0001705355586805,12,3,-,0.007428454187415347
ENSMUSG00000029551-B,"N-[(3,4,5-Trimethoxyphenyl)methylidene]hydroxylamine",,,0,,,0,1.0,0.0,3,1.0,0.0,3,1,+,0.0
ENSMUSG00000029551-B,Tyr-Val,,,2,,,1,,,0,-1.0,0.0,3,0,-,0.0
ENSMUSG00000029569-B,"1,2-Cinnolinedicarboxylic acid, 1,2,3,5,6,7,8,8a-octahydro-4-trimethylsilyloxy-, diethyl ester",,,0,,,2,,,1,-1.0,0.0,3,0,-,0.0
ENSMUSG00000029569-B,"2,4-Dimethoxybenzaldoxime",,,1,,,0,,,2,-1.0,0.0,3,0,-,0.0
ENSMUSG00000029569-B,"3-Hydroxy-7,3',4',5'-tetramethoxyflavone",,,2,,,0,,,1,-1.0,0.0,3,0,-,0.0
ENSMUSG00000029569-B,Isosorbide,-1.0,0.0,3,,,0,,,0,-1.0,0.0,3,1,-,0.0
ENSMUSG00000029569-B,L-(+)-Threose,,,0,,,0,1.0,0.0,3,1.0,0.0,3,1,+,0.0
ENSMUSG00000029569-B,Luciferin,,,1,,,2,,,1,-1.0,0.0,4,0,-,0.0
ENSMUSG00000029569-B,L-Val-L-Leu,,,0,,,0,-1.0,0.0,3,-1.0,0.0,3,1,-,0.0
ENSMUSG00000029569-B,"N-[(3,4,5-Trimethoxyphenyl)methylidene]hydroxylamine",,,0,,,0,1.0,0.0,3,1.0,0.0,3,1,+,0.0
ENSMUSG00000029569-B,Octadecanoic acid,,,2,,,1,,,0,-1.0,0.0,3,0,-,0.0
ENSMUSG00000029660-B,Glabridin,,,2,,,1,,,1,1.0,0.0,4,0,+,0.0
ENSMUSG00000029660-B,L-Val-L-Leu,,,0,,,0,-1.0,0.0,3,-1.0,0.0,3,1,-,0.0
ENSMUSG00000029660-B,Tyr-Val,,,2,,,1,,,0,-1.0,0.0,3,0,-,0.0
ENSMUSG00000029699-B,"13-Docosenamide, (Z)",,,0,,,0,1.0,0.0,3,1.0,0.0,3,1,+,0.0
ENSMUSG00000029699-B,"3,3-Dimethylacrylic acid",,,1,,,1,,,2,-1.0,0.0,4,0,-,0.0
ENSMUSG00000029699-B,"3-Hydroxy-7,3',4',5'-tetramethoxyflavone",,,2,,,0,,,1,1.0,0.0,3,0,+,0.0
ENSMUSG00000029699-B,Biphenyl,-1.0,0.0,3,-0.8660254037844387,0.3333333333333332,3,-0.8804062740424288,0.0205987347749203,6,-0.8160733259202981,0.001206379569587,12,3,-,0.04958710952641962
ENSMUSG00000029913-B,"1,2-Bis(trimethylsiloxy)cyclohexene",,,1,,,2,,,0,-1.0,0.0,3,0,-,0.0
ENSMUSG00000029913-B,"13-Docosenamide, (Z)",,,0,,,0,1.0,0.0,3,1.0,0.0,3,1,+,0.0
ENSMUSG00000029913-B,"2,4-Dimethoxybenzaldoxime",,,1,,,0,,,2,1.0,0.0,3,0,+,0.0
ENSMUSG00000029913-B,2-Aminoquinolin-8-ol,,,1,,,1,,,1,1.0,0.0,3,0,+,0.0
ENSMUSG00000029913-B,"3-Hydroxy-7,3',4',5'-tetramethoxyflavone",,,2,,,0,,,1,-1.0,0.0,3,0,-,0.0
ENSMUSG00000029913-B,cis-2-Decenoic acid,,,1,,,0,,,2,-1.0,0.0,3,0,-,0.0
ENSMUSG00000029913-B,Isosorbide,-1.0,0.0,3,,,0,,,0,-1.0,0.0,3,1,-,0.0
ENSMUSG00000029913-B,L-Ornithine,,,2,,,1,,,1,1.0,0.0,4,0,+,0.0
ENSMUSG00000029913-B,L-Val-L-Leu,,,0,,,0,1.0,0.0,3,1.0,0.0,3,1,+,0.0
ENSMUSG00000029913-B,Octadecanoic acid,,,2,,,1,,,0,-1.0,0.0,3,0,-,0.0
ENSMUSG00000029915-B,"1,2-Bis(trimethylsiloxy)cyclohexene",,,1,,,2,,,0,1.0,0.0,3,0,+,0.0
ENSMUSG00000029915-B,"2,4-Dimethoxybenzaldoxime",,,1,,,0,,,2,-1.0,0.0,3,0,-,0.0
ENSMUSG00000029915-B,Glabridin,,,2,,,1,,,1,-1.0,0.0,4,0,-,0.0
ENSMUSG00000029915-B,L-(+)-Threose,,,0,,,0,-1.0,0.0,3,-1.0,0.0,3,1,-,0.0
ENSMUSG00000029915-B,tert-butyl(dimethyl)silyl-2-([tert-butyl(dimethyl)silyl]oxy)hex-2-enoate,,,0,,,0,-1.0,0.0,4,-1.0,0.0,4,1,-,0.0
ENSMUSG00000030047-B,"1,2-Cinnolinedicarboxylic acid, 1,2,3,5,6,7,8,8a-octahydro-4-trimethylsilyloxy-, diethyl ester",,,0,,,2,,,1,1.0,0.0,3,0,+,0.0
ENSMUSG00000030047-B,cis-2-Decenoic acid,,,1,,,0,,,2,1.0,0.0,3,0,+,0.0
ENSMUSG00000030047-B,Isosorbide,-1.0,0.0,3,,,0,,,0,-1.0,0.0,3,1,-,0.0
ENSMUSG00000030047-B,L-Ornithine,,,2,,,1,,,1,1.0,0.0,4,0,+,0.0
ENSMUSG00000030047-B,"N-[(3,4,5-Trimethoxyphenyl)methylidene]hydroxylamine",,,0,,,0,1.0,0.0,3,1.0,0.0,3,1,+,0.0
ENSMUSG00000030047-B,Octadecanoic acid,,,2,,,1,,,0,-1.0,0.0,3,0,-,0.0
ENSMUSG00000030074-B,2-Aminoquinolin-8-ol,,,1,,,1,,,1,1.0,0.0,3,0,+,0.0
ENSMUSG00000030074-B,Luciferin,,,1,,,2,,,1,-1.0,0.0,4,0,-,0.0
ENSMUSG00000030108-B,"13-Docosenamide, (Z)",,,0,,,0,-1.0,0.0,3,-1.0,0.0,3,1,-,0.0
ENSMUSG00000030108-B,"3-Hydroxy-7,3',4',5'-tetramethoxyflavone",,,2,,,0,,,1,1.0,0.0,3,0,+,0.0
ENSMUSG00000030108-B,cis-2-Decenoic acid,,,1,,,0,,,2,1.0,0.0,3,0,+,0.0
ENSMUSG00000030108-B,"l-Leucine, n-butoxycarbonyl-N-methyl-, hexadecyl ester",,,2,,,2,,,0,1.0,0.0,4,0,+,0.0
ENSMUSG00000030111-B,"1,2-Cinnolinedicarboxylic acid, 1,2,3,5,6,7,8,8a-octahydro-4-trimethylsilyloxy-, diethyl ester",,,0,,,2,,,1,-1.0,0.0,3,0,-,0.0
ENSMUSG00000030111-B,2-Aminoquinolin-8-ol,,,1,,,1,,,1,1.0,0.0,3,0,+,0.0
ENSMUSG00000030111-B,"3,4-Dihydroxybenzaldehyde",-1.0,0.0,3,,,0,,,0,-1.0,0.0,3,1,-,0.0
ENSMUSG00000030111-B,cis-2-Decenoic acid,,,1,,,0,,,2,-1.0,0.0,3,0,-,0.0
ENSMUSG00000030111-B,L-(+)-Threose,,,0,,,0,1.0,0.0,3,1.0,0.0,3,1,+,0.0
ENSMUSG00000030111-B,L-Glutamic acid,,,0,,,2,-1.0,0.0,3,-1.0,1.4042654220543672e-24,5,1,-,6.180272427134274e-23
ENSMUSG00000030189-B,"1,2-Bis(trimethylsiloxy)cyclohexene",,,1,,,2,,,0,1.0,0.0,3,0,+,0.0
ENSMUSG00000030189-B,2-Aminoquinolin-8-ol,,,1,,,1,,,1,1.0,0.0,3,0,+,0.0
ENSMUSG00000030189-B,2-Norbornanemethanol,,,0,,,1,,,2,1.0,0.0,3,0,+,0.0
ENSMUSG00000030189-B,"3,4-Dihydroxybenzaldehyde",-1.0,0.0,3,,,0,,,0,-1.0,0.0,3,1,-,0.0
ENSMUSG00000030189-B,"3-Hydroxy-7,3',4',5'-tetramethoxyflavone",,,2,,,0,,,1,1.0,0.0,3,0,+,0.0
ENSMUSG00000030189-B,cis-2-Decenoic acid,,,1,,,0,,,2,-1.0,0.0,3,0,-,0.0
ENSMUSG00000030189-B,L-(+)-Threose,,,0,,,0,-1.0,0.0,3,-1.0,0.0,3,1,-,0.0
ENSMUSG00000030189-B,"N-[(3,4,5-Trimethoxyphenyl)methylidene]hydroxylamine",,,0,,,0,-1.0,0.0,3,-1.0,0.0,3,1,-,0.0
ENSMUSG00000030189-B,Tyr-Val,,,2,,,1,,,0,1.0,0.0,3,0,+,0.0
ENSMUSG00000030224-B,"1,2-Bis(trimethylsiloxy)cyclohexene",,,1,,,2,,,0,-1.0,0.0,3,0,-,0.0
ENSMUSG00000030224-B,"1,2-Cinnolinedicarboxylic acid, 1,2,3,5,6,7,8,8a-octahydro-4-trimethylsilyloxy-, diethyl ester",,,0,,,2,,,1,-1.0,0.0,3,0,-,0.0
ENSMUSG00000030224-B,2-Aminoquinolin-8-ol,,,1,,,1,,,1,1.0,0.0,3,0,+,0.0
ENSMUSG00000030224-B,"2-Methylcyclohexanol, (Z)",1.0,0.0,3,0.0,1.0,3,-0.9276336570439176,0.0076658441874731,6,-0.865773028606769,0.0002727303372982,12,3,-,0.01179661616892144
ENSMUSG00000030224-B,3-(4-Methoxyphenyl)coumarin,,,1,,,0,1.0,0.0,3,1.0,0.0,4,1,+,0.0
ENSMUSG00000030224-B,"3-Hydroxy-7,3',4',5'-tetramethoxyflavone",,,2,,,0,,,1,-1.0,0.0,3,0,-,0.0
ENSMUSG00000030224-B,cis-2-Decenoic acid,,,1,,,0,,,2,-1.0,0.0,3,0,-,0.0
ENSMUSG00000030224-B,Glycine,-1.0,0.0,3,-0.5,0.6666666666666667,3,-0.2319084142609793,0.658373571260927,6,-0.824566479341442,0.0009669805587122,12,3,-,0.040162121418976876
ENSMUSG00000030224-B,Isosorbide,-1.0,0.0,3,,,0,,,0,-1.0,0.0,3,1,-,0.0
ENSMUSG00000030224-B,L-(+)-Threose,,,0,,,0,-1.0,0.0,3,-1.0,0.0,3,1,-,0.0
ENSMUSG00000030224-B,L-Val-L-Leu,,,0,,,0,-1.0,0.0,3,-1.0,0.0,3,1,-,0.0
ENSMUSG00000030224-B,Octadecanoic acid,,,2,,,1,,,0,-1.0,0.0,3,0,-,0.0
ENSMUSG00000030271-B,2-Aminoquinolin-8-ol,,,1,,,1,,,1,1.0,0.0,3,0,+,0.0
ENSMUSG00000030271-B,"2-Methylcyclohexanol, (Z)",-0.5,0.6666666666666667,3,-0.8660254037844387,0.3333333333333332,3,-0.5507824838698261,0.2573693316225744,6,-0.830435353969758,0.0008242807861663,12,3,-,0.0344910428792099
ENSMUSG00000030271-B,"3,4-Dihydroxybenzaldehyde",-1.0,0.0,3,,,0,,,0,-1.0,0.0,3,1,-,0.0
ENSMUSG00000030271-B,cis-2-Decenoic acid,,,1,,,0,,,2,-1.0,0.0,3,0,-,0.0
ENSMUSG00000030271-B,Glycine,0.5,0.6666666666666667,3,-1.0,0.0,3,-0.753702346348183,0.0835232813732598,6,-0.8350928599287796,0.0007230932349395,12,3,-,0.03047427474062742
ENSMUSG00000030271-B,L-(+)-Threose,,,0,,,0,1.0,0.0,3,1.0,0.0,3,1,+,0.0
ENSMUSG00000030271-B,L-Glutamic acid,,,0,,,2,-1.0,0.0,3,-1.0,1.4042654220543672e-24,5,1,-,6.180272427134274e-23
ENSMUSG00000030271-B,L-Val-L-Leu,,,0,,,0,-1.0,0.0,3,-1.0,0.0,3,1,-,0.0
ENSMUSG00000030401-B,"1,2-Bis(trimethylsiloxy)cyclohexene",,,1,,,2,,,0,-1.0,0.0,3,0,-,0.0
ENSMUSG00000030401-B,"13-Docosenamide, (Z)",,,0,,,0,-1.0,0.0,3,-1.0,0.0,3,1,-,0.0
ENSMUSG00000030401-B,2-Norbornanemethanol,,,0,,,1,,,2,1.0,0.0,3,0,+,0.0
ENSMUSG00000030401-B,"3,3-Dimethylacrylic acid",,,1,,,1,,,2,1.0,0.0,4,0,+,0.0
ENSMUSG00000030401-B,"3-Hydroxy-7,3',4',5'-tetramethoxyflavone",,,2,,,0,,,1,-1.0,0.0,3,0,-,0.0
ENSMUSG00000030401-B,Chlorobenzilate,,,0,,,2,,,2,-1.0,0.0,4,0,-,0.0
ENSMUSG00000030889-B,2-Aminoquinolin-8-ol,,,1,,,1,,,1,-1.0,0.0,3,0,-,0.0
ENSMUSG00000030889-B,"3,4-Dihydroxybenzaldehyde",1.0,0.0,3,,,0,,,0,1.0,0.0,3,1,+,0.0
ENSMUSG00000030889-B,7-Hydroxy-4-(methoxymethyl)coumarin,,,1,,,0,1.0,0.0,3,1.0,0.0,4,1,+,0.0
ENSMUSG00000030889-B,Luciferin,,,1,,,2,,,1,1.0,0.0,4,0,+,0.0
ENSMUSG00000030889-B,m-Toluic acid,-0.5,0.6666666666666667,3,1.0,0.0,3,0.8696565534786727,0.0243768916856907,6,0.9030333483768006,5.725998165511521e-05,12,3,+,0.0025101912270935065
ENSMUSG00000030889-B,"N-[(3,4,5-Trimethoxyphenyl)methylidene]hydroxylamine",,,0,,,0,1.0,0.0,3,1.0,0.0,3,1,+,0.0
ENSMUSG00000030889-B,Octadecanoic acid,,,2,,,1,,,0,1.0,0.0,3,0,+,0.0
ENSMUSG00000030942-B,"13-Docosenamide, (Z)",,,0,,,0,-1.0,0.0,3,-1.0,0.0,3,1,-,0.0
ENSMUSG00000030942-B,"2,4-Dimethoxybenzaldoxime",,,1,,,0,,,2,-1.0,0.0,3,0,-,0.0
ENSMUSG00000030942-B,Chlorobenzilate,,,0,,,2,,,2,-1.0,0.0,4,0,-,0.0
ENSMUSG00000030942-B,L-Glutamic acid,,,0,,,2,-1.0,0.0,3,-1.0,1.4042654220543672e-24,5,1,-,6.180272427134274e-23
ENSMUSG00000030942-B,"l-Leucine, n-butoxycarbonyl-N-methyl-, hexadecyl ester",,,2,,,2,,,0,1.0,0.0,4,0,+,0.0
ENSMUSG00000030942-B,Sulindac,,,0,,,2,-1.0,0.0,3,-1.0,1.4042654220543672e-24,5,1,-,6.180272427134274e-23
ENSMUSG00000030942-B,tert-butyl(dimethyl)silyl-2-([tert-butyl(dimethyl)silyl]oxy)hex-2-enoate,,,0,,,0,-1.0,0.0,4,-1.0,0.0,4,1,-,0.0
ENSMUSG00000031059-B,"1,2-Cinnolinedicarboxylic acid, 1,2,3,5,6,7,8,8a-octahydro-4-trimethylsilyloxy-, diethyl ester",,,0,,,2,,,1,-1.0,0.0,3,0,-,0.0
ENSMUSG00000031059-B,"13-Docosenamide, (Z)",,,0,,,0,-1.0,0.0,3,-1.0,0.0,3,1,-,0.0
ENSMUSG00000031059-B,"2,4-Dimethoxybenzaldoxime",,,1,,,0,,,2,-1.0,0.0,3,0,-,0.0
ENSMUSG00000031059-B,2-Aminoquinolin-8-ol,,,1,,,1,,,1,1.0,0.0,3,0,+,0.0
ENSMUSG00000031059-B,"3,4-Dihydroxybenzaldehyde",-1.0,0.0,3,,,0,,,0,-1.0,0.0,3,1,-,0.0
ENSMUSG00000031059-B,Chlorobenzilate,,,0,,,2,,,2,-1.0,0.0,4,0,-,0.0
ENSMUSG00000031099-B,"1,2-Bis(trimethylsiloxy)cyclohexene",,,1,,,2,,,0,1.0,0.0,3,0,+,0.0
ENSMUSG00000031099-B,"13-Docosenamide, (Z)",,,0,,,0,-1.0,0.0,3,-1.0,0.0,3,1,-,0.0
ENSMUSG00000031099-B,"2,4-Dimethoxybenzaldoxime",,,1,,,0,,,2,-1.0,0.0,3,0,-,0.0
ENSMUSG00000031099-B,2-Aminoquinolin-8-ol,,,1,,,1,,,1,-1.0,0.0,3,0,-,0.0
ENSMUSG00000031099-B,"3,3-Dimethylacrylic acid",,,1,,,1,,,2,-1.0,0.0,4,0,-,0.0
ENSMUSG00000031099-B,"Benzene, 1-ethyl-3,5-dimethyl",,,1,,,1,,,2,-1.0,0.0,4,0,-,0.0
ENSMUSG00000031099-B,L-(+)-Threose,,,0,,,0,-1.0,0.0,3,-1.0,0.0,3,1,-,0.0
ENSMUSG00000031099-B,Octadecanoic acid,,,2,,,1,,,0,1.0,0.0,3,0,+,0.0
ENSMUSG00000031264-B,2-Aminoquinolin-8-ol,,,1,,,1,,,1,-1.0,0.0,3,0,-,0.0
ENSMUSG00000031264-B,cis-2-Decenoic acid,,,1,,,0,,,2,1.0,0.0,3,0,+,0.0
ENSMUSG00000031264-B,Isosorbide,-1.0,0.0,3,,,0,,,0,-1.0,0.0,3,1,-,0.0
ENSMUSG00000031264-B,L-Val-L-Leu,,,0,,,0,1.0,0.0,3,1.0,0.0,3,1,+,0.0
ENSMUSG00000031264-B,Tyr-Val,,,2,,,1,,,0,1.0,0.0,3,0,+,0.0
ENSMUSG00000031355-B,"13-Docosenamide, (Z)",,,0,,,0,1.0,0.0,3,1.0,0.0,3,1,+,0.0
ENSMUSG00000031355-B,2-Aminoquinolin-8-ol,,,1,,,1,,,1,1.0,0.0,3,0,+,0.0
ENSMUSG00000031355-B,"3,3-Dimethylacrylic acid",,,1,,,1,,,2,-1.0,0.0,4,0,-,0.0
ENSMUSG00000031355-B,"Benzene, 1-ethyl-3,5-dimethyl",,,1,,,1,,,2,1.0,0.0,4,0,+,0.0
ENSMUSG00000031355-B,cis-2-Decenoic acid,,,1,,,0,,,2,-1.0,0.0,3,0,-,0.0
ENSMUSG00000031355-B,L-(+)-Threose,,,0,,,0,1.0,0.0,3,1.0,0.0,3,1,+,0.0
ENSMUSG00000031355-B,Luciferin,,,1,,,2,,,1,-1.0,0.0,4,0,-,0.0
ENSMUSG00000031409-B,2-Aminoquinolin-8-ol,,,1,,,1,,,1,1.0,0.0,3,0,+,0.0
ENSMUSG00000031409-B,2-Ethyl-1-butanol,,,0,,,2,1.0,0.0,3,1.0,1.4042654220543672e-24,5,1,+,6.180272427134274e-23
ENSMUSG00000031409-B,2-Norbornanemethanol,,,0,,,1,,,2,-1.0,0.0,3,0,-,0.0
ENSMUSG00000031409-B,"3-Hydroxy-7,3',4',5'-tetramethoxyflavone",,,2,,,0,,,1,-1.0,0.0,3,0,-,0.0
ENSMUSG00000031409-B,Isosorbide,-1.0,0.0,3,,,0,,,0,-1.0,0.0,3,1,-,0.0
ENSMUSG00000031409-B,Luciferin,,,1,,,2,,,1,-1.0,0.0,4,0,-,0.0
ENSMUSG00000031409-B,L-Val-L-Leu,,,0,,,0,1.0,0.0,3,1.0,0.0,3,1,+,0.0
ENSMUSG00000031409-B,"N-[(3,4,5-Trimethoxyphenyl)methylidene]hydroxylamine",,,0,,,0,1.0,0.0,3,1.0,0.0,3,1,+,0.0
ENSMUSG00000031409-B,Octadecanoic acid,,,2,,,1,,,0,-1.0,0.0,3,0,-,0.0
ENSMUSG00000031659-B,"1,2-Bis(trimethylsiloxy)cyclohexene",,,1,,,2,,,0,1.0,0.0,3,0,+,0.0
ENSMUSG00000031659-B,"1,2-Cinnolinedicarboxylic acid, 1,2,3,5,6,7,8,8a-octahydro-4-trimethylsilyloxy-, diethyl ester",,,0,,,2,,,1,-1.0,0.0,3,0,-,0.0
ENSMUSG00000031659-B,"2,4-Dimethoxybenzaldoxime",,,1,,,0,,,2,1.0,0.0,3,0,+,0.0
ENSMUSG00000031659-B,2-Aminoquinolin-8-ol,,,1,,,1,,,1,1.0,0.0,3,0,+,0.0
ENSMUSG00000031659-B,2-Norbornanemethanol,,,0,,,1,,,2,-1.0,0.0,3,0,-,0.0
ENSMUSG00000031659-B,7-Hydroxy-4-(methoxymethyl)coumarin,,,1,,,0,-1.0,0.0,3,-1.0,0.0,4,1,-,0.0
ENSMUSG00000031659-B,cis-2-Decenoic acid,,,1,,,0,,,2,-1.0,0.0,3,0,-,0.0
ENSMUSG00000031659-B,Isosorbide,1.0,0.0,3,,,0,,,0,1.0,0.0,3,1,+,0.0
ENSMUSG00000031659-B,L-Val-L-Leu,,,0,,,0,-1.0,0.0,3,-1.0,0.0,3,1,-,0.0
ENSMUSG00000031659-B,"N-[(3,4,5-Trimethoxyphenyl)methylidene]hydroxylamine",,,0,,,0,-1.0,0.0,3,-1.0,0.0,3,1,-,0.0
ENSMUSG00000031659-B,Octadecanoic acid,,,2,,,1,,,0,1.0,0.0,3,0,+,0.0
ENSMUSG00000031659-B,Tyr-Val,,,2,,,1,,,0,-1.0,0.0,3,0,-,0.0
ENSMUSG00000031734-B,"1,2-Bis(trimethylsiloxy)cyclohexene",,,1,,,2,,,0,-1.0,0.0,3,0,-,0.0
ENSMUSG00000031734-B,"1,2-Cinnolinedicarboxylic acid, 1,2,3,5,6,7,8,8a-octahydro-4-trimethylsilyloxy-, diethyl ester",,,0,,,2,,,1,1.0,0.0,3,0,+,0.0
ENSMUSG00000031734-B,"13-Docosenamide, (Z)",,,0,,,0,-1.0,0.0,3,-1.0,0.0,3,1,-,0.0
ENSMUSG00000031734-B,"2,4-Dimethoxybenzaldoxime",,,1,,,0,,,2,-1.0,0.0,3,0,-,0.0
ENSMUSG00000031734-B,2-Aminoquinolin-8-ol,,,1,,,1,,,1,-1.0,0.0,3,0,-,0.0
ENSMUSG00000031734-B,cis-2-Decenoic acid,,,1,,,0,,,2,1.0,0.0,3,0,+,0.0
ENSMUSG00000031734-B,Isosorbide,-1.0,0.0,3,,,0,,,0,-1.0,0.0,3,1,-,0.0
ENSMUSG00000031734-B,L-Val-L-Leu,,,0,,,0,-1.0,0.0,3,-1.0,0.0,3,1,-,0.0
ENSMUSG00000031734-B,Octadecanoic acid,,,2,,,1,,,0,-1.0,0.0,3,0,-,0.0
ENSMUSG00000031734-B,Tyr-Val,,,2,,,1,,,0,1.0,0.0,3,0,+,0.0
ENSMUSG00000031775-B,Isosorbide,1.0,0.0,3,,,0,,,0,1.0,0.0,3,1,+,0.0
ENSMUSG00000031775-B,"l-Leucine, n-butoxycarbonyl-N-methyl-, hexadecyl ester",,,2,,,2,,,0,-1.0,0.0,4,0,-,0.0
ENSMUSG00000031775-B,L-Val-L-Leu,,,0,,,0,-1.0,0.0,3,-1.0,0.0,3,1,-,0.0
ENSMUSG00000031788-B,2-Aminoquinolin-8-ol,,,1,,,1,,,1,1.0,0.0,3,0,+,0.0
ENSMUSG00000031788-B,2-Norbornanemethanol,,,0,,,1,,,2,-1.0,0.0,3,0,-,0.0
ENSMUSG00000031788-B,Isosorbide,1.0,0.0,3,,,0,,,0,1.0,0.0,3,1,+,0.0
ENSMUSG00000031788-B,L-Val-L-Leu,,,0,,,0,1.0,0.0,3,1.0,0.0,3,1,+,0.0
ENSMUSG00000031788-B,"N-[(3,4,5-Trimethoxyphenyl)methylidene]hydroxylamine",,,0,,,0,1.0,0.0,3,1.0,0.0,3,1,+,0.0
ENSMUSG00000031844-B,"1-(2,4-Dimethoxyphenyl)-propan-2-one",-0.5,0.6666666666666667,3,-0.5,0.6666666666666667,3,-0.8944271909999157,0.040519326353834,5,-0.8425925925925924,0.0011302204612441,11,3,-,0.04659654313787569
ENSMUSG00000031844-B,"1,2-Cinnolinedicarboxylic acid, 1,2,3,5,6,7,8,8a-octahydro-4-trimethylsilyloxy-, diethyl ester",,,0,,,2,,,1,1.0,0.0,3,0,+,0.0
ENSMUSG00000031844-B,2-Aminoquinolin-8-ol,,,1,,,1,,,1,1.0,0.0,3,0,+,0.0
ENSMUSG00000031844-B,2-Norbornanemethanol,,,0,,,1,,,2,-1.0,0.0,3,0,-,0.0
ENSMUSG00000031844-B,"3,3-Dimethylacrylic acid",,,1,,,1,,,2,-1.0,0.0,4,0,-,0.0
ENSMUSG00000031844-B,"3,4-Dihydroxybenzaldehyde",-1.0,0.0,3,,,0,,,0,-1.0,0.0,3,1,-,0.0
ENSMUSG00000031844-B,4-tert-Butyldimethylsiloxy-3-penten-2-one,,,0,,,0,-1.0,0.0,4,-1.0,0.0,4,1,-,0.0
ENSMUSG00000031844-B,L-(+)-Threose,,,0,,,0,1.0,0.0,3,1.0,0.0,3,1,+,0.0
ENSMUSG00000031844-B,tert-butyl(dimethyl)silyl-2-([tert-butyl(dimethyl)silyl]oxy)hex-2-enoate,,,0,,,0,1.0,0.0,4,1.0,0.0,4,1,+,0.0
ENSMUSG00000031844-B,Tyr-Val,,,2,,,1,,,0,1.0,0.0,3,0,+,0.0
ENSMUSG00000031872-B,"3,4-Dihydroxybenzaldehyde",1.0,0.0,3,,,0,,,0,1.0,0.0,3,1,+,0.0
ENSMUSG00000031872-B,"3-Hydroxy-7,3',4',5'-tetramethoxyflavone",,,2,,,0,,,1,-1.0,0.0,3,0,-,0.0
ENSMUSG00000031872-B,L-Val-L-Leu,,,0,,,0,1.0,0.0,3,1.0,0.0,3,1,+,0.0
ENSMUSG00000031872-B,N-Caffeoyl-O-methyltyramine,,,1,-1.0,0.0,3,-0.753702346348183,0.0835232813732598,6,-0.8693049274624923,0.0010869850351278,10,2,-,0.04493430589694693
ENSMUSG00000031951-B,"1,2-Bis(trimethylsiloxy)cyclohexene",,,1,,,2,,,0,-1.0,0.0,3,0,-,0.0
ENSMUSG00000031951-B,2-Aminoquinolin-8-ol,,,1,,,1,,,1,1.0,0.0,3,0,+,0.0
ENSMUSG00000031951-B,"3-Hydroxy-7,3',4',5'-tetramethoxyflavone",,,2,,,0,,,1,1.0,0.0,3,0,+,0.0
ENSMUSG00000031951-B,cis-2-Decenoic acid,,,1,,,0,,,2,-1.0,0.0,3,0,-,0.0
ENSMUSG00000031951-B,L-Ornithine,,,2,,,1,,,1,1.0,0.0,4,0,+,0.0
ENSMUSG00000031951-B,"N-[(3,4,5-Trimethoxyphenyl)methylidene]hydroxylamine",,,0,,,0,-1.0,0.0,3,-1.0,0.0,3,1,-,0.0
ENSMUSG00000031951-B,Octadecanoic acid,,,2,,,1,,,0,-1.0,0.0,3,0,-,0.0
ENSMUSG00000032018-B,"1,2-Cinnolinedicarboxylic acid, 1,2,3,5,6,7,8,8a-octahydro-4-trimethylsilyloxy-, diethyl ester",,,0,,,2,,,1,-1.0,0.0,3,0,-,0.0
ENSMUSG00000032018-B,"2,4-Dimethoxybenzaldoxime",,,1,,,0,,,2,-1.0,0.0,3,0,-,0.0
ENSMUSG00000032018-B,2-Aminoquinolin-8-ol,,,1,,,1,,,1,1.0,0.0,3,0,+,0.0
ENSMUSG00000032018-B,"3,4-Dihydroxybenzaldehyde",-1.0,0.0,3,,,0,,,0,-1.0,0.0,3,1,-,0.0
ENSMUSG00000032018-B,cis-2-Decenoic acid,,,1,,,0,,,2,-1.0,0.0,3,0,-,0.0
ENSMUSG00000032018-B,"l-Leucine, n-butoxycarbonyl-N-methyl-, hexadecyl ester",,,2,,,2,,,0,1.0,0.0,4,0,+,0.0
ENSMUSG00000032018-B,L-Val-L-Leu,,,0,,,0,-1.0,0.0,3,-1.0,0.0,3,1,-,0.0
ENSMUSG00000032018-B,tert-butyl(dimethyl)silyl-2-([tert-butyl(dimethyl)silyl]oxy)hex-2-enoate,,,0,,,0,-1.0,0.0,4,-1.0,0.0,4,1,-,0.0
ENSMUSG00000032235-B,"1,2-Bis(trimethylsiloxy)cyclohexene",,,1,,,2,,,0,-1.0,0.0,3,0,-,0.0
ENSMUSG00000032235-B,"2,4-Dimethoxybenzaldoxime",,,1,,,0,,,2,1.0,0.0,3,0,+,0.0
ENSMUSG00000032235-B,3-(4-Methoxyphenyl)coumarin,,,1,,,0,-1.0,0.0,3,-1.0,0.0,4,1,-,0.0
ENSMUSG00000032235-B,"3,4-Dihydroxybenzaldehyde",1.0,0.0,3,,,0,,,0,1.0,0.0,3,1,+,0.0
ENSMUSG00000032235-B,7-Hydroxy-4-(methoxymethyl)coumarin,,,1,,,0,1.0,0.0,3,1.0,0.0,4,1,+,0.0
ENSMUSG00000032235-B,cis-2-Decenoic acid,,,1,,,0,,,2,1.0,0.0,3,0,+,0.0
ENSMUSG00000032235-B,Diclofenac,,,1,,,2,,,1,-1.0,0.0,4,0,-,0.0
ENSMUSG00000032235-B,L-(+)-Threose,,,0,,,0,1.0,0.0,3,1.0,0.0,3,1,+,0.0
ENSMUSG00000032235-B,L-Val-L-Leu,,,0,,,0,1.0,0.0,3,1.0,0.0,3,1,+,0.0
ENSMUSG00000032243-B,"1,2-Cinnolinedicarboxylic acid, 1,2,3,5,6,7,8,8a-octahydro-4-trimethylsilyloxy-, diethyl ester",,,0,,,2,,,1,-1.0,0.0,3,0,-,0.0
ENSMUSG00000032243-B,"13-Docosenamide, (Z)",,,0,,,0,1.0,0.0,3,1.0,0.0,3,1,+,0.0
ENSMUSG00000032243-B,2-Norbornanemethanol,,,0,,,1,,,2,-1.0,0.0,3,0,-,0.0
ENSMUSG00000032243-B,cis-2-Decenoic acid,,,1,,,0,,,2,-1.0,0.0,3,0,-,0.0
ENSMUSG00000032243-B,L-(+)-Threose,,,0,,,0,1.0,0.0,3,1.0,0.0,3,1,+,0.0
ENSMUSG00000032251-B,"13-Docosenamide, (Z)",,,0,,,0,1.0,0.0,3,1.0,0.0,3,1,+,0.0
ENSMUSG00000032251-B,2-Norbornanemethanol,,,0,,,1,,,2,-1.0,0.0,3,0,-,0.0
ENSMUSG00000032251-B,"4,5-Dihydro-1H-pyrazole",,,1,,,2,,,1,-1.0,0.0,4,0,-,0.0
ENSMUSG00000032251-B,cis-2-Decenoic acid,,,1,,,0,,,2,1.0,0.0,3,0,+,0.0
ENSMUSG00000032251-B,Isosorbide,-1.0,0.0,3,,,0,,,0,-1.0,0.0,3,1,-,0.0
ENSMUSG00000032251-B,L-Val-L-Leu,,,0,,,0,1.0,0.0,3,1.0,0.0,3,1,+,0.0
ENSMUSG00000032251-B,tert-butyl(dimethyl)silyl-2-([tert-butyl(dimethyl)silyl]oxy)hex-2-enoate,,,0,,,0,1.0,0.0,4,1.0,0.0,4,1,+,0.0
ENSMUSG00000032251-B,Tyr-Val,,,2,,,1,,,0,1.0,0.0,3,0,+,0.0
ENSMUSG00000032295-B,"1,2-Bis(trimethylsiloxy)cyclohexene",,,1,,,2,,,0,1.0,0.0,3,0,+,0.0
ENSMUSG00000032295-B,"1,2-Cinnolinedicarboxylic acid, 1,2,3,5,6,7,8,8a-octahydro-4-trimethylsilyloxy-, diethyl ester",,,0,,,2,,,1,-1.0,0.0,3,0,-,0.0
ENSMUSG00000032295-B,"13-Docosenamide, (Z)",,,0,,,0,1.0,0.0,3,1.0,0.0,3,1,+,0.0
ENSMUSG00000032295-B,"2-Butene-1,4-diol",,,0,,,2,1.0,0.0,4,0.9856107606091624,0.0003090856678496,6,1,+,0.013285185507187377
ENSMUSG00000032295-B,2-Norbornanemethanol,,,0,,,1,,,2,-1.0,0.0,3,0,-,0.0
ENSMUSG00000032295-B,"3-Hydroxy-7,3',4',5'-tetramethoxyflavone",,,2,,,0,,,1,-1.0,0.0,3,0,-,0.0
ENSMUSG00000032295-B,L-Pyroglutamic acid,,,2,,,1,0.8660254037844387,0.3333333333333332,3,0.9856107606091624,0.0003090856678496,6,1,+,0.013285185507187377
ENSMUSG00000032295-B,L-Val-L-Leu,,,0,,,0,1.0,0.0,3,1.0,0.0,3,1,+,0.0
ENSMUSG00000032295-B,Octadecanoic acid,,,2,,,1,,,0,1.0,0.0,3,0,+,0.0
ENSMUSG00000032300-B,"1,2-Cinnolinedicarboxylic acid, 1,2,3,5,6,7,8,8a-octahydro-4-trimethylsilyloxy-, diethyl ester",,,0,,,2,,,1,-1.0,0.0,3,0,-,0.0
ENSMUSG00000032300-B,"13-Docosenamide, (Z)",,,0,,,0,1.0,0.0,3,1.0,0.0,3,1,+,0.0
ENSMUSG00000032300-B,2-Aminoquinolin-8-ol,,,1,,,1,,,1,1.0,0.0,3,0,+,0.0
ENSMUSG00000032300-B,2-Norbornanemethanol,,,0,,,1,,,2,-1.0,0.0,3,0,-,0.0
ENSMUSG00000032300-B,"3-Hydroxy-7,3',4',5'-tetramethoxyflavone",,,2,,,0,,,1,-1.0,0.0,3,0,-,0.0
ENSMUSG00000032300-B,L-(+)-Threose,,,0,,,0,1.0,0.0,3,1.0,0.0,3,1,+,0.0
ENSMUSG00000032300-B,"l-Leucine, n-butoxycarbonyl-N-methyl-, hexadecyl ester",,,2,,,2,,,0,-1.0,0.0,4,0,-,0.0
ENSMUSG00000032300-B,L-Val-L-Leu,,,0,,,0,1.0,0.0,3,1.0,0.0,3,1,+,0.0
ENSMUSG00000032307-B,"1,2-Cinnolinedicarboxylic acid, 1,2,3,5,6,7,8,8a-octahydro-4-trimethylsilyloxy-, diethyl ester",,,0,,,2,,,1,1.0,0.0,3,0,+,0.0
ENSMUSG00000032307-B,2-Norbornanemethanol,,,0,,,1,,,2,1.0,0.0,3,0,+,0.0
ENSMUSG00000032307-B,3-Aminobenzoic acid,,,2,-1.0,0.0,3,-0.7142857142857143,0.1107871720116617,6,-0.8428267880196796,0.0011230729173028,11,2,-,0.046317361311654634
ENSMUSG00000032307-B,"3-Hydroxy-7,3',4',5'-tetramethoxyflavone",,,2,,,0,,,1,1.0,0.0,3,0,+,0.0
ENSMUSG00000032307-B,Isosorbide,1.0,0.0,3,,,0,,,0,1.0,0.0,3,1,+,0.0
ENSMUSG00000032307-B,Octadecanoic acid,,,2,,,1,,,0,1.0,0.0,3,0,+,0.0
ENSMUSG00000032308-B,"1,2-Cinnolinedicarboxylic acid, 1,2,3,5,6,7,8,8a-octahydro-4-trimethylsilyloxy-, diethyl ester",,,0,,,2,,,1,1.0,0.0,3,0,+,0.0
ENSMUSG00000032308-B,2-Norbornanemethanol,,,0,,,1,,,2,-1.0,0.0,3,0,-,0.0
ENSMUSG00000032308-B,"3,4-Dihydroxybenzaldehyde",1.0,0.0,3,,,0,,,0,1.0,0.0,3,1,+,0.0
ENSMUSG00000032308-B,"N-[(3,4,5-Trimethoxyphenyl)methylidene]hydroxylamine",,,0,,,0,1.0,0.0,3,1.0,0.0,3,1,+,0.0
ENSMUSG00000032308-B,Tyr-Val,,,2,,,1,,,0,-1.0,0.0,3,0,-,0.0
ENSMUSG00000032334-B,"1,2-Cinnolinedicarboxylic acid, 1,2,3,5,6,7,8,8a-octahydro-4-trimethylsilyloxy-, diethyl ester",,,0,,,2,,,1,1.0,0.0,3,0,+,0.0
ENSMUSG00000032334-B,"2,4-Dimethoxybenzaldoxime",,,1,,,0,,,2,-1.0,0.0,3,0,-,0.0
ENSMUSG00000032334-B,"3,4-Dihydroxybenzaldehyde",-1.0,0.0,3,,,0,,,0,-1.0,0.0,3,1,-,0.0
ENSMUSG00000032334-B,"3-Hydroxy-7,3',4',5'-tetramethoxyflavone",,,2,,,0,,,1,1.0,0.0,3,0,+,0.0
ENSMUSG00000032334-B,"l-Leucine, n-butoxycarbonyl-N-methyl-, hexadecyl ester",,,2,,,2,,,0,1.0,0.0,4,0,+,0.0
ENSMUSG00000032334-B,L-Val-L-Leu,,,0,,,0,1.0,0.0,3,1.0,0.0,3,1,+,0.0
ENSMUSG00000032334-B,"N-[(3,4,5-Trimethoxyphenyl)methylidene]hydroxylamine",,,0,,,0,1.0,0.0,3,1.0,0.0,3,1,+,0.0
ENSMUSG00000032346-B,"1,2-Cinnolinedicarboxylic acid, 1,2,3,5,6,7,8,8a-octahydro-4-trimethylsilyloxy-, diethyl ester",,,0,,,2,,,1,1.0,0.0,3,0,+,0.0
ENSMUSG00000032346-B,"3,3-Dimethylacrylic acid",,,1,,,1,,,2,-1.0,0.0,4,0,-,0.0
ENSMUSG00000032346-B,"3-Hydroxy-7,3',4',5'-tetramethoxyflavone",,,2,,,0,,,1,1.0,0.0,3,0,+,0.0
ENSMUSG00000032346-B,"Benzene, 1-ethyl-3,5-dimethyl",,,1,,,1,,,2,1.0,0.0,4,0,+,0.0
ENSMUSG00000032346-B,L-(+)-Threose,,,0,,,0,1.0,0.0,3,1.0,0.0,3,1,+,0.0
ENSMUSG00000032346-B,"N-[(3,4,5-Trimethoxyphenyl)methylidene]hydroxylamine",,,0,,,0,1.0,0.0,3,1.0,0.0,3,1,+,0.0
ENSMUSG00000032387-B,"1,2-Bis(trimethylsiloxy)cyclohexene",,,1,,,2,,,0,-1.0,0.0,3,0,-,0.0
ENSMUSG00000032387-B,2-Aminoquinolin-8-ol,,,1,,,1,,,1,1.0,0.0,3,0,+,0.0
ENSMUSG00000032387-B,"3,3-Dimethylacrylic acid",,,1,,,1,,,2,1.0,0.0,4,0,+,0.0
ENSMUSG00000032387-B,Isosorbide,1.0,0.0,3,,,0,,,0,1.0,0.0,3,1,+,0.0
ENSMUSG00000032387-B,L-Val-L-Leu,,,0,,,0,1.0,0.0,3,1.0,0.0,3,1,+,0.0
ENSMUSG00000032387-B,Synephrine,1.0,0.0,3,0.8660254037844387,0.3333333333333332,3,0.3768511731740915,0.4614828403508046,6,0.8526368275743421,0.0004250464837061,12,3,+,0.018186971592743996
ENSMUSG00000032387-B,Tyr-Val,,,2,,,1,,,0,-1.0,0.0,3,0,-,0.0
ENSMUSG00000032481-B,"1,2-Cinnolinedicarboxylic acid, 1,2,3,5,6,7,8,8a-octahydro-4-trimethylsilyloxy-, diethyl ester",,,0,,,2,,,1,1.0,0.0,3,0,+,0.0
ENSMUSG00000032481-B,2-Norbornanemethanol,,,0,,,1,,,2,1.0,0.0,3,0,+,0.0
ENSMUSG00000032481-B,"3-Hydroxy-7,3',4',5'-tetramethoxyflavone",,,2,,,0,,,1,1.0,0.0,3,0,+,0.0
ENSMUSG00000032481-B,Isosorbide,1.0,0.0,3,,,0,,,0,1.0,0.0,3,1,+,0.0
ENSMUSG00000032481-B,L-(+)-Threose,,,0,,,0,-1.0,0.0,3,-1.0,0.0,3,1,-,0.0
ENSMUSG00000032481-B,L-Glutamic acid,,,0,,,2,1.0,0.0,3,1.0,1.4042654220543672e-24,5,1,+,6.180272427134274e-23
ENSMUSG00000032481-B,L-Val-L-Leu,,,0,,,0,1.0,0.0,3,1.0,0.0,3,1,+,0.0
ENSMUSG00000032526-B,"1,2-Cinnolinedicarboxylic acid, 1,2,3,5,6,7,8,8a-octahydro-4-trimethylsilyloxy-, diethyl ester",,,0,,,2,,,1,-1.0,0.0,3,0,-,0.0
ENSMUSG00000032526-B,"2,4-Dimethoxybenzaldoxime",,,1,,,0,,,2,1.0,0.0,3,0,+,0.0
ENSMUSG00000032526-B,2-Aminoquinolin-8-ol,,,1,,,1,,,1,1.0,0.0,3,0,+,0.0
ENSMUSG00000032526-B,"Benzene, 1-ethyl-3,5-dimethyl",,,1,,,1,,,2,1.0,0.0,4,0,+,0.0
ENSMUSG00000032526-B,cis-2-Decenoic acid,,,1,,,0,,,2,-1.0,0.0,3,0,-,0.0
ENSMUSG00000032526-B,Glycine,-0.5,0.6666666666666667,3,-0.5,0.6666666666666667,3,-0.8406680016960503,0.0360575728451592,6,-0.8315840663996671,0.0007983671028551,12,3,-,0.03352053767796728
ENSMUSG00000032526-B,L-Glutamic acid,,,0,,,2,-1.0,0.0,3,-1.0,1.4042654220543672e-24,5,1,-,6.180272427134274e-23
ENSMUSG00000032526-B,L-Val-L-Leu,,,0,,,0,-1.0,0.0,3,-1.0,0.0,3,1,-,0.0
ENSMUSG00000032691-B,"1,2-Cinnolinedicarboxylic acid, 1,2,3,5,6,7,8,8a-octahydro-4-trimethylsilyloxy-, diethyl ester",,,0,,,2,,,1,1.0,0.0,3,0,+,0.0
ENSMUSG00000032691-B,2-Norbornanemethanol,,,0,,,1,,,2,1.0,0.0,3,0,+,0.0
ENSMUSG00000032691-B,"3,4-Dihydroxybenzaldehyde",-1.0,0.0,3,,,0,,,0,-1.0,0.0,3,1,-,0.0
ENSMUSG00000032691-B,"3-Hydroxy-7,3',4',5'-tetramethoxyflavone",,,2,,,0,,,1,1.0,0.0,3,0,+,0.0
ENSMUSG00000032691-B,"l-Leucine, n-butoxycarbonyl-N-methyl-, hexadecyl ester",,,2,,,2,,,0,1.0,0.0,4,0,+,0.0
ENSMUSG00000032691-B,"N-[(3,4,5-Trimethoxyphenyl)methylidene]hydroxylamine",,,0,,,0,1.0,0.0,3,1.0,0.0,3,1,+,0.0
ENSMUSG00000032691-B,Prostaglandin,,,1,-1.0,0.0,3,,,2,-0.9856107606091624,0.0003090856678496,6,1,-,0.013285185507187377
ENSMUSG00000032691-B,Tyr-Val,,,2,,,1,,,0,1.0,0.0,3,0,+,0.0
ENSMUSG00000032727-B,2-Aminoquinolin-8-ol,,,1,,,1,,,1,1.0,0.0,3,0,+,0.0
ENSMUSG00000032727-B,"3,4-Dihydroxybenzaldehyde",-1.0,0.0,3,,,0,,,0,-1.0,0.0,3,1,-,0.0
ENSMUSG00000032727-B,"3-Hydroxy-7,3',4',5'-tetramethoxyflavone",,,2,,,0,,,1,1.0,0.0,3,0,+,0.0
ENSMUSG00000032727-B,"4,5-Dihydro-1H-pyrazole",,,1,,,2,,,1,-1.0,0.0,4,0,-,0.0
ENSMUSG00000032727-B,L-(+)-Threose,,,0,,,0,-1.0,0.0,3,-1.0,0.0,3,1,-,0.0
ENSMUSG00000032727-B,L-Val-L-Leu,,,0,,,0,1.0,0.0,3,1.0,0.0,3,1,+,0.0
ENSMUSG00000032727-B,"N-[(3,4,5-Trimethoxyphenyl)methylidene]hydroxylamine",,,0,,,0,-1.0,0.0,3,-1.0,0.0,3,1,-,0.0
ENSMUSG00000032727-B,tert-butyl(dimethyl)silyl-2-([tert-butyl(dimethyl)silyl]oxy)hex-2-enoate,,,0,,,0,1.0,0.0,4,1.0,0.0,4,1,+,0.0
ENSMUSG00000032727-B,Tyr-Val,,,2,,,1,,,0,1.0,0.0,3,0,+,0.0
ENSMUSG00000032737-B,"1,2-Bis(trimethylsiloxy)cyclohexene",,,1,,,2,,,0,-1.0,0.0,3,0,-,0.0
ENSMUSG00000032737-B,"3,3-Dimethylacrylic acid",,,1,,,1,,,2,1.0,0.0,4,0,+,0.0
ENSMUSG00000032737-B,Chlorobenzilate,,,0,,,2,,,2,-1.0,0.0,4,0,-,0.0
ENSMUSG00000032737-B,Isosorbide,1.0,0.0,3,,,0,,,0,1.0,0.0,3,1,+,0.0
ENSMUSG00000032737-B,L-(+)-Threose,,,0,,,0,1.0,0.0,3,1.0,0.0,3,1,+,0.0
ENSMUSG00000032737-B,Luciferin,,,1,,,2,,,1,1.0,0.0,4,0,+,0.0
ENSMUSG00000032737-B,L-Val-L-Leu,,,0,,,0,1.0,0.0,3,1.0,0.0,3,1,+,0.0
ENSMUSG00000032737-B,"N-[(3,4,5-Trimethoxyphenyl)methylidene]hydroxylamine",,,0,,,0,1.0,0.0,3,1.0,0.0,3,1,+,0.0
ENSMUSG00000032816-B,"13-Docosenamide, (Z)",,,0,,,0,-1.0,0.0,3,-1.0,0.0,3,1,-,0.0
ENSMUSG00000032816-B,2-Norbornanemethanol,,,0,,,1,,,2,-1.0,0.0,3,0,-,0.0
ENSMUSG00000032816-B,Chlorobenzilate,,,0,,,2,,,2,-1.0,0.0,4,0,-,0.0
ENSMUSG00000032816-B,"l-Leucine, n-butoxycarbonyl-N-methyl-, hexadecyl ester",,,2,,,2,,,0,1.0,0.0,4,0,+,0.0
ENSMUSG00000032816-B,L-Val-L-Leu,,,0,,,0,1.0,0.0,3,1.0,0.0,3,1,+,0.0
ENSMUSG00000032878-B,2-Aminoquinolin-8-ol,,,1,,,1,,,1,1.0,0.0,3,0,+,0.0
ENSMUSG00000032878-B,2-Methyl-3-pentanol,,,0,,,2,-1.0,1.4042654220543672e-24,5,-0.9642857142857144,0.0004541491691941,7,1,-,0.019385106380252492
ENSMUSG00000032878-B,"3-Hydroxy-7,3',4',5'-tetramethoxyflavone",,,2,,,0,,,1,-1.0,0.0,3,0,-,0.0
ENSMUSG00000032878-B,7-Hydroxy-4-(methoxymethyl)coumarin,,,1,,,0,-1.0,0.0,3,-1.0,0.0,4,1,-,0.0
ENSMUSG00000032878-B,cis-2-Decenoic acid,,,1,,,0,,,2,-1.0,0.0,3,0,-,0.0
ENSMUSG00000032878-B,"l-Leucine, n-butoxycarbonyl-N-methyl-, hexadecyl ester",,,2,,,2,,,0,-1.0,0.0,4,0,-,0.0
ENSMUSG00000033106-B,"1,2-Bis(trimethylsiloxy)cyclohexene",,,1,,,2,,,0,1.0,0.0,3,0,+,0.0
ENSMUSG00000033106-B,4-tert-Butyldimethylsiloxy-3-penten-2-one,,,0,,,0,1.0,0.0,4,1.0,0.0,4,1,+,0.0
ENSMUSG00000033106-B,L-(+)-Threose,,,0,,,0,-1.0,0.0,3,-1.0,0.0,3,1,-,0.0
ENSMUSG00000033106-B,Sulindac,,,0,,,2,-1.0,0.0,3,-1.0,1.4042654220543672e-24,5,1,-,6.180272427134274e-23
ENSMUSG00000033106-B,Supraene,,,2,,,2,-0.8999999999999998,0.0373860734684987,5,-0.95,8.762523965086177e-05,9,1,-,0.0038345377422498916
ENSMUSG00000033106-B,Tyr-Val,,,2,,,1,,,0,1.0,0.0,3,0,+,0.0
ENSMUSG00000033356-B,2-Aminoquinolin-8-ol,,,1,,,1,,,1,1.0,0.0,3,0,+,0.0
ENSMUSG00000033356-B,"3-Hydroxy-7,3',4',5'-tetramethoxyflavone",,,2,,,0,,,1,1.0,0.0,3,0,+,0.0
ENSMUSG00000033356-B,cis-2-Decenoic acid,,,1,,,0,,,2,-1.0,0.0,3,0,-,0.0
ENSMUSG00000033356-B,Isosorbide,1.0,0.0,3,,,0,,,0,1.0,0.0,3,1,+,0.0
ENSMUSG00000033356-B,L-(+)-Threose,,,0,,,0,1.0,0.0,3,1.0,0.0,3,1,+,0.0
ENSMUSG00000033356-B,Tyr-Val,,,2,,,1,,,0,-1.0,0.0,3,0,-,0.0
ENSMUSG00000033411-B,"1,2-Bis(trimethylsiloxy)cyclohexene",,,1,,,2,,,0,1.0,0.0,3,0,+,0.0
ENSMUSG00000033411-B,"13-Docosenamide, (Z)",,,0,,,0,-1.0,0.0,3,-1.0,0.0,3,1,-,0.0
ENSMUSG00000033411-B,"2,4-Dimethoxybenzaldoxime",,,1,,,0,,,2,1.0,0.0,3,0,+,0.0
ENSMUSG00000033411-B,2-Norbornanemethanol,,,0,,,1,,,2,-1.0,0.0,3,0,-,0.0
ENSMUSG00000033411-B,"Benzene, 1-ethyl-3,5-dimethyl",,,1,,,1,,,2,-1.0,0.0,4,0,-,0.0
ENSMUSG00000033411-B,Isosorbide,1.0,0.0,3,,,0,,,0,1.0,0.0,3,1,+,0.0
ENSMUSG00000033411-B,Octadecanoic acid,,,2,,,1,,,0,1.0,0.0,3,0,+,0.0
ENSMUSG00000033420-B,"1,2-Cinnolinedicarboxylic acid, 1,2,3,5,6,7,8,8a-octahydro-4-trimethylsilyloxy-, diethyl ester",,,0,,,2,,,1,-1.0,0.0,3,0,-,0.0
ENSMUSG00000033420-B,"13-Docosenamide, (Z)",,,0,,,0,-1.0,0.0,3,-1.0,0.0,3,1,-,0.0
ENSMUSG00000033420-B,"3-Hydroxy-7,3',4',5'-tetramethoxyflavone",,,2,,,0,,,1,1.0,0.0,3,0,+,0.0
ENSMUSG00000033420-B,Chlorobenzilate,,,0,,,2,,,2,-1.0,0.0,4,0,-,0.0
ENSMUSG00000033420-B,L-(+)-Threose,,,0,,,0,-1.0,0.0,3,-1.0,0.0,3,1,-,0.0
ENSMUSG00000033420-B,L-Glutamic acid,,,0,,,2,-1.0,0.0,3,-1.0,1.4042654220543672e-24,5,1,-,6.180272427134274e-23
ENSMUSG00000033427-B,"13-Docosenamide, (Z)",,,0,,,0,-1.0,0.0,3,-1.0,0.0,3,1,-,0.0
ENSMUSG00000033427-B,"3-Hydroxy-7,3',4',5'-tetramethoxyflavone",,,2,,,0,,,1,-1.0,0.0,3,0,-,0.0
ENSMUSG00000033427-B,Glabridin,,,2,,,1,,,1,-1.0,0.0,4,0,-,0.0
ENSMUSG00000033427-B,Isosorbide,-1.0,0.0,3,,,0,,,0,-1.0,0.0,3,1,-,0.0
ENSMUSG00000033427-B,L-Ornithine,,,2,,,1,,,1,1.0,0.0,4,0,+,0.0
ENSMUSG00000033427-B,Octadecanoic acid,,,2,,,1,,,0,-1.0,0.0,3,0,-,0.0
ENSMUSG00000033554-B,"13-Docosenamide, (Z)",,,0,,,0,1.0,0.0,3,1.0,0.0,3,1,+,0.0
ENSMUSG00000033554-B,2-Norbornanemethanol,,,0,,,1,,,2,-1.0,0.0,3,0,-,0.0
ENSMUSG00000033554-B,"3-Hydroxy-7,3',4',5'-tetramethoxyflavone",,,2,,,0,,,1,-1.0,0.0,3,0,-,0.0
ENSMUSG00000033554-B,4-tert-Butyldimethylsiloxy-3-penten-2-one,,,0,,,0,-1.0,0.0,4,-1.0,0.0,4,1,-,0.0
ENSMUSG00000033554-B,7-Hydroxy-4-(methoxymethyl)coumarin,,,1,,,0,-1.0,0.0,3,-1.0,0.0,4,1,-,0.0
ENSMUSG00000033554-B,Isosorbide,-1.0,0.0,3,,,0,,,0,-1.0,0.0,3,1,-,0.0
ENSMUSG00000033554-B,Luciferin,,,1,,,2,,,1,-1.0,0.0,4,0,-,0.0
ENSMUSG00000033554-B,Octadecanoic acid,,,2,,,1,,,0,-1.0,0.0,3,0,-,0.0
ENSMUSG00000033554-B,tert-butyl(dimethyl)silyl-2-([tert-butyl(dimethyl)silyl]oxy)hex-2-enoate,,,0,,,0,1.0,0.0,4,1.0,0.0,4,1,+,0.0
ENSMUSG00000033581-B,"1,2-Cinnolinedicarboxylic acid, 1,2,3,5,6,7,8,8a-octahydro-4-trimethylsilyloxy-, diethyl ester",,,0,,,2,,,1,-1.0,0.0,3,0,-,0.0
ENSMUSG00000033581-B,2-Norbornanemethanol,,,0,,,1,,,2,-1.0,0.0,3,0,-,0.0
ENSMUSG00000033581-B,"3,4-Dihydroxybenzaldehyde",-1.0,0.0,3,,,0,,,0,-1.0,0.0,3,1,-,0.0
ENSMUSG00000033581-B,"N-[(3,4,5-Trimethoxyphenyl)methylidene]hydroxylamine",,,0,,,0,1.0,0.0,3,1.0,0.0,3,1,+,0.0
ENSMUSG00000033684-B,"1,2-Bis(trimethylsiloxy)cyclohexene",,,1,,,2,,,0,1.0,0.0,3,0,+,0.0
ENSMUSG00000033684-B,"1,2-Cinnolinedicarboxylic acid, 1,2,3,5,6,7,8,8a-octahydro-4-trimethylsilyloxy-, diethyl ester",,,0,,,2,,,1,-1.0,0.0,3,0,-,0.0
ENSMUSG00000033684-B,"13-Docosenamide, (Z)",,,0,,,0,-1.0,0.0,3,-1.0,0.0,3,1,-,0.0
ENSMUSG00000033684-B,2-Norbornanemethanol,,,0,,,1,,,2,-1.0,0.0,3,0,-,0.0
ENSMUSG00000033684-B,3-(4-Methoxyphenyl)coumarin,,,1,,,0,1.0,0.0,3,1.0,0.0,4,1,+,0.0
ENSMUSG00000033684-B,"3-Hydroxy-7,3',4',5'-tetramethoxyflavone",,,2,,,0,,,1,-1.0,0.0,3,0,-,0.0
ENSMUSG00000033684-B,Isosorbide,-1.0,0.0,3,,,0,,,0,-1.0,0.0,3,1,-,0.0
ENSMUSG00000033740-B,2-Aminoquinolin-8-ol,,,1,,,1,,,1,1.0,0.0,3,0,+,0.0
ENSMUSG00000033740-B,cis-2-Decenoic acid,,,1,,,0,,,2,-1.0,0.0,3,0,-,0.0
ENSMUSG00000033740-B,Isosorbide,1.0,0.0,3,,,0,,,0,1.0,0.0,3,1,+,0.0
ENSMUSG00000033740-B,Octadecanoic acid,,,2,,,1,,,0,1.0,0.0,3,0,+,0.0
ENSMUSG00000033740-B,Urea,-0.5,0.6666666666666667,3,-1.0,0.0,3,-0.9856107606091624,0.0003090856678496,6,-0.8471119499577373,0.0005059642124922,12,3,-,0.021529685740819683
ENSMUSG00000033906-B,"(2R)-Pyrrolidine-1,2-dicarboxylic acid, bis(tert-butyldimethylsilyl) ester",-0.5,0.6666666666666667,3,-1.0,0.0,3,-0.8696565534786727,0.0243768916856907,6,-0.9071817764981586,4.634685136516254e-05,12,3,-,0.002033222674876817
ENSMUSG00000033906-B,"1,2-Bis(trimethylsiloxy)cyclohexene",,,1,,,2,,,0,-1.0,0.0,3,0,-,0.0
ENSMUSG00000033906-B,"3,3-Dimethylacrylic acid",,,1,,,1,,,2,1.0,0.0,4,0,+,0.0
ENSMUSG00000033906-B,L-(+)-Threose,,,0,,,0,-1.0,0.0,3,-1.0,0.0,3,1,-,0.0
ENSMUSG00000033906-B,Octadecanoic acid,,,2,,,1,,,0,-1.0,0.0,3,0,-,0.0
ENSMUSG00000033906-B,Sulindac,,,0,,,2,-1.0,0.0,3,-1.0,1.4042654220543672e-24,5,1,-,6.180272427134274e-23
ENSMUSG00000033938-B,"2-Allyl-1,4-dimethoxybenzene",-1.0,0.0,3,-0.8660254037844387,0.3333333333333332,3,-0.7714285714285715,0.0723965014577259,6,-0.8803035190049984,0.0001577573759431,12,3,-,0.006876703727438349
ENSMUSG00000033938-B,"3,4-Dihydroxybenzaldehyde",-1.0,0.0,3,,,0,,,0,-1.0,0.0,3,1,-,0.0
ENSMUSG00000033938-B,cis-2-Decenoic acid,,,1,,,0,,,2,-1.0,0.0,3,0,-,0.0
ENSMUSG00000033938-B,Glycolic acid,-0.5,0.6666666666666667,3,-1.0,0.0,3,-0.8406680016960503,0.0360575728451592,6,-0.8400819752692913,0.0006256496989327,12,3,-,0.026467151527455067
ENSMUSG00000033938-B,L-(+)-Threose,,,0,,,0,1.0,0.0,3,1.0,0.0,3,1,+,0.0
ENSMUSG00000033938-B,Octadecanoic acid,,,2,,,1,,,0,-1.0,0.0,3,0,-,0.0
ENSMUSG00000033938-B,"Phenol, 2,4-bis(1-methyl-1-phenylethyl)-",-1.0,0.0,3,-1.0,0.0,3,-0.6,0.2079999999999998,6,-0.8231186002975568,0.0010049467838746,12,3,-,0.041654756870792786
ENSMUSG00000033938-B,Tyr-Val,,,2,,,1,,,0,1.0,0.0,3,0,+,0.0
ENSMUSG00000034006-B,"13-Docosenamide, (Z)",,,0,,,0,-1.0,0.0,3,-1.0,0.0,3,1,-,0.0
ENSMUSG00000034006-B,7-Hydroxy-4-(methoxymethyl)coumarin,,,1,,,0,-1.0,0.0,3,-1.0,0.0,4,1,-,0.0
ENSMUSG00000034006-B,Cycloheptanol,-0.5,0.6666666666666667,3,-1.0,0.0,3,-0.8116794499134279,0.0498575851013403,6,-0.8491280340452296,0.0004751633792159,12,3,-,0.020261032256323655
ENSMUSG00000034006-B,Isosorbide,1.0,0.0,3,,,0,,,0,1.0,0.0,3,1,+,0.0
ENSMUSG00000034118-B,"1,2-Bis(trimethylsiloxy)cyclohexene",,,1,,,2,,,0,-1.0,0.0,3,0,-,0.0
ENSMUSG00000034118-B,"1,2-Cinnolinedicarboxylic acid, 1,2,3,5,6,7,8,8a-octahydro-4-trimethylsilyloxy-, diethyl ester",,,0,,,2,,,1,-1.0,0.0,3,0,-,0.0
ENSMUSG00000034118-B,"13-Docosenamide, (Z)",,,0,,,0,-1.0,0.0,3,-1.0,0.0,3,1,-,0.0
ENSMUSG00000034118-B,2-Aminoquinolin-8-ol,,,1,,,1,,,1,1.0,0.0,3,0,+,0.0
ENSMUSG00000034118-B,L-Val-L-Leu,,,0,,,0,1.0,0.0,3,1.0,0.0,3,1,+,0.0
ENSMUSG00000034118-B,Octadecanoic acid,,,2,,,1,,,0,-1.0,0.0,3,0,-,0.0
ENSMUSG00000034126-B,"3-Hydroxy-7,3',4',5'-tetramethoxyflavone",,,2,,,0,,,1,1.0,0.0,3,0,+,0.0
ENSMUSG00000034126-B,"4,5-Dihydro-1H-pyrazole",,,1,,,2,,,1,-1.0,0.0,4,0,-,0.0
ENSMUSG00000034126-B,"l-Norvaline, n-propargyloxycarbonyl-, isohexyl ester",,,1,,,2,1.0,1.4042654220543672e-24,5,0.9523809523809524,0.0002604000243872,8,1,+,0.011275156361642535
ENSMUSG00000034126-B,L-Val-L-Leu,,,0,,,0,-1.0,0.0,3,-1.0,0.0,3,1,-,0.0
ENSMUSG00000034126-B,"N-[(3,4,5-Trimethoxyphenyl)methylidene]hydroxylamine",,,0,,,0,-1.0,0.0,3,-1.0,0.0,3,1,-,0.0
ENSMUSG00000034460-B,"2,4-Dimethoxybenzaldoxime",,,1,,,0,,,2,-1.0,0.0,3,0,-,0.0
ENSMUSG00000034460-B,2-Aminoquinolin-8-ol,,,1,,,1,,,1,1.0,0.0,3,0,+,0.0
ENSMUSG00000034460-B,"2-Butene-1,4-diol",,,0,,,2,-1.0,0.0,4,-0.9856107606091624,0.0003090856678496,6,1,-,0.013285185507187377
ENSMUSG00000034460-B,3-(4-Methoxyphenyl)coumarin,,,1,,,0,1.0,0.0,3,1.0,0.0,4,1,+,0.0
ENSMUSG00000034460-B,cis-2-Decenoic acid,,,1,,,0,,,2,-1.0,0.0,3,0,-,0.0
ENSMUSG00000034460-B,Diclofenac,,,1,,,2,,,1,1.0,0.0,4,0,+,0.0
ENSMUSG00000034460-B,L-(+)-Threose,,,0,,,0,-1.0,0.0,3,-1.0,0.0,3,1,-,0.0
ENSMUSG00000034460-B,L-Val-L-Leu,,,0,,,0,-1.0,0.0,3,-1.0,0.0,3,1,-,0.0
ENSMUSG00000034480-B,"1,2-Cinnolinedicarboxylic acid, 1,2,3,5,6,7,8,8a-octahydro-4-trimethylsilyloxy-, diethyl ester",,,0,,,2,,,1,-1.0,0.0,3,0,-,0.0
ENSMUSG00000034480-B,2-Norbornanemethanol,,,0,,,1,,,2,-1.0,0.0,3,0,-,0.0
ENSMUSG00000034480-B,"3-Hydroxy-7,3',4',5'-tetramethoxyflavone",,,2,,,0,,,1,-1.0,0.0,3,0,-,0.0
ENSMUSG00000034480-B,L-Lysine,,,2,1.0,0.0,3,0.7142857142857143,0.1107871720116617,6,0.8428267880196796,0.0011230729173028,11,2,+,0.046317361311654634
ENSMUSG00000034480-B,"N-[(3,4,5-Trimethoxyphenyl)methylidene]hydroxylamine",,,0,,,0,-1.0,0.0,3,-1.0,0.0,3,1,-,0.0
ENSMUSG00000034486-B,"1,2-Bis(trimethylsiloxy)cyclohexene",,,1,,,2,,,0,1.0,0.0,3,0,+,0.0
ENSMUSG00000034486-B,"1,2-Cinnolinedicarboxylic acid, 1,2,3,5,6,7,8,8a-octahydro-4-trimethylsilyloxy-, diethyl ester",,,0,,,2,,,1,-1.0,0.0,3,0,-,0.0
ENSMUSG00000034486-B,2-Norbornanemethanol,,,0,,,1,,,2,1.0,0.0,3,0,+,0.0
ENSMUSG00000034486-B,4-tert-Butyldimethylsiloxy-3-penten-2-one,,,0,,,0,1.0,0.0,4,1.0,0.0,4,1,+,0.0
ENSMUSG00000034486-B,cis-2-Decenoic acid,,,1,,,0,,,2,-1.0,0.0,3,0,-,0.0
ENSMUSG00000034486-B,Isosorbide,1.0,0.0,3,,,0,,,0,1.0,0.0,3,1,+,0.0
ENSMUSG00000034486-B,"N-[(3,4,5-Trimethoxyphenyl)methylidene]hydroxylamine",,,0,,,0,1.0,0.0,3,1.0,0.0,3,1,+,0.0
ENSMUSG00000034486-B,Octadecanoic acid,,,2,,,1,,,0,1.0,0.0,3,0,+,0.0
ENSMUSG00000034486-B,tert-butyl(dimethyl)silyl-2-([tert-butyl(dimethyl)silyl]oxy)hex-2-enoate,,,0,,,0,-1.0,0.0,4,-1.0,0.0,4,1,-,0.0
ENSMUSG00000034509-B,2-Aminoquinolin-8-ol,,,1,,,1,,,1,1.0,0.0,3,0,+,0.0
ENSMUSG00000034509-B,"2-Methylcyclohexanol, (Z)",1.0,0.0,3,-0.8660254037844387,0.3333333333333332,3,-0.4058397249567139,0.4246625075613645,6,-0.8481041912882634,0.0004906176040163,12,3,-,0.020912766289494518
ENSMUSG00000034509-B,"3-Hydroxy-7,3',4',5'-tetramethoxyflavone",,,2,,,0,,,1,-1.0,0.0,3,0,-,0.0
ENSMUSG00000034509-B,"4,5-Dihydro-1H-pyrazole",,,1,,,2,,,1,1.0,0.0,4,0,+,0.0
ENSMUSG00000034509-B,Chlorobenzilate,,,0,,,2,,,2,-1.0,0.0,4,0,-,0.0
ENSMUSG00000034509-B,cis-2-Decenoic acid,,,1,,,0,,,2,-1.0,0.0,3,0,-,0.0
ENSMUSG00000034509-B,Glycine,-1.0,0.0,3,-1.0,0.0,3,-0.1739313106957345,0.7417339277316277,6,-0.8456192405161171,0.0005297499532094,12,3,-,0.02252625491166127
ENSMUSG00000034509-B,Isosorbide,-1.0,0.0,3,,,0,,,0,-1.0,0.0,3,1,-,0.0
ENSMUSG00000034509-B,L-(+)-Threose,,,0,,,0,-1.0,0.0,3,-1.0,0.0,3,1,-,0.0
ENSMUSG00000034509-B,L-Ornithine,,,2,,,1,,,1,1.0,0.0,4,0,+,0.0
ENSMUSG00000034509-B,"N-[(3,4,5-Trimethoxyphenyl)methylidene]hydroxylamine",,,0,,,0,-1.0,0.0,3,-1.0,0.0,3,1,-,0.0
ENSMUSG00000034509-B,Octadecanoic acid,,,2,,,1,,,0,-1.0,0.0,3,0,-,0.0
ENSMUSG00000034520-B,2-Aminoquinolin-8-ol,,,1,,,1,,,1,1.0,0.0,3,0,+,0.0
ENSMUSG00000034520-B,"3-Hydroxy-7,3',4',5'-tetramethoxyflavone",,,2,,,0,,,1,-1.0,0.0,3,0,-,0.0
ENSMUSG00000034520-B,cis-2-Decenoic acid,,,1,,,0,,,2,-1.0,0.0,3,0,-,0.0
ENSMUSG00000034520-B,"l-Leucine, n-butoxycarbonyl-N-methyl-, hexadecyl ester",,,2,,,2,,,0,-1.0,0.0,4,0,-,0.0
ENSMUSG00000034520-B,"N-[(3,4,5-Trimethoxyphenyl)methylidene]hydroxylamine",,,0,,,0,-1.0,0.0,3,-1.0,0.0,3,1,-,0.0
ENSMUSG00000034575-B,"1,2-Bis(trimethylsiloxy)cyclohexene",,,1,,,2,,,0,-1.0,0.0,3,0,-,0.0
ENSMUSG00000034575-B,2-Aminoquinolin-8-ol,,,1,,,1,,,1,1.0,0.0,3,0,+,0.0
ENSMUSG00000034575-B,3-(4-Methoxyphenyl)coumarin,,,1,,,0,1.0,0.0,3,1.0,0.0,4,1,+,0.0
ENSMUSG00000034575-B,"3-Hydroxy-7,3',4',5'-tetramethoxyflavone",,,2,,,0,,,1,-1.0,0.0,3,0,-,0.0
ENSMUSG00000034575-B,cis-2-Decenoic acid,,,1,,,0,,,2,-1.0,0.0,3,0,-,0.0
ENSMUSG00000034575-B,L-Glutamic acid,,,0,,,2,-1.0,0.0,3,-1.0,1.4042654220543672e-24,5,1,-,6.180272427134274e-23
ENSMUSG00000034706-B,"2,4-Dimethoxybenzaldoxime",,,1,,,0,,,2,1.0,0.0,3,0,+,0.0
ENSMUSG00000034706-B,2-Norbornanemethanol,,,0,,,1,,,2,-1.0,0.0,3,0,-,0.0
ENSMUSG00000034706-B,"3-Hydroxy-7,3',4',5'-tetramethoxyflavone",,,2,,,0,,,1,1.0,0.0,3,0,+,0.0
ENSMUSG00000034706-B,Luciferin,,,1,,,2,,,1,-1.0,0.0,4,0,-,0.0
ENSMUSG00000034706-B,"N-[(3,4,5-Trimethoxyphenyl)methylidene]hydroxylamine",,,0,,,0,-1.0,0.0,3,-1.0,0.0,3,1,-,0.0
ENSMUSG00000034706-B,tert-butyl(dimethyl)silyl-2-([tert-butyl(dimethyl)silyl]oxy)hex-2-enoate,,,0,,,0,1.0,0.0,4,1.0,0.0,4,1,+,0.0
ENSMUSG00000034762-B,"1,2-Bis(trimethylsiloxy)cyclohexene",,,1,,,2,,,0,1.0,0.0,3,0,+,0.0
ENSMUSG00000034762-B,"1,2-Cinnolinedicarboxylic acid, 1,2,3,5,6,7,8,8a-octahydro-4-trimethylsilyloxy-, diethyl ester",,,0,,,2,,,1,-1.0,0.0,3,0,-,0.0
ENSMUSG00000034762-B,2-Norbornanemethanol,,,0,,,1,,,2,-1.0,0.0,3,0,-,0.0
ENSMUSG00000034762-B,Isosorbide,-1.0,0.0,3,,,0,,,0,-1.0,0.0,3,1,-,0.0
ENSMUSG00000034762-B,"N-[(3,4,5-Trimethoxyphenyl)methylidene]hydroxylamine",,,0,,,0,-1.0,0.0,3,-1.0,0.0,3,1,-,0.0
ENSMUSG00000034762-B,Propanoic acid,,,1,,,2,-0.8720815992723809,0.0538542177275421,5,-0.9700772721497396,6.548558831120658e-05,8,1,-,0.0028697685091002797
ENSMUSG00000034762-B,Tyr-Val,,,2,,,1,,,0,1.0,0.0,3,0,+,0.0
ENSMUSG00000034892-B,"1,2-Cinnolinedicarboxylic acid, 1,2,3,5,6,7,8,8a-octahydro-4-trimethylsilyloxy-, diethyl ester",,,0,,,2,,,1,-1.0,0.0,3,0,-,0.0
ENSMUSG00000034892-B,"13-Docosenamide, (Z)",,,0,,,0,-1.0,0.0,3,-1.0,0.0,3,1,-,0.0
ENSMUSG00000034892-B,"3,4-Dihydroxybenzaldehyde",-1.0,0.0,3,,,0,,,0,-1.0,0.0,3,1,-,0.0
ENSMUSG00000034892-B,Chlorobenzilate,,,0,,,2,,,2,-1.0,0.0,4,0,-,0.0
ENSMUSG00000034892-B,Tyr-Val,,,2,,,1,,,0,1.0,0.0,3,0,+,0.0
ENSMUSG00000035168-B,2-Aminoquinolin-8-ol,,,1,,,1,,,1,1.0,0.0,3,0,+,0.0
ENSMUSG00000035168-B,"3-Hydroxy-7,3',4',5'-tetramethoxyflavone",,,2,,,0,,,1,-1.0,0.0,3,0,-,0.0
ENSMUSG00000035168-B,7-Hydroxy-4-(methoxymethyl)coumarin,,,1,,,0,-1.0,0.0,3,-1.0,0.0,4,1,-,0.0
ENSMUSG00000035168-B,cis-2-Decenoic acid,,,1,,,0,,,2,-1.0,0.0,3,0,-,0.0
ENSMUSG00000035168-B,L-Val-L-Leu,,,0,,,0,-1.0,0.0,3,-1.0,0.0,3,1,-,0.0
ENSMUSG00000035168-B,"N-[(3,4,5-Trimethoxyphenyl)methylidene]hydroxylamine",,,0,,,0,-1.0,0.0,3,-1.0,0.0,3,1,-,0.0
ENSMUSG00000035168-B,Sulindac,,,0,,,2,-1.0,0.0,3,-1.0,1.4042654220543672e-24,5,1,-,6.180272427134274e-23
ENSMUSG00000035234-B,"1,2-Cinnolinedicarboxylic acid, 1,2,3,5,6,7,8,8a-octahydro-4-trimethylsilyloxy-, diethyl ester",,,0,,,2,,,1,-1.0,0.0,3,0,-,0.0
ENSMUSG00000035234-B,2-Norbornanemethanol,,,0,,,1,,,2,-1.0,0.0,3,0,-,0.0
ENSMUSG00000035234-B,6-Nitroveratryl alcohol,,,1,,,1,-1.0,0.0,3,-1.0,1.4042654220543672e-24,5,1,-,6.180272427134274e-23
ENSMUSG00000035234-B,cis-2-Decenoic acid,,,1,,,0,,,2,1.0,0.0,3,0,+,0.0
ENSMUSG00000035234-B,Isosorbide,-1.0,0.0,3,,,0,,,0,-1.0,0.0,3,1,-,0.0
ENSMUSG00000035234-B,Tyr-Val,,,2,,,1,,,0,1.0,0.0,3,0,+,0.0
ENSMUSG00000035394-B,"13-Docosenamide, (Z)",,,0,,,0,-1.0,0.0,3,-1.0,0.0,3,1,-,0.0
ENSMUSG00000035394-B,2-Aminoquinolin-8-ol,,,1,,,1,,,1,-1.0,0.0,3,0,-,0.0
ENSMUSG00000035394-B,"3-Hydroxy-7,3',4',5'-tetramethoxyflavone",,,2,,,0,,,1,1.0,0.0,3,0,+,0.0
ENSMUSG00000035394-B,"4,5-Dihydro-1H-pyrazole",,,1,,,2,,,1,-1.0,0.0,4,0,-,0.0
ENSMUSG00000035394-B,cis-2-Decenoic acid,,,1,,,0,,,2,1.0,0.0,3,0,+,0.0
ENSMUSG00000035394-B,L-Val-L-Leu,,,0,,,0,1.0,0.0,3,1.0,0.0,3,1,+,0.0
ENSMUSG00000035441-B,"1,2-Cinnolinedicarboxylic acid, 1,2,3,5,6,7,8,8a-octahydro-4-trimethylsilyloxy-, diethyl ester",,,0,,,2,,,1,-1.0,0.0,3,0,-,0.0
ENSMUSG00000035441-B,"13-Docosenamide, (Z)",,,0,,,0,1.0,0.0,3,1.0,0.0,3,1,+,0.0
ENSMUSG00000035441-B,2-Norbornanemethanol,,,0,,,1,,,2,-1.0,0.0,3,0,-,0.0
ENSMUSG00000035441-B,cis-2-Decenoic acid,,,1,,,0,,,2,1.0,0.0,3,0,+,0.0
ENSMUSG00000035441-B,Isosorbide,-1.0,0.0,3,,,0,,,0,-1.0,0.0,3,1,-,0.0
ENSMUSG00000035569-B,"1,2-Bis(trimethylsiloxy)cyclohexene",,,1,,,2,,,0,1.0,0.0,3,0,+,0.0
ENSMUSG00000035569-B,2-Norbornanemethanol,,,0,,,1,,,2,-1.0,0.0,3,0,-,0.0
ENSMUSG00000035569-B,"3,4-Dihydroxybenzaldehyde",1.0,0.0,3,,,0,,,0,1.0,0.0,3,1,+,0.0
ENSMUSG00000035569-B,"N-[(3,4,5-Trimethoxyphenyl)methylidene]hydroxylamine",,,0,,,0,-1.0,0.0,3,-1.0,0.0,3,1,-,0.0
ENSMUSG00000035569-B,Octadecanoic acid,,,2,,,1,,,0,1.0,0.0,3,0,+,0.0
ENSMUSG00000035671-B,"3,4-Dihydroxybenzaldehyde",-1.0,0.0,3,,,0,,,0,-1.0,0.0,3,1,-,0.0
ENSMUSG00000035671-B,L-(+)-Threose,,,0,,,0,1.0,0.0,3,1.0,0.0,3,1,+,0.0
ENSMUSG00000035671-B,"N-[(3,4,5-Trimethoxyphenyl)methylidene]hydroxylamine",,,0,,,0,1.0,0.0,3,1.0,0.0,3,1,+,0.0
ENSMUSG00000035671-B,Tyr-Val,,,2,,,1,,,0,1.0,0.0,3,0,+,0.0
ENSMUSG00000035835-B,2-Aminoquinolin-8-ol,,,1,,,1,,,1,1.0,0.0,3,0,+,0.0
ENSMUSG00000035835-B,2-Norbornanemethanol,,,0,,,1,,,2,-1.0,0.0,3,0,-,0.0
ENSMUSG00000035835-B,3-(4-Methoxyphenyl)coumarin,,,1,,,0,1.0,0.0,3,1.0,0.0,4,1,+,0.0
ENSMUSG00000035835-B,"3-Hydroxy-7,3',4',5'-tetramethoxyflavone",,,2,,,0,,,1,-1.0,0.0,3,0,-,0.0
ENSMUSG00000035835-B,cis-2-Decenoic acid,,,1,,,0,,,2,-1.0,0.0,3,0,-,0.0
ENSMUSG00000035835-B,"l-Leucine, n-butoxycarbonyl-N-methyl-, hexadecyl ester",,,2,,,2,,,0,-1.0,0.0,4,0,-,0.0
ENSMUSG00000035941-B,"1,2-Bis(trimethylsiloxy)cyclohexene",,,1,,,2,,,0,1.0,0.0,3,0,+,0.0
ENSMUSG00000035941-B,"13-Docosenamide, (Z)",,,0,,,0,-1.0,0.0,3,-1.0,0.0,3,1,-,0.0
ENSMUSG00000035941-B,2-Norbornanemethanol,,,0,,,1,,,2,-1.0,0.0,3,0,-,0.0
ENSMUSG00000035941-B,"3,4-Dihydroxybenzaldehyde",-1.0,0.0,3,,,0,,,0,-1.0,0.0,3,1,-,0.0
ENSMUSG00000035941-B,Benzeneacetic acid,,,2,,,0,1.0,0.0,3,1.0,1.4042654220543672e-24,5,1,+,6.180272427134274e-23
ENSMUSG00000035941-B,L-Val-L-Leu,,,0,,,0,1.0,0.0,3,1.0,0.0,3,1,+,0.0
ENSMUSG00000035948-B,2-Aminoquinolin-8-ol,,,1,,,1,,,1,-1.0,0.0,3,0,-,0.0
ENSMUSG00000035948-B,"3,3-Dimethylacrylic acid",,,1,,,1,,,2,-1.0,0.0,4,0,-,0.0
ENSMUSG00000035948-B,"3-Hydroxy-7,3',4',5'-tetramethoxyflavone",,,2,,,0,,,1,1.0,0.0,3,0,+,0.0
ENSMUSG00000035948-B,4-tert-Butyldimethylsiloxy-3-penten-2-one,,,0,,,0,-1.0,0.0,4,-1.0,0.0,4,1,-,0.0
ENSMUSG00000035948-B,"l-Leucine, n-butoxycarbonyl-N-methyl-, hexadecyl ester",,,2,,,2,,,0,1.0,0.0,4,0,+,0.0
ENSMUSG00000035948-B,Tyr-Val,,,2,,,1,,,0,1.0,0.0,3,0,+,0.0
ENSMUSG00000035963-B,2-Aminoquinolin-8-ol,,,1,,,1,,,1,-1.0,0.0,3,0,-,0.0
ENSMUSG00000035963-B,"3-Hydroxy-7,3',4',5'-tetramethoxyflavone",,,2,,,0,,,1,-1.0,0.0,3,0,-,0.0
ENSMUSG00000035963-B,L-Val-L-Leu,,,0,,,0,1.0,0.0,3,1.0,0.0,3,1,+,0.0
ENSMUSG00000035963-B,Oleic Acid,1.0,0.0,3,,,0,,,0,1.0,0.0,3,1,+,0.0
ENSMUSG00000035969-B,2-Norbornanemethanol,,,0,,,1,,,2,-1.0,0.0,3,0,-,0.0
ENSMUSG00000035969-B,"3-Hydroxy-7,3',4',5'-tetramethoxyflavone",,,2,,,0,,,1,-1.0,0.0,3,0,-,0.0
ENSMUSG00000035969-B,"4,5-Dihydro-1H-pyrazole",,,1,,,2,,,1,1.0,0.0,4,0,+,0.0
ENSMUSG00000035969-B,Chlorobenzilate,,,0,,,2,,,2,-1.0,0.0,4,0,-,0.0
ENSMUSG00000035969-B,L-Val-L-Leu,,,0,,,0,1.0,0.0,3,1.0,0.0,3,1,+,0.0
ENSMUSG00000035969-B,"N-[(3,4,5-Trimethoxyphenyl)methylidene]hydroxylamine",,,0,,,0,1.0,0.0,3,1.0,0.0,3,1,+,0.0
ENSMUSG00000035983-B,"1,2-Cinnolinedicarboxylic acid, 1,2,3,5,6,7,8,8a-octahydro-4-trimethylsilyloxy-, diethyl ester",,,0,,,2,,,1,-1.0,0.0,3,0,-,0.0
ENSMUSG00000035983-B,"13-Docosenamide, (Z)",,,0,,,0,-1.0,0.0,3,-1.0,0.0,3,1,-,0.0
ENSMUSG00000035983-B,2-Aminoquinolin-8-ol,,,1,,,1,,,1,-1.0,0.0,3,0,-,0.0
ENSMUSG00000035983-B,2-Norbornanemethanol,,,0,,,1,,,2,1.0,0.0,3,0,+,0.0
ENSMUSG00000035983-B,"3,4-Dihydroxybenzaldehyde",1.0,0.0,3,,,0,,,0,1.0,0.0,3,1,+,0.0
ENSMUSG00000035983-B,Benzeneacetic acid,,,2,,,0,-1.0,0.0,3,-1.0,1.4042654220543672e-24,5,1,-,6.180272427134274e-23
ENSMUSG00000035983-B,cis-2-Decenoic acid,,,1,,,0,,,2,1.0,0.0,3,0,+,0.0
ENSMUSG00000035983-B,Luciferin,,,1,,,2,,,1,1.0,0.0,4,0,+,0.0
ENSMUSG00000035983-B,L-Val-L-Leu,,,0,,,0,-1.0,0.0,3,-1.0,0.0,3,1,-,0.0
ENSMUSG00000035983-B,Octadecanoic acid,,,2,,,1,,,0,1.0,0.0,3,0,+,0.0
ENSMUSG00000036112-B,2-Aminoquinolin-8-ol,,,1,,,1,,,1,1.0,0.0,3,0,+,0.0
ENSMUSG00000036112-B,2-Norbornanemethanol,,,0,,,1,,,2,-1.0,0.0,3,0,-,0.0
ENSMUSG00000036112-B,cis-2-Decenoic acid,,,1,,,0,,,2,-1.0,0.0,3,0,-,0.0
ENSMUSG00000036112-B,Isosorbide,1.0,0.0,3,,,0,,,0,1.0,0.0,3,1,+,0.0
ENSMUSG00000036112-B,L-(+)-Threose,,,0,,,0,-1.0,0.0,3,-1.0,0.0,3,1,-,0.0
ENSMUSG00000036112-B,"l-Leucine, n-butoxycarbonyl-N-methyl-, hexadecyl ester",,,2,,,2,,,0,-1.0,0.0,4,0,-,0.0
ENSMUSG00000036112-B,L-Val-L-Leu,,,0,,,0,1.0,0.0,3,1.0,0.0,3,1,+,0.0
ENSMUSG00000036112-B,"N-[(3,4,5-Trimethoxyphenyl)methylidene]hydroxylamine",,,0,,,0,-1.0,0.0,3,-1.0,0.0,3,1,-,0.0
ENSMUSG00000036246-B,"1,2-Cinnolinedicarboxylic acid, 1,2,3,5,6,7,8,8a-octahydro-4-trimethylsilyloxy-, diethyl ester",,,0,,,2,,,1,1.0,0.0,3,0,+,0.0
ENSMUSG00000036246-B,2-Aminoquinolin-8-ol,,,1,,,1,,,1,-1.0,0.0,3,0,-,0.0
ENSMUSG00000036246-B,2-Norbornanemethanol,,,0,,,1,,,2,1.0,0.0,3,0,+,0.0
ENSMUSG00000036246-B,"3,4-Dihydroxybenzaldehyde",1.0,0.0,3,,,0,,,0,1.0,0.0,3,1,+,0.0
ENSMUSG00000036246-B,L-(+)-Threose,,,0,,,0,-1.0,0.0,3,-1.0,0.0,3,1,-,0.0
ENSMUSG00000036246-B,L-Val-L-Leu,,,0,,,0,1.0,0.0,3,1.0,0.0,3,1,+,0.0
ENSMUSG00000036246-B,Tyr-Val,,,2,,,1,,,0,-1.0,0.0,3,0,-,0.0
ENSMUSG00000036356-B,2-Aminoquinolin-8-ol,,,1,,,1,,,1,1.0,0.0,3,0,+,0.0
ENSMUSG00000036356-B,3-(4-Methoxyphenyl)coumarin,,,1,,,0,1.0,0.0,3,1.0,0.0,4,1,+,0.0
ENSMUSG00000036356-B,"3,4-Dihydroxybenzaldehyde",1.0,0.0,3,,,0,,,0,1.0,0.0,3,1,+,0.0
ENSMUSG00000036356-B,"3-Hydroxy-7,3',4',5'-tetramethoxyflavone",,,2,,,0,,,1,-1.0,0.0,3,0,-,0.0
ENSMUSG00000036356-B,"N-[(3,4,5-Trimethoxyphenyl)methylidene]hydroxylamine",,,0,,,0,1.0,0.0,3,1.0,0.0,3,1,+,0.0
ENSMUSG00000036356-B,Tyr-Val,,,2,,,1,,,0,-1.0,0.0,3,0,-,0.0
ENSMUSG00000036712-B,2-Aminoquinolin-8-ol,,,1,,,1,,,1,1.0,0.0,3,0,+,0.0
ENSMUSG00000036712-B,"2'-Hydroxy-2,4,4',5-tetramethoxychalcone",-0.8660254037844387,0.3333333333333332,3,,,2,-0.8406680016960503,0.0360575728451592,6,-0.8572247806462147,0.0007449435514963,11,2,-,0.0313844081541501
ENSMUSG00000036712-B,"2-Methylcyclohexanol, (Z)",0.5,0.6666666666666667,3,0.0,1.0,3,-0.9856107606091624,0.0003090856678496,6,-0.8410366563608612,0.0006082251790707,12,3,-,0.02577427400855652
ENSMUSG00000036712-B,3-(4-Methoxyphenyl)coumarin,,,1,,,0,1.0,0.0,3,1.0,0.0,4,1,+,0.0
ENSMUSG00000036712-B,"3,4-Dihydroxybenzaldehyde",1.0,0.0,3,,,0,,,0,1.0,0.0,3,1,+,0.0
ENSMUSG00000036712-B,3-Buten-2-one,-0.5,0.6666666666666667,3,-0.5,0.6666666666666667,3,-0.8285714285714287,0.0415626822157433,6,-0.8251748251748254,0.0009513628555555,12,3,-,0.03958016363609192
ENSMUSG00000036712-B,"3-Hydroxy-7,3',4',5'-tetramethoxyflavone",,,2,,,0,,,1,-1.0,0.0,3,0,-,0.0
ENSMUSG00000036712-B,cis-2-Decenoic acid,,,1,,,0,,,2,-1.0,0.0,3,0,-,0.0
ENSMUSG00000036712-B,"Cytosine, N-(tert-butyldimethylsilyl)-",-0.8660254037844387,0.3333333333333332,3,-0.5,0.6666666666666667,3,-0.8857142857142858,0.0188454810495626,6,-0.8631632081616797,0.000298921951242,12,3,-,0.012911374711374574
ENSMUSG00000036712-B,"Dodecanoic acid, 1-methylethyl ester",-0.5,0.6666666666666667,3,-0.5,0.6666666666666667,3,-0.8857142857142858,0.0188454810495626,6,-0.824566479341442,0.0009669805587122,12,3,-,0.040162121418976876
ENSMUSG00000036712-B,Guanosine,,,1,1.0,0.0,3,0.7999999999999999,0.2,4,0.9581010095306072,0.000178156772765,8,2,+,0.0077576887306823146
ENSMUSG00000036712-B,L-(+)-Threose,,,0,,,0,-1.0,0.0,3,-1.0,0.0,3,1,-,0.0
ENSMUSG00000036712-B,L-Tryptophan,-0.8660254037844387,0.3333333333333332,3,-0.5,0.6666666666666667,3,-0.8857142857142858,0.0188454810495626,6,-0.8169216656366385,0.0011806056174755,12,3,-,0.0486087638628486
ENSMUSG00000036712-B,Luciferin,,,1,,,2,,,1,-1.0,0.0,4,0,-,0.0
ENSMUSG00000036712-B,L-Val-L-Leu,,,0,,,0,-1.0,0.0,3,-1.0,0.0,3,1,-,0.0
ENSMUSG00000036712-B,"N-[(3,4,5-Trimethoxyphenyl)methylidene]hydroxylamine",,,0,,,0,-1.0,0.0,3,-1.0,0.0,3,1,-,0.0
ENSMUSG00000036712-B,Tyr-Val,,,2,,,1,,,0,-1.0,0.0,3,0,-,0.0
ENSMUSG00000036885-B,"3-Hydroxy-7,3',4',5'-tetramethoxyflavone",,,2,,,0,,,1,1.0,0.0,3,0,+,0.0
ENSMUSG00000036885-B,Tyr-Val,,,2,,,1,,,0,1.0,0.0,3,0,+,0.0
ENSMUSG00000036908-B,"1,2-Cinnolinedicarboxylic acid, 1,2,3,5,6,7,8,8a-octahydro-4-trimethylsilyloxy-, diethyl ester",,,0,,,2,,,1,-1.0,0.0,3,0,-,0.0
ENSMUSG00000036908-B,"13-Docosenamide, (Z)",,,0,,,0,-1.0,0.0,3,-1.0,0.0,3,1,-,0.0
ENSMUSG00000036908-B,Chlorobenzilate,,,0,,,2,,,2,-1.0,0.0,4,0,-,0.0
ENSMUSG00000036908-B,cis-2-Decenoic acid,,,1,,,0,,,2,1.0,0.0,3,0,+,0.0
ENSMUSG00000036915-B,"1-Heptanol, 2-propyl-",,,0,,,0,0.9856107606091624,0.0003090856678496,6,0.9856107606091624,0.0003090856678496,6,1,+,0.013285185507187377
ENSMUSG00000036915-B,2-Norbornanemethanol,,,0,,,1,,,2,-1.0,0.0,3,0,-,0.0
ENSMUSG00000036915-B,6-Nitroveratryl alcohol,,,1,,,1,1.0,0.0,3,1.0,1.4042654220543672e-24,5,1,+,6.180272427134274e-23
ENSMUSG00000036915-B,Glabridin,,,2,,,1,,,1,1.0,0.0,4,0,+,0.0
ENSMUSG00000036915-B,Luciferin,,,1,,,2,,,1,1.0,0.0,4,0,+,0.0
ENSMUSG00000036915-B,L-Val-L-Leu,,,0,,,0,1.0,0.0,3,1.0,0.0,3,1,+,0.0
ENSMUSG00000036915-B,"N-[(3,4,5-Trimethoxyphenyl)methylidene]hydroxylamine",,,0,,,0,1.0,0.0,3,1.0,0.0,3,1,+,0.0
ENSMUSG00000037025-B,"1,2-Cinnolinedicarboxylic acid, 1,2,3,5,6,7,8,8a-octahydro-4-trimethylsilyloxy-, diethyl ester",,,0,,,2,,,1,-1.0,0.0,3,0,-,0.0
ENSMUSG00000037025-B,"3-Hydroxy-7,3',4',5'-tetramethoxyflavone",,,2,,,0,,,1,-1.0,0.0,3,0,-,0.0
ENSMUSG00000037025-B,7-Hydroxy-4-(methoxymethyl)coumarin,,,1,,,0,-1.0,0.0,3,-1.0,0.0,4,1,-,0.0
ENSMUSG00000037025-B,Chlorobenzilate,,,0,,,2,,,2,-1.0,0.0,4,0,-,0.0
ENSMUSG00000037025-B,cis-2-Decenoic acid,,,1,,,0,,,2,-1.0,0.0,3,0,-,0.0
ENSMUSG00000037025-B,L-(+)-Threose,,,0,,,0,-1.0,0.0,3,-1.0,0.0,3,1,-,0.0
ENSMUSG00000037025-B,"N-[(3,4,5-Trimethoxyphenyl)methylidene]hydroxylamine",,,0,,,0,-1.0,0.0,3,-1.0,0.0,3,1,-,0.0
ENSMUSG00000037025-B,Octadecanoic acid,,,2,,,1,,,0,1.0,0.0,3,0,+,0.0
ENSMUSG00000037103-B,2-Aminoquinolin-8-ol,,,1,,,1,,,1,1.0,0.0,3,0,+,0.0
ENSMUSG00000037103-B,"3-Hydroxy-7,3',4',5'-tetramethoxyflavone",,,2,,,0,,,1,-1.0,0.0,3,0,-,0.0
ENSMUSG00000037103-B,cis-2-Decenoic acid,,,1,,,0,,,2,-1.0,0.0,3,0,-,0.0
ENSMUSG00000037103-B,L-(+)-Threose,,,0,,,0,1.0,0.0,3,1.0,0.0,3,1,+,0.0
ENSMUSG00000037103-B,L-Val-L-Leu,,,0,,,0,-1.0,0.0,3,-1.0,0.0,3,1,-,0.0
ENSMUSG00000037148-B,"2,4-Dimethoxybenzaldoxime",,,1,,,0,,,2,1.0,0.0,3,0,+,0.0
ENSMUSG00000037148-B,2-Aminoquinolin-8-ol,,,1,,,1,,,1,1.0,0.0,3,0,+,0.0
ENSMUSG00000037148-B,2-Norbornanemethanol,,,0,,,1,,,2,-1.0,0.0,3,0,-,0.0
ENSMUSG00000037148-B,"3,4-Dihydroxybenzaldehyde",-1.0,0.0,3,,,0,,,0,-1.0,0.0,3,1,-,0.0
ENSMUSG00000037148-B,"3-Hydroxy-7,3',4',5'-tetramethoxyflavone",,,2,,,0,,,1,1.0,0.0,3,0,+,0.0
ENSMUSG00000037148-B,"N-[(3,4,5-Trimethoxyphenyl)methylidene]hydroxylamine",,,0,,,0,-1.0,0.0,3,-1.0,0.0,3,1,-,0.0
ENSMUSG00000037148-B,tert-butyl(dimethyl)silyl-2-([tert-butyl(dimethyl)silyl]oxy)hex-2-enoate,,,0,,,0,1.0,0.0,4,1.0,0.0,4,1,+,0.0
ENSMUSG00000037341-B,"3-Hydroxy-7,3',4',5'-tetramethoxyflavone",,,2,,,0,,,1,1.0,0.0,3,0,+,0.0
ENSMUSG00000037341-B,"4,5-Dihydro-1H-pyrazole",,,1,,,2,,,1,-1.0,0.0,4,0,-,0.0
ENSMUSG00000037341-B,Isosorbide,1.0,0.0,3,,,0,,,0,1.0,0.0,3,1,+,0.0
ENSMUSG00000037341-B,"L-Histidine, N,1-bis(tert-butyldimethylsilyl)-",-0.5,0.6666666666666667,3,-0.5,0.6666666666666667,3,-0.6377481392176932,0.1730711102412597,6,-0.912286317569255,3.523841915627465e-05,12,3,-,0.0015470004961267278
ENSMUSG00000037341-B,"N-[(3,4,5-Trimethoxyphenyl)methylidene]hydroxylamine",,,0,,,0,1.0,0.0,3,1.0,0.0,3,1,+,0.0
ENSMUSG00000037341-B,Octadecanoic acid,,,2,,,1,,,0,1.0,0.0,3,0,+,0.0
ENSMUSG00000037353-B,"1,2-Cinnolinedicarboxylic acid, 1,2,3,5,6,7,8,8a-octahydro-4-trimethylsilyloxy-, diethyl ester",,,0,,,2,,,1,-1.0,0.0,3,0,-,0.0
ENSMUSG00000037353-B,"13-Docosenamide, (Z)",,,0,,,0,-1.0,0.0,3,-1.0,0.0,3,1,-,0.0
ENSMUSG00000037353-B,2-Ethyl-1-butanol,,,0,,,2,1.0,0.0,3,1.0,1.4042654220543672e-24,5,1,+,6.180272427134274e-23
ENSMUSG00000037353-B,2-Norbornanemethanol,,,0,,,1,,,2,-1.0,0.0,3,0,-,0.0
ENSMUSG00000037353-B,"3-Hydroxy-7,3',4',5'-tetramethoxyflavone",,,2,,,0,,,1,-1.0,0.0,3,0,-,0.0
ENSMUSG00000037353-B,Chlorobenzilate,,,0,,,2,,,2,-1.0,0.0,4,0,-,0.0
ENSMUSG00000037353-B,Isosorbide,-1.0,0.0,3,,,0,,,0,-1.0,0.0,3,1,-,0.0
ENSMUSG00000037353-B,L-Val-L-Leu,,,0,,,0,1.0,0.0,3,1.0,0.0,3,1,+,0.0
ENSMUSG00000037366-B,"3,3-Dimethylacrylic acid",,,1,,,1,,,2,1.0,0.0,4,0,+,0.0
ENSMUSG00000037366-B,"3,4-Dihydroxybenzaldehyde",1.0,0.0,3,,,0,,,0,1.0,0.0,3,1,+,0.0
ENSMUSG00000037366-B,"3-Hydroxy-7,3',4',5'-tetramethoxyflavone",,,2,,,0,,,1,-1.0,0.0,3,0,-,0.0
ENSMUSG00000037366-B,4-tert-Butyldimethylsiloxy-3-penten-2-one,,,0,,,0,1.0,0.0,4,1.0,0.0,4,1,+,0.0
ENSMUSG00000037366-B,"N-[(3,4,5-Trimethoxyphenyl)methylidene]hydroxylamine",,,0,,,0,1.0,0.0,3,1.0,0.0,3,1,+,0.0
ENSMUSG00000037366-B,tert-butyl(dimethyl)silyl-2-([tert-butyl(dimethyl)silyl]oxy)hex-2-enoate,,,0,,,0,-1.0,0.0,4,-1.0,0.0,4,1,-,0.0
ENSMUSG00000037366-B,Tyr-Val,,,2,,,1,,,0,-1.0,0.0,3,0,-,0.0
ENSMUSG00000037437-B,2-Norbornanemethanol,,,0,,,1,,,2,-1.0,0.0,3,0,-,0.0
ENSMUSG00000037437-B,8-Methylnonanoic acid,0.8660254037844387,0.3333333333333332,3,0.8660254037844387,0.3333333333333332,3,0.6176470588235294,0.1913418481579481,6,0.8914170290177973,9.88095572542453e-05,12,3,+,0.00431936918781151
ENSMUSG00000037437-B,cis-2-Decenoic acid,,,1,,,0,,,2,1.0,0.0,3,0,+,0.0
ENSMUSG00000037437-B,"N-[(3,4,5-Trimethoxyphenyl)methylidene]hydroxylamine",,,0,,,0,-1.0,0.0,3,-1.0,0.0,3,1,-,0.0
ENSMUSG00000037437-B,Oleic Acid,1.0,0.0,3,,,0,,,0,1.0,0.0,3,1,+,0.0
ENSMUSG00000037437-B,tert-butyl(dimethyl)silyl-2-([tert-butyl(dimethyl)silyl]oxy)hex-2-enoate,,,0,,,0,1.0,0.0,4,1.0,0.0,4,1,+,0.0
ENSMUSG00000037514-B,"13-Docosenamide, (Z)",,,0,,,0,-1.0,0.0,3,-1.0,0.0,3,1,-,0.0
ENSMUSG00000037514-B,"2,3-Butanediol, O-(trimethylsilyl)-, monoacetate",-1.0,0.0,3,-0.8660254037844387,0.3333333333333332,3,-0.9746794344808964,0.0048182304681985,5,-0.8513930525146008,0.0008841538697706,11,3,-,0.03689613321091467
ENSMUSG00000037514-B,"2,4-Dimethoxybenzaldoxime",,,1,,,0,,,2,-1.0,0.0,3,0,-,0.0
ENSMUSG00000037514-B,"2,4-Di-tert-butylphenol",-1.0,0.0,3,-1.0,0.0,3,,,1,-0.9549937104572924,0.0008055353363017,7,2,-,0.033741033138157205
ENSMUSG00000037514-B,"3,4-Dihydroxybenzaldehyde",-1.0,0.0,3,,,0,,,0,-1.0,0.0,3,1,-,0.0
ENSMUSG00000037514-B,Butanedioic acid,-1.0,0.0,3,-1.0,0.0,3,-0.942857142857143,0.004804664723032,6,-0.8724281949682505,0.0002139814461128,12,3,-,0.009301211147964847
ENSMUSG00000037514-B,cis-2-Decenoic acid,,,1,,,0,,,2,-1.0,0.0,3,0,-,0.0
ENSMUSG00000037514-B,L-(+)-Threose,,,0,,,0,-1.0,0.0,3,-1.0,0.0,3,1,-,0.0
ENSMUSG00000037514-B,tert-butyl(dimethyl)silyl-2-([tert-butyl(dimethyl)silyl]oxy)hex-2-enoate,,,0,,,0,-1.0,0.0,4,-1.0,0.0,4,1,-,0.0
ENSMUSG00000037514-B,Tyr-Val,,,2,,,1,,,0,1.0,0.0,3,0,+,0.0
ENSMUSG00000037578-B,"1,2-Bis(trimethylsiloxy)cyclohexene",,,1,,,2,,,0,1.0,0.0,3,0,+,0.0
ENSMUSG00000037578-B,"13-Docosenamide, (Z)",,,0,,,0,1.0,0.0,3,1.0,0.0,3,1,+,0.0
ENSMUSG00000037578-B,"2,4-Dimethoxybenzaldoxime",,,1,,,0,,,2,1.0,0.0,3,0,+,0.0
ENSMUSG00000037578-B,Chlorobenzilate,,,0,,,2,,,2,1.0,0.0,4,0,+,0.0
ENSMUSG00000037578-B,cis-2-Decenoic acid,,,1,,,0,,,2,-1.0,0.0,3,0,-,0.0
ENSMUSG00000037578-B,Glabridin,,,2,,,1,,,1,1.0,0.0,4,0,+,0.0
ENSMUSG00000037578-B,L-(+)-Threose,,,0,,,0,1.0,0.0,3,1.0,0.0,3,1,+,0.0
ENSMUSG00000037578-B,Octadecanoic acid,,,2,,,1,,,0,1.0,0.0,3,0,+,0.0
ENSMUSG00000037709-B,2-Aminoquinolin-8-ol,,,1,,,1,,,1,1.0,0.0,3,0,+,0.0
ENSMUSG00000037709-B,2-Norbornanemethanol,,,0,,,1,,,2,-1.0,0.0,3,0,-,0.0
ENSMUSG00000037709-B,"3,4-Dihydroxybenzaldehyde",-1.0,0.0,3,,,0,,,0,-1.0,0.0,3,1,-,0.0
ENSMUSG00000037709-B,L-(+)-Threose,,,0,,,0,-1.0,0.0,3,-1.0,0.0,3,1,-,0.0
ENSMUSG00000037709-B,"N-[(3,4,5-Trimethoxyphenyl)methylidene]hydroxylamine",,,0,,,0,-1.0,0.0,3,-1.0,0.0,3,1,-,0.0
ENSMUSG00000037709-B,Norephedrine,0.5,0.6666666666666667,3,0.5,0.6666666666666667,3,1.0,0.0,3,0.9333333333333332,0.0002358998121594,9,3,+,0.010235892201550304
ENSMUSG00000037709-B,Octadecanoic acid,,,2,,,1,,,0,-1.0,0.0,3,0,-,0.0
ENSMUSG00000037824-B,2-Norbornanemethanol,,,0,,,1,,,2,-1.0,0.0,3,0,-,0.0
ENSMUSG00000037824-B,"3-Hydroxy-7,3',4',5'-tetramethoxyflavone",,,2,,,0,,,1,-1.0,0.0,3,0,-,0.0
ENSMUSG00000037824-B,Isosorbide,-1.0,0.0,3,,,0,,,0,-1.0,0.0,3,1,-,0.0
ENSMUSG00000037824-B,Octadecanoic acid,,,2,,,1,,,0,-1.0,0.0,3,0,-,0.0
ENSMUSG00000038070-B,"1,2-Bis(trimethylsiloxy)cyclohexene",,,1,,,2,,,0,1.0,0.0,3,0,+,0.0
ENSMUSG00000038070-B,2-Norbornanemethanol,,,0,,,1,,,2,-1.0,0.0,3,0,-,0.0
ENSMUSG00000038070-B,"3-Hydroxy-7,3',4',5'-tetramethoxyflavone",,,2,,,0,,,1,1.0,0.0,3,0,+,0.0
ENSMUSG00000038070-B,Chlorobenzilate,,,0,,,2,,,2,1.0,0.0,4,0,+,0.0
ENSMUSG00000038070-B,L-(+)-Threose,,,0,,,0,-1.0,0.0,3,-1.0,0.0,3,1,-,0.0
ENSMUSG00000038070-B,"N-[(3,4,5-Trimethoxyphenyl)methylidene]hydroxylamine",,,0,,,0,-1.0,0.0,3,-1.0,0.0,3,1,-,0.0
ENSMUSG00000038070-B,tert-butyl(dimethyl)silyl-2-([tert-butyl(dimethyl)silyl]oxy)hex-2-enoate,,,0,,,0,1.0,0.0,4,1.0,0.0,4,1,+,0.0
ENSMUSG00000038324-B,"1,2-Cinnolinedicarboxylic acid, 1,2,3,5,6,7,8,8a-octahydro-4-trimethylsilyloxy-, diethyl ester",,,0,,,2,,,1,-1.0,0.0,3,0,-,0.0
ENSMUSG00000038324-B,"13-Docosenamide, (Z)",,,0,,,0,-1.0,0.0,3,-1.0,0.0,3,1,-,0.0
ENSMUSG00000038324-B,2-Aminoquinolin-8-ol,,,1,,,1,,,1,1.0,0.0,3,0,+,0.0
ENSMUSG00000038324-B,"3-Hydroxy-7,3',4',5'-tetramethoxyflavone",,,2,,,0,,,1,-1.0,0.0,3,0,-,0.0
ENSMUSG00000038324-B,"4,5-Dihydro-1H-pyrazole",,,1,,,2,,,1,1.0,0.0,4,0,+,0.0
ENSMUSG00000038324-B,Glycine,-1.0,0.0,3,-0.5,0.6666666666666667,3,-0.3188740696088466,0.5379005604702051,6,-0.8280752728705546,0.0008795578699918,12,3,-,0.03671677382082978
ENSMUSG00000038324-B,Isosorbide,-1.0,0.0,3,,,0,,,0,-1.0,0.0,3,1,-,0.0
ENSMUSG00000038324-B,L-Val-L-Leu,,,0,,,0,-1.0,0.0,3,-1.0,0.0,3,1,-,0.0
ENSMUSG00000038324-B,Octacosanol,,,1,,,2,-0.7999999999999999,0.2,4,-0.9549937104572924,0.0008055353363017,7,1,-,0.033741033138157205
ENSMUSG00000038324-B,Octadecanoic acid,,,2,,,1,,,0,-1.0,0.0,3,0,-,0.0
ENSMUSG00000038344-B,"1,2-Cinnolinedicarboxylic acid, 1,2,3,5,6,7,8,8a-octahydro-4-trimethylsilyloxy-, diethyl ester",,,0,,,2,,,1,1.0,0.0,3,0,+,0.0
ENSMUSG00000038344-B,"2,4-Dimethoxybenzaldoxime",,,1,,,0,,,2,1.0,0.0,3,0,+,0.0
ENSMUSG00000038344-B,Chlorobenzilate,,,0,,,2,,,2,1.0,0.0,4,0,+,0.0
ENSMUSG00000038344-B,cis-2-Decenoic acid,,,1,,,0,,,2,-1.0,0.0,3,0,-,0.0
ENSMUSG00000038344-B,Isosorbide,-1.0,0.0,3,,,0,,,0,-1.0,0.0,3,1,-,0.0
ENSMUSG00000038344-B,L-Ornithine,,,2,,,1,,,1,1.0,0.0,4,0,+,0.0
ENSMUSG00000038344-B,"N-[(3,4,5-Trimethoxyphenyl)methylidene]hydroxylamine",,,0,,,0,-1.0,0.0,3,-1.0,0.0,3,1,-,0.0
ENSMUSG00000038344-B,Octadecanoic acid,,,2,,,1,,,0,-1.0,0.0,3,0,-,0.0
ENSMUSG00000038371-B,"1,2-Bis(trimethylsiloxy)cyclohexene",,,1,,,2,,,0,1.0,0.0,3,0,+,0.0
ENSMUSG00000038371-B,"1,2-Cinnolinedicarboxylic acid, 1,2,3,5,6,7,8,8a-octahydro-4-trimethylsilyloxy-, diethyl ester",,,0,,,2,,,1,-1.0,0.0,3,0,-,0.0
ENSMUSG00000038371-B,"13-Docosenamide, (Z)",,,0,,,0,1.0,0.0,3,1.0,0.0,3,1,+,0.0
ENSMUSG00000038371-B,"2,4-Dimethoxybenzaldoxime",,,1,,,0,,,2,1.0,0.0,3,0,+,0.0
ENSMUSG00000038371-B,"3-Hydroxy-7,3',4',5'-tetramethoxyflavone",,,2,,,0,,,1,-1.0,0.0,3,0,-,0.0
ENSMUSG00000038371-B,cis-2-Decenoic acid,,,1,,,0,,,2,-1.0,0.0,3,0,-,0.0
ENSMUSG00000038371-B,L-(+)-Threose,,,0,,,0,1.0,0.0,3,1.0,0.0,3,1,+,0.0
ENSMUSG00000038371-B,L-Val-L-Leu,,,0,,,0,1.0,0.0,3,1.0,0.0,3,1,+,0.0
ENSMUSG00000038371-B,Octadecanoic acid,,,2,,,1,,,0,1.0,0.0,3,0,+,0.0
ENSMUSG00000038453-B,"13-Docosenamide, (Z)",,,0,,,0,1.0,0.0,3,1.0,0.0,3,1,+,0.0
ENSMUSG00000038453-B,"3,4-Dihydroxybenzaldehyde",1.0,0.0,3,,,0,,,0,1.0,0.0,3,1,+,0.0
ENSMUSG00000038453-B,"4,5-Dihydro-1H-pyrazole",,,1,,,2,,,1,1.0,0.0,4,0,+,0.0
ENSMUSG00000038507-B,cis-2-Decenoic acid,,,1,,,0,,,2,-1.0,0.0,3,0,-,0.0
ENSMUSG00000038507-B,L-(+)-Threose,,,0,,,0,-1.0,0.0,3,-1.0,0.0,3,1,-,0.0
ENSMUSG00000038507-B,Luciferin,,,1,,,2,,,1,-1.0,0.0,4,0,-,0.0
ENSMUSG00000038507-B,"N-[(3,4,5-Trimethoxyphenyl)methylidene]hydroxylamine",,,0,,,0,-1.0,0.0,3,-1.0,0.0,3,1,-,0.0
ENSMUSG00000038564-B,"1,2-Bis(trimethylsiloxy)cyclohexene",,,1,,,2,,,0,1.0,0.0,3,0,+,0.0
ENSMUSG00000038564-B,"1,2-Cinnolinedicarboxylic acid, 1,2,3,5,6,7,8,8a-octahydro-4-trimethylsilyloxy-, diethyl ester",,,0,,,2,,,1,-1.0,0.0,3,0,-,0.0
ENSMUSG00000038564-B,2-Norbornanemethanol,,,0,,,1,,,2,-1.0,0.0,3,0,-,0.0
ENSMUSG00000038564-B,4-Methylvaleric acid,-0.5,0.6666666666666667,3,1.0,0.0,3,0.7,0.1881204043741872,5,0.8454545454545455,0.0010451821458586,11,3,+,0.04326429151298464
ENSMUSG00000038564-B,Glabridin,,,2,,,1,,,1,1.0,0.0,4,0,+,0.0
ENSMUSG00000038564-B,Isosorbide,1.0,0.0,3,,,0,,,0,1.0,0.0,3,1,+,0.0
ENSMUSG00000038564-B,Octadecanoic acid,,,2,,,1,,,0,1.0,0.0,3,0,+,0.0
ENSMUSG00000038605-B,"13-Docosenamide, (Z)",,,0,,,0,1.0,0.0,3,1.0,0.0,3,1,+,0.0
ENSMUSG00000038605-B,4-tert-Butyldimethylsiloxy-3-penten-2-one,,,0,,,0,-1.0,0.0,4,-1.0,0.0,4,1,-,0.0
ENSMUSG00000038605-B,Isosorbide,-1.0,0.0,3,,,0,,,0,-1.0,0.0,3,1,-,0.0
ENSMUSG00000038605-B,Luciferin,,,1,,,2,,,1,-1.0,0.0,4,0,-,0.0
ENSMUSG00000038605-B,Octadecanoic acid,,,2,,,1,,,0,-1.0,0.0,3,0,-,0.0
ENSMUSG00000038756-B,"1,2-Bis(trimethylsiloxy)cyclohexene",,,1,,,2,,,0,1.0,0.0,3,0,+,0.0
ENSMUSG00000038756-B,"3-Hydroxy-7,3',4',5'-tetramethoxyflavone",,,2,,,0,,,1,1.0,0.0,3,0,+,0.0
ENSMUSG00000038756-B,"N-[(3,4,5-Trimethoxyphenyl)methylidene]hydroxylamine",,,0,,,0,1.0,0.0,3,1.0,0.0,3,1,+,0.0
ENSMUSG00000038816-B,"13-Docosenamide, (Z)",,,0,,,0,1.0,0.0,3,1.0,0.0,3,1,+,0.0
ENSMUSG00000038816-B,2-Norbornanemethanol,,,0,,,1,,,2,-1.0,0.0,3,0,-,0.0
ENSMUSG00000038816-B,"3,4-Dihydroxybenzaldehyde",-1.0,0.0,3,,,0,,,0,-1.0,0.0,3,1,-,0.0
ENSMUSG00000038816-B,"3-Hydroxy-7,3',4',5'-tetramethoxyflavone",,,2,,,0,,,1,1.0,0.0,3,0,+,0.0
ENSMUSG00000038816-B,Frangulin,0.5,0.6666666666666667,3,,,2,0.948683298050514,0.0513167019494861,4,0.8954053273686237,0.0010985258735882,9,2,+,0.04539615808258682
ENSMUSG00000038816-B,L-(+)-Threose,,,0,,,0,1.0,0.0,3,1.0,0.0,3,1,+,0.0
ENSMUSG00000038816-B,Sarcosine,,,2,,,2,,,2,1.0,0.0,6,0,+,0.0
ENSMUSG00000038816-B,tert-butyl(dimethyl)silyl-2-([tert-butyl(dimethyl)silyl]oxy)hex-2-enoate,,,0,,,0,1.0,0.0,4,1.0,0.0,4,1,+,0.0
ENSMUSG00000038816-B,Tyr-Val,,,2,,,1,,,0,1.0,0.0,3,0,+,0.0
ENSMUSG00000038843-B,2-Ethyl-1-butanol,,,0,,,2,1.0,0.0,3,1.0,1.4042654220543672e-24,5,1,+,6.180272427134274e-23
ENSMUSG00000038843-B,Diclofenac,,,1,,,2,,,1,1.0,0.0,4,0,+,0.0
ENSMUSG00000038843-B,L-(+)-Threose,,,0,,,0,-1.0,0.0,3,-1.0,0.0,3,1,-,0.0
ENSMUSG00000038843-B,L-Val-L-Leu,,,0,,,0,1.0,0.0,3,1.0,0.0,3,1,+,0.0
ENSMUSG00000038900-B,"1,2-Cinnolinedicarboxylic acid, 1,2,3,5,6,7,8,8a-octahydro-4-trimethylsilyloxy-, diethyl ester",,,0,,,2,,,1,-1.0,0.0,3,0,-,0.0
ENSMUSG00000038900-B,"13-Docosenamide, (Z)",,,0,,,0,-1.0,0.0,3,-1.0,0.0,3,1,-,0.0
ENSMUSG00000038900-B,3-(4-Methoxyphenyl)coumarin,,,1,,,0,1.0,0.0,3,1.0,0.0,4,1,+,0.0
ENSMUSG00000038900-B,L-(+)-Threose,,,0,,,0,-1.0,0.0,3,-1.0,0.0,3,1,-,0.0
ENSMUSG00000038900-B,"l-Leucine, n-butoxycarbonyl-N-methyl-, hexadecyl ester",,,2,,,2,,,0,1.0,0.0,4,0,+,0.0
ENSMUSG00000038900-B,L-Val-L-Leu,,,0,,,0,-1.0,0.0,3,-1.0,0.0,3,1,-,0.0
ENSMUSG00000039086-B,"1,2-Bis(trimethylsiloxy)cyclohexene",,,1,,,2,,,0,1.0,0.0,3,0,+,0.0
ENSMUSG00000039086-B,"1,2-Cinnolinedicarboxylic acid, 1,2,3,5,6,7,8,8a-octahydro-4-trimethylsilyloxy-, diethyl ester",,,0,,,2,,,1,-1.0,0.0,3,0,-,0.0
ENSMUSG00000039086-B,2-Ethyl-1-butanol,,,0,,,2,1.0,0.0,3,1.0,1.4042654220543672e-24,5,1,+,6.180272427134274e-23
ENSMUSG00000039086-B,2-Norbornanemethanol,,,0,,,1,,,2,-1.0,0.0,3,0,-,0.0
ENSMUSG00000039086-B,"3-Hydroxy-7,3',4',5'-tetramethoxyflavone",,,2,,,0,,,1,-1.0,0.0,3,0,-,0.0
ENSMUSG00000039086-B,4-Methylvaleric acid,0.5,0.6666666666666667,3,1.0,0.0,3,0.4999999999999999,0.3910022189557705,5,0.881818181818182,0.0003301688021839,11,3,+,0.014166678792869779
ENSMUSG00000039086-B,Isosorbide,-1.0,0.0,3,,,0,,,0,-1.0,0.0,3,1,-,0.0
ENSMUSG00000039086-B,L-(+)-Threose,,,0,,,0,1.0,0.0,3,1.0,0.0,3,1,+,0.0
ENSMUSG00000039086-B,Luciferin,,,1,,,2,,,1,-1.0,0.0,4,0,-,0.0
ENSMUSG00000039086-B,L-Val-L-Leu,,,0,,,0,1.0,0.0,3,1.0,0.0,3,1,+,0.0
ENSMUSG00000039191-B,"3,4-Dihydroxybenzaldehyde",-1.0,0.0,3,,,0,,,0,-1.0,0.0,3,1,-,0.0
ENSMUSG00000039191-B,"l-Leucine, n-butoxycarbonyl-N-methyl-, hexadecyl ester",,,2,,,2,,,0,1.0,0.0,4,0,+,0.0
ENSMUSG00000039191-B,L-Val-L-Leu,,,0,,,0,1.0,0.0,3,1.0,0.0,3,1,+,0.0
ENSMUSG00000039191-B,Prostaglandin,,,1,-1.0,0.0,3,,,2,-0.9856107606091624,0.0003090856678496,6,1,-,0.013285185507187377
ENSMUSG00000039191-B,Tyr-Val,,,2,,,1,,,0,1.0,0.0,3,0,+,0.0
ENSMUSG00000039367-B,"1,2-Bis(trimethylsiloxy)cyclohexene",,,1,,,2,,,0,-1.0,0.0,3,0,-,0.0
ENSMUSG00000039367-B,"2,4-Dimethoxybenzaldoxime",,,1,,,0,,,2,-1.0,0.0,3,0,-,0.0
ENSMUSG00000039367-B,L-Val-L-Leu,,,0,,,0,-1.0,0.0,3,-1.0,0.0,3,1,-,0.0
ENSMUSG00000039367-B,"N-[(3,4,5-Trimethoxyphenyl)methylidene]hydroxylamine",,,0,,,0,1.0,0.0,3,1.0,0.0,3,1,+,0.0
ENSMUSG00000039367-B,Octadecanoic acid,,,2,,,1,,,0,-1.0,0.0,3,0,-,0.0
ENSMUSG00000039477-B,"1,2-Bis(trimethylsiloxy)cyclohexene",,,1,,,2,,,0,1.0,0.0,3,0,+,0.0
ENSMUSG00000039477-B,"2,4-Dimethoxybenzaldoxime",,,1,,,0,,,2,-1.0,0.0,3,0,-,0.0
ENSMUSG00000039477-B,"3,3-Dimethylacrylic acid",,,1,,,1,,,2,-1.0,0.0,4,0,-,0.0
ENSMUSG00000039477-B,"Benzene, 1-ethyl-3,5-dimethyl",,,1,,,1,,,2,-1.0,0.0,4,0,-,0.0
ENSMUSG00000039477-B,L-(+)-Threose,,,0,,,0,-1.0,0.0,3,-1.0,0.0,3,1,-,0.0
ENSMUSG00000039477-B,L-Val-L-Leu,,,0,,,0,-1.0,0.0,3,-1.0,0.0,3,1,-,0.0
ENSMUSG00000039477-B,"N-[(3,4,5-Trimethoxyphenyl)methylidene]hydroxylamine",,,0,,,0,-1.0,0.0,3,-1.0,0.0,3,1,-,0.0
ENSMUSG00000039477-B,Octadecanoic acid,,,2,,,1,,,0,1.0,0.0,3,0,+,0.0
ENSMUSG00000039512-B,"1,2-Bis(trimethylsiloxy)cyclohexene",,,1,,,2,,,0,1.0,0.0,3,0,+,0.0
ENSMUSG00000039512-B,"1,2-Cinnolinedicarboxylic acid, 1,2,3,5,6,7,8,8a-octahydro-4-trimethylsilyloxy-, diethyl ester",,,0,,,2,,,1,-1.0,0.0,3,0,-,0.0
ENSMUSG00000039512-B,"13-Docosenamide, (Z)",,,0,,,0,1.0,0.0,3,1.0,0.0,3,1,+,0.0
ENSMUSG00000039512-B,"2,4-Dimethoxybenzaldoxime",,,1,,,0,,,2,1.0,0.0,3,0,+,0.0
ENSMUSG00000039512-B,cis-2-Decenoic acid,,,1,,,0,,,2,-1.0,0.0,3,0,-,0.0
ENSMUSG00000039512-B,Isosorbide,1.0,0.0,3,,,0,,,0,1.0,0.0,3,1,+,0.0
ENSMUSG00000039512-B,L-(+)-Threose,,,0,,,0,1.0,0.0,3,1.0,0.0,3,1,+,0.0
ENSMUSG00000039512-B,Octadecanoic acid,,,2,,,1,,,0,1.0,0.0,3,0,+,0.0
ENSMUSG00000039536-B,"1,2-Cinnolinedicarboxylic acid, 1,2,3,5,6,7,8,8a-octahydro-4-trimethylsilyloxy-, diethyl ester",,,0,,,2,,,1,-1.0,0.0,3,0,-,0.0
ENSMUSG00000039536-B,"13-Docosenamide, (Z)",,,0,,,0,-1.0,0.0,3,-1.0,0.0,3,1,-,0.0
ENSMUSG00000039536-B,2-Aminoquinolin-8-ol,,,1,,,1,,,1,1.0,0.0,3,0,+,0.0
ENSMUSG00000039536-B,3-(4-Methoxyphenyl)coumarin,,,1,,,0,1.0,0.0,3,1.0,0.0,4,1,+,0.0
ENSMUSG00000039536-B,"3,4-Dihydroxybenzaldehyde",-1.0,0.0,3,,,0,,,0,-1.0,0.0,3,1,-,0.0
ENSMUSG00000039536-B,L-(+)-Threose,,,0,,,0,-1.0,0.0,3,-1.0,0.0,3,1,-,0.0
ENSMUSG00000039536-B,L-Val-L-Leu,,,0,,,0,-1.0,0.0,3,-1.0,0.0,3,1,-,0.0
ENSMUSG00000039536-B,Octadecanoic acid,,,2,,,1,,,0,-1.0,0.0,3,0,-,0.0
ENSMUSG00000039828-B,"1,2-Bis(trimethylsiloxy)cyclohexene",,,1,,,2,,,0,1.0,0.0,3,0,+,0.0
ENSMUSG00000039828-B,"13-Docosenamide, (Z)",,,0,,,0,1.0,0.0,3,1.0,0.0,3,1,+,0.0
ENSMUSG00000039828-B,2-Aminoquinolin-8-ol,,,1,,,1,,,1,1.0,0.0,3,0,+,0.0
ENSMUSG00000039828-B,2-Norbornanemethanol,,,0,,,1,,,2,-1.0,0.0,3,0,-,0.0
ENSMUSG00000039828-B,cis-2-Decenoic acid,,,1,,,0,,,2,-1.0,0.0,3,0,-,0.0
ENSMUSG00000039828-B,Isosorbide,1.0,0.0,3,,,0,,,0,1.0,0.0,3,1,+,0.0
ENSMUSG00000039828-B,L-Val-L-Leu,,,0,,,0,1.0,0.0,3,1.0,0.0,3,1,+,0.0
ENSMUSG00000039828-B,Octadecanoic acid,,,2,,,1,,,0,1.0,0.0,3,0,+,0.0
ENSMUSG00000039835-B,"2,4-Dimethoxybenzaldoxime",,,1,,,0,,,2,-1.0,0.0,3,0,-,0.0
ENSMUSG00000039835-B,2-Aminoquinolin-8-ol,,,1,,,1,,,1,1.0,0.0,3,0,+,0.0
ENSMUSG00000039835-B,"3,3-Dimethylacrylic acid",,,1,,,1,,,2,-1.0,0.0,4,0,-,0.0
ENSMUSG00000039835-B,"3-Hydroxy-7,3',4',5'-tetramethoxyflavone",,,2,,,0,,,1,1.0,0.0,3,0,+,0.0
ENSMUSG00000039835-B,cis-2-Decenoic acid,,,1,,,0,,,2,-1.0,0.0,3,0,-,0.0
ENSMUSG00000039835-B,L-(+)-Threose,,,0,,,0,-1.0,0.0,3,-1.0,0.0,3,1,-,0.0
ENSMUSG00000039883-B,"1,2-Bis(trimethylsiloxy)cyclohexene",,,1,,,2,,,0,1.0,0.0,3,0,+,0.0
ENSMUSG00000039883-B,"13-Docosenamide, (Z)",,,0,,,0,-1.0,0.0,3,-1.0,0.0,3,1,-,0.0
ENSMUSG00000039883-B,"2,4-Dimethoxybenzaldoxime",,,1,,,0,,,2,-1.0,0.0,3,0,-,0.0
ENSMUSG00000039883-B,Isosorbide,1.0,0.0,3,,,0,,,0,1.0,0.0,3,1,+,0.0
ENSMUSG00000039883-B,Octadecanoic acid,,,2,,,1,,,0,1.0,0.0,3,0,+,0.0
ENSMUSG00000039956-B,2-Aminoquinolin-8-ol,,,1,,,1,,,1,1.0,0.0,3,0,+,0.0
ENSMUSG00000039956-B,L-Val-L-Leu,,,0,,,0,-1.0,0.0,3,-1.0,0.0,3,1,-,0.0
ENSMUSG00000039990-B,"1,2-Bis(trimethylsiloxy)cyclohexene",,,1,,,2,,,0,-1.0,0.0,3,0,-,0.0
ENSMUSG00000039990-B,Isosorbide,-1.0,0.0,3,,,0,,,0,-1.0,0.0,3,1,-,0.0
ENSMUSG00000039990-B,"N-[(3,4,5-Trimethoxyphenyl)methylidene]hydroxylamine",,,0,,,0,-1.0,0.0,3,-1.0,0.0,3,1,-,0.0
ENSMUSG00000039990-B,Octadecanoic acid,,,2,,,1,,,0,-1.0,0.0,3,0,-,0.0
ENSMUSG00000039990-B,Tyr-Val,,,2,,,1,,,0,1.0,0.0,3,0,+,0.0
ENSMUSG00000040043-B,2-Aminoquinolin-8-ol,,,1,,,1,,,1,-1.0,0.0,3,0,-,0.0
ENSMUSG00000040043-B,3-(4-Methoxyphenyl)coumarin,,,1,,,0,-1.0,0.0,3,-1.0,0.0,4,1,-,0.0
ENSMUSG00000040043-B,Chlorobenzilate,,,0,,,2,,,2,-1.0,0.0,4,0,-,0.0
ENSMUSG00000040043-B,cis-2-Decenoic acid,,,1,,,0,,,2,1.0,0.0,3,0,+,0.0
ENSMUSG00000040043-B,Octadecanoic acid,,,2,,,1,,,0,1.0,0.0,3,0,+,0.0
ENSMUSG00000040276-B,"1,2-Cinnolinedicarboxylic acid, 1,2,3,5,6,7,8,8a-octahydro-4-trimethylsilyloxy-, diethyl ester",,,0,,,2,,,1,-1.0,0.0,3,0,-,0.0
ENSMUSG00000040276-B,2-Aminoquinolin-8-ol,,,1,,,1,,,1,1.0,0.0,3,0,+,0.0
ENSMUSG00000040276-B,2-Norbornanemethanol,,,0,,,1,,,2,-1.0,0.0,3,0,-,0.0
ENSMUSG00000040276-B,"3-Hydroxy-7,3',4',5'-tetramethoxyflavone",,,2,,,0,,,1,-1.0,0.0,3,0,-,0.0
ENSMUSG00000040276-B,"4,5-Dihydro-1H-pyrazole",,,1,,,2,,,1,1.0,0.0,4,0,+,0.0
ENSMUSG00000040276-B,Chlorobenzilate,,,0,,,2,,,2,-1.0,0.0,4,0,-,0.0
ENSMUSG00000040276-B,L-(+)-Threose,,,0,,,0,1.0,0.0,3,1.0,0.0,3,1,+,0.0
ENSMUSG00000040276-B,Tyr-Val,,,2,,,1,,,0,-1.0,0.0,3,0,-,0.0
ENSMUSG00000040649-B,"13-Docosenamide, (Z)",,,0,,,0,1.0,0.0,3,1.0,0.0,3,1,+,0.0
ENSMUSG00000040649-B,2-Aminoquinolin-8-ol,,,1,,,1,,,1,1.0,0.0,3,0,+,0.0
ENSMUSG00000040649-B,"2-Methylcyclohexanol, (Z)",1.0,0.0,3,-0.8660254037844387,0.3333333333333332,3,-0.753702346348183,0.0835232813732598,6,-0.9152457730985843,2.9833284965365023e-05,12,3,-,0.0013106437455550559
ENSMUSG00000040649-B,"3-Hydroxy-7,3',4',5'-tetramethoxyflavone",,,2,,,0,,,1,-1.0,0.0,3,0,-,0.0
ENSMUSG00000040649-B,"4,5-Dihydro-1H-pyrazole",,,1,,,2,,,1,1.0,0.0,4,0,+,0.0
ENSMUSG00000040649-B,cis-2-Decenoic acid,,,1,,,0,,,2,-1.0,0.0,3,0,-,0.0
ENSMUSG00000040649-B,Glycine,-1.0,0.0,3,-0.5,0.6666666666666667,3,-0.8406680016960503,0.0360575728451592,6,-0.8807071758072423,0.0001552245397565,12,3,-,0.006768690741045115
ENSMUSG00000040649-B,Isosorbide,-1.0,0.0,3,,,0,,,0,-1.0,0.0,3,1,-,0.0
ENSMUSG00000040649-B,Luciferin,,,1,,,2,,,1,-1.0,0.0,4,0,-,0.0
ENSMUSG00000040649-B,L-Val-L-Leu,,,0,,,0,-1.0,0.0,3,-1.0,0.0,3,1,-,0.0
ENSMUSG00000040649-B,Octadecanoic acid,,,2,,,1,,,0,-1.0,0.0,3,0,-,0.0
ENSMUSG00000040693-B,cis-2-Decenoic acid,,,1,,,0,,,2,-1.0,0.0,3,0,-,0.0
ENSMUSG00000040693-B,"N-[(3,4,5-Trimethoxyphenyl)methylidene]hydroxylamine",,,0,,,0,-1.0,0.0,3,-1.0,0.0,3,1,-,0.0
ENSMUSG00000040729-B,"2-Methylcyclohexylamine, tert.-butyldimethylsilyl ether",,,0,,,2,-1.0,0.0,4,-1.0,0.0,6,1,-,0.0
ENSMUSG00000040729-B,4-tert-Butyldimethylsiloxy-3-penten-2-one,,,0,,,0,1.0,0.0,4,1.0,0.0,4,1,+,0.0
ENSMUSG00000040729-B,Isosorbide,1.0,0.0,3,,,0,,,0,1.0,0.0,3,1,+,0.0
ENSMUSG00000040729-B,L-(+)-Threose,,,0,,,0,-1.0,0.0,3,-1.0,0.0,3,1,-,0.0
ENSMUSG00000040729-B,L-Val-L-Leu,,,0,,,0,1.0,0.0,3,1.0,0.0,3,1,+,0.0
ENSMUSG00000040729-B,Octadecanoic acid,,,2,,,1,,,0,1.0,0.0,3,0,+,0.0
ENSMUSG00000040797-B,"(2R)-Pyrrolidine-1,2-dicarboxylic acid, bis(tert-butyldimethylsilyl) ester",-0.5,0.6666666666666667,3,-1.0,0.0,3,-0.5797710356524484,0.227783956715016,6,-0.8511396590310907,0.0004459012873585,12,3,-,0.019059457385080806
ENSMUSG00000040797-B,"13-Docosenamide, (Z)",,,0,,,0,-1.0,0.0,3,-1.0,0.0,3,1,-,0.0
ENSMUSG00000040797-B,2-Norbornanemethanol,,,0,,,1,,,2,-1.0,0.0,3,0,-,0.0
ENSMUSG00000040797-B,"3,4-Dihydroxybenzaldehyde",1.0,0.0,3,,,0,,,0,1.0,0.0,3,1,+,0.0
ENSMUSG00000040797-B,"3-Hydroxy-7,3',4',5'-tetramethoxyflavone",,,2,,,0,,,1,-1.0,0.0,3,0,-,0.0
ENSMUSG00000040797-B,"4,5-Dihydro-1H-pyrazole",,,1,,,2,,,1,1.0,0.0,4,0,+,0.0
ENSMUSG00000040797-B,7-Hydroxy-4-(methoxymethyl)coumarin,,,1,,,0,-1.0,0.0,3,-1.0,0.0,4,1,-,0.0
ENSMUSG00000040797-B,L-Val-L-Leu,,,0,,,0,-1.0,0.0,3,-1.0,0.0,3,1,-,0.0
ENSMUSG00000040797-B,Tyr-Val,,,2,,,1,,,0,-1.0,0.0,3,0,-,0.0
ENSMUSG00000040907-B,"13-Docosenamide, (Z)",,,0,,,0,1.0,0.0,3,1.0,0.0,3,1,+,0.0
ENSMUSG00000040907-B,2-Aminoquinolin-8-ol,,,1,,,1,,,1,1.0,0.0,3,0,+,0.0
ENSMUSG00000040907-B,"2-Butene-1,4-diol",,,0,,,2,1.0,0.0,4,0.9856107606091624,0.0003090856678496,6,1,+,0.013285185507187377
ENSMUSG00000040907-B,"3-Hydroxy-7,3',4',5'-tetramethoxyflavone",,,2,,,0,,,1,-1.0,0.0,3,0,-,0.0
ENSMUSG00000040918-B,"1,2-Cinnolinedicarboxylic acid, 1,2,3,5,6,7,8,8a-octahydro-4-trimethylsilyloxy-, diethyl ester",,,0,,,2,,,1,-1.0,0.0,3,0,-,0.0
ENSMUSG00000040918-B,"2,4-Dimethoxybenzaldoxime",,,1,,,0,,,2,-1.0,0.0,3,0,-,0.0
ENSMUSG00000040918-B,2-Aminoquinolin-8-ol,,,1,,,1,,,1,1.0,0.0,3,0,+,0.0
ENSMUSG00000040918-B,"3,4-Dihydroxybenzaldehyde",-1.0,0.0,3,,,0,,,0,-1.0,0.0,3,1,-,0.0
ENSMUSG00000040918-B,cis-2-Decenoic acid,,,1,,,0,,,2,-1.0,0.0,3,0,-,0.0
ENSMUSG00000040918-B,Diclofenac,,,1,,,2,,,1,1.0,0.0,4,0,+,0.0
ENSMUSG00000040918-B,L-Glutamic acid,,,0,,,2,-1.0,0.0,3,-1.0,1.4042654220543672e-24,5,1,-,6.180272427134274e-23
ENSMUSG00000040918-B,L-Val-L-Leu,,,0,,,0,-1.0,0.0,3,-1.0,0.0,3,1,-,0.0
ENSMUSG00000040918-B,"N-[(3,4,5-Trimethoxyphenyl)methylidene]hydroxylamine",,,0,,,0,1.0,0.0,3,1.0,0.0,3,1,+,0.0
ENSMUSG00000041020-B,"3,4-Dihydroxybenzaldehyde",1.0,0.0,3,,,0,,,0,1.0,0.0,3,1,+,0.0
ENSMUSG00000041020-B,Guanosine,,,1,1.0,0.0,3,0.7999999999999999,0.2,4,0.9221722216732094,0.0011108173578061,8,2,+,0.04584260649780499
ENSMUSG00000041020-B,L-Val-L-Leu,,,0,,,0,-1.0,0.0,3,-1.0,0.0,3,1,-,0.0
ENSMUSG00000041020-B,"N-[(3,4,5-Trimethoxyphenyl)methylidene]hydroxylamine",,,0,,,0,1.0,0.0,3,1.0,0.0,3,1,+,0.0
ENSMUSG00000041057-B,"1,2-Bis(trimethylsiloxy)cyclohexene",,,1,,,2,,,0,1.0,0.0,3,0,+,0.0
ENSMUSG00000041057-B,2-Aminoquinolin-8-ol,,,1,,,1,,,1,1.0,0.0,3,0,+,0.0
ENSMUSG00000041057-B,2-Norbornanemethanol,,,0,,,1,,,2,-1.0,0.0,3,0,-,0.0
ENSMUSG00000041057-B,"3,4-Dihydroxybenzaldehyde",-1.0,0.0,3,,,0,,,0,-1.0,0.0,3,1,-,0.0
ENSMUSG00000041057-B,L-(+)-Threose,,,0,,,0,-1.0,0.0,3,-1.0,0.0,3,1,-,0.0
ENSMUSG00000041057-B,L-Val-L-Leu,,,0,,,0,1.0,0.0,3,1.0,0.0,3,1,+,0.0
ENSMUSG00000041057-B,Tyr-Val,,,2,,,1,,,0,1.0,0.0,3,0,+,0.0
ENSMUSG00000041133-B,"1,2-Bis(trimethylsiloxy)cyclohexene",,,1,,,2,,,0,1.0,0.0,3,0,+,0.0
ENSMUSG00000041133-B,"Benzene, 1-ethyl-3,5-dimethyl",,,1,,,1,,,2,-1.0,0.0,4,0,-,0.0
ENSMUSG00000041133-B,L-(+)-Threose,,,0,,,0,-1.0,0.0,3,-1.0,0.0,3,1,-,0.0
ENSMUSG00000041133-B,"N-[(3,4,5-Trimethoxyphenyl)methylidene]hydroxylamine",,,0,,,0,-1.0,0.0,3,-1.0,0.0,3,1,-,0.0
ENSMUSG00000041133-B,Octadecanoic acid,,,2,,,1,,,0,1.0,0.0,3,0,+,0.0
ENSMUSG00000041147-B,"13-Docosenamide, (Z)",,,0,,,0,1.0,0.0,3,1.0,0.0,3,1,+,0.0
ENSMUSG00000041147-B,cis-2-Decenoic acid,,,1,,,0,,,2,-1.0,0.0,3,0,-,0.0
ENSMUSG00000041147-B,Diclofenac,,,1,,,2,,,1,1.0,0.0,4,0,+,0.0
ENSMUSG00000041147-B,Isosorbide,1.0,0.0,3,,,0,,,0,1.0,0.0,3,1,+,0.0
ENSMUSG00000041147-B,L-(+)-Threose,,,0,,,0,1.0,0.0,3,1.0,0.0,3,1,+,0.0
ENSMUSG00000041147-B,L-Ornithine,,,2,,,1,,,1,-1.0,0.0,4,0,-,0.0
ENSMUSG00000041147-B,Octadecanoic acid,,,2,,,1,,,0,1.0,0.0,3,0,+,0.0
ENSMUSG00000041308-B,cis-2-Decenoic acid,,,1,,,0,,,2,1.0,0.0,3,0,+,0.0
ENSMUSG00000041308-B,Isosorbide,-1.0,0.0,3,,,0,,,0,-1.0,0.0,3,1,-,0.0
ENSMUSG00000041308-B,L-Val-L-Leu,,,0,,,0,1.0,0.0,3,1.0,0.0,3,1,+,0.0
ENSMUSG00000041308-B,"N-[(3,4,5-Trimethoxyphenyl)methylidene]hydroxylamine",,,0,,,0,-1.0,0.0,3,-1.0,0.0,3,1,-,0.0
ENSMUSG00000041308-B,tert-butyl(dimethyl)silyl-2-([tert-butyl(dimethyl)silyl]oxy)hex-2-enoate,,,0,,,0,1.0,0.0,4,1.0,0.0,4,1,+,0.0
ENSMUSG00000041308-B,Tyr-Val,,,2,,,1,,,0,1.0,0.0,3,0,+,0.0
ENSMUSG00000041468-B,"13-Docosenamide, (Z)",,,0,,,0,-1.0,0.0,3,-1.0,0.0,3,1,-,0.0
ENSMUSG00000041468-B,2-Norbornanemethanol,,,0,,,1,,,2,-1.0,0.0,3,0,-,0.0
ENSMUSG00000041468-B,3-(4-Methoxyphenyl)coumarin,,,1,,,0,1.0,0.0,3,1.0,0.0,4,1,+,0.0
ENSMUSG00000041468-B,Isosorbide,1.0,0.0,3,,,0,,,0,1.0,0.0,3,1,+,0.0
ENSMUSG00000041468-B,L-(+)-Threose,,,0,,,0,-1.0,0.0,3,-1.0,0.0,3,1,-,0.0
ENSMUSG00000041468-B,"l-Leucine, n-butoxycarbonyl-N-methyl-, hexadecyl ester",,,2,,,2,,,0,-1.0,0.0,4,0,-,0.0
ENSMUSG00000041598-B,"2,4-Dimethoxybenzaldoxime",,,1,,,0,,,2,-1.0,0.0,3,0,-,0.0
ENSMUSG00000041598-B,2-Aminoquinolin-8-ol,,,1,,,1,,,1,1.0,0.0,3,0,+,0.0
ENSMUSG00000041598-B,Benzeneacetic acid,,,2,,,0,1.0,0.0,3,1.0,1.4042654220543672e-24,5,1,+,6.180272427134274e-23
ENSMUSG00000041598-B,cis-2-Decenoic acid,,,1,,,0,,,2,-1.0,0.0,3,0,-,0.0
ENSMUSG00000041598-B,"N-[(3,4,5-Trimethoxyphenyl)methylidene]hydroxylamine",,,0,,,0,1.0,0.0,3,1.0,0.0,3,1,+,0.0
ENSMUSG00000041608-B,"13-Docosenamide, (Z)",,,0,,,0,-1.0,0.0,3,-1.0,0.0,3,1,-,0.0
ENSMUSG00000041608-B,2-Norbornanemethanol,,,0,,,1,,,2,1.0,0.0,3,0,+,0.0
ENSMUSG00000041608-B,"3-Hydroxy-7,3',4',5'-tetramethoxyflavone",,,2,,,0,,,1,-1.0,0.0,3,0,-,0.0
ENSMUSG00000041608-B,L-(+)-Threose,,,0,,,0,-1.0,0.0,3,-1.0,0.0,3,1,-,0.0
ENSMUSG00000041649-B,"1,2-Bis(trimethylsiloxy)cyclohexene",,,1,,,2,,,0,-1.0,0.0,3,0,-,0.0
ENSMUSG00000041649-B,"1,2-Cinnolinedicarboxylic acid, 1,2,3,5,6,7,8,8a-octahydro-4-trimethylsilyloxy-, diethyl ester",,,0,,,2,,,1,1.0,0.0,3,0,+,0.0
ENSMUSG00000041649-B,"13-Docosenamide, (Z)",,,0,,,0,-1.0,0.0,3,-1.0,0.0,3,1,-,0.0
ENSMUSG00000041649-B,"2,4-Dimethoxybenzaldoxime",,,1,,,0,,,2,-1.0,0.0,3,0,-,0.0
ENSMUSG00000041649-B,2-Aminoquinolin-8-ol,,,1,,,1,,,1,-1.0,0.0,3,0,-,0.0
ENSMUSG00000041649-B,"3,4-Dihydroxybenzaldehyde",1.0,0.0,3,,,0,,,0,1.0,0.0,3,1,+,0.0
ENSMUSG00000041649-B,Luciferin,,,1,,,2,,,1,1.0,0.0,4,0,+,0.0
ENSMUSG00000041649-B,L-Val-L-Leu,,,0,,,0,-1.0,0.0,3,-1.0,0.0,3,1,-,0.0
ENSMUSG00000041733-B,"1,2-Cinnolinedicarboxylic acid, 1,2,3,5,6,7,8,8a-octahydro-4-trimethylsilyloxy-, diethyl ester",,,0,,,2,,,1,1.0,0.0,3,0,+,0.0
ENSMUSG00000041733-B,"13-Docosenamide, (Z)",,,0,,,0,-1.0,0.0,3,-1.0,0.0,3,1,-,0.0
ENSMUSG00000041733-B,2-Aminoquinolin-8-ol,,,1,,,1,,,1,-1.0,0.0,3,0,-,0.0
ENSMUSG00000041733-B,"3,4-Dihydroxybenzaldehyde",1.0,0.0,3,,,0,,,0,1.0,0.0,3,1,+,0.0
ENSMUSG00000041733-B,Chlorobenzilate,,,0,,,2,,,2,1.0,0.0,4,0,+,0.0
ENSMUSG00000041733-B,cis-2-Decenoic acid,,,1,,,0,,,2,1.0,0.0,3,0,+,0.0
ENSMUSG00000041736-B,2-Norbornanemethanol,,,0,,,1,,,2,1.0,0.0,3,0,+,0.0
ENSMUSG00000041736-B,"3,4-Dihydroxybenzaldehyde",-1.0,0.0,3,,,0,,,0,-1.0,0.0,3,1,-,0.0
ENSMUSG00000041736-B,"3-Hydroxy-7,3',4',5'-tetramethoxyflavone",,,2,,,0,,,1,1.0,0.0,3,0,+,0.0
ENSMUSG00000041736-B,cis-2-Decenoic acid,,,1,,,0,,,2,-1.0,0.0,3,0,-,0.0
ENSMUSG00000041736-B,"N-[(3,4,5-Trimethoxyphenyl)methylidene]hydroxylamine",,,0,,,0,1.0,0.0,3,1.0,0.0,3,1,+,0.0
ENSMUSG00000041794-B,"1,2-Cinnolinedicarboxylic acid, 1,2,3,5,6,7,8,8a-octahydro-4-trimethylsilyloxy-, diethyl ester",,,0,,,2,,,1,1.0,0.0,3,0,+,0.0
ENSMUSG00000041794-B,2-Aminoquinolin-8-ol,,,1,,,1,,,1,-1.0,0.0,3,0,-,0.0
ENSMUSG00000041794-B,"3,4-Dihydroxybenzaldehyde",1.0,0.0,3,,,0,,,0,1.0,0.0,3,1,+,0.0
ENSMUSG00000041794-B,"Benzene, 1-ethyl-3,5-dimethyl",,,1,,,1,,,2,1.0,0.0,4,0,+,0.0
ENSMUSG00000041794-B,cis-2-Decenoic acid,,,1,,,0,,,2,1.0,0.0,3,0,+,0.0
ENSMUSG00000041794-B,L-(+)-Threose,,,0,,,0,1.0,0.0,3,1.0,0.0,3,1,+,0.0
ENSMUSG00000041794-B,"N-[(3,4,5-Trimethoxyphenyl)methylidene]hydroxylamine",,,0,,,0,1.0,0.0,3,1.0,0.0,3,1,+,0.0
ENSMUSG00000041794-B,Tyr-Val,,,2,,,1,,,0,-1.0,0.0,3,0,-,0.0
ENSMUSG00000041852-B,"13-Docosenamide, (Z)",,,0,,,0,1.0,0.0,3,1.0,0.0,3,1,+,0.0
ENSMUSG00000041852-B,"3,4-Dihydroxybenzaldehyde",1.0,0.0,3,,,0,,,0,1.0,0.0,3,1,+,0.0
ENSMUSG00000041852-B,L-(+)-Threose,,,0,,,0,1.0,0.0,3,1.0,0.0,3,1,+,0.0
ENSMUSG00000041852-B,"l-Leucine, n-butoxycarbonyl-N-methyl-, hexadecyl ester",,,2,,,2,,,0,-1.0,0.0,4,0,-,0.0
ENSMUSG00000042190-B,"1,2-Cinnolinedicarboxylic acid, 1,2,3,5,6,7,8,8a-octahydro-4-trimethylsilyloxy-, diethyl ester",,,0,,,2,,,1,-1.0,0.0,3,0,-,0.0
ENSMUSG00000042190-B,2-Norbornanemethanol,,,0,,,1,,,2,-1.0,0.0,3,0,-,0.0
ENSMUSG00000042190-B,Isosorbide,-1.0,0.0,3,,,0,,,0,-1.0,0.0,3,1,-,0.0
ENSMUSG00000042190-B,L-(+)-Threose,,,0,,,0,1.0,0.0,3,1.0,0.0,3,1,+,0.0
ENSMUSG00000042190-B,L-Glutamic acid,,,0,,,2,-1.0,0.0,3,-1.0,1.4042654220543672e-24,5,1,-,6.180272427134274e-23
ENSMUSG00000042190-B,L-Val-L-Leu,,,0,,,0,-1.0,0.0,3,-1.0,0.0,3,1,-,0.0
ENSMUSG00000042757-B,"1,2-Cinnolinedicarboxylic acid, 1,2,3,5,6,7,8,8a-octahydro-4-trimethylsilyloxy-, diethyl ester",,,0,,,2,,,1,-1.0,0.0,3,0,-,0.0
ENSMUSG00000042757-B,"13-Docosenamide, (Z)",,,0,,,0,1.0,0.0,3,1.0,0.0,3,1,+,0.0
ENSMUSG00000042757-B,2-Norbornanemethanol,,,0,,,1,,,2,-1.0,0.0,3,0,-,0.0
ENSMUSG00000042757-B,"3,4-Dihydroxybenzaldehyde",1.0,0.0,3,,,0,,,0,1.0,0.0,3,1,+,0.0
ENSMUSG00000042757-B,"3-Hydroxy-7,3',4',5'-tetramethoxyflavone",,,2,,,0,,,1,-1.0,0.0,3,0,-,0.0
ENSMUSG00000042757-B,4-Methylvaleric acid,1.0,0.0,3,1.0,0.0,3,0.3,0.6238376647810728,5,0.8636363636363636,0.0006116938500931,11,3,+,0.02590344781682911
ENSMUSG00000042757-B,cis-2-Decenoic acid,,,1,,,0,,,2,-1.0,0.0,3,0,-,0.0
ENSMUSG00000042757-B,L-(+)-Threose,,,0,,,0,1.0,0.0,3,1.0,0.0,3,1,+,0.0
ENSMUSG00000042757-B,Luciferin,,,1,,,2,,,1,-1.0,0.0,4,0,-,0.0
ENSMUSG00000042757-B,Tyr-Val,,,2,,,1,,,0,-1.0,0.0,3,0,-,0.0
ENSMUSG00000042759-B,"1,2-Bis(trimethylsiloxy)cyclohexene",,,1,,,2,,,0,-1.0,0.0,3,0,-,0.0
ENSMUSG00000042759-B,2-Aminoquinolin-8-ol,,,1,,,1,,,1,-1.0,0.0,3,0,-,0.0
ENSMUSG00000042759-B,2-Norbornanemethanol,,,0,,,1,,,2,-1.0,0.0,3,0,-,0.0
ENSMUSG00000042759-B,Isosorbide,-1.0,0.0,3,,,0,,,0,-1.0,0.0,3,1,-,0.0
ENSMUSG00000042759-B,L-Val-L-Leu,,,0,,,0,1.0,0.0,3,1.0,0.0,3,1,+,0.0
ENSMUSG00000042759-B,"N-[(3,4,5-Trimethoxyphenyl)methylidene]hydroxylamine",,,0,,,0,1.0,0.0,3,1.0,0.0,3,1,+,0.0
ENSMUSG00000042759-B,Octadecanoic acid,,,2,,,1,,,0,-1.0,0.0,3,0,-,0.0
ENSMUSG00000042793-B,"3,4-Dihydroxybenzaldehyde",1.0,0.0,3,,,0,,,0,1.0,0.0,3,1,+,0.0
ENSMUSG00000042793-B,"3-Hydroxy-7,3',4',5'-tetramethoxyflavone",,,2,,,0,,,1,-1.0,0.0,3,0,-,0.0
ENSMUSG00000042793-B,7-Hydroxy-4-(methoxymethyl)coumarin,,,1,,,0,-1.0,0.0,3,-1.0,0.0,4,1,-,0.0
ENSMUSG00000042793-B,"Benzene, 1-ethyl-3,5-dimethyl",,,1,,,1,,,2,1.0,0.0,4,0,+,0.0
ENSMUSG00000042793-B,L-Val-L-Leu,,,0,,,0,-1.0,0.0,3,-1.0,0.0,3,1,-,0.0
ENSMUSG00000042793-B,Tyr-Val,,,2,,,1,,,0,-1.0,0.0,3,0,-,0.0
ENSMUSG00000043090-B,2-Norbornanemethanol,,,0,,,1,,,2,-1.0,0.0,3,0,-,0.0
ENSMUSG00000043090-B,7-Hydroxy-4-(methoxymethyl)coumarin,,,1,,,0,-1.0,0.0,3,-1.0,0.0,4,1,-,0.0
ENSMUSG00000043090-B,Isosorbide,1.0,0.0,3,,,0,,,0,1.0,0.0,3,1,+,0.0
ENSMUSG00000043090-B,"l-Leucine, n-butoxycarbonyl-N-methyl-, hexadecyl ester",,,2,,,2,,,0,-1.0,0.0,4,0,-,0.0
ENSMUSG00000043243-B,"13-Docosenamide, (Z)",,,0,,,0,1.0,0.0,3,1.0,0.0,3,1,+,0.0
ENSMUSG00000043243-B,"3,3-Dimethylacrylic acid",,,1,,,1,,,2,-1.0,0.0,4,0,-,0.0
ENSMUSG00000043243-B,"3,4-Dihydroxybenzaldehyde",-1.0,0.0,3,,,0,,,0,-1.0,0.0,3,1,-,0.0
ENSMUSG00000043243-B,"3-Hydroxy-7,3',4',5'-tetramethoxyflavone",,,2,,,0,,,1,1.0,0.0,3,0,+,0.0
ENSMUSG00000043243-B,cis-2-Decenoic acid,,,1,,,0,,,2,-1.0,0.0,3,0,-,0.0
ENSMUSG00000043243-B,Glabridin,,,2,,,1,,,1,1.0,0.0,4,0,+,0.0
ENSMUSG00000043262-B,"1,2-Bis(trimethylsiloxy)cyclohexene",,,1,,,2,,,0,1.0,0.0,3,0,+,0.0
ENSMUSG00000043262-B,"1,2-Cinnolinedicarboxylic acid, 1,2,3,5,6,7,8,8a-octahydro-4-trimethylsilyloxy-, diethyl ester",,,0,,,2,,,1,-1.0,0.0,3,0,-,0.0
ENSMUSG00000043262-B,7-Hydroxy-4-(methoxymethyl)coumarin,,,1,,,0,1.0,0.0,3,1.0,0.0,4,1,+,0.0
ENSMUSG00000043262-B,Isosorbide,-1.0,0.0,3,,,0,,,0,-1.0,0.0,3,1,-,0.0
ENSMUSG00000043262-B,Luciferin,,,1,,,2,,,1,-1.0,0.0,4,0,-,0.0
ENSMUSG00000043290-B,"1,2-Bis(trimethylsiloxy)cyclohexene",,,1,,,2,,,0,-1.0,0.0,3,0,-,0.0
ENSMUSG00000043290-B,"1,2-Cinnolinedicarboxylic acid, 1,2,3,5,6,7,8,8a-octahydro-4-trimethylsilyloxy-, diethyl ester",,,0,,,2,,,1,1.0,0.0,3,0,+,0.0
ENSMUSG00000043290-B,2-Aminoquinolin-8-ol,,,1,,,1,,,1,1.0,0.0,3,0,+,0.0
ENSMUSG00000043290-B,"3-Hydroxy-7,3',4',5'-tetramethoxyflavone",,,2,,,0,,,1,1.0,0.0,3,0,+,0.0
ENSMUSG00000043290-B,cis-2-Decenoic acid,,,1,,,0,,,2,-1.0,0.0,3,0,-,0.0
ENSMUSG00000043290-B,Curcumin,-0.5,0.6666666666666667,3,-1.0,0.0,3,-0.6,0.2079999999999998,6,-0.8371291296643238,0.0006820012896813,12,3,-,0.028781855797063903
ENSMUSG00000043290-B,L-(+)-Threose,,,0,,,0,-1.0,0.0,3,-1.0,0.0,3,1,-,0.0
ENSMUSG00000043290-B,"N-[(3,4,5-Trimethoxyphenyl)methylidene]hydroxylamine",,,0,,,0,-1.0,0.0,3,-1.0,0.0,3,1,-,0.0
ENSMUSG00000043290-B,Octadecanoic acid,,,2,,,1,,,0,-1.0,0.0,3,0,-,0.0
ENSMUSG00000043290-B,Yangonin,-0.5,0.6666666666666667,3,-0.5,0.6666666666666667,3,-0.6377481392176932,0.1730711102412597,6,-0.8225070385481765,0.0010213240092885,12,3,-,0.04229091319375734
ENSMUSG00000043631-B,"13-Docosenamide, (Z)",,,0,,,0,1.0,0.0,3,1.0,0.0,3,1,+,0.0
ENSMUSG00000043631-B,"3-Hydroxy-7,3',4',5'-tetramethoxyflavone",,,2,,,0,,,1,1.0,0.0,3,0,+,0.0
ENSMUSG00000043631-B,L-Val-L-Leu,,,0,,,0,1.0,0.0,3,1.0,0.0,3,1,+,0.0
ENSMUSG00000043631-B,tert-butyl(dimethyl)silyl-2-([tert-butyl(dimethyl)silyl]oxy)hex-2-enoate,,,0,,,0,1.0,0.0,4,1.0,0.0,4,1,+,0.0
ENSMUSG00000043702-B,2-Aminoquinolin-8-ol,,,1,,,1,,,1,1.0,0.0,3,0,+,0.0
ENSMUSG00000043702-B,2-Norbornanemethanol,,,0,,,1,,,2,1.0,0.0,3,0,+,0.0
ENSMUSG00000043702-B,"3,4-Dihydroxybenzaldehyde",-1.0,0.0,3,,,0,,,0,-1.0,0.0,3,1,-,0.0
ENSMUSG00000043702-B,"4,5-Dihydro-1H-pyrazole",,,1,,,2,,,1,-1.0,0.0,4,0,-,0.0
ENSMUSG00000043702-B,Crotonic acid,-1.0,0.0,3,-0.5,0.6666666666666667,3,-0.5768179036829705,0.2307322519546003,6,-0.8239640937886785,0.0009826393868662,12,3,-,0.04078499550135461
ENSMUSG00000043702-B,L-(+)-Threose,,,0,,,0,-1.0,0.0,3,-1.0,0.0,3,1,-,0.0
ENSMUSG00000043702-B,"N-[(3,4,5-Trimethoxyphenyl)methylidene]hydroxylamine",,,0,,,0,-1.0,0.0,3,-1.0,0.0,3,1,-,0.0
ENSMUSG00000043702-B,Tyr-Val,,,2,,,1,,,0,1.0,0.0,3,0,+,0.0
ENSMUSG00000043811-B,"13-Docosenamide, (Z)",,,0,,,0,1.0,0.0,3,1.0,0.0,3,1,+,0.0
ENSMUSG00000043811-B,2-Aminoquinolin-8-ol,,,1,,,1,,,1,1.0,0.0,3,0,+,0.0
ENSMUSG00000043811-B,2-Norbornanemethanol,,,0,,,1,,,2,-1.0,0.0,3,0,-,0.0
ENSMUSG00000043811-B,"3-Hydroxy-7,3',4',5'-tetramethoxyflavone",,,2,,,0,,,1,-1.0,0.0,3,0,-,0.0
ENSMUSG00000043811-B,"4,5-Dihydro-1H-pyrazole",,,1,,,2,,,1,1.0,0.0,4,0,+,0.0
ENSMUSG00000043811-B,Chlorobenzilate,,,0,,,2,,,2,-1.0,0.0,4,0,-,0.0
ENSMUSG00000043811-B,L-Val-L-Leu,,,0,,,0,1.0,0.0,3,1.0,0.0,3,1,+,0.0
ENSMUSG00000044022-B,"1,2-Bis(trimethylsiloxy)cyclohexene",,,1,,,2,,,0,-1.0,0.0,3,0,-,0.0
ENSMUSG00000044022-B,2-Aminoquinolin-8-ol,,,1,,,1,,,1,-1.0,0.0,3,0,-,0.0
ENSMUSG00000044022-B,2-Norbornanemethanol,,,0,,,1,,,2,1.0,0.0,3,0,+,0.0
ENSMUSG00000044022-B,7-Hydroxy-4-(methoxymethyl)coumarin,,,1,,,0,1.0,0.0,3,1.0,0.0,4,1,+,0.0
ENSMUSG00000044022-B,Isosorbide,-1.0,0.0,3,,,0,,,0,-1.0,0.0,3,1,-,0.0
ENSMUSG00000044022-B,"N-[(3,4,5-Trimethoxyphenyl)methylidene]hydroxylamine",,,0,,,0,-1.0,0.0,3,-1.0,0.0,3,1,-,0.0
ENSMUSG00000044022-B,Octadecanoic acid,,,2,,,1,,,0,-1.0,0.0,3,0,-,0.0
ENSMUSG00000044026-B,"3,4-Dihydroxybenzaldehyde",-1.0,0.0,3,,,0,,,0,-1.0,0.0,3,1,-,0.0
ENSMUSG00000044026-B,cis-2-Decenoic acid,,,1,,,0,,,2,-1.0,0.0,3,0,-,0.0
ENSMUSG00000044026-B,L-Val-L-Leu,,,0,,,0,-1.0,0.0,3,-1.0,0.0,3,1,-,0.0
ENSMUSG00000044026-B,"N-[(3,4,5-Trimethoxyphenyl)methylidene]hydroxylamine",,,0,,,0,-1.0,0.0,3,-1.0,0.0,3,1,-,0.0
ENSMUSG00000044172-B,2-Aminoquinolin-8-ol,,,1,,,1,,,1,1.0,0.0,3,0,+,0.0
ENSMUSG00000044172-B,cis-2-Decenoic acid,,,1,,,0,,,2,-1.0,0.0,3,0,-,0.0
ENSMUSG00000044749-B,"1-Pentene, 1,3-diphenyl-1-(trimethylsilyloxy)-",,,1,,,1,,,2,-1.0,0.0,4,0,-,0.0
ENSMUSG00000044749-B,Isosorbide,1.0,0.0,3,,,0,,,0,1.0,0.0,3,1,+,0.0
ENSMUSG00000044749-B,L-(+)-Threose,,,0,,,0,-1.0,0.0,3,-1.0,0.0,3,1,-,0.0
ENSMUSG00000044749-B,L-Val-L-Leu,,,0,,,0,1.0,0.0,3,1.0,0.0,3,1,+,0.0
ENSMUSG00000044749-B,Octadecanoic acid,,,2,,,1,,,0,1.0,0.0,3,0,+,0.0
ENSMUSG00000045087-B,"1,2-Bis(trimethylsiloxy)cyclohexene",,,1,,,2,,,0,1.0,0.0,3,0,+,0.0
ENSMUSG00000045087-B,"1,2-Cinnolinedicarboxylic acid, 1,2,3,5,6,7,8,8a-octahydro-4-trimethylsilyloxy-, diethyl ester",,,0,,,2,,,1,1.0,0.0,3,0,+,0.0
ENSMUSG00000045087-B,"3,4-Dihydroxybenzaldehyde",-1.0,0.0,3,,,0,,,0,-1.0,0.0,3,1,-,0.0
ENSMUSG00000045087-B,Allylescaline,1.0,0.0,3,1.0,0.0,3,0.5296408977028497,0.2798259481884628,6,0.831922258211395,0.0007908591803253,12,3,+,0.033273327685724385
ENSMUSG00000045087-B,"N-[(3,4,5-Trimethoxyphenyl)methylidene]hydroxylamine",,,0,,,0,-1.0,0.0,3,-1.0,0.0,3,1,-,0.0
ENSMUSG00000045087-B,tert-butyl(dimethyl)silyl-2-([tert-butyl(dimethyl)silyl]oxy)hex-2-enoate,,,0,,,0,1.0,0.0,4,1.0,0.0,4,1,+,0.0
ENSMUSG00000045087-B,Tyr-Val,,,2,,,1,,,0,1.0,0.0,3,0,+,0.0
ENSMUSG00000045102-B,"(2,5-Dimethoxyphenyl)acetone",-0.5,0.6666666666666667,3,0.8660254037844387,0.3333333333333332,3,0.7775419143502353,0.0687269414410895,6,0.8337686707998526,0.000750825486328,12,3,+,0.03162140282986994
ENSMUSG00000045102-B,"1,2-Cinnolinedicarboxylic acid, 1,2,3,5,6,7,8,8a-octahydro-4-trimethylsilyloxy-, diethyl ester",,,0,,,2,,,1,-1.0,0.0,3,0,-,0.0
ENSMUSG00000045102-B,2-Propyl-1-pentanol,,,2,0.0,1.0,3,0.8451542547285165,0.0341094231674096,6,0.864452882252671,0.0005961170896504,11,2,+,0.025287266422588224
ENSMUSG00000045102-B,"3-Hydroxy-7,3',4',5'-tetramethoxyflavone",,,2,,,0,,,1,-1.0,0.0,3,0,-,0.0
ENSMUSG00000045102-B,"6,7,4'-Trihydroxyisoflavone",-0.5,0.6666666666666667,3,0.8660254037844387,0.3333333333333332,3,0.8574929257125441,0.0290153635313838,6,0.863679654505677,0.0002935897948546,12,3,+,0.012694410673660478
ENSMUSG00000045102-B,Norketamine,0.8660254037844387,0.3333333333333332,3,0.8660254037844387,0.3333333333333332,3,0.8355727485873495,0.038331727534923,6,0.857801684638664,0.0003588547827939,12,3,+,0.015376103923397878
ENSMUSG00000045102-B,Octadecanoic acid,,,2,,,1,,,0,1.0,0.0,3,0,+,0.0
ENSMUSG00000045102-B,Triethyl citrate,,,3,0.8660254037844387,0.3333333333333332,3,0.948683298050514,0.0513167019494861,4,0.905226481588638,0.0003143825934729,10,2,+,0.013508147487331054
ENSMUSG00000045667-B,"1,2-Bis(trimethylsiloxy)cyclohexene",,,1,,,2,,,0,1.0,0.0,3,0,+,0.0
ENSMUSG00000045667-B,"2,4-Dimethoxybenzaldoxime",,,1,,,0,,,2,1.0,0.0,3,0,+,0.0
ENSMUSG00000045667-B,2-Norbornanemethanol,,,0,,,1,,,2,-1.0,0.0,3,0,-,0.0
ENSMUSG00000045667-B,Hydracrylic acid,1.0,0.0,3,1.0,0.0,3,0.7714285714285715,0.0723965014577259,6,0.8701754385964914,0.0002326338355698,12,3,+,0.010104852857689974
ENSMUSG00000045667-B,Isosorbide,-1.0,0.0,3,,,0,,,0,-1.0,0.0,3,1,-,0.0
ENSMUSG00000045667-B,L-(+)-Threose,,,0,,,0,1.0,0.0,3,1.0,0.0,3,1,+,0.0
ENSMUSG00000047003-B,"13-Docosenamide, (Z)",,,0,,,0,-1.0,0.0,3,-1.0,0.0,3,1,-,0.0
ENSMUSG00000047003-B,3-(4-Methoxyphenyl)coumarin,,,1,,,0,1.0,0.0,3,1.0,0.0,4,1,+,0.0
ENSMUSG00000047003-B,"4,5-Dihydro-1H-pyrazole",,,1,,,2,,,1,-1.0,0.0,4,0,-,0.0
ENSMUSG00000047003-B,Isosorbide,1.0,0.0,3,,,0,,,0,1.0,0.0,3,1,+,0.0
ENSMUSG00000047003-B,Octadecanoic acid,,,2,,,1,,,0,1.0,0.0,3,0,+,0.0
ENSMUSG00000047003-B,"Propanoic acid, dimethyl(isopropyl)silyl ester",,,1,-0.5,0.6666666666666667,3,-0.942857142857143,0.004804664723032,6,-0.8693049274624923,0.0010869850351278,10,2,-,0.04493430589694693
ENSMUSG00000047216-B,"2,4-Dimethoxybenzaldoxime",,,1,,,0,,,2,1.0,0.0,3,0,+,0.0
ENSMUSG00000047216-B,2-Aminoquinolin-8-ol,,,1,,,1,,,1,1.0,0.0,3,0,+,0.0
ENSMUSG00000047216-B,2-Norbornanemethanol,,,0,,,1,,,2,-1.0,0.0,3,0,-,0.0
ENSMUSG00000047216-B,"3,4-Dihydroxybenzaldehyde",-1.0,0.0,3,,,0,,,0,-1.0,0.0,3,1,-,0.0
ENSMUSG00000047216-B,7-Hydroxy-4-(methoxymethyl)coumarin,,,1,,,0,-1.0,0.0,3,-1.0,0.0,4,1,-,0.0
ENSMUSG00000047216-B,Tyr-Val,,,2,,,1,,,0,1.0,0.0,3,0,+,0.0
ENSMUSG00000047238-B,2-Aminoquinolin-8-ol,,,1,,,1,,,1,1.0,0.0,3,0,+,0.0
ENSMUSG00000047238-B,cis-2-Decenoic acid,,,1,,,0,,,2,-1.0,0.0,3,0,-,0.0
ENSMUSG00000047238-B,L-Val-L-Leu,,,0,,,0,-1.0,0.0,3,-1.0,0.0,3,1,-,0.0
ENSMUSG00000047238-B,"N-[(3,4,5-Trimethoxyphenyl)methylidene]hydroxylamine",,,0,,,0,-1.0,0.0,3,-1.0,0.0,3,1,-,0.0
ENSMUSG00000047606-B,"2,4-Dimethoxybenzaldoxime",,,1,,,0,,,2,-1.0,0.0,3,0,-,0.0
ENSMUSG00000047606-B,2-Norbornanemethanol,,,0,,,1,,,2,1.0,0.0,3,0,+,0.0
ENSMUSG00000047606-B,"Benzene, 1-ethyl-3,5-dimethyl",,,1,,,1,,,2,1.0,0.0,4,0,+,0.0
ENSMUSG00000047606-B,cis-2-Decenoic acid,,,1,,,0,,,2,-1.0,0.0,3,0,-,0.0
ENSMUSG00000047606-B,Octadecanoic acid,,,2,,,1,,,0,-1.0,0.0,3,0,-,0.0
ENSMUSG00000047676-B,Isosorbide,1.0,0.0,3,,,0,,,0,1.0,0.0,3,1,+,0.0
ENSMUSG00000047676-B,Octadecanoic acid,,,2,,,1,,,0,1.0,0.0,3,0,+,0.0
ENSMUSG00000047866-B,"1,2-Bis(trimethylsiloxy)cyclohexene",,,1,,,2,,,0,-1.0,0.0,3,0,-,0.0
ENSMUSG00000047866-B,"1,2-Cinnolinedicarboxylic acid, 1,2,3,5,6,7,8,8a-octahydro-4-trimethylsilyloxy-, diethyl ester",,,0,,,2,,,1,-1.0,0.0,3,0,-,0.0
ENSMUSG00000047866-B,"13-Docosenamide, (Z)",,,0,,,0,-1.0,0.0,3,-1.0,0.0,3,1,-,0.0
ENSMUSG00000047866-B,"3,4-Dihydroxybenzaldehyde",-1.0,0.0,3,,,0,,,0,-1.0,0.0,3,1,-,0.0
ENSMUSG00000047866-B,L-(+)-Threose,,,0,,,0,-1.0,0.0,3,-1.0,0.0,3,1,-,0.0
ENSMUSG00000047866-B,L-Val-L-Leu,,,0,,,0,1.0,0.0,3,1.0,0.0,3,1,+,0.0
ENSMUSG00000047866-B,Octadecanoic acid,,,2,,,1,,,0,-1.0,0.0,3,0,-,0.0
ENSMUSG00000047867-B,"2,4-Dimethoxybenzaldoxime",,,1,,,0,,,2,-1.0,0.0,3,0,-,0.0
ENSMUSG00000047867-B,"3,4-Dihydroxybenzaldehyde",-1.0,0.0,3,,,0,,,0,-1.0,0.0,3,1,-,0.0
ENSMUSG00000047867-B,cis-2-Decenoic acid,,,1,,,0,,,2,-1.0,0.0,3,0,-,0.0
ENSMUSG00000047867-B,"N-[(3,4,5-Trimethoxyphenyl)methylidene]hydroxylamine",,,0,,,0,-1.0,0.0,3,-1.0,0.0,3,1,-,0.0
ENSMUSG00000047867-B,Tyr-Val,,,2,,,1,,,0,1.0,0.0,3,0,+,0.0
ENSMUSG00000048249-B,"1,2-Cinnolinedicarboxylic acid, 1,2,3,5,6,7,8,8a-octahydro-4-trimethylsilyloxy-, diethyl ester",,,0,,,2,,,1,1.0,0.0,3,0,+,0.0
ENSMUSG00000048249-B,"3,4-Dihydroxybenzaldehyde",-1.0,0.0,3,,,0,,,0,-1.0,0.0,3,1,-,0.0
ENSMUSG00000048249-B,"4,5-Dihydro-1H-pyrazole",,,1,,,2,,,1,-1.0,0.0,4,0,-,0.0
ENSMUSG00000048249-B,"Benzene, 1-ethyl-3,5-dimethyl",,,1,,,1,,,2,-1.0,0.0,4,0,-,0.0
ENSMUSG00000048249-B,L-Val-L-Leu,,,0,,,0,1.0,0.0,3,1.0,0.0,3,1,+,0.0
ENSMUSG00000048249-B,Tyr-Val,,,2,,,1,,,0,1.0,0.0,3,0,+,0.0
ENSMUSG00000048347-B,"3-Hydroxy-7,3',4',5'-tetramethoxyflavone",,,2,,,0,,,1,-1.0,0.0,3,0,-,0.0
ENSMUSG00000048347-B,Chlorobenzilate,,,0,,,2,,,2,-1.0,0.0,4,0,-,0.0
ENSMUSG00000048347-B,cis-2-Decenoic acid,,,1,,,0,,,2,-1.0,0.0,3,0,-,0.0
ENSMUSG00000048347-B,Isosorbide,-1.0,0.0,3,,,0,,,0,-1.0,0.0,3,1,-,0.0
ENSMUSG00000048347-B,L-(+)-Threose,,,0,,,0,-1.0,0.0,3,-1.0,0.0,3,1,-,0.0
ENSMUSG00000048347-B,"l-Leucine, n-butoxycarbonyl-N-methyl-, hexadecyl ester",,,2,,,2,,,0,1.0,0.0,4,0,+,0.0
ENSMUSG00000048347-B,Tyr-Val,,,2,,,1,,,0,1.0,0.0,3,0,+,0.0
ENSMUSG00000048706-B,"13-Docosenamide, (Z)",,,0,,,0,-1.0,0.0,3,-1.0,0.0,3,1,-,0.0
ENSMUSG00000048706-B,"3,4-Dihydroxybenzaldehyde",1.0,0.0,3,,,0,,,0,1.0,0.0,3,1,+,0.0
ENSMUSG00000048706-B,"3-Hydroxy-7,3',4',5'-tetramethoxyflavone",,,2,,,0,,,1,-1.0,0.0,3,0,-,0.0
ENSMUSG00000048706-B,"4,5-Dihydro-1H-pyrazole",,,1,,,2,,,1,1.0,0.0,4,0,+,0.0
ENSMUSG00000048706-B,Chlorobenzilate,,,0,,,2,,,2,-1.0,0.0,4,0,-,0.0
ENSMUSG00000048706-B,cis-2-Decenoic acid,,,1,,,0,,,2,-1.0,0.0,3,0,-,0.0
ENSMUSG00000048706-B,L-Glutamic acid,,,0,,,2,-1.0,0.0,3,-1.0,1.4042654220543672e-24,5,1,-,6.180272427134274e-23
ENSMUSG00000049387-B,"1,2-Cinnolinedicarboxylic acid, 1,2,3,5,6,7,8,8a-octahydro-4-trimethylsilyloxy-, diethyl ester",,,0,,,2,,,1,1.0,0.0,3,0,+,0.0
ENSMUSG00000049387-B,"13-Docosenamide, (Z)",,,0,,,0,-1.0,0.0,3,-1.0,0.0,3,1,-,0.0
ENSMUSG00000049387-B,"3,4-Dihydroxybenzaldehyde",1.0,0.0,3,,,0,,,0,1.0,0.0,3,1,+,0.0
ENSMUSG00000049387-B,Methyl lactate,,,2,-1.0,0.0,3,-0.6571428571428573,0.1561749271137023,6,-0.8584564381571795,0.0007177938266368,11,2,-,0.030271640402619048
ENSMUSG00000049387-B,Tyr-Val,,,2,,,1,,,0,-1.0,0.0,3,0,-,0.0
ENSMUSG00000049764-B,"1,2-Cinnolinedicarboxylic acid, 1,2,3,5,6,7,8,8a-octahydro-4-trimethylsilyloxy-, diethyl ester",,,0,,,2,,,1,-1.0,0.0,3,0,-,0.0
ENSMUSG00000049764-B,"13-Docosenamide, (Z)",,,0,,,0,1.0,0.0,3,1.0,0.0,3,1,+,0.0
ENSMUSG00000049764-B,3-(4-Methoxyphenyl)coumarin,,,1,,,0,-1.0,0.0,3,-1.0,0.0,4,1,-,0.0
ENSMUSG00000049764-B,"3,4-Dihydroxybenzaldehyde",1.0,0.0,3,,,0,,,0,1.0,0.0,3,1,+,0.0
ENSMUSG00000049764-B,"4,5-Dihydro-1H-pyrazole",,,1,,,2,,,1,1.0,0.0,4,0,+,0.0
ENSMUSG00000049764-B,Chlorobenzilate,,,0,,,2,,,2,-1.0,0.0,4,0,-,0.0
ENSMUSG00000049764-B,L-(+)-Threose,,,0,,,0,1.0,0.0,3,1.0,0.0,3,1,+,0.0
ENSMUSG00000049764-B,L-Val-L-Leu,,,0,,,0,1.0,0.0,3,1.0,0.0,3,1,+,0.0
ENSMUSG00000049764-B,Tyr-Val,,,2,,,1,,,0,-1.0,0.0,3,0,-,0.0
ENSMUSG00000050052-B,"2,4-Dimethoxybenzaldoxime",,,1,,,0,,,2,1.0,0.0,3,0,+,0.0
ENSMUSG00000050052-B,2-Aminoquinolin-8-ol,,,1,,,1,,,1,-1.0,0.0,3,0,-,0.0
ENSMUSG00000050052-B,cis-2-Decenoic acid,,,1,,,0,,,2,1.0,0.0,3,0,+,0.0
ENSMUSG00000050052-B,Isosorbide,-1.0,0.0,3,,,0,,,0,-1.0,0.0,3,1,-,0.0
ENSMUSG00000050052-B,Mevalonolactone,-0.5,0.6666666666666667,3,-0.8660254037844387,0.3333333333333332,3,-0.7714285714285715,0.0723965014577259,6,-0.847637026689399,0.000497797379436,12,3,-,0.021196811011713296
ENSMUSG00000050052-B,Spiroxamine,,,2,,,2,-0.8999999999999998,0.0373860734684987,5,-0.912141875543738,0.0006068506794715,9,1,-,0.02572487417656448
ENSMUSG00000050052-B,Tyr-Val,,,2,,,1,,,0,1.0,0.0,3,0,+,0.0
ENSMUSG00000050074-B,"1,2-Cinnolinedicarboxylic acid, 1,2,3,5,6,7,8,8a-octahydro-4-trimethylsilyloxy-, diethyl ester",,,0,,,2,,,1,-1.0,0.0,3,0,-,0.0
ENSMUSG00000050074-B,2-Aminoquinolin-8-ol,,,1,,,1,,,1,1.0,0.0,3,0,+,0.0
ENSMUSG00000050074-B,2-Norbornanemethanol,,,0,,,1,,,2,-1.0,0.0,3,0,-,0.0
ENSMUSG00000050074-B,"3,4-Dihydroxybenzaldehyde",1.0,0.0,3,,,0,,,0,1.0,0.0,3,1,+,0.0
ENSMUSG00000050074-B,"3-Hydroxy-7,3',4',5'-tetramethoxyflavone",,,2,,,0,,,1,-1.0,0.0,3,0,-,0.0
ENSMUSG00000050074-B,"4,5-Dihydro-1H-pyrazole",,,1,,,2,,,1,1.0,0.0,4,0,+,0.0
ENSMUSG00000050074-B,Tyr-Val,,,2,,,1,,,0,-1.0,0.0,3,0,-,0.0
ENSMUSG00000050549-B,"1,2-Cinnolinedicarboxylic acid, 1,2,3,5,6,7,8,8a-octahydro-4-trimethylsilyloxy-, diethyl ester",,,0,,,2,,,1,1.0,0.0,3,0,+,0.0
ENSMUSG00000050549-B,"13-Docosenamide, (Z)",,,0,,,0,-1.0,0.0,3,-1.0,0.0,3,1,-,0.0
ENSMUSG00000050549-B,"2,4-Dimethoxybenzaldoxime",,,1,,,0,,,2,-1.0,0.0,3,0,-,0.0
ENSMUSG00000050549-B,2-Norbornanemethanol,,,0,,,1,,,2,1.0,0.0,3,0,+,0.0
ENSMUSG00000050549-B,Isosorbide,-1.0,0.0,3,,,0,,,0,-1.0,0.0,3,1,-,0.0
ENSMUSG00000050549-B,L-Val-L-Leu,,,0,,,0,-1.0,0.0,3,-1.0,0.0,3,1,-,0.0
ENSMUSG00000050549-B,Methyl lactate,,,2,-1.0,0.0,3,-0.8285714285714287,0.0415626822157433,6,-0.8812877264060406,0.0003366226086669,11,2,-,0.014438567374181026
ENSMUSG00000050549-B,Octadecanoic acid,,,2,,,1,,,0,-1.0,0.0,3,0,-,0.0
ENSMUSG00000050592-B,"13-Docosenamide, (Z)",,,0,,,0,-1.0,0.0,3,-1.0,0.0,3,1,-,0.0
ENSMUSG00000050592-B,"2,4-Dimethoxybenzaldoxime",,,1,,,0,,,2,-1.0,0.0,3,0,-,0.0
ENSMUSG00000050592-B,3-(4-Methoxyphenyl)coumarin,,,1,,,0,1.0,0.0,3,1.0,0.0,4,1,+,0.0
ENSMUSG00000050592-B,7-Hydroxy-4-(methoxymethyl)coumarin,,,1,,,0,-1.0,0.0,3,-1.0,0.0,4,1,-,0.0
ENSMUSG00000050592-B,"Benzene, 1-ethyl-3,5-dimethyl",,,1,,,1,,,2,-1.0,0.0,4,0,-,0.0
ENSMUSG00000050592-B,Isosorbide,1.0,0.0,3,,,0,,,0,1.0,0.0,3,1,+,0.0
ENSMUSG00000050592-B,L-(+)-Threose,,,0,,,0,-1.0,0.0,3,-1.0,0.0,3,1,-,0.0
ENSMUSG00000050592-B,Octadecanoic acid,,,2,,,1,,,0,1.0,0.0,3,0,+,0.0
ENSMUSG00000050666-B,"3,3-Dimethylacrylic acid",,,1,,,1,,,2,-1.0,0.0,4,0,-,0.0
ENSMUSG00000050666-B,"3,4-Dihydroxybenzaldehyde",-1.0,0.0,3,,,0,,,0,-1.0,0.0,3,1,-,0.0
ENSMUSG00000050666-B,"3-Hydroxy-7,3',4',5'-tetramethoxyflavone",,,2,,,0,,,1,1.0,0.0,3,0,+,0.0
ENSMUSG00000050666-B,cis-2-Decenoic acid,,,1,,,0,,,2,-1.0,0.0,3,0,-,0.0
ENSMUSG00000050666-B,"l-Leucine, n-butoxycarbonyl-N-methyl-, hexadecyl ester",,,2,,,2,,,0,1.0,0.0,4,0,+,0.0
ENSMUSG00000050677-B,"1,2-Cinnolinedicarboxylic acid, 1,2,3,5,6,7,8,8a-octahydro-4-trimethylsilyloxy-, diethyl ester",,,0,,,2,,,1,1.0,0.0,3,0,+,0.0
ENSMUSG00000050677-B,"4,5-Dihydro-1H-pyrazole",,,1,,,2,,,1,-1.0,0.0,4,0,-,0.0
ENSMUSG00000050677-B,Chlorobenzilate,,,0,,,2,,,2,1.0,0.0,4,0,+,0.0
ENSMUSG00000050677-B,"N-[(3,4,5-Trimethoxyphenyl)methylidene]hydroxylamine",,,0,,,0,-1.0,0.0,3,-1.0,0.0,3,1,-,0.0
ENSMUSG00000050677-B,tert-butyl(dimethyl)silyl-2-([tert-butyl(dimethyl)silyl]oxy)hex-2-enoate,,,0,,,0,1.0,0.0,4,1.0,0.0,4,1,+,0.0
ENSMUSG00000050930-B,"1,2-Bis(trimethylsiloxy)cyclohexene",,,1,,,2,,,0,-1.0,0.0,3,0,-,0.0
ENSMUSG00000050930-B,"2,4-Dimethoxybenzaldoxime",,,1,,,0,,,2,-1.0,0.0,3,0,-,0.0
ENSMUSG00000050930-B,2-Norbornanemethanol,,,0,,,1,,,2,1.0,0.0,3,0,+,0.0
ENSMUSG00000050930-B,"3,4-Dihydroxybenzaldehyde",-1.0,0.0,3,,,0,,,0,-1.0,0.0,3,1,-,0.0
ENSMUSG00000050930-B,cis-2-Decenoic acid,,,1,,,0,,,2,-1.0,0.0,3,0,-,0.0
ENSMUSG00000050930-B,L-Val-L-Leu,,,0,,,0,-1.0,0.0,3,-1.0,0.0,3,1,-,0.0
ENSMUSG00000050930-B,Octadecanoic acid,,,2,,,1,,,0,-1.0,0.0,3,0,-,0.0
ENSMUSG00000051297-B,"1,2-Bis(trimethylsiloxy)cyclohexene",,,1,,,2,,,0,1.0,0.0,3,0,+,0.0
ENSMUSG00000051297-B,"1,2-Cinnolinedicarboxylic acid, 1,2,3,5,6,7,8,8a-octahydro-4-trimethylsilyloxy-, diethyl ester",,,0,,,2,,,1,-1.0,0.0,3,0,-,0.0
ENSMUSG00000051297-B,2-Aminoquinolin-8-ol,,,1,,,1,,,1,-1.0,0.0,3,0,-,0.0
ENSMUSG00000051297-B,2-Norbornanemethanol,,,0,,,1,,,2,-1.0,0.0,3,0,-,0.0
ENSMUSG00000051297-B,"3-Hydroxy-7,3',4',5'-tetramethoxyflavone",,,2,,,0,,,1,-1.0,0.0,3,0,-,0.0
ENSMUSG00000051297-B,6-Oxoheptanoic acid,0.8660254037844387,0.3333333333333332,3,1.0,0.0,3,0.7714285714285715,0.0723965014577259,6,0.8400819752692913,0.0006256496989327,12,3,+,0.026467151527455067
ENSMUSG00000051297-B,Luciferin,,,1,,,2,,,1,1.0,0.0,4,0,+,0.0
ENSMUSG00000051297-B,"N-[(3,4,5-Trimethoxyphenyl)methylidene]hydroxylamine",,,0,,,0,1.0,0.0,3,1.0,0.0,3,1,+,0.0
ENSMUSG00000051297-B,Octadecanoic acid,,,2,,,1,,,0,1.0,0.0,3,0,+,0.0
ENSMUSG00000051495-B,"1-Heptanol, 2-propyl-",,,0,,,0,-0.9856107606091624,0.0003090856678496,6,-0.9856107606091624,0.0003090856678496,6,1,-,0.013285185507187377
ENSMUSG00000051495-B,"3-Hydroxy-7,3',4',5'-tetramethoxyflavone",,,2,,,0,,,1,1.0,0.0,3,0,+,0.0
ENSMUSG00000051495-B,"Benzene, 1-ethyl-3,5-dimethyl",,,1,,,1,,,2,-1.0,0.0,4,0,-,0.0
ENSMUSG00000051495-B,Isosorbide,1.0,0.0,3,,,0,,,0,1.0,0.0,3,1,+,0.0
ENSMUSG00000051495-B,L-Val-L-Leu,,,0,,,0,-1.0,0.0,3,-1.0,0.0,3,1,-,0.0
ENSMUSG00000051495-B,"N-[(3,4,5-Trimethoxyphenyl)methylidene]hydroxylamine",,,0,,,0,-1.0,0.0,3,-1.0,0.0,3,1,-,0.0
ENSMUSG00000051495-B,Octadecanoic acid,,,2,,,1,,,0,1.0,0.0,3,0,+,0.0
ENSMUSG00000051855-B,"1,2-Cinnolinedicarboxylic acid, 1,2,3,5,6,7,8,8a-octahydro-4-trimethylsilyloxy-, diethyl ester",,,0,,,2,,,1,-1.0,0.0,3,0,-,0.0
ENSMUSG00000051855-B,"13-Docosenamide, (Z)",,,0,,,0,-1.0,0.0,3,-1.0,0.0,3,1,-,0.0
ENSMUSG00000051855-B,Butyric Acid,1.0,0.0,3,0.5,0.6666666666666667,3,0.8986451052612952,0.0148886220055803,6,0.8225070385481765,0.0010213240092885,12,3,+,0.04229091319375734
ENSMUSG00000051855-B,cis-2-Decenoic acid,,,1,,,0,,,2,1.0,0.0,3,0,+,0.0
ENSMUSG00000051855-B,Diclofenac,,,1,,,2,,,1,1.0,0.0,4,0,+,0.0
ENSMUSG00000051855-B,Dodecanoic acid,1.0,0.0,3,0.5,0.6666666666666667,3,0.942857142857143,0.004804664723032,6,0.8732610908529584,0.0002073890296856,12,3,+,0.009017837024755289
ENSMUSG00000051855-B,Isosorbide,-1.0,0.0,3,,,0,,,0,-1.0,0.0,3,1,-,0.0
ENSMUSG00000051855-B,L-Val-L-Leu,,,0,,,0,1.0,0.0,3,1.0,0.0,3,1,+,0.0
ENSMUSG00000051855-B,Pentanoic acid,0.5,0.6666666666666667,3,0.5,0.6666666666666667,3,1.0,0.0,6,0.8371291296643238,0.0006820012896813,12,3,+,0.028781855797063903
ENSMUSG00000052117-B,Diclofenac,,,1,,,2,,,1,1.0,0.0,4,0,+,0.0
ENSMUSG00000052117-B,Isosorbide,1.0,0.0,3,,,0,,,0,1.0,0.0,3,1,+,0.0
ENSMUSG00000052117-B,Octadecanoic acid,,,2,,,1,,,0,1.0,0.0,3,0,+,0.0
ENSMUSG00000052117-B,Tyr-Val,,,2,,,1,,,0,-1.0,0.0,3,0,-,0.0
ENSMUSG00000052516-B,"1,2-Cinnolinedicarboxylic acid, 1,2,3,5,6,7,8,8a-octahydro-4-trimethylsilyloxy-, diethyl ester",,,0,,,2,,,1,-1.0,0.0,3,0,-,0.0
ENSMUSG00000052516-B,2-Norbornanemethanol,,,0,,,1,,,2,-1.0,0.0,3,0,-,0.0
ENSMUSG00000052516-B,"3,4-Dihydroxybenzaldehyde",1.0,0.0,3,,,0,,,0,1.0,0.0,3,1,+,0.0
ENSMUSG00000052516-B,Chlorobenzilate,,,0,,,2,,,2,-1.0,0.0,4,0,-,0.0
ENSMUSG00000052516-B,L-Serine,1.0,0.0,3,,,1,,,1,1.0,1.4042654220543672e-24,5,1,+,6.180272427134274e-23
ENSMUSG00000052516-B,L-Val-L-Leu,,,0,,,0,1.0,0.0,3,1.0,0.0,3,1,+,0.0
ENSMUSG00000052516-B,"N-[(3,4,5-Trimethoxyphenyl)methylidene]hydroxylamine",,,0,,,0,-1.0,0.0,3,-1.0,0.0,3,1,-,0.0
ENSMUSG00000052516-B,Octadecanoic acid,,,2,,,1,,,0,1.0,0.0,3,0,+,0.0
ENSMUSG00000052516-B,Phenol,-1.0,0.0,3,-1.0,0.0,3,-0.0999999999999999,0.8728885715695383,5,-0.8519384289712437,0.0008703648208212,11,3,-,0.036345325947067596
ENSMUSG00000052516-B,tert-butyl(dimethyl)silyl-2-([tert-butyl(dimethyl)silyl]oxy)hex-2-enoate,,,0,,,0,1.0,0.0,4,1.0,0.0,4,1,+,0.0
ENSMUSG00000052533-B,"1,2-Bis(trimethylsiloxy)cyclohexene",,,1,,,2,,,0,-1.0,0.0,3,0,-,0.0
ENSMUSG00000052533-B,"3,4-Dihydroxybenzaldehyde",1.0,0.0,3,,,0,,,0,1.0,0.0,3,1,+,0.0
ENSMUSG00000052533-B,"3-Hydroxy-7,3',4',5'-tetramethoxyflavone",,,2,,,0,,,1,-1.0,0.0,3,0,-,0.0
ENSMUSG00000052533-B,7-Hydroxy-4-(methoxymethyl)coumarin,,,1,,,0,-1.0,0.0,3,-1.0,0.0,4,1,-,0.0
ENSMUSG00000052533-B,"Glycine, tert.-butyldimethylsilyl ester",-0.5,0.6666666666666667,3,-1.0,0.0,3,-0.4638168285219587,0.3541642984362303,6,-0.8541419246461831,0.0004048529771448,12,3,-,0.017334966078371684
ENSMUSG00000052533-B,L-Val-L-Leu,,,0,,,0,-1.0,0.0,3,-1.0,0.0,3,1,-,0.0
ENSMUSG00000052533-B,"N-[(3,4,5-Trimethoxyphenyl)methylidene]hydroxylamine",,,0,,,0,1.0,0.0,3,1.0,0.0,3,1,+,0.0
ENSMUSG00000052698-B,"13-Docosenamide, (Z)",,,0,,,0,1.0,0.0,3,1.0,0.0,3,1,+,0.0
ENSMUSG00000052698-B,2-Norbornanemethanol,,,0,,,1,,,2,-1.0,0.0,3,0,-,0.0
ENSMUSG00000052698-B,"3-Hydroxy-7,3',4',5'-tetramethoxyflavone",,,2,,,0,,,1,-1.0,0.0,3,0,-,0.0
ENSMUSG00000052698-B,cis-2-Decenoic acid,,,1,,,0,,,2,-1.0,0.0,3,0,-,0.0
ENSMUSG00000052698-B,"l-Leucine, n-butoxycarbonyl-N-methyl-, hexadecyl ester",,,2,,,2,,,0,-1.0,0.0,4,0,-,0.0
ENSMUSG00000052698-B,L-Val-L-Leu,,,0,,,0,-1.0,0.0,3,-1.0,0.0,3,1,-,0.0
ENSMUSG00000052837-B,"1,2-Bis(trimethylsiloxy)cyclohexene",,,1,,,2,,,0,-1.0,0.0,3,0,-,0.0
ENSMUSG00000052837-B,"3,3-Dimethylacrylic acid",,,1,,,1,,,2,1.0,0.0,4,0,+,0.0
ENSMUSG00000052837-B,"3-Hydroxy-7,3',4',5'-tetramethoxyflavone",,,2,,,0,,,1,-1.0,0.0,3,0,-,0.0
ENSMUSG00000052837-B,5-Hydroxy-7-methoxy-2-methyl-3-phenyl-4-chromenone,,,1,,,2,0.8116794499134279,0.0498575851013403,6,0.9288784237188524,0.0002945257641989,9,1,+,0.012730413862585213
ENSMUSG00000052837-B,Glabridin,,,2,,,1,,,1,1.0,0.0,4,0,+,0.0
ENSMUSG00000052837-B,L-(+)-Threose,,,0,,,0,1.0,0.0,3,1.0,0.0,3,1,+,0.0
ENSMUSG00000052951-B,Chlorobenzilate,,,0,,,2,,,2,-1.0,0.0,4,0,-,0.0
ENSMUSG00000052951-B,Isosorbide,-1.0,0.0,3,,,0,,,0,-1.0,0.0,3,1,-,0.0
ENSMUSG00000052951-B,"N-[(3,4,5-Trimethoxyphenyl)methylidene]hydroxylamine",,,0,,,0,1.0,0.0,3,1.0,0.0,3,1,+,0.0
ENSMUSG00000052951-B,tert-butyl(dimethyl)silyl-2-([tert-butyl(dimethyl)silyl]oxy)hex-2-enoate,,,0,,,0,-1.0,0.0,4,-1.0,0.0,4,1,-,0.0
ENSMUSG00000052951-B,Tyr-Val,,,2,,,1,,,0,1.0,0.0,3,0,+,0.0
ENSMUSG00000053279-B,"3,4-Dihydroxybenzaldehyde",-1.0,0.0,3,,,0,,,0,-1.0,0.0,3,1,-,0.0
ENSMUSG00000053279-B,L-(+)-Threose,,,0,,,0,1.0,0.0,3,1.0,0.0,3,1,+,0.0
ENSMUSG00000053279-B,L-Val-L-Leu,,,0,,,0,-1.0,0.0,3,-1.0,0.0,3,1,-,0.0
ENSMUSG00000053279-B,"N-[(3,4,5-Trimethoxyphenyl)methylidene]hydroxylamine",,,0,,,0,1.0,0.0,3,1.0,0.0,3,1,+,0.0
ENSMUSG00000053279-B,Tyr-Val,,,2,,,1,,,0,1.0,0.0,3,0,+,0.0
ENSMUSG00000053358-B,"1,2-Bis(trimethylsiloxy)cyclohexene",,,1,,,2,,,0,1.0,0.0,3,0,+,0.0
ENSMUSG00000053358-B,"1,2-Cinnolinedicarboxylic acid, 1,2,3,5,6,7,8,8a-octahydro-4-trimethylsilyloxy-, diethyl ester",,,0,,,2,,,1,-1.0,0.0,3,0,-,0.0
ENSMUSG00000053358-B,3-(4-Methoxyphenyl)coumarin,,,1,,,0,-1.0,0.0,3,-1.0,0.0,4,1,-,0.0
ENSMUSG00000053358-B,cis-2-Decenoic acid,,,1,,,0,,,2,1.0,0.0,3,0,+,0.0
ENSMUSG00000053358-B,Isosorbide,-1.0,0.0,3,,,0,,,0,-1.0,0.0,3,1,-,0.0
ENSMUSG00000053358-B,L-(+)-Threose,,,0,,,0,1.0,0.0,3,1.0,0.0,3,1,+,0.0
ENSMUSG00000053768-B,"2,4-Dimethoxybenzaldoxime",,,1,,,0,,,2,1.0,0.0,3,0,+,0.0
ENSMUSG00000053768-B,"3-Hydroxy-7,3',4',5'-tetramethoxyflavone",,,2,,,0,,,1,1.0,0.0,3,0,+,0.0
ENSMUSG00000053768-B,L-(+)-Threose,,,0,,,0,1.0,0.0,3,1.0,0.0,3,1,+,0.0
ENSMUSG00000053768-B,"N-[(3,4,5-Trimethoxyphenyl)methylidene]hydroxylamine",,,0,,,0,1.0,0.0,3,1.0,0.0,3,1,+,0.0
ENSMUSG00000053768-B,Prostaglandin,,,1,-1.0,0.0,3,,,2,-0.9856107606091624,0.0003090856678496,6,1,-,0.013285185507187377
ENSMUSG00000053768-B,Tyr-Val,,,2,,,1,,,0,1.0,0.0,3,0,+,0.0
ENSMUSG00000054519-B,"1,2-Bis(trimethylsiloxy)cyclohexene",,,1,,,2,,,0,-1.0,0.0,3,0,-,0.0
ENSMUSG00000054519-B,"13-Docosenamide, (Z)",,,0,,,0,-1.0,0.0,3,-1.0,0.0,3,1,-,0.0
ENSMUSG00000054519-B,"3-Hydroxy-7,3',4',5'-tetramethoxyflavone",,,2,,,0,,,1,-1.0,0.0,3,0,-,0.0
ENSMUSG00000054920-B,"3,4-Dihydroxybenzaldehyde",-1.0,0.0,3,,,0,,,0,-1.0,0.0,3,1,-,0.0
ENSMUSG00000054920-B,7-Hydroxy-4-(methoxymethyl)coumarin,,,1,,,0,-1.0,0.0,3,-1.0,0.0,4,1,-,0.0
ENSMUSG00000055239-B,"13-Docosenamide, (Z)",,,0,,,0,1.0,0.0,3,1.0,0.0,3,1,+,0.0
ENSMUSG00000055239-B,"2,4-Dimethoxybenzaldoxime",,,1,,,0,,,2,-1.0,0.0,3,0,-,0.0
ENSMUSG00000055239-B,2-Aminoquinolin-8-ol,,,1,,,1,,,1,1.0,0.0,3,0,+,0.0
ENSMUSG00000055239-B,cis-2-Decenoic acid,,,1,,,0,,,2,-1.0,0.0,3,0,-,0.0
ENSMUSG00000055239-B,Cyclobutylamine,0.5,0.6666666666666667,3,1.0,0.0,3,0.8116794499134279,0.0498575851013403,6,0.8269015865060569,0.0009080911508697,12,3,+,0.037882218186077565
ENSMUSG00000055639-B,"1,2-Bis(trimethylsiloxy)cyclohexene",,,1,,,2,,,0,-1.0,0.0,3,0,-,0.0
ENSMUSG00000055639-B,2-Aminoquinolin-8-ol,,,1,,,1,,,1,1.0,0.0,3,0,+,0.0
ENSMUSG00000055639-B,"9Z-Octadecenoic acid, (2S)-3-[(hydroxymercaptophosphinyl)oxy]-2-methoxypropyl ester",,,2,,,0,-0.8999999999999998,0.0373860734684987,5,-0.9642857142857144,0.0004541491691941,7,1,-,0.019385106380252492
ENSMUSG00000055639-B,Chlorobenzilate,,,0,,,2,,,2,-1.0,0.0,4,0,-,0.0
ENSMUSG00000055639-B,cis-2-Decenoic acid,,,1,,,0,,,2,-1.0,0.0,3,0,-,0.0
ENSMUSG00000055639-B,Isosorbide,1.0,0.0,3,,,0,,,0,1.0,0.0,3,1,+,0.0
ENSMUSG00000055639-B,"N-[(3,4,5-Trimethoxyphenyl)methylidene]hydroxylamine",,,0,,,0,-1.0,0.0,3,-1.0,0.0,3,1,-,0.0
ENSMUSG00000055818-B,"1,2-Cinnolinedicarboxylic acid, 1,2,3,5,6,7,8,8a-octahydro-4-trimethylsilyloxy-, diethyl ester",,,0,,,2,,,1,1.0,0.0,3,0,+,0.0
ENSMUSG00000055818-B,3-(4-Methoxyphenyl)coumarin,,,1,,,0,-1.0,0.0,3,-1.0,0.0,4,1,-,0.0
ENSMUSG00000055818-B,L-(+)-Threose,,,0,,,0,1.0,0.0,3,1.0,0.0,3,1,+,0.0
ENSMUSG00000055945-B,"1,2-Bis(trimethylsiloxy)cyclohexene",,,1,,,2,,,0,1.0,0.0,3,0,+,0.0
ENSMUSG00000055945-B,"13-Docosenamide, (Z)",,,0,,,0,-1.0,0.0,3,-1.0,0.0,3,1,-,0.0
ENSMUSG00000055945-B,"2,4-Dimethoxybenzaldoxime",,,1,,,0,,,2,-1.0,0.0,3,0,-,0.0
ENSMUSG00000055945-B,3-(4-Methoxyphenyl)coumarin,,,1,,,0,1.0,0.0,3,1.0,0.0,4,1,+,0.0
ENSMUSG00000055945-B,"3,4-Dihydroxybenzaldehyde",-1.0,0.0,3,,,0,,,0,-1.0,0.0,3,1,-,0.0
ENSMUSG00000055945-B,L-(+)-Threose,,,0,,,0,-1.0,0.0,3,-1.0,0.0,3,1,-,0.0
ENSMUSG00000055945-B,L-Val-L-Leu,,,0,,,0,-1.0,0.0,3,-1.0,0.0,3,1,-,0.0
ENSMUSG00000055945-B,Tyr-Val,,,2,,,1,,,0,1.0,0.0,3,0,+,0.0
ENSMUSG00000056071-B,"13-Docosenamide, (Z)",,,0,,,0,-1.0,0.0,3,-1.0,0.0,3,1,-,0.0
ENSMUSG00000056071-B,"3-Hydroxy-7,3',4',5'-tetramethoxyflavone",,,2,,,0,,,1,1.0,0.0,3,0,+,0.0
ENSMUSG00000056071-B,7-Hydroxy-4-(methoxymethyl)coumarin,,,1,,,0,1.0,0.0,3,1.0,0.0,4,1,+,0.0
ENSMUSG00000056071-B,Chlorobenzilate,,,0,,,2,,,2,-1.0,0.0,4,0,-,0.0
ENSMUSG00000056071-B,cis-2-Decenoic acid,,,1,,,0,,,2,1.0,0.0,3,0,+,0.0
ENSMUSG00000056071-B,Tyr-Val,,,2,,,1,,,0,1.0,0.0,3,0,+,0.0
ENSMUSG00000056116-B,"1,2-Bis(trimethylsiloxy)cyclohexene",,,1,,,2,,,0,-1.0,0.0,3,0,-,0.0
ENSMUSG00000056116-B,"1,2-Cinnolinedicarboxylic acid, 1,2,3,5,6,7,8,8a-octahydro-4-trimethylsilyloxy-, diethyl ester",,,0,,,2,,,1,-1.0,0.0,3,0,-,0.0
ENSMUSG00000056116-B,2-Aminoquinolin-8-ol,,,1,,,1,,,1,-1.0,0.0,3,0,-,0.0
ENSMUSG00000056116-B,2-Norbornanemethanol,,,0,,,1,,,2,-1.0,0.0,3,0,-,0.0
ENSMUSG00000056116-B,"3-Hydroxy-7,3',4',5'-tetramethoxyflavone",,,2,,,0,,,1,-1.0,0.0,3,0,-,0.0
ENSMUSG00000056116-B,Chlorobenzilate,,,0,,,2,,,2,-1.0,0.0,4,0,-,0.0
ENSMUSG00000056116-B,Isosorbide,-1.0,0.0,3,,,0,,,0,-1.0,0.0,3,1,-,0.0
ENSMUSG00000056116-B,L-Val-L-Leu,,,0,,,0,1.0,0.0,3,1.0,0.0,3,1,+,0.0
ENSMUSG00000056116-B,"N-[(3,4,5-Trimethoxyphenyl)methylidene]hydroxylamine",,,0,,,0,1.0,0.0,3,1.0,0.0,3,1,+,0.0
ENSMUSG00000056116-B,Octadecanoic acid,,,2,,,1,,,0,-1.0,0.0,3,0,-,0.0
ENSMUSG00000056411-B,"3,4-Dihydroxybenzaldehyde",1.0,0.0,3,,,0,,,0,1.0,0.0,3,1,+,0.0
ENSMUSG00000056411-B,L-(+)-Threose,,,0,,,0,-1.0,0.0,3,-1.0,0.0,3,1,-,0.0
ENSMUSG00000056411-B,"N-[(3,4,5-Trimethoxyphenyl)methylidene]hydroxylamine",,,0,,,0,-1.0,0.0,3,-1.0,0.0,3,1,-,0.0
ENSMUSG00000056423-B,"2,4-Dimethoxybenzaldoxime",,,1,,,0,,,2,1.0,0.0,3,0,+,0.0
ENSMUSG00000056423-B,2-Aminoquinolin-8-ol,,,1,,,1,,,1,-1.0,0.0,3,0,-,0.0
ENSMUSG00000056423-B,Isosorbide,-1.0,0.0,3,,,0,,,0,-1.0,0.0,3,1,-,0.0
ENSMUSG00000056423-B,L-Val-L-Leu,,,0,,,0,1.0,0.0,3,1.0,0.0,3,1,+,0.0
ENSMUSG00000056737-B,"1,2-Bis(trimethylsiloxy)cyclohexene",,,1,,,2,,,0,-1.0,0.0,3,0,-,0.0
ENSMUSG00000056737-B,"1,2-Cinnolinedicarboxylic acid, 1,2,3,5,6,7,8,8a-octahydro-4-trimethylsilyloxy-, diethyl ester",,,0,,,2,,,1,1.0,0.0,3,0,+,0.0
ENSMUSG00000056737-B,"13-Docosenamide, (Z)",,,0,,,0,-1.0,0.0,3,-1.0,0.0,3,1,-,0.0
ENSMUSG00000056737-B,"2,4-Dimethoxybenzaldoxime",,,1,,,0,,,2,-1.0,0.0,3,0,-,0.0
ENSMUSG00000056737-B,2-Norbornanemethanol,,,0,,,1,,,2,1.0,0.0,3,0,+,0.0
ENSMUSG00000056737-B,"3,4-Dihydroxybenzaldehyde",1.0,0.0,3,,,0,,,0,1.0,0.0,3,1,+,0.0
ENSMUSG00000056737-B,L-Val-L-Leu,,,0,,,0,-1.0,0.0,3,-1.0,0.0,3,1,-,0.0
ENSMUSG00000056737-B,Tyr-Val,,,2,,,1,,,0,-1.0,0.0,3,0,-,0.0
ENSMUSG00000056770-B,"1,2-Cinnolinedicarboxylic acid, 1,2,3,5,6,7,8,8a-octahydro-4-trimethylsilyloxy-, diethyl ester",,,0,,,2,,,1,-1.0,0.0,3,0,-,0.0
ENSMUSG00000056770-B,2-Aminoquinolin-8-ol,,,1,,,1,,,1,1.0,0.0,3,0,+,0.0
ENSMUSG00000056770-B,"3-Hydroxy-7,3',4',5'-tetramethoxyflavone",,,2,,,0,,,1,-1.0,0.0,3,0,-,0.0
ENSMUSG00000056770-B,4-Methylvaleric acid,0.5,0.6666666666666667,3,1.0,0.0,3,0.7999999999999999,0.1040880386618278,5,0.8545454545454546,0.0008066741521648,11,3,+,0.03377725306533072
ENSMUSG00000056770-B,cis-2-Decenoic acid,,,1,,,0,,,2,-1.0,0.0,3,0,-,0.0
ENSMUSG00000056770-B,Isosorbide,-1.0,0.0,3,,,0,,,0,-1.0,0.0,3,1,-,0.0
ENSMUSG00000056770-B,"N-[(3,4,5-Trimethoxyphenyl)methylidene]hydroxylamine",,,0,,,0,1.0,0.0,3,1.0,0.0,3,1,+,0.0
ENSMUSG00000056770-B,Octadecanoic acid,,,2,,,1,,,0,-1.0,0.0,3,0,-,0.0
ENSMUSG00000056770-B,tert-butyl(dimethyl)silyl-2-([tert-butyl(dimethyl)silyl]oxy)hex-2-enoate,,,0,,,0,-1.0,0.0,4,-1.0,0.0,4,1,-,0.0
ENSMUSG00000056900-B,"1,2-Cinnolinedicarboxylic acid, 1,2,3,5,6,7,8,8a-octahydro-4-trimethylsilyloxy-, diethyl ester",,,0,,,2,,,1,-1.0,0.0,3,0,-,0.0
ENSMUSG00000056900-B,2-Aminoquinolin-8-ol,,,1,,,1,,,1,1.0,0.0,3,0,+,0.0
ENSMUSG00000056900-B,2-Norbornanemethanol,,,0,,,1,,,2,-1.0,0.0,3,0,-,0.0
ENSMUSG00000056900-B,"3-Hydroxy-7,3',4',5'-tetramethoxyflavone",,,2,,,0,,,1,-1.0,0.0,3,0,-,0.0
ENSMUSG00000056900-B,4-Methylvaleric acid,0.5,0.6666666666666667,3,1.0,0.0,3,0.6,0.2847569798652937,5,0.881818181818182,0.0003301688021839,11,3,+,0.014166678792869779
ENSMUSG00000056900-B,Isosorbide,-1.0,0.0,3,,,0,,,0,-1.0,0.0,3,1,-,0.0
ENSMUSG00000056900-B,Norephedrine,0.5,0.6666666666666667,3,1.0,0.0,3,1.0,0.0,3,0.9666666666666668,2.155031274835771e-05,9,3,+,0.0009477676802213136
ENSMUSG00000056900-B,Octadecanoic acid,,,2,,,1,,,0,-1.0,0.0,3,0,-,0.0
ENSMUSG00000057322-B,"3,4-Dihydroxybenzaldehyde",-1.0,0.0,3,,,0,,,0,-1.0,0.0,3,1,-,0.0
ENSMUSG00000057322-B,"l-Leucine, n-butoxycarbonyl-N-methyl-, hexadecyl ester",,,2,,,2,,,0,1.0,0.0,4,0,+,0.0
ENSMUSG00000057322-B,L-Val-L-Leu,,,0,,,0,1.0,0.0,3,1.0,0.0,3,1,+,0.0
ENSMUSG00000057322-B,"N-[(3,4,5-Trimethoxyphenyl)methylidene]hydroxylamine",,,0,,,0,1.0,0.0,3,1.0,0.0,3,1,+,0.0
ENSMUSG00000057440-B,"1,2-Cinnolinedicarboxylic acid, 1,2,3,5,6,7,8,8a-octahydro-4-trimethylsilyloxy-, diethyl ester",,,0,,,2,,,1,-1.0,0.0,3,0,-,0.0
ENSMUSG00000057440-B,"3,4-Dihydroxybenzaldehyde",-1.0,0.0,3,,,0,,,0,-1.0,0.0,3,1,-,0.0
ENSMUSG00000057440-B,cis-2-Decenoic acid,,,1,,,0,,,2,-1.0,0.0,3,0,-,0.0
ENSMUSG00000057440-B,L-(+)-Threose,,,0,,,0,-1.0,0.0,3,-1.0,0.0,3,1,-,0.0
ENSMUSG00000057440-B,"N-[(3,4,5-Trimethoxyphenyl)methylidene]hydroxylamine",,,0,,,0,-1.0,0.0,3,-1.0,0.0,3,1,-,0.0
ENSMUSG00000057440-B,Tyr-Val,,,2,,,1,,,0,1.0,0.0,3,0,+,0.0
ENSMUSG00000057455-B,"2',3'-Di-O-acetyladenosine",,,2,,,2,-1.0,0.0,3,-0.9549937104572924,0.0008055353363017,7,1,-,0.033741033138157205
ENSMUSG00000057455-B,2-Cyanobenzaldehyde,,,1,,,0,-1.0,1.4042654220543672e-24,5,-1.0,0.0,6,1,-,0.0
ENSMUSG00000057455-B,cis-2-Decenoic acid,,,1,,,0,,,2,-1.0,0.0,3,0,-,0.0
ENSMUSG00000057455-B,Citramalic acid,0.0,1.0,3,-0.5,0.6666666666666667,3,-0.8720815992723809,0.0538542177275421,5,-0.8401914075580906,0.0012054910259263,11,3,-,0.04956712016179444
ENSMUSG00000057455-B,L-Ornithine,,,2,,,1,,,1,1.0,0.0,4,0,+,0.0
ENSMUSG00000057455-B,L-Val-L-Leu,,,0,,,0,-1.0,0.0,3,-1.0,0.0,3,1,-,0.0
ENSMUSG00000057455-B,"N-[(3,4,5-Trimethoxyphenyl)methylidene]hydroxylamine",,,0,,,0,1.0,0.0,3,1.0,0.0,3,1,+,0.0
ENSMUSG00000057455-B,N-Acetyl-L-alanine,0.5,0.6666666666666667,3,-1.0,0.0,3,-0.5428571428571429,0.2657026239067055,6,-0.8315840663996671,0.0007983671028551,12,3,-,0.03352053767796728
ENSMUSG00000057455-B,Octadecanoic acid,,,2,,,1,,,0,-1.0,0.0,3,0,-,0.0
ENSMUSG00000057531-B,"1,2-Bis(trimethylsiloxy)cyclohexene",,,1,,,2,,,0,-1.0,0.0,3,0,-,0.0
ENSMUSG00000057531-B,"1,2-Cinnolinedicarboxylic acid, 1,2,3,5,6,7,8,8a-octahydro-4-trimethylsilyloxy-, diethyl ester",,,0,,,2,,,1,-1.0,0.0,3,0,-,0.0
ENSMUSG00000057531-B,2-Norbornanemethanol,,,0,,,1,,,2,-1.0,0.0,3,0,-,0.0
ENSMUSG00000057531-B,"3,4-Dihydroxybenzaldehyde",-1.0,0.0,3,,,0,,,0,-1.0,0.0,3,1,-,0.0
ENSMUSG00000057531-B,L-Val-L-Leu,,,0,,,0,-1.0,0.0,3,-1.0,0.0,3,1,-,0.0
ENSMUSG00000057531-B,"N-[(3,4,5-Trimethoxyphenyl)methylidene]hydroxylamine",,,0,,,0,1.0,0.0,3,1.0,0.0,3,1,+,0.0
ENSMUSG00000057531-B,Octacosanol,,,1,,,2,-1.0,0.0,4,-0.9549937104572924,0.0008055353363017,7,1,-,0.033741033138157205
ENSMUSG00000057531-B,Octadecanoic acid,,,2,,,1,,,0,-1.0,0.0,3,0,-,0.0
ENSMUSG00000058400-B,"3-Hydroxy-7,3',4',5'-tetramethoxyflavone",,,2,,,0,,,1,-1.0,0.0,3,0,-,0.0
ENSMUSG00000058400-B,Azelaic acid,-0.5,0.6666666666666667,3,-0.5,0.6666666666666667,3,-0.5797710356524484,0.227783956715016,6,-0.8877247628654673,0.0001160435636332,12,3,-,0.005067345268079106
ENSMUSG00000058400-B,Ethanolamine,-0.5,0.6666666666666667,3,0.8660254037844387,0.3333333333333332,3,-0.3768511731740915,0.4614828403508046,6,-0.8677586082058318,0.0002540300114714,12,3,-,0.011010945590439894
ENSMUSG00000058400-B,Glycine,-1.0,0.0,3,-1.0,0.0,3,-0.4928053803045811,0.3206325828658273,6,-0.824566479341442,0.0009669805587122,12,3,-,0.040162121418976876
ENSMUSG00000058400-B,Isosorbide,-1.0,0.0,3,,,0,,,0,-1.0,0.0,3,1,-,0.0
ENSMUSG00000058400-B,"l-Leucine, n-butoxycarbonyl-N-methyl-, hexadecyl ester",,,2,,,2,,,0,1.0,0.0,4,0,+,0.0
ENSMUSG00000058400-B,L-Val-L-Leu,,,0,,,0,-1.0,0.0,3,-1.0,0.0,3,1,-,0.0
ENSMUSG00000058400-B,"N-[(3,4,5-Trimethoxyphenyl)methylidene]hydroxylamine",,,0,,,0,1.0,0.0,3,1.0,0.0,3,1,+,0.0
ENSMUSG00000058897-B,"2,4-Dimethoxybenzaldoxime",,,1,,,0,,,2,-1.0,0.0,3,0,-,0.0
ENSMUSG00000058897-B,2-Aminoquinolin-8-ol,,,1,,,1,,,1,1.0,0.0,3,0,+,0.0
ENSMUSG00000058897-B,Isosorbide,-1.0,0.0,3,,,0,,,0,-1.0,0.0,3,1,-,0.0
ENSMUSG00000058897-B,L-Val-L-Leu,,,0,,,0,-1.0,0.0,3,-1.0,0.0,3,1,-,0.0
ENSMUSG00000058897-B,Octadecanoic acid,,,2,,,1,,,0,-1.0,0.0,3,0,-,0.0
ENSMUSG00000059447-B,"1,2-Bis(trimethylsiloxy)cyclohexene",,,1,,,2,,,0,-1.0,0.0,3,0,-,0.0
ENSMUSG00000059447-B,"2,4-Dimethoxybenzaldoxime",,,1,,,0,,,2,-1.0,0.0,3,0,-,0.0
ENSMUSG00000059447-B,"3,3-Dimethylacrylic acid",,,1,,,1,,,2,1.0,0.0,4,0,+,0.0
ENSMUSG00000059447-B,"3-Hydroxy-7,3',4',5'-tetramethoxyflavone",,,2,,,0,,,1,-1.0,0.0,3,0,-,0.0
ENSMUSG00000059447-B,Isosorbide,-1.0,0.0,3,,,0,,,0,-1.0,0.0,3,1,-,0.0
ENSMUSG00000059447-B,L-(+)-Threose,,,0,,,0,-1.0,0.0,3,-1.0,0.0,3,1,-,0.0
ENSMUSG00000059447-B,Octadecanoic acid,,,2,,,1,,,0,-1.0,0.0,3,0,-,0.0
ENSMUSG00000059669-B,"2,4-Dimethoxybenzaldoxime",,,1,,,0,,,2,-1.0,0.0,3,0,-,0.0
ENSMUSG00000059669-B,Luciferin,,,1,,,2,,,1,-1.0,0.0,4,0,-,0.0
ENSMUSG00000059669-B,"N-[(3,4,5-Trimethoxyphenyl)methylidene]hydroxylamine",,,0,,,0,-1.0,0.0,3,-1.0,0.0,3,1,-,0.0
ENSMUSG00000059674-B,"2,4-Dimethoxybenzaldoxime",,,1,,,0,,,2,-1.0,0.0,3,0,-,0.0
ENSMUSG00000059674-B,2-Aminoquinolin-8-ol,,,1,,,1,,,1,-1.0,0.0,3,0,-,0.0
ENSMUSG00000059674-B,2-Norbornanemethanol,,,0,,,1,,,2,1.0,0.0,3,0,+,0.0
ENSMUSG00000059674-B,"4,5-Dihydro-1H-pyrazole",,,1,,,2,,,1,1.0,0.0,4,0,+,0.0
ENSMUSG00000059674-B,Isosorbide,-1.0,0.0,3,,,0,,,0,-1.0,0.0,3,1,-,0.0
ENSMUSG00000059674-B,L-Val-L-Leu,,,0,,,0,-1.0,0.0,3,-1.0,0.0,3,1,-,0.0
ENSMUSG00000059674-B,Octadecanoic acid,,,2,,,1,,,0,-1.0,0.0,3,0,-,0.0
ENSMUSG00000060424-B,2-Norbornanemethanol,,,0,,,1,,,2,1.0,0.0,3,0,+,0.0
ENSMUSG00000060424-B,"3-Hydroxy-7,3',4',5'-tetramethoxyflavone",,,2,,,0,,,1,1.0,0.0,3,0,+,0.0
ENSMUSG00000060424-B,"Benzene, 1-ethyl-3,5-dimethyl",,,1,,,1,,,2,1.0,0.0,4,0,+,0.0
ENSMUSG00000060424-B,"l-Leucine, n-butoxycarbonyl-N-methyl-, hexadecyl ester",,,2,,,2,,,0,1.0,0.0,4,0,+,0.0
ENSMUSG00000060424-B,"N-[(3,4,5-Trimethoxyphenyl)methylidene]hydroxylamine",,,0,,,0,1.0,0.0,3,1.0,0.0,3,1,+,0.0
ENSMUSG00000061039-B,"13-Docosenamide, (Z)",,,0,,,0,-1.0,0.0,3,-1.0,0.0,3,1,-,0.0
ENSMUSG00000061039-B,2-Aminoquinolin-8-ol,,,1,,,1,,,1,1.0,0.0,3,0,+,0.0
ENSMUSG00000061039-B,Chlorobenzilate,,,0,,,2,,,2,-1.0,0.0,4,0,-,0.0
ENSMUSG00000061535-B,"1,2-Cinnolinedicarboxylic acid, 1,2,3,5,6,7,8,8a-octahydro-4-trimethylsilyloxy-, diethyl ester",,,0,,,2,,,1,1.0,0.0,3,0,+,0.0
ENSMUSG00000061535-B,2-Aminoquinolin-8-ol,,,1,,,1,,,1,-1.0,0.0,3,0,-,0.0
ENSMUSG00000061535-B,2-Norbornanemethanol,,,0,,,1,,,2,1.0,0.0,3,0,+,0.0
ENSMUSG00000061535-B,7-Hydroxy-4-(methoxymethyl)coumarin,,,1,,,0,1.0,0.0,3,1.0,0.0,4,1,+,0.0
ENSMUSG00000061535-B,"Benzene, 1-ethyl-3,5-dimethyl",,,1,,,1,,,2,1.0,0.0,4,0,+,0.0
ENSMUSG00000061535-B,cis-2-Decenoic acid,,,1,,,0,,,2,1.0,0.0,3,0,+,0.0
ENSMUSG00000061535-B,Isosorbide,-1.0,0.0,3,,,0,,,0,-1.0,0.0,3,1,-,0.0
ENSMUSG00000061535-B,"N-[(3,4,5-Trimethoxyphenyl)methylidene]hydroxylamine",,,0,,,0,1.0,0.0,3,1.0,0.0,3,1,+,0.0
ENSMUSG00000061983-B,"1,2-Cinnolinedicarboxylic acid, 1,2,3,5,6,7,8,8a-octahydro-4-trimethylsilyloxy-, diethyl ester",,,0,,,2,,,1,-1.0,0.0,3,0,-,0.0
ENSMUSG00000061983-B,"13-Docosenamide, (Z)",,,0,,,0,-1.0,0.0,3,-1.0,0.0,3,1,-,0.0
ENSMUSG00000061983-B,"3,4-Dihydroxybenzaldehyde",-1.0,0.0,3,,,0,,,0,-1.0,0.0,3,1,-,0.0
ENSMUSG00000061983-B,Glabridin,,,2,,,1,,,1,1.0,0.0,4,0,+,0.0
ENSMUSG00000061983-B,Luciferin,,,1,,,2,,,1,1.0,0.0,4,0,+,0.0
ENSMUSG00000061983-B,Tyr-Val,,,2,,,1,,,0,1.0,0.0,3,0,+,0.0
ENSMUSG00000062380-B,"13-Docosenamide, (Z)",,,0,,,0,1.0,0.0,3,1.0,0.0,3,1,+,0.0
ENSMUSG00000062380-B,2-Aminoquinolin-8-ol,,,1,,,1,,,1,1.0,0.0,3,0,+,0.0
ENSMUSG00000062380-B,2-Norbornanemethanol,,,0,,,1,,,2,-1.0,0.0,3,0,-,0.0
ENSMUSG00000062380-B,"3-Hydroxy-7,3',4',5'-tetramethoxyflavone",,,2,,,0,,,1,-1.0,0.0,3,0,-,0.0
ENSMUSG00000062380-B,7-Hydroxy-4-(methoxymethyl)coumarin,,,1,,,0,-1.0,0.0,3,-1.0,0.0,4,1,-,0.0
ENSMUSG00000062380-B,"l-Leucine, n-butoxycarbonyl-N-methyl-, hexadecyl ester",,,2,,,2,,,0,-1.0,0.0,4,0,-,0.0
ENSMUSG00000062380-B,L-Val-L-Leu,,,0,,,0,-1.0,0.0,3,-1.0,0.0,3,1,-,0.0
ENSMUSG00000062470-B,"13-Docosenamide, (Z)",,,0,,,0,-1.0,0.0,3,-1.0,0.0,3,1,-,0.0
ENSMUSG00000062470-B,"2,4-Dimethoxybenzaldoxime",,,1,,,0,,,2,-1.0,0.0,3,0,-,0.0
ENSMUSG00000062470-B,2-Aminoquinolin-8-ol,,,1,,,1,,,1,1.0,0.0,3,0,+,0.0
ENSMUSG00000062470-B,"3,4-Dihydroxybenzaldehyde",-1.0,0.0,3,,,0,,,0,-1.0,0.0,3,1,-,0.0
ENSMUSG00000062470-B,Benzeneacetic acid,,,2,,,0,1.0,0.0,3,1.0,1.4042654220543672e-24,5,1,+,6.180272427134274e-23
ENSMUSG00000062470-B,cis-2-Decenoic acid,,,1,,,0,,,2,-1.0,0.0,3,0,-,0.0
ENSMUSG00000062470-B,L-Glutamic acid,,,0,,,2,-1.0,0.0,3,-1.0,1.4042654220543672e-24,5,1,-,6.180272427134274e-23
ENSMUSG00000062470-B,L-Val-L-Leu,,,0,,,0,1.0,0.0,3,1.0,0.0,3,1,+,0.0
ENSMUSG00000062661-B,"13-Docosenamide, (Z)",,,0,,,0,-1.0,0.0,3,-1.0,0.0,3,1,-,0.0
ENSMUSG00000062661-B,"3,3-Dimethylacrylic acid",,,1,,,1,,,2,1.0,0.0,4,0,+,0.0
ENSMUSG00000062661-B,"4,5-Dihydro-1H-pyrazole",,,1,,,2,,,1,1.0,0.0,4,0,+,0.0
ENSMUSG00000062661-B,Isosorbide,1.0,0.0,3,,,0,,,0,1.0,0.0,3,1,+,0.0
ENSMUSG00000062704-B,L-(+)-Threose,,,0,,,0,1.0,0.0,3,1.0,0.0,3,1,+,0.0
ENSMUSG00000062704-B,Tyr-Val,,,2,,,1,,,0,-1.0,0.0,3,0,-,0.0
ENSMUSG00000063049-B,"1,2-Cinnolinedicarboxylic acid, 1,2,3,5,6,7,8,8a-octahydro-4-trimethylsilyloxy-, diethyl ester",,,0,,,2,,,1,-1.0,0.0,3,0,-,0.0
ENSMUSG00000063049-B,Chlorobenzilate,,,0,,,2,,,2,-1.0,0.0,4,0,-,0.0
ENSMUSG00000063049-B,Glabridin,,,2,,,1,,,1,1.0,0.0,4,0,+,0.0
ENSMUSG00000063049-B,Isosorbide,1.0,0.0,3,,,0,,,0,1.0,0.0,3,1,+,0.0
ENSMUSG00000063049-B,L-Val-L-Leu,,,0,,,0,1.0,0.0,3,1.0,0.0,3,1,+,0.0
ENSMUSG00000063049-B,Octadecanoic acid,,,2,,,1,,,0,1.0,0.0,3,0,+,0.0
ENSMUSG00000063077-B,"2,4-Dimethoxybenzaldoxime",,,1,,,0,,,2,1.0,0.0,3,0,+,0.0
ENSMUSG00000063077-B,2-Aminoquinolin-8-ol,,,1,,,1,,,1,1.0,0.0,3,0,+,0.0
ENSMUSG00000063077-B,Isosorbide,1.0,0.0,3,,,0,,,0,1.0,0.0,3,1,+,0.0
ENSMUSG00000063077-B,"l-Leucine, n-butoxycarbonyl-N-methyl-, hexadecyl ester",,,2,,,2,,,0,-1.0,0.0,4,0,-,0.0
ENSMUSG00000063077-B,L-Threonine,,,0,,,1,1.0,0.0,4,1.0,1.4042654220543672e-24,5,1,+,6.180272427134274e-23
ENSMUSG00000063077-B,"N-[(3,4,5-Trimethoxyphenyl)methylidene]hydroxylamine",,,0,,,0,-1.0,0.0,3,-1.0,0.0,3,1,-,0.0
ENSMUSG00000063409-B,"1,2-Bis(trimethylsiloxy)cyclohexene",,,1,,,2,,,0,1.0,0.0,3,0,+,0.0
ENSMUSG00000063409-B,2-Norbornanemethanol,,,0,,,1,,,2,-1.0,0.0,3,0,-,0.0
ENSMUSG00000063409-B,"3,4-Dihydroxybenzaldehyde",-1.0,0.0,3,,,0,,,0,-1.0,0.0,3,1,-,0.0
ENSMUSG00000063409-B,"3-Hydroxy-7,3',4',5'-tetramethoxyflavone",,,2,,,0,,,1,1.0,0.0,3,0,+,0.0
ENSMUSG00000063409-B,L-(+)-Threose,,,0,,,0,-1.0,0.0,3,-1.0,0.0,3,1,-,0.0
ENSMUSG00000063409-B,"N-[(3,4,5-Trimethoxyphenyl)methylidene]hydroxylamine",,,0,,,0,-1.0,0.0,3,-1.0,0.0,3,1,-,0.0
ENSMUSG00000063409-B,tert-butyl(dimethyl)silyl-2-([tert-butyl(dimethyl)silyl]oxy)hex-2-enoate,,,0,,,0,1.0,0.0,4,1.0,0.0,4,1,+,0.0
ENSMUSG00000063409-B,Tyr-Val,,,2,,,1,,,0,1.0,0.0,3,0,+,0.0
ENSMUSG00000063681-B,"1,2-Bis(trimethylsiloxy)cyclohexene",,,1,,,2,,,0,1.0,0.0,3,0,+,0.0
ENSMUSG00000063681-B,"3,4-Dihydroxybenzaldehyde",1.0,0.0,3,,,0,,,0,1.0,0.0,3,1,+,0.0
ENSMUSG00000063681-B,Diclofenac,,,1,,,2,,,1,1.0,0.0,4,0,+,0.0
ENSMUSG00000063681-B,L-(+)-Threose,,,0,,,0,1.0,0.0,3,1.0,0.0,3,1,+,0.0
ENSMUSG00000063681-B,L-Val-L-Leu,,,0,,,0,-1.0,0.0,3,-1.0,0.0,3,1,-,0.0
ENSMUSG00000063681-B,Octadecanoic acid,,,2,,,1,,,0,1.0,0.0,3,0,+,0.0
ENSMUSG00000063681-B,Tyr-Val,,,2,,,1,,,0,-1.0,0.0,3,0,-,0.0
ENSMUSG00000063870-B,"1,2-Bis(trimethylsiloxy)cyclohexene",,,1,,,2,,,0,1.0,0.0,3,0,+,0.0
ENSMUSG00000063870-B,"2,4-Dimethoxybenzaldoxime",,,1,,,0,,,2,1.0,0.0,3,0,+,0.0
ENSMUSG00000063870-B,2-Norbornanemethanol,,,0,,,1,,,2,-1.0,0.0,3,0,-,0.0
ENSMUSG00000063870-B,"3-Hydroxy-7,3',4',5'-tetramethoxyflavone",,,2,,,0,,,1,-1.0,0.0,3,0,-,0.0
ENSMUSG00000063870-B,L-(+)-Threose,,,0,,,0,1.0,0.0,3,1.0,0.0,3,1,+,0.0
ENSMUSG00000063870-B,L-Val-L-Leu,,,0,,,0,1.0,0.0,3,1.0,0.0,3,1,+,0.0
ENSMUSG00000063870-B,Octadecanoic acid,,,2,,,1,,,0,1.0,0.0,3,0,+,0.0
ENSMUSG00000063931-B,"1,2-Cinnolinedicarboxylic acid, 1,2,3,5,6,7,8,8a-octahydro-4-trimethylsilyloxy-, diethyl ester",,,0,,,2,,,1,1.0,0.0,3,0,+,0.0
ENSMUSG00000063931-B,"13-Docosenamide, (Z)",,,0,,,0,1.0,0.0,3,1.0,0.0,3,1,+,0.0
ENSMUSG00000063931-B,2-Aminoquinolin-8-ol,,,1,,,1,,,1,1.0,0.0,3,0,+,0.0
ENSMUSG00000063931-B,7-Hydroxy-4-(methoxymethyl)coumarin,,,1,,,0,-1.0,0.0,3,-1.0,0.0,4,1,-,0.0
ENSMUSG00000063931-B,cis-2-Decenoic acid,,,1,,,0,,,2,-1.0,0.0,3,0,-,0.0
ENSMUSG00000063931-B,"l-Leucine, n-butoxycarbonyl-N-methyl-, hexadecyl ester",,,2,,,2,,,0,1.0,0.0,4,0,+,0.0
ENSMUSG00000064128-B,"13-Docosenamide, (Z)",,,0,,,0,-1.0,0.0,3,-1.0,0.0,3,1,-,0.0
ENSMUSG00000064128-B,"2,4-Dimethoxybenzaldoxime",,,1,,,0,,,2,1.0,0.0,3,0,+,0.0
ENSMUSG00000064128-B,2-Norbornanemethanol,,,0,,,1,,,2,-1.0,0.0,3,0,-,0.0
ENSMUSG00000064128-B,"3-Hydroxy-7,3',4',5'-tetramethoxyflavone",,,2,,,0,,,1,1.0,0.0,3,0,+,0.0
ENSMUSG00000064128-B,Isosorbide,1.0,0.0,3,,,0,,,0,1.0,0.0,3,1,+,0.0
ENSMUSG00000064128-B,L-(+)-Threose,,,0,,,0,-1.0,0.0,3,-1.0,0.0,3,1,-,0.0
ENSMUSG00000064128-B,Octadecanoic acid,,,2,,,1,,,0,1.0,0.0,3,0,+,0.0
ENSMUSG00000064363-B,"1,2-Bis(trimethylsiloxy)cyclohexene",,,1,,,2,,,0,1.0,0.0,3,0,+,0.0
ENSMUSG00000064363-B,"13-Docosenamide, (Z)",,,0,,,0,-1.0,0.0,3,-1.0,0.0,3,1,-,0.0
ENSMUSG00000064363-B,Diclofenac,,,1,,,2,,,1,1.0,0.0,4,0,+,0.0
ENSMUSG00000064363-B,Isosorbide,-1.0,0.0,3,,,0,,,0,-1.0,0.0,3,1,-,0.0
ENSMUSG00000064363-B,L-Val-L-Leu,,,0,,,0,1.0,0.0,3,1.0,0.0,3,1,+,0.0
ENSMUSG00000066197-B,"1,2-Bis(trimethylsiloxy)cyclohexene",,,1,,,2,,,0,-1.0,0.0,3,0,-,0.0
ENSMUSG00000066197-B,2-Aminoquinolin-8-ol,,,1,,,1,,,1,-1.0,0.0,3,0,-,0.0
ENSMUSG00000066197-B,2-Norbornanemethanol,,,0,,,1,,,2,-1.0,0.0,3,0,-,0.0
ENSMUSG00000066197-B,"3,3-Dimethylacrylic acid",,,1,,,1,,,2,1.0,0.0,4,0,+,0.0
ENSMUSG00000066197-B,"3,4-Dihydroxybenzaldehyde",1.0,0.0,3,,,0,,,0,1.0,0.0,3,1,+,0.0
ENSMUSG00000066197-B,"3-Hydroxy-7,3',4',5'-tetramethoxyflavone",,,2,,,0,,,1,-1.0,0.0,3,0,-,0.0
ENSMUSG00000066197-B,Chlorobenzilate,,,0,,,2,,,2,-1.0,0.0,4,0,-,0.0
ENSMUSG00000066197-B,"N-[(3,4,5-Trimethoxyphenyl)methylidene]hydroxylamine",,,0,,,0,1.0,0.0,3,1.0,0.0,3,1,+,0.0
ENSMUSG00000066441-B,2-Aminoquinolin-8-ol,,,1,,,1,,,1,1.0,0.0,3,0,+,0.0
ENSMUSG00000066441-B,2-Norbornanemethanol,,,0,,,1,,,2,1.0,0.0,3,0,+,0.0
ENSMUSG00000066441-B,"3,3-Dimethylacrylic acid",,,1,,,1,,,2,1.0,0.0,4,0,+,0.0
ENSMUSG00000066441-B,"3,5-Dimethylphenol",0.5,0.6666666666666667,3,-0.5,0.6666666666666667,3,-0.7999999999999999,0.1040880386618278,5,-0.8656058903985899,0.0005746337965529,11,3,-,0.024409556273427738
ENSMUSG00000066441-B,"4,5-Dihydro-1H-pyrazole",,,1,,,2,,,1,1.0,0.0,4,0,+,0.0
ENSMUSG00000066441-B,7-Hydroxy-4-(methoxymethyl)coumarin,,,1,,,0,-1.0,0.0,3,-1.0,0.0,4,1,-,0.0
ENSMUSG00000066441-B,Chlorobenzilate,,,0,,,2,,,2,-1.0,0.0,4,0,-,0.0
ENSMUSG00000066441-B,cis-2-Decenoic acid,,,1,,,0,,,2,-1.0,0.0,3,0,-,0.0
ENSMUSG00000066441-B,L-Alanine,-0.8660254037844387,0.3333333333333332,3,-0.8660254037844387,0.3333333333333332,3,-0.753702346348183,0.0835232813732598,6,-0.8400819752692913,0.0006256496989327,12,3,-,0.026467151527455067
ENSMUSG00000066441-B,L-Ornithine,,,2,,,1,,,1,1.0,0.0,4,0,+,0.0
ENSMUSG00000066441-B,"N-[(3,4,5-Trimethoxyphenyl)methylidene]hydroxylamine",,,0,,,0,-1.0,0.0,3,-1.0,0.0,3,1,-,0.0
ENSMUSG00000066441-B,Octadecanoic acid,,,2,,,1,,,0,-1.0,0.0,3,0,-,0.0
ENSMUSG00000067279-B,"1,2-Cinnolinedicarboxylic acid, 1,2,3,5,6,7,8,8a-octahydro-4-trimethylsilyloxy-, diethyl ester",,,0,,,2,,,1,1.0,0.0,3,0,+,0.0
ENSMUSG00000067279-B,"13-Docosenamide, (Z)",,,0,,,0,-1.0,0.0,3,-1.0,0.0,3,1,-,0.0
ENSMUSG00000067279-B,"3,4-Dihydroxybenzaldehyde",-1.0,0.0,3,,,0,,,0,-1.0,0.0,3,1,-,0.0
ENSMUSG00000067279-B,"3-Hydroxy-7,3',4',5'-tetramethoxyflavone",,,2,,,0,,,1,1.0,0.0,3,0,+,0.0
ENSMUSG00000067279-B,cis-2-Decenoic acid,,,1,,,0,,,2,1.0,0.0,3,0,+,0.0
ENSMUSG00000067279-B,L-(+)-Threose,,,0,,,0,-1.0,0.0,3,-1.0,0.0,3,1,-,0.0
ENSMUSG00000067279-B,"l-Leucine, n-butoxycarbonyl-N-methyl-, hexadecyl ester",,,2,,,2,,,0,1.0,0.0,4,0,+,0.0
ENSMUSG00000067279-B,L-Val-L-Leu,,,0,,,0,-1.0,0.0,3,-1.0,0.0,3,1,-,0.0
ENSMUSG00000067768-B,"13-Docosenamide, (Z)",,,0,,,0,-1.0,0.0,3,-1.0,0.0,3,1,-,0.0
ENSMUSG00000067768-B,L-Val-L-Leu,,,0,,,0,1.0,0.0,3,1.0,0.0,3,1,+,0.0
ENSMUSG00000067768-B,Octadecanoic acid,,,2,,,1,,,0,-1.0,0.0,3,0,-,0.0
ENSMUSG00000068154-B,"1,2-Cinnolinedicarboxylic acid, 1,2,3,5,6,7,8,8a-octahydro-4-trimethylsilyloxy-, diethyl ester",,,0,,,2,,,1,-1.0,0.0,3,0,-,0.0
ENSMUSG00000068154-B,"2,2'-Bipyridine",0.5,0.6666666666666667,3,1.0,0.0,3,0.8116794499134279,0.0498575851013403,6,0.8260220258923994,0.0009299382231056,12,3,+,0.03875423984893578
ENSMUSG00000068154-B,"2,4-Dimethoxybenzaldoxime",,,1,,,0,,,2,1.0,0.0,3,0,+,0.0
ENSMUSG00000068154-B,2-Norbornanemethanol,,,0,,,1,,,2,-1.0,0.0,3,0,-,0.0
ENSMUSG00000068154-B,3-(4-Methoxyphenyl)coumarin,,,1,,,0,-1.0,0.0,3,-1.0,0.0,4,1,-,0.0
ENSMUSG00000068154-B,"3,4-Dihydroxybenzaldehyde",1.0,0.0,3,,,0,,,0,1.0,0.0,3,1,+,0.0
ENSMUSG00000068154-B,L-Serine,1.0,0.0,3,,,1,,,1,1.0,1.4042654220543672e-24,5,1,+,6.180272427134274e-23
ENSMUSG00000068154-B,Luciferin,,,1,,,2,,,1,1.0,0.0,4,0,+,0.0
ENSMUSG00000068154-B,L-Val-L-Leu,,,0,,,0,1.0,0.0,3,1.0,0.0,3,1,+,0.0
ENSMUSG00000068154-B,Mevalonolactone,-1.0,0.0,3,0.8660254037844387,0.3333333333333332,3,-0.942857142857143,0.004804664723032,6,-0.8266212326392487,0.0009150112679836,12,3,-,0.038157982590057204
ENSMUSG00000068154-B,"N-[(3,4,5-Trimethoxyphenyl)methylidene]hydroxylamine",,,0,,,0,1.0,0.0,3,1.0,0.0,3,1,+,0.0
ENSMUSG00000068154-B,Octadecanoic acid,,,2,,,1,,,0,1.0,0.0,3,0,+,0.0
ENSMUSG00000068154-B,Triethyl citrate,,,3,1.0,0.0,3,0.7999999999999999,0.2,4,0.8773666603699838,0.0008511884372885,10,2,+,0.03555659360239385
ENSMUSG00000068220-B,"1,2-Cinnolinedicarboxylic acid, 1,2,3,5,6,7,8,8a-octahydro-4-trimethylsilyloxy-, diethyl ester",,,0,,,2,,,1,-1.0,0.0,3,0,-,0.0
ENSMUSG00000068220-B,"13-Docosenamide, (Z)",,,0,,,0,-1.0,0.0,3,-1.0,0.0,3,1,-,0.0
ENSMUSG00000068220-B,2-Aminoquinolin-8-ol,,,1,,,1,,,1,-1.0,0.0,3,0,-,0.0
ENSMUSG00000068220-B,3-(4-Methoxyphenyl)coumarin,,,1,,,0,1.0,0.0,3,1.0,0.0,4,1,+,0.0
ENSMUSG00000068220-B,cis-2-Decenoic acid,,,1,,,0,,,2,1.0,0.0,3,0,+,0.0
ENSMUSG00000068220-B,L-(+)-Threose,,,0,,,0,-1.0,0.0,3,-1.0,0.0,3,1,-,0.0
ENSMUSG00000068220-B,L-Val-L-Leu,,,0,,,0,-1.0,0.0,3,-1.0,0.0,3,1,-,0.0
ENSMUSG00000068966-B,"2,4-Dimethoxybenzaldoxime",,,1,,,0,,,2,1.0,0.0,3,0,+,0.0
ENSMUSG00000068966-B,2-Aminoquinolin-8-ol,,,1,,,1,,,1,1.0,0.0,3,0,+,0.0
ENSMUSG00000068966-B,2-Norbornanemethanol,,,0,,,1,,,2,-1.0,0.0,3,0,-,0.0
ENSMUSG00000068966-B,3-(4-Methoxyphenyl)coumarin,,,1,,,0,1.0,0.0,3,1.0,0.0,4,1,+,0.0
ENSMUSG00000068966-B,"3,4-Dihydroxybenzaldehyde",-1.0,0.0,3,,,0,,,0,-1.0,0.0,3,1,-,0.0
ENSMUSG00000068966-B,cis-2-Decenoic acid,,,1,,,0,,,2,-1.0,0.0,3,0,-,0.0
ENSMUSG00000068966-B,Diclofenac,,,1,,,2,,,1,1.0,0.0,4,0,+,0.0
ENSMUSG00000068966-B,L-(+)-Threose,,,0,,,0,-1.0,0.0,3,-1.0,0.0,3,1,-,0.0
ENSMUSG00000068966-B,"N-[(3,4,5-Trimethoxyphenyl)methylidene]hydroxylamine",,,0,,,0,-1.0,0.0,3,-1.0,0.0,3,1,-,0.0
ENSMUSG00000070167-B,"1,2-Cinnolinedicarboxylic acid, 1,2,3,5,6,7,8,8a-octahydro-4-trimethylsilyloxy-, diethyl ester",,,0,,,2,,,1,-1.0,0.0,3,0,-,0.0
ENSMUSG00000070167-B,"13-Docosenamide, (Z)",,,0,,,0,-1.0,0.0,3,-1.0,0.0,3,1,-,0.0
ENSMUSG00000070167-B,2-Norbornanemethanol,,,0,,,1,,,2,-1.0,0.0,3,0,-,0.0
ENSMUSG00000070167-B,L-Val-L-Leu,,,0,,,0,1.0,0.0,3,1.0,0.0,3,1,+,0.0
ENSMUSG00000070407-B,"13-Docosenamide, (Z)",,,0,,,0,-1.0,0.0,3,-1.0,0.0,3,1,-,0.0
ENSMUSG00000070407-B,2-Aminoquinolin-8-ol,,,1,,,1,,,1,-1.0,0.0,3,0,-,0.0
ENSMUSG00000070407-B,"3-Hydroxy-7,3',4',5'-tetramethoxyflavone",,,2,,,0,,,1,1.0,0.0,3,0,+,0.0
ENSMUSG00000070407-B,cis-2-Decenoic acid,,,1,,,0,,,2,1.0,0.0,3,0,+,0.0
ENSMUSG00000070407-B,L-(+)-Threose,,,0,,,0,-1.0,0.0,3,-1.0,0.0,3,1,-,0.0
ENSMUSG00000070527-B,2-Aminoquinolin-8-ol,,,1,,,1,,,1,1.0,0.0,3,0,+,0.0
ENSMUSG00000070527-B,"3-Hydroxy-7,3',4',5'-tetramethoxyflavone",,,2,,,0,,,1,-1.0,0.0,3,0,-,0.0
ENSMUSG00000070527-B,"4,5-Dihydro-1H-pyrazole",,,1,,,2,,,1,1.0,0.0,4,0,+,0.0
ENSMUSG00000070527-B,4-tert-Butyldimethylsiloxy-3-penten-2-one,,,0,,,0,-1.0,0.0,4,-1.0,0.0,4,1,-,0.0
ENSMUSG00000070527-B,cis-2-Decenoic acid,,,1,,,0,,,2,-1.0,0.0,3,0,-,0.0
ENSMUSG00000070527-B,L-Val-L-Leu,,,0,,,0,-1.0,0.0,3,-1.0,0.0,3,1,-,0.0
ENSMUSG00000070527-B,"N-[(3,4,5-Trimethoxyphenyl)methylidene]hydroxylamine",,,0,,,0,-1.0,0.0,3,-1.0,0.0,3,1,-,0.0
ENSMUSG00000070527-B,Octanoic acid,,,0,,,2,-1.0,0.0,4,-1.0,0.0,6,1,-,0.0
ENSMUSG00000070532-B,"1,2-Bis(trimethylsiloxy)cyclohexene",,,1,,,2,,,0,1.0,0.0,3,0,+,0.0
ENSMUSG00000070532-B,3-(4-Methoxyphenyl)coumarin,,,1,,,0,-1.0,0.0,3,-1.0,0.0,4,1,-,0.0
ENSMUSG00000070532-B,"3-Hydroxy-7,3',4',5'-tetramethoxyflavone",,,2,,,0,,,1,1.0,0.0,3,0,+,0.0
ENSMUSG00000070532-B,cis-2-Decenoic acid,,,1,,,0,,,2,1.0,0.0,3,0,+,0.0
ENSMUSG00000070532-B,Isosorbide,1.0,0.0,3,,,0,,,0,1.0,0.0,3,1,+,0.0
ENSMUSG00000070532-B,L-(+)-Threose,,,0,,,0,1.0,0.0,3,1.0,0.0,3,1,+,0.0
ENSMUSG00000070532-B,Octadecanoic acid,,,2,,,1,,,0,1.0,0.0,3,0,+,0.0
ENSMUSG00000070687-B,"1-(2,4-Dimethoxyphenyl)-propan-2-one",-0.5,0.6666666666666667,3,-0.5,0.6666666666666667,3,-0.7826237921249264,0.117613760873458,5,-0.862421616015649,0.0006354341943852,11,3,-,0.026862626337594578
ENSMUSG00000070687-B,"13-Docosenamide, (Z)",,,0,,,0,1.0,0.0,3,1.0,0.0,3,1,+,0.0
ENSMUSG00000070687-B,2-Aminoquinolin-8-ol,,,1,,,1,,,1,1.0,0.0,3,0,+,0.0
ENSMUSG00000070687-B,"3,3-Dimethylacrylic acid",,,1,,,1,,,2,-1.0,0.0,4,0,-,0.0
ENSMUSG00000070687-B,"3,4-Dihydroxybenzaldehyde",-1.0,0.0,3,,,0,,,0,-1.0,0.0,3,1,-,0.0
ENSMUSG00000070687-B,cis-2-Decenoic acid,,,1,,,0,,,2,-1.0,0.0,3,0,-,0.0
ENSMUSG00000070687-B,L-(+)-Threose,,,0,,,0,1.0,0.0,3,1.0,0.0,3,1,+,0.0
ENSMUSG00000070687-B,Tyr-Val,,,2,,,1,,,0,1.0,0.0,3,0,+,0.0
ENSMUSG00000070687-B,Urea,-1.0,0.0,3,-1.0,0.0,3,-0.753702346348183,0.0835232813732598,6,-0.9174116968421968,2.630910595853395e-05,12,3,-,0.0011562307871862121
ENSMUSG00000070806-B,"1,2-Bis(trimethylsiloxy)cyclohexene",,,1,,,2,,,0,1.0,0.0,3,0,+,0.0
ENSMUSG00000070806-B,4-tert-Butyldimethylsiloxy-3-penten-2-one,,,0,,,0,-1.0,0.0,4,-1.0,0.0,4,1,-,0.0
ENSMUSG00000070806-B,cis-2-Decenoic acid,,,1,,,0,,,2,-1.0,0.0,3,0,-,0.0
ENSMUSG00000070806-B,Diclofenac,,,1,,,2,,,1,1.0,0.0,4,0,+,0.0
ENSMUSG00000070806-B,Isosorbide,-1.0,0.0,3,,,0,,,0,-1.0,0.0,3,1,-,0.0
ENSMUSG00000070806-B,"N-[(3,4,5-Trimethoxyphenyl)methylidene]hydroxylamine",,,0,,,0,-1.0,0.0,3,-1.0,0.0,3,1,-,0.0
ENSMUSG00000070953-B,"1,2-Bis(trimethylsiloxy)cyclohexene",,,1,,,2,,,0,-1.0,0.0,3,0,-,0.0
ENSMUSG00000070953-B,Formamide,-1.0,0.0,3,-1.0,0.0,3,-0.5217939320872036,0.2883432338003937,6,-0.8227778098887566,0.0010140477438473,12,3,-,0.04201785590931499
ENSMUSG00000070953-B,Isosorbide,1.0,0.0,3,,,0,,,0,1.0,0.0,3,1,+,0.0
ENSMUSG00000070953-B,L-(+)-Threose,,,0,,,0,1.0,0.0,3,1.0,0.0,3,1,+,0.0
ENSMUSG00000070953-B,L-Threonine,,,0,,,1,1.0,0.0,4,1.0,1.4042654220543672e-24,5,1,+,6.180272427134274e-23
ENSMUSG00000071648-B,2-Norbornanemethanol,,,0,,,1,,,2,1.0,0.0,3,0,+,0.0
ENSMUSG00000071648-B,"Benzene, 1-ethyl-3,5-dimethyl",,,1,,,1,,,2,1.0,0.0,4,0,+,0.0
ENSMUSG00000071648-B,L-Val-L-Leu,,,0,,,0,-1.0,0.0,3,-1.0,0.0,3,1,-,0.0
ENSMUSG00000071648-B,Octadecanoic acid,,,2,,,1,,,0,-1.0,0.0,3,0,-,0.0
ENSMUSG00000071661-B,"1,2-Bis(trimethylsiloxy)cyclohexene",,,1,,,2,,,0,-1.0,0.0,3,0,-,0.0
ENSMUSG00000071661-B,"2,4,4'-Trihydroxybenzophenone",-1.0,0.0,3,-1.0,0.0,3,-0.7714285714285715,0.0723965014577259,6,-0.8386016534578921,0.000653429697065,12,3,-,0.027604436602440843
ENSMUSG00000071661-B,2-Norbornanemethanol,,,0,,,1,,,2,1.0,0.0,3,0,+,0.0
ENSMUSG00000071661-B,"3-Hydroxy-7,3',4',5'-tetramethoxyflavone",,,2,,,0,,,1,1.0,0.0,3,0,+,0.0
ENSMUSG00000071661-B,cis-2-Decenoic acid,,,1,,,0,,,2,1.0,0.0,3,0,+,0.0
ENSMUSG00000071661-B,Diclofenac,,,1,,,2,,,1,-1.0,0.0,4,0,-,0.0
ENSMUSG00000071661-B,Glabridin,,,2,,,1,,,1,-1.0,0.0,4,0,-,0.0
ENSMUSG00000071661-B,L-(+)-Threose,,,0,,,0,-1.0,0.0,3,-1.0,0.0,3,1,-,0.0
ENSMUSG00000071661-B,Octadecanoic acid,,,2,,,1,,,0,-1.0,0.0,3,0,-,0.0
ENSMUSG00000071661-B,Tyr-Val,,,2,,,1,,,0,1.0,0.0,3,0,+,0.0
ENSMUSG00000072809-B,"1,2-Bis(trimethylsiloxy)cyclohexene",,,1,,,2,,,0,1.0,0.0,3,0,+,0.0
ENSMUSG00000072809-B,"2,6-di-tert-Butyl-4-(dimethylaminomethyl)phenol",1.0,0.0,3,,,1,0.7999999999999999,0.2,4,0.9523809523809524,0.0002604000243872,8,2,+,0.011275156361642535
ENSMUSG00000072809-B,"3-Hydroxy-7,3',4',5'-tetramethoxyflavone",,,2,,,0,,,1,-1.0,0.0,3,0,-,0.0
ENSMUSG00000072809-B,cis-2-Decenoic acid,,,1,,,0,,,2,-1.0,0.0,3,0,-,0.0
ENSMUSG00000072809-B,Diclofenac,,,1,,,2,,,1,1.0,0.0,4,0,+,0.0
ENSMUSG00000072809-B,Luciferin,,,1,,,2,,,1,1.0,0.0,4,0,+,0.0
ENSMUSG00000072809-B,Octadecanoic acid,,,2,,,1,,,0,1.0,0.0,3,0,+,0.0
ENSMUSG00000072919-B,"1,2-Bis(trimethylsiloxy)cyclohexene",,,1,,,2,,,0,1.0,0.0,3,0,+,0.0
ENSMUSG00000072919-B,"13-Docosenamide, (Z)",,,0,,,0,-1.0,0.0,3,-1.0,0.0,3,1,-,0.0
ENSMUSG00000072919-B,2-Aminoquinolin-8-ol,,,1,,,1,,,1,-1.0,0.0,3,0,-,0.0
ENSMUSG00000072919-B,"3,4-Dihydroxybenzaldehyde",1.0,0.0,3,,,0,,,0,1.0,0.0,3,1,+,0.0
ENSMUSG00000072919-B,cis-2-Decenoic acid,,,1,,,0,,,2,1.0,0.0,3,0,+,0.0
ENSMUSG00000072919-B,L-Val-L-Leu,,,0,,,0,1.0,0.0,3,1.0,0.0,3,1,+,0.0
ENSMUSG00000072919-B,Octadecanoic acid,,,2,,,1,,,0,1.0,0.0,3,0,+,0.0
ENSMUSG00000072964-B,"2(5H)-Furanone, 4-(hydroxymethyl)",-0.5,0.6666666666666667,3,-1.0,0.0,3,-0.9276336570439176,0.0076658441874731,6,-0.8686528207395494,0.0002459421331757,12,3,-,0.010664127048290468
ENSMUSG00000072964-B,"2,5-Dimethoxybenzonitrile",-1.0,0.0,3,-1.0,0.0,3,-1.0,0.0,6,-0.8371291296643238,0.0006820012896813,12,3,-,0.028781855797063903
ENSMUSG00000072964-B,2-Aminoquinolin-8-ol,,,1,,,1,,,1,1.0,0.0,3,0,+,0.0
ENSMUSG00000072964-B,"3,4-Dihydroxybenzaldehyde",1.0,0.0,3,,,0,,,0,1.0,0.0,3,1,+,0.0
ENSMUSG00000072964-B,"3-Hydroxy-7,3',4',5'-tetramethoxyflavone",,,2,,,0,,,1,-1.0,0.0,3,0,-,0.0
ENSMUSG00000072964-B,L-(+)-Threose,,,0,,,0,-1.0,0.0,3,-1.0,0.0,3,1,-,0.0
ENSMUSG00000072964-B,Luciferin,,,1,,,2,,,1,-1.0,0.0,4,0,-,0.0
ENSMUSG00000072964-B,N-Acetyl-L-alanine,0.5,0.6666666666666667,3,-1.0,0.0,3,-0.942857142857143,0.004804664723032,6,-0.8315840663996671,0.0007983671028551,12,3,-,0.03352053767796728
ENSMUSG00000072964-B,Tyr-Val,,,2,,,1,,,0,-1.0,0.0,3,0,-,0.0
ENSMUSG00000073460-B,"3-Hydroxy-7,3',4',5'-tetramethoxyflavone",,,2,,,0,,,1,-1.0,0.0,3,0,-,0.0
ENSMUSG00000073460-B,cis-2-Decenoic acid,,,1,,,0,,,2,-1.0,0.0,3,0,-,0.0
ENSMUSG00000073460-B,L-(+)-Threose,,,0,,,0,1.0,0.0,3,1.0,0.0,3,1,+,0.0
ENSMUSG00000073460-B,"l-Leucine, n-butoxycarbonyl-N-methyl-, hexadecyl ester",,,2,,,2,,,0,-1.0,0.0,4,0,-,0.0
ENSMUSG00000073460-B,Sulindac,,,0,,,2,-1.0,0.0,3,-1.0,1.4042654220543672e-24,5,1,-,6.180272427134274e-23
ENSMUSG00000073680-B,"1-(2,5-Dimethoxyphenyl)-1-[(trimethylsilyl)oxy]propan-2-amine",-1.0,0.0,3,-1.0,0.0,3,-0.9856107606091624,0.0003090856678496,6,-0.8239640937886785,0.0009826393868662,12,3,-,0.04078499550135461
ENSMUSG00000073680-B,2-Aminoquinolin-8-ol,,,1,,,1,,,1,1.0,0.0,3,0,+,0.0
ENSMUSG00000073680-B,"3-Hydroxy-7,3',4',5'-tetramethoxyflavone",,,2,,,0,,,1,-1.0,0.0,3,0,-,0.0
ENSMUSG00000073680-B,Glycolic acid,-0.5,0.6666666666666667,3,-1.0,0.0,3,-0.8406680016960503,0.0360575728451592,6,-0.8435969626135144,0.0005633469248744,12,3,-,0.02393835915595597
ENSMUSG00000073680-B,"l-Leucine, n-butoxycarbonyl-N-methyl-, hexadecyl ester",,,2,,,2,,,0,-1.0,0.0,4,0,-,0.0
ENSMUSG00000073795-B,"1,2-Cinnolinedicarboxylic acid, 1,2,3,5,6,7,8,8a-octahydro-4-trimethylsilyloxy-, diethyl ester",,,0,,,2,,,1,1.0,0.0,3,0,+,0.0
ENSMUSG00000073795-B,Chlorobenzilate,,,0,,,2,,,2,1.0,0.0,4,0,+,0.0
ENSMUSG00000073795-B,L-(+)-Threose,,,0,,,0,-1.0,0.0,3,-1.0,0.0,3,1,-,0.0
ENSMUSG00000073795-B,Octadecanoic acid,,,2,,,1,,,0,-1.0,0.0,3,0,-,0.0
ENSMUSG00000074215-B,"1,2-Cinnolinedicarboxylic acid, 1,2,3,5,6,7,8,8a-octahydro-4-trimethylsilyloxy-, diethyl ester",,,0,,,2,,,1,-1.0,0.0,3,0,-,0.0
ENSMUSG00000074215-B,"N-[(3,4,5-Trimethoxyphenyl)methylidene]hydroxylamine",,,0,,,0,-1.0,0.0,3,-1.0,0.0,3,1,-,0.0
ENSMUSG00000074215-B,Tyr-Val,,,2,,,1,,,0,1.0,0.0,3,0,+,0.0
ENSMUSG00000074476-B,"13-Docosenamide, (Z)",,,0,,,0,1.0,0.0,3,1.0,0.0,3,1,+,0.0
ENSMUSG00000074476-B,"2,4-Dimethoxybenzaldoxime",,,1,,,0,,,2,-1.0,0.0,3,0,-,0.0
ENSMUSG00000074476-B,2-Norbornanemethanol,,,0,,,1,,,2,1.0,0.0,3,0,+,0.0
ENSMUSG00000074476-B,"3,3-Dimethylacrylic acid",,,1,,,1,,,2,1.0,0.0,4,0,+,0.0
ENSMUSG00000074476-B,"3,4-Dihydroxybenzaldehyde",1.0,0.0,3,,,0,,,0,1.0,0.0,3,1,+,0.0
ENSMUSG00000074476-B,"3-Hydroxy-7,3',4',5'-tetramethoxyflavone",,,2,,,0,,,1,-1.0,0.0,3,0,-,0.0
ENSMUSG00000074476-B,"4,5-Dihydro-1H-pyrazole",,,1,,,2,,,1,1.0,0.0,4,0,+,0.0
ENSMUSG00000074476-B,L-(+)-Threose,,,0,,,0,1.0,0.0,3,1.0,0.0,3,1,+,0.0
ENSMUSG00000074580-B,2-Norbornanemethanol,,,0,,,1,,,2,-1.0,0.0,3,0,-,0.0
ENSMUSG00000074580-B,"3-Hydroxy-7,3',4',5'-tetramethoxyflavone",,,2,,,0,,,1,1.0,0.0,3,0,+,0.0
ENSMUSG00000074580-B,cis-2-Decenoic acid,,,1,,,0,,,2,1.0,0.0,3,0,+,0.0
ENSMUSG00000074580-B,L-(+)-Threose,,,0,,,0,1.0,0.0,3,1.0,0.0,3,1,+,0.0
ENSMUSG00000074580-B,Salsoline,1.0,0.0,3,1.0,0.0,3,1.0,0.0,4,0.9272727272727272,0.0001120345063939,10,3,+,0.004894013549422297
ENSMUSG00000074580-B,Tyr-Val,,,2,,,1,,,0,1.0,0.0,3,0,+,0.0
ENSMUSG00000074793-B,"1,2-Bis(trimethylsiloxy)cyclohexene",,,1,,,2,,,0,1.0,0.0,3,0,+,0.0
ENSMUSG00000074793-B,"13-Docosenamide, (Z)",,,0,,,0,-1.0,0.0,3,-1.0,0.0,3,1,-,0.0
ENSMUSG00000074793-B,2-Aminoquinolin-8-ol,,,1,,,1,,,1,-1.0,0.0,3,0,-,0.0
ENSMUSG00000074793-B,2-Norbornanemethanol,,,0,,,1,,,2,1.0,0.0,3,0,+,0.0
ENSMUSG00000074793-B,cis-2-Decenoic acid,,,1,,,0,,,2,1.0,0.0,3,0,+,0.0
ENSMUSG00000074793-B,Isosorbide,-1.0,0.0,3,,,0,,,0,-1.0,0.0,3,1,-,0.0
ENSMUSG00000074793-B,Lactic acid,1.0,0.0,3,,,2,0.6377481392176932,0.1730711102412597,6,0.849323922857635,0.0009379698490142,11,2,+,0.03907573512306283
ENSMUSG00000074811-B,"13-Docosenamide, (Z)",,,0,,,0,-1.0,0.0,3,-1.0,0.0,3,1,-,0.0
ENSMUSG00000074811-B,"4,5-Dihydro-1H-pyrazole",,,1,,,2,,,1,1.0,0.0,4,0,+,0.0
ENSMUSG00000074811-B,Chlorobenzilate,,,0,,,2,,,2,-1.0,0.0,4,0,-,0.0
ENSMUSG00000074811-B,cis-2-Decenoic acid,,,1,,,0,,,2,-1.0,0.0,3,0,-,0.0
ENSMUSG00000074811-B,"Erythrono-1,4-lactone",-1.0,0.0,3,-1.0,0.0,3,-0.6571428571428573,0.1561749271137023,6,-0.830435353969758,0.0008242807861663,12,3,-,0.0344910428792099
ENSMUSG00000074811-B,Isosorbide,1.0,0.0,3,,,0,,,0,1.0,0.0,3,1,+,0.0
ENSMUSG00000074811-B,L-(+)-Threose,,,0,,,0,-1.0,0.0,3,-1.0,0.0,3,1,-,0.0
ENSMUSG00000074811-B,Suberic acid,,,2,-0.5,0.6666666666666667,3,-0.942857142857143,0.004804664723032,6,-0.8473826084954617,0.0009906687092407,11,2,-,0.04109057726009136
ENSMUSG00000074811-B,tert-butyl(dimethyl)silyl-2-([tert-butyl(dimethyl)silyl]oxy)hex-2-enoate,,,0,,,0,-1.0,0.0,4,-1.0,0.0,4,1,-,0.0
ENSMUSG00000074813-B,"1,2-Cinnolinedicarboxylic acid, 1,2,3,5,6,7,8,8a-octahydro-4-trimethylsilyloxy-, diethyl ester",,,0,,,2,,,1,-1.0,0.0,3,0,-,0.0
ENSMUSG00000074813-B,L-Val-L-Leu,,,0,,,0,-1.0,0.0,3,-1.0,0.0,3,1,-,0.0
ENSMUSG00000075225-B,"1,2-Bis(trimethylsiloxy)cyclohexene",,,1,,,2,,,0,1.0,0.0,3,0,+,0.0
ENSMUSG00000075225-B,"1,2-Cinnolinedicarboxylic acid, 1,2,3,5,6,7,8,8a-octahydro-4-trimethylsilyloxy-, diethyl ester",,,0,,,2,,,1,-1.0,0.0,3,0,-,0.0
ENSMUSG00000075225-B,"13-Docosenamide, (Z)",,,0,,,0,-1.0,0.0,3,-1.0,0.0,3,1,-,0.0
ENSMUSG00000075225-B,"3,4-Dihydroxybenzaldehyde",-1.0,0.0,3,,,0,,,0,-1.0,0.0,3,1,-,0.0
ENSMUSG00000075225-B,cis-2-Decenoic acid,,,1,,,0,,,2,-1.0,0.0,3,0,-,0.0
ENSMUSG00000075225-B,L-Val-L-Leu,,,0,,,0,-1.0,0.0,3,-1.0,0.0,3,1,-,0.0
ENSMUSG00000078435-B,"1,2-Bis(trimethylsiloxy)cyclohexene",,,1,,,2,,,0,1.0,0.0,3,0,+,0.0
ENSMUSG00000078435-B,"13-Docosenamide, (Z)",,,0,,,0,-1.0,0.0,3,-1.0,0.0,3,1,-,0.0
ENSMUSG00000078435-B,"3,4-Dihydroxybenzaldehyde",-1.0,0.0,3,,,0,,,0,-1.0,0.0,3,1,-,0.0
ENSMUSG00000078435-B,Tyr-Val,,,2,,,1,,,0,1.0,0.0,3,0,+,0.0
ENSMUSG00000079043-B,"1,2-Cinnolinedicarboxylic acid, 1,2,3,5,6,7,8,8a-octahydro-4-trimethylsilyloxy-, diethyl ester",,,0,,,2,,,1,-1.0,0.0,3,0,-,0.0
ENSMUSG00000079043-B,"13-Docosenamide, (Z)",,,0,,,0,-1.0,0.0,3,-1.0,0.0,3,1,-,0.0
ENSMUSG00000079043-B,"2,4-Dimethoxybenzaldoxime",,,1,,,0,,,2,-1.0,0.0,3,0,-,0.0
ENSMUSG00000079043-B,"3,4-Dihydroxybenzaldehyde",-1.0,0.0,3,,,0,,,0,-1.0,0.0,3,1,-,0.0
ENSMUSG00000079043-B,cis-2-Decenoic acid,,,1,,,0,,,2,-1.0,0.0,3,0,-,0.0
ENSMUSG00000079043-B,Glabridin,,,2,,,1,,,1,1.0,0.0,4,0,+,0.0
ENSMUSG00000079043-B,Tyr-Val,,,2,,,1,,,0,1.0,0.0,3,0,+,0.0
ENSMUSG00000079083-B,"13-Docosenamide, (Z)",,,0,,,0,1.0,0.0,3,1.0,0.0,3,1,+,0.0
ENSMUSG00000079083-B,"2,4-Dimethoxybenzaldoxime",,,1,,,0,,,2,1.0,0.0,3,0,+,0.0
ENSMUSG00000079083-B,2-Aminoquinolin-8-ol,,,1,,,1,,,1,1.0,0.0,3,0,+,0.0
ENSMUSG00000079083-B,"3,4-Dihydroxybenzaldehyde",-1.0,0.0,3,,,0,,,0,-1.0,0.0,3,1,-,0.0
ENSMUSG00000079083-B,cis-2-Decenoic acid,,,1,,,0,,,2,-1.0,0.0,3,0,-,0.0
ENSMUSG00000079083-B,Luciferin,,,1,,,2,,,1,-1.0,0.0,4,0,-,0.0
ENSMUSG00000079157-B,2-Aminoquinolin-8-ol,,,1,,,1,,,1,1.0,0.0,3,0,+,0.0
ENSMUSG00000079157-B,2-Norbornanemethanol,,,0,,,1,,,2,-1.0,0.0,3,0,-,0.0
ENSMUSG00000079157-B,"3,4-Dihydroxybenzaldehyde",1.0,0.0,3,,,0,,,0,1.0,0.0,3,1,+,0.0
ENSMUSG00000079157-B,"3-Hydroxy-7,3',4',5'-tetramethoxyflavone",,,2,,,0,,,1,-1.0,0.0,3,0,-,0.0
ENSMUSG00000079157-B,"N-[(3,4,5-Trimethoxyphenyl)methylidene]hydroxylamine",,,0,,,0,-1.0,0.0,3,-1.0,0.0,3,1,-,0.0
ENSMUSG00000079157-B,Norephedrine,-0.5,0.6666666666666667,3,1.0,0.0,3,0.5,0.6666666666666667,3,0.9333333333333332,0.0002358998121594,9,3,+,0.010235892201550304
ENSMUSG00000079157-B,tert-butyl(dimethyl)silyl-2-([tert-butyl(dimethyl)silyl]oxy)hex-2-enoate,,,0,,,0,1.0,0.0,4,1.0,0.0,4,1,+,0.0
ENSMUSG00000079157-B,Tyr-Val,,,2,,,1,,,0,-1.0,0.0,3,0,-,0.0
ENSMUSG00000081683-B,"1,2-Bis(trimethylsiloxy)cyclohexene",,,1,,,2,,,0,1.0,0.0,3,0,+,0.0
ENSMUSG00000081683-B,Isosorbide,1.0,0.0,3,,,0,,,0,1.0,0.0,3,1,+,0.0
ENSMUSG00000081683-B,Octadecanoic acid,,,2,,,1,,,0,1.0,0.0,3,0,+,0.0
ENSMUSG00000083153-B,"1,2-Bis(trimethylsiloxy)cyclohexene",,,1,,,2,,,0,1.0,0.0,3,0,+,0.0
ENSMUSG00000083153-B,Diclofenac,,,1,,,2,,,1,1.0,0.0,4,0,+,0.0
ENSMUSG00000083153-B,"Erythrono-1,4-lactone",1.0,0.0,3,1.0,0.0,3,0.7775419143502353,0.0687269414410895,6,0.8675848499293759,0.000255625373021,12,3,+,0.011076200674183485
ENSMUSG00000083153-B,Isosorbide,-1.0,0.0,3,,,0,,,0,-1.0,0.0,3,1,-,0.0
ENSMUSG00000083307-B,"1,2-Bis(trimethylsiloxy)cyclohexene",,,1,,,2,,,0,1.0,0.0,3,0,+,0.0
ENSMUSG00000083307-B,"1,2-Cinnolinedicarboxylic acid, 1,2,3,5,6,7,8,8a-octahydro-4-trimethylsilyloxy-, diethyl ester",,,0,,,2,,,1,1.0,0.0,3,0,+,0.0
ENSMUSG00000083307-B,2-Aminoquinolin-8-ol,,,1,,,1,,,1,1.0,0.0,3,0,+,0.0
ENSMUSG00000083307-B,"3-Hydroxy-7,3',4',5'-tetramethoxyflavone",,,2,,,0,,,1,1.0,0.0,3,0,+,0.0
ENSMUSG00000084375-B,"13-Docosenamide, (Z)",,,0,,,0,-1.0,0.0,3,-1.0,0.0,3,1,-,0.0
ENSMUSG00000084375-B,"2,4-Dimethoxybenzaldoxime",,,1,,,0,,,2,-1.0,0.0,3,0,-,0.0
ENSMUSG00000084375-B,2-Aminoquinolin-8-ol,,,1,,,1,,,1,1.0,0.0,3,0,+,0.0
ENSMUSG00000084375-B,3-(4-Methoxyphenyl)coumarin,,,1,,,0,1.0,0.0,3,1.0,0.0,4,1,+,0.0
ENSMUSG00000084375-B,"3,4-Dihydroxybenzaldehyde",-1.0,0.0,3,,,0,,,0,-1.0,0.0,3,1,-,0.0
ENSMUSG00000084375-B,cis-2-Decenoic acid,,,1,,,0,,,2,-1.0,0.0,3,0,-,0.0
ENSMUSG00000084375-B,L-(+)-Threose,,,0,,,0,-1.0,0.0,3,-1.0,0.0,3,1,-,0.0
ENSMUSG00000084375-B,L-Glutamic acid,,,0,,,2,-1.0,0.0,3,-1.0,1.4042654220543672e-24,5,1,-,6.180272427134274e-23
ENSMUSG00000085007-B,"1,2-Cinnolinedicarboxylic acid, 1,2,3,5,6,7,8,8a-octahydro-4-trimethylsilyloxy-, diethyl ester",,,0,,,2,,,1,-1.0,0.0,3,0,-,0.0
ENSMUSG00000085007-B,2-Aminoquinolin-8-ol,,,1,,,1,,,1,1.0,0.0,3,0,+,0.0
ENSMUSG00000085007-B,2-Norbornanemethanol,,,0,,,1,,,2,-1.0,0.0,3,0,-,0.0
ENSMUSG00000085007-B,"3,4-Dihydroxybenzaldehyde",-1.0,0.0,3,,,0,,,0,-1.0,0.0,3,1,-,0.0
ENSMUSG00000085007-B,Azelaic acid,-0.5,0.6666666666666667,3,0.5,0.6666666666666667,3,-0.5507824838698261,0.2573693316225744,6,-0.8631632081616797,0.000298921951242,12,3,-,0.012911374711374574
ENSMUSG00000085007-B,L-(+)-Threose,,,0,,,0,1.0,0.0,3,1.0,0.0,3,1,+,0.0
ENSMUSG00000085007-B,"l-Leucine, n-butoxycarbonyl-N-methyl-, hexadecyl ester",,,2,,,2,,,0,1.0,0.0,4,0,+,0.0
ENSMUSG00000085007-B,"N-[(3,4,5-Trimethoxyphenyl)methylidene]hydroxylamine",,,0,,,0,1.0,0.0,3,1.0,0.0,3,1,+,0.0
ENSMUSG00000085111-B,"2-Allyl-1,4-dimethoxybenzene",1.0,0.0,3,1.0,0.0,3,0.7589709258986453,0.0801412280583238,6,0.8908907584650155,0.0001011348254085,12,3,+,0.004419448416698389
ENSMUSG00000085111-B,"3,4-Dihydroxybenzaldehyde",1.0,0.0,3,,,0,,,0,1.0,0.0,3,1,+,0.0
ENSMUSG00000085111-B,Diclofenac,,,1,,,2,,,1,1.0,0.0,4,0,+,0.0
ENSMUSG00000085111-B,Octadecanoic acid,,,2,,,1,,,0,1.0,0.0,3,0,+,0.0
ENSMUSG00000085111-B,Tyr-Val,,,2,,,1,,,0,-1.0,0.0,3,0,-,0.0
ENSMUSG00000085382-B,"1,2-Bis(trimethylsiloxy)cyclohexene",,,1,,,2,,,0,1.0,0.0,3,0,+,0.0
ENSMUSG00000085382-B,"2,4-Dimethoxybenzaldoxime",,,1,,,0,,,2,-1.0,0.0,3,0,-,0.0
ENSMUSG00000085382-B,Isosorbide,-1.0,0.0,3,,,0,,,0,-1.0,0.0,3,1,-,0.0
ENSMUSG00000085382-B,L-Val-L-Leu,,,0,,,0,-1.0,0.0,3,-1.0,0.0,3,1,-,0.0
ENSMUSG00000085382-B,Tyr-Val,,,2,,,1,,,0,1.0,0.0,3,0,+,0.0
ENSMUSG00000086034-B,"1,2-Cinnolinedicarboxylic acid, 1,2,3,5,6,7,8,8a-octahydro-4-trimethylsilyloxy-, diethyl ester",,,0,,,2,,,1,-1.0,0.0,3,0,-,0.0
ENSMUSG00000086034-B,"13-Docosenamide, (Z)",,,0,,,0,-1.0,0.0,3,-1.0,0.0,3,1,-,0.0
ENSMUSG00000086034-B,"3-Hydroxy-7,3',4',5'-tetramethoxyflavone",,,2,,,0,,,1,-1.0,0.0,3,0,-,0.0
ENSMUSG00000086034-B,cis-2-Decenoic acid,,,1,,,0,,,2,-1.0,0.0,3,0,-,0.0
ENSMUSG00000086034-B,Diclofenac,,,1,,,2,,,1,1.0,0.0,4,0,+,0.0
ENSMUSG00000086034-B,Isosorbide,-1.0,0.0,3,,,0,,,0,-1.0,0.0,3,1,-,0.0
ENSMUSG00000086034-B,L-Glutamic acid,,,0,,,2,-1.0,0.0,3,-1.0,1.4042654220543672e-24,5,1,-,6.180272427134274e-23
ENSMUSG00000086034-B,tert-butyl(dimethyl)silyl-2-([tert-butyl(dimethyl)silyl]oxy)hex-2-enoate,,,0,,,0,-1.0,0.0,4,-1.0,0.0,4,1,-,0.0
ENSMUSG00000086213-B,2-Norbornanemethanol,,,0,,,1,,,2,-1.0,0.0,3,0,-,0.0
ENSMUSG00000086732-B,2-Aminoquinolin-8-ol,,,1,,,1,,,1,-1.0,0.0,3,0,-,0.0
ENSMUSG00000086732-B,"3,4-Dihydroxybenzaldehyde",1.0,0.0,3,,,0,,,0,1.0,0.0,3,1,+,0.0
ENSMUSG00000086732-B,"N-[(3,4,5-Trimethoxyphenyl)methylidene]hydroxylamine",,,0,,,0,1.0,0.0,3,1.0,0.0,3,1,+,0.0
ENSMUSG00000086732-B,Tyr-Val,,,2,,,1,,,0,-1.0,0.0,3,0,-,0.0
ENSMUSG00000087067-B,2-Aminoquinolin-8-ol,,,1,,,1,,,1,-1.0,0.0,3,0,-,0.0
ENSMUSG00000087067-B,"3,4-Dihydroxybenzaldehyde",1.0,0.0,3,,,0,,,0,1.0,0.0,3,1,+,0.0
ENSMUSG00000087067-B,cis-2-Decenoic acid,,,1,,,0,,,2,1.0,0.0,3,0,+,0.0
ENSMUSG00000087067-B,Cyclobutylamine,-1.0,0.0,3,-1.0,0.0,3,-0.8574929257125441,0.0290153635313838,6,-0.8789011740588896,0.0001668087807937,12,3,-,0.007268686724613738
ENSMUSG00000087141-B,"1,2-Bis(trimethylsiloxy)cyclohexene",,,1,,,2,,,0,-1.0,0.0,3,0,-,0.0
ENSMUSG00000087141-B,2-Aminoquinolin-8-ol,,,1,,,1,,,1,1.0,0.0,3,0,+,0.0
ENSMUSG00000087141-B,"3-Hydroxy-7,3',4',5'-tetramethoxyflavone",,,2,,,0,,,1,-1.0,0.0,3,0,-,0.0
ENSMUSG00000087141-B,L-Threonine,,,0,,,1,1.0,0.0,4,1.0,1.4042654220543672e-24,5,1,+,6.180272427134274e-23
ENSMUSG00000087141-B,"N-[(3,4,5-Trimethoxyphenyl)methylidene]hydroxylamine",,,0,,,0,-1.0,0.0,3,-1.0,0.0,3,1,-,0.0
ENSMUSG00000089940-B,"1,2-Cinnolinedicarboxylic acid, 1,2,3,5,6,7,8,8a-octahydro-4-trimethylsilyloxy-, diethyl ester",,,0,,,2,,,1,-1.0,0.0,3,0,-,0.0
ENSMUSG00000090862-B,"13-Docosenamide, (Z)",,,0,,,0,-1.0,0.0,3,-1.0,0.0,3,1,-,0.0
ENSMUSG00000090862-B,"3,4-Dihydroxybenzaldehyde",-1.0,0.0,3,,,0,,,0,-1.0,0.0,3,1,-,0.0
ENSMUSG00000090862-B,"Propanoic acid, dimethyl(isopropyl)silyl ester",,,1,-1.0,0.0,3,-0.7142857142857143,0.1107871720116617,6,-0.8693049274624923,0.0010869850351278,10,2,-,0.04493430589694693
ENSMUSG00000091387-B,"1,2-Cinnolinedicarboxylic acid, 1,2,3,5,6,7,8,8a-octahydro-4-trimethylsilyloxy-, diethyl ester",,,0,,,2,,,1,1.0,0.0,3,0,+,0.0
ENSMUSG00000091387-B,7-Hydroxy-4-(methoxymethyl)coumarin,,,1,,,0,-1.0,0.0,3,-1.0,0.0,4,1,-,0.0
ENSMUSG00000091387-B,Diacetyl monoxime,-0.8660254037844387,0.3333333333333332,3,-0.5,0.6666666666666667,3,-0.6,0.2079999999999998,6,-0.8521338063968386,0.0004319669029952,12,3,-,0.0184766683290866
ENSMUSG00000091387-B,"N-[(3,4,5-Trimethoxyphenyl)methylidene]hydroxylamine",,,0,,,0,1.0,0.0,3,1.0,0.0,3,1,+,0.0
ENSMUSG00000092094-B,"1,2-Cinnolinedicarboxylic acid, 1,2,3,5,6,7,8,8a-octahydro-4-trimethylsilyloxy-, diethyl ester",,,0,,,2,,,1,1.0,0.0,3,0,+,0.0
ENSMUSG00000092094-B,2-Aminoquinolin-8-ol,,,1,,,1,,,1,1.0,0.0,3,0,+,0.0
ENSMUSG00000092094-B,L-(+)-Threose,,,0,,,0,-1.0,0.0,3,-1.0,0.0,3,1,-,0.0
ENSMUSG00000092094-B,"l-Leucine, n-butoxycarbonyl-N-methyl-, hexadecyl ester",,,2,,,2,,,0,-1.0,0.0,4,0,-,0.0
ENSMUSG00000092094-B,L-Val-L-Leu,,,0,,,0,-1.0,0.0,3,-1.0,0.0,3,1,-,0.0
ENSMUSG00000092417-B,"1,2-Bis(trimethylsiloxy)cyclohexene",,,1,,,2,,,0,1.0,0.0,3,0,+,0.0
ENSMUSG00000092417-B,"1,2-Cinnolinedicarboxylic acid, 1,2,3,5,6,7,8,8a-octahydro-4-trimethylsilyloxy-, diethyl ester",,,0,,,2,,,1,-1.0,0.0,3,0,-,0.0
ENSMUSG00000092417-B,2-Aminoquinolin-8-ol,,,1,,,1,,,1,1.0,0.0,3,0,+,0.0
ENSMUSG00000092417-B,2-Norbornanemethanol,,,0,,,1,,,2,-1.0,0.0,3,0,-,0.0
ENSMUSG00000092417-B,Isosorbide,1.0,0.0,3,,,0,,,0,1.0,0.0,3,1,+,0.0
ENSMUSG00000092417-B,L-Pyroglutamic acid,,,2,,,1,0.8660254037844387,0.3333333333333332,3,0.9856107606091624,0.0003090856678496,6,1,+,0.013285185507187377
ENSMUSG00000092417-B,"N-[(3,4,5-Trimethoxyphenyl)methylidene]hydroxylamine",,,0,,,0,-1.0,0.0,3,-1.0,0.0,3,1,-,0.0
ENSMUSG00000092417-B,Octadecanoic acid,,,2,,,1,,,0,1.0,0.0,3,0,+,0.0
ENSMUSG00000092417-B,Octanoic acid,,,0,,,2,-1.0,0.0,4,-1.0,0.0,6,1,-,0.0
ENSMUSG00000093720-B,2-Aminoquinolin-8-ol,,,1,,,1,,,1,-1.0,0.0,3,0,-,0.0
ENSMUSG00000093720-B,"3-Hydroxy-7,3',4',5'-tetramethoxyflavone",,,2,,,0,,,1,-1.0,0.0,3,0,-,0.0
ENSMUSG00000093720-B,Oleic Acid,1.0,0.0,3,,,0,,,0,1.0,0.0,3,1,+,0.0
ENSMUSG00000094344-B,2-Aminoquinolin-8-ol,,,1,,,1,,,1,-1.0,0.0,3,0,-,0.0
ENSMUSG00000094344-B,"3,4-Dihydroxybenzaldehyde",-1.0,0.0,3,,,0,,,0,-1.0,0.0,3,1,-,0.0
ENSMUSG00000094344-B,"3-Hydroxy-7,3',4',5'-tetramethoxyflavone",,,2,,,0,,,1,1.0,0.0,3,0,+,0.0
ENSMUSG00000094344-B,L-Threonine,,,0,,,1,-1.0,0.0,4,-1.0,1.4042654220543672e-24,5,1,-,6.180272427134274e-23
ENSMUSG00000094344-B,Luciferin,,,1,,,2,,,1,1.0,0.0,4,0,+,0.0
ENSMUSG00000094344-B,"N-[(3,4,5-Trimethoxyphenyl)methylidene]hydroxylamine",,,0,,,0,1.0,0.0,3,1.0,0.0,3,1,+,0.0
ENSMUSG00000094344-B,Tyr-Val,,,2,,,1,,,0,1.0,0.0,3,0,+,0.0
ENSMUSG00000095845-B,"2,4-Dimethoxybenzaldoxime",,,1,,,0,,,2,-1.0,0.0,3,0,-,0.0
ENSMUSG00000095845-B,"3,4-Dihydroxybenzaldehyde",1.0,0.0,3,,,0,,,0,1.0,0.0,3,1,+,0.0
ENSMUSG00000095845-B,cis-2-Decenoic acid,,,1,,,0,,,2,1.0,0.0,3,0,+,0.0
ENSMUSG00000095845-B,L-Ornithine,,,2,,,1,,,1,-1.0,0.0,4,0,-,0.0
ENSMUSG00000095845-B,Octadecanoic acid,,,2,,,1,,,0,1.0,0.0,3,0,+,0.0
ENSMUSG00000096606-B,"1,2-Bis(trimethylsiloxy)cyclohexene",,,1,,,2,,,0,-1.0,0.0,3,0,-,0.0
ENSMUSG00000096606-B,"1,2-Cinnolinedicarboxylic acid, 1,2,3,5,6,7,8,8a-octahydro-4-trimethylsilyloxy-, diethyl ester",,,0,,,2,,,1,1.0,0.0,3,0,+,0.0
ENSMUSG00000096606-B,2-Aminoquinolin-8-ol,,,1,,,1,,,1,-1.0,0.0,3,0,-,0.0
ENSMUSG00000096606-B,"3,4-Dihydroxybenzaldehyde",1.0,0.0,3,,,0,,,0,1.0,0.0,3,1,+,0.0
ENSMUSG00000096606-B,"Benzene, 1-ethyl-3,5-dimethyl",,,1,,,1,,,2,1.0,0.0,4,0,+,0.0
ENSMUSG00000096606-B,"N-[(3,4,5-Trimethoxyphenyl)methylidene]hydroxylamine",,,0,,,0,1.0,0.0,3,1.0,0.0,3,1,+,0.0
ENSMUSG00000096917-B,"1,2-Bis(trimethylsiloxy)cyclohexene",,,1,,,2,,,0,1.0,0.0,3,0,+,0.0
ENSMUSG00000096917-B,"1,2-Cinnolinedicarboxylic acid, 1,2,3,5,6,7,8,8a-octahydro-4-trimethylsilyloxy-, diethyl ester",,,0,,,2,,,1,-1.0,0.0,3,0,-,0.0
ENSMUSG00000096917-B,"13-Docosenamide, (Z)",,,0,,,0,-1.0,0.0,3,-1.0,0.0,3,1,-,0.0
ENSMUSG00000096917-B,"2,4-Dimethoxybenzaldoxime",,,1,,,0,,,2,-1.0,0.0,3,0,-,0.0
ENSMUSG00000096917-B,"3,4-Dihydroxybenzaldehyde",-1.0,0.0,3,,,0,,,0,-1.0,0.0,3,1,-,0.0
ENSMUSG00000096917-B,Glabridin,,,2,,,1,,,1,1.0,0.0,4,0,+,0.0
ENSMUSG00000096971-B,"2,4-Dimethoxybenzaldoxime",,,1,,,0,,,2,-1.0,0.0,3,0,-,0.0
ENSMUSG00000096971-B,Isosorbide,-1.0,0.0,3,,,0,,,0,-1.0,0.0,3,1,-,0.0
ENSMUSG00000096971-B,"N-[(3,4,5-Trimethoxyphenyl)methylidene]hydroxylamine",,,0,,,0,-1.0,0.0,3,-1.0,0.0,3,1,-,0.0
ENSMUSG00000097061-B,2-Aminoquinolin-8-ol,,,1,,,1,,,1,1.0,0.0,3,0,+,0.0
ENSMUSG00000097061-B,"3,3-Dimethylacrylic acid",,,1,,,1,,,2,1.0,0.0,4,0,+,0.0
ENSMUSG00000097061-B,"4,5-Dihydro-1H-pyrazole",,,1,,,2,,,1,1.0,0.0,4,0,+,0.0
ENSMUSG00000097061-B,4-tert-Butyldimethylsiloxy-3-penten-2-one,,,0,,,0,1.0,0.0,4,1.0,0.0,4,1,+,0.0
ENSMUSG00000097061-B,Luciferin,,,1,,,2,,,1,-1.0,0.0,4,0,-,0.0
ENSMUSG00000097061-B,"N-[(3,4,5-Trimethoxyphenyl)methylidene]hydroxylamine",,,0,,,0,1.0,0.0,3,1.0,0.0,3,1,+,0.0
ENSMUSG00000097061-B,Octacosanol,,,1,,,2,-0.7999999999999999,0.2,4,-0.9549937104572924,0.0008055353363017,7,1,-,0.033741033138157205
ENSMUSG00000097061-B,Octadecanoic acid,,,2,,,1,,,0,-1.0,0.0,3,0,-,0.0
ENSMUSG00000097061-B,Sulindac,,,0,,,2,-1.0,0.0,3,-1.0,1.4042654220543672e-24,5,1,-,6.180272427134274e-23
ENSMUSG00000097403-B,"1,2-Bis(trimethylsiloxy)cyclohexene",,,1,,,2,,,0,-1.0,0.0,3,0,-,0.0
ENSMUSG00000097403-B,"1,2-Cinnolinedicarboxylic acid, 1,2,3,5,6,7,8,8a-octahydro-4-trimethylsilyloxy-, diethyl ester",,,0,,,2,,,1,1.0,0.0,3,0,+,0.0
ENSMUSG00000097403-B,"13-Docosenamide, (Z)",,,0,,,0,1.0,0.0,3,1.0,0.0,3,1,+,0.0
ENSMUSG00000097403-B,"2',5'-Dimethoxypropiophenone",1.0,0.0,3,1.0,0.0,3,0.8285714285714287,0.0415626822157433,6,0.8395179239634888,0.0006361247050257,12,3,+,0.026882595130424212
ENSMUSG00000097403-B,3-(4-Methoxyphenyl)coumarin,,,1,,,0,-1.0,0.0,3,-1.0,0.0,4,1,-,0.0
ENSMUSG00000097403-B,"3-Hydroxy-7,3',4',5'-tetramethoxyflavone",,,2,,,0,,,1,1.0,0.0,3,0,+,0.0
ENSMUSG00000097403-B,Aceturic acid,1.0,0.0,3,,,2,0.8857142857142858,0.0188454810495626,6,0.9178082191780824,6.795678247229888e-05,11,2,+,0.0029770047294921404
ENSMUSG00000097403-B,cis-2-Decenoic acid,,,1,,,0,,,2,-1.0,0.0,3,0,-,0.0
ENSMUSG00000097403-B,L-(+)-Threose,,,0,,,0,1.0,0.0,3,1.0,0.0,3,1,+,0.0
ENSMUSG00000097403-B,L-Val-L-Leu,,,0,,,0,1.0,0.0,3,1.0,0.0,3,1,+,0.0
ENSMUSG00000097403-B,Octadecanoic acid,,,2,,,1,,,0,-1.0,0.0,3,0,-,0.0
ENSMUSG00000097595-B,"1,2-Cinnolinedicarboxylic acid, 1,2,3,5,6,7,8,8a-octahydro-4-trimethylsilyloxy-, diethyl ester",,,0,,,2,,,1,1.0,0.0,3,0,+,0.0
ENSMUSG00000097595-B,"3,4-Dihydroxybenzaldehyde",1.0,0.0,3,,,0,,,0,1.0,0.0,3,1,+,0.0
ENSMUSG00000097595-B,L-Val-L-Leu,,,0,,,0,1.0,0.0,3,1.0,0.0,3,1,+,0.0
ENSMUSG00000097666-B,"2,4-Dimethoxybenzaldoxime",,,1,,,0,,,2,-1.0,0.0,3,0,-,0.0
ENSMUSG00000097666-B,7-Hydroxy-4-(methoxymethyl)coumarin,,,1,,,0,1.0,0.0,3,1.0,0.0,4,1,+,0.0
ENSMUSG00000097666-B,Isosorbide,-1.0,0.0,3,,,0,,,0,-1.0,0.0,3,1,-,0.0
ENSMUSG00000097666-B,"l-Leucine, n-butoxycarbonyl-N-methyl-, hexadecyl ester",,,2,,,2,,,0,1.0,0.0,4,0,+,0.0
ENSMUSG00000097666-B,Tyr-Val,,,2,,,1,,,0,1.0,0.0,3,0,+,0.0
ENSMUSG00000097781-B,"1,2-Bis(trimethylsiloxy)cyclohexene",,,1,,,2,,,0,1.0,0.0,3,0,+,0.0
ENSMUSG00000097781-B,"3,4-Dihydroxybenzaldehyde",-1.0,0.0,3,,,0,,,0,-1.0,0.0,3,1,-,0.0
ENSMUSG00000097781-B,6-Nitroveratryl alcohol,,,1,,,1,1.0,0.0,3,1.0,1.4042654220543672e-24,5,1,+,6.180272427134274e-23
ENSMUSG00000097781-B,cis-2-Decenoic acid,,,1,,,0,,,2,-1.0,0.0,3,0,-,0.0
ENSMUSG00000097781-B,Diclofenac,,,1,,,2,,,1,1.0,0.0,4,0,+,0.0
ENSMUSG00000097781-B,L-(+)-Threose,,,0,,,0,1.0,0.0,3,1.0,0.0,3,1,+,0.0
ENSMUSG00000098132-B,"1,2-Bis(trimethylsiloxy)cyclohexene",,,1,,,2,,,0,-1.0,0.0,3,0,-,0.0
ENSMUSG00000098132-B,"1,2-Cinnolinedicarboxylic acid, 1,2,3,5,6,7,8,8a-octahydro-4-trimethylsilyloxy-, diethyl ester",,,0,,,2,,,1,1.0,0.0,3,0,+,0.0
ENSMUSG00000098132-B,"13-Docosenamide, (Z)",,,0,,,0,-1.0,0.0,3,-1.0,0.0,3,1,-,0.0
ENSMUSG00000098132-B,2-Norbornanemethanol,,,0,,,1,,,2,1.0,0.0,3,0,+,0.0
ENSMUSG00000098132-B,"3-Hydroxy-7,3',4',5'-tetramethoxyflavone",,,2,,,0,,,1,1.0,0.0,3,0,+,0.0
ENSMUSG00000098132-B,7-Hydroxy-4-(methoxymethyl)coumarin,,,1,,,0,1.0,0.0,3,1.0,0.0,4,1,+,0.0
ENSMUSG00000098132-B,Diclofenac,,,1,,,2,,,1,-1.0,0.0,4,0,-,0.0
ENSMUSG00000098132-B,L-Val-L-Leu,,,0,,,0,1.0,0.0,3,1.0,0.0,3,1,+,0.0
ENSMUSG00000098132-B,Octadecanoic acid,,,2,,,1,,,0,-1.0,0.0,3,0,-,0.0
ENSMUSG00000098447-B,Isonicotinic Acid,-1.0,0.0,3,-1.0,0.0,3,-0.8316554899054915,0.0401243800094587,6,-0.8330322249151202,0.0007666004847533,12,3,-,0.03227474469974348
ENSMUSG00000098447-B,L-Val-L-Leu,,,0,,,0,-1.0,0.0,3,-1.0,0.0,3,1,-,0.0
ENSMUSG00000098789-B,"1,2-Bis(trimethylsiloxy)cyclohexene",,,1,,,2,,,0,-1.0,0.0,3,0,-,0.0
ENSMUSG00000098789-B,"13-Docosenamide, (Z)",,,0,,,0,-1.0,0.0,3,-1.0,0.0,3,1,-,0.0
ENSMUSG00000098789-B,Benzeneacetic acid,,,2,,,0,1.0,0.0,3,1.0,1.4042654220543672e-24,5,1,+,6.180272427134274e-23
ENSMUSG00000098789-B,L-Val-L-Leu,,,0,,,0,1.0,0.0,3,1.0,0.0,3,1,+,0.0
ENSMUSG00000098789-B,Octadecanoic acid,,,2,,,1,,,0,-1.0,0.0,3,0,-,0.0
ENSMUSG00000099098-B,Chlorobenzilate,,,0,,,2,,,2,-1.0,0.0,4,0,-,0.0
ENSMUSG00000099098-B,L-Val-L-Leu,,,0,,,0,1.0,0.0,3,1.0,0.0,3,1,+,0.0
ENSMUSG00000099098-B,"N-[(3,4,5-Trimethoxyphenyl)methylidene]hydroxylamine",,,0,,,0,1.0,0.0,3,1.0,0.0,3,1,+,0.0
ENSMUSG00000100680-B,"1,2-Bis(trimethylsiloxy)cyclohexene",,,1,,,2,,,0,1.0,0.0,3,0,+,0.0
ENSMUSG00000100680-B,Isosorbide,1.0,0.0,3,,,0,,,0,1.0,0.0,3,1,+,0.0
ENSMUSG00000100680-B,"N-[(3,4,5-Trimethoxyphenyl)methylidene]hydroxylamine",,,0,,,0,1.0,0.0,3,1.0,0.0,3,1,+,0.0
ENSMUSG00000100680-B,Octadecanoic acid,,,2,,,1,,,0,1.0,0.0,3,0,+,0.0
ENSMUSG00000101225-B,"1-(2,4-Dimethoxyphenyl)-propan-2-one",-1.0,0.0,3,-0.5,0.6666666666666667,3,-0.4472135954999578,0.4501848557521009,5,-0.8440722199302099,0.0010856317244884,11,3,-,0.044923571997550545
ENSMUSG00000101225-B,"13-Docosenamide, (Z)",,,0,,,0,-1.0,0.0,3,-1.0,0.0,3,1,-,0.0
ENSMUSG00000101225-B,2-Norbornanemethanol,,,0,,,1,,,2,1.0,0.0,3,0,+,0.0
ENSMUSG00000101225-B,Isosorbide,1.0,0.0,3,,,0,,,0,1.0,0.0,3,1,+,0.0
ENSMUSG00000101225-B,L-Val-L-Leu,,,0,,,0,-1.0,0.0,3,-1.0,0.0,3,1,-,0.0
ENSMUSG00000101225-B,Octadecanoic acid,,,2,,,1,,,0,1.0,0.0,3,0,+,0.0
ENSMUSG00000102692-B,"1,2-Bis(trimethylsiloxy)cyclohexene",,,1,,,2,,,0,1.0,0.0,3,0,+,0.0
ENSMUSG00000102692-B,"1-Pentene, 1,3-diphenyl-1-(trimethylsilyloxy)-",,,1,,,1,,,2,-1.0,0.0,4,0,-,0.0
ENSMUSG00000102692-B,"2,4-Dimethoxybenzaldoxime",,,1,,,0,,,2,-1.0,0.0,3,0,-,0.0
ENSMUSG00000102692-B,2-Aminoquinolin-8-ol,,,1,,,1,,,1,1.0,0.0,3,0,+,0.0
ENSMUSG00000102692-B,3-(4-Methoxyphenyl)coumarin,,,1,,,0,1.0,0.0,3,1.0,0.0,4,1,+,0.0
ENSMUSG00000102692-B,"3,3-Dimethylacrylic acid",,,1,,,1,,,2,-1.0,0.0,4,0,-,0.0
ENSMUSG00000102692-B,cis-2-Decenoic acid,,,1,,,0,,,2,-1.0,0.0,3,0,-,0.0
ENSMUSG00000102692-B,L-(+)-Threose,,,0,,,0,-1.0,0.0,3,-1.0,0.0,3,1,-,0.0
ENSMUSG00000103123-B,"1,2-Bis(trimethylsiloxy)cyclohexene",,,1,,,2,,,0,1.0,0.0,3,0,+,0.0
ENSMUSG00000103123-B,"2,4-Dimethoxybenzaldoxime",,,1,,,0,,,2,1.0,0.0,3,0,+,0.0
ENSMUSG00000103123-B,2-Norbornanemethanol,,,0,,,1,,,2,-1.0,0.0,3,0,-,0.0
ENSMUSG00000103123-B,4-tert-Butyldimethylsiloxy-3-penten-2-one,,,0,,,0,-1.0,0.0,4,-1.0,0.0,4,1,-,0.0
ENSMUSG00000103123-B,"Benzene, 1-ethyl-3,5-dimethyl",,,1,,,1,,,2,-1.0,0.0,4,0,-,0.0
ENSMUSG00000103123-B,cis-2-Decenoic acid,,,1,,,0,,,2,1.0,0.0,3,0,+,0.0
ENSMUSG00000103123-B,Isosorbide,-1.0,0.0,3,,,0,,,0,-1.0,0.0,3,1,-,0.0
ENSMUSG00000103123-B,"N-[(3,4,5-Trimethoxyphenyl)methylidene]hydroxylamine",,,0,,,0,-1.0,0.0,3,-1.0,0.0,3,1,-,0.0
ENSMUSG00000103123-B,tert-butyl(dimethyl)silyl-2-([tert-butyl(dimethyl)silyl]oxy)hex-2-enoate,,,0,,,0,1.0,0.0,4,1.0,0.0,4,1,+,0.0
ENSMUSG00000103123-B,Tyr-Val,,,2,,,1,,,0,1.0,0.0,3,0,+,0.0
ENSMUSG00000103486-B,"1,2-Cinnolinedicarboxylic acid, 1,2,3,5,6,7,8,8a-octahydro-4-trimethylsilyloxy-, diethyl ester",,,0,,,2,,,1,-1.0,0.0,3,0,-,0.0
ENSMUSG00000103486-B,2-Norbornanemethanol,,,0,,,1,,,2,-1.0,0.0,3,0,-,0.0
ENSMUSG00000103486-B,Diclofenac,,,1,,,2,,,1,1.0,0.0,4,0,+,0.0
ENSMUSG00000103486-B,Isosorbide,1.0,0.0,3,,,0,,,0,1.0,0.0,3,1,+,0.0
ENSMUSG00000103486-B,Octadecanoic acid,,,2,,,1,,,0,1.0,0.0,3,0,+,0.0
ENSMUSG00000103755-B,"13-Docosenamide, (Z)",,,0,,,0,-1.0,0.0,3,-1.0,0.0,3,1,-,0.0
ENSMUSG00000103755-B,2-Aminoquinolin-8-ol,,,1,,,1,,,1,1.0,0.0,3,0,+,0.0
ENSMUSG00000103755-B,2-Norbornanemethanol,,,0,,,1,,,2,-1.0,0.0,3,0,-,0.0
ENSMUSG00000103755-B,3-(4-Methoxyphenyl)coumarin,,,1,,,0,1.0,0.0,3,1.0,0.0,4,1,+,0.0
ENSMUSG00000104399-B,"13-Docosenamide, (Z)",,,0,,,0,1.0,0.0,3,1.0,0.0,3,1,+,0.0
ENSMUSG00000104399-B,"3,4-Dihydroxybenzaldehyde",-1.0,0.0,3,,,0,,,0,-1.0,0.0,3,1,-,0.0
ENSMUSG00000104399-B,"3-Hydroxy-7,3',4',5'-tetramethoxyflavone",,,2,,,0,,,1,1.0,0.0,3,0,+,0.0
ENSMUSG00000104399-B,cis-2-Decenoic acid,,,1,,,0,,,2,-1.0,0.0,3,0,-,0.0
ENSMUSG00000104399-B,Glabridin,,,2,,,1,,,1,1.0,0.0,4,0,+,0.0
ENSMUSG00000104399-B,Tyr-Val,,,2,,,1,,,0,1.0,0.0,3,0,+,0.0
ENSMUSG00000104411-B,"1,2-Cinnolinedicarboxylic acid, 1,2,3,5,6,7,8,8a-octahydro-4-trimethylsilyloxy-, diethyl ester",,,0,,,2,,,1,-1.0,0.0,3,0,-,0.0
ENSMUSG00000104411-B,L-Val-L-Leu,,,0,,,0,1.0,0.0,3,1.0,0.0,3,1,+,0.0
ENSMUSG00000105139-B,2-Aminoquinolin-8-ol,,,1,,,1,,,1,1.0,0.0,3,0,+,0.0
ENSMUSG00000105139-B,2-Norbornanemethanol,,,0,,,1,,,2,-1.0,0.0,3,0,-,0.0
ENSMUSG00000105139-B,"3,4-Dihydroxybenzaldehyde",-1.0,0.0,3,,,0,,,0,-1.0,0.0,3,1,-,0.0
ENSMUSG00000105139-B,"4,5-Dihydro-1H-pyrazole",,,1,,,2,,,1,-1.0,0.0,4,0,-,0.0
ENSMUSG00000105139-B,L-Val-L-Leu,,,0,,,0,1.0,0.0,3,1.0,0.0,3,1,+,0.0
ENSMUSG00000105139-B,tert-butyl(dimethyl)silyl-2-([tert-butyl(dimethyl)silyl]oxy)hex-2-enoate,,,0,,,0,1.0,0.0,4,1.0,0.0,4,1,+,0.0
ENSMUSG00000105139-B,Tyr-Val,,,2,,,1,,,0,1.0,0.0,3,0,+,0.0
ENSMUSG00000105471-B,"1,2-Cinnolinedicarboxylic acid, 1,2,3,5,6,7,8,8a-octahydro-4-trimethylsilyloxy-, diethyl ester",,,0,,,2,,,1,-1.0,0.0,3,0,-,0.0
ENSMUSG00000105471-B,2-Norbornanemethanol,,,0,,,1,,,2,-1.0,0.0,3,0,-,0.0
ENSMUSG00000105471-B,"3-Hydroxy-7,3',4',5'-tetramethoxyflavone",,,2,,,0,,,1,-1.0,0.0,3,0,-,0.0
ENSMUSG00000105471-B,cis-2-Decenoic acid,,,1,,,0,,,2,1.0,0.0,3,0,+,0.0
ENSMUSG00000105471-B,Diclofenac,,,1,,,2,,,1,1.0,0.0,4,0,+,0.0
ENSMUSG00000105471-B,Isosorbide,-1.0,0.0,3,,,0,,,0,-1.0,0.0,3,1,-,0.0
ENSMUSG00000105471-B,"N-[(3,4,5-Trimethoxyphenyl)methylidene]hydroxylamine",,,0,,,0,-1.0,0.0,3,-1.0,0.0,3,1,-,0.0
ENSMUSG00000105867-B,"1,2-Bis(trimethylsiloxy)cyclohexene",,,1,,,2,,,0,-1.0,0.0,3,0,-,0.0
ENSMUSG00000105867-B,3-(4-Methoxyphenyl)coumarin,,,1,,,0,1.0,0.0,3,1.0,0.0,4,1,+,0.0
ENSMUSG00000105867-B,"3-Hydroxy-7,3',4',5'-tetramethoxyflavone",,,2,,,0,,,1,-1.0,0.0,3,0,-,0.0
ENSMUSG00000105867-B,7-Hydroxy-4-(methoxymethyl)coumarin,,,1,,,0,-1.0,0.0,3,-1.0,0.0,4,1,-,0.0
ENSMUSG00000105867-B,cis-2-Decenoic acid,,,1,,,0,,,2,-1.0,0.0,3,0,-,0.0
ENSMUSG00000105867-B,Isosorbide,-1.0,0.0,3,,,0,,,0,-1.0,0.0,3,1,-,0.0
ENSMUSG00000105867-B,L-(+)-Threose,,,0,,,0,-1.0,0.0,3,-1.0,0.0,3,1,-,0.0
ENSMUSG00000105867-B,"N-[(3,4,5-Trimethoxyphenyl)methylidene]hydroxylamine",,,0,,,0,-1.0,0.0,3,-1.0,0.0,3,1,-,0.0
ENSMUSG00000105867-B,Octadecanoic acid,,,2,,,1,,,0,-1.0,0.0,3,0,-,0.0
