896,T0.7,T0.8
6.50496586674294,5.910311749663849,6.885563890964352
4.232267354256176,3.5312132431986103,4.737738392123119
7.675039560506247,7.911320963527596,7.865703314104701
6.303022613945795,6.948476592165153,6.326896664973563
4.47147194203123,5.324676047276037,4.961030935308618
9.880247139238056,10.251128278311183,9.69995942305578
10.7248211386656,10.527861009187651,10.298482809513397
7.384442664679167,7.554069914600203,7.965747383223005
5.547148967576114,5.749688705337369,5.710445808937475
8.61025890516807,8.711569294317053,8.46236903904721
5.974033007845808,6.206954718790918,5.989310299083667
5.258688447768312,5.120836548556326,6.244311273730956
6.596240018032795,6.054829852279387,6.965074548233909
4.356821614027285,2.875129551690155,4.320598421947695
2.793193551827114,1.0399210909765384,2.7187049314574803
5.2902722705515055,6.186180275763554,5.581822928035971
4.938197499381258,2.385282137693864,4.320598421947695
6.012414969129594,6.677889559275795,6.087331193886346
7.675039560506247,8.117394690981925,7.357712407761936
7.221979697164291,7.227974387724399,7.524474121970149
6.303022613945795,5.910311749663849,7.146563278657072
5.59851402558366,4.244427258259998,5.2420913129651465
6.206999609854352,5.163973699473649,5.512938895848565
5.648113003991458,6.553639072446206,5.937683736208367
6.012414969129594,6.537327466754477,6.772237174073755
5.914474767210485,7.521270076509977,5.963727936145781
5.089482198528558,6.7784696542164165,4.611634412683991
2.6050793803100993,1.0399210909765384,3.604739428120841
3.4813634719760502,1.0399210909765384,3.312157763979618
3.8637402043734568,3.3930092982402096,4.544192630379789
0.8854767201948464,0.0,0.0
7.309355775937218,7.345055888559737,7.327943704132036
5.351438341732733,4.660532175221,6.179113860938536
6.633656368408126,6.750440818180258,6.9779104999035555
9.854067486572312,9.49650763815482,10.009088636847252
3.4813634719760502,2.875129551690155,4.676063785822748
8.06567523409639,8.373143799393395,7.83781021354696
6.50496586674294,5.984379634000111,6.514779113629807
7.213767618436221,6.008247338509236,7.576036470106395
3.4813634719760502,3.3930092982402096,3.955621760874324
3.8637402043734568,2.385282137693864,3.955621760874324
6.682081577245242,7.326190309514525,6.772237174073755
7.60769180286535,7.892207656746451,8.180853411234436
4.095934905275212,2.0594748867359756,4.676063785822748
6.223453861513056,5.749688705337369,6.460938018360121
5.438583893485182,5.286147301772223,6.222904514295072
8.257647063063077,8.606036449605913,8.053249793231727
0.8854767201948464,2.650896865013016,1.081723604305354
6.544792471407003,6.054829852279387,7.028141865289104
5.351438341732733,5.398777628998076,5.403023629280852
6.255809852766065,6.121999400805971,6.265405037504199
8.350461822204359,7.496171364231849,8.387381553387211
5.2263976789316775,3.98053834928957,5.28403843562497
7.001196988871381,6.537327466754477,7.028141865289104
6.774312607034409,6.859429873557361,6.8580558033850805
3.243935543900742,1.0399210909765384,2.9447421864177903
5.914474767210485,7.00887607356001,5.710445808937475
2.6050793803100993,2.650896865013016,2.9447421864177903
8.316352186088942,7.00887607356001,8.563762100898128
6.318422987212532,6.64781567907787,5.963727936145781
6.807433753389598,5.984379634000111,7.112046187181966
4.938197499381258,4.7762556076837335,4.961030935308618
6.436043062252849,6.792282477052913,6.665203621282266
6.104126886993057,5.691911793200492,6.633105176688304
5.873357915525383,6.83294475092466,6.306689277968143
4.525552067463755,4.161713826150124,3.604739428120841
0.8854767201948464,0.0,1.692929958963774
8.46905305804687,7.853204188884733,8.634375290549876
3.4813634719760502,3.3930092982402096,2.7187049314574803
4.232267354256176,4.598992446943178,4.3990438140965855
1.4301513955146576,2.0594748867359756,3.312157763979618
2.388706117066035,0.0,1.692929958963774
2.6050793803100993,3.0691532897951093,1.692929958963774
6.818307288350684,7.197156685572663,6.844102538328743
2.6050793803100993,2.385282137693864,0.0
4.97753173822037,4.244427258259998,5.154350736278495
4.525552067463755,4.983100341839197,3.465852944286889
7.784439300950434,8.009190338362819,7.650081115695045
5.089482198528558,4.983100341839197,5.710445808937475
7.020157623848049,5.858732499493456,7.213214569786543
8.361654812646252,8.898776557650264,8.32344704133511
3.243935543900742,2.875129551690155,4.05587983054342
4.47147194203123,4.598992446943178,3.731421765117163
3.4813634719760502,3.3930092982402096,4.737738392123119
6.2397225630926485,6.287184304709906,6.110830057186796
5.1249483640572695,4.830812807127612,4.320598421947695
6.583549105971545,6.41767052452145,6.460938018360121
6.95267567087344,6.923590523943039,6.326896664973563
7.620173015087347,7.65579463132848,7.972176642059861
5.59851402558366,5.163973699473649,6.0144469193789805
3.4813634719760502,1.6379488583154955,2.7187049314574803
8.575430929072274,8.816679924382559,8.74363521721269
5.7874324012127625,4.883381819626282,6.179113860938536
3.945361835709526,3.6573275499737368,4.05587983054342
6.255809852766065,6.692694629514694,6.772237174073755
4.676598809853049,4.830812807127612,4.544192630379789
15.245586319936548,15.320189826101409,15.43522195005025
4.232267354256176,5.503248162004732,2.7187049314574803
7.517162421912737,6.41767052452145,7.919921994152587
6.717362770268372,7.155014863443871,6.772237174073755
5.159563533607588,2.0594748867359756,5.710445808937475
5.0531221375566435,4.934102472483744,5.28403843562497
5.410116281520104,5.568915830032614,5.547791996674059
6.19035552671513,6.677889559275795,6.306689277968143
7.727895721460851,7.326190309514525,8.439351395861369
3.777222373109846,6.64781567907787,3.847872573248563
4.356821614027285,2.875129551690155,5.108394717432779
5.351438341732733,6.537327466754477,5.937683736208367
7.462760868396268,7.217774790613513,7.750741447643128
7.377107412978692,7.354396965620693,7.3772223455198205
11.04252731735299,10.853510502922378,11.451326562356185
6.682081577245242,6.41767052452145,6.4791092270504125
5.719453788745271,2.875129551690155,5.198887938145035
3.945361835709526,4.161713826150124,2.9447421864177903
2.1340565645548835,2.650896865013016,2.4505522388752183
6.95267567087344,7.42702499518885,7.357712407761936
6.4640085324019,6.38157729528082,6.78689949007841
6.421854381723968,6.1437118208118715,6.616784111607793
2.793193551827114,1.6379488583154955,2.9447421864177903
7.309355775937218,6.487256021142228,7.266497651823866
7.048139377019517,6.805964304712917,7.276922125306673
8.603988763263152,9.103759620334433,8.434703468300631
2.9595846507288517,4.39685741355359,3.731421765117163
6.477790576975894,5.536455591121388,6.405009427414273
6.012414969129594,6.1437118208118715,5.963727936145781
6.2397225630926485,4.53471025753819,6.2861948267091625
3.8637402043734568,2.650896865013016,4.05587983054342
5.873357915525383,5.324676047276037,6.5322886973528735
7.8861247838855295,7.238102381426646,7.879450204653945
7.246339136287318,7.892207656746451,7.255997305716442
0.0,0.0,1.081723604305354
7.270294094243686,7.911320963527596,6.696603425132438
3.108754376311148,2.650896865013016,2.9447421864177903
1.4301513955146576,0.0,1.692929958963774
7.384442664679167,6.936087217065171,7.015747033792463
3.8637402043734568,2.385282137693864,3.1401148593054975
9.030620176651588,8.550226464224027,8.728524195139206
7.171991069646698,7.5781895106633375,7.213214569786543
6.363661642594106,4.71955390134089,5.828534167019237
3.945361835709526,5.246561304449785,3.955621760874324
5.193367590653768,1.6379488583154955,4.320598421947695
8.441186150021288,7.529540210684472,8.773390567101867
5.934601945273793,4.830812807127612,5.403023629280852
7.020157623848049,6.363186317493559,7.743242844510597
4.356821614027285,0.0,3.604739428120841
1.824615078778005,2.650896865013016,0.0
6.751801715856779,5.398777628998076,7.287271814773184
2.1340565645548835,3.98053834928957,3.465852944286889
7.530448216847237,7.372899611410542,7.673941582272116
2.793193551827114,3.3930092982402096,2.4505522388752183
9.651610473144084,9.333670302335008,9.848880606236996
2.6050793803100993,2.0594748867359756,3.1401148593054975
1.824615078778005,2.0594748867359756,1.081723604305354
7.362324066183204,7.25814753122562,7.758201277212933
3.5868697456056577,0.0,3.604739428120841
8.63507046616257,9.000450072866588,8.92690383089087
6.1735171807784806,5.600661764733968,6.244311273730956
3.5868697456056577,0.0,2.9447421864177903
4.095934905275212,2.875129551690155,4.796884171909007
7.462760868396268,7.570194366375847,7.3772223455198205
6.477790576975894,6.736219514220266,6.442535014809602
9.697975475223368,10.214408343376457,9.57880527546278
6.012414969129594,6.487256021142228,5.615069586916494
5.438583893485182,5.805240594843878,5.710445808937475
7.084623657652109,7.248159770059032,7.524474121970149
6.763101066694691,7.165666284420922,7.064699951249005
8.097267029611665,7.853204188884733,8.32344704133511
7.462760868396268,8.06715005880161,7.088567286063514
5.381075613001941,4.660532175221,5.154350736278495
8.644265882828925,8.436085476858004,8.678290796389375
5.7874324012127625,4.71955390134089,6.497054407462844
6.1735171807784806,5.362202548592466,6.566682951147342
7.800979084746329,8.349982127473247,7.650081115695045
7.377107412978692,7.892207656746451,7.180273794158769
4.938197499381258,4.39685741355359,4.853700360322351
8.948870124543575,8.06715005880161,9.607998147308514
6.9722804556705,6.846248088414331,6.885563890964352
0.8854767201948464,0.0,1.692929958963774
1.4301513955146576,2.650896865013016,2.7187049314574803
2.6050793803100993,2.0594748867359756,3.465852944286889
5.873357915525383,6.537327466754477,5.364442063119361
4.232267354256176,4.322654555413567,4.320598421947695
7.230145295717194,7.1867360718698405,6.772237174073755
7.762087093083632,8.655995342222239,6.9258669050513735
4.97753173822037,5.536455591121388,5.108394717432779
1.4301513955146576,2.875129551690155,1.692929958963774
8.101724196181522,8.12287092530872,8.229967349130169
5.993351625606638,7.066848170512441,6.087331193886346
4.676598809853049,5.030488625837066,4.796884171909007
7.462760868396268,7.111604923014984,8.313354539753583
4.295888232083969,2.0594748867359756,2.1209125051964186
5.193367590653768,5.749688705337369,5.154350736278495
3.777222373109846,0.0,3.847872573248563
6.728934004170036,6.7218566275685205,6.2861948267091625
1.824615078778005,0.0,0.0
6.50496586674294,6.186180275763554,6.087331193886346
7.931899386787792,7.839965134900905,7.991294276652352
4.415285379732288,3.7732982502252463,4.149621034948442
5.258688447768312,4.467429729259378,5.011843170389213
9.751431855104965,9.4405944683737,9.902040625339316
4.723626755540068,4.53471025753819,4.611634412683991
4.415285379732288,2.385282137693864,4.961030935308618
5.2263976789316775,6.470171764954493,4.611634412683991
15.084203892791518,13.630469075059452,16.106448413139056
1.824615078778005,0.0,2.4505522388752183
11.310462475989878,9.808297648648637,11.83365257144616
6.796477642262216,7.326190309514525,6.366481645303116
6.271719731796064,6.792282477052913,7.157887864343914
10.05590002825956,9.021125890093392,10.746744633480626
8.24561384234161,8.187013889648744,8.430040518110095
8.132544648495301,7.176239641921969,8.638423309004189
4.769169988050185,4.7762556076837335,4.853700360322351
1.4301513955146576,3.0691532897951093,3.604739428120841
8.427048209116759,7.409207875173776,8.92026914630979
7.111393859440958,7.032345185026882,6.78689949007841
4.232267354256176,4.39685741355359,3.1401148593054975
6.785437691159334,6.64781567907787,7.064699951249005
5.873357915525383,5.858732499493456,5.011843170389213
5.0531221375566435,5.469258332001234,5.108394717432779
7.946840432377151,8.35464430522652,7.515698343040293
5.466500628076533,5.910311749663849,5.884140942768414
6.785437691159334,6.764523303536903,6.442535014809602
1.4301513955146576,2.385282137693864,2.4505522388752183
8.253647130977555,8.06715005880161,8.118461929616256
8.434134497900995,8.026824048945274,8.739872274083622
5.765126878455747,6.399736779148259,5.79990582984467
7.483402591881731,7.400216115201566,7.567569707252672
10.623849312004152,11.131978249415376,10.841090077063155
7.656981568387294,6.692694629514694,7.933164162736947
3.243935543900742,0.0,1.692929958963774
6.8290994825921985,7.372899611410542,6.939054867060317
6.942772461333092,6.054829852279387,6.757424311519615
6.287456070508915,6.306563451248366,6.244311273730956
4.47147194203123,5.076369719801864,4.544192630379789
4.97753173822037,2.650896865013016,4.796884171909007
4.232267354256176,4.073968251671055,4.611634412683991
7.926884453819581,7.799503043603518,8.04106971409385
11.62842069766452,11.080841598429773,11.87197693914291
3.5868697456056577,5.568915830032614,3.731421765117163
7.911734204753791,7.479192978902532,8.480522345375165
2.388706117066035,4.161713826150124,0.0
2.1340565645548835,3.8806363051174015,4.149621034948442
7.171991069646698,6.344557867405224,7.112046187181966
6.621291760519557,6.363186317493559,6.830013002914476
7.093602364796387,6.805964304712917,6.712050713245607
3.108754376311148,0.0,2.1209125051964186
4.295888232083969,2.385282137693864,2.9447421864177903
6.104126886993057,5.805240594843878,6.4791092270504125
0.8854767201948464,3.6573275499737368,2.9447421864177903
6.932800802247252,7.207502570429943,5.8566054495317035
7.093602364796387,6.344557867405224,6.9906332538990155
6.645915905382006,6.7784696542164165,6.633105176688304
4.813319392743866,4.883381819626282,5.154350736278495
9.72711651876228,9.133905536058966,9.946797158904245
2.388706117066035,0.0,3.1401148593054975
7.576008029668603,7.207502570429943,8.07132924693868
0.8854767201948464,1.6379488583154955,2.9447421864177903
2.388706117066035,2.0594748867359756,3.1401148593054975
10.000885850229308,9.617822972916798,9.473978089478951
4.577678006180544,3.0691532897951093,4.320598421947695
2.6050793803100993,2.875129551690155,2.4505522388752183
8.401968451684473,8.345304834682622,8.313354539753583
7.966524133233022,8.606036449605913,9.062632368768869
3.685183232254651,4.39685741355359,2.9447421864177903
6.271719731796064,5.398777628998076,6.696603425132438
7.213767618436221,7.122580475635362,7.666031859600305
5.466500628076533,6.267541297475601,4.961030935308618
3.3675282693871327,0.0,2.7187049314574803
4.165710931605763,2.650896865013016,2.7187049314574803
5.1249483640572695,5.503248162004732,5.198887938145035
7.663026048257712,7.678284853451743,7.337935011026634
6.785437691159334,6.692694629514694,6.442535014809602
5.258688447768312,4.53471025753819,5.740886364650992
4.356821614027285,4.39685741355359,4.961030935308618
2.9595846507288517,2.0594748867359756,2.1209125051964186
3.685183232254651,3.5312132431986103,4.676063785822748
7.756444507701798,8.095279487053762,7.452726115035429
6.9722804556705,6.206954718790918,7.3772223455198205
2.793193551827114,4.660532175221,2.7187049314574803
6.086244989960619,5.88475262004847,5.884140942768414
1.4301513955146576,2.385282137693864,1.081723604305354
2.388706117066035,1.0399210909765384,1.081723604305354
4.47147194203123,0.0,3.312157763979618
7.27819149808844,7.345055888559737,7.592822371218427
6.333660700546816,7.238102381426646,6.442535014809602
2.388706117066035,2.385282137693864,2.1209125051964186
5.0531221375566435,5.721089460469773,5.440600237020426
10.191713243653446,10.089920172024,10.379317060191518
6.318422987212532,4.244427258259998,6.8580558033850805
4.723626755540068,5.662131822406488,3.847872573248563
3.685183232254651,4.073968251671055,3.847872573248563
6.658072142130344,6.553639072446206,7.266497651823866
4.938197499381258,5.398777628998076,5.364442063119361
7.362324066183204,6.7218566275685205,6.616784111607793
0.8854767201948464,0.0,1.692929958963774
1.4301513955146576,0.0,2.7187049314574803
4.769169988050185,4.598992446943178,4.320598421947695
5.894062815348182,5.246561304449785,5.679349094352874
5.809398302286746,5.777732016175443,5.79990582984467
5.8523515365022565,5.960110414283344,5.198887938145035
0.0,0.0,1.081723604305354
7.171991069646698,7.462012401241368,7.601142645753969
3.243935543900742,1.6379488583154955,1.081723604305354
4.577678006180544,5.503248162004732,4.320598421947695
2.793193551827114,2.875129551690155,3.312157763979618
5.5207639599744525,6.344557867405224,5.615069586916494
7.523820612955406,7.326190309514525,7.367500356130664
3.4813634719760502,0.0,4.611634412683991
4.856157757026546,4.983100341839197,4.90836353686475
3.685183232254651,0.0,3.731421765117163
8.707043227939746,7.217774790613513,9.059616673076574
9.12121742412723,10.241091634694614,7.984949838448096
5.547148967576114,4.660532175221,5.937683736208367
3.108754376311148,1.0399210909765384,3.312157763979618
6.95267567087344,6.805964304712917,6.497054407462844
5.193367590653768,5.076369719801864,5.011843170389213
6.932800802247252,7.043938106933951,6.6492436667156465
9.789227281018343,9.078617471492128,9.883400799023612
3.5868697456056577,2.875129551690155,2.9447421864177903
1.4301513955146576,5.030488625837066,2.4505522388752183
8.709965556569177,8.418380589395063,9.092447609335595
4.47147194203123,4.934102472483744,4.611634412683991
6.740413168164881,5.600661764733968,6.9125572762258924
6.086244989960619,6.247627144948942,6.326896664973563
6.4640085324019,7.86632285709099,6.665203621282266
2.388706117066035,2.385282137693864,0.0
2.1340565645548835,0.0,2.4505522388752183
0.8854767201948464,0.0,1.081723604305354
5.914474767210485,6.121999400805971,5.79990582984467
6.363661642594106,5.120836548556326,7.224029782129626
2.793193551827114,4.983100341839197,2.9447421864177903
6.491442206748411,6.4353840748207505,5.963727936145781
3.3675282693871327,4.830812807127612,3.465852944286889
4.415285379732288,5.362202548592466,4.611634412683991
6.583549105971545,6.910984637342377,6.87187540879711
0.8854767201948464,2.650896865013016,1.692929958963774
0.8854767201948464,2.385282137693864,1.692929958963774
5.4938874012688155,3.7732982502252463,5.79990582984467
7.576008029668603,7.287702526790173,7.515698343040293
4.577678006180544,3.0691532897951093,4.149621034948442
7.001196988871381,7.335653936075349,7.266497651823866
6.531638719393959,6.206954718790918,6.15670978496556
6.436043062252849,6.206954718790918,6.385874145129482
7.530448216847237,7.400216115201566,7.712852496388981
2.6050793803100993,0.0,0.0
8.383783595836977,8.263379094833114,8.682217615084678
0.0,0.0,0.0
5.466500628076533,4.983100341839197,5.154350736278495
3.945361835709526,3.5312132431986103,4.796884171909007
2.6050793803100993,0.0,1.081723604305354
5.5730600817772,4.934102472483744,5.28403843562497
3.108754376311148,2.385282137693864,2.9447421864177903
3.3675282693871327,0.0,1.692929958963774
3.8637402043734568,0.0,2.4505522388752183
2.793193551827114,0.0,3.731421765117163
3.945361835709526,4.467429729259378,4.737738392123119
8.46905305804687,8.885951002899963,8.191913023405792
7.093602364796387,7.155014863443871,6.063443230614204
7.582400694794115,7.277917981306087,7.735705062645891
5.258688447768312,5.362202548592466,5.8566054495317035
1.824615078778005,4.660532175221,1.692929958963774
5.5730600817772,3.2401496723740513,5.28403843562497
2.388706117066035,1.6379488583154955,2.1209125051964186
7.838850094285733,7.155014863443871,8.589080918331511
7.406227267312388,6.792282477052913,7.180273794158769
4.897760704709805,4.53471025753819,4.90836353686475
5.438583893485182,5.324676047276037,4.961030935308618
7.075588720803555,6.923590523943039,6.899123714766216
6.421854381723968,6.948476592165153,6.78689949007841
7.936896947783524,7.133473159875435,8.095088057140165
5.0531221375566435,3.8806363051174015,4.05587983054342
4.676598809853049,5.805240594843878,4.473442871464264
2.6050793803100993,1.0399210909765384,2.4505522388752183
2.6050793803100993,4.39685741355359,2.4505522388752183
6.922759740799744,7.444624757409113,6.4791092270504125
6.705697977596473,6.846248088414331,6.801414288850573
7.163488604784141,6.121999400805971,7.064699951249005
6.318422987212532,6.6171015193368765,6.133952293360991
4.676598809853049,3.3930092982402096,4.237641117119119
7.523820612955406,6.936087217065171,7.965747383223005
4.232267354256176,4.244427258259998,2.7187049314574803
6.633656368408126,7.100545231464982,6.844102538328743
7.441819516040014,7.391167961404012,7.939739944126996
11.672906316662315,11.96444331254492,11.594159928490413
3.108754376311148,1.6379488583154955,3.847872573248563
7.91680198591506,7.7222400581914,7.47100039603904
5.934601945273793,7.176239641921969,6.179113860938536
6.892210310197238,6.910984637342377,7.357712407761936
7.503753139867543,6.960760476792537,7.666031859600305
7.221979697164291,7.601912486725508,7.758201277212933
0.8854767201948464,0.0,0.0
5.547148967576114,6.186180275763554,5.79990582984467
6.728934004170036,6.662930981362654,6.133952293360991
0.0,4.71955390134089,1.692929958963774
0.0,2.385282137693864,1.081723604305354
2.6050793803100993,0.0,2.7187049314574803
8.412770348705715,8.562368836845032,8.37287691088513
0.8854767201948464,0.0,1.081723604305354
2.793193551827114,2.875129551690155,3.731421765117163
2.1340565645548835,5.805240594843878,2.7187049314574803
3.5868697456056577,2.875129551690155,3.847872573248563
2.6050793803100993,2.385282137693864,3.731421765117163
3.5868697456056577,3.98053834928957,4.05587983054342
2.1340565645548835,0.0,0.0
6.932800802247252,6.227434256639141,6.9779104999035555
0.0,3.8806363051174015,1.081723604305354
2.793193551827114,1.0399210909765384,3.604739428120841
5.089482198528558,5.030488625837066,5.547791996674059
5.089482198528558,4.660532175221,5.403023629280852
5.321179439793231,5.662131822406488,5.79990582984467
5.993351625606638,3.7732982502252463,5.911160717188953
3.4813634719760502,4.830812807127612,3.312157763979618
3.945361835709526,2.650896865013016,3.847872573248563
6.531638719393959,6.1437118208118715,6.326896664973563
0.0,4.322654555413567,1.692929958963774
3.685183232254651,0.0,4.149621034948442
6.363661642594106,5.662131822406488,7.076682974476355
5.258688447768312,5.324676047276037,5.740886364650992
3.945361835709526,2.0594748867359756,4.611634412683991
2.6050793803100993,1.6379488583154955,2.7187049314574803
6.922759740799744,7.066848170512441,6.514779113629807
5.623526652131811,3.98053834928957,6.326896664973563
7.093602364796387,7.122580475635362,7.100354499030833
1.824615078778005,1.6379488583154955,1.692929958963774
6.012414969129594,6.4353840748207505,6.965074548233909
6.774312607034409,6.985018854933146,6.460938018360121
3.108754376311148,0.0,2.4505522388752183
6.1735171807784806,6.267541297475601,6.326896664973563
6.807433753389598,6.1437118208118715,7.213214569786543
7.084623657652109,6.553639072446206,6.9779104999035555
5.765126878455747,5.434448341338299,6.133952293360991
2.1340565645548835,1.0399210909765384,1.081723604305354
5.159563533607588,3.6573275499737368,5.79990582984467
5.742471066877271,6.287184304709906,5.8566054495317035
5.696063322618166,5.960110414283344,6.201175330465493
10.288725452572953,10.229716315335608,10.709711357947858
8.61338378656907,7.53776320706021,9.251546255160155
4.095934905275212,4.073968251671055,4.320598421947695
6.19035552671513,6.186180275763554,6.727334354136572
8.72737629975895,8.704281962451343,8.739872274083622
9.34825006262145,8.529759276468276,9.522971076659193
8.128181833574159,7.93641774253025,8.213781105091362
3.243935543900742,0.0,3.1401148593054975
4.232267354256176,0.0,3.1401148593054975
9.72711651876228,9.4816659879842,10.005958790911585
2.793193551827114,0.0,2.4505522388752183
6.223453861513056,6.008247338509236,5.740886364650992
3.3675282693871327,1.0399210909765384,3.604739428120841
7.669045309108851,6.960760476792537,7.287271814773184
4.676598809853049,5.286147301772223,4.853700360322351
4.47147194203123,6.054829852279387,4.05587983054342
4.295888232083969,3.8806363051174015,4.3990438140965855
8.591366129893984,8.28307846863457,8.93679899681659
10.32348667955003,10.054539040453612,10.903811049462515
0.0,1.6379488583154955,0.0
6.621291760519557,4.830812807127612,7.088567286063514
8.569007236767845,8.704281962451343,8.353307719144075
6.086244989960619,5.030488625837066,5.8566054495317035
7.188847133234496,7.122580475635362,7.939739944126996
8.416353082811957,9.123016128220366,8.650499657960811
5.623526652131811,3.8806363051174015,4.320598421947695
4.856157757026546,5.805240594843878,4.544192630379789
6.881881701849559,6.677889559275795,6.939054867060317
2.9595846507288517,2.0594748867359756,4.05587983054342
0.0,2.650896865013016,1.081723604305354
5.894062815348182,6.948476592165153,6.5322886973528735
5.8523515365022565,3.3930092982402096,6.201175330465493
4.095934905275212,3.8806363051174015,3.312157763979618
7.270294094243686,7.354396965620693,7.41546811226308
5.623526652131811,5.286147301772223,5.8566054495317035
1.4301513955146576,0.0,0.0
1.4301513955146576,0.0,2.7187049314574803
1.4301513955146576,2.0594748867359756,2.1209125051964186
5.351438341732733,4.983100341839197,5.403023629280852
7.120207999920873,6.031726597386533,7.47100039603904
5.2902722705515055,4.39685741355359,5.828534167019237
8.862207984967654,7.020658351880706,9.22487315740074
3.4813634719760502,2.875129551690155,3.604739428120841
2.9595846507288517,3.7732982502252463,1.692929958963774
7.710491283588399,7.444624757409113,7.567569707252672
4.676598809853049,3.7732982502252463,4.237641117119119
0.8854767201948464,2.875129551690155,1.692929958963774
5.894062815348182,5.503248162004732,5.8566054495317035
6.850444653914304,6.267541297475601,6.265405037504199
1.824615078778005,0.0,1.081723604305354
6.621291760519557,6.344557867405224,6.460938018360121
5.696063322618166,4.660532175221,5.884140942768414
2.388706117066035,4.71955390134089,4.961030935308618
7.663026048257712,6.885437532135544,6.9906332538990155
2.1340565645548835,0.0,3.604739428120841
7.60769180286535,7.032345185026882,7.743242844510597
5.321179439793231,4.71955390134089,4.737738392123119
6.086244989960619,6.031726597386533,5.937683736208367
4.415285379732288,3.5312132431986103,5.198887938145035
5.089482198528558,6.165102310049551,5.477222913583994
0.8854767201948464,2.0594748867359756,3.1401148593054975
3.4813634719760502,5.030488625837066,2.9447421864177903
7.084623657652109,7.089400100989802,6.939054867060317
2.9595846507288517,4.161713826150124,4.237641117119119
2.6050793803100993,4.161713826150124,2.7187049314574803
5.410116281520104,6.846248088414331,5.647567308988842
1.824615078778005,2.650896865013016,1.081723604305354
6.839811544040777,6.859429873557361,6.366481645303116
9.958510420765077,10.258610203278998,9.806335604128533
4.415285379732288,3.3930092982402096,3.731421765117163
0.8854767201948464,2.0594748867359756,3.465852944286889
4.97753173822037,2.875129551690155,5.770697880915195
2.6050793803100993,4.598992446943178,2.4505522388752183
5.8523515365022565,5.858732499493456,5.198887938145035
7.27819149808844,7.7437254513002,7.461892189849772
5.089482198528558,5.910311749663849,5.403023629280852
4.97753173822037,4.598992446943178,6.039153064478552
6.206999609854352,6.399736779148259,5.989310299083667
3.243935543900742,3.2401496723740513,3.1401148593054975
10.656026639631358,10.508118349812277,10.337599879711789
7.1289686172731885,7.133473159875435,6.633105176688304
8.115013664976036,8.335904509720988,8.292955225655236
7.833500435140976,8.187013889648744,7.893067341727492
6.19035552671513,4.244427258259998,6.9258669050513735
6.633656368408126,5.749688705337369,6.087331193886346
5.914474767210485,6.287184304709906,5.512938895848565
5.159563533607588,4.7762556076837335,5.403023629280852
6.785437691159334,7.307074760027465,7.052616562830535
7.27819149808844,7.122580475635362,7.41546811226308
6.491442206748411,6.031726597386533,6.712050713245607
6.271719731796064,6.008247338509236,6.742457778818018
8.565784632966484,8.914649806001965,8.697818872081163
2.6050793803100993,0.0,2.4505522388752183
5.696063322618166,5.434448341338299,5.884140942768414
5.2902722705515055,4.71955390134089,6.039153064478552
2.6050793803100993,0.0,1.692929958963774
5.159563533607588,5.910311749663849,4.796884171909007
7.800979084746329,7.043938106933951,7.851824173510405
4.356821614027285,0.0,4.90836353686475
5.193367590653768,5.246561304449785,5.477222913583994
8.616501914094693,8.99747204647569,8.674353260252307
7.221979697164291,6.632540333545457,6.110830057186796
4.295888232083969,0.0,4.3990438140965855
8.200612915279834,7.923923924538923,8.471474244707323
7.213767618436221,6.972940652207929,7.524474121970149
7.806450474841265,7.496171364231849,7.899828013667225
6.1735171807784806,6.206954718790918,6.385874145129482
9.011797446166208,9.117540446079566,9.57458622197614
6.121789852569476,6.960760476792537,5.740886364650992
1.824615078778005,2.0594748867359756,0.0
6.751801715856779,6.504140332624964,6.87187540879711
4.723626755540068,6.1437118208118715,3.604739428120841
4.813319392743866,4.660532175221,4.90836353686475
2.388706117066035,2.385282137693864,2.1209125051964186
12.656871102661045,12.323115233438708,12.698925483740926
3.777222373109846,1.6379488583154955,2.7187049314574803
7.029545306374979,6.792282477052913,6.801414288850573
8.66549663689456,8.958187686925072,8.318409615900501
4.813319392743866,5.960110414283344,4.90836353686475
2.388706117066035,0.0,2.4505522388752183
7.238264937288486,7.529540210684472,6.8580558033850805
3.685183232254651,4.467429729259378,2.9447421864177903
5.993351625606638,5.749688705337369,6.58357739813832
3.8637402043734568,0.0,3.1401148593054975
4.525552067463755,4.934102472483744,4.676063785822748
6.942772461333092,7.122580475635362,7.146563278657072
5.351438341732733,5.398777628998076,5.403023629280852
2.6050793803100993,2.875129551690155,2.1209125051964186
9.864596423738243,9.775642364336928,9.946797158904245
8.758760312688983,7.954957912952222,8.618068669292546
4.47147194203123,4.71955390134089,4.961030935308618
8.11059742994768,7.238102381426646,8.642460001007692
1.824615078778005,0.0,1.081723604305354
6.728934004170036,7.155014863443871,6.566682951147342
4.295888232083969,1.0399210909765384,3.465852944286889
8.297048020472053,7.462012401241368,8.100967123456028
5.934601945273793,3.0691532897951093,5.364442063119361
6.693938100881692,6.87249230750014,6.265405037504199
5.2263976789316775,1.0399210909765384,5.581822928035971
3.685183232254651,5.205858390991043,5.2420913129651465
1.4301513955146576,0.0,2.4505522388752183
5.5730600817772,4.322654555413567,6.0144469193789805
7.632547173876315,6.6171015193368765,8.191913023405792
7.462760868396268,7.144284217720942,7.780352083213073
4.62798607582455,5.88475262004847,5.581822928035971
5.623526652131811,5.832234452988337,5.911160717188953
0.0,0.0,0.0
1.824615078778005,2.385282137693864,1.692929958963774
5.089482198528558,4.322654555413567,4.237641117119119
6.621291760519557,5.398777628998076,6.087331193886346
3.3675282693871327,1.0399210909765384,4.320598421947695
2.1340565645548835,3.3930092982402096,3.465852944286889
0.0,0.0,1.081723604305354
7.784439300950434,7.81311688721224,8.634375290549876
5.466500628076533,5.362202548592466,5.547791996674059
4.856157757026546,4.322654555413567,4.611634412683991
1.4301513955146576,4.244427258259998,2.1209125051964186
1.4301513955146576,0.0,0.0
2.1340565645548835,0.0,2.7187049314574803
8.273536805533693,7.1867360718698405,8.37287691088513
7.427687811045299,7.764895561954965,7.489046093392528
4.02261188025902,4.161713826150124,5.108394717432779
5.258688447768312,5.076369719801864,4.3990438140965855
6.031229696861563,6.41767052452145,5.740886364650992
5.742471066877271,5.631724156777347,5.615069586916494
2.1340565645548835,0.0,1.081723604305354
7.270294094243686,7.771883790387803,7.0404311137700715
5.7874324012127625,5.600661764733968,5.28403843562497
1.4301513955146576,1.0399210909765384,1.692929958963774
1.4301513955146576,1.0399210909765384,3.604739428120841
0.8854767201948464,0.0,1.692929958963774
2.1340565645548835,4.244427258259998,3.465852944286889
7.576008029668603,7.617513822701472,7.69741383686473
4.356821614027285,3.6573275499737368,3.847872573248563
7.230145295717194,6.960760476792537,7.202317668064374
5.159563533607588,5.662131822406488,5.989310299083667
4.856157757026546,3.98053834928957,4.737738392123119
3.777222373109846,4.53471025753819,3.465852944286889
7.490218053613686,6.923590523943039,7.497984996365636
3.108754376311148,1.0399210909765384,1.692929958963774
3.8637402043734568,2.385282137693864,3.465852944286889
2.388706117066035,4.598992446943178,2.4505522388752183
0.8854767201948464,0.0,1.081723604305354
5.4938874012688155,6.537327466754477,5.679349094352874
4.095934905275212,4.660532175221,4.676063785822748
6.421854381723968,5.910311749663849,7.015747033792463
7.833500435140976,7.529540210684472,7.461892189849772
8.482787224748435,8.253427611107465,8.65450274774654
4.525552067463755,3.8806363051174015,3.312157763979618
6.981983841213517,6.910984637342377,7.367500356130664
7.093602364796387,6.585719222498922,7.123643886364934
6.333660700546816,5.832234452988337,6.133952293360991
0.0,0.0,1.081723604305354
8.437664632368906,7.839965134900905,8.686133774522737
7.4488337958696365,6.8982676322107865,7.720510309986435
5.438583893485182,5.777732016175443,5.884140942768414
6.421854381723968,7.078168201230638,6.366481645303116
6.068138665998897,3.98053834928957,6.087331193886346
7.833500435140976,7.496171364231849,7.95280226733956
2.9595846507288517,4.39685741355359,3.604739428120841
4.813319392743866,5.163973699473649,5.108394717432779
5.954452186274923,6.121999400805971,5.440600237020426
7.778883631725957,6.64781567907787,8.235322658084486
0.8854767201948464,3.7732982502252463,0.0
8.923917156278042,9.003421964644813,8.802544598954901
5.015821953712903,5.631724156777347,5.3248003042224
4.813319392743866,3.0691532897951093,5.615069586916494
2.1340565645548835,1.0399210909765384,2.4505522388752183
5.381075613001941,3.7732982502252463,4.473442871464264
5.258688447768312,4.161713826150124,3.955621760874324
2.793193551827114,2.650896865013016,2.7187049314574803
4.095934905275212,3.6573275499737368,4.237641117119119
1.824615078778005,1.0399210909765384,1.692929958963774
5.672287367499894,6.41767052452145,6.423894226280647
6.531638719393959,6.7218566275685205,6.566682951147342
6.902465498817952,6.819517598482489,6.844102538328743
4.295888232083969,5.777732016175443,3.731421765117163
3.3675282693871327,5.88475262004847,3.1401148593054975
3.777222373109846,3.3930092982402096,1.692929958963774
5.809398302286746,5.662131822406488,6.063443230614204
3.5868697456056577,5.691911793200492,3.465852944286889
0.8854767201948464,0.0,1.081723604305354
5.258688447768312,5.205858390991043,5.770697880915195
6.393051401029043,6.077568956498657,6.772237174073755
1.4301513955146576,0.0,2.7187049314574803
6.912648304140106,5.503248162004732,7.015747033792463
7.778883631725957,8.550226464224027,7.550485640478492
6.839811544040777,6.923590523943039,6.952123366495095
5.5730600817772,4.660532175221,4.90836353686475
5.547148967576114,5.398777628998076,5.547791996674059
6.922759740799744,6.487256021142228,7.146563278657072
5.159563533607588,4.39685741355359,4.90836353686475
6.881881701849559,6.537327466754477,7.58445383372952
7.120207999920873,6.960760476792537,7.015747033792463
9.832776246044377,9.220738574517869,10.071798076176128
4.295888232083969,3.2401496723740513,2.9447421864177903
4.525552067463755,3.6573275499737368,5.011843170389213
6.717362770268372,6.750440818180258,6.696603425132438
1.824615078778005,0.0,2.1209125051964186
6.932800802247252,7.707736615969123,6.326896664973563
7.727895721460851,6.363186317493559,8.358224958568705
6.881881701849559,6.792282477052913,6.9779104999035555
4.415285379732288,1.6379488583154955,4.320598421947695
5.648113003991458,5.398777628998076,5.198887938145035
1.4301513955146576,3.3930092982402096,1.692929958963774
6.271719731796064,6.996996778237015,6.179113860938536
3.5868697456056577,5.246561304449785,4.676063785822748
6.363661642594106,5.805240594843878,6.385874145129482
3.243935543900742,4.660532175221,3.604739428120841
5.993351625606638,5.503248162004732,5.963727936145781
7.517162421912737,8.089697307394037,7.337935011026634
7.213767618436221,7.165666284420922,7.003244789314777
4.165710931605763,3.5312132431986103,2.1209125051964186
5.258688447768312,6.662930981362654,5.581822928035971
3.945361835709526,3.5312132431986103,4.237641117119119
8.854305386671376,8.911489097222692,8.816903620862588
4.095934905275212,5.434448341338299,4.320598421947695
5.2902722705515055,2.385282137693864,5.710445808937475
5.193367590653768,5.434448341338299,5.547791996674059
3.4813634719760502,4.7762556076837335,3.955621760874324
6.682081577245242,6.805964304712917,7.112046187181966
6.557827377033052,6.344557867405224,6.8580558033850805
4.676598809853049,4.244427258259998,5.154350736278495
7.503753139867543,6.504140332624964,8.235322658084486
5.547148967576114,5.246561304449785,6.385874145129482
3.777222373109846,3.6573275499737368,2.7187049314574803
3.685183232254651,5.076369719801864,4.90836353686475
4.577678006180544,4.244427258259998,4.05587983054342
4.165710931605763,2.0594748867359756,4.237641117119119
5.894062815348182,6.585719222498922,5.403023629280852
7.171991069646698,7.391167961404012,7.297547785569729
9.60684487655351,10.058830876204944,9.825991260936624
8.862207984967654,8.395939491335522,8.638423309004189
4.723626755540068,4.660532175221,5.0609265004096455
6.9722804556705,7.155014863443871,6.549588317903226
6.407524770558839,5.469258332001234,6.244311273730956
1.824615078778005,0.0,1.081723604305354
5.547148967576114,4.53471025753819,5.647567308988842
3.945361835709526,4.883381819626282,3.312157763979618
6.633656368408126,6.83294475092466,7.076682974476355
5.954452186274923,5.362202548592466,5.963727936145781
2.6050793803100993,1.6379488583154955,3.312157763979618
5.623526652131811,4.244427258259998,6.063443230614204
3.4813634719760502,1.0399210909765384,3.604739428120841
4.97753173822037,5.568915830032614,5.512938895848565
9.519595648945652,9.38925925634503,8.988456669342115
3.3675282693871327,3.6573275499737368,3.604739428120841
7.476554780218414,7.043938106933951,7.601142645753969
4.165710931605763,5.434448341338299,3.847872573248563
5.672287367499894,5.163973699473649,5.547791996674059
5.8523515365022565,5.030488625837066,5.79990582984467
7.188847133234496,7.625251675995195,6.566682951147342
1.824615078778005,2.0594748867359756,1.692929958963774
7.057347309610511,5.076369719801864,7.367500356130664
5.381075613001941,3.2401496723740513,6.063443230614204
8.253647130977555,8.809905850875968,8.112653867965944
7.838850094285733,7.287702526790173,8.650499657960811
7.038872297531675,6.7218566275685205,6.15670978496556
6.436043062252849,6.227434256639141,6.405009427414273
2.1340565645548835,2.0594748867359756,0.0
4.47147194203123,5.205858390991043,5.011843170389213
6.774312607034409,6.504140332624964,7.112046187181966
5.742471066877271,6.287184304709906,6.423894226280647
4.62798607582455,3.7732982502252463,4.611634412683991
7.31704278344565,7.197156685572663,7.743242844510597
3.777222373109846,0.0,3.465852944286889
6.991622398786809,7.078168201230638,7.135149095682902
5.410116281520104,3.3930092982402096,5.28403843562497
9.269223940804398,8.833477244974617,9.439593594576776
7.362324066183204,7.71500656242801,7.367500356130664
4.47147194203123,2.385282137693864,3.604739428120841
4.62798607582455,5.434448341338299,4.237641117119119
7.490218053613686,7.409207875173776,7.650081115695045
4.897760704709805,4.660532175221,4.961030935308618
4.415285379732288,5.163973699473649,4.473442871464264
5.623526652131811,5.286147301772223,5.108394717432779
4.095934905275212,2.650896865013016,3.955621760874324
1.4301513955146576,0.0,2.4505522388752183
8.789476116223197,8.733213000829375,7.95280226733956
3.5868697456056577,5.163973699473649,5.154350736278495
6.348739154120598,6.267541297475601,6.460938018360121
3.4813634719760502,0.0,2.4505522388752183
6.5707455646508395,6.520829325399716,6.680988947378286
6.031229696861563,6.585719222498922,6.087331193886346
5.089482198528558,4.71955390134089,3.312157763979618
6.818307288350684,5.469258332001234,7.028141865289104
5.1249483640572695,2.650896865013016,4.676063785822748
4.47147194203123,5.536455591121388,3.312157763979618
5.1249483640572695,4.830812807127612,5.0609265004096455
9.078892252854896,9.633254109645897,8.879807232101005
6.450093557253646,7.25814753122562,6.497054407462844
3.777222373109846,4.39685741355359,4.237641117119119
6.450093557253646,6.008247338509236,5.547791996674059
4.295888232083969,4.660532175221,4.320598421947695
4.356821614027285,1.0399210909765384,4.3990438140965855
7.503753139867543,8.462241963699256,7.406001302413453
1.824615078778005,0.0,1.692929958963774
3.777222373109846,3.8806363051174015,4.05587983054342
7.455814137711273,7.93018435813575,7.689632106892543
4.095934905275212,5.600661764733968,4.237641117119119
3.243935543900742,2.875129551690155,3.731421765117163
7.30162759080165,7.155014863443871,7.506868854994273
5.5730600817772,6.054829852279387,5.011843170389213
9.894445990352304,10.18591477373954,10.021540559058504
5.623526652131811,5.503248162004732,6.087331193886346
6.991622398786809,6.38157729528082,7.028141865289104
6.206999609854352,5.805240594843878,5.740886364650992
4.02261188025902,4.53471025753819,4.544192630379789
0.0,0.0,1.081723604305354
7.669045309108851,8.500608460410964,7.396471961828926
8.285340306970005,9.103759620334433,8.471474244707323
2.388706117066035,1.0399210909765384,2.9447421864177903
5.934601945273793,5.324676047276037,5.884140942768414
7.102525537810427,6.41767052452145,7.015747033792463
7.756444507701798,7.176239641921969,7.851824173510405
6.942772461333092,6.819517598482489,7.337935011026634
5.742471066877271,5.120836548556326,5.884140942768414
6.839811544040777,6.936087217065171,6.680988947378286
5.381075613001941,4.161713826150124,4.737738392123119
5.466500628076533,4.830812807127612,4.90836353686475
7.084623657652109,6.206954718790918,6.939054867060317
4.897760704709805,3.3930092982402096,4.90836353686475
7.238264937288486,6.792282477052913,7.750741447643128
6.860999967503575,6.504140332624964,6.633105176688304
6.086244989960619,5.286147301772223,5.989310299083667
3.243935543900742,0.0,3.1401148593054975
3.5868697456056577,4.7762556076837335,2.9447421864177903
1.824615078778005,0.0,1.081723604305354
6.987224935519179,6.816404410561486,6.815958657317895
6.10933303827233,5.724184104635114,6.026103746009668
7.806238248507494,8.605749603982874,8.515741818650108
5.499053189622769,4.54479128052225,5.029788150157312
2.9641894307294048,3.5074880852801837,3.922871459374952
5.198506277052428,4.4946112912842064,4.333940744587301
5.386231883212921,5.888646924206125,5.7857662384178505
2.138137563504853,2.3188822613527895,2.9386360600829815
0.0,0.0,1.8073849903108583
6.588776931516148,6.54774837314836,6.507836272997877
2.609495240548126,3.2893625141918443,2.584997580289027
6.073342880936644,6.336088782517406,6.294662308031573
7.901683845045792,8.206632406782584,8.099828061635693
4.8184146398616825,4.813950177861993,4.000039464453881
1.4334760532826032,3.6053134790057273,2.772625439053359
4.300902556653133,4.931776063274248,4.000039464453881
5.5523189975045355,4.150211254386488,4.502540578785094
1.4334760532826032,0.846305570751632,1.4150638090347123
5.7012444133081654,4.442622844884783,4.14299766649662
1.4334760532826032,2.067488679955821,0.0
5.443745108748944,5.610979367318627,5.718859543567126
6.779547242845372,6.510355683157012,6.609836018075698
5.058246109287047,4.4946112912842064,4.4485006681895936
3.868660751385197,4.4946112912842064,4.874509778245711
1.4334760532826032,2.532901923184754,2.36926775764794
9.207589269591429,8.92989015541962,8.99250834004689
7.329938964331805,7.606497874718854,7.539200680171162
3.690056043985187,3.032280577134576,3.754926479408451
6.663302735813608,7.238438284259746,6.967748355862459
5.443745108748944,5.964343368821456,5.672466611962801
4.300902556653133,3.8643493295108,4.209493185613544
6.4830142203880525,6.665822911995749,7.033464775582421
5.5523189975045355,5.767090587794956,5.574950048329096
3.868660751385197,3.1665403446796927,3.6630037848267736
6.710930266887655,7.489668064687243,7.431887638552392
1.4334760532826032,3.402543765077897,3.2224300065550993
12.025855989937494,11.956846263911268,11.95835312252939
5.65329065696997,5.888646924206125,5.969667774610442
9.272515596808407,8.925161966902628,8.907433452150814
0.0,1.3761692453425427,0.0
7.529074768455506,7.515062323241487,7.486541722485366
3.4861740589936105,2.532901923184754,3.345812791746194
5.198506277052428,5.266819432164264,4.7004801944898515
8.456967168140782,8.379043270692643,8.326471451365046
0.0,0.0,0.0
8.538424953203224,8.33337936217712,8.245594662937021
6.823543371045298,6.980355417575751,6.72796215282181
2.138137563504853,1.3761692453425427,1.4150638090347123
4.1706999010872465,3.8643493295108,4.000039464453881
1.4334760532826032,0.846305570751632,2.115509598589792
8.77527623546995,8.700104420359034,8.650495425503678
6.90770422931224,6.61974611797455,6.412258581332085
0.0,0.0,1.8073849903108583
6.073342880936644,6.336088782517406,6.132755417798814
5.386231883212921,4.813950177861993,4.91492408633389
6.967751891640705,7.60057919775865,7.626967676245583
5.5523189975045355,5.325410154363054,5.497227704024088
9.276478090328354,9.240799676390893,9.045801677112262
8.840967154768293,8.775591440270482,8.58938102983582
5.058246109287047,5.0752558596257895,5.169965927521901
4.902866615433742,4.4946112912842064,4.992507100344438
5.878550769311726,5.7457968479116746,6.166623067740904
6.801713012544935,6.497672936534645,6.426306360607094
4.902866615433742,3.5074880852801837,3.345812791746194
3.690056043985187,3.6053134790057273,3.08749998429564
3.868660751385197,2.3188822613527895,2.36926775764794
0.0,1.3761692453425427,2.36926775764794
8.558090514651928,8.010784913168191,8.142999900300966
0.0,0.0,0.0
7.062590527102318,6.866589014037581,6.958111076349338
3.4861740589936105,4.083878839528882,4.4485006681895936
9.996586816530394,10.05499879528073,10.116602623314847
6.510190614218889,5.926991552061997,6.294662308031573
10.222890137530364,10.149240340908475,10.113350134346868
5.836224944522409,6.070924965030726,6.19971386749745
2.609495240548126,2.7192353881313043,1.8073849903108583
7.619201797042693,7.870267159917563,7.841344165807266
5.326330345683369,4.772434856206455,5.266827542703058
0.0,0.0,1.4150638090347123
5.747655377626174,6.753783634111861,6.572426087693931
6.144447177255965,5.634342110281843,6.546936105055266
6.866237412701891,7.327132265461291,7.315946138445573
5.326330345683369,5.205748127152371,5.169965927521901
2.138137563504853,0.846305570751632,1.8073849903108583
6.90770422931224,6.48487770618266,6.453998103781735
9.930225997607987,10.272551856295554,10.191512591103722
4.1706999010872465,4.33266385642655,3.922871459374952
3.868660751385197,2.3188822613527895,2.772625439053359
7.860041098538044,8.118256837387417,8.037131253855044
1.4334760532826032,2.067488679955821,0.8744882523316289
4.027570206271769,3.032280577134576,3.08749998429564
8.019851976328821,7.606497874718854,7.452626308307447
6.4830142203880525,6.378212903467313,6.27926519731943
2.9641894307294048,0.0,0.0
6.1787269319460725,6.607993252898082,6.481168313905574
4.420321031248732,4.014348981718389,4.39235751364384
0.0,0.846305570751632,0.8744882523316289
4.8184146398616825,4.150211254386488,3.922871459374952
4.420321031248732,4.5932844116131974,5.029788150157312
5.9985516587800705,5.767090587794956,6.062537391265859
6.144447177255965,5.888646924206125,5.807396265744266
6.036431875100554,5.808757778829849,6.166623067740904
4.902866615433742,5.296412208582011,4.954237047869682
4.982647165246312,4.150211254386488,3.8413414125129752
0.0,0.0,0.8744882523316289
4.300902556653133,2.7192353881313043,2.584997580289027
7.1342137522882405,6.292697624456565,6.294662308031573
5.747655377626174,5.926991552061997,5.828706783011564
4.728709970956263,5.141976874590495,4.832930632533778
8.797507219010988,9.240799676390893,9.227256829936398
6.866237412701891,7.1998102868606715,7.060737711750018
6.8871197989307715,7.4960586573135055,7.5065147494796065
3.690056043985187,3.1665403446796927,3.564823156854149
4.420321031248732,3.8643493295108,4.209493185613544
3.868660751385197,4.213627421589719,3.8413414125129752
7.006438635040006,6.95274376840545,6.948408986115428
5.65329065696997,5.040701372412272,5.202981011204615
6.455316053799703,6.998473898847852,7.024258009408596
2.9641894307294048,2.3188822613527895,3.08749998429564
6.734167100628439,6.721423561849997,6.609836018075698
7.3896939138134865,7.26861287687052,7.431887638552392
9.996586816530394,10.1583345579042,10.04329723498742
3.690056043985187,4.442622844884783,4.209493185613544
5.9985516587800705,5.869085534204049,5.828706783011564
6.073342880936644,6.186068497582383,5.828706783011564
3.690056043985187,3.696924723560992,4.000039464453881
8.808495554807088,8.971760683670405,9.00426247972111
0.0,1.7628475801227037,1.4150638090347123
3.2486616392715377,4.4946112912842064,4.333940744587301
5.386231883212921,5.767090587794956,5.497227704024088
7.235392982339609,7.417437249448752,7.459473474841566
7.418668187195486,7.675690403258799,7.583751493356099
5.386231883212921,5.0752558596257895,5.357593073295224
5.836224944522409,5.9826627834069726,6.369275395833852
2.9641894307294048,1.3761692453425427,1.4150638090347123
5.9985516587800705,4.5932844116131974,5.357593073295224
2.609495240548126,2.884232195671641,2.584997580289027
4.1706999010872465,2.532901923184754,2.36926775764794
3.2486616392715377,3.9412977455678506,4.502540578785094
7.474927369703451,7.390248268854717,7.4178943640967505
5.919670148612942,5.907946627080504,5.849707092327451
5.13008005046512,4.772434856206455,4.790117504506528
5.747655377626174,6.596143856587608,6.426306360607094
2.9641894307294048,0.846305570751632,1.4150638090347123
8.856932932955958,9.623000670529624,9.5511093879296
5.65329065696997,5.808757778829849,6.183263340148987
4.633055610115746,5.205748127152371,5.066130029276167
6.455316053799703,5.964343368821456,6.098073563817369
7.488655933275176,8.772962398350144,8.592499023593371
6.948012406297396,6.61974611797455,6.585004157613044
10.28518124976142,9.667560525499622,9.802019792826046
0.0,2.067488679955821,1.4150638090347123
7.881012716480749,7.789324450086992,7.571162449589377
5.499053189622769,5.0752558596257895,5.136177586357087
3.4861740589936105,3.2893625141918443,3.754926479408451
7.418668187195486,7.290836739674652,7.105077260304236
3.868660751385197,3.032280577134576,3.2224300065550993
2.9641894307294048,3.5074880852801837,2.9386360600829815
5.603688000358608,5.005298906990166,5.599954069632658
5.5523189975045355,5.325410154363054,5.202981011204615
6.10933303827233,5.296412208582011,5.202981011204615
6.801713012544935,6.905516512608774,6.716575389373248
8.505041329948652,7.946908805893057,8.064335614909616
6.10933303827233,6.201792283636956,6.369275395833852
5.13008005046512,5.325410154363054,4.91492408633389
7.870565013699066,7.909096861353818,7.961973885716289
4.982647165246312,4.213627421589719,4.000039464453881
5.13008005046512,4.33266385642655,4.653482661342376
4.902866615433742,4.854304185494181,5.136177586357087
5.058246109287047,5.205748127152371,5.266827542703058
1.4334760532826032,3.032280577134576,2.9386360600829815
8.491468537931182,8.322633068872165,8.502542319838144
5.13008005046512,5.538531580801714,5.574950048329096
5.9985516587800705,6.785433755764294,6.6220934874773825
0.0,1.3761692453425427,0.0
5.65329065696997,5.634342110281843,5.235257439512557
0.0,0.0,0.0
4.8184146398616825,5.657332542333674,5.549505016057975
3.690056043985187,4.969005794748283,4.7004801944898515
9.315515706614953,9.90218430628064,9.929547054310463
5.058246109287047,4.640200417124641,5.266827542703058
2.9641894307294048,2.7192353881313043,2.584997580289027
0.0,0.0,1.8073849903108583
1.4334760532826032,1.3761692453425427,2.36926775764794
7.73890888677961,7.457283458187575,7.338406819965269
6.10933303827233,6.12140146477275,6.19971386749745
7.891385302785338,8.010784913168191,8.168296197505137
2.138137563504853,2.3188822613527895,2.36926775764794
5.792619734404135,6.378212903467313,5.849707092327451
6.801713012544935,6.350267257280306,6.309896827359498
5.13008005046512,4.5932844116131974,4.653482661342376
4.728709970956263,4.4946112912842064,5.169965927521901
4.420321031248732,4.6856386586682275,4.073288576728454
8.95414226289797,8.872102722291578,9.045801677112262
3.690056043985187,4.54479128052225,5.029788150157312
9.748173344178308,9.64329506548591,9.587507048587517
0.0,0.0,0.8744882523316289
6.663302735813608,6.905516512608774,6.858022727620711
4.1706999010872465,4.388690700696569,4.653482661342376
6.9279990870112815,6.350267257280306,6.670107751107389
2.9641894307294048,3.5074880852801837,2.584997580289027
7.668282839361869,7.6357324256694685,7.766018582813395
5.603688000358608,5.9826627834069726,6.453998103781735
7.631629482886481,7.606497874718854,7.633037080457725
8.378028532529887,8.190961571407332,8.315191525469716
4.982647165246312,5.205748127152371,5.523603136332226
4.633055610115746,3.8643493295108,4.073288576728454
12.110977302440238,12.108436569975373,12.16907974107638
0.0,2.3188822613527895,0.0
6.073342880936644,5.657332542333674,5.763806974138528
0.0,1.3761692453425427,0.8744882523316289
7.0441150047503465,6.943421188377972,7.024258009408596
3.2486616392715377,3.402543765077897,2.772625439053359
4.633055610115746,4.5932844116131974,4.333940744587301
5.443745108748944,5.435902701865466,5.066130029276167
0.0,0.846305570751632,0.8744882523316289
4.300902556653133,5.040701372412272,5.029788150157312
7.795232640607611,8.533031974725688,8.528821646732121
5.499053189622769,5.109002042618445,5.066130029276167
4.1706999010872465,4.33266385642655,4.7004801944898515
5.5523189975045355,5.9826627834069726,6.062537391265859
2.9641894307294048,0.0,0.0
4.027570206271769,4.274372999508628,4.604902423615066
1.4334760532826032,1.3761692453425427,1.8073849903108583
4.633055610115746,4.274372999508628,4.39235751364384
5.443745108748944,5.0752558596257895,5.029788150157312
6.734167100628439,6.934037974560525,7.087504627109065
6.427075686063372,6.535391516328781,6.115518705662865
2.9641894307294048,2.3188822613527895,2.115509598589792
2.609495240548126,3.402543765077897,3.459469887214497
5.13008005046512,4.014348981718389,4.000039464453881
1.4334760532826032,2.7192353881313043,0.8744882523316289
4.300902556653133,4.931776063274248,5.470361080652834
0.0,0.0,0.0
8.286682387928941,8.151023191360814,8.064335614909616
6.036431875100554,6.186068497582383,6.26370198721604
4.1706999010872465,4.083878839528882,4.554629155789021
4.1706999010872465,4.813950177861993,4.273058412468433
4.1706999010872465,4.640200417124641,4.653482661342376
1.4334760532826032,3.7830643658576735,1.4150638090347123
9.232280314293613,9.03456928641465,8.835566115339018
7.981528050742001,7.60057919775865,8.082190981401716
8.189159233110457,7.75243205297745,8.004730577273559
8.840967154768293,8.304542761787436,8.280812730156743
2.609495240548126,0.846305570751632,0.8744882523316289
3.868660751385197,1.7628475801227037,2.772625439053359
5.13008005046512,5.040701372412272,5.136177586357087
5.836224944522409,6.263027765862968,5.969667774610442
6.30823863766087,6.445796706985578,6.309896827359498
3.690056043985187,4.150211254386488,4.554629155789021
5.263833514387339,5.205748127152371,5.235257439512557
7.817160535275288,7.865339132038894,7.782494154709752
7.656168228994967,7.31994584314458,7.262136666516247
5.13008005046512,4.729689393978666,4.91492408633389
5.7012444133081654,4.89356008621617,5.624532107014368
5.198506277052428,6.104771423621481,5.235257439512557
7.961977435675034,7.794518615479497,8.004730577273559
9.386897277146918,8.903691236717444,8.968708804552808
4.5306059070680975,4.213627421589719,4.209493185613544
6.823543371045298,5.849255262917923,6.26370198721604
0.0,0.0,0.8744882523316289
4.300902556653133,4.274372999508628,3.754926479408451
6.073342880936644,5.767090587794956,5.763806974138528
7.606666125550896,7.410687890981768,7.330958712035516
5.13008005046512,4.388690700696569,4.7004801944898515
5.959649957130794,5.634342110281843,5.890812316161826
0.0,0.846305570751632,0.0
8.71815221970393,8.632100754229727,8.532073158486499
3.868660751385197,3.7830643658576735,3.2224300065550993
5.13008005046512,5.325410154363054,5.386622142358993
3.4861740589936105,4.274372999508628,3.922871459374952
9.678010552249644,9.69003169910283,9.571794683567568
5.65329065696997,6.54774837314836,6.534020213121316
6.036431875100554,5.266819432164264,5.101578895779515
4.1706999010872465,4.083878839528882,3.754926479408451
5.792619734404135,5.724184104635114,5.910933921908952
1.4334760532826032,2.067488679955821,1.4150638090347123
4.1706999010872465,4.083878839528882,3.2224300065550993
0.0,1.7628475801227037,0.0
2.138137563504853,0.0,0.0
3.4861740589936105,2.067488679955821,1.8073849903108583
5.058246109287047,4.33266385642655,4.39235751364384
1.4334760532826032,2.884232195671641,2.584997580289027
6.427075686063372,6.677115789456508,6.383745883724132
4.902866615433742,4.772434856206455,4.7004801944898515
3.2486616392715377,2.884232195671641,3.08749998429564
8.010366013077228,7.582676068439651,7.651093577131312
5.7012444133081654,5.610979367318627,5.718859543567126
3.868660751385197,3.5074880852801837,4.209493185613544
7.116638532701875,7.246041305390321,7.214360932713396
2.138137563504853,0.0,2.115509598589792
7.619201797042693,8.063371347444887,7.749352684327164
3.868660751385197,4.274372999508628,4.14299766649662
5.836224944522409,6.510355683157012,6.183263340148987
3.4861740589936105,4.33266385642655,4.209493185613544
5.13008005046512,4.729689393978666,5.202981011204615
5.65329065696997,5.266819432164264,5.297721573813489
7.542299930297031,7.016367653577487,7.033464775582421
7.529074768455506,7.5024210668294256,7.323471952613148
0.0,0.0,0.0
2.138137563504853,2.067488679955821,1.4150638090347123
5.326330345683369,5.907946627080504,5.695849552670656
2.138137563504853,2.7192353881313043,2.115509598589792
8.819400829807126,8.657979215637884,8.49922348893563
5.603688000358608,5.829148615385201,5.549505016057975
4.5306059070680975,4.33266385642655,3.6630037848267736
1.4334760532826032,2.3188822613527895,1.8073849903108583
7.715748916772802,7.119305808290389,7.308380859936359
9.852724750207354,10.062553583687396,10.15928270897855
4.728709970956263,4.931776063274248,5.066130029276167
6.338878127640356,5.9826627834069726,5.648698432319087
6.8871197989307715,6.535391516328781,6.546936105055266
5.836224944522409,5.926991552061997,5.930778742863697
1.4334760532826032,3.032280577134576,0.8744882523316289
2.138137563504853,2.884232195671641,2.115509598589792
3.690056043985187,2.7192353881313043,2.36926775764794
6.510190614218889,6.277938966042666,6.693528646165653
0.0,1.3761692453425427,2.115509598589792
4.982647165246312,4.442622844884783,4.832930632533778
2.138137563504853,2.3188822613527895,3.345812791746194
6.588776931516148,6.497672936534645,6.412258581332085
6.510190614218889,6.154097278386735,6.507836272997877
7.447071995713113,7.463818796421828,7.403764032838947
5.878550769311726,5.563087304008008,5.718859543567126
4.728709970956263,5.109002042618445,5.066130029276167
5.499053189622769,5.435902701865466,5.327967882885067
3.4861740589936105,1.7628475801227037,2.9386360600829815
0.0,0.0,0.0
6.734167100628439,7.540017313934573,7.27771668092928
5.198506277052428,6.307306830534798,5.969667774610442
6.368880415300812,5.907946627080504,5.648698432319087
4.982647165246312,4.6856386586682275,4.653482661342376
5.058246109287047,5.040701372412272,4.874509778245711
8.278802573803143,8.722078167807064,8.57368917238746
4.420321031248732,4.388690700696569,5.136177586357087
4.8184146398616825,5.005298906990166,5.169965927521901
4.982647165246312,4.729689393978666,4.91492408633389
3.2486616392715377,3.1665403446796927,3.922871459374952
7.2024487579229985,7.390248268854717,7.156546286002286
4.728709970956263,5.205748127152371,5.266827542703058
1.4334760532826032,3.1665403446796927,3.2224300065550993
3.4861740589936105,2.7192353881313043,3.345812791746194
8.43586323035542,8.453172935167936,8.431191310923545
7.594020575349624,7.6357324256694685,7.330958712035516
7.345111329320223,7.15204861501373,7.156546286002286
0.0,0.0,0.0
8.51178013984025,8.286222732310062,8.257429800507143
2.609495240548126,2.067488679955821,2.115509598589792
2.138137563504853,0.846305570751632,0.8744882523316289
7.981528050742001,8.21052366250428,8.288523572541859
6.212211037085422,6.350267257280306,6.383745883724132
2.138137563504853,2.067488679955821,1.4150638090347123
7.185690174556008,7.470324663345768,7.18986636593877
4.982647165246312,5.7457968479116746,5.202981011204615
6.801713012544935,7.230794982739673,7.105077260304236
5.747655377626174,5.040701372412272,5.202981011204615
5.603688000358608,5.9457883383136405,5.870406095393683
5.836224944522409,5.296412208582011,5.470361080652834
4.1706999010872465,4.213627421589719,3.08749998429564
7.432939992168391,8.032929329636953,7.971585481621625
0.0,0.0,0.8744882523316289
5.198506277052428,4.213627421589719,4.554629155789021
5.5523189975045355,6.201792283636956,6.383745883724132
3.2486616392715377,3.9412977455678506,4.502540578785094
6.244935591208821,6.186068497582383,6.453998103781735
6.073342880936644,6.665822911995749,6.772631214262872
6.30823863766087,5.926991552061997,5.497227704024088
2.9641894307294048,3.2893625141918443,2.115509598589792
4.728709970956263,5.0752558596257895,5.415078608061543
2.609495240548126,0.846305570751632,1.4150638090347123
5.5523189975045355,5.657332542333674,5.136177586357087
6.4830142203880525,6.631404011901788,6.534020213121316
5.959649957130794,4.89356008621617,5.066130029276167
4.633055610115746,4.969005794748283,5.202981011204615
5.9985516587800705,5.205748127152371,5.695849552670656
4.902866615433742,6.0879474492323435,5.870406095393683
7.006438635040006,6.54774837314836,6.805248174451823
5.5523189975045355,6.12140146477275,6.21597892828084
3.690056043985187,3.8643493295108,3.564823156854149
6.734167100628439,5.040701372412272,5.849707092327451
6.638886070876334,6.321769580792224,6.8476211295344385
0.0,0.0,0.0
2.138137563504853,2.067488679955821,2.115509598589792
8.658672774043001,8.3298061510997,8.465608381108526
6.8871197989307715,6.7644110112889715,6.585004157613044
0.0,2.3188822613527895,1.4150638090347123
4.027570206271769,2.7192353881313043,3.2224300065550993
7.891385302785338,7.84044328405292,8.108566399639987
5.263833514387339,4.854304185494181,4.502540578785094
7.515727249259065,7.570616018124804,7.639081057678272
0.0,0.0,1.8073849903108583
2.609495240548126,3.032280577134576,4.14299766649662
2.609495240548126,2.3188822613527895,2.584997580289027
1.4334760532826032,2.3188822613527895,1.4150638090347123
2.609495240548126,3.1665403446796927,2.115509598589792
3.690056043985187,2.067488679955821,0.8744882523316289
4.5306059070680975,5.610979367318627,4.745994904022693
5.058246109287047,6.000752490923871,6.2479690549440825
6.427075686063372,6.7644110112889715,6.369275395833852
8.02927597497785,7.928126707882143,8.004730577273559
0.0,2.532901923184754,2.9386360600829815
5.198506277052428,4.083878839528882,4.000039464453881
9.10882062901013,9.19243146385608,9.17621517172121
4.420321031248732,3.8643493295108,3.459469887214497
4.8184146398616825,4.729689393978666,4.790117504506528
4.1706999010872465,3.032280577134576,3.922871459374952
3.690056043985187,4.4946112912842064,4.39235751364384
6.036431875100554,5.296412208582011,4.91492408633389
5.919670148612942,5.869085534204049,5.890812316161826
4.027570206271769,4.014348981718389,4.333940744587301
1.4334760532826032,3.696924723560992,3.459469887214497
0.0,0.846305570751632,0.0
0.0,0.846305570751632,0.8744882523316289
6.9279990870112815,5.964343368821456,6.21597892828084
0.0,0.0,0.0
8.325448525843154,7.720041307104181,7.9811334662270434
6.614049045407979,6.95274376840545,6.412258581332085
7.73890888677961,7.168145501101189,7.293130238981993
6.801713012544935,6.665822911995749,7.014992111370038
3.2486616392715377,4.4946112912842064,4.000039464453881
0.0,2.532901923184754,1.8073849903108583
5.65329065696997,5.964343368821456,5.672466611962801
6.588776931516148,6.642968457247681,6.2479690549440825
5.9985516587800705,5.17421483118867,5.202981011204615
6.455316053799703,6.8958826657196015,6.815958657317895
4.1706999010872465,4.33266385642655,4.333940744587301
5.499053189622769,5.587232056144344,5.266827542703058
0.0,0.846305570751632,0.0
5.058246109287047,4.969005794748283,5.386622142358993
5.5523189975045355,4.772434856206455,5.327967882885067
7.901683845045792,7.942236155322611,7.851790954566716
5.13008005046512,4.6856386586682275,4.7004801944898515
8.310066843969159,8.413211445624027,8.330211912811794
5.058246109287047,5.0752558596257895,4.745994904022693
5.326330345683369,4.729689393978666,5.066130029276167
6.276934290566108,5.702242654374818,5.849707092327451
4.728709970956263,4.5932844116131974,5.101578895779515
5.5523189975045355,5.236606909785178,5.890812316161826
0.0,0.0,0.8744882523316289
4.1706999010872465,5.381713964535744,5.763806974138528
4.982647165246312,4.931776063274248,4.000039464453881
0.0,0.0,0.0
2.138137563504853,1.7628475801227037,0.0
3.2486616392715377,2.7192353881313043,3.345812791746194
3.4861740589936105,2.3188822613527895,2.115509598589792
0.0,0.846305570751632,0.8744882523316289
6.338878127640356,5.964343368821456,5.442984623531747
2.138137563504853,0.0,0.0
10.430958762728537,11.02313187767072,10.977918226904023
3.690056043985187,4.442622844884783,3.345812791746194
6.90770422931224,6.432530855254993,6.64630035512182
6.563054213469386,5.587232056144344,5.807396265744266
5.058246109287047,4.969005794748283,5.523603136332226
3.690056043985187,3.402543765077897,3.459469887214497
5.058246109287047,5.17421483118867,5.066130029276167
5.959649957130794,4.640200417124641,4.91492408633389
5.792619734404135,6.036265333276009,6.062537391265859
5.13008005046512,5.296412208582011,5.870406095393683
4.300902556653133,4.89356008621617,5.235257439512557
6.845048318066576,7.085802593130621,7.285444044403076
0.0,1.3761692453425427,0.0
2.138137563504853,3.032280577134576,2.36926775764794
3.2486616392715377,1.3761692453425427,2.36926775764794
4.300902556653133,4.083878839528882,4.209493185613544
4.1706999010872465,3.7830643658576735,4.14299766649662
5.499053189622769,3.7830643658576735,4.333940744587301
4.420321031248732,3.6053134790057273,3.2224300065550993
0.0,1.3761692453425427,0.8744882523316289
6.614049045407979,6.232734894414715,6.412258581332085
1.4334760532826032,1.7628475801227037,2.115509598589792
2.9641894307294048,2.3188822613527895,1.8073849903108583
4.420321031248732,4.729689393978666,3.2224300065550993
0.0,0.0,0.0
0.0,0.846305570751632,0.0
9.327023941957808,9.11358193509956,9.018242193006651
2.138137563504853,1.7628475801227037,0.8744882523316289
4.1706999010872465,3.9412977455678506,3.8413414125129752
8.477766840168943,8.913273253684421,8.703368835851858
7.58126320315692,6.856690777355597,7.173302517734987
2.609495240548126,2.532901923184754,2.772625439053359
6.39827146507826,5.869085534204049,5.497227704024088
0.0,0.0,0.0
6.757035594095388,6.856690777355597,6.858022727620711
3.690056043985187,2.532901923184754,2.36926775764794
6.948012406297396,6.5229279065315975,6.716575389373248
5.13008005046512,5.788074604435832,6.294662308031573
4.300902556653133,4.083878839528882,4.604902423615066
7.474927369703451,7.641508913688638,7.4178943640967505
5.65329065696997,4.729689393978666,5.202981011204615
5.058246109287047,5.205748127152371,4.832930632533778
7.404253787152375,6.607993252898082,6.783585674064834
5.7012444133081654,4.388690700696569,4.954237047869682
1.4334760532826032,0.0,0.0
3.690056043985187,3.032280577134576,3.459469887214497
4.300902556653133,2.3188822613527895,2.772625439053359
1.4334760532826032,3.032280577134576,2.36926775764794
5.263833514387339,3.402543765077897,4.073288576728454
7.568392013678087,7.703569079827246,8.000041930946404
6.614049045407979,6.104771423621481,6.19971386749745
4.027570206271769,1.7628475801227037,3.6630037848267736
7.025399807468608,6.471967978989006,6.693528646165653
2.138137563504853,2.3188822613527895,0.0
5.198506277052428,5.869085534204049,5.523603136332226
5.326330345683369,5.907946627080504,5.549505016057975
4.902866615433742,4.772434856206455,4.832930632533778
6.779547242845372,6.61974611797455,6.597473513348818
5.386231883212921,5.9826627834069726,5.969667774610442
6.10933303827233,5.9826627834069726,5.890812316161826
1.4334760532826032,0.0,1.4150638090347123
3.690056043985187,3.2893625141918443,2.115509598589792
3.690056043985187,3.7830643658576735,4.333940744587301
1.4334760532826032,2.7192353881313043,2.36926775764794
3.4861740589936105,2.3188822613527895,2.115509598589792
5.263833514387339,4.442622844884783,5.101578895779515
5.5523189975045355,4.274372999508628,4.954237047869682
1.4334760532826032,3.6053134790057273,3.08749998429564
4.8184146398616825,4.813950177861993,4.502540578785094
2.609495240548126,2.7192353881313043,2.115509598589792
4.5306059070680975,4.388690700696569,4.39235751364384
2.138137563504853,2.7192353881313043,1.4150638090347123
7.116638532701875,6.350267257280306,6.2479690549440825
4.027570206271769,3.6053134790057273,4.653482661342376
2.138137563504853,0.0,0.8744882523316289
7.0441150047503465,6.277938966042666,6.369275395833852
2.138137563504853,2.532901923184754,2.772625439053359
0.0,0.0,0.0
0.0,0.846305570751632,1.8073849903108583
3.4861740589936105,3.7830643658576735,2.584997580289027
7.838760125957981,7.119305808290389,7.069715309825334
4.902866615433742,3.032280577134576,3.459469887214497
4.420321031248732,4.729689393978666,4.745994904022693
8.000817264968417,8.08896281135926,8.130183453645081
6.987224935519179,6.998473898847852,6.888784989047221
4.420321031248732,4.083878839528882,4.39235751364384
6.563054213469386,5.849255262917923,5.988726119241419
3.690056043985187,3.1665403446796927,3.922871459374952
4.8184146398616825,5.4881295367462,4.91492408633389
1.4334760532826032,1.7628475801227037,0.0
10.721406274176257,10.78882148838751,10.756737374840275
2.609495240548126,1.3761692453425427,0.0
6.563054213469386,5.829148615385201,5.599954069632658
0.0,0.0,0.0
3.868660751385197,4.274372999508628,4.554629155789021
2.609495240548126,3.1665403446796927,1.8073849903108583
6.588776931516148,7.403906808526793,6.507836272997877
5.386231883212921,4.772434856206455,5.235257439512557
8.664732288854957,7.747083845293976,7.9811334662270434
0.0,0.0,0.0
9.401485259540594,9.580031626131136,9.53012318788353
4.982647165246312,5.409062739586958,5.599954069632658
6.212211037085422,6.535391516328781,6.383745883724132
3.2486616392715377,3.1665403446796927,2.9386360600829815
3.690056043985187,4.5932844116131974,3.922871459374952
6.276934290566108,6.321769580792224,6.27926519731943
1.4334760532826032,1.7628475801227037,2.772625439053359
8.428759419888493,9.12805546024044,9.03896100464332
8.385385937863617,8.289905396398764,8.11725212842168
6.455316053799703,6.432530855254993,6.369275395833852
2.9641894307294048,3.2893625141918443,3.345812791746194
5.9985516587800705,6.186068497582383,6.21597892828084
9.272515596808407,9.107334268200455,9.11465197200756
0.0,1.3761692453425427,0.0
5.747655377626174,4.729689393978666,5.136177586357087
4.027570206271769,3.2893625141918443,3.564823156854149
7.151577441118575,7.298169262774474,7.338406819965269
6.510190614218889,5.724184104635114,5.950354290500706
2.609495240548126,2.7192353881313043,3.754926479408451
4.8184146398616825,5.353836711904332,5.497227704024088
1.4334760532826032,0.846305570751632,0.0
1.4334760532826032,0.846305570751632,2.115509598589792
4.1706999010872465,4.33266385642655,4.4485006681895936
0.0,0.0,0.0
9.01232570011754,9.841999492501955,9.670993292356265
8.851630614623135,8.783449942058407,8.776475031826635
2.9641894307294048,3.032280577134576,0.8744882523316289
5.13008005046512,5.888646924206125,6.26370198721604
4.5306059070680975,5.462252438596837,5.101578895779515
9.148278368725345,9.148483246369228,9.205020651721938
6.1787269319460725,5.9457883383136405,5.870406095393683
4.982647165246312,5.0752558596257895,5.297721573813489
7.932145593662972,7.75243205297745,8.014062402851597
2.9641894307294048,2.532901923184754,2.36926775764794
4.8184146398616825,5.296412208582011,5.066130029276167
2.9641894307294048,4.4946112912842064,4.000039464453881
6.687313032725174,6.732291102011801,6.72796215282181
2.138137563504853,1.7628475801227037,1.8073849903108583
5.603688000358608,5.9457883383136405,5.672466611962801
7.314605338979351,7.0601545079565815,6.958111076349338
4.420321031248732,4.640200417124641,4.502540578785094
6.30823863766087,7.042798913750461,7.164948728711438
7.025399807468608,7.28346675843358,7.330958712035516
4.982647165246312,4.854304185494181,5.442984623531747
0.0,0.0,0.0
4.633055610115746,5.538531580801714,5.202981011204615
0.0,0.0,0.8744882523316289
9.756708546338006,9.577020531760612,9.56704741012874
4.5306059070680975,4.442622844884783,4.273058412468433
1.4334760532826032,1.3761692453425427,0.8744882523316289
4.300902556653133,4.5932844116131974,5.029788150157312
2.609495240548126,0.0,0.0
4.8184146398616825,4.442622844884783,4.832930632533778
0.0,0.846305570751632,0.0
6.4830142203880525,6.170171449488609,5.807396265744266
2.138137563504853,0.0,0.0
0.0,2.067488679955821,2.772625439053359
6.687313032725174,6.607993252898082,6.453998103781735
5.5523189975045355,5.9457883383136405,5.357593073295224
1.4334760532826032,1.3761692453425427,2.115509598589792
2.609495240548126,1.7628475801227037,2.584997580289027
0.0,0.0,0.8744882523316289
0.0,0.0,0.0
8.95414226289797,8.772962398350144,8.70048171233084
3.690056043985187,3.7830643658576735,3.345812791746194
3.4861740589936105,2.884232195671641,2.36926775764794
3.868660751385197,3.2893625141918443,3.564823156854149
5.386231883212921,4.274372999508628,4.554629155789021
2.609495240548126,2.532901923184754,2.115509598589792
0.0,0.0,1.4150638090347123
7.461066910170254,6.989443101264295,6.888784989047221
6.663302735813608,6.795831355273659,6.826590211790971
6.536864530483636,6.584196330198668,6.918904984763023
6.90770422931224,6.836688210874667,6.958111076349338
4.728709970956263,5.17421483118867,4.653482661342376
3.2486616392715377,2.532901923184754,4.000039464453881
5.747655377626174,5.4881295367462,5.415078608061543
2.9641894307294048,4.388690700696569,4.745994904022693
7.251587214949485,6.95274376840545,6.93864120755106
1.4334760532826032,1.3761692453425427,1.4150638090347123
3.690056043985187,4.213627421589719,3.922871459374952
4.300902556653133,3.1665403446796927,2.584997580289027
0.0,1.3761692453425427,0.0
2.9641894307294048,3.2893625141918443,3.08749998429564
3.2486616392715377,4.014348981718389,3.922871459374952
4.728709970956263,4.014348981718389,4.273058412468433
0.0,2.7192353881313043,1.8073849903108583
0.0,0.846305570751632,0.8744882523316289
4.5306059070680975,5.513550653526528,5.136177586357087
3.2486616392715377,3.402543765077897,3.2224300065550993
5.747655377626174,6.036265333276009,5.442984623531747
9.035892902849584,9.472335682030838,9.49722857776259
2.138137563504853,3.2893625141918443,3.2224300065550993
7.952101869897199,8.375581520733478,8.356127072530253
0.0,0.846305570751632,0.0
2.9641894307294048,2.884232195671641,2.9386360600829815
1.4334760532826032,1.7628475801227037,0.0
0.0,0.0,1.4150638090347123
3.2486616392715377,2.067488679955821,3.345812791746194
8.355728475300877,8.632100754229727,8.745996374725735
2.138137563504853,1.3761692453425427,1.8073849903108583
5.198506277052428,5.005298906990166,5.741508294961985
0.0,0.0,1.8073849903108583
2.138137563504853,0.846305570751632,0.0
2.9641894307294048,3.2893625141918443,3.345812791746194
1.4334760532826032,2.067488679955821,2.115509598589792
2.609495240548126,0.0,0.0
4.300902556653133,3.696924723560992,3.922871459374952
6.779547242845372,6.8958826657196015,6.670107751107389
0.0,1.3761692453425427,0.0
4.8184146398616825,4.772434856206455,4.502540578785094
7.2024487579229985,6.137841992795669,6.6220934874773825
2.609495240548126,3.402543765077897,2.36926775764794
0.0,0.0,0.0
0.0,1.3761692453425427,0.0
1.4334760532826032,0.0,0.0
0.0,0.0,0.0
0.0,0.0,0.8744882523316289
0.0,0.846305570751632,0.0
2.609495240548126,4.33266385642655,4.7004801944898515
2.138137563504853,2.7192353881313043,3.459469887214497
3.2486616392715377,2.7192353881313043,3.564823156854149
0.0,1.3761692453425427,0.8744882523316289
0.0,1.3761692453425427,0.0
0.0,2.3188822613527895,1.4150638090347123
0.0,2.884232195671641,2.36926775764794
0.0,0.0,0.0
0.0,0.846305570751632,1.4150638090347123
0.0,0.0,0.0
0.0,0.0,0.0
2.138137563504853,0.846305570751632,0.8744882523316289
3.4861740589936105,2.3188822613527895,2.36926775764794
4.982647165246312,4.442622844884783,4.273058412468433
1.4334760532826032,2.067488679955821,2.36926775764794
1.4334760532826032,1.3761692453425427,0.0
1.4334760532826032,2.7192353881313043,2.115509598589792
0.0,0.0,0.0
1.4334760532826032,0.0,1.4150638090347123
0.0,1.3761692453425427,0.0
1.4334760532826032,2.3188822613527895,2.584997580289027
2.138137563504853,0.846305570751632,0.0
1.4334760532826032,0.0,0.0
7.251587214949485,7.327132265461291,7.164948728711438
2.138137563504853,0.846305570751632,2.115509598589792
2.138137563504853,0.846305570751632,0.0
3.4861740589936105,3.032280577134576,4.14299766649662
11.137683085480813,11.436750835241156,11.427529531800408
1.4334760532826032,0.0,0.0
2.9641894307294048,0.0,0.8744882523316289
2.138137563504853,2.067488679955821,2.36926775764794
2.609495240548126,1.7628475801227037,2.115509598589792
0.0,0.846305570751632,0.0
2.609495240548126,3.2893625141918443,2.584997580289027
1.4334760532826032,1.3761692453425427,0.0
0.0,0.846305570751632,0.0
1.4334760532826032,2.532901923184754,0.8744882523316289
8.924146264970078,9.160602505881682,9.018242193006651
0.0,0.0,0.8744882523316289
2.609495240548126,2.7192353881313043,0.8744882523316289
0.0,0.0,2.115509598589792
3.4861740589936105,3.6053134790057273,2.772625439053359
4.982647165246312,4.5932844116131974,4.502540578785094
7.0441150047503465,6.962006493238565,6.93864120755106
3.690056043985187,3.8643493295108,3.564823156854149
0.0,1.3761692453425427,0.0
3.2486616392715377,2.7192353881313043,3.459469887214497
1.4334760532826032,0.846305570751632,0.0
0.0,0.0,2.36926775764794
0.0,0.846305570751632,0.8744882523316289
0.0,2.532901923184754,2.772625439053359
2.138137563504853,2.532901923184754,2.772625439053359
2.609495240548126,2.067488679955821,1.4150638090347123
0.0,1.3761692453425427,0.0
0.0,0.846305570751632,0.8744882523316289
0.0,0.0,0.0
0.0,0.0,1.8073849903108583
3.868660751385197,2.067488679955821,1.8073849903108583
0.0,1.3761692453425427,0.0
0.0,1.7628475801227037,1.4150638090347123
3.2486616392715377,3.6053134790057273,3.8413414125129752
0.0,0.0,0.0
1.4334760532826032,0.0,2.115509598589792
2.609495240548126,1.7628475801227037,1.8073849903108583
0.0,2.3188822613527895,1.4150638090347123
1.4334760532826032,2.532901923184754,1.4150638090347123
4.5306059070680975,4.442622844884783,4.502540578785094
2.609495240548126,2.884232195671641,2.115509598589792
2.9641894307294048,0.846305570751632,2.36926775764794
0.0,0.0,0.0
4.420321031248732,3.9412977455678506,4.000039464453881
0.0,0.0,0.0
3.868660751385197,3.8643493295108,4.273058412468433
2.609495240548126,0.0,0.8744882523316289
3.2486616392715377,0.846305570751632,0.0
0.0,0.0,1.8073849903108583
0.0,1.7628475801227037,1.4150638090347123
2.138137563504853,0.846305570751632,0.0
4.1706999010872465,3.032280577134576,3.6630037848267736
0.0,0.0,0.0
2.609495240548126,0.0,0.0
1.4334760532826032,1.7628475801227037,2.36926775764794
2.609495240548126,2.067488679955821,2.36926775764794
3.4861740589936105,4.014348981718389,3.922871459374952
4.1706999010872465,3.696924723560992,3.754926479408451
0.0,0.846305570751632,0.8744882523316289
0.0,0.0,0.0
3.2486616392715377,2.532901923184754,2.584997580289027
1.4334760532826032,2.3188822613527895,2.9386360600829815
4.5306059070680975,4.729689393978666,4.333940744587301
3.2486616392715377,2.884232195671641,3.345812791746194
3.690056043985187,3.6053134790057273,3.6630037848267736
2.138137563504853,2.884232195671641,2.115509598589792
3.2486616392715377,2.7192353881313043,3.2224300065550993
2.9641894307294048,1.3761692453425427,0.0
2.138137563504853,4.083878839528882,3.08749998429564
0.0,0.846305570751632,0.0
2.609495240548126,0.846305570751632,0.8744882523316289
3.4861740589936105,2.3188822613527895,2.115509598589792
2.138137563504853,2.532901923184754,2.115509598589792
3.4861740589936105,0.846305570751632,2.36926775764794
5.058246109287047,3.2893625141918443,3.08749998429564
2.9641894307294048,3.032280577134576,2.772625439053359
2.138137563504853,2.884232195671641,2.584997580289027
4.420321031248732,4.150211254386488,4.554629155789021
0.0,0.0,0.0
0.0,2.7192353881313043,2.9386360600829815
2.138137563504853,0.0,0.8744882523316289
3.4861740589936105,0.846305570751632,1.4150638090347123
0.0,1.3761692453425427,2.36926775764794
1.4334760532826032,0.0,0.0
0.0,0.0,1.4150638090347123
2.138137563504853,2.067488679955821,0.8744882523316289
0.0,0.0,0.0
0.0,0.0,0.0
0.0,2.067488679955821,2.36926775764794
2.609495240548126,2.884232195671641,1.4150638090347123
2.138137563504853,2.067488679955821,0.0
3.690056043985187,1.3761692453425427,2.584997580289027
0.0,0.846305570751632,0.0
1.4334760532826032,1.3761692453425427,0.8744882523316289
8.21416498715113,8.263927126747443,8.249550506324193
0.0,0.0,0.8744882523316289
1.4334760532826032,0.0,2.36926775764794
3.2486616392715377,3.8643493295108,3.2224300065550993
1.4334760532826032,1.3761692453425427,1.4150638090347123
0.0,0.846305570751632,1.4150638090347123
2.1878468093344487,1.0244644241439549,0.8966708824695038
7.965423438069078,8.048334507213658,7.780626885161573
6.195946173639724,6.070154466255981,5.3139503095274065
2.1878468093344487,0.0,0.8966708824695038
3.0201464606670347,2.625509064456788,2.4083924121471316
3.0201464606670347,3.042544284410344,3.6091572619433543
5.969050566682266,5.802524540324048,5.7432902963036
8.783946192592362,9.03142017731839,9.105400435220494
6.286365108801842,6.587166567872407,6.2309672640563925
7.162391201398027,7.114253973797595,7.294431825602897
5.044667206815635,5.134579706307527,5.375141946360958
11.740171510000328,11.794601395320106,11.41797996080886
5.409037165835657,5.256684122455728,5.433843413489333
5.996096692001416,5.930355012261218,5.917951457070484
3.0201464606670347,1.6174904035785849,2.8140077179681233
4.036539844336298,4.631493946766409,4.045422674552221
5.941487706502577,5.256684122455728,5.462322099446743
6.308111331133143,5.9784758302566035,6.263697532218725
6.451794814887973,7.449117979273206,6.9367421276706835
4.402727738483788,4.904855646645649,4.792580061244942
5.409037165835657,5.047029067347918,5.3139503095274065
3.9283702031886953,3.042544284410344,2.1528517044067006
5.409037165835657,5.775540810837221,5.183183166298148
0.0,0.0,1.4454776237320806
4.555994926802841,5.369255652649587,4.792580061244942
7.309798305172879,7.491190153382286,7.072251126787723
1.127908297400936,1.0244644241439549,0.8966708824695038
2.5214694711790284,1.6174904035785849,0.8966708824695038
5.044667206815635,5.256684122455728,5.183183166298148
6.371449832714428,6.829446786513649,6.247425214658924
5.66640142861484,4.690467266763643,4.7470084774202475
3.811428095751732,3.8524636464395727,2.1528517044067006
6.329534626975396,6.587166567872407,6.542394903744575
2.792247919928092,2.849043379169408,3.6091572619433543
5.969050566682266,6.092191900359458,6.417058519099321
1.7531052066154809,3.5036083467238193,4.438449685700989
7.011506693136518,7.44055428489455,7.090610897133725
8.28345483464016,8.125159769783387,8.281862139339555
2.1878468093344487,0.0,3.2656842343095707
5.144743080073491,4.904855646645649,4.7470084774202475
7.7910813423838015,7.44055428489455,7.722948405839837
4.481395701641587,5.134579706307527,4.699950300997299
3.9283702031886953,3.8524636464395727,4.118819223500774
3.39002549525068,2.0365428043664457,1.8420916757217696
4.481395701641587,4.045535688217926,3.6091572619433543
1.7531052066154809,0.0,0.8966708824695038
9.500053314149117,9.507884743649232,9.48261251804104
9.250579576127516,9.13058190761168,9.089513072730274
4.626925670761378,4.045535688217926,3.7076029991272086
1.7531052066154809,2.625509064456788,3.389486084443645
9.178623229853454,9.2431963310763,9.271518233909823
0.0,2.0365428043664457,1.4454776237320806
5.044667206815635,5.748042750713369,5.766314813340103
3.6841640601517023,3.042544284410344,2.4083924121471316
7.999236525985677,7.868488725116597,8.212303532902014
0.0,1.6174904035785849,1.8420916757217696
7.814061560298843,7.961212241297775,8.080723770000276
9.145788759848791,9.585675083249631,9.326773412494385
5.144743080073491,4.133174301385899,4.600962596990739
5.825647719890496,5.8550235361182015,5.958501814593637
2.792247919928092,4.133174301385899,4.548799514711809
9.178623229853454,8.999709221974191,8.89692029108794
9.163791043393362,9.564155555925824,9.434910542547271
4.820923400611872,4.854170744149985,5.4047912205442765
4.137161815227484,4.80164013442276,4.548799514711809
2.1878468093344487,2.3608744879735837,2.1528517044067006
4.991899588549008,4.133174301385899,4.118819223500774
6.219087704031037,5.571045223435882,5.6223105400162705
2.792247919928092,2.3608744879735837,0.8966708824695038
5.66640142861484,5.256684122455728,5.001060685730714
8.353100739493271,7.849206821968935,7.20457142143638
7.759860321824114,7.491190153382286,7.668989514244413
2.5214694711790284,2.3608744879735837,3.6091572619433543
7.895322692499715,7.727768231534347,7.60017556321616
7.895322692499715,8.065144954053736,8.174074128556558
5.66640142861484,5.905679006818678,5.6223105400162705
6.685741501760474,6.2958204626854135,6.48802941030017
6.600191559769663,6.706259891358322,5.696108675407122
10.558099658185911,10.596347534830931,10.732389701984964
5.941487706502577,5.775540810837221,5.6223105400162705
4.481395701641587,4.80164013442276,5.3139503095274065
3.811428095751732,4.368061320271338,3.886378258490339
6.350644446931225,6.474230735778307,6.2309672640563925
1.127908297400936,2.3608744879735837,0.0
4.555994926802841,3.7452856327273945,3.6091572619433543
8.60665183639434,9.195641672969982,8.233112370794558
6.685741501760474,6.677395481765519,6.996382376676788
7.0635747178760715,6.880992311441046,6.956897399824481
7.011506693136518,7.187733817473825,6.515468225693602
7.341778116651056,7.499459336626558,7.408592268494638
4.6945318867907435,4.293934962094727,4.188661827798793
7.309798305172879,6.955013826017562,7.423153272810813
4.319521475349487,4.045535688217926,4.438449685700989
1.127908297400936,2.0365428043664457,3.1302528173062325
7.719859246604294,7.783006495476418,7.814158594934983
6.998190673744029,7.379141389391469,6.7179991885380685
5.597431727078145,5.930355012261218,6.2309672640563925
8.064574245374011,8.203171583877038,8.043510122120313
9.199135400034775,9.149096327795586,8.433401620010368
7.433672241306105,7.197931968217582,6.895566649438642
1.7531052066154809,0.0,0.8966708824695038
0.0,1.0244644241439549,1.4454776237320806
6.022645101427404,5.571045223435882,5.938369101609992
6.148518825008268,6.156353685370624,5.766314813340103
6.412181562061996,6.2958204626854135,6.729760954535108
3.9283702031886953,3.952227049760956,3.6091572619433543
7.6363677090309725,7.9908414350102195,7.693220728155924
2.792247919928092,4.045535688217926,3.886378258490339
6.148518825008268,6.113897766977886,6.214319396121361
3.216907381183005,2.0365428043664457,2.625408260291476
4.6945318867907435,4.631493946766409,5.183183166298148
6.546315595935331,6.587166567872407,6.387662860238232
3.216907381183005,2.3608744879735837,2.9807782637889133
2.1878468093344487,1.0244644241439549,2.1528517044067006
8.740623916535052,8.93411639669101,8.628220639511456
1.7531052066154809,2.3608744879735837,2.9807782637889133
6.901369624866195,6.490915856541785,6.431534750486238
8.553021115822684,8.602982849279721,7.88949529406261
0.0,0.0,0.0
7.076303311165018,7.081579628453096,6.542394903744575
8.266893752244872,8.087258457902077,8.06688089703158
1.7531052066154809,1.6174904035785849,3.1302528173062325
6.350644446931225,5.829012826775243,5.0393709389050985
6.1724273821695075,5.829012826775243,5.876228291829624
8.93484559728034,9.240732151931862,8.336729975454741
6.308111331133143,6.3333112728776,6.295701694911521
2.5214694711790284,3.7452856327273945,2.8140077179681233
5.996096692001416,5.8550235361182015,5.833262452685216
6.124207365339061,5.775540810837221,6.4600585978304865
4.481395701641587,4.293934962094727,3.2656842343095707
8.353100739493271,8.423416609425274,8.089879107027466
5.884730060308097,5.539313296677603,5.183183166298148
4.231221059285832,3.6295017433582815,3.503498654563891
4.991899588549008,4.631493946766409,5.183183166298148
7.220881987378875,6.990647436365343,6.87452966637938
6.412181562061996,6.237691695986564,6.956897399824481
8.28893321670433,7.955212675631297,7.985825476341329
4.991899588549008,5.439701828856735,5.001060685730714
5.487370989830314,4.80164013442276,4.600962596990739
2.792247919928092,3.2131345784895036,3.389486084443645
3.216907381183005,2.3608744879735837,2.625408260291476
7.7910813423838015,7.655606507832578,7.254278622847229
4.319521475349487,3.365669685238544,4.438449685700989
7.6363677090309725,7.379141389391469,7.153090286330054
6.718589827826161,6.816267417077142,7.286490091411471
4.481395701641587,4.293934962094727,4.379939189629966
0.0,2.625509064456788,1.4454776237320806
8.233190111500102,8.333770183365449,8.228974545015495
5.144743080073491,3.952227049760956,4.879619554606472
5.632328685628324,4.95382015242631,5.811289959023757
6.828004090734416,6.96698975467689,6.9767749665845695
5.044667206815635,4.747124296715516,5.375141946360958
6.915605422251947,6.60260206839698,7.090610897133725
5.795173714325238,5.539313296677603,5.34487053258863
5.632328685628324,6.001947425956616,6.214319396121361
5.2383249933398455,4.133174301385899,4.318955043669765
2.792247919928092,3.6295017433582815,2.1528517044067006
7.491836270832109,7.431939453582375,7.229639090569199
7.076303311165018,7.816486338650847,7.74629723480123
7.6363677090309725,7.796491808972272,8.203895225385033
8.562099164698283,8.544243751202108,8.686717070042196
4.231221059285832,4.505782068917277,2.9807782637889133
8.602257975144772,8.816595786981376,8.40066628232266
5.326204625707964,6.135281895697043,6.163191151692783
9.782308774096528,9.650230281299182,9.1780279566474
2.1878468093344487,2.625509064456788,2.1528517044067006
4.626925670761378,4.045535688217926,4.600962596990739
4.402727738483788,4.570006841743199,3.6091572619433543
8.941817786290859,8.759213455441015,8.797041874848823
8.52079040874048,8.319829507495783,8.628220639511456
6.685741501760474,7.351999631188483,6.946854961041576
2.1878468093344487,2.0365428043664457,1.4454776237320806
1.7531052066154809,3.5036083467238193,2.9807782637889133
2.1878468093344487,2.0365428043664457,2.1528517044067006
6.241863885677287,6.440270188844614,5.997943499259186
2.792247919928092,2.0365428043664457,3.1302528173062325
5.561669687029291,5.802524540324048,5.917951457070484
3.5445780000758984,3.2131345784895036,1.8420916757217696
6.148518825008268,6.0250432611142175,6.09207336471098
5.913387981082212,6.237691695986564,6.279788357668961
7.7755552862918655,7.769393940312822,7.072251126787723
8.553021115822684,8.352150648702244,8.344400630865401
5.597431727078145,5.50686770305853,5.433843413489333
7.64493767788677,7.816486338650847,7.956094522844994
8.444298712452293,8.524120298763671,8.554081208348643
6.98475060212173,7.342837708011048,7.356439301023614
3.0201464606670347,2.625509064456788,1.8420916757217696
3.9283702031886953,2.625509064456788,4.494679407108428
5.632328685628324,5.404908680090168,5.544532934760537
1.127908297400936,1.0244644241439549,2.625408260291476
4.880195605043884,4.293934962094727,3.9680910132919567
5.66640142861484,5.295192236250544,4.7470084774202475
3.39002549525068,5.332699165065053,5.076690137323771
6.432124145872649,6.632986296044445,6.4600585978304865
3.216907381183005,2.0365428043664457,1.8420916757217696
6.391959440402942,6.720478383619671,6.247425214658924
5.192292689724378,5.748042750713369,6.528994384255339
6.451794814887973,6.539843745101346,6.180436013749005
5.66640142861484,5.662256661610338,5.0393709389050985
3.5445780000758984,3.952227049760956,1.8420916757217696
4.137161815227484,3.2131345784895036,3.389486084443645
5.632328685628324,5.954616044547651,6.055155089078425
3.6841640601517023,3.952227049760956,4.699950300997299
0.0,1.6174904035785849,1.4454776237320806
5.825647719890496,5.217119904422442,5.433843413489333
7.362710833218487,7.257651839655691,6.996382376676788
5.282933838311504,4.570006841743199,5.517646505569963
7.520061926104328,7.823090073040795,7.8030677287284895
8.373870986292452,8.470446553702828,8.436993449706737
4.93712844409818,4.747124296715516,4.961705301245247
4.402727738483788,4.133174301385899,3.1302528173062325
3.9283702031886953,4.215792685306175,4.318955043669765
7.12612353740425,7.523986251874799,7.699215470376685
2.5214694711790284,2.625509064456788,0.8966708824695038
7.916712866056515,7.881201629101646,8.052903911776706
4.991899588549008,5.217119904422442,5.766314813340103
8.63273763844024,8.931062858979526,8.418944203087948
5.7322238417293825,6.422985351034511,6.342414884289923
1.127908297400936,0.0,0.8966708824695038
5.095572718780858,5.00117722833536,5.462322099446743
8.005905074107716,8.262679360746121,8.352030717823753
0.0,1.6174904035785849,1.4454776237320806
10.26754493564018,10.279702386854716,10.096161189364846
5.561669687029291,6.001947425956616,6.180436013749005
4.880195605043884,4.631493946766409,3.9680910132919567
1.7531052066154809,0.0,0.8966708824695038
3.811428095751732,2.849043379169408,2.625408260291476
3.216907381183005,2.3608744879735837,3.389486084443645
3.216907381183005,4.690467266763643,3.7076029991272086
2.792247919928092,2.0365428043664457,2.625408260291476
6.872469555224101,6.507410213928654,6.19747717651291
4.626925670761378,5.0914684164966,4.548799514711809
9.698342806842817,9.5661251947061,9.342179552303334
6.308111331133143,6.113897766977886,5.997943499259186
4.820923400611872,4.904855646645649,5.596847743186798
2.792247919928092,2.849043379169408,2.625408260291476
9.01966588353237,9.46207886762114,8.774506366847845
1.7531052066154809,2.0365428043664457,2.9807782637889133
1.127908297400936,1.0244644241439549,0.8966708824695038
6.797580346192501,6.775991154082753,6.48802941030017
4.626925670761378,3.8524636464395727,4.318955043669765
1.127908297400936,1.6174904035785849,3.1302528173062325
6.600191559769663,6.587166567872407,6.729760954535108
8.906614926632448,8.599140444558055,8.557385138910213
8.27243526314072,8.21326156830937,7.91547548389164
3.0201464606670347,3.365669685238544,2.4083924121471316
7.232300870015362,7.361103737985278,7.644344355334717
7.373064386484239,7.081579628453096,6.831512447380951
3.811428095751732,2.625509064456788,4.318955043669765
2.5214694711790284,2.3608744879735837,3.503498654563891
6.546315595935331,6.720478383619671,6.542394903744575
4.6945318867907435,4.368061320271338,4.548799514711809
4.991899588549008,5.602094204166059,5.113068266171491
8.261330873846934,8.893907223268604,8.554081208348643
0.0,1.6174904035785849,2.1528517044067006
3.39002549525068,4.570006841743199,3.7997580332578047
3.5445780000758984,3.365669685238544,2.8140077179681233
5.69968799294147,5.473675601093939,5.788977638207527
0.0,1.6174904035785849,1.8420916757217696
8.012542940064945,8.198100004762162,8.30563288940884
6.9297021193219726,6.2958204626854135,6.501814049839167
4.481395701641587,4.215792685306175,4.494679407108428
3.216907381183005,2.3608744879735837,2.1528517044067006
4.137161815227484,3.952227049760956,4.494679407108428
7.482303654786242,7.548103151734481,6.996382376676788
6.391959440402942,6.092191900359458,6.342414884289923
3.811428095751732,4.368061320271338,2.9807782637889133
3.5445780000758984,4.293934962094727,3.6091572619433543
0.0,1.0244644241439549,0.0
3.9283702031886953,4.293934962094727,3.7997580332578047
5.282933838311504,5.720010371260755,5.811289959023757
3.0201464606670347,3.042544284410344,4.318955043669765
6.546315595935331,6.490915856541785,6.2309672640563925
2.1878468093344487,3.8524636464395727,2.8140077179681233
4.319521475349487,4.045535688217926,4.600962596990739
5.487370989830314,4.368061320271338,4.9212461584542915
4.231221059285832,4.215792685306175,4.255278822354986
6.527900372487857,7.092553506281382,6.431534750486238
6.718589827826161,7.13563286226961,6.986611981474481
5.2383249933398455,5.802524540324048,5.876228291829624
4.231221059285832,4.045535688217926,4.045422674552221
4.402727738483788,4.570006841743199,4.600962596990739
6.509247046123541,6.507410213928654,6.128070433584355
4.6945318867907435,5.0914684164966,4.699950300997299
1.7531052066154809,2.625509064456788,3.1302528173062325
5.524998582818621,5.176440016318316,5.517646505569963
6.842978704651326,6.748501758539187,6.996382376676788
6.635022623928105,6.816267417077142,6.87452966637938
7.64493767788677,7.257651839655691,7.221331503175167
9.045787968423651,8.967285553406384,9.309242550883203
7.965423438069078,7.563959984480759,8.10350408881448
3.216907381183005,2.849043379169408,3.9680910132919567
4.036539844336298,4.045535688217926,3.6091572619433543
6.219087704031037,6.942937651472472,6.775871952798021
6.998190673744029,6.855449743141464,6.831512447380951
3.6841640601517023,3.952227049760956,2.8140077179681233
8.192847462682053,8.449259165801712,7.910316739464633
0.0,0.0,2.1528517044067006
0.0,1.0244644241439549,1.8420916757217696
2.5214694711790284,1.6174904035785849,2.4083924121471316
2.792247919928092,2.849043379169408,2.1528517044067006
4.231221059285832,4.133174301385899,4.548799514711809
2.1878468093344487,1.6174904035785849,1.4454776237320806
3.6841640601517023,3.6295017433582815,3.7997580332578047
7.362710833218487,7.379141389391469,7.254278622847229
6.718589827826161,6.720478383619671,6.568828212471299
8.120950495535423,7.996694946622253,8.043510122120313
7.574908708475699,7.670330498094607,7.30233008144014
6.471200884527674,6.135281895697043,5.462322099446743
8.277955570055465,8.21828022040289,8.199672622966354
7.6190735192159345,7.457631140227028,7.752075872165419
7.851566743751515,7.816486338650847,8.071509961986367
5.2383249933398455,5.775540810837221,5.719892354591473
1.7531052066154809,2.0365428043664457,2.8140077179681233
7.965423438069078,7.734789789255283,7.780626885161573
7.873610597748416,7.796491808972272,7.711130739644518
2.792247919928092,3.7452856327273945,3.1302528173062325
0.0,0.0,0.0
0.0,2.0365428043664457,0.0
6.195946173639724,5.8550235361182015,5.766314813340103
6.9297021193219726,6.276703265184429,6.402435557345951
5.2383249933398455,5.134579706307527,5.7432902963036
4.137161815227484,4.368061320271338,4.255278822354986
6.1724273821695075,6.0250432611142175,5.833262452685216
6.546315595935331,6.86827755468061,6.247425214658924
5.969050566682266,5.404908680090168,5.2500478370637875
4.481395701641587,4.133174301385899,4.548799514711809
3.0201464606670347,2.625509064456788,2.1528517044067006
5.795173714325238,6.0250432611142175,5.647331715204301
5.144743080073491,5.9784758302566035,5.696108675407122
6.022645101427404,5.905679006818678,6.017267216106093
6.148518825008268,5.571045223435882,5.433843413489333
1.7531052066154809,3.042544284410344,0.8966708824695038
5.326204625707964,4.505782068917277,5.113068266171491
7.64493767788677,7.662987286814493,7.705185406054325
5.913387981082212,5.571045223435882,5.6223105400162705
4.759111313518454,4.631493946766409,5.1485516218610785
6.1724273821695075,6.3333112728776,6.4600585978304865
8.615399615798324,8.568027138202407,8.745832756910314
0.0,1.0244644241439549,1.8420916757217696
5.561669687029291,6.001947425956616,5.517646505569963
4.555994926802841,3.8524636464395727,4.879619554606472
6.58245551819469,7.474508223037173,7.108739953614504
8.795539021775896,8.796602784665021,8.830198548921237
0.0,2.625509064456788,1.4454776237320806
3.6841640601517023,4.215792685306175,3.503498654563891
8.492579142520881,8.243114900902,8.034054765783573
4.036539844336298,3.6295017433582815,3.7997580332578047
3.5445780000758984,3.2131345784895036,3.1302528173062325
2.5214694711790284,2.625509064456788,2.1528517044067006
9.633074560447236,9.774682727474904,9.601006320202234
6.219087704031037,6.555791116990666,6.0737323150777955
4.231221059285832,4.690467266763643,3.503498654563891
1.127908297400936,2.625509064456788,0.8966708824695038
7.433672241306105,7.197931968217582,7.547983495497881
2.5214694711790284,2.625509064456788,1.4454776237320806
7.150402998299737,6.748501758539187,6.581865439311479
4.036539844336298,4.293934962094727,3.6091572619433543
5.969050566682266,5.880573584989401,5.4047912205442765
3.9283702031886953,3.2131345784895036,3.1302528173062325
2.792247919928092,2.625509064456788,2.4083924121471316
6.195946173639724,6.84250684829306,6.163191151692783
8.261330873846934,8.103623950482051,7.995601181451425
6.124207365339061,6.2177830563914265,5.876228291829624
6.350644446931225,6.677395481765519,6.515468225693602
5.825647719890496,6.197595836401329,6.09207336471098
6.048713782854405,5.404908680090168,5.3139503095274065
3.811428095751732,2.849043379169408,2.4083924121471316
7.298978873558221,7.20805853578771,7.479970701368844
6.219087704031037,5.720010371260755,5.6719263267532725
9.679696212841703,9.712020171658889,9.016972387840948
4.991899588549008,4.80164013442276,5.34487053258863
5.66640142861484,5.176440016318316,5.517646505569963
3.9283702031886953,5.176440016318316,4.188661827798793
3.216907381183005,2.849043379169408,3.9680910132919567
4.319521475349487,4.631493946766409,3.886378258490339
6.527900372487857,6.351697548728342,6.6453408294344705
5.524998582818621,6.0250432611142175,5.375141946360958
6.527900372487857,6.6627437861898064,6.515468225693602
7.70354301533422,7.955212675631297,8.005311091934397
4.481395701641587,4.045535688217926,4.961705301245247
3.9283702031886953,3.7452856327273945,4.879619554606472
3.0201464606670347,3.6295017433582815,4.255278822354986
5.969050566682266,6.113897766977886,6.180436013749005
7.11382884086538,7.177463064326138,6.986611981474481
7.610348055595332,7.449117979273206,7.179060473327512
8.888686051152945,8.809962190297785,8.418944203087948
4.231221059285832,4.631493946766409,3.7997580332578047
6.371449832714428,6.587166567872407,6.387662860238232
5.524998582818621,5.880573584989401,5.7432902963036
8.012542940064945,7.769393940312822,7.975983078865051
1.127908297400936,1.6174904035785849,2.625408260291476
3.39002549525068,3.042544284410344,3.7076029991272086
4.036539844336298,4.133174301385899,3.7997580332578047
10.573893561775895,10.3760364142853,10.40756485055811
2.1878468093344487,0.0,0.8966708824695038
5.825647719890496,6.422985351034511,6.387662860238232
6.371449832714428,6.276703265184429,6.017267216106093
5.632328685628324,5.217119904422442,5.001060685730714
3.9283702031886953,3.042544284410344,3.7076029991272086
0.0,2.3608744879735837,2.4083924121471316
3.0201464606670347,3.6295017433582815,3.503498654563891
4.991899588549008,4.747124296715516,4.65130526352341
4.93712844409818,4.80164013442276,4.792580061244942
6.98475060212173,7.187733817473825,6.926557905849662
4.626925670761378,5.00117722833536,4.961705301245247
2.792247919928092,3.5036083467238193,3.389486084443645
3.216907381183005,3.8524636464395727,3.9680910132919567
3.9283702031886953,4.368061320271338,4.600962596990739
6.451794814887973,6.855449743141464,6.682127371696282
7.6363677090309725,7.548103151734481,7.458925513891277
2.792247919928092,2.625509064456788,3.7997580332578047
5.524998582818621,4.570006841743199,5.113068266171491
5.795173714325238,5.662256661610338,6.214319396121361
4.231221059285832,4.904855646645649,4.836756107811352
1.127908297400936,2.3608744879735837,0.8966708824695038
8.704184518768574,8.89076728973881,8.567251773555448
7.383344166223627,7.61812536216522,7.705185406054325
1.7531052066154809,3.2131345784895036,2.1528517044067006
5.795173714325238,5.404908680090168,5.544532934760537
4.880195605043884,4.368061320271338,4.792580061244942
7.491836270832109,7.431939453582375,7.873679603081122
4.880195605043884,4.133174301385899,4.118819223500774
7.909617987964991,8.076244074795603,8.043510122120313
3.6841640601517023,3.2131345784895036,2.8140077179681233
6.048713782854405,5.905679006818678,6.2309672640563925
2.1878468093344487,1.6174904035785849,0.8966708824695038
8.233190111500102,7.796491808972272,8.094435079916208
2.1878468093344487,2.849043379169408,3.7997580332578047
5.969050566682266,5.880573584989401,5.719892354591473
4.402727738483788,3.5036083467238193,4.438449685700989
8.337324433853318,8.248030945278408,7.873679603081122
6.635022623928105,6.237691695986564,6.7179991885380685
6.048713782854405,6.507410213928654,6.342414884289923
6.412181562061996,6.2958204626854135,6.247425214658924
5.7640420914124455,6.001947425956616,5.719892354591473
8.764415366394296,8.614449040339148,8.849193777831434
4.402727738483788,4.854170744149985,4.379939189629966
4.402727738483788,3.952227049760956,3.886378258490339
6.412181562061996,6.156353685370624,6.581865439311479
2.5214694711790284,2.625509064456788,2.625408260291476
2.792247919928092,1.0244644241439549,1.4454776237320806
6.546315595935331,6.720478383619671,6.528994384255339
7.92377302367238,8.087258457902077,7.8842426381080015
5.913387981082212,6.001947425956616,5.958501814593637
2.792247919928092,3.042544284410344,3.2656842343095707
4.137161815227484,3.5036083467238193,4.379939189629966
5.282933838311504,4.747124296715516,5.113068266171491
7.601569498832792,7.996694946622253,7.325768675213831
4.555994926802841,5.217119904422442,4.438449685700989
5.487370989830314,4.95382015242631,3.503498654563891
5.192292689724378,4.045535688217926,4.7470084774202475
5.884730060308097,6.113897766977886,5.833262452685216
6.264286075457586,5.880573584989401,5.811289959023757
5.996096692001416,6.507410213928654,6.7871730478323045
4.991899588549008,4.133174301385899,4.118819223500774
6.842978704651326,6.539843745101346,6.445867166933419
7.162391201398027,6.617874170038821,6.402435557345951
5.69968799294147,5.662256661610338,5.6223105400162705
6.98475060212173,7.0254220931482925,7.135513418775283
4.6945318867907435,5.047029067347918,4.65130526352341
6.451794814887973,6.38778172257297,6.4741117898823966
4.402727738483788,4.438564436711204,3.6091572619433543
7.653457039459186,7.361103737985278,7.580824127584323
5.969050566682266,5.217119904422442,5.3139503095274065
5.996096692001416,6.047775177621231,5.833262452685216
5.192292689724378,5.176440016318316,4.548799514711809
5.561669687029291,5.954616044547651,6.145737661584298
5.44873567271176,5.295192236250544,5.978357439226307
5.2383249933398455,6.070154466255981,5.811289959023757
5.095572718780858,4.570006841743199,4.65130526352341
2.1878468093344487,3.2131345784895036,2.1528517044067006
5.913387981082212,6.314687646922411,6.09207336471098
0.0,0.0,1.4454776237320806
6.219087704031037,5.930355012261218,6.09207336471098
4.880195605043884,4.904855646645649,4.699950300997299
1.127908297400936,1.0244644241439549,0.0
3.9283702031886953,4.045535688217926,4.836756107811352
7.62774652805555,7.699335190583824,8.39328977821091
6.943662408137003,6.2177830563914265,6.214319396121361
6.391959440402942,5.632489017788991,5.997943499259186
1.7531052066154809,2.0365428043664457,2.8140077179681233
5.44873567271176,5.00117722833536,4.548799514711809
7.403686558731629,7.640730695297998,7.717051673085623
3.216907381183005,3.952227049760956,3.6091572619433543
5.2383249933398455,5.369255652649587,5.833262452685216
7.331196749695288,7.532070095972064,7.507561754908886
5.282933838311504,4.438564436711204,4.7470084774202475
5.795173714325238,6.0250432611142175,5.6719263267532725
6.195946173639724,6.816267417077142,7.025302717571814
5.368215294388512,4.215792685306175,5.34487053258863
3.5445780000758984,4.95382015242631,4.379939189629966
5.969050566682266,5.691422495411322,5.433843413489333
4.93712844409818,4.690467266763643,3.9680910132919567
2.792247919928092,2.3608744879735837,2.625408260291476
5.44873567271176,5.0914684164966,5.2823528549417915
3.216907381183005,4.438564436711204,4.255278822354986
6.391959440402942,6.734558111896622,6.6453408294344705
4.991899588549008,4.368061320271338,4.118819223500774
4.481395701641587,4.045535688217926,4.318955043669765
5.825647719890496,6.6627437861898064,6.2309672640563925
7.538576834356137,7.727768231534347,7.722948405839837
5.095572718780858,5.295192236250544,3.9680910132919567
6.490349378911624,6.748501758539187,6.445867166933419
7.266025050253409,7.228100892352356,6.895566649438642
6.195946173639724,6.092191900359458,6.431534750486238
3.811428095751732,2.849043379169408,2.625408260291476
2.1878468093344487,3.365669685238544,1.4454776237320806
3.5445780000758984,1.6174904035785849,2.1528517044067006
4.036539844336298,3.8524636464395727,4.188661827798793
3.0201464606670347,2.0365428043664457,3.1302528173062325
5.326204625707964,5.332699165065053,5.001060685730714
3.9283702031886953,4.570006841743199,4.699950300997299
7.6190735192159345,8.098189387456152,8.220663118986996
7.037775589871881,7.10344454092237,7.117719762048076
3.6841640601517023,2.0365428043664457,1.8420916757217696
3.216907381183005,4.045535688217926,4.836756107811352
4.036539844336298,4.368061320271338,4.600962596990739
4.319521475349487,4.690467266763643,3.9680910132919567
2.5214694711790284,2.3608744879735837,1.8420916757217696
5.913387981082212,6.422985351034511,5.811289959023757
4.626925670761378,4.133174301385899,4.255278822354986
2.5214694711790284,3.042544284410344,2.625408260291476
4.93712844409818,4.505782068917277,4.600962596990739
3.39002549525068,3.365669685238544,2.8140077179681233
10.223880914332293,10.182904771613131,10.160579881551032
3.0201464606670347,2.3608744879735837,2.1528517044067006
2.1878468093344487,2.0365428043664457,2.1528517044067006
11.236096304542391,11.088787966839783,10.469378741041067
4.319521475349487,4.293934962094727,4.118819223500774
3.39002549525068,3.042544284410344,3.503498654563891
3.0201464606670347,2.3608744879735837,3.2656842343095707
10.464373315499031,10.777263634799624,11.002209288310825
2.5214694711790284,1.0244644241439549,2.625408260291476
6.782124449201178,7.238018615581664,6.956897399824481
1.127908297400936,0.0,1.4454776237320806
5.326204625707964,5.134579706307527,4.548799514711809
4.137161815227484,3.8524636464395727,4.188661827798793
2.792247919928092,2.625509064456788,4.438449685700989
2.5214694711790284,2.0365428043664457,2.4083924121471316
9.35872890081755,9.03142017731839,8.520618958875602
0.0,0.0,0.8966708824695038
5.095572718780858,4.631493946766409,5.34487053258863
6.971184145172681,6.978867088065993,7.229639090569199
7.601569498832792,7.720712332877483,7.722948405839837
3.9283702031886953,3.952227049760956,4.9212461584542915
2.792247919928092,2.3608744879735837,2.1528517044067006
6.241863885677287,6.775991154082753,6.357655769770256
5.7640420914124455,5.473675601093939,5.854905315546002
3.0201464606670347,4.133174301385899,4.548799514711809
3.811428095751732,3.952227049760956,3.503498654563891
6.1724273821695075,6.405490910908879,6.402435557345951
3.5445780000758984,4.045535688217926,3.7076029991272086
4.481395701641587,3.2131345784895036,3.1302528173062325
1.127908297400936,1.6174904035785849,1.4454776237320806
3.5445780000758984,3.952227049760956,4.255278822354986
3.5445780000758984,4.631493946766409,2.9807782637889133
9.679696212841703,9.839629936461275,9.078056876656367
5.2383249933398455,4.690467266763643,5.719892354591473
2.792247919928092,2.625509064456788,0.0
4.137161815227484,4.438564436711204,5.001060685730714
0.0,1.0244644241439549,1.4454776237320806
3.5445780000758984,3.042544284410344,0.8966708824695038
4.402727738483788,4.570006841743199,5.001060685730714
5.524998582818621,4.747124296715516,4.9212461584542915
4.231221059285832,4.215792685306175,4.494679407108428
6.264286075457586,5.9784758302566035,6.6453408294344705
4.481395701641587,4.631493946766409,4.379939189629966
6.022645101427404,5.880573584989401,4.7470084774202475
3.811428095751732,4.570006841743199,3.6091572619433543
6.9574889033554745,7.13563286226961,7.30233008144014
1.127908297400936,1.0244644241439549,1.4454776237320806
8.384145040702094,8.208225397047691,7.857688607409595
8.728579426419701,9.037111660666634,9.000074864470163
3.0201464606670347,3.6295017433582815,4.318955043669765
10.328665450419496,10.295222229374271,10.499749459494184
3.5445780000758984,4.690467266763643,3.503498654563891
6.782124449201178,7.507681392880743,7.841518377214648
6.219087704031037,5.775540810837221,6.279788357668961
3.6841640601517023,3.365669685238544,3.1302528173062325
1.127908297400936,1.0244644241439549,1.8420916757217696
7.11382884086538,8.162090805136835,7.650545226664898
7.050732822518285,7.342837708011048,7.144328620541878
4.93712844409818,4.904855646645649,4.600962596990739
6.5644987185263295,6.405490910908879,6.09207336471098
2.792247919928092,3.8524636464395727,3.7076029991272086
2.792247919928092,3.5036083467238193,2.8140077179681233
8.654121199826761,9.022840629988004,9.078056876656367
4.6945318867907435,5.047029067347918,5.2500478370637875
2.5214694711790284,2.625509064456788,2.8140077179681233
1.127908297400936,1.6174904035785849,1.4454776237320806
8.434445666519583,8.09273427525985,7.606568786582609
4.231221059285832,4.904855646645649,3.7076029991272086
4.036539844336298,2.3608744879735837,3.7997580332578047
8.337324433853318,8.666784989604963,8.048214662632951
4.137161815227484,3.365669685238544,3.7997580332578047
3.5445780000758984,4.505782068917277,4.699950300997299
6.099479190791413,6.762311928865355,5.4902494834976645
8.051741283726955,7.918681701240496,8.125930288146874
3.6841640601517023,2.0365428043664457,2.4083924121471316
5.326204625707964,4.854170744149985,5.217002839612216
4.6945318867907435,5.047029067347918,4.118819223500774
6.600191559769663,6.507410213928654,6.542394903744575
9.115276580735609,8.982113979155953,9.136659733164208
4.93712844409818,5.439701828856735,5.2500478370637875
2.5214694711790284,2.0365428043664457,2.8140077179681233
6.509247046123541,5.9784758302566035,5.113068266171491
0.0,2.0365428043664457,1.4454776237320806
3.811428095751732,3.365669685238544,2.9807782637889133
1.127908297400936,2.625509064456788,1.8420916757217696
5.969050566682266,5.332699165065053,6.842387597545404
5.597431727078145,5.134579706307527,5.375141946360958
3.39002549525068,3.042544284410344,2.8140077179681233
1.127908297400936,2.3608744879735837,0.0
8.679370005861006,8.738403338656738,8.520618958875602
1.7531052066154809,1.0244644241439549,0.0
7.873610597748416,8.025611471868313,7.814158594934983
4.036539844336298,3.365669685238544,2.1528517044067006
1.7531052066154809,1.6174904035785849,0.8966708824695038
5.326204625707964,5.571045223435882,4.836756107811352
6.685741501760474,6.84250684829306,6.6453408294344705
6.635022623928105,6.60260206839698,6.729760954535108
0.0,1.6174904035785849,1.4454776237320806
4.626925670761378,5.0914684164966,3.886378258490339
7.743992733404249,7.423272870951672,7.437568781343009
7.298978873558221,7.081579628453096,7.126644022769523
5.561669687029291,6.314687646922411,5.938369101609992
2.1878468093344487,1.0244644241439549,1.4454776237320806
4.6945318867907435,4.904855646645649,4.494679407108428
5.855491317062777,5.439701828856735,5.34487053258863
6.048713782854405,6.047775177621231,6.7530006691109925
6.391959440402942,6.38778172257297,6.263697532218725
4.481395701641587,4.045535688217926,5.0393709389050985
9.316436980063726,9.037111660666634,9.289510662887174
6.734737714633829,6.96698975467689,7.099703901638776
2.792247919928092,3.2131345784895036,2.1528517044067006
7.70354301533422,7.829663717442339,8.4261910214081
1.127908297400936,2.3608744879735837,2.8140077179681233
5.368215294388512,4.505782068917277,5.001060685730714
15.19762773016094,15.071754026223587,14.782729197753495
15.46266435800574,15.195446187549356,14.872172533022129
5.524998582818621,5.571045223435882,5.811289959023757
1.7531052066154809,0.0,0.8966708824695038
5.7322238417293825,5.632489017788991,5.958501814593637
4.402727738483788,4.747124296715516,4.699950300997299
7.024700929382427,7.677636522171511,7.752075872165419
1.127908297400936,2.0365428043664457,2.625408260291476
5.561669687029291,5.802524540324048,4.7470084774202475
3.9283702031886953,3.952227049760956,4.379939189629966
2.1878468093344487,1.6174904035785849,1.4454776237320806
7.20937200312546,6.647941763197832,7.161799062479744
4.231221059285832,4.293934962094727,4.494679407108428
1.127908297400936,2.0365428043664457,0.0
6.943662408137003,6.706259891358322,6.9767749665845695
9.896165112299862,9.870242160540798,8.973115165789272
7.320537200512747,7.670330498094607,7.161799062479744
3.0201464606670347,1.6174904035785849,1.4454776237320806
7.331196749695288,7.414553911478186,6.842387597545404
6.391959440402942,6.632986296044445,6.706140744435435
3.6841640601517023,4.045535688217926,3.503498654563891
4.555994926802841,4.747124296715516,5.001060685730714
4.6945318867907435,4.368061320271338,4.699950300997299
1.127908297400936,1.0244644241439549,2.625408260291476
2.792247919928092,4.570006841743199,2.4083924121471316
5.795173714325238,6.001947425956616,6.017267216106093
1.7531052066154809,1.6174904035785849,1.4454776237320806
3.6841640601517023,4.368061320271338,3.6091572619433543
2.5214694711790284,2.3608744879735837,2.625408260291476
4.6945318867907435,3.2131345784895036,4.045422674552221
4.555994926802841,4.570006841743199,4.318955043669765
3.39002549525068,2.0365428043664457,2.4083924121471316
2.1878468093344487,3.6295017433582815,2.8140077179681233
7.150402998299737,7.228100892352356,7.144328620541878
5.2383249933398455,4.631493946766409,4.836756107811352
3.811428095751732,3.952227049760956,4.379939189629966
2.792247919928092,1.0244644241439549,0.8966708824695038
5.44873567271176,5.404908680090168,5.375141946360958
5.632328685628324,6.113897766977886,5.811289959023757
1.7531052066154809,1.6174904035785849,2.8140077179681233
2.5214694711790284,2.3608744879735837,2.1528517044067006
8.859528187744917,8.72082929328136,8.309556879845877
6.971184145172681,6.86827755468061,6.9767749665845695
1.127908297400936,1.0244644241439549,2.625408260291476
6.669032545765229,6.691899872663441,6.96687041727027
6.391959440402942,6.490915856541785,6.775871952798021
4.93712844409818,4.045535688217926,4.318955043669765
9.566969578527964,9.589553470465786,9.846278799809754
6.546315595935331,6.930759538625702,7.371533516464906
3.5445780000758984,4.045535688217926,3.9680910132919567
3.6841640601517023,3.5036083467238193,2.9807782637889133
5.192292689724378,5.176440016318316,5.517646505569963
1.7531052066154809,1.6174904035785849,0.8966708824695038
0.0,2.0365428043664457,0.0
2.1878468093344487,1.0244644241439549,1.4454776237320806
1.127908297400936,1.0244644241439549,0.8966708824695038
5.66640142861484,6.047775177621231,5.375141946360958
1.127908297400936,1.6174904035785849,2.625408260291476
5.326204625707964,5.8550235361182015,5.4047912205442765
1.127908297400936,1.0244644241439549,1.4454776237320806
6.195946173639724,5.802524540324048,5.462322099446743
1.7531052066154809,1.6174904035785849,0.8966708824695038
4.6945318867907435,4.904855646645649,4.548799514711809
4.036539844336298,3.365669685238544,2.8140077179681233
1.127908297400936,0.0,0.8966708824695038
3.6841640601517023,2.3608744879735837,3.1302528173062325
3.6841640601517023,2.849043379169408,3.389486084443645
3.39002549525068,3.8524636464395727,2.4083924121471316
1.127908297400936,0.0,0.8966708824695038
6.391959440402942,6.237691695986564,6.431534750486238
1.7531052066154809,1.0244644241439549,2.4083924121471316
4.6945318867907435,4.438564436711204,3.2656842343095707
3.6841640601517023,2.849043379169408,4.318955043669765
3.39002549525068,3.6295017433582815,2.8140077179681233
3.6841640601517023,2.625509064456788,4.65130526352341
1.7531052066154809,3.2131345784895036,2.1528517044067006
1.7531052066154809,2.625509064456788,2.625408260291476
1.127908297400936,2.3608744879735837,0.0
3.216907381183005,2.625509064456788,3.389486084443645
4.759111313518454,4.904855646645649,5.2500478370637875
5.044667206815635,5.473675601093939,4.7470084774202475
4.820923400611872,4.904855646645649,4.699950300997299
4.137161815227484,4.045535688217926,3.2656842343095707
3.9283702031886953,4.438564436711204,3.7997580332578047
4.137161815227484,4.747124296715516,3.389486084443645
3.6841640601517023,3.8524636464395727,2.1528517044067006
5.192292689724378,4.438564436711204,3.9680910132919567
4.555994926802841,3.042544284410344,3.7997580332578047
3.39002549525068,2.0365428043664457,0.8966708824695038
2.1878468093344487,2.0365428043664457,0.8966708824695038
3.0201464606670347,2.849043379169408,2.8140077179681233
1.7531052066154809,2.3608744879735837,0.8966708824695038
0.0,0.0,0.0
1.7531052066154809,1.0244644241439549,0.8966708824695038
1.127908297400936,2.849043379169408,2.1528517044067006
1.127908297400936,1.6174904035785849,1.8420916757217696
3.811428095751732,3.365669685238544,3.503498654563891
2.792247919928092,3.042544284410344,2.4083924121471316
4.036539844336298,3.365669685238544,2.625408260291476
3.216907381183005,2.625509064456788,1.8420916757217696
0.0,1.6174904035785849,2.1528517044067006
1.7531052066154809,1.6174904035785849,2.8140077179681233
4.319521475349487,5.720010371260755,4.045422674552221
3.0201464606670347,1.0244644241439549,0.0
4.402727738483788,4.438564436711204,3.9680910132919567
1.127908297400936,0.0,1.8420916757217696
1.7531052066154809,0.0,1.4454776237320806
0.0,1.6174904035785849,2.9807782637889133
2.1878468093344487,0.0,2.625408260291476
1.127908297400936,2.0365428043664457,1.8420916757217696
4.6945318867907435,2.849043379169408,3.389486084443645
3.0201464606670347,3.042544284410344,2.8140077179681233
0.0,0.0,0.8966708824695038
3.9283702031886953,3.5036083467238193,3.2656842343095707
3.0201464606670347,2.849043379169408,2.4083924121471316
2.5214694711790284,3.2131345784895036,0.8966708824695038
4.036539844336298,1.0244644241439549,2.4083924121471316
1.127908297400936,1.6174904035785849,1.4454776237320806
0.0,1.0244644241439549,0.8966708824695038
1.169035828833055,2.420536794691922,2.2344845923790824
6.486256975517023,5.545779044309034,5.868937452889393
2.246663788354165,1.667597390739755,0.0
2.583628536214724,1.2935081824757793,1.918179767477204
5.311322345944074,5.792367944689754,5.6468474578057855
0.0,2.2104153203182793,0.0
2.583628536214724,2.6039096794870713,1.51246595043351
6.360362342820388,6.142806111774644,5.868937452889393
3.613239691404382,3.6564816778911298,3.072430133264163
5.837630861277877,5.714762188283145,5.673281182073652
5.739896020683038,5.429140046423259,5.619920348556439
2.583628536214724,2.2104153203182793,0.9459719702367412
5.355990166753498,4.554228205452251,5.28488204080405
4.952647074754181,5.328524738370655,5.699239277079914
0.0,0.0,0.9459719702367412
6.148168774324747,5.653689315962776,5.47718702733986
6.315831793333798,7.3013431496653745,7.019942089663767
3.283965590594543,2.766581548621033,2.2344845923790824
7.072552444374812,7.926924945026043,7.791187334777103
7.881048931125736,7.470251523869388,7.856083743753215
0.0,2.9127557664605015,3.4843121650326756
2.246663788354165,0.0,1.51246595043351
9.612190603396572,10.87789697283734,10.77025117465118
9.155748835120583,9.057659409017388,9.189231349617923
1.8062115994418957,3.8136381226818834,3.7053501275360574
0.0,0.7871122724200131,2.7134578716552697
8.737339525267325,9.282749630543456,9.16615066683178
5.739896020683038,5.84794991660125,4.9377004768361745
6.975691730612013,6.844509498858307,6.924138216802051
6.887155860601215,6.700961355846783,7.147977478289584
6.638660088735596,6.807604756737513,7.070539983084559
4.207939041009724,4.144796114547888,4.479565985314829
7.9482322837005315,8.53834521792215,8.409789774272756
8.427810482271592,7.578271894258268,8.33725283142028
7.786308901827037,7.347068411428345,7.414025597707111
5.441379412747367,6.270337982547097,6.061355669531017
4.107016405932684,2.6039096794870713,1.918179767477204
6.506211336740633,6.730836393283381,6.890735683357632
5.168368589552175,5.953074895619026,5.214628727030609
3.4579763234462466,3.6564816778911298,2.904080281226693
6.709220819725195,5.611488754228909,5.535985476431197
2.246663788354165,1.2935081824757793,2.904080281226693
6.0152321201233825,6.310460700458159,6.334100318299137
4.766642199529245,3.1670024629229987,4.2174820653654965
6.0152321201233825,5.453234459393591,5.749794959804313
7.150695197194673,7.040136869508385,6.988709050499259
2.246663788354165,2.2104153203182793,1.51246595043351
1.169035828833055,2.6039096794870713,2.4937579377882537
4.4742045144308165,2.6039096794870713,3.3596425496849505
4.698900418805928,5.072653089365245,3.9840225264720672
5.987109006171664,5.328524738370655,5.47718702733986
4.302260943910391,4.722279887166587,4.84772591259785
0.0,2.6039096794870713,2.2344845923790824
5.899292710517162,5.84794991660125,6.460901724738217
7.306748230577088,6.8261751294216335,6.645788688445357
0.0,0.7871122724200131,0.9459719702367412
7.260504374989755,7.470251523869388,7.119423282062994
2.856601009838485,4.312232511768845,4.800542967699481
2.856601009838485,2.6039096794870713,2.4937579377882537
8.86258867649342,8.690523397571098,8.726142460838076
1.8062115994418957,2.6039096794870713,2.4937579377882537
4.627820432096269,4.942528388881624,4.59467746443485
6.726334660265589,6.518883208611143,6.7237354542137275
9.297037044788528,10.053352533751944,10.150854465094904
5.355990166753498,4.942528388881624,5.178176084065701
2.856601009838485,1.964386763254362,2.2344845923790824
7.9482322837005315,7.791733079955913,7.815125148767661
0.0,1.2935081824757793,0.9459719702367412
4.627820432096269,5.072653089365245,5.415889997243144
2.246663788354165,2.766581548621033,2.7134578716552697
3.613239691404382,3.6564816778911298,4.066112281463039
5.86879119493531,6.412300020738322,6.475996075673785
7.405676294925497,7.281294084823783,7.390319835904991
3.613239691404382,4.144796114547888,4.066112281463039
9.543848419778666,8.693054983389217,8.805958003057468
2.583628536214724,4.598111660620564,4.2174820653654965
9.560643637511667,6.2567118856117485,6.821516976007744
7.260504374989755,7.499471291402837,7.590831603978288
4.302260943910391,3.7371987745467248,4.143781507307443
6.403559457754215,3.2790854878575644,3.223171867782088
6.06988527537577,6.002897732393468,6.120185831027147
5.560675418742802,6.186581381917725,6.020759060147799
6.122543370952541,5.829659495334149,5.935969157856927
6.0428174832780135,5.811134208143242,5.592481085405485
8.572050486188,7.847339050887036,7.748315968644286
5.7732154103337185,5.220362797558916,5.28488204080405
7.200533796364437,7.1838614091806665,7.060561373931273
0.0,0.0,0.0
1.8062115994418957,2.9127557664605015,2.2344845923790824
3.7534052432122857,4.2027944005286475,4.287599889753829
7.099073104105514,6.660140580699884,6.176710716088288
8.523924250400716,8.451300821257286,8.559007856880541
7.676126559306693,7.434388226210377,7.230398093306424
1.169035828833055,2.2104153203182793,0.9459719702367412
3.998499203171392,5.56801648297262,4.893414495959333
7.769895894864124,7.094767839664221,7.534270081107298
4.893270698636854,4.50896792755303,4.418372121292375
8.494258558499922,8.809625613086094,8.909652915578151
5.635055911566559,5.500248682054799,5.724738556984264
9.19930042137789,9.107853350788142,9.245367493270392
4.627820432096269,4.50896792755303,4.9377004768361745
4.766642199529245,4.942528388881624,5.673281182073652
5.670855843872947,5.103429690744369,5.673281182073652
5.117386261296756,5.429140046423259,5.535985476431197
0.0,1.667597390739755,0.0
6.932102852019465,9.005655986020145,8.760450938830639
6.0428174832780135,5.674335539709731,5.749794959804313
6.0428174832780135,6.628748686641819,6.15811407821644
4.207939041009724,4.872782571470365,4.9377004768361745
5.635055911566559,6.495869218096571,6.081233471270859
1.169035828833055,5.86601135278382,6.176710716088288
3.881150735998227,4.0843682041910965,3.804343661299686
4.698900418805928,4.976176315776484,4.980667413928631
7.212729001769284,7.198189746080285,6.9459845182022955
5.168368589552175,5.163080625637371,4.980667413928631
3.881150735998227,4.640699592215125,4.701279104566726
5.399316442586086,4.462241626417865,4.701279104566726
10.140188354017798,9.337173875702971,9.508372774322932
0.0,2.2104153203182793,0.9459719702367412
4.207939041009724,4.258550909440941,2.904080281226693
11.96724625301256,12.428755903883571,12.4234340279186
4.766642199529245,4.722279887166587,4.751764592434789
6.486256975517023,6.297210058821763,6.195070686898611
8.336025947950874,8.593587625952937,8.59401970249723
1.8062115994418957,0.0,1.918179767477204
0.0,1.2935081824757793,1.51246595043351
5.399316442586086,5.811134208143242,6.00002417338707
3.0860503698190223,4.0843682041910965,4.066112281463039
7.794445910501031,8.034645528182354,8.034904324062984
0.0,2.6039096794870713,2.7134578716552697
0.0,1.964386763254362,0.9459719702367412
1.169035828833055,1.2935081824757793,2.4937579377882537
6.808984999067663,6.983355473988696,6.95678485383994
1.8062115994418957,1.2935081824757793,1.51246595043351
1.8062115994418957,2.9127557664605015,2.7134578716552697
7.940920111199409,7.688946856261703,7.691254780243884
9.489753393565366,9.594429974576082,9.605939738630852
6.122543370952541,6.710988597463664,6.5913816406925445
7.22482198372048,7.1620984982420435,7.157371320424018
2.856601009838485,4.413951141920098,4.84772591259785
3.998499203171392,3.383085014617831,3.223171867782088
6.638660088735596,4.640699592215125,4.980667413928631
9.401946137861431,8.7979130446656,9.003790420736681
2.583628536214724,3.8136381226818834,2.2344845923790824
1.169035828833055,1.2935081824757793,1.51246595043351
6.486256975517023,6.186581381917725,5.978986927136198
4.766642199529245,4.872782571470365,4.980667413928631
8.219991581915988,8.396436351874002,8.456197685739427
5.265227239652079,4.976176315776484,4.354467219899678
4.107016405932684,4.682066304541401,5.140778462063011
5.441379412747367,5.248172965431768,4.59467746443485
2.246663788354165,2.6039096794870713,3.223171867782088
3.4579763234462466,3.480088992742815,4.2174820653654965
2.583628536214724,3.8136381226818834,4.354467219899678
2.583628536214724,4.363988112705335,3.4843121650326756
4.952647074754181,4.640699592215125,4.84772591259785
7.405676294925497,7.191043365554182,7.274231236688587
7.865684694141979,8.189688219871416,8.349598428999217
5.670855843872947,5.009057326027325,4.287599889753829
6.338268872501172,6.242955863577144,6.398893677587521
4.302260943910391,4.144796114547888,3.896978526200117
0.0,1.2935081824757793,0.9459719702367412
0.0,0.0,0.9459719702367412
2.856601009838485,3.2790854878575644,3.804343661299686
2.856601009838485,3.0454726310430704,2.7134578716552697
3.0860503698190223,3.8862304070733424,4.2174820653654965
2.856601009838485,2.420536794691922,3.223171867782088
4.107016405932684,5.694690461874134,5.619920348556439
3.283965590594543,4.722279887166587,4.479565985314829
6.91727556969813,5.523193468694959,6.414647331965287
7.728027384783095,8.17527477512492,7.977725276202323
2.856601009838485,3.0454726310430704,3.3596425496849505
6.545310685789989,6.649752327373826,7.265570502917824
3.4579763234462466,3.6564816778911298,2.904080281226693
5.739896020683038,6.436674949914688,6.520354090235933
8.243957078502838,8.43928775684834,8.252133313677291
6.961307939829503,6.460644887609981,6.4456477762664806
0.0,0.0,0.9459719702367412
4.553056106033177,4.312232511768845,5.062942950002011
8.733112474817814,8.620435325455583,8.68126290904429
4.390792791186304,3.8136381226818834,2.7134578716552697
4.4742045144308165,5.103429690744369,5.351872576335966
8.758290972760692,8.424129377008757,8.459998461223742
7.059107024611881,6.484223072103106,6.935102718611691
0.0,0.7871122724200131,0.9459719702367412
5.311322345944074,4.79949290466337,5.699239277079914
4.553056106033177,6.002897732393468,5.564509807646584
6.709220819725195,7.219418914007844,6.9781459491173115
4.4742045144308165,4.363988112705335,5.02239161452033
1.169035828833055,2.6039096794870713,0.0
6.148168774324747,5.969874413911551,6.020759060147799
6.315831793333798,5.041205601714661,4.800542967699481
5.399316442586086,4.554228205452251,4.354467219899678
5.217610615520687,4.761402889222107,5.47718702733986
5.635055911566559,5.453234459393591,5.673281182073652
2.246663788354165,3.8862304070733424,3.896978526200117
0.0,0.7871122724200131,1.51246595043351
4.207939041009724,4.872782571470365,4.418372121292375
7.903792780620952,7.385140112935464,7.548619709335461
6.5644700380670455,7.34062429207245,7.256857463189618
1.169035828833055,0.7871122724200131,2.2344845923790824
6.506211336740633,5.523193468694959,6.266259605843645
6.691901528204237,6.798229155100746,6.988709050499259
5.86879119493531,6.082293017785891,6.195070686898611
6.222422197238793,5.734558491069334,5.749794959804313
4.4742045144308165,3.2790854878575644,3.3596425496849505
2.246663788354165,2.6039096794870713,2.2344845923790824
6.096454561142645,5.404636388820439,5.214628727030609
3.613239691404382,4.682066304541401,3.896978526200117
2.583628536214724,2.6039096794870713,3.072430133264163
4.952647074754181,4.413951141920098,4.59467746443485
0.0,2.420536794691922,1.51246595043351
7.384271072370544,6.730836393283381,6.659075793980569
5.598344963007395,5.611488754228909,6.041200155785749
3.0860503698190223,4.363988112705335,4.648962668335466
8.659290322304015,8.427173821269719,8.526753852070568
6.293040248283962,5.829659495334149,6.35057350255782
5.598344963007395,6.323590746444722,6.195070686898611
4.553056106033177,4.682066304541401,4.354467219899678
2.583628536214724,3.8136381226818834,2.7134578716552697
6.840763396852731,6.460644887609981,6.3829660986537995
5.739896020683038,3.480088992742815,3.223171867782088
4.207939041009724,4.836603082234361,4.893414495959333
6.293040248283962,3.8136381226818834,3.9840225264720672
5.441379412747367,5.589916354423457,5.535985476431197
3.4579763234462466,3.1670024629229987,1.918179767477204
3.283965590594543,0.7871122724200131,0.0
10.97925349347146,11.146171636042023,11.125903290283516
8.330440613526507,6.495869218096571,6.999195372953357
3.4579763234462466,3.0454726310430704,2.2344845923790824
2.246663788354165,1.2935081824757793,1.51246595043351
5.7732154103337185,5.56801648297262,5.506885779702032
10.24632792522478,9.27262988892557,9.254149991173888
4.207939041009724,4.021298175057105,4.354467219899678
7.28381158125321,6.530253981677763,6.505719103692124
6.246347684044023,6.051057241967112,5.868937452889393
0.0,0.0,3.072430133264163
0.0,0.7871122724200131,0.9459719702367412
7.658402906796864,7.922616822305651,7.923701494959319
1.8062115994418957,1.964386763254362,1.918179767477204
9.276851132113627,8.837353799539061,8.861613209333848
2.856601009838485,2.9127557664605015,3.3596425496849505
5.7732154103337185,5.072653089365245,5.178176084065701
8.499245395858814,8.17527477512492,8.328963347866022
5.521995871763407,5.694690461874134,5.935969157856927
4.831345310886777,5.248172965431768,5.214628727030609
1.8062115994418957,2.766581548621033,1.51246595043351
0.0,1.667597390739755,0.9459719702367412
5.009676017117655,4.9080769141305485,4.648962668335466
2.856601009838485,5.354344023161706,5.250182972595534
2.246663788354165,0.7871122724200131,2.2344845923790824
6.198093232304976,6.399956362017443,6.120185831027147
4.302260943910391,4.554228205452251,3.9840225264720672
0.0,1.667597390739755,0.0
6.096454561142645,5.969874413911551,6.398893677587521
4.107016405932684,2.420536794691922,1.918179767477204
5.899292710517162,5.453234459393591,5.619920348556439
7.150695197194673,7.327649052856697,6.901956010337463
6.4455006792808005,6.12791412595281,5.47718702733986
8.164567753458803,8.535526782451107,8.333114043382604
4.952647074754181,4.50896792755303,4.701279104566726
6.583378280496261,6.4487096998394495,6.366860711904826
8.79525349134015,9.09067543794303,9.133204509951083
3.613239691404382,3.480088992742815,4.418372121292375
5.399316442586086,5.192005991332843,4.59467746443485
5.705788882617483,5.354344023161706,5.506885779702032
2.856601009838485,0.7871122724200131,0.0
5.168368589552175,4.554228205452251,4.143781507307443
3.4579763234462466,4.258550909440941,2.7134578716552697
8.645861515465214,8.972696469739411,8.956144383206924
7.272205044544138,7.087088934254211,6.901956010337463
5.0645360989299935,5.041205601714661,5.592481085405485
6.691901528204237,6.835371439044323,7.070539983084559
7.072552444374812,6.1128668153112224,6.3829660986537995
4.952647074754181,4.554228205452251,4.354467219899678
6.691901528204237,6.90690482623775,6.645788688445357
6.808984999067663,6.097660905563668,5.535985476431197
4.627820432096269,5.2754571722374255,4.980667413928631
15.897956666275023,15.026230436643283,15.112337685751118
0.0,1.2935081824757793,0.9459719702367412
4.4742045144308165,4.50896792755303,5.384236342248328
1.8062115994418957,2.9127557664605015,3.4843121650326756
10.6124197309935,11.112998092100794,10.982651193729025
6.293040248283962,6.283836585712419,6.460901724738217
1.169035828833055,0.0,1.51246595043351
5.399316442586086,4.50896792755303,5.44686403528924
6.856393898147798,7.094767839664221,7.316771781856576
10.213326630203015,9.843772648028164,9.969432216975694
2.856601009838485,5.009057326027325,4.354467219899678
10.06986294572899,8.94535109159037,9.22093625976481
7.373448175193328,6.472482147052427,6.475996075673785
9.288420500223737,8.601694525649613,8.607789944386402
2.583628536214724,3.570979513350055,1.918179767477204
4.390792791186304,3.6564816778911298,4.418372121292375
6.583378280496261,5.2754571722374255,5.673281182073652
7.761618834357603,7.842786208430468,7.723233641161464
4.893270698636854,4.554228205452251,5.102385559877196
2.856601009838485,2.9127557664605015,3.223171867782088
7.188234624547346,6.387506179222743,6.577453127983989
3.4579763234462466,4.312232511768845,4.287599889753829
6.293040248283962,6.142806111774644,6.231104198628454
6.65662643652856,6.1128668153112224,6.100841109998865
2.246663788354165,2.766581548621033,2.7134578716552697
6.198093232304976,5.969874413911551,5.957638372631451
0.0,2.420536794691922,1.51246595043351
5.521995871763407,3.2790854878575644,3.804343661299686
5.355990166753498,5.009057326027325,5.250182972595534
0.0,1.2935081824757793,0.9459719702367412
3.4579763234462466,2.766581548621033,2.4937579377882537
3.283965590594543,3.6564816778911298,4.066112281463039
3.613239691404382,4.50896792755303,4.2174820653654965
5.635055911566559,4.872782571470365,5.592481085405485
6.6020419102990475,6.649752327373826,6.748809134183528
3.0860503698190223,3.8136381226818834,3.4843121650326756
1.8062115994418957,4.0843682041910965,2.2344845923790824
0.0,0.7871122724200131,1.51246595043351
0.0,1.2935081824757793,0.9459719702367412
6.222422197238793,5.37970934395094,5.673281182073652
0.0,0.7871122724200131,0.0
2.246663788354165,2.420536794691922,0.9459719702367412
4.207939041009724,3.955344375791936,4.143781507307443
3.0860503698190223,2.2104153203182793,2.7134578716552697
6.932102852019465,7.922616822305651,7.735829313583755
5.899292710517162,4.363988112705335,4.751764592434789
0.0,2.2104153203182793,0.0
6.691901528204237,7.071607409391578,6.967504936187151
1.8062115994418957,0.0,1.51246595043351
8.937981571137627,8.433243503718048,8.501159177021204
2.583628536214724,2.766581548621033,3.223171867782088
5.0645360989299935,5.072653089365245,5.178176084065701
1.169035828833055,2.420536794691922,2.7134578716552697
4.302260943910391,4.598111660620564,4.59467746443485
3.4579763234462466,4.312232511768845,4.479565985314829
1.8062115994418957,3.955344375791936,3.3596425496849505
3.0860503698190223,3.383085014617831,3.7053501275360574
0.0,1.2935081824757793,2.7134578716552697
3.283965590594543,4.9080769141305485,4.648962668335466
3.0860503698190223,2.9127557664605015,3.072430133264163
1.8062115994418957,3.8136381226818834,3.4843121650326756
2.246663788354165,2.420536794691922,1.51246595043351
6.638660088735596,6.660140580699884,7.009606024580294
4.207939041009724,5.248172965431768,4.751764592434789
0.0,2.766581548621033,0.0
6.0152321201233825,6.507422103002114,6.460901724738217
3.998499203171392,4.144796114547888,4.538269502023748
8.79119300052499,7.616114800446627,7.658550974541107
4.698900418805928,7.5946119796645535,7.691254780243884
0.0,1.964386763254362,2.2344845923790824
7.873387265558408,7.314556057708602,7.754519001217338
2.246663788354165,1.2935081824757793,0.9459719702367412
6.77649081891284,6.484223072103106,6.901956010337463
1.8062115994418957,1.667597390739755,2.7134578716552697
6.709220819725195,6.484223072103106,6.7611844298752874
7.072552444374812,7.391388852255744,7.109778231151236
4.302260943910391,5.4769330733696515,5.673281182073652
2.856601009838485,1.667597390739755,2.2344845923790824
8.76658709312876,8.355472842133626,8.573114719496624
0.0,0.7871122724200131,0.9459719702367412
4.207939041009724,4.554228205452251,4.538269502023748
0.0,0.0,1.51246595043351
0.0,1.964386763254362,0.9459719702367412
0.0,2.420536794691922,2.4937579377882537
8.158276031962954,7.926924945026043,7.803205889510584
6.7599650899646555,6.507422103002114,6.460901724738217
10.00472673044897,10.240645717630208,10.184553526354458
4.698900418805928,4.682066304541401,4.479565985314829
8.659290322304015,7.86540808855762,8.161675082794362
6.173346947007079,7.378864190695344,7.100068264598777
0.0,2.2104153203182793,2.2344845923790824
7.163317183477301,5.86601135278382,6.120185831027147
5.441379412747367,5.811134208143242,5.957638372631451
5.117386261296756,4.976176315776484,5.178176084065701
2.246663788354165,2.766581548621033,2.904080281226693
6.65662643652856,7.926924945026043,7.729545223387481
0.0,0.7871122724200131,0.9459719702367412
0.0,1.2935081824757793,1.918179767477204
10.19960546243937,10.356962770326744,10.15320397999167
10.29445620664095,9.67475563092159,9.755697598542527
1.8062115994418957,2.2104153203182793,1.918179767477204
8.694501127538887,8.501268961083442,8.826713177999999
1.169035828833055,2.766581548621033,2.2344845923790824
6.7599650899646555,6.975058289318222,6.809650625237836
10.600867026605432,9.830036713743988,9.99716249460597
2.856601009838485,0.0,0.0
3.0860503698190223,2.6039096794870713,0.9459719702367412
9.399280900315016,8.698104866886975,8.790947910918103
5.117386261296756,5.734558491069334,5.978986927136198
3.613239691404382,2.6039096794870713,1.918179767477204
16.7350256513124,16.569329906515552,16.198661997387248
1.8062115994418957,2.420536794691922,3.599060216481229
6.293040248283962,6.33660237210884,6.366860711904826
7.28381158125321,7.39761064311595,7.541462736048413
1.169035828833055,0.0,1.51246595043351
3.613239691404382,3.8136381226818834,2.2344845923790824
5.0645360989299935,5.86601135278382,5.673281182073652
3.7534052432122857,4.9080769141305485,3.896978526200117
1.8062115994418957,0.7871122724200131,0.0
2.246663788354165,2.420536794691922,2.7134578716552697
1.8062115994418957,0.7871122724200131,2.2344845923790824
5.598344963007395,3.8862304070733424,4.84772591259785
1.169035828833055,2.766581548621033,3.072430133264163
1.8062115994418957,1.2935081824757793,0.9459719702367412
6.0428174832780135,5.918877350295896,6.3829660986537995
4.766642199529245,4.761402889222107,4.9377004768361745
1.8062115994418957,0.7871122724200131,3.7053501275360574
3.0860503698190223,3.1670024629229987,0.9459719702367412
1.169035828833055,0.0,0.9459719702367412
6.7599650899646555,6.495869218096571,6.577453127983989
3.4579763234462466,0.7871122724200131,0.9459719702367412
9.43094331298446,8.6230928195579,8.844268723807966
2.246663788354165,1.2935081824757793,2.2344845923790824
3.4579763234462466,2.420536794691922,1.918179767477204
2.583628536214724,3.1670024629229987,3.3596425496849505
3.0860503698190223,2.766581548621033,1.51246595043351
0.0,0.7871122724200131,0.0
4.4742045144308165,1.2935081824757793,3.4843121650326756
3.7534052432122857,4.144796114547888,4.479565985314829
0.0,1.667597390739755,1.51246595043351
3.613239691404382,1.964386763254362,1.51246595043351
3.998499203171392,2.9127557664605015,3.223171867782088
3.7534052432122857,4.144796114547888,3.3596425496849505
5.009676017117655,4.836603082234361,4.701279104566726
8.77894250449494,8.560696650612346,8.46378924988167
5.635055911566559,3.0454726310430704,3.223171867782088
2.856601009838485,1.667597390739755,0.0
2.583628536214724,1.2935081824757793,1.51246595043351
0.0,1.667597390739755,0.9459719702367412
1.169035828833055,5.133563433718795,5.062942950002011
0.0,1.964386763254362,0.0
1.8062115994418957,0.0,0.0
0.0,2.420536794691922,0.9459719702367412
0.0,0.0,0.0
0.0,0.7871122724200131,0.0
0.0,1.2935081824757793,1.51246595043351
2.246663788354165,0.0,1.918179767477204
6.871856868324111,7.110004112115451,7.248091481866044
0.0,1.2935081824757793,0.0
9.681834335413123,9.655414159305945,9.760328654058942
3.283965590594543,3.570979513350055,4.143781507307443
4.302260943910391,2.2104153203182793,2.4937579377882537
6.0152321201233825,5.811134208143242,5.724738556984264
0.0,0.0,0.9459719702367412
1.169035828833055,2.2104153203182793,1.51246595043351
0.0,2.420536794691922,0.9459719702367412
1.169035828833055,2.2104153203182793,3.4843121650326756
2.583628536214724,2.420536794691922,1.51246595043351
0.0,1.2935081824757793,0.0
4.952647074754181,4.761402889222107,5.062942950002011
0.0,1.667597390739755,1.918179767477204
1.8062115994418957,1.2935081824757793,1.918179767477204
0.0,0.0,1.51246595043351
2.246663788354165,2.6039096794870713,0.0
2.246663788354165,1.2935081824757793,3.072430133264163
1.169035828833055,0.7871122724200131,1.918179767477204
0.0,1.667597390739755,2.4937579377882537
0.0,1.667597390739755,3.072430133264163
2.583628536214724,2.420536794691922,2.2344845923790824
1.8062115994418957,2.766581548621033,3.3596425496849505
1.8062115994418957,0.7871122724200131,0.9459719702367412
3.998499203171392,1.667597390739755,0.9459719702367412
1.169035828833055,2.2104153203182793,0.9459719702367412
0.0,0.7871122724200131,0.9459719702367412
1.169035828833055,0.7871122724200131,0.0
2.583628536214724,0.7871122724200131,0.0
2.583628536214724,0.0,1.51246595043351
0.0,2.6039096794870713,0.9459719702367412
4.107016405932684,5.986480559142748,5.798638859530653
15.736334829163317,16.187086656125253,15.655497714002951
21.15106074647022,19.486404411228158,19.231684460146965
,,
27.537929114448303,28.352281155821693,28.240250418618064
23.90203943735288,24.201209259268033,23.673252246258656
,,
26.881317460824317,26.150631170402228,26.018220251600923
18.645062264835627,18.966124779778433,18.016036798181368
24.461469164765127,25.661376626707472,24.89564830732322
20.241468570248152,21.15106074647022,22.05237239045625
16.078521338137325,,7.519992267316956
19.016398589112107,19.411099823967515,18.264760353035605
,,
,,
20.06409663854958,,17.141426024893484
,12.074472592639612,12.769349172245516
17.43876252190187,17.376631978072023,16.561133842701924
,,
28.115326655776578,28.828859940472153,27.843879568150907
,,
,,
,,
,27.99603156129418,27.153116097982878
,,
,,
10.491064376645616,,3.5347127996733065
26.018220251600923,26.240171828633777,25.847108480024986
,,33.35215679615844
,,
18.966124779778433,19.189198505254556,19.18226128957594
31.717126881927804,31.95920462271812,31.524058860721276
26.150631170402228,27.048287217015407,25.803968799907153
21.420164172062925,21.670960523698007,20.962955602028387
17.853699848028608,18.05034168384075,17.853699848028608
33.35215679615844,33.35215679615844,31.717126881927804
,6.266131158562355,6.2432529526650975e-06
20.15362153223412,20.29980452335389,18.342710623574344
24.89564830732322,,24.06832500895921
,,
,,
23.087744266007967,23.641897217270277,22.932268496378803
20.44253760695687,21.420164172062925,18.645062264835627
19.699781717052282,18.718155278555177,
25.428438411905955,25.46576478857199,25.525182045378976
20.569060632327876,21.275014812672758,20.720381211879527
23.989679440076806,24.36961804375653,24.123804190090038
25.730898198181798,26.369078203868884,26.493306583380473
,,20.44253760695687
25.661376626707472,26.080491346336323,25.661376626707472
18.05034168384075,18.093337241236462,19.376402770603345
,,24.253083460603026
,,
21.275014812672758,20.806385817243616,
20.720381211879527,16.518744351671067,
24.719372529194573,25.428438411905955,25.296517960379166
26.369078203868884,26.541536707150975,26.99902557858128
14.04903832194788,15.736334829163317,11.222904631471797
,,
19.984495317940894,19.08459707800094,19.56328653685096
21.60572902000185,22.174953146856996,21.420164172062925
18.906679592658044,19.376402770603345,18.093337241236462
20.962955602028387,,20.483443453466823
26.618176057480902,26.618176057480902,26.106203025933098
,,
,,
17.141426024893484,17.25734641178498,15.879789950515795
25.803968799907153,25.847108480024986,26.541536707150975
,12.769349172245516,4.075295904524149
,,
8.655162300329328,10.491064376645616,3.2128436770041544
,,
,,
22.932268496378803,23.163248814021422,22.370275784180816
16.671054678164104,18.220814837915416,
17.032517792139746,17.032517792139746,15.736334829163317
22.05237239045625,,21.57610029885488
16.413617179699088,16.751898739533118,15.408983193041768
,,25.96071124037954
,,
5.256508394848948,7.519992267316956,1.1031225198849888
,,
23.44858258377526,23.41123455996576,22.52795891466814
29.533268106763916,31.524058860721276,29.533268106763916
,,
21.774740716561602,21.942561818268835,21.82135727142106
,,
,,
,,22.43794530566074
,,
27.153116097982878,,
,,
13.907104532780261,14.92826490816076,11.484505045135489
23.02597125904264,23.366589254883642,22.768523653319022
22.879662480198906,24.719372529194573,21.15106074647022
17.794196837614727,18.342710623574344,17.25734641178498
23.163248814021422,22.370275784180816,23.087744266007967
,,
,,12.888754857774241
15.655497714002951,,16.187086656125253
,,
,,
,,
25.296517960379166,,25.428438411905955
21.0718735389056,22.098647400383946,20.569060632327876
18.264760353035605,17.794196837614727,13.680380960955166
,,
,,28.593921910136697
,,
19.93599283974952,19.18226128957594,18.539084966592487
19.08459707800094,19.82110287932254,18.220814837915416
,,
,,
,,
18.704118339747176,18.906679592658044,16.671054678164104
24.027798622606774,24.253083460603026,23.53950244846534
,21.519624795553614,22.64742502873396
,,
16.222130590519487,26.99902557858128,
24.302298851020197,,
19.742703568860655,20.06409663854958,18.966124779778433
19.411099823967515,17.853699848028608,18.718155278555177
16.957019522403222,17.43876252190187,16.222130590519487
16.32380468100019,16.32380468100019,14.92826490816076
26.106203025933098,,26.435149607625153
19.486404411228158,20.569060632327876,17.794196837614727
18.220814837915416,,
21.519624795553614,21.57610029885488,20.87204014785369
11.913707267754651,,
,,
,,
23.779730932719236,24.06832500895921,23.62304148617135
,,23.949207543356664
,,
,,
,,
36.418162106288754,36.418162106288754,36.418162106288754
,25.03589461693042,24.36961804375653
23.673252246258656,24.123804190090038,24.461469164765127
14.614190939480864,15.879789950515795,10.491064376645616
,,
,19.231684460146965,17.68301141014449
15.958388995838067,16.078521338137325,
31.95920462271812,30.466636364697315,31.382274144525887
,22.332969230045098,
18.539084966592487,19.016398589112107,17.43876252190187
19.28705495155933,20.15362153223412,18.704118339747176
,,
,,
,,
36.83699036952922,36.83699036952922,36.83699036952922
21.942561818268835,22.52795891466814,21.774740716561602
,,
,,22.332969230045098
,,
23.695172311298517,22.879662480198906,23.989679440076806
13.680380960955166,14.614190939480864,8.516641141174134
28.828859940472153,29.533268106763916,28.64758582005108
23.53950244846534,23.949207543356664,23.366589254883642
28.593921910136697,29.838606488728665,28.90089102181998
14.92826490816076,14.04903832194788,12.304265137946075
25.077705023621245,25.296517960379166,24.629459984367752
22.370275784180816,22.05237239045625,21.60572902000185
4.075295904524149,6.418765756154883,0.14531360473162097
30.623277298382185,30.780501476295047,29.838606488728665
23.830857684735246,24.302298851020197,23.830857684735246
27.048287217015407,27.843879568150907,26.618176057480902
26.99902557858128,24.831148969687327,
21.670960523698007,22.677151991974444,19.08459707800094
,,
12.769349172245516,14.721886832610926,12.074472592639612
22.64742502873396,23.087744266007967,19.889103414629925
17.376631978072023,17.141426024893484,16.32380468100019
25.03589461693042,25.803968799907153,25.14804121471868
,,
22.677151991974444,22.932268496378803,22.27430702450264
22.43794530566074,23.830857684735246,22.879662480198906
24.36961804375653,25.14804121471868,24.984574316554497
19.889103414629925,19.28705495155933,18.44364753101585
12.599743135471487,14.446267597805427,6.418765756154883
,25.96071124037954,
17.761230605265688,18.016036798181368,16.751898739533118
,,
,17.523799311708594,15.958388995838067
19.20070242732201,19.742703568860655,18.906679592658044
26.320090962869966,26.320090962869966,26.150631170402228
17.25734641178498,18.645062264835627,16.655232732972987
12.074472592639612,13.261661022690058,5.521747493514037
23.641897217270277,23.695172311298517,23.41123455996576
4.928568826486625,8.516641141174134,1.677013897260506
16.655232732972987,17.68301141014449,11.913707267754651
24.253083460603026,23.989679440076806,23.90203943735288
29.16077370178412,29.28136406287286,29.28136406287286
31.524058860721276,31.717126881927804,30.992597790320623
6.418765756154883,,2.435637312387884
,,16.518744351671067
,,
16.187086656125253,15.958388995838067,13.261661022690058
27.99603156129418,27.153116097982878,26.320090962869966
29.28136406287286,29.16077370178412,28.352281155821693
27.781612179109697,28.90089102181998,27.99603156129418
18.342710623574344,12.599743135471487,17.523799311708594
,,
24.831148969687327,24.89564830732322,24.201209259268033
12.888754857774241,13.907104532780261,6.266131158562355
11.484505045135489,,4.928568826486625
26.541536707150975,26.881317460824317,26.240171828633777
23.949207543356664,24.027798622606774,23.779730932719236
,,26.369078203868884
24.984574316554497,26.018220251600923,24.719372529194573
26.7947297982846,27.537929114448303,25.730898198181798
5.747228222651794,11.222904631471797,3.4317458170412096
,,
17.566978730177826,17.566978730177826,19.189198505254556
26.080491346336323,26.493306583380473,25.628227583587186
11.222904631471797,12.888754857774241,5.256508394848948
25.525182045378976,24.984574316554497,27.048287217015407
,,
30.780501476295047,31.178747911967612,30.092406863084012
20.171963571833082,20.483443453466823,17.032517792139746
,,
30.466636364697315,,30.623277298382185
8.131702680090381,8.131702680090381,1.515007432573165
,,
,,
22.098647400383946,18.264760353035605,21.670960523698007
24.06832500895921,24.461469164765127,23.695172311298517
20.483443453466823,,19.82110287932254
7.519992267316956,8.655162300329328,0.18809575484267527
24.629459984367752,25.730898198181798,24.53804605605208
16.561133842701924,16.957019522403222,16.078521338137325
19.376402770603345,20.171963571833082,19.20070242732201
30.992597790320623,,31.95920462271812
24.201209259268033,23.673252246258656,23.44858258377526
28.065081599865017,,
28.64758582005108,,28.828859940472153
,,24.302298851020197
,,20.171963571833082
,,19.411099823967515
,19.46417614793733,
12.304265137946075,15.408983193041768,8.655162300329328
,27.332844915213297,25.46576478857199
5.521747493514037,11.913707267754651,
,,19.984495317940894
22.768523653319022,23.278106931466414,21.942561818268835
,,
22.27430702450264,21.60572902000185,20.06409663854958
,,
22.52795891466814,23.779730932719236,19.742703568860655
18.016036798181368,17.761230605265688,17.566978730177826
,,
22.174953146856996,22.768523653319022,20.29980452335389
19.56328653685096,19.56328653685096,19.486404411228158
26.663778951566474,27.691913179030347,
17.523799311708594,17.937391256526166,16.413617179699088
20.806385817243616,20.720381211879527,20.15362153223412
28.90089102181998,30.623277298382185,
,,
31.178747911967612,31.382274144525887,31.178747911967612
19.82110287932254,19.889103414629925,16.957019522403222
19.18226128957594,19.699781717052282,19.28705495155933
17.68301141014449,19.984495317940894,18.05034168384075
8.516641141174134,11.484505045135489,3.7388351082294116
27.332844915213297,,27.332844915213297
23.278106931466414,22.64742502873396,22.174953146856996
16.751898739533118,16.222130590519487,13.907104532780261
26.435149607625153,26.7947297982846,26.881317460824317
26.240171828633777,23.62304148617135,26.080491346336323
13.261661022690058,15.09711217888225,8.131702680090381
26.493306583380473,26.663778951566474,26.663778951566474
28.240250418618064,28.593921910136697,27.537929114448303
29.838606488728665,28.115326655776578,28.065081599865017
6.266131158562355,10.009949798966808,2.9173443663814544
,,
25.14804121471868,,25.077705023621245
,,
,,5.747228222651794
25.628227583587186,26.106203025933098,
,,
24.53804605605208,25.628227583587186,24.027798622606774
,,
,,
30.092406863084012,30.092406863084012,29.16077370178412
,,
,28.64758582005108,27.781612179109697
,23.44858258377526,23.02597125904264
25.847108480024986,,
,22.27430702450264,21.0718735389056
23.62304148617135,23.90203943735288,23.163248814021422
22.332969230045098,23.02597125904264,22.677151991974444
28.352281155821693,27.781612179109697,28.115326655776578
23.41123455996576,24.629459984367752,23.278106931466414
,,
,,
,,
21.82135727142106,21.0718735389056,20.806385817243616
27.691913179030347,28.240250418618064,27.691913179030347
15.879789950515795,18.539084966592487,14.04903832194788
20.87204014785369,20.87204014785369,20.241468570248152
,25.077705023621245,
,,
,,
,,
23.366589254883642,,22.098647400383946
19.189198505254556,19.20070242732201,17.376631978072023
18.44364753101585,22.43794530566074,
20.29980452335389,,
18.093337241236462,18.44364753101585,17.761230605265688
15.408983193041768,16.671054678164104,14.446267597805427
,,
27.843879568150907,,
15.09711217888225,13.680380960955166,10.009949798966808
,16.561133842701924,14.721886832610926
,,
,21.774740716561602,21.519624795553614
25.96071124037954,26.435149607625153,24.831148969687327
19.231684460146965,19.93599283974952,19.016398589112107
,,
,20.962955602028387,19.93599283974952
,23.53950244846534,23.641897217270277
19.46417614793733,20.241468570248152,19.46417614793733
,,
,,
,,30.466636364697315
,,26.7947297982846
18.718155278555177,18.704118339747176,17.937391256526166
,,
17.937391256526166,,15.09711217888225
14.446267597805427,15.655497714002951,12.599743135471487
14.721886832610926,16.413617179699088,
,20.44253760695687,19.699781717052282
,28.065081599865017,
25.46576478857199,25.525182045378976,25.03589461693042
31.382274144525887,30.992597790320623,30.780501476295047
10.009949798966808,12.304265137946075,1.5039385010119957
24.123804190090038,24.53804605605208,
21.57610029885488,21.82135727142106,21.275014812672758
16.518744351671067,16.655232732972987,14.614190939480864
