935,936,937,941,942,943
6.615488087556025,6.359462826882996,6.731443787784425,6.825285165053963,6.575085749865443,6.844618859895456
5.307449543185963,4.942038178517604,5.701403726240479,4.977680582447654,4.298104939536926,4.252640047634348
7.813033015219128,8.098378958470615,7.988953557785727,7.597582104243076,7.881908069644026,7.838328791566402
6.348901173749178,5.896719670711514,6.316120126028523,6.241576125946,6.560138125621913,6.534500861155465
5.043665381412245,5.024242728639026,4.943465455302347,4.451172027377437,5.0631190143554665,4.700947400377628
10.20318773482849,9.934885311451852,10.085541281076145,9.764368204662478,9.939278230770716,9.770732416319294
9.469733113266724,9.086207746032446,9.999748644781958,10.017771273042875,10.416836928576156,10.344391847531782
7.599934293538317,7.798938682665896,7.672961357874305,7.874260836503107,7.35876785617645,7.238929229176315
5.043665381412245,5.024242728639026,5.671619863072131,5.417812516162077,5.0631190143554665,5.0424752552067345
8.624707318395737,8.486953234967084,8.476206920526254,8.234914748730626,8.208615782460724,8.324456786242296
6.2267499791404335,6.632728042457236,6.064363292374095,5.85806032627422,6.2040681132011395,6.445306768518016
6.798145964744758,6.001904191842039,6.774113126984875,6.441387448538115,6.279013089628651,6.13893452079274
6.3874232372913085,6.851166333688574,6.595297338780084,7.343187726400538,7.350103907851755,7.198560098846078
5.753228359186448,5.345294605051995,5.814746626998824,5.214466084194152,4.676324781005206,5.159263134006526
3.588413176024308,4.028615856195515,1.644524637198008,3.410658846623913,4.3684340633204695,3.222863846480197
5.782429735667016,5.852400307614175,6.513712606035222,6.301543691787303,5.975307404046377,5.749456405487739
5.181577911249507,5.783258962668004,5.173383165887978,4.8629553682010584,5.434918702122314,4.915393872976637
4.891162234118836,5.939718030230672,4.543972575687705,5.837951504031949,6.062746991028016,6.248448553326723
6.329247423936927,6.50970779403364,6.354117710036407,6.751954012747458,6.940898759950688,6.945642350481263
7.378780750422187,7.612211160859154,7.237588588812777,7.492159127041547,7.458869182813468,7.341363895940468
7.462354266180769,7.302045855505167,6.041257694906058,7.579529040479794,6.905856790644351,7.128661778450114
4.994600610353493,4.762084009432767,5.545926290761863,5.471009825516781,5.297472671066822,5.26730081503223
5.723423689788241,5.874730167948002,5.512714021628471,6.271871465536351,6.041378893527714,6.7359850352559345
6.4433437939658145,6.001904191842039,5.512714021628471,6.162931855610215,5.882224354039638,5.9246719765045155
5.091116240655791,6.022051183825807,5.255985743248763,6.616861689478417,6.384600669736601,6.490593004100329
5.459827368535989,6.099938259092898,6.462451201305003,6.301543691787303,5.782718799196082,6.13893452079274
4.132832161798551,4.4414684486850105,4.083073932513149,4.451172027377437,4.3684340633204695,4.776027546772013
3.449675285104147,0.0,3.0776820435059644,3.297408618726716,3.883488798682337,3.222863846480197
2.4360270815356015,3.037322543347878,1.0449005473594477,3.5156624624613326,1.5682857555401204,2.99040787202365
2.1072261594039285,3.562485519943336,3.4017693127773,4.022756145667588,3.147646225708344,3.4230107876057687
1.680660685039108,0.9269160351229908,0.0,0.8502888279616356,0.9875105484522038,0.0
6.998087917929735,6.949117315711156,7.316692394232792,7.069047583252809,7.296998287804286,7.252138427119792
6.247840314815037,6.8169802460896545,6.335244011574411,6.2568033162489805,5.560401671877235,6.248448553326723
6.348901173749178,7.079803952557726,6.882088528746082,6.519217707550713,6.350256337756722,6.5979543869599
9.656783473764458,9.810092013446708,9.872983320660614,9.873351437015607,9.927678814663365,9.912668294219024
0.0,1.4866706657115965,1.644524637198008,3.410658846623913,2.5640862732757217,2.713165506010181
7.820090992093833,7.80476518079776,8.22256673335395,7.960490298244009,8.093944134067621,7.793857961333414
7.310257662816774,6.099938259092898,7.237588588812777,6.194905824038242,6.6045242579786025,6.618500169311961
6.069797048200696,7.010908171459212,5.7305851300136235,7.446406395300333,7.392912534133613,7.303798025795707
1.0723621528571825,2.203147957548002,2.88349271729182,2.726838355924407,2.301892742392315,1.9179260834722285
3.449675285104147,3.037322543347878,3.2488069851981782,3.7913753794272904,3.5619819391917837,3.896656719144944
6.549074361566092,6.565682240695157,6.153253931343048,6.942924935066531,6.845493036213632,6.5979543869599
6.894908420027317,7.358594646628449,6.8690253459961905,7.874260836503107,7.917529407672716,7.73861777287988
4.132832161798551,4.610664411920954,5.295578618849955,4.1586681136641985,3.976492875004384,3.7553763845397103
5.630127004574053,6.451473653442934,6.236984059880915,6.581015167663808,6.2040681132011395,6.717056660514422
5.946217345326749,5.874730167948002,6.65739802656506,6.226186501495635,6.019689543979886,6.080893600935071
8.892499282556592,8.836085142709807,8.72122483232432,8.462107459084688,8.367304770874213,8.506338087489445
1.680660685039108,0.9269160351229908,0.0,2.5403176978191047,2.978071989188756,1.256646745267199
5.782429735667016,6.696795930261391,5.578391154308508,7.292369432611691,6.589880090019639,6.945642350481263
5.661901008214602,6.343540569975755,5.255985743248763,5.390459717457241,5.0200728362489775,5.214293052212603
6.631624570874712,6.793731021155078,6.513712606035222,6.730298922738651,6.083803214208118,6.300238100600774
8.374440014273704,8.748108275954948,8.514461091010855,8.19199113184869,8.2650117293933,8.116292272631577
5.043665381412245,4.942038178517604,4.892733509557958,5.3341473795355485,4.9757026692765285,6.050973347241968
7.471348276491703,7.040838685687671,7.672961357874305,6.568865629125391,6.845493036213632,7.142914994519532
7.320248200543911,6.927917918114813,6.801873991396523,7.144666592557083,7.083619862392183,7.024740167738741
2.1072261594039285,2.203147957548002,3.0776820435059644,3.410658846623913,2.301892742392315,2.99040787202365
5.307449543185963,6.118770299801592,5.371646562501183,5.3341473795355485,5.833329293702817,5.749456405487739
1.0723621528571825,0.9269160351229908,1.644524637198008,0.0,2.301892742392315,0.0
6.4433437939658145,7.87290726347126,6.933189610126316,9.005705115032068,8.706290607053957,8.597130529303119
6.754603500368547,5.685593241710341,6.513712606035222,6.568865629125391,6.450929785968784,6.325451983947782
7.407179923485969,6.828465852322095,6.882088528746082,7.299739706011485,6.833111176152505,7.040052337320204
5.423215024556173,4.854865093623743,4.840152365914312,5.4446563537551675,4.83376542989838,4.847392928297673
6.934470489462872,6.721647112875435,6.316120126028523,6.531790781131416,6.332772628629253,6.445306768518016
6.2053467502856705,6.155712582389329,6.8950344888103166,6.493737984718577,6.498749040491763,6.697876637342029
6.663365969133095,6.480884530193858,7.1321897998874695,6.387065528694904,6.6045242579786025,6.512713965979975
4.220792566333152,4.316533778507413,4.60827290644347,4.940443394064977,4.676324781005206,3.5987437213043223
0.0,0.9269160351229908,1.0449005473594477,2.3260509354779892,0.0,1.256646745267199
8.96433763023702,8.46504453897955,8.774738031009534,8.863743346590763,8.86978295957554,8.826368971924536
2.7036252497054964,4.179745383959693,3.666241375023308,3.87269590566056,4.063862773336467,3.896656719144944
3.8313182420880993,3.3236691687308055,2.3931131584133563,1.7691731579606451,2.301892742392315,4.025327408372177
2.4360270815356015,3.037322543347878,1.644524637198008,2.5403176978191047,4.146242312574113,1.256646745267199
1.680660685039108,2.8695660282412425,1.0449005473594477,2.0743161096747316,0.9875105484522038,0.0
1.680660685039108,0.0,0.0,2.0743161096747316,1.9812250416989712,1.256646745267199
6.894908420027317,6.451473653442934,6.257178737709851,6.794312790415974,6.893984404468084,6.717056660514422
1.680660685039108,0.0,2.88349271729182,1.381684084294751,2.301892742392315,3.5987437213043223
4.039158644825996,4.179745383959693,3.0776820435059644,4.73831271207171,5.0631190143554665,5.26730081503223
4.8365220755324145,4.179745383959693,4.476672173666001,3.410658846623913,4.78317050436923,4.621744423540839
8.222919870300172,8.149641302898415,8.28782626040534,7.839284158487308,7.81422632691213,8.049769511958633
5.996926418439346,5.874730167948002,6.19572634422963,6.34493822595115,5.882224354039638,5.891290019019173
8.264906384274664,8.074461815651496,8.018831444724023,7.609493185949515,7.498611520075851,7.671378317446801
8.528883011609391,8.772098289327745,8.930609171795055,8.227204845453269,8.269613373869158,8.247398774225251
1.680660685039108,2.6797042233767265,1.0449005473594477,3.410658846623913,3.147646225708344,4.252640047634348
4.132832161798551,3.1875884978886755,3.4017693127773,4.503175016645742,3.436642487092037,5.0424752552067345
4.4564512721831075,3.9466673111887647,4.543972575687705,4.822592599363206,4.78317050436923,4.700947400377628
5.996926418439346,6.022051183825807,6.788060331245916,6.21063094000576,6.062746991028016,5.7862433228761505
3.714971891269714,4.762084009432767,3.0776820435059644,4.822592599363206,4.063862773336467,4.915393872976637
6.116409774256625,5.896719670711514,5.130237847052339,5.817558430853102,6.125015547874256,5.957298958075648
6.960255061028064,7.217211693695278,6.335244011574411,7.051691178939626,7.008528205166074,7.171005810733309
7.86172875638175,8.203561691771286,8.943128826575869,8.387976450815255,8.073036473179638,8.247398774225251
5.723423689788241,6.061520270843222,5.545926290761863,4.9022195597211295,5.590138259223642,6.167102195354035
1.680660685039108,0.0,2.659038723635503,2.726838355924407,2.978071989188756,1.256646745267199
8.868870522153948,8.833237396741719,9.204635122879674,8.686729005180398,8.69948571068218,8.721056025782945
5.564399275391578,6.191732474661941,6.37274768308604,5.817558430853102,5.5300392365001345,6.167102195354035
2.1072261594039285,2.461014499836793,4.60827290644347,4.397224232267905,3.784073490652618,4.1434560588218705
7.151451176712015,6.721647112875435,6.801873991396523,6.467800156646568,6.5143429382524,6.8619550407191126
4.4564512721831075,5.21133551557592,4.669829260738149,4.6018743381215605,3.784073490652618,4.847392928297673
15.73899728634366,15.478607789051544,15.778578540773507,15.670848381401688,15.682864726873891,15.853624957400012
4.720611921530422,4.762084009432767,2.3931131584133563,4.6018743381215605,4.730736538492143,5.10205063677679
6.631624570874712,6.658697602368062,5.701403726240479,7.254942472704976,7.287954142878638,7.437005149594579
6.3874232372913085,6.451473653442934,6.153253931343048,6.605011537918345,6.589880090019639,6.194730429945663
4.4564512721831075,5.24600933394438,3.540057190346136,5.150683891235962,5.401765208785627,5.367808596147874
4.8365220755324145,4.556440986587682,4.331850957763941,5.013980781063252,5.297472671066822,5.26730081503223
6.348901173749178,6.061520270843222,6.064363292374095,5.897456161246051,5.730268111645454,6.274575705700078
6.069797048200696,6.244130255391919,6.496827043436045,6.0967761409997285,6.2040681132011395,5.891290019019173
7.238316963204603,7.751459681686853,6.829110740477407,8.538856907287869,8.051821355517736,8.151965559820706
4.779730753820537,3.767326996465912,3.0776820435059644,4.8629553682010584,4.78317050436923,4.5379393841988005
4.220792566333152,3.562485519943336,4.406077991232827,4.451172027377437,4.9757026692765285,3.7553763845397103
5.597637418736228,5.6077445694465435,5.787234727124673,5.775886569943317,5.8082459653885605,5.7862433228761505
7.320248200543911,7.435717275112043,7.041950041210445,8.046243724032452,7.323795436339765,7.641573559779625
7.524165738389974,7.243189797521107,7.829511791683296,7.621306732895197,7.560006334438178,7.661511655817156
11.53460791795927,11.295520226795182,11.54271446484768,11.09539412462399,11.406418797421068,11.456539896001123
6.7097058591098095,6.684207945372457,6.131539442339836,6.286783861717844,6.450929785968784,6.274575705700078
5.224766906985408,5.852400307614175,4.785582100135434,5.666115557722789,5.367831884023063,4.621744423540839
1.0723621528571825,3.4480132671647272,2.88349271729182,2.891981879899189,3.883488798682337,1.9179260834722285
2.7036252497054964,0.0,3.540057190346136,2.726838355924407,3.784073490652618,2.713165506010181
6.406305288417043,6.884561063915415,6.041257694906058,7.262505943454566,7.314918243284739,7.040052337320204
7.349811300552166,7.302045855505167,7.335808745512428,6.804710971439467,6.619021271823814,6.929288748155309
6.069797048200696,5.759455353363163,7.087775361292764,6.875472478136167,6.647585462651965,6.7731126614443875
2.929268684986816,3.3236691687308055,1.0449005473594477,4.1586681136641985,2.301892742392315,3.5987437213043223
7.310257662816774,6.733913998053996,7.657849760664851,7.034123422400831,7.030384734462175,7.225597970456422
6.289117989184021,6.451473653442934,5.969634007166271,6.9334798137695675,7.094035159175282,6.638757457725568
8.168657793034864,8.404940709634083,7.809138292620712,8.554345073676075,8.574890096399079,8.6678353862637
2.7036252497054964,2.461014499836793,3.0776820435059644,3.705195797462184,4.435493525991653,4.1434560588218705
6.7097058591098095,6.537966466119466,6.427236233216999,6.330617921309654,6.4181463863879,6.374595070117787
5.782429735667016,5.102014708421716,4.253596790705888,5.877892712891693,5.560401671877235,4.915393872976637
7.010481565702379,6.436540276334898,6.611074908457811,6.427997517604973,6.184707347148136,6.167102195354035
4.039158644825996,4.380353079586573,3.0776820435059644,2.891981879899189,3.147646225708344,3.7553763845397103
3.588413176024308,5.660107599879281,3.889659817380317,6.146675148673491,6.4014710269899595,6.300238100600774
7.320248200543911,6.7819643831773115,7.030262608670507,7.453032007690899,7.675473413576067,7.238929229176315
6.812372898630292,7.389940141254915,7.505796481526476,7.042934040916285,6.940898759950688,7.278199440565441
1.680660685039108,0.0,0.0,1.7691731579606451,2.301892742392315,0.0
6.82646090451578,6.436540276334898,6.37274768308604,6.751954012747458,6.92931241817933,6.555963629727359
2.7036252497054964,1.4866706657115965,2.3931131584133563,2.726838355924407,1.9812250416989712,1.9179260834722285
1.680660685039108,2.203147957548002,2.88349271729182,1.7691731579606451,0.0,2.3696596197532793
7.679702615304077,7.551131165295002,7.829511791683296,7.277514957660255,7.604396459936451,7.526698291546111
3.714971891269714,4.316533778507413,3.2488069851981782,3.87269590566056,2.785877769442253,2.99040787202365
9.320944539598385,9.144803864017748,9.421468082722484,9.012449365993785,9.14488096768125,9.102794385534812
6.531981979840145,6.770100986655095,6.611074908457811,7.603549937495282,6.689398550647538,7.611140050869522
5.811051758636241,6.359462826882996,6.216502681343285,5.522315119058797,5.997669135225367,5.5065484011192165
4.9438082645706585,4.500099726422591,4.840152365914312,5.3341473795355485,4.063862773336467,5.5065484011192165
4.994600610353493,4.249760164574368,5.295578618849955,3.949676189373547,4.83376542989838,4.448964308292506
7.369188756565237,8.369998422586505,6.8950344888103166,8.47843711381562,8.668460115622466,8.725798309621222
5.597637418736228,6.22687491803298,6.236984059880915,5.817558430853102,6.4829847469129565,6.221839498569228
7.928560998329808,7.745413416081257,7.795394344138136,7.536505375244331,7.845384897198156,7.864367833053538
1.680660685039108,4.028615856195515,2.88349271729182,3.410658846623913,3.677297157552445,3.7553763845397103
2.1072261594039285,0.0,2.3931131584133563,0.0,0.0,2.3696596197532793
4.720611921530422,6.8735151542566175,5.578391154308508,6.773288857304325,7.073128826993391,7.303798025795707
4.594569219566535,3.4480132671647272,4.406077991232827,4.092312020475909,4.78317050436923,4.1434560588218705
6.985586877780256,6.684207945372457,7.030262608670507,6.55661290465285,6.661658239426168,6.993619480024249
3.2961620850227487,1.4866706657115965,3.989605695113597,2.0743161096747316,2.978071989188756,1.9179260834722285
9.650857883164488,10.199886578711885,9.619711269558769,10.804268520085744,10.500450008668397,10.78247929309706
3.449675285104147,4.316533778507413,4.331850957763941,3.7913753794272904,1.5682857555401204,3.5987437213043223
2.4360270815356015,3.767326996465912,3.2488069851981782,2.5403176978191047,1.9812250416989712,3.222863846480197
6.754603500368547,7.487350436593213,6.236984059880915,7.734408323921465,7.384451825862594,7.864367833053538
1.680660685039108,2.8695660282412425,1.0449005473594477,3.0401483485866754,1.5682857555401204,2.3696596197532793
8.035519714273788,8.461360523718803,7.710062020653747,8.781901989304437,8.937858751121242,8.936837668414265
5.423215024556173,5.5534091963975545,5.334113880080709,5.619756603232332,6.165083224097141,6.1102059209871
0.0,2.461014499836793,0.0,2.5403176978191047,1.5682857555401204,2.3696596197532793
4.527162473660295,4.179745383959693,5.130237847052339,5.117703209624991,3.883488798682337,4.025327408372177
7.960850878670501,7.5160460820384145,8.093736445542849,7.536505375244331,7.756386772954625,8.042185134071712
6.116409774256625,6.7460774596579265,6.444951160549242,6.301543691787303,6.4014710269899595,5.857117316594801
10.15515780593586,10.02624113710493,9.661980343899678,9.451814130091492,9.569269373211974,9.985657838419668
5.224766906985408,5.312952805578695,4.943465455302347,5.150683891235962,5.5300392365001345,5.26730081503223
4.527162473660295,4.942038178517604,5.039872004732743,5.150683891235962,5.297472671066822,5.5065484011192165
7.656231775787445,7.098898912626173,8.518649610960432,7.33603664904,7.923381717447758,8.019189794511593
6.694424017978742,7.251746244360133,6.3911401452511205,6.865573714456842,6.756501792720863,6.87908537204299
6.854230803410582,7.480086447708976,6.479741506323403,8.006258305436493,8.093944134067621,7.964064216043475
7.583437377437982,7.413010265791075,7.579822156035135,7.378420892267599,7.2134843585939326,7.493713362816156
4.527162473660295,5.063652716017436,4.785582100135434,5.013980781063252,5.145539843359258,5.10205063677679
7.827114607849546,8.015389175602724,7.436647489217842,8.632307767332088,8.470837159208896,8.627857866951
7.010481565702379,6.8735151542566175,7.767507300001124,6.330617921309654,6.529770084446827,6.422119172788541
5.091116240655791,5.918379035960999,4.170853317022545,6.773288857304325,7.030384734462175,7.070197583915613
7.935077049328985,7.487350436593213,7.927274859218645,7.419595404786818,7.618894751593973,7.328950307812276
7.695140356547538,7.251746244360133,7.724639199720161,6.9334798137695675,7.743212439475784,7.341363895940468
3.449675285104147,3.9466673111887647,3.7822711559702658,5.04938998927252,4.676324781005206,3.896656719144944
8.72211666565376,9.242484051577607,8.839790743555502,9.667991733477884,9.377961435230691,9.666060652583711
5.137055989944297,6.721647112875435,6.153253931343048,7.094696847899788,6.782492893562912,7.291055508776876
1.680660685039108,1.888937113351682,1.0449005473594477,2.0743161096747316,2.978071989188756,3.222863846480197
1.680660685039108,0.0,3.2488069851981782,2.891981879899189,2.5640862732757217,1.9179260834722285
3.588413176024308,2.6797042233767265,5.371646562501183,4.222105922301955,3.2993686457991767,3.7553763845397103
5.043665381412245,5.139383001929164,5.919829900154173,4.822592599363206,5.0200728362489775,5.957298958075648
4.303696860985152,4.028615856195515,5.334113880080709,4.940443394064977,4.435493525991653,4.025327408372177
6.960255061028064,6.9385565553582635,7.164625726640406,6.67469494676835,6.743328514341886,6.445306768518016
7.128892167901669,7.070160853471522,6.335244011574411,6.84557007190795,7.124837359941351,7.128661778450114
5.137055989944297,5.496947062045408,5.173383165887978,4.694251536510696,4.224170896552707,4.5379393841988005
1.680660685039108,2.8695660282412425,0.0,3.410658846623913,3.883488798682337,3.4230107876057687
8.426238323652058,8.285016544085265,8.042296089806664,8.037453356400174,8.218169534238168,8.207269259461722
5.597637418736228,5.279869321114219,5.173383165887978,5.754590390960918,5.703309903695489,5.957298958075648
4.132832161798551,4.762084009432767,5.334113880080709,4.282871356752379,4.435493525991653,3.7553763845397103
7.173662860817026,7.974619355374601,7.603676713773029,8.227204845453269,7.905753083077862,8.253979831046616
0.0,2.461014499836793,1.0449005473594477,2.726838355924407,1.5682857555401204,3.222863846480197
4.779730753820537,5.24600933394438,5.408227514520033,5.117703209624991,5.0631190143554665,5.592143269759895
4.220792566333152,2.203147957548002,3.0776820435059644,4.648802186528175,4.298104939536926,3.5987437213043223
6.0932916571563975,6.118770299801592,6.174646428674754,6.226186501495635,6.125015547874256,6.490593004100329
3.2961620850227487,3.037322543347878,0.0,2.0743161096747316,2.301892742392315,1.256646745267199
5.307449543185963,6.041920696975281,5.295578618849955,5.775886569943317,5.782718799196082,5.989204359342829
9.313461751692843,8.167839604923346,7.364016565496948,7.90840957343506,7.6685212406627405,7.820704612430833
3.714971891269714,3.3236691687308055,1.0449005473594477,4.73831271207171,4.224170896552707,2.99040787202365
5.091116240655791,6.244130255391919,5.701403726240479,5.117703209624991,5.401765208785627,5.549980533610538
10.253585425527232,9.999817634119951,10.096791074227095,9.75233169544849,9.774222055074276,9.81591069573134
4.4564512721831075,3.767326996465912,5.408227514520033,4.1586681136641985,3.976492875004384,4.915393872976637
5.385649294638699,4.713355519152925,4.60827290644347,4.397224232267905,4.3684340633204695,4.847392928297673
3.8313182420880993,3.9466673111887647,5.2152755578335155,4.8629553682010584,4.499573887818065,4.252640047634348
14.804431216553864,15.11045063145993,14.452781557104988,15.860005402723084,16.31995367345291,16.246457163245985
2.4360270815356015,2.461014499836793,1.644524637198008,2.0743161096747316,1.5682857555401204,1.256646745267199
12.468793950566482,11.627642628178648,10.17184600182355,11.770767854842838,11.903806960610815,11.824691049970196
6.2267499791404335,6.4662540370310495,7.087775361292764,6.241576125946,6.242027200964104,6.512713965979975
6.045913481318784,6.770100986655095,5.2152755578335155,6.544255226507444,6.560138125621913,6.8619550407191126
11.29981830730845,10.492984430041323,11.13893420247765,10.77878253509162,11.139201495930662,11.075969749450946
9.391344917781304,8.979496706215727,8.917979920136617,8.938831850931974,9.016619202915477,8.808597175240733
7.5154960202231695,8.079277069477765,7.7815182024845475,8.578785402418202,8.25111807015118,8.403538449889203
3.2961620850227487,4.4414684486850105,4.083073932513149,5.275547422615667,4.78317050436923,5.318429784139239
2.4360270815356015,4.028615856195515,4.253596790705888,3.5156624624613326,2.978071989188756,2.713165506010181
7.369188756565237,8.24700530074183,7.480252427504678,9.032494990969116,8.709681056479354,8.878407416267901
5.459827368535989,6.137359682903388,4.406077991232827,6.708313826526949,7.01949785965146,6.468127571031348
1.0723621528571825,2.461014499836793,3.540057190346136,4.397224232267905,2.5640862732757217,3.5987437213043223
5.423215024556173,6.523906318276414,4.728866279791471,7.406000719247384,7.314918243284739,7.437005149594579
5.385649294638699,5.852400307614175,5.478719120821888,5.4446563537551675,5.906064183415077,5.5065484011192165
4.994600610353493,4.942038178517604,5.4439038116594975,4.694251536510696,5.145539843359258,4.354139119526331
7.195537753265302,7.757480713401022,7.143083004826292,7.627177427460726,7.367380084544855,7.21214237407695
5.347079195864581,5.660107599879281,5.371646562501183,5.30514491014857,5.647833510184462,5.0424752552067345
5.971794666122453,5.634163638025787,5.478719120821888,5.643122282355173,6.4829847469129565,6.020419407946366
0.0,0.0,2.0668374318045664,1.381684084294751,0.0,2.99040787202365
8.851752713036152,7.839238499794024,8.423570474082005,8.076594957665337,8.42206776884887,8.318190176216305
8.355133435140965,8.698897265008055,8.268058979937182,8.749973562641022,8.896805146778544,8.891128939160074
6.3874232372913085,5.345294605051995,5.868244811375232,5.935804743836561,5.333081156153189,4.776027546772013
7.640369694862379,7.793088558067178,6.8690253459961905,7.667616693468311,7.682392245411376,7.923357949918777
11.17737701743448,11.017418209150678,11.306367426835507,10.912189902822917,10.653527610251125,10.656505521127142
6.021627860853612,7.413010265791075,5.478719120821888,7.854378114391781,7.887906372756318,7.651577050672563
3.8313182420880993,3.1875884978886755,1.0449005473594477,3.410658846623913,2.978071989188756,2.3696596197532793
7.022769650539288,6.9385565553582635,6.672514331525194,6.387065528694904,6.845493036213632,7.040052337320204
8.185151776989322,8.03535002012705,7.958443797575334,7.392276709781935,7.611663818170686,7.600851191461097
5.347079195864581,6.721647112875435,5.255985743248763,6.885303785998692,6.4014710269899595,6.221839498569228
5.043665381412245,5.21133551557592,4.253596790705888,5.083950900083653,5.185049217143508,4.5379393841988005
5.946217345326749,5.829719387609735,5.868244811375232,4.822592599363206,5.434918702122314,5.159263134006526
3.714971891269714,4.179745383959693,2.88349271729182,4.022756145667588,4.224170896552707,4.5379393841988005
7.378780750422187,7.605550802986431,6.882088528746082,7.913222643741606,7.709740459793854,7.964064216043475
13.028660759862095,12.429508793521418,12.950684124324402,11.995609013672553,12.5247009191443,12.261022758350592
2.1072261594039285,4.028615856195515,3.0776820435059644,3.410658846623913,3.883488798682337,4.448964308292506
7.3595325616797425,7.964244300771707,6.37274768308604,8.709042953626733,8.458798497017082,8.642979552127136
2.7036252497054964,0.0,2.659038723635503,1.7691731579606451,0.0,2.3696596197532793
1.680660685039108,0.0,2.88349271729182,4.022756145667588,0.0,2.3696596197532793
6.514684665126092,7.326552952804208,5.610141512327783,7.86435372727292,7.482845715502133,7.471296846048657
7.591709415207913,6.579342982857718,6.760029771300565,7.277514957660255,7.689278054435755,7.225597970456422
6.881476248995693,6.55189090873659,7.3070383842294016,6.330617921309654,6.434631204278045,6.7731126614443875
3.449675285104147,0.9269160351229908,2.0668374318045664,2.3260509354779892,1.5682857555401204,2.99040787202365
3.714971891269714,4.4414684486850105,3.4017693127773,3.7913753794272904,4.146242312574113,4.776027546772013
5.307449543185963,6.155712582389329,5.759187964693586,6.480827361056254,6.756501792720863,6.555963629727359
1.0723621528571825,1.888937113351682,0.0,0.8502888279616356,1.9812250416989712,1.256646745267199
4.9438082645706585,3.4480132671647272,2.88349271729182,4.503175016645742,4.78317050436923,4.621744423540839
5.996926418439346,6.733913998053996,5.512714021628471,6.914402014547066,6.689398550647538,6.977803719707436
7.506773887192525,7.494578034349297,7.087775361292764,6.762660872626339,7.01949785965146,7.184848736818501
3.714971891269714,4.942038178517604,3.889659817380317,5.013980781063252,4.3684340633204695,4.5379393841988005
9.225828024944995,9.398964346698053,9.35976994880567,9.722479302907155,9.821996854471411,9.999431256520776
1.680660685039108,2.203147957548002,3.889659817380317,2.5403176978191047,3.147646225708344,2.713165506010181
8.071453197834474,7.745413416081257,7.964597585039653,8.257800284042814,7.86376205761276,7.956014328170038
1.680660685039108,3.1875884978886755,2.659038723635503,2.0743161096747316,0.0,1.256646745267199
2.1072261594039285,4.028615856195515,3.0776820435059644,4.282871356752379,0.9875105484522038,3.5987437213043223
9.600507941319774,8.878140240507621,8.961706926578957,9.338299089810848,9.157349941544648,9.14942727483944
4.9438082645706585,4.662923467500477,5.919829900154173,4.648802186528175,5.0200728362489775,4.252640047634348
1.680660685039108,2.6797042233767265,2.0668374318045664,2.5403176978191047,0.9875105484522038,2.713165506010181
8.449181940081054,8.259787316222424,8.18088860562333,8.29146196753231,8.848410102287158,8.692270228344666
10.228606636913684,8.680001582476054,8.551727068978229,9.209225005477537,8.675412582387592,8.848280215577807
2.4360270815356015,3.668538768064413,4.170853317022545,3.87269590566056,2.785877769442253,3.222863846480197
6.960255061028064,6.980343532312802,6.626681796745451,6.0967761409997285,6.315074436279856,6.374595070117787
6.783777335486467,7.285473412398336,6.017776016576882,7.314368248384675,7.401323913593947,7.085037243147694
5.307449543185963,4.662923467500477,4.60827290644347,4.781068004890147,4.3684340633204695,4.700947400377628
3.588413176024308,2.461014499836793,4.170853317022545,2.891981879899189,2.301892742392315,2.3696596197532793
2.7036252497054964,0.9269160351229908,0.0,1.381684084294751,1.9812250416989712,2.99040787202365
5.423215024556173,4.713355519152925,4.785582100135434,5.362578284149815,5.26096301051565,5.5065484011192165
6.549074361566092,7.234582300525569,6.920583026148906,6.825285165053963,7.164909917145757,7.471296846048657
6.783777335486467,7.751459681686853,6.672514331525194,6.009573000801277,6.083803214208118,6.167102195354035
6.139163275707383,6.080857141803789,6.65739802656506,6.0450892352812815,5.782718799196082,6.221839498569228
5.137055989944297,4.249760164574368,3.4017693127773,4.648802186528175,4.146242312574113,4.847392928297673
1.0723621528571825,2.461014499836793,3.4017693127773,3.174505208994624,3.147646225708344,1.9179260834722285
4.720611921530422,5.376927246712734,4.170853317022545,5.362578284149815,4.3684340633204695,4.847392928297673
8.30066821852193,8.167839604923346,8.373572972351074,8.159951777420632,8.0464684694433,8.172953664682863
5.137055989944297,6.839860740914613,6.37274768308604,7.439750214180604,7.241862895433261,7.085037243147694
3.588413176024308,2.461014499836793,1.0449005473594477,2.891981879899189,4.298104939536926,1.9179260834722285
5.564399275391578,5.6077445694465435,5.578391154308508,6.400838964194045,5.647833510184462,5.672942976976067
3.1243472247523707,3.037322543347878,0.0,0.0,0.9875105484522038,0.0
2.4360270815356015,0.9269160351229908,1.644524637198008,2.3260509354779892,1.5682857555401204,3.222863846480197
3.714971891269714,3.4480132671647272,3.889659817380317,4.397224232267905,3.436642487092037,3.4230107876057687
6.565966609460035,6.592875585147518,6.017776016576882,7.254942472704976,6.997474502504033,6.8619550407191126
6.549074361566092,6.001904191842039,6.496827043436045,6.544255226507444,6.529770084446827,5.672942976976067
2.7036252497054964,2.203147957548002,1.644524637198008,3.0401483485866754,1.5682857555401204,2.99040787202365
5.723423689788241,5.7352524005339065,5.701403726240479,5.471009825516781,5.975307404046377,6.050973347241968
10.55373859957652,10.339889239879575,10.750170885544785,10.740027635560018,10.649119786545134,10.771053934489435
4.779730753820537,6.61956583080594,5.173383165887978,6.286783861717844,6.619021271823814,6.350232764440913
3.8313182420880993,4.316533778507413,3.989605695113597,3.705195797462184,4.224170896552707,5.10205063677679
2.929268684986816,2.8695660282412425,3.989605695113597,4.397224232267905,4.435493525991653,3.7553763845397103
7.2695889600864545,7.6254403355709055,7.882475121847002,7.364430710312312,7.314918243284739,6.912747642871415
5.347079195864581,5.710636475970664,6.017776016576882,5.496890525893949,5.730268111645454,5.367808596147874
6.021627860853612,6.191732474661941,6.8155566405638615,6.162931855610215,6.4181463863879,6.274575705700078
4.132832161798551,0.0,0.0,0.8502888279616356,1.5682857555401204,2.3696596197532793
2.929268684986816,0.9269160351229908,0.0,2.3260509354779892,0.0,2.3696596197532793
5.893660771919597,4.028615856195515,4.728866279791471,4.977680582447654,4.83376542989838,4.776027546772013
5.423215024556173,5.918379035960999,4.728866279791471,5.85806032627422,6.184707347148136,5.957298958075648
5.597637418736228,5.407881163815295,5.039872004732743,5.837951504031949,5.367831884023063,5.9246719765045155
6.16156348448748,4.983725874778318,6.087104665898618,5.643122282355173,5.434918702122314,4.980333374892511
1.0723621528571825,1.4866706657115965,0.0,0.0,0.0,0.0
6.531981979840145,7.571779830936428,6.842538684127176,7.328849948936821,7.375941206785225,7.719724135517678
3.449675285104147,3.1875884978886755,4.083073932513149,3.5156624624613326,4.56092862000084,4.025327408372177
3.2961620850227487,4.662923467500477,4.840152365914312,5.214466084194152,4.619780160286661,4.847392928297673
4.594569219566535,3.767326996465912,4.331850957763941,4.451172027377437,3.436642487092037,4.915393872976637
5.307449543185963,5.710636475970664,6.37274768308604,6.009573000801277,5.590138259223642,5.633108708906212
8.612563578090823,7.937975467081717,8.242962807992255,8.006258305436493,8.078291862788296,7.864367833053538
0.0,1.888937113351682,1.644524637198008,3.87269590566056,4.146242312574113,4.700947400377628
4.9438082645706585,3.9466673111887647,5.295578618849955,5.5718583702669555,5.104917934158347,5.26730081503223
2.7036252497054964,2.8695660282412425,4.170853317022545,2.891981879899189,2.301892742392315,1.256646745267199
7.854872046950275,8.280842192579147,7.927274859218645,8.649716219502592,9.067715521171989,9.088137183304728
7.195537753265302,7.020954161743021,7.18585149362216,7.364430710312312,7.935015595025448,7.621356052574392
5.692990272910709,6.436540276334898,5.671619863072131,5.688748114137347,6.062746991028016,5.749456405487739
1.680660685039108,1.4866706657115965,2.0668374318045664,3.5156624624613326,2.5640862732757217,2.713165506010181
6.724827521564999,6.828465852322095,6.611074908457811,6.751954012747458,6.743328514341886,6.809308734841607
5.224766906985408,5.6077445694465435,5.7305851300136235,5.013980781063252,5.26096301051565,5.711706868649924
5.811051758636241,7.000791736613788,6.216502681343285,7.111546471002956,6.4014710269899595,6.490593004100329
11.006155245013495,11.108561887512703,11.311808279253317,10.261827974803856,10.494565522589472,10.23720617857846
1.680660685039108,4.179745383959693,2.88349271729182,3.0401483485866754,2.5640862732757217,4.025327408372177
2.7036252497054964,2.203147957548002,3.2488069851981782,3.297408618726716,1.5682857555401204,0.0
9.5355302111509,9.395107436274426,9.283056194098988,9.261116043339538,9.36941232843942,9.191174862444358
4.8365220755324145,3.037322543347878,3.889659817380317,4.282871356752379,4.676324781005206,4.776027546772013
5.564399275391578,6.645771255494283,5.894267903417416,6.952308622465345,6.95239279219562,6.7359850352559345
6.582663356046102,6.436540276334898,6.174646428674754,6.286783861717844,6.165083224097141,6.248448553326723
6.368290776116931,6.7819643831773115,5.919829900154173,7.00736405030181,7.164909917145757,7.4485265179357185
2.929268684986816,0.9269160351229908,2.3931131584133563,1.381684084294751,0.9875105484522038,1.256646745267199
0.0,2.8695660282412425,1.644524637198008,0.0,2.785877769442253,1.256646745267199
0.0,0.0,1.644524637198008,2.3260509354779892,1.9812250416989712,1.256646745267199
6.139163275707383,5.939718030230672,5.944946857524697,5.54729940335648,5.997669135225367,5.749456405487739
6.045913481318784,6.851166333688574,5.255985743248763,7.254942472704976,7.597092308062832,7.238929229176315
3.588413176024308,1.888937113351682,2.3931131584133563,4.092312020475909,2.785877769442253,1.9179260834722285
6.116409774256625,5.17580777936811,5.545926290761863,5.775886569943317,5.22350537382003,5.857117316594801
3.714971891269714,3.037322543347878,4.083073932513149,3.7913753794272904,4.146242312574113,3.5987437213043223
3.588413176024308,3.9466673111887647,4.669829260738149,3.705195797462184,4.730736538492143,4.354139119526331
6.4433437939658145,6.758139227069784,5.868244811375232,6.78383912040238,6.560138125621913,6.300238100600774
0.0,1.4866706657115965,1.644524637198008,1.7691731579606451,2.301892742392315,1.256646745267199
2.4360270815356015,0.9269160351229908,3.2488069851981782,1.7691731579606451,3.5619819391917837,2.713165506010181
5.597637418736228,6.041920696975281,4.785582100135434,6.0625247674531915,5.782718799196082,5.857117316594801
6.783777335486467,6.980343532312802,7.267763064143851,7.254942472704976,7.749814644256391,7.471296846048657
3.8313182420880993,4.762084009432767,4.943465455302347,4.648802186528175,4.619780160286661,3.222863846480197
6.82646090451578,7.098898912626173,6.788060331245916,7.4128140749985265,7.589750988090875,7.291055508776876
7.310257662816774,6.862384019298687,6.5632149304091545,6.855606562888967,6.857769533194927,6.020419407946366
6.045913481318784,5.7352524005339065,6.109493120358433,6.387065528694904,6.315074436279856,6.274575705700078
7.453303833725307,7.117744436944952,5.759187964693586,7.844333043909637,7.81422632691213,7.923357949918777
2.1072261594039285,0.9269160351229908,2.659038723635503,0.0,0.0,0.0
7.827114607849546,8.069630436213552,7.0990078146874165,8.398312330667443,8.518011697343276,8.721056025782945
0.0,0.9269160351229908,3.2488069851981782,0.0,0.9875105484522038,1.9179260834722285
5.459827368535989,5.918379035960999,4.785582100135434,5.85806032627422,5.997669135225367,5.891290019019173
5.347079195864581,5.102014708421716,5.701403726240479,5.214466084194152,5.367831884023063,5.461768057669626
2.7036252497054964,1.4866706657115965,2.88349271729182,1.7691731579606451,2.978071989188756,3.4230107876057687
4.994600610353493,5.660107599879281,5.919829900154173,4.977680582447654,5.833329293702817,5.10205063677679
3.714971891269714,3.1875884978886755,3.540057190346136,3.7913753794272904,3.784073490652618,4.1434560588218705
1.0723621528571825,0.0,0.0,1.381684084294751,2.301892742392315,0.0
0.0,1.4866706657115965,2.3931131584133563,1.381684084294751,1.9812250416989712,2.3696596197532793
1.0723621528571825,3.3236691687308055,3.540057190346136,2.3260509354779892,3.883488798682337,3.5987437213043223
4.303696860985152,4.4414684486850105,3.7822711559702658,3.7913753794272904,4.619780160286661,4.1434560588218705
8.93862657440166,8.953506631459579,9.12170501746017,8.32435611428365,8.696071188036777,8.6678353862637
6.3093222301236445,6.390789667456393,6.409301076360799,6.3161540459107695,6.845493036213632,6.350232764440913
7.279864117263825,7.775394489721295,7.24771703266975,8.155896361931056,7.958005630869996,8.234145908784384
7.656231775787445,5.345294605051995,7.627143250218181,6.544255226507444,5.975307404046377,6.5979543869599
2.7036252497054964,0.0,3.0776820435059644,2.5403176978191047,1.5682857555401204,3.7553763845397103
4.891162234118836,4.4414684486850105,2.3931131584133563,5.496890525893949,4.619780160286661,4.915393872976637
4.039158644825996,1.888937113351682,2.88349271729182,1.381684084294751,2.785877769442253,4.025327408372177
9.369861875292283,9.25955479662569,9.048275399374305,8.744582778038536,9.35216061658265,9.251614973808184
6.7097058591098095,7.5301826677412125,6.546902157039615,7.48571118884169,7.426267748649455,7.471296846048657
4.9438082645706585,4.316533778507413,5.173383165887978,5.083950900083653,4.676324781005206,5.10205063677679
4.303696860985152,4.179745383959693,4.943465455302347,4.940443394064977,4.882645958734499,5.461768057669626
6.247840314815037,6.7819643831773115,6.37274768308604,7.016339102765241,7.203899426957918,7.024740167738741
6.73979232841196,6.645771255494283,6.236984059880915,6.441387448538115,6.820622128785795,6.490593004100329
8.407617042257675,8.540312157575462,9.00414749557269,8.127184701571544,8.232382574655139,8.330696293782582
4.891162234118836,4.380353079586573,4.543972575687705,4.451172027377437,4.224170896552707,4.776027546772013
4.594569219566535,3.4480132671647272,4.083073932513149,4.553368554348876,4.619780160286661,4.025327408372177
2.929268684986816,1.888937113351682,2.88349271729182,3.410658846623913,2.785877769442253,1.9179260834722285
2.7036252497054964,2.203147957548002,3.540057190346136,1.7691731579606451,3.2993686457991767,2.713165506010181
6.647582562884117,6.862384019298687,6.842538684127176,6.55661290465285,6.661658239426168,6.194730429945663
7.640369694862379,7.751459681686853,6.642121657010994,7.48571118884169,7.008528205166074,7.238929229176315
8.12942226865719,8.040297375578769,7.373297928382081,7.350303532424038,7.633248791840027,7.341363895940468
6.021627860853612,6.041920696975281,6.19572634422963,6.113601637931112,6.2040681132011395,6.020419407946366
4.132832161798551,4.610664411920954,4.406077991232827,4.694251536510696,4.56092862000084,4.776027546772013
6.461512458635819,7.894924357364677,6.109493120358433,8.118875313286246,8.144924902089238,8.158995575158547
2.4360270815356015,1.4866706657115965,1.644524637198008,2.891981879899189,2.785877769442253,2.3696596197532793
7.010481565702379,6.917200246887342,6.842538684127176,7.111546471002956,7.223006030218317,6.912747642871415
7.330170030190688,7.670809881824164,7.400789044773967,8.159951777420632,8.409613398978037,8.576275924851052
11.40095586827136,11.381366192517817,11.661117806705416,11.52920188495786,11.821192815095117,11.800169233578554
0.0,2.461014499836793,3.989605695113597,3.705195797462184,3.677297157552445,3.222863846480197
7.227740493958753,6.805402466164583,7.717369021323715,6.825285165053963,6.92931241817933,7.009263736142881
6.0932916571563975,6.311158980409005,5.841743683213001,5.471009825516781,5.857983954661776,5.891290019019173
8.157556101260738,6.770100986655095,7.571782173480742,7.419595404786818,7.426267748649455,7.303798025795707
6.694424017978742,7.551131165295002,6.041257694906058,7.661908593146774,7.574955317169453,7.600851191461097
8.118013299002794,8.098378958470615,8.042296089806664,7.978972096267818,8.03028960336484,7.906748311831864
2.1072261594039285,0.0,0.0,2.0743161096747316,0.9875105484522038,0.0
5.224766906985408,5.8066761929904,5.944946857524697,5.596006258431614,5.730268111645454,6.350232764440913
5.385649294638699,6.862384019298687,6.277094630689882,6.009573000801277,6.041378893527714,5.549980533610538
2.1072261594039285,2.203147957548002,1.644524637198008,3.174505208994624,0.0,2.713165506010181
0.0,2.203147957548002,0.0,3.5156624624613326,0.9875105484522038,1.9179260834722285
0.0,2.461014499836793,2.659038723635503,2.0743161096747316,2.785877769442253,1.256646745267199
7.671921351921786,7.827838676000046,7.875960065831572,7.854378114391781,7.940797541103858,8.019189794511593
0.0,2.461014499836793,1.0449005473594477,0.0,0.0,3.5987437213043223
2.4360270815356015,3.9466673111887647,3.540057190346136,3.613539375051084,2.785877769442253,3.4230107876057687
2.929268684986816,3.037322543347878,1.644524637198008,3.87269590566056,0.0,1.256646745267199
2.4360270815356015,2.461014499836793,1.644524637198008,1.7691731579606451,2.978071989188756,4.252640047634348
1.0723621528571825,3.3236691687308055,0.0,4.8629553682010584,3.147646225708344,2.3696596197532793
3.8313182420880993,4.028615856195515,4.253596790705888,3.87269590566056,3.784073490652618,3.4230107876057687
3.588413176024308,0.0,2.0668374318045664,1.381684084294751,3.147646225708344,2.3696596197532793
7.128892167901669,7.494578034349297,7.316692394232792,7.00736405030181,6.905856790644351,7.252138427119792
1.0723621528571825,0.9269160351229908,1.644524637198008,2.3260509354779892,1.9812250416989712,2.3696596197532793
3.449675285104147,4.179745383959693,3.4017693127773,3.297408618726716,2.978071989188756,1.256646745267199
5.043665381412245,5.467865125388594,4.785582100135434,5.897456161246051,5.590138259223642,5.0424752552067345
5.630127004574053,6.770100986655095,5.919829900154173,5.775886569943317,5.5300392365001345,5.592143269759895
7.38830939132038,6.592875585147518,6.041257694906058,6.113601637931112,6.434631204278045,5.957298958075648
5.564399275391578,6.061520270843222,5.919829900154173,5.417812516162077,5.906064183415077,5.822115496419822
2.929268684986816,3.1875884978886755,0.0,3.297408618726716,3.147646225708344,3.7553763845397103
3.588413176024308,4.899109951823938,4.728866279791471,3.410658846623913,3.883488798682337,4.448964308292506
6.406305288417043,6.632728042457236,6.427236233216999,6.17900741655958,6.6045242579786025,6.3985528002142384
1.0723621528571825,4.106158662722397,3.666241375023308,2.5403176978191047,2.785877769442253,2.99040787202365
2.4360270815356015,3.767326996465912,3.2488069851981782,3.410658846623913,3.677297157552445,3.222863846480197
5.091116240655791,6.42145070524118,5.512714021628471,7.307072518307702,6.940898759950688,7.225597970456422
4.8365220755324145,5.139383001929164,5.085762338984941,5.362578284149815,5.401765208785627,5.26730081503223
4.720611921530422,3.859782068540047,3.2488069851981782,4.694251536510696,4.499573887818065,4.448964308292506
3.714971891269714,2.6797042233767265,3.0776820435059644,3.174505208994624,4.146242312574113,2.99040787202365
7.541350423790568,7.472785699380918,7.345272765105936,6.815034743864564,7.0411900695977465,7.184848736818501
6.2267499791404335,5.376927246712734,6.702279923604359,6.762660872626339,6.661658239426168,6.697876637342029
7.841060082978882,7.060452865103809,7.326282232161117,7.299739706011485,7.604396459936451,7.526698291546111
1.0723621528571825,0.0,1.644524637198008,2.0743161096747316,0.0,2.713165506010181
6.565966609460035,5.7352524005339065,6.595297338780084,6.400838964194045,6.782492893562912,6.300238100600774
6.2267499791404335,5.685593241710341,6.611074908457811,5.1829274389221895,6.297156432890818,6.050973347241968
4.039158644825996,4.556440986587682,4.253596790705888,3.410658846623913,2.301892742392315,3.7553763845397103
5.692990272910709,6.9906038622823585,4.840152365914312,6.17900741655958,6.4014710269899595,6.13893452079274
5.530377266023749,6.645771255494283,5.039872004732743,7.555101413503676,6.893984404468084,6.490593004100329
7.162599764634595,7.618840911715063,7.611541380161908,7.177043403892546,7.134960331068105,6.618500169311961
6.289117989184021,6.099938259092898,6.316120126028523,5.666115557722789,5.560401671877235,5.633108708906212
0.0,1.4866706657115965,2.3931131584133563,2.3260509354779892,0.9875105484522038,2.3696596197532793
5.181577911249507,5.981471861116301,6.760029771300565,6.271871465536351,5.590138259223642,5.989204359342829
4.594569219566535,4.249760164574368,4.728866279791471,5.013980781063252,5.297472671066822,5.10205063677679
5.630127004574053,6.436540276334898,6.3911401452511205,5.85806032627422,6.279013089628651,6.13893452079274
10.778713560261522,10.636290481823492,11.076378028835116,10.497201598450369,10.34561855150516,10.271666319807789
8.827441348474508,9.114631037727683,8.436910718249894,9.492582661053495,9.194123012368904,9.487697353693155
4.220792566333152,4.179745383959693,3.989605695113597,4.451172027377437,3.976492875004384,4.621744423540839
6.069797048200696,6.980343532312802,6.513712606035222,6.506534095707475,5.8082459653885605,6.638757457725568
8.412294943876025,8.74204791886582,8.137970525381322,8.9761101247579,8.92040719937555,8.920383382792224
7.162599764634595,8.557668738900167,6.131539442339836,8.841190814653325,9.169712070915647,9.128091541746
7.733027095406172,8.238420605737344,7.579822156035135,8.422145253717911,8.661473982036112,8.450133702006859
3.1243472247523707,3.767326996465912,2.659038723635503,2.726838355924407,2.785877769442253,2.713165506010181
4.382094852155088,4.028615856195515,3.0776820435059644,4.6018743381215605,4.3684340633204695,4.252640047634348
10.13972636581522,10.251994312200193,10.306331409875968,9.799886683669738,9.914517015835155,9.887494115199631
3.2961620850227487,3.562485519943336,1.644524637198008,2.3260509354779892,2.785877769442253,3.7553763845397103
5.564399275391578,6.001904191842039,5.787234727124673,6.359117782057307,5.675838346852909,5.989204359342829
2.1072261594039285,3.9466673111887647,3.989605695113597,3.0401483485866754,3.883488798682337,2.99040787202365
7.034953955528993,7.136346958287239,6.945686988595622,6.9047676684384065,7.174756524071954,7.341363895940468
3.938978000974403,4.380353079586573,4.170853317022545,4.503175016645742,4.063862773336467,3.7553763845397103
4.220792566333152,3.767326996465912,4.785582100135434,3.705195797462184,2.978071989188756,4.1434560588218705
5.137055989944297,3.767326996465912,3.2488069851981782,3.613539375051084,4.435493525991653,3.4230107876057687
8.238808350704815,9.017624469216925,8.484795936436862,9.082492022350715,9.091301589883765,8.969193725334243
11.135554956901114,10.32577579159008,11.201497996945232,10.314624013841682,10.352141588857569,10.30056229017222
0.0,0.0,1.644524637198008,0.0,2.301892742392315,1.9179260834722285
6.960255061028064,5.525454328374005,6.174646428674754,6.923972448869484,6.743328514341886,6.350232764440913
8.550262571472434,8.020405337728043,8.572021867796906,7.89873499170425,8.25111807015118,7.590488427678029
4.658966616099442,4.028615856195515,4.669829260738149,6.162931855610215,5.104917934158347,5.672942976976067
5.753228359186448,7.225923140556413,5.944946857524697,7.717998068351463,7.749814644256391,7.802862468239965
8.140741722530473,8.468719170824711,7.267763064143851,8.76336305060573,8.597028080435834,8.706734920509906
4.527162473660295,4.028615856195515,4.331850957763941,4.022756145667588,4.224170896552707,4.1434560588218705
3.714971891269714,4.983725874778318,4.60827290644347,3.410658846623913,3.677297157552445,3.896656719144944
7.671921351921786,8.055038455056025,7.345272765105936,7.392276709781935,7.305986088709749,7.21214237407695
1.0723621528571825,4.106158662722397,4.253596790705888,3.0401483485866754,2.978071989188756,2.3696596197532793
3.2961620850227487,1.888937113351682,1.0449005473594477,2.3260509354779892,2.301892742392315,1.256646745267199
6.47945515792002,6.311158980409005,6.85584279829937,6.773288857304325,6.467046292478669,6.534500861155465
4.132832161798551,5.783258962668004,2.88349271729182,5.85806032627422,5.4673274033492225,6.080893600935071
3.449675285104147,4.249760164574368,2.88349271729182,3.297408618726716,3.5619819391917837,3.5987437213043223
5.224766906985408,6.261181647371697,5.039872004732743,6.493737984718577,7.104375803078495,6.717056660514422
5.530377266023749,5.496947062045408,5.408227514520033,5.30514491014857,5.499024042003715,5.891290019019173
1.0723621528571825,2.203147957548002,0.0,1.7691731579606451,1.9812250416989712,1.256646745267199
0.0,0.9269160351229908,1.644524637198008,0.0,0.0,1.256646745267199
1.0723621528571825,2.203147957548002,2.659038723635503,1.7691731579606451,0.9875105484522038,3.222863846480197
4.9438082645706585,5.139383001929164,5.841743683213001,5.775886569943317,5.499024042003715,5.461768057669626
7.184641766455867,7.544182075873311,6.296739331302462,7.042934040916285,7.498611520075851,7.504792344920436
5.530377266023749,5.8066761929904,7.1538945755956584,6.0967761409997285,5.906064183415077,5.857117316594801
7.407179923485969,8.45766707699741,7.445474550004294,9.425104382921852,9.253402240754676,9.225064796548274
1.0723621528571825,0.0,1.0449005473594477,3.613539375051084,2.978071989188756,0.0
1.680660685039108,0.9269160351229908,3.2488069851981782,2.726838355924407,1.5682857555401204,3.222863846480197
6.694424017978742,6.451473653442934,5.868244811375232,7.385365435079064,6.857769533194927,7.42539103035403
2.4360270815356015,3.037322543347878,4.083073932513149,3.613539375051084,3.2993686457991767,2.99040787202365
0.0,0.0,1.644524637198008,1.7691731579606451,1.9812250416989712,1.256646745267199
6.183621204184978,6.001904191842039,5.512714021628471,5.275547422615667,5.882224354039638,5.214293052212603
7.09437813653874,6.839860740914613,7.530896115319602,6.663312278191288,6.4181463863879,6.422119172788541
2.1072261594039285,2.461014499836793,1.0449005473594477,1.7691731579606451,2.301892742392315,0.0
5.630127004574053,5.96074599297581,6.316120126028523,6.493737984718577,6.498749040491763,7.198560098846078
6.021627860853612,6.041920696975281,5.4439038116594975,5.596006258431614,5.906064183415077,5.891290019019173
0.0,4.380353079586573,2.3931131584133563,4.503175016645742,3.436642487092037,4.700947400377628
7.070901359172485,7.1638085798629225,6.444951160549242,6.855606562888967,6.905856790644351,7.198560098846078
3.2961620850227487,1.4866706657115965,3.2488069851981782,1.381684084294751,2.301892742392315,2.99040787202365
7.558332820730689,7.310261230724605,6.731443787784425,7.633024329456121,7.633248791840027,7.681177958594043
5.723423689788241,5.759455353363163,5.512714021628471,5.3341473795355485,5.104917934158347,5.318429784139239
5.266700474549855,5.312952805578695,5.334113880080709,5.85806032627422,6.2040681132011395,5.989204359342829
5.091116240655791,5.063652716017436,5.512714021628471,4.822592599363206,4.676324781005206,4.915393872976637
4.039158644825996,5.496947062045408,5.085762338984941,4.6018743381215605,4.78317050436923,5.415553112632965
3.588413176024308,1.888937113351682,3.666241375023308,2.891981879899189,3.883488798682337,3.7553763845397103
4.594569219566535,3.1875884978886755,2.659038723635503,3.0401483485866754,3.5619819391917837,3.7553763845397103
7.279864117263825,7.443207546181093,6.296739331302462,6.605011537918345,6.675595068258722,6.791324211509572
3.1243472247523707,2.6797042233767265,3.4017693127773,4.1586681136641985,3.5619819391917837,4.700947400377628
3.2961620850227487,3.562485519943336,0.0,1.7691731579606451,3.677297157552445,2.3696596197532793
5.996926418439346,5.7352524005339065,6.296739331302462,5.688748114137347,5.590138259223642,5.318429784139239
2.929268684986816,2.461014499836793,3.2488069851981782,1.381684084294751,2.301892742392315,1.256646745267199
6.329247423936927,5.981471861116301,6.85584279829937,6.467800156646568,6.92931241817933,6.618500169311961
9.626909097646482,9.41809573210557,9.82136025334235,9.6363222832196,9.939278230770716,9.977727869775007
4.4564512721831075,4.610664411920954,4.331850957763941,4.451172027377437,3.883488798682337,4.980333374892511
2.7036252497054964,2.8695660282412425,3.4017693127773,4.503175016645742,2.301892742392315,3.4230107876057687
4.658966616099442,5.139383001929164,4.083073932513149,5.522315119058797,5.675838346852909,6.167102195354035
1.680660685039108,3.037322543347878,2.0668374318045664,1.381684084294751,0.9875105484522038,1.9179260834722285
4.720611921530422,5.279869321114219,3.889659817380317,4.940443394064977,4.56092862000084,4.448964308292506
6.139163275707383,7.1638085798629225,6.236984059880915,7.756002277584128,7.682392245411376,7.621356052574392
6.116409774256625,5.102014708421716,4.170853317022545,5.3341473795355485,4.9757026692765285,5.711706868649924
5.091116240655791,5.5534091963975545,5.295578618849955,5.522315119058797,5.185049217143508,5.549980533610538
5.839116970259891,6.022051183825807,4.083073932513149,6.74116709816977,6.4829847469129565,5.857117316594801
3.588413176024308,3.767326996465912,3.666241375023308,2.891981879899189,3.883488798682337,4.621744423540839
10.81890497130036,10.59401637817576,9.76782121978627,10.539840204499802,10.64115160698134,10.79944944695642
6.82646090451578,6.451473653442934,6.257178737709851,6.519217707550713,6.845493036213632,6.490593004100329
8.196043927114909,7.9326638118527235,8.201878169583976,8.054980855993998,8.057154453972288,8.227473540963008
7.591709415207913,7.4654478176733186,7.373297928382081,7.2008579266325885,7.682392245411376,7.238929229176315
5.692990272910709,6.137359682903388,5.2152755578335155,6.616861689478417,6.279013089628651,6.534500861155465
5.423215024556173,6.137359682903388,5.4439038116594975,6.4144821470016105,6.384600669736601,5.989204359342829
5.839116970259891,5.918379035960999,6.064363292374095,5.643122282355173,6.260638666402865,6.080893600935071
5.266700474549855,5.710636475970664,5.512714021628471,5.643122282355173,5.26096301051565,5.367808596147874
6.972976567839603,7.225923140556413,7.087775361292764,6.441387448538115,6.769555873199211,6.844618859895456
6.6789785683711616,6.155712582389329,7.1321897998874695,7.216518649530283,7.375941206785225,7.471296846048657
6.934470489462872,7.310261230724605,6.716935547333,7.119898055845538,6.689398550647538,7.316428979954096
6.549074361566092,6.022051183825807,7.076454768216542,7.042934040916285,6.869942445144929,6.977803719707436
7.632372771481469,8.103115172401308,7.547389842754645,8.080879189855896,8.189316358794384,8.355387922796394
1.680660685039108,2.461014499836793,2.3931131584133563,1.381684084294751,0.0,2.3696596197532793
6.934470489462872,6.565682240695157,7.514211639163342,6.875472478136167,6.467046292478669,6.445306768518016
4.527162473660295,5.685593241710341,4.543972575687705,5.85806032627422,5.8082459653885605,6.445306768518016
3.449675285104147,2.203147957548002,1.644524637198008,2.0743161096747316,2.5640862732757217,1.9179260834722285
3.8313182420880993,5.5534091963975545,4.170853317022545,4.73831271207171,4.3684340633204695,4.915393872976637
7.960850878670501,7.450659129583849,7.665425345097473,7.111546471002956,7.582372119815923,7.471296846048657
3.8313182420880993,3.767326996465912,3.7822711559702658,4.73831271207171,4.882645958734499,3.4230107876057687
4.658966616099442,4.854865093623743,4.170853317022545,5.4446563537551675,4.619780160286661,4.980333374892511
8.954749600550892,9.311635061710316,9.118948839094292,8.38104449521312,8.458798497017082,8.56573447484278
7.471348276491703,6.733913998053996,6.788060331245916,6.519217707550713,7.008528205166074,6.827071822087671
3.938978000974403,4.380353079586573,3.7822711559702658,3.87269590566056,3.976492875004384,4.5379393841988005
7.340024090360006,8.181339251850149,6.760029771300565,8.810561664310507,8.719804858336657,8.662898360223505
7.290066609981066,7.1638085798629225,6.716935547333,7.638847630954804,7.589750988090875,7.365875159501015
7.425806811481539,7.793088558067178,7.391683421482374,8.067988135924587,8.078291862788296,7.8557402668930285
6.47945515792002,6.261181647371697,6.257178737709851,6.493737984718577,6.104556536074967,5.891290019019173
9.573614626376076,9.642899886084695,10.004236312453884,9.726586639891206,9.699455797457672,9.690525318138748
5.091116240655791,4.762084009432767,5.039872004732743,5.150683891235962,5.703309903695489,5.318429784139239
1.680660685039108,0.9269160351229908,2.659038723635503,2.0743161096747316,0.9875105484522038,0.0
6.549074361566092,6.980343532312802,6.642121657010994,7.239695524896034,6.769555873199211,6.658734241926996
3.588413176024308,4.106158662722397,4.840152365914312,3.7913753794272904,3.436642487092037,4.354139119526331
4.779730753820537,5.024242728639026,5.610141512327783,4.648802186528175,4.298104939536926,5.7862433228761505
2.1072261594039285,1.4866706657115965,1.0449005473594477,4.222105922301955,2.785877769442253,3.4230107876057687
13.41461242543581,12.649032702749496,13.545434156580756,12.699726474193575,12.973329259755811,12.998932263192938
4.527162473660295,2.8695660282412425,3.666241375023308,3.0401483485866754,3.147646225708344,4.252640047634348
6.368290776116931,6.709275030247018,6.579345313153673,6.9334798137695675,6.350256337756722,6.7731126614443875
9.24168468512781,8.676828100103883,8.983083267700874,8.468661517567048,8.81417107380912,8.61257600261508
3.8313182420880993,4.854865093623743,4.083073932513149,4.503175016645742,4.882645958734499,5.26730081503223
2.4360270815356015,1.4866706657115965,0.0,2.891981879899189,3.147646225708344,2.3696596197532793
6.514684665126092,6.884561063915415,6.595297338780084,6.78383912040238,6.845493036213632,5.989204359342829
3.1243472247523707,2.8695660282412425,2.88349271729182,2.891981879899189,3.436642487092037,3.4230107876057687
6.47945515792002,6.436540276334898,6.19572634422963,6.519217707550713,6.575085749865443,6.350232764440913
4.303696860985152,3.4480132671647272,1.644524637198008,3.297408618726716,3.784073490652618,3.4230107876057687
4.132832161798551,4.899109951823938,4.406077991232827,5.1829274389221895,4.676324781005206,4.025327408372177
6.694424017978742,6.980343532312802,6.296739331302462,7.034123422400831,7.094035159175282,6.929288748155309
4.720611921530422,4.662923467500477,5.130237847052339,4.781068004890147,5.22350537382003,5.214293052212603
2.7036252497054964,0.0,0.0,2.5403176978191047,0.9875105484522038,1.9179260834722285
10.37836595190212,10.137770198659462,10.634318128905736,10.16123028167775,10.290081457114107,10.186504169529522
9.08350844819362,8.98207014656712,9.096707776542694,8.529483562161738,8.723163733242522,8.6678353862637
2.4360270815356015,3.767326996465912,3.989605695113597,4.648802186528175,4.78317050436923,4.776027546772013
7.935077049328985,8.280842192579147,6.8690253459961905,8.455523490058958,8.305907500799245,8.455853702156412
0.0,0.0,1.0449005473594477,3.174505208994624,2.785877769442253,1.256646745267199
6.47945515792002,7.070160853471522,7.297319337524607,6.531790781131416,6.6045242579786025,6.658734241926996
3.2961620850227487,3.562485519943336,3.0776820435059644,3.0401483485866754,3.677297157552445,3.896656719144944
7.369188756565237,7.5301826677412125,7.6348813662667006,7.479234302992935,7.626089623516559,7.171005810733309
4.039158644825996,4.556440986587682,2.3931131584133563,4.73831271207171,5.333081156153189,4.980333374892511
6.329247423936927,6.406201638207938,6.933189610126316,6.815034743864564,6.857769533194927,6.7359850352559345
3.1243472247523707,3.767326996465912,4.669829260738149,5.596006258431614,5.367831884023063,6.080893600935071
4.658966616099442,4.662923467500477,3.666241375023308,4.73831271207171,4.882645958734499,4.776027546772013
0.0,2.8695660282412425,2.0668374318045664,0.8502888279616356,2.301892742392315,1.256646745267199
7.217085915111962,6.721647112875435,6.257178737709851,6.3161540459107695,6.857769533194927,6.221839498569228
7.349811300552166,8.163311504940742,7.505796481526476,7.988124960793973,7.923381717447758,8.151965559820706
7.558332820730689,7.3664950991238465,7.087775361292764,7.818910047797822,7.618894751593973,7.964064216043475
3.2961620850227487,5.063652716017436,4.253596790705888,6.146675148673491,5.882224354039638,5.7862433228761505
6.069797048200696,6.696795930261391,6.087104665898618,6.441387448538115,6.869942445144929,6.5979543869599
0.0,0.0,2.3931131584133563,2.5403176978191047,0.9875105484522038,1.256646745267199
0.0,3.3236691687308055,2.0668374318045664,2.0743161096747316,0.9875105484522038,0.0
4.382094852155088,3.859782068540047,3.540057190346136,4.648802186528175,4.3684340633204695,4.1434560588218705
6.139163275707383,5.783258962668004,6.427236233216999,6.21063094000576,6.104556536074967,6.194730429945663
7.14021576545192,3.9466673111887647,4.253596790705888,3.87269590566056,4.3684340633204695,4.025327408372177
2.4360270815356015,3.1875884978886755,0.0,3.5156624624613326,2.785877769442253,2.713165506010181
3.449675285104147,0.0,1.644524637198008,2.5403176978191047,1.5682857555401204,0.0
8.652651405758988,8.431544754605612,8.35963111131546,8.261579492175715,8.518011697343276,8.26053100371866
4.891162234118836,5.759455353363163,6.37274768308604,5.916757867765257,5.0200728362489775,5.159263134006526
4.303696860985152,4.809220277953722,5.173383165887978,5.117703209624991,5.297472671066822,4.700947400377628
2.1072261594039285,0.9269160351229908,2.0668374318045664,1.7691731579606451,3.147646225708344,1.9179260834722285
0.0,0.0,2.0668374318045664,0.8502888279616356,0.0,0.0
1.0723621528571825,0.0,1.644524637198008,2.3260509354779892,1.5682857555401204,2.713165506010181
7.310257662816774,7.889451504141937,6.945686988595622,8.626457954661374,8.434415543290665,8.617687964549372
7.349811300552166,7.816348055654821,7.382519962486041,7.292369432611691,7.401323913593947,7.252138427119792
5.224766906985408,6.294691488976819,5.919829900154173,4.977680582447654,5.619274279001974,5.592143269759895
6.116409774256625,4.380353079586573,5.2152755578335155,4.73831271207171,5.367831884023063,6.577111774642871
5.459827368535989,6.375211274811811,5.7305851300136235,5.3341473795355485,6.104556536074967,5.9246719765045155
5.866646622125944,5.685593241710341,5.130237847052339,5.73297513495142,5.9525936024434705,5.549980533610538
0.0,1.888937113351682,0.0,2.0743161096747316,0.9875105484522038,1.9179260834722285
7.279864117263825,7.154712663745744,6.672514331525194,6.593063243718423,7.44266055301132,6.468127571031348
4.382094852155088,4.854865093623743,5.255985743248763,4.822592599363206,4.929924476927659,4.915393872976637
0.0,2.461014499836793,1.0449005473594477,2.0743161096747316,0.0,1.256646745267199
4.382094852155088,3.1875884978886755,3.0776820435059644,2.5403176978191047,3.147646225708344,2.713165506010181
0.0,1.4866706657115965,3.540057190346136,2.3260509354779892,0.0,1.9179260834722285
3.1243472247523707,1.888937113351682,3.0776820435059644,2.891981879899189,3.147646225708344,2.99040787202365
6.73979232841196,7.010908171459212,6.427236233216999,7.357384413341883,7.618894751593973,7.504792344920436
3.449675285104147,3.037322543347878,4.170853317022545,2.5403176978191047,2.978071989188756,3.5987437213043223
6.247840314815037,6.001904191842039,6.427236233216999,7.472728208405071,7.184536381766285,7.070197583915613
6.16156348448748,6.244130255391919,5.039872004732743,5.991481533015665,5.8082459653885605,5.857117316594801
4.891162234118836,4.179745383959693,4.476672173666001,5.013980781063252,4.146242312574113,5.0424752552067345
4.039158644825996,4.762084009432767,2.88349271729182,3.7913753794272904,1.9812250416989712,3.5987437213043223
6.8404126694853336,7.020954161743021,5.814746626998824,7.299739706011485,7.341387614616761,7.252138427119792
3.1243472247523707,1.888937113351682,2.659038723635503,2.726838355924407,3.5619819391917837,4.1434560588218705
3.588413176024308,3.562485519943336,3.889659817380317,4.694251536510696,2.301892742392315,3.7553763845397103
1.680660685039108,2.203147957548002,2.3931131584133563,2.891981879899189,3.147646225708344,3.222863846480197
0.0,1.4866706657115965,1.644524637198008,1.381684084294751,0.0,3.222863846480197
5.385649294638699,5.660107599879281,5.130237847052339,5.013980781063252,4.9757026692765285,5.318429784139239
4.8365220755324145,5.467865125388594,5.478719120821888,4.694251536510696,4.224170896552707,5.592143269759895
7.462354266180769,7.480086447708976,7.642578199073921,7.277514957660255,7.702951854528195,7.413682654734235
7.640369694862379,7.450659129583849,7.59576893906043,7.466192640439568,7.689278054435755,7.600851191461097
8.528883011609391,8.408771455857952,8.154214791071672,8.578785402418202,8.926247870564227,8.602297415429383
3.449675285104147,4.249760164574368,3.989605695113597,3.5156624624613326,3.976492875004384,3.896656719144944
7.599934293538317,7.708593825292325,6.716935547333,7.567366927265784,7.3326183401212015,7.611140050869522
6.754603500368547,6.884561063915415,6.37274768308604,7.712486238916691,7.094035159175282,7.070197583915613
5.782429735667016,6.137359682903388,6.296739331302462,6.241576125946,5.434918702122314,6.221839498569228
0.0,0.0,1.0449005473594477,1.381684084294751,0.9875105484522038,0.0
7.290066609981066,7.984920330815275,7.530896115319602,8.159951777420632,8.184450891477217,8.305574699690077
7.300197458770933,7.714796050499313,8.048103101073936,8.09789001613766,7.736579882071974,7.906748311831864
5.996926418439346,5.685593241710341,5.969634007166271,5.522315119058797,5.833329293702817,5.822115496419822
5.630127004574053,6.390789667456393,6.444951160549242,6.519217707550713,6.4829847469129565,6.534500861155465
5.043665381412245,5.874730167948002,4.253596790705888,6.45465424688125,6.782492893562912,6.422119172788541
7.5154960202231695,7.757480713401022,6.731443787784425,7.913222643741606,8.169755255623377,8.26053100371866
2.1072261594039285,2.6797042233767265,1.644524637198008,3.297408618726716,2.5640862732757217,1.256646745267199
5.091116240655791,4.500099726422591,5.334113880080709,4.694251536510696,4.730736538492143,4.5379393841988005
6.16156348448748,6.523906318276414,6.316120126028523,6.009573000801277,5.703309903695489,5.822115496419822
6.7097058591098095,7.389940141254915,6.131539442339836,7.6846067262279325,7.696131154380762,7.87294411143234
0.0,2.8695660282412425,2.3931131584133563,1.381684084294751,1.5682857555401204,3.4230107876057687
8.63274672632514,8.529797086868083,8.21742233949111,8.60579477309245,8.76613204517437,8.907918330861337
4.220792566333152,5.139383001929164,3.7822711559702658,5.362578284149815,5.730268111645454,5.415553112632965
5.459827368535989,6.001904191842039,4.170853317022545,5.214466084194152,5.997669135225367,5.461768057669626
5.630127004574053,4.4414684486850105,4.992473863270092,4.1586681136641985,3.976492875004384,4.847392928297673
3.1243472247523707,4.500099726422591,3.540057190346136,5.3341473795355485,5.0631190143554665,4.252640047634348
3.714971891269714,1.4866706657115965,4.60827290644347,3.613539375051084,4.3684340633204695,5.10205063677679
3.1243472247523707,3.1875884978886755,1.644524637198008,3.0401483485866754,2.978071989188756,3.5987437213043223
5.597637418736228,4.662923467500477,5.787234727124673,4.8629553682010584,4.882645958734499,5.415553112632965
2.929268684986816,0.0,3.2488069851981782,2.5403176978191047,2.785877769442253,0.0
5.893660771919597,5.376927246712734,5.787234727124673,5.496890525893949,6.041378893527714,4.5379393841988005
6.663365969133095,6.592875585147518,6.427236233216999,6.685988510200116,6.145188480444248,6.080893600935071
5.946217345326749,6.155712582389329,6.316120126028523,6.804710971439467,6.782492893562912,6.3985528002142384
5.224766906985408,5.139383001929164,5.130237847052339,4.694251536510696,4.730736538492143,4.980333374892511
3.1243472247523707,3.9466673111887647,3.540057190346136,4.092312020475909,3.5619819391917837,3.7553763845397103
5.385649294638699,2.6797042233767265,2.659038723635503,3.613539375051084,2.5640862732757217,3.222863846480197
6.183621204184978,5.7352524005339065,5.085762338984941,6.2568033162489805,6.297156432890818,5.822115496419822
3.2961620850227487,2.8695660282412425,2.659038723635503,4.341180497371334,2.978071989188756,3.4230107876057687
7.407179923485969,1.4866706657115965,2.659038723635503,4.092312020475909,3.5619819391917837,1.256646745267199
5.996926418439346,5.376927246712734,6.174646428674754,5.897456161246051,5.703309903695489,5.711706868649924
7.320248200543911,6.733913998053996,7.603676713773029,7.144666592557083,7.030384734462175,7.128661778450114
1.0723621528571825,0.0,1.0449005473594477,1.381684084294751,2.785877769442253,2.3696596197532793
5.971794666122453,7.26025224302032,5.814746626998824,7.555101413503676,7.008528205166074,7.198560098846078
8.206854458820754,8.255539214906904,7.760450490479172,8.085150737235267,7.6685212406627405,8.03456067361604
6.6789785683711616,7.145559035562384,6.958077037321802,6.804710971439467,7.25119969991616,6.422119172788541
5.839116970259891,5.896719670711514,6.427236233216999,5.619756603232332,5.647833510184462,4.980333374892511
5.564399275391578,5.407881163815295,5.4439038116594975,4.648802186528175,4.435493525991653,5.415553112632965
7.834104195433963,7.435717275112043,7.563697133762064,7.224285718886632,7.514206896341483,7.42539103035403
5.347079195864581,5.376927246712734,5.671619863072131,5.214466084194152,5.185049217143508,5.415553112632965
9.008258037360518,8.326108911946028,8.423570474082005,7.844333043909637,8.035702743243169,8.087104609840841
7.583437377437982,7.612211160859154,7.110153490276926,7.350303532424038,7.611663818170686,7.537527781623901
11.255599841739652,10.80056711313022,11.207348242965756,10.300916555734355,10.456729159515232,10.45847843192234
3.1243472247523707,3.562485519943336,1.0449005473594477,3.7913753794272904,4.063862773336467,3.5987437213043223
3.449675285104147,4.028615856195515,3.2488069851981782,5.4446563537551675,5.367831884023063,5.214293052212603
5.866646622125944,6.523906318276414,5.478719120821888,6.45465424688125,6.350256337756722,7.070197583915613
0.0,1.888937113351682,2.88349271729182,2.5403176978191047,0.9875105484522038,2.3696596197532793
6.348901173749178,7.480086447708976,4.728866279791471,6.885303785998692,6.845493036213632,7.459956605074171
9.36504410875828,8.468719170824711,9.19157756467471,8.744582778038536,8.986188330383026,8.767791657921922
7.047036218960267,7.020954161743021,6.982542410636551,6.895068551189986,6.92931241817933,6.6784381842622
4.594569219566535,4.854865093623743,4.476672173666001,4.694251536510696,4.929924476927659,4.700947400377628
4.303696860985152,5.102014708421716,4.60827290644347,5.30514491014857,5.0200728362489775,5.415553112632965
2.4360270815356015,3.562485519943336,2.3931131584133563,1.7691731579606451,2.301892742392315,1.9179260834722285
5.266700474549855,5.759455353363163,4.60827290644347,6.21063094000576,5.9525936024434705,5.822115496419822
5.266700474549855,3.767326996465912,4.669829260738149,3.5156624624613326,3.2993686457991767,4.025327408372177
6.4433437939658145,6.671509158718037,6.496827043436045,6.708313826526949,6.4014710269899595,6.7546682795665705
2.1072261594039285,3.3236691687308055,4.170853317022545,4.1586681136641985,3.147646225708344,2.713165506010181
6.069797048200696,5.829719387609735,6.444951160549242,6.0625247674531915,5.782718799196082,5.822115496419822
7.695140356547538,7.714796050499313,7.18585149362216,7.177043403892546,7.466905716500175,7.558945898603186
6.73979232841196,6.709275030247018,7.445474550004294,6.773288857304325,7.145012766891616,7.009263736142881
3.2961620850227487,3.1875884978886755,4.331850957763941,2.891981879899189,3.5619819391917837,3.5987437213043223
6.2686267740055275,6.080857141803789,5.371646562501183,6.55661290465285,5.730268111645454,5.9246719765045155
4.382094852155088,5.063652716017436,4.728866279791471,4.397224232267905,4.619780160286661,4.354139119526331
8.275214826798633,8.366063185081499,8.635110803834351,8.352978721680474,8.848410102287158,8.571014827827703
3.938978000974403,4.249760164574368,5.334113880080709,4.6018743381215605,3.2993686457991767,4.252640047634348
4.779730753820537,4.809220277953722,2.88349271729182,5.596006258431614,5.756731804746928,6.167102195354035
5.564399275391578,5.063652716017436,6.427236233216999,5.596006258431614,5.499024042003715,5.159263134006526
3.714971891269714,0.0,1.0449005473594477,3.174505208994624,1.9812250416989712,3.4230107876057687
7.070901359172485,7.060452865103809,7.206769497318835,6.794312790415974,6.730033841174915,6.809308734841607
6.289117989184021,6.343540569975755,6.153253931343048,6.593063243718423,6.689398550647538,7.055203695150798
5.723423689788241,5.24600933394438,3.4017693127773,5.275547422615667,4.882645958734499,4.847392928297673
5.385649294638699,7.374352522874012,5.039872004732743,8.448909336234218,7.85766231050962,8.042185134071712
5.723423689788241,5.634163638025787,6.064363292374095,6.271871465536351,6.223172497289862,6.13893452079274
3.588413176024308,3.4480132671647272,4.60827290644347,4.451172027377437,3.976492875004384,4.252640047634348
5.091116240655791,4.713355519152925,5.578391154308508,3.949676189373547,3.883488798682337,5.214293052212603
5.137055989944297,3.9466673111887647,4.083073932513149,4.092312020475909,4.83376542989838,4.354139119526331
3.8313182420880993,3.3236691687308055,3.0776820435059644,4.222105922301955,4.9757026692765285,3.896656719144944
4.8365220755324145,5.312952805578695,5.4439038116594975,5.30514491014857,5.882224354039638,5.592143269759895
6.615488087556025,7.443207546181093,6.277094630689882,7.728958952677974,7.164909917145757,7.504792344920436
10.104028645865789,9.934885311451852,10.127283183364264,9.890537606767104,9.70286232835013,9.9536730319138
7.834104195433963,8.149641302898415,7.143083004826292,8.207747876514418,8.380128144721585,8.361495359950235
2.4360270815356015,4.500099726422591,2.3931131584133563,5.245329989706711,3.677297157552445,4.621744423540839
6.497177443547104,6.311158980409005,5.610141512327783,7.016339102765241,6.845493036213632,6.844618859895456
5.347079195864581,6.406201638207938,6.017776016576882,6.226186501495635,6.833111176152505,6.7359850352559345
0.0,0.0,1.644524637198008,1.381684084294751,0.0,2.3696596197532793
7.2695889600864545,6.155712582389329,5.039872004732743,5.711031094938873,5.333081156153189,5.7862433228761505
3.588413176024308,3.3236691687308055,3.540057190346136,3.7913753794272904,3.976492875004384,4.448964308292506
6.934470489462872,7.268708384894042,7.650234186799642,7.216518649530283,7.482845715502133,7.590488427678029
5.347079195864581,5.710636475970664,4.669829260738149,6.45465424688125,5.703309903695489,6.274575705700078
3.449675285104147,3.4480132671647272,1.644524637198008,4.022756145667588,2.978071989188756,4.5379393841988005
5.307449543185963,5.496947062045408,4.840152365914312,6.113601637931112,5.997669135225367,5.891290019019173
1.0723621528571825,2.203147957548002,3.889659817380317,3.613539375051084,3.147646225708344,1.9179260834722285
4.779730753820537,5.24600933394438,5.7305851300136235,5.596006258431614,4.78317050436923,5.7862433228761505
8.813362960282488,8.064782822796088,8.921147612750994,8.868707501510691,8.884857727388937,8.920383382792224
3.2961620850227487,4.610664411920954,3.4017693127773,3.5156624624613326,2.301892742392315,3.222863846480197
6.647582562884117,7.225923140556413,6.65739802656506,7.262505943454566,7.164909917145757,7.413682654734235
3.714971891269714,3.3236691687308055,4.543972575687705,4.1586681136641985,4.3684340633204695,3.896656719144944
4.9438082645706585,5.939718030230672,5.512714021628471,6.286783861717844,5.782718799196082,6.248448553326723
5.423215024556173,5.24600933394438,5.478719120821888,5.688748114137347,5.560401671877235,5.822115496419822
6.647582562884117,7.326552952804208,6.579345313153673,6.773288857304325,7.305986088709749,6.87908537204299
0.0,0.0,1.0449005473594477,2.5403176978191047,0.9875105484522038,0.0
6.183621204184978,6.4953681425651135,4.785582100135434,6.989244686136067,7.323795436339765,7.265227779195277
6.2267499791404335,5.660107599879281,5.408227514520033,5.688748114137347,5.756731804746928,5.592143269759895
8.791984385491414,8.772098289327745,7.018479721125385,8.494584002341147,8.43031134977948,8.292847934754425
9.644907853936788,9.566081333204934,9.9633357275082,9.428470269638469,9.330301763614202,9.26470905446634
5.996926418439346,5.981471861116301,5.545926290761863,5.666115557722789,6.450929785968784,6.350232764440913
6.934470489462872,6.311158980409005,6.8950344888103166,6.593063243718423,6.4181463863879,5.9246719765045155
1.680660685039108,2.203147957548002,2.88349271729182,3.5156624624613326,2.785877769442253,1.256646745267199
4.720611921530422,4.316533778507413,4.406077991232827,5.117703209624991,4.83376542989838,4.700947400377628
6.783777335486467,7.268708384894042,7.267763064143851,7.144666592557083,7.296998287804286,6.7359850352559345
6.94742037883315,6.632728042457236,5.814746626998824,6.441387448538115,6.145188480444248,6.7359850352559345
5.564399275391578,4.179745383959693,5.255985743248763,4.940443394064977,5.145539843359258,5.159263134006526
7.1174789887611105,7.181830155080111,6.882088528746082,7.343187726400538,7.375941206785225,6.945642350481263
2.4360270815356015,1.4866706657115965,2.3931131584133563,2.3260509354779892,2.978071989188756,2.713165506010181
6.461512458635819,7.26025224302032,7.373297928382081,6.762660872626339,7.154995643572326,6.618500169311961
4.039158644825996,5.660107599879281,3.540057190346136,5.150683891235962,5.675838346852909,5.0424752552067345
8.430856330148748,8.821789865914685,8.006954437980509,9.27613944921379,9.488674246242104,9.170452070778197
6.045913481318784,6.684207945372457,5.641208139237051,6.855606562888967,6.782492893562912,7.225597970456422
3.449675285104147,4.809220277953722,1.644524637198008,3.5156624624613326,4.146242312574113,3.7553763845397103
4.382094852155088,5.345294605051995,4.943465455302347,4.822592599363206,3.976492875004384,2.99040787202365
6.329247423936927,7.030930681749066,6.496827043436045,7.152829168280428,7.287954142878638,7.58005069013129
4.779730753820537,5.279869321114219,5.255985743248763,4.8629553682010584,5.26096301051565,5.461768057669626
4.891162234118836,4.942038178517604,4.840152365914312,5.04938998927252,4.499573887818065,4.354139119526331
5.307449543185963,5.710636475970664,5.295578618849955,5.150683891235962,5.590138259223642,4.448964308292506
4.039158644825996,2.8695660282412425,2.88349271729182,3.410658846623913,3.2993686457991767,3.5987437213043223
3.938978000974403,2.203147957548002,4.406077991232827,3.7913753794272904,1.9812250416989712,3.5987437213043223
8.330631112158677,8.362117184067644,7.4973319506243055,7.70139900093868,7.905753083077862,8.05731422651014
7.151451176712015,3.562485519943336,5.255985743248763,4.503175016645742,4.882645958734499,4.252640047634348
6.183621204184978,6.099938259092898,5.919829900154173,6.286783861717844,6.083803214208118,5.891290019019173
1.680660685039108,2.461014499836793,2.3931131584133563,3.0401483485866754,1.5682857555401204,0.0
5.266700474549855,6.436540276334898,5.255985743248763,6.923972448869484,6.619021271823814,7.009263736142881
6.289117989184021,6.137359682903388,6.37274768308604,6.241576125946,5.857983954661776,6.194730429945663
2.929268684986816,3.1875884978886755,3.4017693127773,3.174505208994624,4.499573887818065,2.3696596197532793
5.307449543185963,6.7819643831773115,5.039872004732743,6.989244686136067,7.241862895433261,6.445306768518016
3.1243472247523707,4.316533778507413,4.669829260738149,4.451172027377437,4.56092862000084,4.354139119526331
4.4564512721831075,3.4480132671647272,3.2488069851981782,4.282871356752379,4.063862773336467,4.1434560588218705
4.658966616099442,4.4414684486850105,2.88349271729182,4.397224232267905,4.730736538492143,4.847392928297673
8.596211262925035,9.03011304276228,8.326566386237062,8.327965149615432,8.458798497017082,8.450133702006859
5.866646622125944,4.983725874778318,5.7305851300136235,5.916757867765257,5.882224354039638,6.050973347241968
2.7036252497054964,3.4480132671647272,4.785582100135434,3.410658846623913,3.976492875004384,3.7553763845397103
5.091116240655791,5.24600933394438,5.512714021628471,4.940443394064977,5.367831884023063,5.159263134006526
2.929268684986816,2.203147957548002,3.0776820435059644,3.297408618726716,3.784073490652618,2.3696596197532793
4.039158644825996,4.316533778507413,4.669829260738149,4.022756145667588,4.224170896552707,3.7553763845397103
7.471348276491703,7.389940141254915,7.121213718615324,7.745245702090989,7.4507876307183665,7.881469708202607
1.680660685039108,0.9269160351229908,0.0,1.381684084294751,0.0,1.256646745267199
3.2961620850227487,3.859782068540047,2.88349271729182,4.1586681136641985,3.784073490652618,2.713165506010181
6.783777335486467,7.397671245768694,7.00659980650345,8.155896361931056,7.384451825862594,7.864367833053538
3.2961620850227487,3.4480132671647272,3.2488069851981782,3.7913753794272904,3.5619819391917837,3.7553763845397103
2.929268684986816,3.562485519943336,2.3931131584133563,3.7913753794272904,4.435493525991653,2.3696596197532793
7.369188756565237,7.450659129583849,7.0990078146874165,7.025258666158756,7.375941206785225,7.157028771327737
6.0932916571563975,4.854865093623743,5.578391154308508,5.275547422615667,5.619274279001974,4.847392928297673
10.104028645865789,10.194348861242512,9.243113338890458,10.48674575777468,10.492598681398691,10.621307498851674
5.307449543185963,5.634163638025787,4.406077991232827,6.146675148673491,6.041378893527714,5.957298958075648
7.059018135810454,6.9385565553582635,6.530402821146494,6.640273922510343,6.703071214124335,6.7359850352559345
5.946217345326749,5.874730167948002,6.017776016576882,5.619756603232332,5.26096301051565,5.318429784139239
2.929268684986816,4.028615856195515,4.406077991232827,3.705195797462184,4.435493525991653,4.5379393841988005
0.0,1.4866706657115965,0.0,0.0,0.9875105484522038,1.256646745267199
6.894908420027317,6.4662540370310495,6.153253931343048,7.119898055845538,7.647461422891008,7.024740167738741
8.421605487628286,8.757151343816137,9.048275399374305,8.38104449521312,8.55994043433133,8.560434724422144
1.680660685039108,0.9269160351229908,3.540057190346136,1.7691731579606451,1.9812250416989712,2.713165506010181
5.920178371212223,5.634163638025787,5.814746626998824,5.837951504031949,5.647833510184462,5.7862433228761505
7.74048649618877,7.098898912626173,7.869415455005379,7.077648105664101,7.5372883499556815,7.471296846048657
7.599934293538317,7.921981470217131,6.8690253459961905,8.028609100384278,8.129818934619555,8.227473540963008
7.227740493958753,7.4654478176733186,7.539166549642437,7.262505943454566,7.11464285665716,7.114266340380219
5.181577911249507,5.96074599297581,5.478719120821888,5.5718583702669555,5.730268111645454,5.711706868649924
5.996926418439346,6.209410697546557,5.130237847052339,6.616861689478417,6.498749040491763,6.5979543869599
5.564399275391578,5.981471861116301,5.334113880080709,5.013980781063252,5.4673274033492225,6.13893452079274
5.224766906985408,4.899109951823938,5.545926290761863,5.596006258431614,5.4673274033492225,5.461768057669626
7.3595325616797425,7.45807242291548,7.530896115319602,7.208709537984444,6.997474502504033,6.945642350481263
4.994600610353493,5.580832667946543,4.992473863270092,5.390459717457241,5.22350537382003,4.776027546772013
6.881476248995693,7.251746244360133,7.354675105516818,7.37144275951906,7.654515575326816,7.252138427119792
5.996926418439346,5.660107599879281,6.131539442339836,6.241576125946,6.367530700092263,6.325451983947782
6.497177443547104,6.671509158718037,6.933189610126316,6.45465424688125,6.95239279219562,6.717056660514422
3.714971891269714,2.203147957548002,2.88349271729182,2.891981879899189,1.5682857555401204,4.1434560588218705
1.680660685039108,4.380353079586573,3.666241375023308,3.0401483485866754,3.436642487092037,3.4230107876057687
3.449675285104147,2.461014499836793,0.0,2.5403176978191047,2.978071989188756,2.713165506010181
,6.627640855690067,6.9000625784282255,,,6.812187383856947
,6.354506408712426,5.885576709257968,,,6.436457459027397
,9.088903631563587,9.185373410370593,,,8.96730900599604
,4.972823382048754,5.299435004031162,,,5.132480833986183
,3.5996739263906603,3.442207073065027,,,3.659499454058248
,4.8296828663221545,3.82367468051064,,,4.550986184927251
,6.033717124436005,6.471324811191249,,,6.422545572628353
,1.987732424191134,1.0680554872113692,,,1.4126867783113457
,3.194853116705421,0.0,,,1.4126867783113457
,7.358758606605153,7.097811899742801,,,7.029688769622747
,2.6301094702480934,0.0,,,3.2190330748149605
,6.741995327236029,6.131057510928048,,,6.350899762247737
,8.591916975111832,8.640490166098507,,,8.46859999159206
,5.33275229413072,5.715356997036679,,,5.166266667433585
,4.341975302691646,3.442207073065027,,,4.388733841451062
,4.584211939071658,4.935853410223768,,,5.132480833986183
,4.791563079148306,4.935853410223768,,,4.601253901034637
,1.3121223935613218,1.0680554872113692,,,0.8727598826207578
,4.393785888058045,4.125079381585428,,,4.330324568503661
,1.6891195143635438,2.1009160241147065,,,1.4126867783113457
,6.049954982467728,6.301203449547498,,,6.111768566925712
,6.467619767178247,7.219572749518852,,,6.885012050953814
,4.8296828663221545,4.77180816512325,,,4.950554856354362
,4.972823382048754,5.684926907145686,,,5.166266667433585
,4.050692283249386,3.442207073065027,,,2.9353278433826433
,9.45175808681583,9.74943165955932,,,9.280488798700578
,7.936427679005297,8.230612888823616,,,8.01027205201053
,4.712161899715245,4.031437387137405,,,4.139408221510954
,7.32579613671904,7.240647917493037,,,7.694381001928989
,5.765279140116933,4.374267508812298,,,5.782030210611711
,4.938347553851586,3.707376963716697,,,3.8378021129317026
,7.1334830660210224,6.523848329091592,,,6.689760367659822
,5.4597235135574715,6.061697045822214,,,5.760072005537932
,3.4114162920058955,3.707376963716697,,,3.084143061959374
,7.794264952371413,8.121228956955077,,,7.399981443023476
,3.984649161581813,3.288778564963921,,,3.084143061959374
,11.956424374913832,12.072591586477316,,,11.859004504103607
,6.731966023701812,6.62348497355707,,,6.436457459027397
,9.07706766265069,9.322651643638071,,,9.071277383650996
,0.0,0.0,,,0.0
,7.914424791240377,8.337184980047821,,,7.996251724038281
,2.7933262888489865,2.696667789000302,,,2.58182735415899
,5.359056267457752,5.339059015308414,,,5.644969287575916
,8.807819495673506,8.864064682968063,,,8.764429972467722
,0.0,1.0680554872113692,,,1.4126867783113457
,8.86629789153464,8.563128843660433,,,8.685079234823098
,7.581757462978484,7.575257611970175,,,7.49610370982389
,0.8003576570276729,1.0680554872113692,,,0.0
,4.9030276510342405,3.5808757985520483,,,4.550986184927251
,1.987732424191134,1.0680554872113692,,,1.8046680709167229
,9.271358678072716,9.606571712677374,,,8.878378524564415
,7.014413063653701,6.789997302030276,,,6.746699855310175
,2.6301094702480934,1.0680554872113692,,,0.0
,6.443238745539636,6.239726061007098,,,6.244214096033418
,6.049954982467728,6.175511889235857,,,5.715126793932639
,7.86020698575914,7.790626893971552,,,7.821742467318599
,5.006494539162363,5.129067552291397,,,5.0260996885769
,9.486474451483748,9.664254429665103,,,9.326039199270992
,9.43639947840626,9.411289511401574,,,8.938270371361634
,5.222460996108933,5.299435004031162,,,4.988821691730987
,5.530866730368256,5.339059015308414,,,4.498903567833338
,6.017294423225089,6.013532026136244,,,6.076666104460603
,6.731966023701812,7.208918578464264,,,7.1611701893521635
,3.508613656214325,2.9221280948258475,,,3.659499454058248
,3.842736585875398,3.1170698124358824,,,1.8046680709167229
,4.050692283249386,3.1170698124358824,,,3.5613400039776715
,1.987732424191134,1.0680554872113692,,,2.7693778051683604
,8.331291879688143,8.46356684961357,,,8.534759436537453
,1.6891195143635438,2.1009160241147065,,,2.112583478009447
,6.920392350790864,7.026794076363859,,,7.258356397510966
,4.538909618475811,4.125079381585428,,,3.919317557186984
,10.41120664992186,10.73936841591039,,,10.37904395485012
,6.893650011518242,6.435215789487232,,,6.790686816780743
,10.50253016145633,10.53915607256065,,,10.223254343227536
,6.515179481655259,6.013532026136244,,,6.195960613683977
,2.2350113770874733,1.675007964280378,,,2.112583478009447
,7.536376777313529,8.241108624936349,,,7.717354051701676
,5.1935184652807305,5.589584943164772,,,5.4935069662257
,0.0,1.0680554872113692,,,0.0
,6.549847830756573,6.686280878431464,,,6.593707769139173
,6.273849295576005,6.037815527987776,,,6.450236473578326
,7.489522130083697,7.399005744936482,,,7.234666697859876
,5.006494539162363,5.377623770307308,,,5.382908125616131
,0.8003576570276729,1.0680554872113692,,,0.8727598826207578
,6.810313561399023,6.859765681046661,,,6.490801076468076
,10.577955200708084,10.546579476848423,,,10.455329713511292
,4.791563079148306,4.65107023252703,,,4.330324568503661
,2.446043618687812,2.9221280948258475,,,2.112583478009447
,8.224465729977991,8.160463691273078,,,8.014915379122932
,1.6891195143635438,2.429327355217106,,,1.4126867783113457
,2.2350113770874733,3.1170698124358824,,,2.7693778051683604
,7.434925183797613,7.761759314989095,,,8.014915379122932
,6.3281185845273855,6.340779579486233,,,6.146037193358439
,5.765279140116933,1.675007964280378,,,3.456011120625007
,7.141082272419189,6.761116995524101,,,7.1611701893521635
,4.972823382048754,3.82367468051064,,,4.550986184927251
,2.446043618687812,1.0680554872113692,,,2.112583478009447
,4.393785888058045,4.65107023252703,,,4.601253901034637
,4.443800156595397,4.213011992017143,,,4.870834569271519
,5.841884932627136,5.589584943164772,,,5.668736226321217
,6.1587736113394635,6.239726061007098,,,6.606069938158553
,5.94966777630464,6.435215789487232,,,6.365516394184873
,4.712161899715245,3.442207073065027,,,4.649828954687912
,4.670760070376401,5.487493535305077,,,4.4448700720759104
,0.0,0.0,,,0.0
,2.9399402873012845,2.696667789000302,,,2.112583478009447
,5.966873941516326,6.506552089150127,,,6.422545572628353
,6.405876804323094,6.435215789487232,,,6.543171763515704
,5.553822316388153,4.519297308313774,,,5.545781276497139
,9.655181208262563,9.815884687895927,,,9.644898875996333
,7.69966028093635,6.939264432867785,,,7.938766827679547
,7.760128107044544,7.977982089382854,,,7.319690650498881
,2.9399402873012845,0.0,,,3.2190330748149605
,5.133831025639021,4.374267508812298,,,4.550986184927251
,3.842736585875398,4.519297308313774,,,3.5613400039776715
,7.030868410628799,7.5246054387556915,,,7.047927526575228
,4.752408667901649,5.083135383946214,,,5.5198808704635
,7.292062900840496,7.761759314989095,,,7.304599807951858
,4.050692283249386,2.1009160241147065,,,3.084143061959374
,6.594813254615875,6.859765681046661,,,7.144316392180699
,7.559245546777717,7.616150306577484,,,7.319690650498881
,10.739977290382486,10.68562920679931,,,10.753629191817453
,4.288234544654291,3.5808757985520483,,,5.231553496860846
,6.341372827072583,6.398179748007456,,,6.076666104460603
,6.616781107756908,6.701561880657942,,,6.678097745620989
,4.288234544654291,3.5808757985520483,,,2.58182735415899
,9.34394343185525,9.681696941593286,,,9.327906274967546
,0.8003576570276729,2.9221280948258475,,,0.0
,4.791563079148306,4.65107023252703,,,4.4448700720759104
,5.983877315232928,6.197235739840798,,,5.760072005537932
,8.012970222989722,8.02732838300386,,,7.665140505386645
,7.620327340395569,7.566938119489352,,,7.676907916475314
,5.250834299087075,5.5223329167526565,,,5.571224886602449
,6.583702602377605,6.9000625784282255,,,6.7578229650016555
,1.987732424191134,2.1009160241147065,,,1.8046680709167229
,5.071567212984205,5.216764648837222,,,5.571224886602449
,2.2350113770874733,1.0680554872113692,,,2.9353278433826433
,3.5996739263906603,2.9221280948258475,,,2.9353278433826433
,4.393785888058045,4.58668773266516,,,4.498903567833338
,7.547856474388732,7.541687856922889,,,7.659220609974698
,5.705031388170234,5.556350768278735,,,6.022357120688298
,4.752408667901649,4.935853410223768,,,4.950554856354362
,6.273849295576005,6.239726061007098,,,6.350899762247737
,2.9399402873012845,2.429327355217106,,,1.4126867783113457
,9.868189502765134,10.032268562197247,,,10.178427660359688
,6.1587736113394635,6.131057510928048,,,6.490801076468076
,5.305959812428818,5.556350768278735,,,6.129004626450016
,6.049954982467728,6.6073494255969525,,,6.5812387549390765
,9.032818909915903,9.380763190025526,,,8.537989088477179
,6.902619315973454,6.859765681046661,,,7.047927526575228
,9.57469607455456,10.033778586476002,,,9.946553690155302
,0.0,0.0,,,0.0
,7.9709488717377,8.346935858664361,,,8.01027205201053
,5.507539970321911,5.129067552291397,,,5.263121410795831
,3.984649161581813,3.82367468051064,,,3.456011120625007
,7.030868410628799,7.074525576063826,,,7.210581499412753
,3.508613656214325,2.696667789000302,,,3.456011120625007
,3.6853262878543753,3.1170698124358824,,,3.919317557186984
,5.507539970321911,5.339059015308414,,,5.439267117509091
,5.039397732361058,5.45179196004185,,,5.294013345412765
,5.483829835510054,6.131057510928048,,,5.984981028385628
,7.564906543659095,7.599932052548491,,,7.71164499340708
,8.19920835934836,8.149362220871012,,,8.096036860138403
,6.08189249182748,6.321127217221583,,,6.2599464845971795
,5.039397732361058,5.415184431128024,,,5.946610816829285
,8.158602624081793,7.880646320351825,,,7.977343455660141
,3.9154370975961177,5.129067552291397,,,4.74233179515021
,4.4921385053376435,4.71270188738475,,,5.263121410795831
,5.41026774748383,4.65107023252703,,,6.290905752626847
,5.553822316388153,5.487493535305077,,,5.132480833986183
,2.9399402873012845,3.5808757985520483,,,3.2190330748149605
,8.73185110063703,9.0546235915433,,,8.3777912549398
,6.2030095642996015,6.239726061007098,,,6.022357120688298
,6.937949095591225,6.197235739840798,,,6.768860971771084
,1.6891195143635438,1.0680554872113692,,,0.0
,5.6843764208328995,5.339059015308414,,,6.244214096033418
,0.8003576570276729,0.0,,,2.366199903278748
,5.1935184652807305,4.828587901398478,,,5.294013345412765
,5.4597235135574715,4.58668773266516,,,4.269450378667082
,10.237776277083348,10.612735988148124,,,9.881937362051572
,5.745474798950419,5.802975869139889,,,5.737774418563194
,1.987732424191134,1.675007964280378,,,1.4126867783113457
,2.2350113770874733,1.675007964280378,,,2.9353278433826433
,2.446043618687812,2.696667789000302,,,2.58182735415899
,8.021229590021754,8.063261093454189,,,7.878896020707456
,6.701452872761374,7.050857216522951,,,6.746699855310175
,7.945135726082777,7.933374585914605,,,7.98209380619184
,1.3121223935613218,2.1009160241147065,,,2.9353278433826433
,6.731966023701812,6.506552089150127,,,6.790686816780743
,6.3675215065322135,6.832261867500877,,,6.606069938158553
,4.1743468699676285,4.77180816512325,,,4.950554856354362
,4.8296828663221545,4.935853410223768,,,4.950554856354362
,4.538909618475811,5.129067552291397,,,4.649828954687912
,8.915868415313629,8.984518647663835,,,9.13877624091282
,4.712161899715245,5.083135383946214,,,5.062438666611843
,9.657832372609304,9.933802138928744,,,10.143869262662417
,0.8003576570276729,0.0,,,0.0
,6.430891962051793,7.0146103046674035,,,6.9735468329366785
,4.23241421537003,3.82367468051064,,,3.996472480641343
,6.354506408712426,6.41681661149185,,,6.422545572628353
,4.050692283249386,3.1170698124358824,,,2.366199903278748
,7.927666751171395,8.436423223244418,,,8.22185872735483
,6.14372165690366,5.258691899999647,,,5.887071438612729
,7.837000731291956,7.880646320351825,,,7.821742467318599
,8.143548876252353,8.563128843660433,,,8.649688601686481
,5.41026774748383,5.8585651808694195,,,6.076666104460603
,4.393785888058045,3.442207073065027,,,3.8378021129317026
,12.27277758643297,12.34277585471873,,,12.316568220298214
,2.7933262888489865,2.9221280948258475,,,2.58182735415899
,6.24592940785711,6.360167831352448,,,5.803659210255832
,0.8003576570276729,0.0,,,2.366199903278748
,7.2783456125124335,7.389601649796575,,,7.083727551906267
,3.766177223083601,2.429327355217106,,,1.4126867783113457
,4.1743468699676285,5.622070737276084,,,5.545781276497139
,5.133831025639021,5.339059015308414,,,5.668736226321217
,2.2350113770874733,0.0,,,1.4126867783113457
,4.752408667901649,4.77180816512325,,,4.550986184927251
,8.86629789153464,9.177198118760504,,,8.402807454891015
,5.163983398388806,4.883217335620884,,,5.4935069662257
,4.584211939071658,4.4486040679813845,,,4.4448700720759104
,6.731966023701812,6.591031369522042,,,6.179510680772605
,0.0,0.0,,,2.58182735415899
,4.972823382048754,5.129067552291397,,,4.69682163605729
,1.6891195143635438,2.429327355217106,,,2.366199903278748
,4.288234544654291,4.213011992017143,,,4.69682163605729
,5.765279140116933,5.745158475495504,,,5.984981028385628
,7.501379222426027,7.361015874288954,,,7.092540452987477
,6.49159559653505,5.715356997036679,,,5.545781276497139
,3.194853116705421,3.931292798388528,,,2.58182735415899
,2.6301094702480934,2.1009160241147065,,,3.659499454058248
,4.584211939071658,3.288778564963921,,,4.550986184927251
,1.6891195143635438,1.0680554872113692,,,1.8046680709167229
,5.784815297975318,4.883217335620884,,,5.760072005537932
,1.987732424191134,0.0,,,2.366199903278748
,7.832314348094623,8.307530571065685,,,8.64370482842909
,6.354506408712426,6.846079315524949,,,6.822818690049529
,5.039397732361058,5.5223329167526565,,,4.4448700720759104
,4.341975302691646,4.2958915964377065,,,4.649828954687912
,5.507539970321911,5.415184431128024,,,4.950554856354362
,3.766177223083601,2.696667789000302,,,2.9353278433826433
,9.102590642160472,9.104335084216336,,,9.13451549249938
,7.794264952371413,8.104081841509846,,,7.938766827679547
,8.23515640638601,7.9203720856012465,,,7.762230996893057
,8.321292764828224,8.297508749683313,,,8.56989408270695
,2.6301094702480934,2.1009160241147065,,,0.8727598826207578
,1.3121223935613218,2.9221280948258475,,,2.7693778051683604
,5.663421437213151,5.9888327755056645,,,5.845968070577831
,6.72186651025223,7.026794076363859,,,6.606069938158553
,6.701452872761374,7.5331719310157,,,6.91513138238837
,5.133831025639021,3.442207073065027,,,3.996472480641343
,6.18841443641273,5.173582353370481,,,5.294013345412765
,8.427646786523164,8.588009811150359,,,8.352333610508564
,7.257521988304905,7.926887984075607,,,7.6109660737279565
,4.866821302962881,4.4486040679813845,,,4.950554856354362
,4.670760070376401,4.77180816512325,,,5.097884772855301
,6.443238745539636,6.301203449547498,,,5.9071921550146795
,8.367373554511191,8.390017170329365,,,8.147689687987778
,8.75184204863338,8.990751787359835,,,8.930918457912314
,3.9154370975961177,4.58668773266516,,,3.919317557186984
,6.538384031290001,6.061697045822214,,,6.701329465605389
,0.8003576570276729,0.0,,,0.0
,4.050692283249386,3.931292798388528,,,3.75140358505242
,6.0006826220173455,4.935853410223768,,,5.82496872997746
,7.1334830660210224,7.389601649796575,,,7.4281046143804526
,5.071567212984205,4.986636488921788,,,4.829259221068079
,6.341372827072583,6.574526629378969,,,6.379986422122188
,1.3121223935613218,1.0680554872113692,,,0.0
,8.577987166611024,8.628547650471935,,,8.658617982652643
,4.443800156595397,4.374267508812298,,,4.74233179515021
,5.94966777630464,6.321127217221583,,,5.965923481594502
,4.584211939071658,5.173582353370481,,,4.649828954687912
,10.014992278917992,10.024694641990216,,,9.962265486803922
,6.955294751451896,7.109315613733173,,,6.864577388925192
,6.066012111998842,6.239726061007098,,,5.571224886602449
,4.584211939071658,4.519297308313774,,,3.5613400039776715
,6.341372827072583,5.258691899999647,,,6.022357120688298
,2.9399402873012845,2.429327355217106,,,1.4126867783113457
,2.446043618687812,4.031437387137405,,,2.9353278433826433
,1.3121223935613218,2.429327355217106,,,0.8727598826207578
,0.0,0.0,,,0.0
,2.2350113770874733,3.1170698124358824,,,2.112583478009447
,5.039397732361058,4.031437387137405,,,4.870834569271519
,1.987732424191134,2.696667789000302,,,2.58182735415899
,6.49159559653505,7.261419642771534,,,6.822818690049529
,5.384889227875278,5.831038251407883,,,5.782030210611711
,3.307194436369124,3.5808757985520483,,,3.456011120625007
,7.82761269224452,7.887343710788691,,,7.848002358335808
,5.4352075388743915,5.745158475495504,,,5.097884772855301
,3.307194436369124,4.2958915964377065,,,4.069709806402361
,7.501379222426027,7.5331719310157,,,7.509327215045187
,1.3121223935613218,2.1009160241147065,,,2.58182735415899
,7.949470118080116,8.10982022109675,,,8.01027205201053
,4.443800156595397,3.82367468051064,,,2.9353278433826433
,6.2876091984777,6.281000674971384,,,6.179510680772605
,5.530866730368256,3.288778564963921,,,4.269450378667082
,5.983877315232928,5.035692612574602,,,6.111768566925712
,5.222460996108933,5.487493535305077,,,5.737774418563194
,7.614880088706504,7.724843095384779,,,7.509327215045187
,7.559245546777717,7.575257611970175,,,7.579966264568384
,0.0,0.0,,,0.8727598826207578
,1.987732424191134,1.0680554872113692,,,0.8727598826207578
,6.3675215065322135,7.074525576063826,,,6.40849822682691
,3.4114162920058955,1.675007964280378,,,2.7693778051683604
,8.76665554680822,8.860665401063606,,,8.56356928025006
,5.896782669068075,5.8585651808694195,,,6.111768566925712
,4.972823382048754,4.883217335620884,,,4.829259221068079
,1.3121223935613218,2.696667789000302,,,2.366199903278748
,7.32579613671904,7.6321882658120765,,,7.528937954982347
,10.265852865926544,10.059210096249505,,,10.187710759718856
,5.878714541926954,5.415184431128024,,,5.353880907569391
,6.049954982467728,5.938128321175317,,,5.782030210611711
,6.751955390291634,6.061697045822214,,,6.490801076468076
,5.966873941516326,6.175511889235857,,,6.05878930800938
,1.6891195143635438,2.9221280948258475,,,0.0
,2.446043618687812,2.429327355217106,,,1.8046680709167229
,3.508613656214325,2.429327355217106,,,3.5613400039776715
,7.039026231655944,7.4176320097382815,,,7.34940687634135
,2.6301094702480934,2.1009160241147065,,,0.8727598826207578
,5.598665938100884,5.216764648837222,,,5.439267117509091
,1.987732424191134,2.429327355217106,,,1.8046680709167229
,6.605838993722637,6.435215789487232,,,6.5812387549390765
,7.102679522846187,6.926315145912565,,,6.365516394184873
,7.603923491973291,8.02732838300386,,,7.873792799796941
,5.384889227875278,6.037815527987776,,,5.782030210611711
,5.1935184652807305,5.216764648837222,,,4.988821691730987
,5.745474798950419,5.912091782626747,,,5.737774418563194
,3.9154370975961177,3.288778564963921,,,3.3423824086880285
,0.0,1.675007964280378,,,1.8046680709167229
,8.081712144928607,8.051382686823013,,,7.688580122136799
,6.963889995435879,6.775629414411467,,,6.179510680772605
,6.066012111998842,6.398179748007456,,,6.040688213445052
,5.278660333624193,4.828587901398478,,,5.668736226321217
,5.006494539162363,5.173582353370481,,,5.439267117509091
,9.084969087970714,9.23610143775034,,,8.925996285523512
,4.752408667901649,4.58668773266516,,,4.330324568503661
,4.9030276510342405,4.986636488921788,,,5.231553496860846
,5.33275229413072,4.125079381585428,,,5.545781276497139
,3.508613656214325,3.707376963716697,,,3.3423824086880285
,7.501379222426027,7.724843095384779,,,7.226682892098809
,5.278660333624193,4.828587901398478,,,4.988821691730987
,2.2350113770874733,3.707376963716697,,,2.7693778051683604
,3.4114162920058955,3.82367468051064,,,4.330324568503661
,8.49145983740572,8.94333327452889,,,8.634682374912027
,7.730210970084021,8.235870301536899,,,8.209758999730594
,7.236393392022902,7.6792593792144,,,7.152767901725075
,1.3121223935613218,2.429327355217106,,,2.112583478009447
,7.678927716273914,8.187849286491886,,,8.225869523573957
,2.446043618687812,2.1009160241147065,,,2.112583478009447
,0.0,2.1009160241147065,,,0.8727598826207578
,8.589141752475163,8.498981756889764,,,8.395704122422792
,6.217458517084787,6.281000674971384,,,6.365516394184873
,1.3121223935613218,0.0,,,2.366199903278748
,7.740252439407709,7.952661216821045,,,7.2426065646640465
,6.0006826220173455,5.938128321175317,,,5.737774418563194
,7.250513448180768,7.050857216522951,,,7.0018908768523795
,5.133831025639021,5.715356997036679,,,5.82496872997746
,6.033717124436005,5.487493535305077,,,6.022357120688298
,5.914627309344491,5.802975869139889,,,5.571224886602449
,4.288234544654291,3.707376963716697,,,4.870834569271519
,8.54112736727531,8.476949523819775,,,7.904144813812245
,0.0,0.0,,,0.0
,5.006494539162363,4.986636488921788,,,5.199279356866284
,6.920392350790864,6.260510968106849,,,6.606069938158553
,3.766177223083601,3.82367468051064,,,4.601253901034637
,5.841884932627136,5.377623770307308,,,6.450236473578326
,7.285220559783234,7.445128126604101,,,6.90516130957689
,6.097599970789213,6.131057510928048,,,6.350899762247737
,2.9399402873012845,3.1170698124358824,,,3.996472480641343
,5.039397732361058,5.035692612574602,,,5.692117966029936
,0.0,1.675007964280378,,,2.366199903278748
,6.49159559653505,5.45179196004185,,,5.9071921550146795
,6.829253232110153,7.143286419680487,,,6.9735468329366785
,4.288234544654291,4.935853410223768,,,4.601253901034637
,4.866821302962881,5.083135383946214,,,5.32425764497948
,6.273849295576005,6.061697045822214,,,6.701329465605389
,6.0006826220173455,5.745158475495504,,,6.129004626450016
,6.78142953508102,6.775629414411467,,,6.712806527496721
,6.231764193743425,5.299435004031162,,,5.965923481594502
,3.9154370975961177,4.2958915964377065,,,3.919317557186984
,5.896782669068075,6.108305869211885,,,5.715126793932639
,6.526828409204541,7.038875815396829,,,6.701329465605389
,0.0,0.0,,,0.0
,3.307194436369124,2.1009160241147065,,,2.7693778051683604
,8.238702432883796,8.588009811150359,,,8.363299081986948
,7.1334830660210224,6.655224562160149,,,7.01121648019643
,1.987732424191134,2.1009160241147065,,,1.8046680709167229
,2.9399402873012845,4.125079381585428,,,3.3423824086880285
,7.979451629052924,8.115535866436511,,,8.15191176243418
,5.071567212984205,5.774356788906187,,,5.596227534610578
,8.077757912652027,7.853541448450854,,,7.762230996893057
,0.8003576570276729,0.0,,,0.0
,4.1743468699676285,3.707376963716697,,,5.132480833986183
,3.5996739263906603,1.675007964280378,,,2.58182735415899
,2.6301094702480934,1.0680554872113692,,,1.8046680709167229
,1.6891195143635438,2.696667789000302,,,0.8727598826207578
,3.4114162920058955,3.1170698124358824,,,2.58182735415899
,5.745474798950419,5.339059015308414,,,5.5198808704635
,6.033717124436005,5.083135383946214,,,5.866666132526671
,6.680746238576375,6.574526629378969,,,6.365516394184873
,8.290872757103607,7.709807987488906,,,8.348659853679644
,3.194853116705421,2.1009160241147065,,,1.4126867783113457
,5.507539970321911,4.125079381585428,,,4.649828954687912
,9.35868418179504,9.79822411705581,,,9.199183457892168
,3.5996739263906603,3.82367468051064,,,4.498903567833338
,4.866821302962881,5.258691899999647,,,5.439267117509091
,4.113843988412434,5.129067552291397,,,4.069709806402361
,4.113843988412434,4.71270188738475,,,3.75140358505242
,4.670760070376401,4.77180816512325,,,5.571224886602449
,6.3804202392219205,6.655224562160149,,,6.618327077532995
,4.443800156595397,4.65107023252703,,,4.649828954687912
,3.508613656214325,3.1170698124358824,,,3.456011120625007
,2.2350113770874733,0.0,,,1.8046680709167229
,2.2350113770874733,1.0680554872113692,,,1.4126867783113457
,6.341372827072583,6.832261867500877,,,6.963973705320386
,1.3121223935613218,0.0,,,0.0
,8.180892760768971,8.399418566125846,,,8.176987977918508
,7.039026231655944,7.219572749518852,,,7.065938582192967
,6.866402589012932,7.463171984540649,,,7.234666697859876
,7.489522130083697,7.984243472908693,,,7.34940687634135
,4.443800156595397,3.442207073065027,,,3.3423824086880285
,0.8003576570276729,2.1009160241147065,,,1.8046680709167229
,6.1587736113394635,5.938128321175317,,,5.946610816829285
,6.955294751451896,7.002322762246939,,,6.654485794000399
,5.278660333624193,5.377623770307308,,,5.097884772855301
,6.711695796947272,6.523848329091592,,,6.812187383856947
,4.866821302962881,4.031437387137405,,,4.550986184927251
,5.804090438874453,6.108305869211885,,,5.866666132526671
,0.0,0.0,,,0.0
,4.8296828663221545,4.77180816512325,,,5.353880907569391
,5.483829835510054,5.45179196004185,,,5.620804245090756
,8.238702432883796,8.904243334900842,,,8.257560696283093
,4.8296828663221545,4.986636488921788,,,5.32425764497948
,8.112961790639817,8.494602145444647,,,8.687989637100275
,5.966873941516326,4.986636488921788,,,6.05878930800938
,5.359056267457752,4.519297308313774,,,5.760072005537932
,5.507539970321911,5.9888327755056645,,,5.927036110922783
,5.1935184652807305,4.935853410223768,,,4.950554856354362
,6.097599970789213,4.77180816512325,,,5.5198808704635
,1.6891195143635438,0.0,,,0.0
,6.033717124436005,6.239726061007098,,,5.5198808704635
,4.670760070376401,4.125079381585428,,,4.4448700720759104
,0.0,0.0,,,0.0
,1.3121223935613218,2.1009160241147065,,,0.8727598826207578
,1.987732424191134,2.9221280948258475,,,2.366199903278748
,2.2350113770874733,2.1009160241147065,,,2.58182735415899
,0.8003576570276729,0.0,,,0.0
,5.278660333624193,5.5223329167526565,,,5.715126793932639
,0.0,0.0,,,1.8046680709167229
,11.269173252899783,11.373187241503036,,,11.426778039131548
,5.1935184652807305,3.82367468051064,,,4.330324568503661
,6.731966023701812,6.775629414411467,,,6.90516130957689
,5.745474798950419,5.9888327755056645,,,5.668736226321217
,5.4352075388743915,5.129067552291397,,,5.353880907569391
,4.288234544654291,3.707376963716697,,,3.5613400039776715
,5.483829835510054,6.013532026136244,,,5.353880907569391
,5.039397732361058,4.374267508812298,,,4.388733841451062
,6.0006826220173455,5.589584943164772,,,5.782030210611711
,5.006494539162363,4.77180816512325,,,5.439267117509091
,5.305959812428818,4.519297308313774,,,5.0260996885769
,7.305650991285314,7.399005744936482,,,7.250502973502386
,0.0,1.0680554872113692,,,0.8727598826207578
,2.2350113770874733,1.675007964280378,,,2.9353278433826433
,2.2350113770874733,2.429327355217106,,,3.456011120625007
,4.341975302691646,4.58668773266516,,,4.4448700720759104
,4.393785888058045,4.71270188738475,,,4.139408221510954
,4.443800156595397,4.519297308313774,,,4.69682163605729
,4.23241421537003,3.288778564963921,,,4.205894027582234
,0.0,1.675007964280378,,,0.0
,6.751955390291634,6.41681661149185,,,6.530256238016478
,1.6891195143635438,2.696667789000302,,,2.366199903278748
,2.7933262888489865,3.931292798388528,,,3.3423824086880285
,3.984649161581813,4.2958915964377065,,,4.550986184927251
,0.0,0.0,,,0.0
,0.0,0.0,,,0.0
,9.686678094302454,10.068079951682524,,,9.433994511217517
,1.987732424191134,2.9221280948258475,,,2.366199903278748
,4.1743468699676285,4.031437387137405,,,3.5613400039776715
,9.157949998534503,8.981391949825552,,,9.051074483020784
,7.047138182959842,7.575257611970175,,,7.598645966961327
,3.508613656214325,2.696667789000302,,,2.9353278433826433
,6.097599970789213,6.398179748007456,,,6.504073050895981
,1.3121223935613218,0.0,,,0.0
,7.1710850351375655,7.575257611970175,,,7.218654658359932
,0.8003576570276729,2.429327355217106,,,2.112583478009447
,6.711695796947272,6.846079315524949,,,6.689760367659822
,6.405876804323094,5.802975869139889,,,6.350899762247737
,5.642157593133574,5.173582353370481,,,5.382908125616131
,7.949470118080116,7.811904722226298,,,7.816432640199877
,5.620575647482715,4.71270188738475,,,4.139408221510954
,5.765279140116933,5.487493535305077,,,5.353880907569391
,6.72186651025223,6.926315145912565,,,7.0204821896422684
,5.305959812428818,6.453383268376466,,,6.350899762247737
,1.3121223935613218,0.0,,,0.8727598826207578
,2.6301094702480934,3.442207073065027,,,3.084143061959374
,2.9399402873012845,2.696667789000302,,,2.9353278433826433
,2.9399402873012845,0.0,,,3.456011120625007
,3.4114162920058955,4.031437387137405,,,4.139408221510954
,7.725163904174652,7.887343710788691,,,7.728704836091852
,6.273849295576005,6.506552089150127,,,6.517224042826975
,3.508613656214325,3.288778564963921,,,3.456011120625007
,6.3804202392219205,6.2186373231339225,,,6.290905752626847
,2.7933262888489865,1.675007964280378,,,3.2190330748149605
,5.33275229413072,5.715356997036679,,,5.845968070577831
,5.896782669068075,5.774356788906187,,,6.05878930800938
,4.791563079148306,4.4486040679813845,,,5.263121410795831
,6.771671573552533,6.1534559172761,,,6.925033027355661
,5.914627309344491,5.8585651808694195,,,6.05878930800938
,6.594813254615875,5.487493535305077,,,6.822818690049529
,2.6301094702480934,1.0680554872113692,,,0.8727598826207578
,3.5996739263906603,4.125079381585428,,,3.084143061959374
,4.538909618475811,4.031437387137405,,,3.659499454058248
,2.7933262888489865,2.1009160241147065,,,2.9353278433826433
,0.8003576570276729,2.9221280948258475,,,2.9353278433826433
,5.705031388170234,5.715356997036679,,,4.7864501193042175
,5.071567212984205,5.258691899999647,,,5.166266667433585
,3.194853116705421,2.9221280948258475,,,2.366199903278748
,5.33275229413072,5.173582353370481,,,5.32425764497948
,3.508613656214325,2.429327355217106,,,3.456011120625007
,5.006494539162363,4.213011992017143,,,4.601253901034637
,2.2350113770874733,2.429327355217106,,,2.112583478009447
,7.2434706946456995,6.686280878431464,,,6.854250482441044
,5.222460996108933,4.519297308313774,,,5.166266667433585
,0.8003576570276729,0.0,,,0.8727598826207578
,6.24592940785711,6.453383268376466,,,6.504073050895981
,2.6301094702480934,2.429327355217106,,,1.8046680709167229
,0.8003576570276729,0.0,,,0.0
,0.8003576570276729,1.0680554872113692,,,2.366199903278748
,3.766177223083601,2.1009160241147065,,,4.205894027582234
,6.691136704980312,7.389601649796575,,,7.407063798162063
,3.508613656214325,3.5808757985520483,,,3.3423824086880285
,4.584211939071658,4.125079381585428,,,4.69682163605729
,8.517967255730433,8.54206180924622,,,8.23783544127519
,7.447237645285227,7.097811899742801,,,7.135815080619649
,4.050692283249386,4.031437387137405,,,4.139408221510954
,5.663421437213151,5.963703291999701,,,6.244214096033418
,3.984649161581813,2.429327355217106,,,2.112583478009447
,5.071567212984205,3.707376963716697,,,4.550986184927251
,2.6301094702480934,1.0680554872113692,,,1.8046680709167229
,10.717280532716064,10.844635913354049,,,10.991299318869652
,1.3121223935613218,0.0,,,1.8046680709167229
,6.30123910330637,6.639442050785743,,,6.1628710165934075
,0.8003576570276729,1.675007964280378,,,1.4126867783113457
,3.766177223083601,3.931292798388528,,,4.4448700720759104
,1.987732424191134,2.1009160241147065,,,3.456011120625007
,6.955294751451896,7.27169442068305,,,6.983056855744785
,5.163983398388806,5.5223329167526565,,,5.382908125616131
,7.918852296404441,8.512041380317417,,,8.402807454891015
,1.3121223935613218,0.0,,,0.0
,10.005656754499975,10.08565772140117,,,9.764149881499888
,5.94966777630464,5.8585651808694195,,,5.466641928369365
,6.217458517084787,6.108305869211885,,,6.022357120688298
,2.6301094702480934,1.675007964280378,,,3.659499454058248
,4.791563079148306,3.707376963716697,,,4.950554856354362
,6.659738074312974,6.926315145912565,,,6.1628710165934075
,2.2350113770874733,0.0,,,2.112583478009447
,9.591433696065533,9.31024474312442,,,9.23544394955405
,8.19920835934836,8.287416823470332,,,8.27701989126361
,6.680746238576375,6.62348497355707,,,6.678097745620989
,4.113843988412434,2.696667789000302,,,3.8378021129317026
,6.659738074312974,7.026794076363859,,,6.212225093358232
,9.187607577145942,9.28002548371873,,,9.686239538772146
,0.8003576570276729,0.0,,,1.4126867783113457
,5.384889227875278,5.258691899999647,,,5.439267117509091
,3.194853116705421,3.931292798388528,,,2.112583478009447
,7.371735571971561,6.775629414411467,,,7.1611701893521635
,6.3675215065322135,6.591031369522042,,,6.436457459027397
,3.842736585875398,3.5808757985520483,,,3.5613400039776715
,5.966873941516326,5.684926907145686,,,5.411362812604818
,1.3121223935613218,2.696667789000302,,,3.3423824086880285
,0.8003576570276729,1.0680554872113692,,,0.8727598826207578
,5.745474798950419,5.487493535305077,,,5.382908125616131
,0.0,1.0680554872113692,,,0.0
,10.493653596785284,10.25187150322106,,,9.982556838181518
,8.664898482628548,8.894303087066023,,,9.021383800056055
,2.7933262888489865,3.1170698124358824,,,2.58182735415899
,5.483829835510054,5.415184431128024,,,5.466641928369365
,5.507539970321911,5.035692612574602,,,4.950554856354362
,9.511607896406783,9.992442700700218,,,9.290097792647622
,6.08189249182748,5.129067552291397,,,5.927036110922783
,4.8296828663221545,4.031437387137405,,,5.199279356866284
,7.434925183797613,7.873917693707882,,,7.694381001928989
,3.4114162920058955,1.675007964280378,,,2.58182735415899
,4.938347553851586,3.5808757985520483,,,5.062438666611843
,4.584211939071658,4.125079381585428,,,4.205894027582234
,6.884624595435304,7.498596468138242,,,7.972577412000016
,1.6891195143635438,0.0,,,2.366199903278748
,5.765279140116933,5.774356788906187,,,5.965923481594502
,6.980928366789436,6.489045968586717,,,6.555972689755225
,5.071567212984205,4.213011992017143,,,4.911245289649324
,7.156161645793706,7.002322762246939,,,6.712806527496721
,7.222133771886115,7.187371250611202,,,7.378523348519891
,5.359056267457752,5.622070737276084,,,4.7864501193042175
,0.8003576570276729,0.0,,,2.112583478009447
,5.384889227875278,5.802975869139889,,,5.9071921550146795
,0.0,0.0,,,0.0
,9.660478673986647,10.027728983163769,,,9.804937297802596
,5.222460996108933,5.745158475495504,,,4.69682163605729
,0.0,1.0680554872113692,,,1.8046680709167229
,4.752408667901649,4.519297308313774,,,4.74233179515021
,1.3121223935613218,0.0,,,0.8727598826207578
,5.384889227875278,4.77180816512325,,,4.69682163605729
,0.0,0.0,,,0.8727598826207578
,5.784815297975318,6.281000674971384,,,6.05878930800938
,0.0,0.0,,,0.8727598826207578
,3.9154370975961177,2.429327355217106,,,2.366199903278748
,6.430891962051793,6.731646724090479,,,6.195960613683977
,5.4352075388743915,5.745158475495504,,,5.466641928369365
,0.8003576570276729,2.1009160241147065,,,1.8046680709167229
,1.6891195143635438,1.0680554872113692,,,2.112583478009447
,1.3121223935613218,0.0,,,0.0
,0.0,1.0680554872113692,,,1.4126867783113457
,9.198573850329504,9.32758468204764,,,8.893586189245804
,3.508613656214325,3.82367468051064,,,3.456011120625007
,2.2350113770874733,3.442207073065027,,,2.58182735415899
,3.984649161581813,3.1170698124358824,,,3.659499454058248
,4.972823382048754,4.58668773266516,,,4.330324568503661
,2.2350113770874733,2.429327355217106,,,2.7693778051683604
,1.6891195143635438,1.0680554872113692,,,0.0
,7.631160527033749,7.616150306577484,,,7.535416074255592
,7.371735571971561,7.331852226612674,,,7.234666697859876
,7.1334830660210224,7.445128126604101,,,7.312164960742089
,6.741995327236029,6.964819448775418,,,6.746699855310175
,4.288234544654291,4.65107023252703,,,5.132480833986183
,4.288234544654291,3.82367468051064,,,3.996472480641343
,5.576418355806496,4.519297308313774,,,5.737774418563194
,4.752408667901649,3.931292798388528,,,4.649828954687912
,7.094874763235709,7.261419642771534,,,7.1778293690994195
,3.307194436369124,2.696667789000302,,,1.8046680709167229
,4.443800156595397,3.707376963716697,,,3.919317557186984
,2.7933262888489865,2.9221280948258475,,,2.7693778051683604
,1.3121223935613218,2.429327355217106,,,0.8727598826207578
,4.1743468699676285,3.82367468051064,,,3.456011120625007
,3.508613656214325,2.9221280948258475,,,4.498903567833338
,4.866821302962881,5.45179196004185,,,4.950554856354362
,3.5996739263906603,2.696667789000302,,,0.8727598826207578
,2.2350113770874733,0.0,,,2.366199903278748
,5.33275229413072,5.129067552291397,,,6.350899762247737
,3.766177223083601,3.5808757985520483,,,3.75140358505242
,5.133831025639021,6.013532026136244,,,6.040688213445052
,9.862454722805357,9.838524899027291,,,9.638895162226415
,4.113843988412434,3.288778564963921,,,3.8378021129317026
,8.380273604169648,8.706358296414422,,,8.868150285855995
,0.8003576570276729,1.0680554872113692,,,2.112583478009447
,2.9399402873012845,2.429327355217106,,,3.659499454058248
,1.6891195143635438,0.0,,,2.112583478009447
,0.0,0.0,,,0.0
,2.9399402873012845,4.031437387137405,,,2.366199903278748
,8.63291714789632,9.212294568318436,,,9.29964320961678
,1.987732424191134,0.0,,,1.4126867783113457
,5.896782669068075,5.622070737276084,,,5.166266667433585
,1.6891195143635438,1.675007964280378,,,1.4126867783113457
,1.3121223935613218,1.675007964280378,,,0.0
,2.446043618687812,2.429327355217106,,,3.996472480641343
,2.2350113770874733,0.0,,,1.4126867783113457
,0.8003576570276729,1.675007964280378,,,0.8727598826207578
,3.307194436369124,3.82367468051064,,,3.75140358505242
,6.638419468275145,7.351360014353157,,,6.712806527496721
,0.0,0.0,,,0.8727598826207578
,4.670760070376401,4.125079381585428,,,5.439267117509091
,6.538384031290001,6.506552089150127,,,6.450236473578326
,2.6301094702480934,3.707376963716697,,,3.3423824086880285
,0.0,0.0,,,0.0
,1.3121223935613218,1.675007964280378,,,0.0
,0.0,2.1009160241147065,,,0.0
,0.8003576570276729,0.0,,,0.0
,0.0,0.0,,,0.0
,0.0,1.675007964280378,,,0.8727598826207578
,5.006494539162363,4.935853410223768,,,5.231553496860846
,3.4114162920058955,2.429327355217106,,,3.75140358505242
,2.446043618687812,2.9221280948258475,,,1.8046680709167229
,2.6301094702480934,1.0680554872113692,,,0.0
,0.0,1.0680554872113692,,,0.0
,2.446043618687812,2.696667789000302,,,0.8727598826207578
,1.6891195143635438,0.0,,,2.58182735415899
,1.6891195143635438,0.0,,,0.0
,0.0,1.675007964280378,,,0.8727598826207578
,0.8003576570276729,0.0,,,0.0
,1.3121223935613218,0.0,,,0.0
,1.6891195143635438,1.675007964280378,,,0.8727598826207578
,3.307194436369124,2.1009160241147065,,,3.75140358505242
,4.866821302962881,4.2958915964377065,,,4.601253901034637
,1.6891195143635438,2.9221280948258475,,,2.366199903278748
,1.3121223935613218,0.0,,,0.0
,1.987732424191134,2.429327355217106,,,3.2190330748149605
,0.0,0.0,,,0.0
,0.8003576570276729,1.675007964280378,,,2.58182735415899
,0.0,0.0,,,0.8727598826207578
,1.6891195143635438,2.1009160241147065,,,2.112583478009447
,0.0,0.0,,,0.0
,0.8003576570276729,0.0,,,0.0
,7.730210970084021,7.9072513317649005,,,7.623181861348596
,1.3121223935613218,0.0,,,1.4126867783113457
,1.6891195143635438,1.0680554872113692,,,0.0
,4.23241421537003,4.2958915964377065,,,4.069709806402361
,11.893423573163604,11.91436833524357,,,11.767727553006823
,1.987732424191134,0.0,,,0.8727598826207578
,0.0,0.0,,,1.4126867783113457
,1.6891195143635438,1.0680554872113692,,,2.366199903278748
,1.987732424191134,1.0680554872113692,,,0.8727598826207578
,0.8003576570276729,0.0,,,1.4126867783113457
,3.766177223083601,2.9221280948258475,,,2.58182735415899
,1.987732424191134,0.0,,,1.4126867783113457
,0.8003576570276729,0.0,,,0.0
,0.0,1.675007964280378,,,2.58182735415899
,9.065133786849785,9.277478405517924,,,9.43745752203596
,0.0,1.675007964280378,,,0.0
,1.987732424191134,1.675007964280378,,,2.9353278433826433
,0.0,0.0,,,1.8046680709167229
,4.113843988412434,4.031437387137405,,,4.69682163605729
,4.670760070376401,2.9221280948258475,,,4.69682163605729
,7.156161645793706,7.038875815396829,,,7.327177286798351
,3.5996739263906603,3.442207073065027,,,2.58182735415899
,0.0,1.675007964280378,,,0.0
,1.6891195143635438,3.1170698124358824,,,3.084143061959374
,0.0,0.0,,,0.0
,0.0,0.0,,,1.4126867783113457
,1.3121223935613218,0.0,,,1.8046680709167229
,1.6891195143635438,2.429327355217106,,,0.8727598826207578
,1.6891195143635438,1.675007964280378,,,2.9353278433826433
,2.2350113770874733,2.429327355217106,,,0.0
,0.0,0.0,,,0.0
,2.6301094702480934,0.0,,,0.0
,1.6891195143635438,0.0,,,1.4126867783113457
,0.0,0.0,,,1.4126867783113457
,2.7933262888489865,2.429327355217106,,,2.58182735415899
,0.0,0.0,,,0.8727598826207578
,2.6301094702480934,1.0680554872113692,,,1.8046680709167229
,4.443800156595397,4.519297308313774,,,4.205894027582234
,0.8003576570276729,1.0680554872113692,,,0.0
,0.8003576570276729,1.675007964280378,,,2.112583478009447
,1.987732424191134,1.675007964280378,,,2.7693778051683604
,0.8003576570276729,2.1009160241147065,,,2.366199903278748
,2.2350113770874733,2.9221280948258475,,,1.4126867783113457
,3.5996739263906603,4.65107023252703,,,5.32425764497948
,1.987732424191134,1.675007964280378,,,2.112583478009447
,2.446043618687812,2.1009160241147065,,,2.112583478009447
,1.6891195143635438,0.0,,,0.0
,4.584211939071658,3.707376963716697,,,4.139408221510954
,1.3121223935613218,0.0,,,0.0
,4.393785888058045,4.031437387137405,,,3.659499454058248
,1.3121223935613218,0.0,,,0.8727598826207578
,0.0,1.0680554872113692,,,0.8727598826207578
,0.0,0.0,,,0.0
,1.3121223935613218,0.0,,,0.0
,0.8003576570276729,0.0,,,0.8727598826207578
,4.1743468699676285,4.125079381585428,,,4.205894027582234
,1.987732424191134,1.0680554872113692,,,2.366199903278748
,0.0,0.0,,,0.0
,0.0,1.675007964280378,,,1.4126867783113457
,2.2350113770874733,1.0680554872113692,,,2.58182735415899
,4.050692283249386,4.4486040679813845,,,5.062438666611843
,4.050692283249386,3.5808757985520483,,,3.75140358505242
,0.8003576570276729,1.0680554872113692,,,1.4126867783113457
,0.0,0.0,,,0.0
,2.9399402873012845,2.1009160241147065,,,2.7693778051683604
,1.987732424191134,1.675007964280378,,,0.8727598826207578
,3.9154370975961177,3.82367468051064,,,4.649828954687912
,3.194853116705421,3.288778564963921,,,3.659499454058248
,3.5996739263906603,3.288778564963921,,,4.550986184927251
,3.073019528998395,2.1009160241147065,,,3.75140358505242
,2.9399402873012845,3.442207073065027,,,3.996472480641343
,0.8003576570276729,0.0,,,0.0
,3.508613656214325,3.707376963716697,,,3.456011120625007
,0.0,0.0,,,0.0
,2.9399402873012845,2.1009160241147065,,,2.7693778051683604
,3.5996739263906603,4.125079381585428,,,2.9353278433826433
,0.8003576570276729,3.288778564963921,,,1.4126867783113457
,3.194853116705421,2.429327355217106,,,2.366199903278748
,3.4114162920058955,3.82367468051064,,,3.456011120625007
,2.446043618687812,3.82367468051064,,,3.3423824086880285
,2.2350113770874733,3.288778564963921,,,2.9353278433826433
,5.133831025639021,4.65107023252703,,,5.382908125616131
,0.0,1.0680554872113692,,,0.0
,1.6891195143635438,2.429327355217106,,,2.9353278433826433
,1.3121223935613218,2.429327355217106,,,0.0
,3.5996739263906603,2.429327355217106,,,3.5613400039776715
,3.194853116705421,3.442207073065027,,,2.366199903278748
,0.0,1.0680554872113692,,,0.0
,0.0,1.0680554872113692,,,0.0
,1.6891195143635438,2.1009160241147065,,,0.8727598826207578
,1.3121223935613218,0.0,,,0.0
,0.0,0.0,,,0.0
,0.8003576570276729,1.0680554872113692,,,2.58182735415899
,1.6891195143635438,1.675007964280378,,,2.9353278433826433
,1.987732424191134,1.675007964280378,,,2.112583478009447
,2.9399402873012845,2.696667789000302,,,2.366199903278748
,0.8003576570276729,2.696667789000302,,,0.0
,1.3121223935613218,1.675007964280378,,,2.9353278433826433
,8.746870221103656,8.9009375229925,,,8.855262162245282
,0.8003576570276729,0.0,,,0.0
,1.987732424191134,2.429327355217106,,,2.112583478009447
,3.766177223083601,3.707376963716697,,,3.456011120625007
,0.0,1.0680554872113692,,,1.4126867783113457
,1.3121223935613218,2.429327355217106,,,1.8046680709167229
2.1273528570580367,1.252033481761931,1.9152733459730824,2.8638130617722606,0.8988096753164998,
8.98645328186252,8.476197880641314,8.709517454189935,8.262654690338028,8.298398483774148,
6.113227516804359,6.953933793464587,6.559477155905074,6.38226426273374,5.7244215983780675,
2.1273528570580367,2.363257137421632,0.9440719876953962,1.7462107371414175,0.8988096753164998,
2.1273528570580367,2.363257137421632,3.701700061705504,2.5133708470354534,3.1343429957332973,
4.287644323036166,3.215773920361264,4.14005191965989,3.9192043340289806,3.613396190469504,
5.564555649271768,6.102378460546361,6.628464442318559,5.941080722734081,5.6518564477232065,
9.555203782220016,9.457254947907966,9.46912568330678,9.241718896324787,9.31581042160153,
6.3698486335169635,5.916860337589944,6.472087015299897,6.5963441030053165,6.235522596653522,
7.6300509433525665,7.333470256910313,7.386389899333573,7.317901187531614,8.00019982125333,
5.965484165482666,5.6651563310553525,5.588609598366368,5.611177565255836,5.880766517524521,
11.74786495822847,12.065370889819228,12.140645792514835,11.823444839933831,11.964645445634265,
4.804941818439524,5.151543247134289,4.976839260629534,5.465016164281359,4.49909163489714,
6.130675342801464,5.6651563310553525,6.172811908291399,6.395776029654818,5.9017800603685595,
2.1273528570580367,2.9834669963003715,1.5098994093134157,3.3811519668481234,1.448400923237856,
5.639599293909598,3.5914582317488906,5.098547262714951,4.749662448503417,4.88407967019736,
5.401633731870477,5.778444887040087,5.695361937972607,5.656782864836955,5.626833663545276,
6.649470962290994,6.482738823713279,6.805732382181406,6.929291796751583,6.492594758846733,
7.730736433788912,7.673274013182639,7.410095276559935,6.803147571105655,6.91054947886507,
5.081050642191776,4.53033944780547,4.645166924187268,5.412808901682653,5.0811702465615625,
5.864819091217013,4.245115061327776,4.534486340402758,5.587822654982696,5.3796475820574,
2.7857626338523107,1.9120895180850064,3.219642216040465,3.268154397447143,2.15643154456857,
6.214883012351143,5.625326433022477,5.5321172659835725,5.587822654982696,5.3796475820574,
1.424693889909158,1.252033481761931,2.900655540153005,0.8358601519897243,0.0,
5.485393293004125,4.6141251428220995,4.843909861384497,5.358641234599949,5.549050874813313,
7.548017121493672,7.915448007797188,7.593815288899107,8.090549851687621,8.108104030119575,
0.0,3.215773920361264,1.5098994093134157,1.3616795639125414,0.8988096753164998,
3.1010766827490013,1.9120895180850064,1.9152733459730824,3.0115472012359445,3.393662872112152,
5.71093169626494,6.102378460546361,5.7705423991131415,5.439148675192057,5.254543412253529,
7.277414277613691,7.149141825818337,6.719819376624818,6.560800361676979,6.478676640636891,
4.804941818439524,4.693310841844703,4.534486340402758,5.182749538479859,5.286851112344599,
1.8183855359868224,2.9834669963003715,3.8006734726731857,3.7611506373277046,3.50770887389526,
7.4190509615355715,7.016858581189317,7.312843079467221,6.548755149390798,7.067565101712631,
3.578907283604972,2.706436814589186,2.4905071181678275,3.0115472012359445,3.613396190469504,
6.776829221030488,6.610638474618335,6.573541047483937,6.4485921061730265,6.7804465896283785,
4.087756923331383,3.5914582317488906,4.534486340402758,4.251959975632417,4.44285378614437,
7.903082930022792,7.890461859498994,7.719298841881,7.252568330318763,7.314772988459074,
8.964728707890979,8.736688898940825,8.759585385556978,8.843587617000283,8.58490784747297,
3.1010766827490013,2.363257137421632,3.5954333501320948,3.5836265212987755,2.412140613208748,
5.564555649271768,5.542207775347679,6.2092997642599,6.012984124523574,5.700636465430905,
8.497848330615037,7.93186822354452,8.57267682238964,8.419709936243043,8.266351225318074,
5.281807468287595,5.259564849484186,4.889594159225845,4.251959975632417,4.3843344898943,
4.34855936407696,4.693310841844703,4.14005191965989,4.420074324097543,3.804043719866039,
1.8183855359868224,1.252033481761931,2.900655540153005,2.8638130617722606,2.629277784575916,
3.677173021775615,3.4158104165687497,3.893290717484193,4.310202091370707,4.655738528595867,
0.8814983508565049,3.215773920361264,1.5098994093134157,0.0,0.0,
9.84802887194564,9.635749240615905,9.923548038633108,10.045375566356546,9.853589246462793,
9.038220008255736,9.437265729971108,9.33520662056222,9.47919051529603,9.251782980065151,
3.4734560020283936,4.135963911216731,3.068947160363723,3.268154397447143,4.0497601938964145,
3.937239890567626,2.706436814589186,2.710107810154817,2.6992065503008127,3.711866848994471,
9.865068456693924,9.47136527293045,9.764065203786505,9.477602997206048,9.823621601390286,
2.1273528570580367,2.363257137421632,0.9440719876953962,1.3616795639125414,0.8988096753164998,
6.355079994361663,5.814313516643948,5.745914996934853,5.922530633206184,5.549050874813313,
2.1273528570580367,3.215773920361264,3.3560746442565823,2.3000078836598825,1.8454221841165777,
8.83503230485328,8.487350335321944,8.66094624923898,8.712055241209132,8.626527857069773,
1.8183855359868224,0.0,0.9440719876953962,1.7462107371414175,0.0,
8.171027111933336,7.721296667146651,7.7443808464596735,7.86626874803442,8.17867486990102,
10.329046187976914,9.4908907108424,9.76712798411809,9.710334111417987,9.936114564350383,
4.760802042391417,4.53033944780547,4.889594159225845,5.465016164281359,5.153038368397865,
6.130675342801464,5.778444887040087,6.22720336594662,6.2546017452825815,6.377298405830814,
4.889365515122079,5.2065648251484395,3.701700061705504,3.842340840334267,3.9724131580259057,
9.665554478113474,9.643247364463411,9.68043768842865,9.410963275327571,9.514763951621052,
10.235381664260167,9.991496286378736,9.972133568105908,9.622556446583385,9.67439262743602,
4.287644323036166,4.839726816948395,4.843909861384497,5.0523183935005855,5.153038368397865,
5.044697112081977,4.768375462585618,4.414603722801029,4.570627257209177,5.005533443185442,
3.578907283604972,2.706436814589186,1.9152733459730824,3.268154397447143,2.412140613208748,
4.9691208282971555,5.407796954309,4.475789898725806,4.831483685753933,4.323340783761273,
6.198430098217759,6.1311047873469855,6.191171187069902,5.08604823626242,5.793510971375659,
0.8814983508565049,0.0,2.900655540153005,2.0495205232084777,0.8988096753164998,
5.590006392391629,5.981386985200087,5.7705423991131415,5.941080722734081,5.837798306068265,
7.285225854327998,8.464958542150404,8.329172785269359,8.013764051864598,7.813219960252209,
7.797801939477748,7.692675314875759,7.756760197785042,7.7657878053127565,7.71572544294687,
2.1273528570580367,2.9834669963003715,2.2313720798832146,2.8638130617722606,3.1343429957332973,
7.4190509615355715,8.026648297610857,7.731894351447778,8.240360274022763,7.851525296274867,
8.507897624376497,8.158076479557899,8.436951512227619,8.302653937935396,8.019554968001971,
6.278880161432731,6.1311047873469855,6.313532969080742,6.2396937361670455,5.922491919822913,
6.7657047483559545,6.390704454364174,6.984786688274291,6.653704325618293,6.961476996990755,
5.77890269791347,7.091841129049699,6.472087015299897,7.237639185037099,6.078280581178634,
11.116622077020551,10.703396103803671,10.981998590026498,10.940219707917269,10.904477921192086,
6.113227516804359,6.482738823713279,5.975096157791689,5.8458489418377955,6.114734141359767,
5.4300973404130755,5.094339764822258,5.910081626845286,5.679056051471869,5.770846826546299,
3.855651169204714,3.8892486258592904,3.5954333501320948,4.127908848497372,3.9724131580259057,
6.673478973456704,6.709189613560245,6.769537127265096,6.79297151003074,6.879107083564174,
1.8183855359868224,1.252033481761931,0.9440719876953962,0.0,2.817968824125128,
2.1273528570580367,3.7480232874605903,3.980319160809084,4.251959975632417,3.1343429957332973,
9.00075669167873,8.981126772828192,8.780955313613307,9.37047688998504,9.08266504824978,
7.846131251497474,7.032170105041157,7.614368574473552,7.63517445484748,7.630173566453199,
7.605302927114931,7.46339897724813,7.321202563641474,7.079180490697137,7.104286995590794,
6.852387466823264,7.3700815034322416,6.995272784976403,7.1040875094739055,7.058236698548599,
7.030251102254848,7.016858581189317,7.244163990190065,7.478908130090192,7.405845714617354,
5.342964297448219,4.441386177064962,4.976839260629534,5.017781038509307,4.925710727711269,
7.541509315862912,7.749361233914122,7.537530452393503,8.098834701827712,7.960692661249173,
4.715269056070795,5.151543247134289,5.412029193242214,5.182749538479859,5.0811702465615625,
2.5978233785255886,2.9834669963003715,2.2313720798832146,3.3811519668481234,1.448400923237856,
8.0340240546152,8.239482231944343,8.085964291996227,8.957305272754633,8.477032041270606,
7.759060219533568,7.830420841231313,7.641325253404316,7.352958238804919,7.525753503230751,
6.6853348025998125,5.849311962763751,6.22720336594662,6.5963441030053165,6.251981243359341,
8.892415181237578,8.89581314295076,8.722198275237206,8.524905965469664,8.654654095822462,
8.72159082948675,9.832234567985136,9.320687921060436,9.085818586770124,8.747539742637333,
6.8938508744117195,7.847831899085803,6.920217281422865,7.2599753667222675,6.91054947886507,
1.8183855359868224,1.9120895180850064,0.9440719876953962,1.3616795639125414,0.8988096753164998,
0.8814983508565049,1.252033481761931,1.5098994093134157,0.0,0.0,
6.198430098217759,6.043150718593695,6.456993132112383,6.524358760451273,6.546962151410839,
6.914144099027086,7.190671569773879,6.655161433313774,6.0646534614533305,6.30025972028762,
7.048725271189362,6.482738823713279,7.18126500093293,6.823286861286245,7.058236698548599,
4.715269056070795,3.7480232874605903,4.796731486939921,4.61751168452487,4.605389347702585,
7.9869018007048735,7.856459260243859,7.968475257729135,8.244100017492984,7.94559402724571,
4.760802042391417,5.034774158225798,4.590887770328477,4.420074324097543,3.8906832365505664,
6.562149768463643,6.482738823713279,6.587469161908324,6.2546017452825815,6.31600007884439,
3.3596848186603263,3.215773920361264,3.701700061705504,2.8638130617722606,2.629277784575916,
6.022675466681505,4.245115061327776,5.246333454911168,5.53994705005325,6.002488074136208,
6.309844709350904,6.548105525749144,6.757267392522311,6.79297151003074,6.698756206097152,
2.1273528570580367,2.706436814589186,1.9152733459730824,3.9192043340289806,3.711866848994471,
2.952016909406638,2.706436814589186,1.9152733459730824,1.3616795639125414,2.412140613208748,
9.737070048570615,9.515612696628928,9.46912568330678,9.199968809728514,9.45914558597579,
1.8183855359868224,1.9120895180850064,1.9152733459730824,1.7462107371414175,3.2698215982021024,
7.245738009269198,6.8712102830196145,6.90916906128368,6.862741168128958,7.192199424249157,
8.14550611679669,9.141498548989532,8.620876445310449,8.409755104172316,8.670046052446777,
0.8814983508565049,0.0,1.9152733459730824,0.0,0.8988096753164998,
7.803252511033307,7.830420841231313,7.738151107705284,7.339037475572721,7.250698450523294,
8.617150662369772,8.787198347811973,8.780955313613307,8.88728883186326,8.804440580103861,
2.5978233785255886,1.9120895180850064,2.2313720798832146,3.5836265212987755,2.817968824125128,
5.663770770431704,6.437455412376871,6.077338407715166,6.194022497820422,6.30025972028762,
5.98480093952982,6.437455412376871,5.7947564475811975,6.114536094684639,5.676452613866228,
9.43043438504707,9.762798782780097,9.391862987024629,9.30753384472301,9.388327075254995,
6.74319510892481,6.292396412187517,6.732410362230863,6.61956257221264,6.9208798188018585,
4.6196509752931405,3.7480232874605903,4.747957996456652,4.061639545947828,4.259654139385937,
6.6002220815138015,6.390704454364174,6.472087015299897,6.354855059178326,6.520034541689481,
6.398939953807072,6.50485843792916,6.516443683268365,5.700990592947135,6.3469747791089315,
3.236167561083,4.90771502599764,4.414603722801029,3.145548524333338,4.193025736535522,
8.106357634669235,8.857647041549027,8.304087789276364,8.860740181499926,7.985511125959031,
6.113227516804359,6.073068506804958,5.348015979617434,6.178471709924905,6.3469747791089315,
3.937239890567626,4.135963911216731,4.283849055635033,4.4720239969047695,3.8906832365505664,
4.847771117424166,5.360058715819535,5.018559887162254,5.490428007609252,5.153038368397865,
6.8938508744117195,7.295905682352898,7.172051316721231,7.079180490697137,7.368594868706382,
7.6901250537000285,6.266735830991656,6.9528631890753365,7.168477634537367,7.4984233134223235,
8.63865231559225,8.84035474531754,8.70632975639338,8.64291749681943,8.875207565951102,
4.92979423239614,3.8892486258592904,4.747957996456652,4.251959975632417,4.44285378614437,
4.847771117424166,5.625326433022477,4.6974777412786635,5.385979276735687,4.88407967019736,
4.6196509752931405,1.9120895180850064,2.4905071181678275,3.842340840334267,3.711866848994471,
1.424693889909158,0.0,0.0,1.3616795639125414,1.448400923237856,
7.447176311096968,8.144050809848254,7.846366850674821,8.018138854263936,7.679679725824699,
4.287644323036166,4.53033944780547,4.062395079675458,5.151230510377745,4.49909163489714,
7.775791363997651,8.05690668396515,7.621155111466467,7.781313380436211,7.667461536357399,
7.770235847261892,5.542207775347679,6.852622046624862,7.534936357955543,7.376122381700315,
4.0144604561828565,3.215773920361264,2.900655540153005,4.706943200969149,4.655738528595867,
2.5978233785255886,1.9120895180850064,0.9440719876953962,2.0495205232084777,0.8988096753164998,
8.24898807416764,8.39561921920502,8.654344757804468,7.728898199242424,8.13053048794819,
4.157508899183894,4.135963911216731,4.475789898725806,5.08604823626242,4.193025736535522,
5.822500369288781,5.31068661896662,5.281030051291837,6.012984124523574,5.6518564477232065,
7.938188287770258,7.062314100234277,7.600698970006061,7.541029497835284,7.940525829254947,
5.184918256544655,5.31068661896662,5.1369371387826135,4.982396556311253,5.3184511329259045,
7.346240965187321,6.366748305021206,6.9742238159622385,6.929291796751583,7.398472094560097,
5.401633731870477,5.6651563310553525,5.348015979617434,5.465016164281359,5.549050874813313,
6.754493829006852,5.981386985200087,6.394987058664444,6.803147571105655,7.020307954874572,
4.715269056070795,3.4158104165687497,4.213741325458526,4.831483685753933,4.925710727711269,
3.4734560020283936,1.9120895180850064,3.068947160363723,2.3000078836598825,3.2698215982021024,
8.37145765000842,7.948103651743747,8.349748830615894,7.846724635956198,7.878276650259446,
8.407691128104329,8.278524960093193,7.880707138134236,7.152647517162606,7.306917578934916,
8.85616382490165,7.393982823876659,8.620876445310449,8.29906312385469,8.654654095822462,
9.11034868275022,8.654975259469571,9.169167049357618,8.50009941203062,8.982662109798124,
2.7857626338523107,2.9834669963003715,4.14005191965989,4.420074324097543,4.259654139385937,
8.641697986757162,9.326745865086828,8.762657680998547,8.984387319727459,8.801648212394346,
5.68754393293477,6.012599350318927,6.057461417157606,6.548755149390798,6.021812750623437,
9.367439308827246,10.28465711293206,9.898627592123994,10.183242030256938,9.92845528085243,
3.236167561083,2.9834669963003715,2.710107810154817,3.145548524333338,3.2698215982021024,
4.847771117424166,5.542207775347679,4.645166924187268,5.1190074663172975,5.043847468583399,
3.578907283604972,3.215773920361264,3.701700061705504,4.310202091370707,4.12317059208696,
9.668543940661408,9.360496543494746,9.515394649435596,9.456804703991178,9.397603019302124,
8.393306752546733,8.669735740049946,8.530041129795213,8.596864679233656,8.455875537343893,
7.567366235659031,8.199353456425232,7.441108447197128,7.472546301611154,7.266985842967838,
1.424693889909158,2.363257137421632,1.5098994093134157,2.0495205232084777,3.393662872112152,
3.677173021775615,4.01787370251873,2.900655540153005,2.8638130617722606,2.412140613208748,
2.5978233785255886,1.252033481761931,0.9440719876953962,0.8358601519897243,0.0,
6.482851590077713,6.650870318010111,6.441739661332237,6.891639571326619,6.698756206097152,
0.0,2.363257137421632,2.2313720798832146,3.6751174087359417,2.15643154456857,
6.003862487740904,5.949484387425713,6.22720336594662,5.587822654982696,5.859442372746998,
2.5978233785255886,3.215773920361264,2.710107810154817,3.5836265212987755,1.8454221841165777,
6.309844709350904,6.214003453837115,6.11628920993161,6.61956257221264,6.674540549076575,
6.340158605984437,6.159270276796894,6.313532969080742,5.8654048404337775,6.0597024682529055,
7.495113691138606,8.541854959572834,7.712959608523683,8.078032681219085,7.756671190986539,
9.00075669167873,8.791703623868505,8.555064819533833,8.882498001331564,8.597842358584987,
6.130675342801464,5.6651563310553525,5.996132495470622,5.941080722734081,5.982901028228473,
7.948063466849257,8.265627760694585,8.295628252453374,7.880755019559611,8.03390280369828,
8.480942369935555,8.698811231658242,8.463627753535794,8.376067312089841,8.325867506704487,
7.567366235659031,7.643673909682771,7.725610342323806,7.310786380567531,7.477580449392421,
3.3596848186603263,3.5914582317488906,2.2313720798832146,3.145548524333338,2.817968824125128,
4.6682520354957875,3.7480232874605903,4.283849055635033,3.6751174087359417,3.9724131580259057,
6.469200881007631,6.073068506804958,6.22720336594662,5.8458489418377955,5.6518564477232065,
0.8814983508565049,1.252033481761931,0.9440719876953962,0.0,1.8454221841165777,
4.407006245450018,4.346585755776222,4.590887770328477,4.310202091370707,4.7514535167859515,
4.92979423239614,5.542207775347679,5.932080288152712,4.982396556311253,5.3184511329259045,
5.044697112081977,4.972642913292944,4.93387611367644,4.982396556311253,4.605389347702585,
7.213350603598958,6.590093854837631,6.587469161908324,6.803147571105655,7.131227738448319,
1.424693889909158,1.9120895180850064,1.5098994093134157,2.5133708470354534,2.9848109526219546,
6.164950438402501,6.414269297406943,6.22720336594662,5.977480332232857,6.3469747791089315,
6.355079994361663,4.6141251428220995,6.330195854400267,6.708870898340294,6.710713298215515,
6.809697038963033,6.969924155759229,7.026281383317203,6.536608523052639,6.710713298215515,
5.044697112081977,5.703916084390923,5.841998406373932,5.679056051471869,5.466834248092573,
3.1010766827490013,4.135963911216731,2.2313720798832146,2.5133708470354534,3.711866848994471,
3.677173021775615,3.4158104165687497,4.213741325458526,3.5836265212987755,3.711866848994471,
6.637315455590168,6.590093854837631,6.296675379241278,5.977480332232857,6.078280581178634,
2.952016909406638,3.4158104165687497,2.710107810154817,4.061639545947828,4.12317059208696,
2.381681604991121,3.5914582317488906,3.480712338875618,2.3000078836598825,0.8988096753164998,
5.564555649271768,5.625326433022477,5.64297293652291,5.805923468176708,5.466834248092573,
6.7087581165546215,7.257336801547574,7.3044348750523405,7.317901187531614,7.183645365909092,
5.312709918582393,4.90771502599764,5.5321172659835725,5.330775133617914,5.286851112344599,
8.75291245640743,8.63505672455964,8.448444638467935,7.791571712518866,8.019554968001971,
8.375122223455564,8.547193857064201,8.40191235003392,8.056926325633546,8.245954056753957,
6.095566092470916,4.6141251428220995,5.21078180451625,5.273374291794299,5.575447185555685,
3.769170314971537,5.094339764822258,4.213741325458526,4.831483685753933,4.797030438558475,
4.92979423239614,5.151543247134289,4.414603722801029,4.310202091370707,4.3843344898943,
7.952975823343952,7.204253336934808,7.89757554365288,7.841796956667938,7.667461536357399,
1.424693889909158,3.7480232874605903,0.0,2.3000078836598825,0.8988096753164998,
8.964728707890979,8.38968765491276,8.448444638467935,8.478038172701433,8.568574907843521,
6.661524907217687,4.768375462585618,6.11628920993161,5.7855385985333285,6.132621229324472,
8.996004627592074,9.02004477263027,9.169167049357618,8.436150183475997,8.821082230966441,
6.077685775124264,5.151543247134289,6.456993132112383,5.412808901682653,6.4216212782822835,
1.8183855359868224,0.0,2.2313720798832146,0.8358601519897243,0.0,
6.095566092470916,5.407796954309,5.887742322191545,5.805923468176708,5.494763636635576,
8.566766311613467,8.525718689430528,8.793026067381968,8.63724064982954,8.383025497311293,
1.8183855359868224,3.215773920361264,2.710107810154817,3.0115472012359445,1.448400923237856,
10.099106141457082,10.446261290939225,10.203393777130598,10.718237763766014,10.622205749676796,
5.885521873236442,5.542207775347679,6.077338407715166,6.0646534614533305,5.7244215983780675,
4.34855936407696,5.094339764822258,4.843909861384497,4.90891249893456,4.7514535167859515,
1.8183855359868224,2.363257137421632,0.9440719876953962,0.8358601519897243,1.448400923237856,
3.937239890567626,3.215773920361264,3.480712338875618,3.6751174087359417,3.50770887389526,
2.952016909406638,2.706436814589186,1.5098994093134157,3.268154397447143,2.629277784575916,
3.677173021775615,4.245115061327776,4.590887770328477,3.9921790295597224,3.393662872112152,
2.381681604991121,2.9834669963003715,2.2313720798832146,3.0115472012359445,3.393662872112152,
7.221515872742431,7.077153152973872,6.93118153642252,7.062333668421332,7.250698450523294,
5.21794295537928,5.849311962763751,4.843909861384497,4.706943200969149,5.254543412253529,
10.143829664636836,10.245782234432896,9.831452368681845,10.074023007485462,10.182468519508088,
6.562149768463643,6.482738823713279,6.346668481553069,6.698005053282052,6.649911482955152,
5.458010225017755,5.883481449087959,5.841998406373932,5.634160412238118,5.494763636635576,
2.5978233785255886,2.363257137421632,2.710107810154817,3.268154397447143,2.412140613208748,
8.710030415785386,9.892201697592313,9.258932258442442,9.586187994188217,9.08266504824978,
3.578907283604972,2.9834669963003715,1.9152733459730824,2.6992065503008127,2.817968824125128,
0.8814983508565049,1.252033481761931,1.5098994093134157,1.7462107371414175,2.9848109526219546,
6.983003409617319,6.836745406770029,6.8293677037134595,6.843148883285012,7.104286995590794,
4.287644323036166,4.346585755776222,3.480712338875618,4.1912673292218585,4.7514535167859515,
2.381681604991121,0.0,0.0,0.8358601519897243,2.629277784575916,
6.661524907217687,6.548105525749144,6.4107402035406755,6.209407449962355,6.114734141359767,
8.755726443918206,9.02004477263027,8.762657680998547,9.20573364815201,8.929935032884021,
8.216674370176166,9.162523142016486,8.620876445310449,8.712055241209132,8.165703111035096,
2.952016909406638,3.4158104165687497,3.5954333501320948,4.1912673292218585,2.412140613208748,
7.508522529016957,7.5187987319006195,7.579948601649216,7.373590722371684,7.667461536357399,
6.8938508744117195,7.3700815034322416,7.0666159019821055,7.691040520996306,7.420480848994512,
4.287644323036166,3.7480232874605903,3.893290717484193,3.9921790295597224,4.12317059208696,
2.952016909406638,0.0,2.2313720798832146,2.6992065503008127,3.393662872112152,
6.625056661123682,6.81919921693808,6.441739661332237,6.0646534614533305,6.746001226529983,
3.855651169204714,5.31068661896662,4.747957996456652,4.310202091370707,3.8906832365505664,
5.401633731870477,5.814313516643948,5.348015979617434,5.700990592947135,5.6518564477232065,
9.242608566668013,9.196897261387647,9.01795671895708,9.106509444899702,8.929935032884021,
0.0,1.9120895180850064,0.0,0.0,0.8988096753164998,
3.855651169204714,4.135963911216731,3.219642216040465,3.3811519668481234,3.613396190469504,
3.677173021775615,4.53033944780547,3.3560746442565823,3.9192043340289806,3.2698215982021024,
6.022675466681505,6.214003453837115,6.279618480816357,5.151230510377745,5.575447185555685,
0.0,2.363257137421632,2.2313720798832146,1.7462107371414175,2.629277784575916,
8.582701261524587,8.988994813958069,8.124685990139303,8.21008812491938,8.542051392614256,
7.221515872742431,7.062314100234277,6.472087015299897,6.687056749257479,6.85775821447956,
3.578907283604972,3.4158104165687497,4.283849055635033,4.420074324097543,3.50770887389526,
0.8814983508565049,3.8892486258592904,0.0,1.7462107371414175,3.50770887389526,
4.087756923331383,5.454006017166845,4.35070720586557,4.662920305381572,4.323340783761273,
7.323661614550701,8.226229608370241,7.600698970006061,7.6179838946789795,7.470565371011097,
6.509771526849625,6.437455412376871,6.441739661332237,6.354855059178326,5.982901028228473,
3.1010766827490013,4.346585755776222,3.480712338875618,4.127908848497372,4.44285378614437,
3.578907283604972,4.53033944780547,3.8006734726731857,4.570627257209177,4.12317059208696,
1.424693889909158,0.0,0.0,0.0,1.8454221841165777,
3.578907283604972,4.839726816948395,4.062395079675458,4.90891249893456,4.797030438558475,
6.427456236515119,5.981386985200087,6.545274813863475,6.48697276002973,6.31600007884439,
2.952016909406638,4.441386177064962,2.4905071181678275,3.842340840334267,4.0497601938964145,
6.924184662375448,6.783453366131838,6.6813733604736765,7.534936357955543,7.104286995590794,
3.4734560020283936,3.215773920361264,3.3560746442565823,2.6992065503008127,3.711866848994471,
5.564555649271768,5.151543247134289,5.018559887162254,5.515399979759172,5.837798306068265,
4.715269056070795,4.53033944780547,5.174331889531738,4.870717476339724,5.005533443185442,
4.463177213100735,5.741661696638082,4.414603722801029,3.4859383607508043,4.841211501107677,
6.8938508744117195,6.783453366131838,7.096143586799021,6.992907380444878,6.91054947886507,
7.353689562340604,7.149141825818337,7.217542348696336,7.128571815247375,7.076833575124674,
6.1817873836428054,5.703916084390923,6.057461417157606,5.490428007609252,5.859442372746998,
4.224043439660156,3.5914582317488906,3.8006734726731857,3.6751174087359417,3.50770887389526,
4.517242891238822,2.9834669963003715,3.8006734726731857,4.522167862499306,4.44285378614437,
7.120343410446092,6.414269297406943,6.995272784976403,6.803147571105655,6.734334225216701,
4.804941818439524,5.31068661896662,4.645166924187268,4.982396556311253,4.655738528595867,
2.5978233785255886,2.363257137421632,1.9152733459730824,2.5133708470354534,3.613396190469504,
5.590006392391629,5.814313516643948,5.473322366074002,4.90891249893456,5.837798306068265,
7.111583172258827,6.836745406770029,7.005683214097696,6.823286861286245,7.175040285994503,
6.914144099027086,7.393982823876659,7.096143586799021,6.698005053282052,6.9208798188018585,
7.8514025846840925,7.7400669061931024,7.863639166682047,7.6179838946789795,7.86228543553994,
9.884482648719318,9.15204914444942,9.81674710370016,9.122851096306938,9.720951848612934,
8.484339447977817,8.165038510305916,8.515544558121162,8.42959654879906,8.405269343256045,
2.381681604991121,3.4158104165687497,3.5954333501320948,2.3000078836598825,2.817968824125128,
4.0144604561828565,3.215773920361264,3.219642216040465,3.6751174087359417,4.193025736535522,
7.253722517199631,7.405786614557456,7.036471223085498,7.0875306993742555,7.1400973366155815,
6.787868570005028,7.2310392039330225,7.402236683761636,6.956899798225038,7.175040285994503,
3.3596848186603263,4.441386177064962,3.5954333501320948,3.3811519668481234,2.412140613208748,
7.861887819220378,8.71313214864392,7.984353503217218,8.202419785438254,8.052813949210952,
0.0,0.0,1.9152733459730824,0.8358601519897243,0.8988096753164998,
1.424693889909158,0.0,1.5098994093134157,1.7462107371414175,2.629277784575916,
2.381681604991121,0.0,1.9152733459730824,0.0,2.15643154456857,
2.381681604991121,3.215773920361264,1.5098994093134157,3.0115472012359445,2.817968824125128,
4.224043439660156,4.245115061327776,4.534486340402758,4.522167862499306,5.005533443185442,
1.424693889909158,2.363257137421632,2.4905071181678275,2.3000078836598825,2.412140613208748,
3.1010766827490013,4.01787370251873,3.980319160809084,4.522167862499306,3.393662872112152,
7.4815790574248435,7.71181916702903,7.828885237772431,7.806823727235602,7.785222622962106,
7.368472369277754,7.204253336934808,7.208558172818519,6.8132523576936626,6.846964129705442,
7.50183368823888,7.89883874961675,8.010434967726313,7.497827005865808,7.745090504803654,
7.991683893405408,8.239482231944343,8.000058894058922,8.217715920376726,8.117116490105884,
5.21794295537928,5.949484387425713,6.135377222902538,6.283963420530525,5.60136920042422,
8.75291245640743,8.750640504550411,8.66094624923898,8.379471710811078,8.565286013226256,
7.8826324066914255,7.45205909045421,8.030965884751115,7.781313380436211,7.790865725097137,
8.494482950097668,7.97211927691218,8.374058870325948,8.186959734174714,8.152613659686669,
6.398939953807072,5.49878083796507,5.745914996934853,5.700990592947135,5.793510971375659,
1.424693889909158,0.0,0.9440719876953962,0.8358601519897243,0.0,
8.553890401910266,8.39561921920502,8.519182380016064,8.537151102353887,8.679203014858153,
8.83503230485328,8.63505672455964,8.7565065335346,8.35892376269915,8.617029257051009,
4.087756923331383,3.8892486258592904,3.701700061705504,3.7611506373277046,2.817968824125128,
1.424693889909158,1.252033481761931,0.0,1.3616795639125414,0.8988096753164998,
0.0,1.252033481761931,0.9440719876953962,0.8358601519897243,0.0,
5.281807468287595,6.266735830991656,5.865051658503505,5.656782864836955,5.747820947077054,
7.433182173215901,7.135028597621194,7.278912177321537,6.77240149220066,7.266985842967838,
6.022675466681505,5.542207775347679,5.246333454911168,6.178471709924905,6.202031067858249,
4.087756923331383,4.441386177064962,4.283849055635033,5.358641234599949,3.613396190469504,
6.509771526849625,6.3176085446727495,6.191171187069902,6.326915017327909,6.392224509053216,
6.9538937706376975,6.8712102830196145,6.394987058664444,6.63103316616467,6.746001226529983,
5.342964297448219,5.259564849484186,5.695361937972607,6.114536094684639,6.002488074136208,
4.407006245450018,5.259564849484186,4.645166924187268,4.522167862499306,4.323340783761273,
1.8183855359868224,1.252033481761931,0.0,2.3000078836598825,2.412140613208748,
5.538647851758487,6.292396412187517,6.296675379241278,6.409162423480398,5.982901028228473,
6.130675342801464,6.342387633936613,6.279618480816357,5.743883865781123,5.7244215983780675,
6.23115040640026,5.949484387425713,5.975096157791689,6.422425749462718,6.132621229324472,
5.71093169626494,5.849311962763751,5.669405226299566,6.081473373685834,6.251981243359341,
0.8814983508565049,0.0,0.9440719876953962,2.6992065503008127,2.629277784575916,
5.615015928273263,6.414269297406943,5.21078180451625,5.412808901682653,5.254543412253529,
8.553890401910266,8.37174521919935,8.361955054209618,7.951081654427417,8.195791088621332,
6.095566092470916,6.342387633936613,5.910081626845286,5.903738917510723,6.268254241407476,
5.564555649271768,5.151543247134289,5.05910784669898,5.465016164281359,5.409299115549597,
5.843814892117794,6.414269297406943,6.426323192227173,6.283963420530525,6.4646229410474305,
9.428672179476038,9.127309981823217,9.136381495351754,9.258456246083092,9.348703411166742,
2.5978233785255886,1.9120895180850064,2.4905071181678275,1.7462107371414175,2.817968824125128,
6.077685775124264,6.526644025837436,6.330195854400267,5.490428007609252,6.184989158780298,
4.760802042391417,3.4158104165687497,3.980319160809084,4.061639545947828,4.193025736535522,
7.586459274327549,7.3820816601323695,7.005683214097696,7.63517445484748,7.463516015197551,
9.670036352173229,8.957261865761001,9.409611392056163,9.172757390513905,9.553455393887637,
3.3596848186603263,1.9120895180850064,2.2313720798832146,3.6751174087359417,2.15643154456857,
4.517242891238822,4.90771502599764,4.35070720586557,4.3661839061440535,4.44285378614437,
8.453473880153792,8.916588221520323,8.586613242562814,8.524905965469664,8.4523190922889,
3.769170314971537,3.5914582317488906,2.4905071181678275,2.8638130617722606,3.1343429957332973,
4.224043439660156,2.9834669963003715,4.414603722801029,4.061639545947828,3.50770887389526,
2.7857626338523107,1.252033481761931,2.710107810154817,2.6992065503008127,3.2698215982021024,
10.170434914754114,10.202450984059146,10.167913507358223,10.213123057490831,10.12219482150656,
5.885521873236442,6.342387633936613,5.910081626845286,5.8846991978265715,5.963044390395709,
4.34855936407696,4.768375462585618,4.747957996456652,4.662920305381572,4.3843344898943,
2.952016909406638,0.0,0.9440719876953962,2.0495205232084777,2.412140613208748,
7.154861926119732,7.474650424843078,7.329513888930085,7.582975788243509,7.5854167515976,
1.8183855359868224,3.5914582317488906,3.219642216040465,3.6751174087359417,2.9848109526219546,
6.904033167473012,7.295905682352898,7.056637497249797,7.222553934745344,7.35342097973942,
4.34855936407696,4.346585755776222,4.14005191965989,4.946122343317337,5.005533443185442,
4.6682520354957875,5.814313516643948,5.818570789304804,5.358641234599949,5.466834248092573,
3.855651169204714,3.8892486258592904,3.3560746442565823,3.268154397447143,1.448400923237856,
3.3596848186603263,2.363257137421632,3.068947160363723,3.0115472012359445,2.629277784575916,
6.8835962053602895,7.308536197119968,6.719819376624818,6.803147571105655,6.362216261542825,
8.747267961551872,8.782678958507356,8.828643944283595,8.6737470432441,8.594619586235748,
6.003862487740904,6.043150718593695,6.037306737418842,6.3127394277493165,6.078280581178634,
7.048725271189362,7.135028597621194,6.6813733604736765,6.560800361676979,6.5733963579777885,
6.247236417540254,6.482738823713279,6.172811908291399,6.283963420530525,6.021812750623437,
5.485393293004125,6.043150718593695,5.64297293652291,6.194022497820422,5.793510971375659,
2.5978233785255886,3.5914582317488906,2.710107810154817,4.946122343317337,3.50770887389526,
6.924184662375448,6.921411345150419,7.456368558022068,7.657781136035763,7.405845714617354,
6.041246275850274,5.981386985200087,6.1542159804073755,5.8846991978265715,5.837798306068265,
9.352645858202036,10.520067277175304,10.044601679493422,9.878564815458263,9.478507208470472,
5.485393293004125,5.31068661896662,5.281030051291837,4.706943200969149,4.49909163489714,
5.1165105940161535,5.542207775347679,5.018559887162254,5.1190074663172975,5.409299115549597,
4.6196509752931405,4.245115061327776,4.534486340402758,4.251959975632417,4.605389347702585,
4.463177213100735,4.346585755776222,3.5954333501320948,4.420074324097543,4.259654139385937,
3.769170314971537,4.53033944780547,4.475789898725806,3.5836265212987755,3.804043719866039,
7.020924540872975,7.135028597621194,6.864110150963791,7.001770586221078,7.058236698548599,
6.384467619153066,6.186896409169396,6.172811908291399,6.012984124523574,6.0597024682529055,
7.196880103954372,6.728117001564042,7.026281383317203,7.274676319712451,7.131227738448319,
8.662839531064499,8.171967105584093,8.28284520582323,8.240360274022763,8.043389362634482,
4.087756923331383,4.135963911216731,5.05910784669898,4.61751168452487,4.655738528595867,
5.538647851758487,4.135963911216731,4.590887770328477,3.0115472012359445,5.254543412253529,
2.5978233785255886,3.5914582317488906,3.8006734726731857,2.0495205232084777,3.393662872112152,
6.904033167473012,6.526644025837436,7.026281383317203,6.422425749462718,6.586434021622412,
6.914144099027086,7.730712312818764,7.005683214097696,7.760575261725251,7.434969009842988,
7.8514025846840925,7.915448007797188,8.115102561922122,7.94649837819922,7.970671339128986,
8.166804841126071,9.179812575393417,8.813909878577633,8.833693806124503,8.798850429513363,
4.087756923331383,4.135963911216731,4.14005191965989,4.706943200969149,5.187672995329554,
6.787868570005028,6.765242729484086,6.757267392522311,6.572745839342076,6.492594758846733,
5.733946357153648,5.625326433022477,5.841998406373932,5.243794081508397,5.815824571638442,
7.814092262875505,7.776890265300822,7.880707138134236,7.750093332335288,7.930335704640708,
2.381681604991121,2.363257137421632,2.2313720798832146,2.0495205232084777,0.0,
3.769170314971537,4.441386177064962,4.35070720586557,4.310202091370707,3.393662872112152,
2.5978233785255886,3.5914582317488906,3.893290717484193,4.061639545947828,2.412140613208748,
10.841959394257604,11.05309701844565,10.829928295428816,10.84431334887886,10.915497560885727,
0.8814983508565049,1.9120895180850064,2.710107810154817,1.7462107371414175,1.8454221841165777,
7.020924540872975,6.159270276796894,6.530931268313351,6.843148883285012,7.076833575124674,
6.340158605984437,6.953933793464587,6.441739661332237,5.656782864836955,5.9017800603685595,
4.715269056070795,5.949484387425713,5.281030051291837,4.662920305381572,4.797030438558475,
3.236167561083,2.706436814589186,4.14005191965989,3.3811519668481234,3.393662872112152,
1.424693889909158,1.252033481761931,0.0,0.8358601519897243,0.8988096753164998,
3.855651169204714,3.7480232874605903,3.480712338875618,3.842340840334267,3.1343429957332973,
4.087756923331383,4.768375462585618,4.747957996456652,5.1190074663172975,4.655738528595867,
5.615015928273263,5.883481449087959,5.560639926830598,5.1190074663172975,5.1175517766974465,
6.873268124047846,7.592949467938157,7.378400751675888,7.237639185037099,7.058236698548599,
5.044697112081977,4.6141251428220995,5.21078180451625,5.679056051471869,4.704389648422898,
3.1010766827490013,4.135963911216731,3.480712338875618,3.145548524333338,3.50770887389526,
3.578907283604972,3.8892486258592904,4.475789898725806,3.5836265212987755,3.711866848994471,
5.21794295537928,4.01787370251873,5.1369371387826135,5.302360171452159,4.7514535167859515,
6.6126928085241214,6.630894632879531,7.0666159019821055,6.719655517259492,6.586434021622412,
8.0340240546152,7.882036045446568,8.148369694017763,7.446814684074512,7.82976122407152,
3.677173021775615,3.5914582317488906,2.710107810154817,3.3811519668481234,2.629277784575916,
5.007403801176462,5.151543247134289,4.976839260629534,5.8654048404337775,4.3843344898943,
5.77890269791347,5.703916084390923,5.314911759390498,5.017781038509307,6.132621229324472,
5.281807468287595,5.259564849484186,4.843909861384497,5.330775133617914,5.549050874813313,
1.424693889909158,0.0,1.5098994093134157,1.3616795639125414,0.0,
9.195716514441552,9.223818784435093,9.25020294033065,9.263992488472876,9.180488733881498,
7.713471347909686,7.907167280668749,8.030965884751115,8.082217149870859,7.935439763861664,
3.3596848186603263,3.215773920361264,3.3560746442565823,2.0495205232084777,1.448400923237856,
4.889365515122079,4.972642913292944,5.281030051291837,4.662920305381572,4.88407967019736,
5.044697112081977,5.151543247134289,5.281030051291837,5.1190074663172975,4.925710727711269,
7.433182173215901,7.758596067519955,7.600698970006061,7.485242028039063,6.971450270039055,
4.6196509752931405,2.706436814589186,4.796731486939921,5.151230510377745,4.797030438558475,
9.085959049198834,8.219557363164045,8.759585385556978,8.561333920260207,8.607467704229686,
2.381681604991121,3.215773920361264,3.3560746442565823,4.251959975632417,3.2698215982021024,
6.6002220815138015,6.569252438926133,6.719819376624818,6.4485921061730265,6.5733963579777885,
2.381681604991121,2.363257137421632,2.2313720798832146,2.3000078836598825,1.8454221841165777,
8.015359440252652,7.97211927691218,7.984353503217218,8.462071010762076,7.835233100037494,
4.34855936407696,1.252033481761931,3.893290717484193,3.7611506373277046,3.8906832365505664,
6.077685775124264,6.414269297406943,6.22720336594662,5.53994705005325,5.7244215983780675,
3.578907283604972,4.346585755776222,4.534486340402758,4.1912673292218585,4.259654139385937,
9.010214117898265,8.619935249310632,8.366000953155481,8.561333920260207,8.601057947769446,
6.340158605984437,6.590093854837631,6.60126409579883,6.676024725157274,6.846964129705442,
5.843814892117794,5.981386985200087,6.487024615680451,6.2396937361670455,6.235522596653522,
5.800866215375006,5.741661696638082,6.394987058664444,6.283963420530525,6.002488074136208,
5.843814892117794,6.240610558611428,5.865051658503505,5.995341441294356,5.7244215983780675,
9.151528782202224,8.769035219896297,9.201224070042011,8.770271104672386,9.139057747795702,
4.715269056070795,4.839726816948395,3.8006734726731857,3.3811519668481234,4.704389648422898,
4.34855936407696,4.90771502599764,4.213741325458526,4.420074324097543,5.043847468583399,
6.983003409617319,6.548105525749144,6.781703390580005,6.653704325618293,6.836088675603819,
3.1010766827490013,3.4158104165687497,3.068947160363723,3.9192043340289806,3.804043719866039,
0.8814983508565049,2.706436814589186,1.5098994093134157,0.8358601519897243,3.2698215982021024,
6.325081275622167,6.590093854837631,6.7071175361883135,6.872438429342408,6.492594758846733,
8.425472230774794,8.453630955466782,8.252570111400354,7.996130962279584,8.27443002548169,
5.77890269791347,5.2065648251484395,6.077338407715166,6.146858050991135,6.021812750623437,
3.769170314971537,2.706436814589186,3.068947160363723,3.0115472012359445,3.2698215982021024,
3.937239890567626,4.01787370251873,4.590887770328477,4.310202091370707,4.323340783761273,
5.342964297448219,5.360058715819535,5.348015979617434,4.791153042247958,5.793510971375659,
8.272757072716411,8.38968765491276,7.947028710516329,8.221514747632936,7.985511125959031,
4.407006245450018,5.916860337589944,4.645166924187268,4.61751168452487,4.5532192713349815,
4.287644323036166,5.259564849484186,5.098547262714951,4.831483685753933,4.797030438558475,
4.087756923331383,4.01787370251873,4.414603722801029,3.268154397447143,4.12317059208696,
5.843814892117794,5.981386985200087,6.135377222902538,5.941080722734081,6.021812750623437,
5.926056943589847,6.073068506804958,6.016866499588671,5.564083436445876,6.167743532460847,
7.180219395569444,7.032170105041157,7.162778411460987,6.910588514038361,6.674540549076575,
5.044697112081977,4.90771502599764,4.414603722801029,6.2546017452825815,5.043847468583399,
6.661524907217687,6.969924155759229,6.628464442318559,7.0875306993742555,6.900144635287063,
6.587642616303481,6.746799284528518,6.817598443870792,7.60058602618965,6.868472138487745,
5.965484165482666,6.414269297406943,5.745914996934853,6.642413278534206,6.078280581178634,
8.005935793747346,7.3820816601323695,7.799270079969146,7.60058602618965,7.796486840210599,
4.569355407885359,5.883481449087959,4.843909861384497,5.611177565255836,4.7514535167859515,
6.820488657798112,7.345777526406197,6.530931268313351,6.395776029654818,6.284345732250679,
4.463177213100735,4.245115061327776,3.701700061705504,4.946122343317337,4.88407967019736,
7.770235847261892,8.011277743858663,7.880707138134236,8.255261432536962,7.94559402724571,
6.340158605984437,6.186896409169396,6.077338407715166,6.178471709924905,6.218874016456546,
6.469200881007631,6.548105525749144,6.362955146302068,6.782723161847655,6.218874016456546,
4.6682520354957875,5.542207775347679,5.246333454911168,5.634160412238118,4.259654139385937,
6.1817873836428054,6.159270276796894,6.559477155905074,6.326915017327909,6.002488074136208,
6.649470962290994,5.778444887040087,5.669405226299566,6.130787588069941,6.520034541689481,
6.413268550551798,5.625326433022477,6.573541047483937,6.48697276002973,6.6866991845093855,
5.1165105940161535,5.703916084390923,5.314911759390498,5.7225966328626745,5.626833663545276,
1.424693889909158,2.706436814589186,2.4905071181678275,2.8638130617722606,2.9848109526219546,
6.809697038963033,6.590093854837631,6.279618480816357,6.572745839342076,6.971450270039055,
0.8814983508565049,2.363257137421632,2.2313720798832146,2.3000078836598825,0.8988096753164998,
6.278880161432731,6.6900106035365665,6.545274813863475,6.740985871585343,6.5733963579777885,
5.590006392391629,4.972642913292944,5.1369371387826135,5.302360171452159,5.286851112344599,
0.8814983508565049,0.0,3.5954333501320948,0.8358601519897243,0.0,
5.401633731870477,3.7480232874605903,4.414603722801029,5.151230510377745,5.0811702465615625,
8.05245027963688,6.8712102830196145,7.930731950510361,8.531041525476432,8.548728126352408,
5.926056943589847,6.709189613560245,6.744892411239863,6.965986296552648,6.15028925948454,
5.905931766797873,6.292396412187517,5.695361937972607,5.764861563346892,6.132621229324472,
3.4734560020283936,1.9120895180850064,3.219642216040465,2.0495205232084777,2.412140613208748,
5.184918256544655,6.012599350318927,5.1369371387826135,5.182749538479859,5.6518564477232065,
8.154063375715994,7.89883874961675,7.947028710516329,7.594739798730566,8.089908429570864,
3.677173021775615,4.01787370251873,3.8006734726731857,4.420074324097543,4.704389648422898,
5.864819091217013,4.972642913292944,5.174331889531738,6.098099445781234,5.3796475820574,
7.8514025846840925,7.149141825818337,7.700196960632081,7.629466997418,8.019554968001971,
4.6682520354957875,4.839726816948395,4.93387611367644,4.831483685753933,3.393662872112152,
6.263145046079862,6.836745406770029,6.172811908291399,6.130787588069941,5.60136920042422,
6.841832703658686,6.526644025837436,7.016019059852344,6.676024725157274,7.095193778602104,
5.312709918582393,5.31068661896662,5.246333454911168,5.385979276735687,5.438353477716852,
3.677173021775615,4.90771502599764,4.475789898725806,5.017781038509307,5.187672995329554,
6.649470962290994,5.883481449087959,6.379060000544352,6.081473373685834,6.15028925948454,
4.463177213100735,5.151543247134289,5.018559887162254,5.611177565255836,4.12317059208696,
1.8183855359868224,1.252033481761931,2.900655540153005,2.0495205232084777,1.8454221841165777,
5.184918256544655,5.151543247134289,5.588609598366368,5.764861563346892,5.815824571638442,
4.463177213100735,2.9834669963003715,3.701700061705504,4.662920305381572,4.3843344898943,
6.413268550551798,6.590093854837631,6.6813733604736765,6.63103316616467,6.8896642055979544,
4.889365515122079,5.360058715819535,4.6974777412786635,4.870717476339724,4.3843344898943,
5.21794295537928,4.6141251428220995,4.6974777412786635,5.273374291794299,5.3184511329259045,
7.1718163302297055,6.186896409169396,6.4107402035406755,5.959395321011692,6.218874016456546,
8.149791090855409,7.321057093180761,7.891974627732712,7.728898199242424,7.790865725097137,
4.569355407885359,6.186896409169396,4.645166924187268,5.564083436445876,4.966174077827383,
6.720328688981667,6.888138806717544,7.086368021051478,7.152647517162606,6.710713298215515,
7.6483372819655715,7.923681476639584,7.725610342323806,7.969270526989354,7.63645553997481,
6.5749524999206495,6.073068506804958,6.559477155905074,6.162751472167259,6.478676640636891,
2.381681604991121,3.8892486258592904,4.35070720586557,3.842340840334267,2.9848109526219546,
1.424693889909158,2.706436814589186,1.9152733459730824,2.6992065503008127,2.9848109526219546,
1.424693889909158,2.363257137421632,2.710107810154817,2.8638130617722606,2.412140613208748,
3.677173021775615,3.7480232874605903,3.3560746442565823,3.9921790295597224,4.259654139385937,
2.952016909406638,2.706436814589186,2.900655540153005,2.3000078836598825,1.448400923237856,
5.864819091217013,6.073068506804958,5.246333454911168,5.634160412238118,5.254543412253529,
4.9691208282971555,4.346585755776222,5.314911759390498,4.420074324097543,4.44285378614437,
8.735912284999673,8.476197880641314,8.690284753245457,7.982763255468637,8.117116490105884,
7.467916245181943,7.106381073712524,7.544687320521683,7.674506670166678,7.484561582076554,
2.952016909406638,1.252033481761931,2.900655540153005,1.7462107371414175,3.1343429957332973,
4.157508899183894,4.346585755776222,4.283849055635033,4.4720239969047695,4.3843344898943,
4.92979423239614,4.441386177064962,4.6974777412786635,3.7611506373277046,4.7514535167859515,
4.287644323036166,4.245115061327776,3.480712338875618,3.6751174087359417,4.0497601938964145,
3.1010766827490013,2.706436814589186,2.2313720798832146,0.8358601519897243,1.448400923237856,
6.673478973456704,6.8712102830196145,6.587469161908324,6.409162423480398,6.599354918082385,
5.401633731870477,5.407796954309,5.018559887162254,5.151230510377745,5.770846826546299,
2.381681604991121,0.0,2.4905071181678275,2.6992065503008127,2.817968824125128,
4.517242891238822,4.53033944780547,5.5321172659835725,4.946122343317337,4.605389347702585,
4.224043439660156,4.135963911216731,2.900655540153005,4.127908848497372,3.9724131580259057,
10.672132638792096,10.620984838559629,11.116558453183716,10.59626349119034,10.645752062093852,
3.236167561083,2.363257137421632,2.710107810154817,2.8638130617722606,2.412140613208748,
2.1273528570580367,3.4158104165687497,2.2313720798832146,1.3616795639125414,1.8454221841165777,
11.121539080339227,11.969210866178246,11.850258688841368,12.032506568441336,11.361809807425978,
3.855651169204714,4.01787370251873,3.980319160809084,3.9921790295597224,4.605389347702585,
4.087756923331383,4.839726816948395,3.893290717484193,4.1912673292218585,4.259654139385937,
2.5978233785255886,0.0,2.4905071181678275,2.6992065503008127,2.15643154456857,
11.149089922667423,10.262107590640944,10.808533684348324,11.027978341717436,10.860208988321403,
3.236167561083,2.363257137421632,3.068947160363723,3.0115472012359445,3.50770887389526,
8.1282378063371,8.259135665519304,7.863639166682047,7.303636312194469,7.703809991253371,
1.424693889909158,3.215773920361264,1.5098994093134157,0.8358601519897243,1.448400923237856,
5.250228573329713,5.2065648251484395,5.018559887162254,5.213594657007224,5.494763636635576,
3.578907283604972,4.01787370251873,3.893290717484193,4.061639545947828,3.50770887389526,
2.5978233785255886,3.5914582317488906,3.8006734726731857,3.145548524333338,2.817968824125128,
3.3596848186603263,2.363257137421632,2.4905071181678275,2.5133708470354534,3.613396190469504,
8.5244924402085,9.569079317947605,9.045967025164558,10.022694169973748,9.304019725686391,
1.8183855359868224,0.0,0.9440719876953962,0.0,0.0,
5.081050642191776,4.135963911216731,5.720859883013014,4.662920305381572,5.3796475820574,
7.33875371145048,6.937764210924323,7.144051857966631,7.310786380567531,7.157674601149086,
7.753439773228509,7.507887663698476,7.925258530161719,7.63517445484748,7.679679725824699,
5.184918256544655,4.768375462585618,5.473322366074002,4.1912673292218585,3.2698215982021024,
1.8183855359868224,2.706436814589186,0.9440719876953962,3.3811519668481234,2.817968824125128,
6.482851590077713,6.526644025837436,6.456993132112383,6.608000046327656,6.791748012875061,
6.095566092470916,5.49878083796507,5.818570789304804,6.298423168760387,6.251981243359341,
3.677173021775615,5.454006017166845,4.14005191965989,5.213594657007224,4.193025736535522,
3.937239890567626,4.6141251428220995,4.35070720586557,4.570627257209177,3.613396190469504,
6.787868570005028,6.6900106035365665,6.8410417283324225,6.584593220441917,6.377298405830814,
3.677173021775615,4.135963911216731,3.8006734726731857,3.0115472012359445,3.804043719866039,
2.952016909406638,4.346585755776222,3.480712338875618,4.310202091370707,3.613396190469504,
2.1273528570580367,0.0,2.710107810154817,2.0495205232084777,0.8988096753164998,
3.4734560020283936,2.9834669963003715,3.5954333501320948,3.4859383607508043,2.412140613208748,
4.463177213100735,4.01787370251873,4.590887770328477,3.4859383607508043,3.9724131580259057,
9.714105562891165,10.461893117257176,9.977432328911403,9.87011932825899,9.720951848612934,
5.485393293004125,5.259564849484186,5.7947564475811975,6.326915017327909,5.7244215983780675,
1.424693889909158,1.252033481761931,1.9152733459730824,3.4859383607508043,2.15643154456857,
4.224043439660156,4.839726816948395,5.174331889531738,4.061639545947828,4.88407967019736,
0.8814983508565049,2.9834669963003715,1.9152733459730824,2.3000078836598825,2.15643154456857,
2.1273528570580367,3.4158104165687497,3.219642216040465,2.8638130617722606,2.629277784575916,
4.804941818439524,4.90771502599764,5.018559887162254,5.439148675192057,4.88407967019736,
5.98480093952982,6.102378460546361,5.7705423991131415,5.764861563346892,5.9017800603685595,
4.889365515122079,5.454006017166845,3.5954333501320948,5.515399979759172,5.1175517766974465,
6.003862487740904,5.542207775347679,5.720859883013014,6.584593220441917,6.6622785724739995,
3.855651169204714,4.53033944780547,4.534486340402758,4.522167862499306,4.12317059208696,
6.113227516804359,6.8712102830196145,5.588609598366368,6.536608523052639,5.793510971375659,
3.578907283604972,4.135963911216731,3.068947160363723,4.3661839061440535,3.613396190469504,
7.730736433788912,7.692675314875759,7.515844328769899,7.723550402125067,7.807663790072375,
0.0,0.0,0.0,1.7462107371414175,0.0,
8.592178427253593,8.664832340423278,8.357897777014124,9.368765048866663,8.89368168919501,
8.710030415785386,8.878974956670119,9.040914525748128,9.425857468648251,8.84297663503715,
3.855651169204714,3.5914582317488906,3.701700061705504,3.5836265212987755,3.50770887389526,
11.331789160843998,10.51598888355831,10.838689263338722,10.84246435120127,11.072582956748349,
4.715269056070795,5.034774158225798,4.534486340402758,4.1912673292218585,4.605389347702585,
6.673478973456704,6.6900106035365665,7.551808860306952,7.045287793596419,7.442158891931357,
6.482851590077713,6.390704454364174,6.26235750448008,6.63103316616467,6.184989158780298,
3.4734560020283936,2.9834669963003715,3.3560746442565823,3.5836265212987755,2.9848109526219546,
2.1273528570580367,1.9120895180850064,0.0,2.0495205232084777,1.448400923237856,
8.260921523400816,8.470589156398674,8.15773537369074,7.964744762146604,7.756671190986539,
7.011537293732101,7.702278994404797,7.0765257648457665,7.045287793596419,7.058236698548599,
5.044697112081977,5.151543247134289,5.05910784669898,4.706943200969149,5.005533443185442,
6.9440585552474525,6.765242729484086,6.886815511532227,7.045287793596419,7.020307954874572,
4.287644323036166,3.8892486258592904,3.8006734726731857,3.7611506373277046,4.0497601938964145,
2.7857626338523107,4.53033944780547,3.068947160363723,3.268154397447143,3.50770887389526,
9.703942498886905,9.569079317947605,9.517214896010174,9.560923162063226,9.584653328077213,
5.733946357153648,4.768375462585618,5.174331889531738,5.273374291794299,5.5221625877843605,
4.087756923331383,4.01787370251873,2.900655540153005,3.268154397447143,2.817968824125128,
0.0,0.0,0.9440719876953962,1.3616795639125414,0.8988096753164998,
7.383105236883253,8.419104570297987,7.857904673869407,8.107072246744108,7.840684300581416,
4.287644323036166,5.360058715819535,4.14005191965989,5.0523183935005855,4.7514535167859515,
2.5978233785255886,3.7480232874605903,3.980319160809084,3.3811519668481234,4.12317059208696,
8.36778374451021,8.407409683404882,8.657649279410764,8.738808549299673,8.314159051654254,
2.7857626338523107,3.8892486258592904,4.590887770328477,3.7611506373277046,3.9724131580259057,
4.92979423239614,3.7480232874605903,3.893290717484193,4.310202091370707,4.7514535167859515,
5.885521873236442,7.001382809251415,6.487024615680451,5.700990592947135,6.392224509053216,
8.37145765000842,8.383731602592025,8.208187234098169,8.302653937935396,8.568574907843521,
2.7857626338523107,3.5914582317488906,2.900655540153005,3.9192043340289806,3.613396190469504,
5.639599293909598,5.454006017166845,5.348015979617434,5.358641234599949,5.3796475820574,
4.804941818439524,5.31068661896662,4.414603722801029,4.749662448503417,5.187672995329554,
6.914144099027086,7.001382809251415,6.886815511532227,6.664907690718361,6.546962151410839,
9.62303824253356,9.381570302246876,9.53708748297386,9.742416888774857,9.99474561627948,
5.485393293004125,5.151543247134289,5.05910784669898,4.870717476339724,4.49909163489714,
2.1273528570580367,2.706436814589186,1.5098994093134157,1.7462107371414175,2.15643154456857,
5.1165105940161535,6.240610558611428,6.330195854400267,5.611177565255836,5.770846826546299,
1.8183855359868224,0.0,1.9152733459730824,1.3616795639125414,0.0,
2.1273528570580367,3.5914582317488906,3.480712338875618,1.7462107371414175,2.15643154456857,
1.8183855359868224,0.0,3.068947160363723,1.7462107371414175,1.448400923237856,
6.8938508744117195,4.53033944780547,6.379060000544352,6.852978284180263,7.039396967412493,
5.885521873236442,6.854080759874858,6.077338407715166,5.634160412238118,5.3796475820574,
3.1010766827490013,3.7480232874605903,3.8006734726731857,3.3811519668481234,3.613396190469504,
0.0,2.706436814589186,2.2313720798832146,3.145548524333338,2.412140613208748,
9.358211193791282,9.369565873633707,9.088213521266782,9.108562302939667,9.298088044104508,
0.8814983508565049,0.0,1.5098994093134157,0.8358601519897243,0.0,
8.701298905349212,8.158076479557899,8.357897777014124,8.6542046137944,8.66698077030417,
4.6196509752931405,3.8892486258592904,3.701700061705504,4.1912673292218585,3.50770887389526,
0.0,0.0,0.0,0.8358601519897243,0.0,
5.1511198444644375,5.883481449087959,5.174331889531738,5.656782864836955,5.1175517766974465,
7.642267552889171,7.663474636520845,7.0765257648457665,7.062333668421332,7.413181839629467,
6.862865571787131,7.0473208306339385,6.313532969080742,5.977480332232857,6.637437462815353,
0.0,0.0,0.0,2.0495205232084777,0.0,
3.578907283604972,4.768375462585618,3.893290717484193,4.251959975632417,4.5532192713349815,
6.523045441807172,6.728117001564042,6.757267392522311,6.872438429342408,6.599354918082385,
7.541509315862912,7.63367069439314,7.378400751675888,7.427210240372656,7.463516015197551,
7.066965860424788,6.482738823713279,6.655161433313774,6.719655517259492,6.4216212782822835,
1.424693889909158,3.4158104165687497,1.5098994093134157,3.6751174087359417,1.448400923237856,
5.184918256544655,4.90771502599764,5.44300126169156,5.330775133617914,5.254543412253529,
5.250228573329713,5.31068661896662,5.05910784669898,6.130787588069941,5.005533443185442,
6.697093996096988,6.746799284528518,6.456993132112383,6.098099445781234,6.879107083564174,
7.076000393991549,6.390704454364174,6.559477155905074,6.209407449962355,6.814088686631359,
3.578907283604972,4.346585755776222,4.414603722801029,4.251959975632417,4.44285378614437,
8.378777512140056,8.849026801690963,8.91402156684595,8.759859638382698,8.718225000539364,
7.300723252448266,7.001382809251415,7.0765257648457665,6.762005444373055,7.148912738080676,
2.952016909406638,3.215773920361264,2.2313720798832146,3.0115472012359445,1.448400923237856,
8.4569361789357,8.239482231944343,8.417590465557199,7.955650416212684,8.298398483774148,
2.1273528570580367,2.363257137421632,0.9440719876953962,2.5133708470354534,1.8454221841165777,
5.044697112081977,5.814313516643948,4.747957996456652,4.420074324097543,4.0497601938964145,
15.313439761218763,15.53805100687972,15.138741338366271,15.224185745986818,15.35082789006766,
15.352767937361056,15.649443141789144,15.301533573065798,15.577384822424136,15.39210632961384,
5.312709918582393,5.407796954309,5.818570789304804,6.524358760451273,6.251981243359341,
1.424693889909158,2.363257137421632,0.0,1.7462107371414175,1.448400923237856,
5.945905238011381,5.360058715819535,6.487024615680451,6.0646534614533305,6.362216261542825,
5.77890269791347,5.034774158225798,4.796731486939921,5.213594657007224,5.3184511329259045,
8.576348386604094,7.120775941056437,7.963143435813212,7.60058602618965,8.019554968001971,
0.8814983508565049,1.9120895180850064,2.2313720798832146,0.0,0.8988096753164998,
5.885521873236442,5.360058715819535,5.473322366074002,5.634160412238118,5.982901028228473,
5.081050642191776,4.245115061327776,4.590887770328477,4.706943200969149,4.3843344898943,
1.8183855359868224,0.0,0.9440719876953962,1.7462107371414175,0.0,
6.263145046079862,6.953933793464587,6.8293677037134595,6.762005444373055,6.95143429903444,
4.407006245450018,5.2065648251484395,4.475789898725806,4.127908848497372,4.3843344898943,
1.8183855359868224,2.706436814589186,2.4905071181678275,1.7462107371414175,1.448400923237856,
7.6483372819655715,7.321057093180761,7.125079028755446,7.324981079172285,7.258865131310595,
9.311163883889163,10.55890849734118,10.049641305019406,10.0335393178144,9.65904722129364,
8.005935793747346,7.653608243006654,7.312843079467221,7.522672328401433,7.477580449392421,
0.0,1.252033481761931,0.9440719876953962,1.3616795639125414,0.8988096753164998,
7.666394737069104,8.383731602592025,7.94161688577717,7.274676319712451,7.383610822360871,
6.754493829006852,6.50485843792916,6.037306737418842,7.324981079172285,7.2175614319378,
4.287644323036166,5.2065648251484395,4.843909861384497,3.842340840334267,3.393662872112152,
3.1010766827490013,5.034774158225798,5.05910784669898,4.662920305381572,4.259654139385937,
3.236167561083,4.01787370251873,4.283849055635033,4.310202091370707,3.711866848994471,
0.0,1.252033481761931,1.5098994093134157,0.0,0.0,
3.855651169204714,3.215773920361264,3.480712338875618,3.9192043340289806,3.50770887389526,
6.413268550551798,6.342387633936613,5.932080288152712,6.354855059178326,6.492594758846733,
2.5978233785255886,3.4158104165687497,2.900655540153005,3.145548524333338,2.9848109526219546,
3.937239890567626,4.441386177064962,3.980319160809084,4.4720239969047695,3.8906832365505664,
0.8814983508565049,0.0,2.4905071181678275,1.3616795639125414,1.8454221841165777,
4.569355407885359,4.839726816948395,4.213741325458526,5.017781038509307,4.193025736535522,
4.34855936407696,4.135963911216731,4.843909861384497,4.310202091370707,4.12317059208696,
2.7857626338523107,0.0,1.9152733459730824,1.7462107371414175,2.15643154456857,
2.7857626338523107,1.252033481761931,2.2313720798832146,2.6992065503008127,2.412140613208748,
7.269560174183456,7.393982823876659,7.354164381648895,7.890332349654582,7.532505913343599,
5.68754393293477,5.094339764822258,5.44300126169156,4.4720239969047695,5.286851112344599,
4.224043439660156,5.034774158225798,4.213741325458526,5.151230510377745,4.88407967019736,
1.8183855359868224,3.215773920361264,0.9440719876953962,3.7611506373277046,2.15643154456857,
5.312709918582393,5.360058715819535,5.44300126169156,5.564083436445876,5.349373813158634,
6.562149768463643,6.073068506804958,5.910081626845286,6.146858050991135,5.6518564477232065,
2.381681604991121,2.363257137421632,2.710107810154817,2.5133708470354534,3.1343429957332973,
2.7857626338523107,2.9834669963003715,3.219642216040465,2.6992065503008127,1.8454221841165777,
8.585867239160649,9.112980486283814,8.984136861903199,9.419256803250883,9.300067982343698,
7.753439773228509,7.692675314875759,7.345994260258298,7.296450631155551,7.434969009842988,
0.8814983508565049,0.0,1.9152733459730824,2.0495205232084777,1.448400923237856,
6.8938508744117195,7.135028597621194,6.995272784976403,6.938553290123603,6.710713298215515,
7.261663078465286,6.6900106035365665,6.864110150963791,6.956899798225038,7.104286995590794,
4.760802042391417,5.034774158225798,4.283849055635033,4.982396556311253,4.49909163489714,
9.836113224346372,9.476970986551295,9.79590462036654,9.927062378178755,10.03809631422255,
7.617730000571637,7.440629363130679,7.354164381648895,7.252568330318763,7.470565371011097,
3.855651169204714,4.53033944780547,4.14005191965989,3.9921790295597224,4.605389347702585,
4.157508899183894,3.7480232874605903,4.283849055635033,3.9192043340289806,3.2698215982021024,
4.889365515122079,5.259564849484186,5.281030051291837,4.310202091370707,4.44285378614437,
2.381681604991121,2.363257137421632,2.2313720798832146,0.8358601519897243,0.0,
1.424693889909158,0.0,0.9440719876953962,1.3616795639125414,1.8454221841165777,
2.1273528570580367,2.363257137421632,3.3560746442565823,2.3000078836598825,2.817968824125128,
1.424693889909158,1.9120895180850064,1.5098994093134157,2.3000078836598825,0.0,
5.564555649271768,5.49878083796507,6.1542159804073755,5.53994705005325,5.700636465430905,
1.8183855359868224,0.0,0.0,3.145548524333338,0.8988096753164998,
6.23115040640026,5.778444887040087,5.503019307688792,6.194022497820422,5.982901028228473,
1.424693889909158,1.252033481761931,1.9152733459730824,0.0,2.15643154456857,
6.7988240881145465,6.3176085446727495,6.441739661332237,6.560800361676979,6.6622785724739995,
1.424693889909158,2.363257137421632,2.4905071181678275,1.7462107371414175,0.0,
4.6682520354957875,4.768375462585618,4.976839260629534,4.791153042247958,5.3796475820574,
2.952016909406638,3.8892486258592904,2.900655540153005,4.3661839061440535,3.8906832365505664,
1.8183855359868224,0.0,1.5098994093134157,0.0,0.0,
2.381681604991121,2.9834669963003715,3.701700061705504,2.0495205232084777,2.412140613208748,
3.855651169204714,2.363257137421632,2.2313720798832146,2.6992065503008127,3.2698215982021024,
2.1273528570580367,4.01787370251873,3.219642216040465,3.145548524333338,2.817968824125128,
0.0,1.252033481761931,0.9440719876953962,0.8358601519897243,0.8988096753164998,
6.820488657798112,7.163118327191364,6.694302871571116,6.499542714856306,6.546962151410839,
3.1010766827490013,2.363257137421632,3.068947160363723,2.5133708470354534,2.412140613208748,
5.864819091217013,4.346585755776222,4.590887770328477,4.90891249893456,4.605389347702585,
4.569355407885359,2.9834669963003715,3.068947160363723,4.420074324097543,4.259654139385937,
2.952016909406638,4.693310841844703,3.701700061705504,3.3811519668481234,2.9848109526219546,
4.287644323036166,3.5914582317488906,3.980319160809084,4.570627257209177,4.49909163489714,
2.1273528570580367,3.215773920361264,3.5954333501320948,2.6992065503008127,2.817968824125128,
0.0,3.215773920361264,3.068947160363723,2.0495205232084777,2.817968824125128,
0.8814983508565049,2.9834669963003715,0.0,2.0495205232084777,0.0,
3.937239890567626,3.215773920361264,3.5954333501320948,3.268154397447143,1.448400923237856,
5.68754393293477,6.50485843792916,5.314911759390498,5.8458489418377955,5.770846826546299,
5.312709918582393,4.6141251428220995,5.61604731581409,5.243794081508397,5.982901028228473,
4.569355407885359,4.135963911216731,4.14005191965989,4.982396556311253,5.438353477716852,
3.769170314971537,2.9834669963003715,3.219642216040465,2.6992065503008127,3.613396190469504,
5.081050642191776,5.151543247134289,4.6974777412786635,3.842340840334267,4.655738528595867,
4.087756923331383,4.972642913292944,3.5954333501320948,4.870717476339724,4.655738528595867,
2.952016909406638,4.01787370251873,3.8006734726731857,4.061639545947828,3.613396190469504,
5.663770770431704,4.693310841844703,5.61604731581409,5.611177565255836,5.7244215983780675,
3.236167561083,5.2065648251484395,5.05910784669898,3.4859383607508043,2.9848109526219546,
0.0,1.9120895180850064,3.219642216040465,1.7462107371414175,0.8988096753164998,
1.8183855359868224,0.0,1.9152733459730824,2.5133708470354534,1.8454221841165777,
0.8814983508565049,1.9120895180850064,1.9152733459730824,3.5836265212987755,2.629277784575916,
1.424693889909158,1.252033481761931,2.4905071181678275,1.3616795639125414,0.8988096753164998,
1.424693889909158,0.0,0.9440719876953962,2.0495205232084777,1.448400923237856,
1.8183855359868224,1.252033481761931,0.0,0.0,1.448400923237856,
0.8814983508565049,2.9834669963003715,1.9152733459730824,1.3616795639125414,2.15643154456857,
0.8814983508565049,3.8892486258592904,1.5098994093134157,1.3616795639125414,0.0,
3.1010766827490013,4.346585755776222,3.5954333501320948,3.5836265212987755,4.3843344898943,
2.381681604991121,3.215773920361264,2.4905071181678275,2.0495205232084777,2.412140613208748,
3.236167561083,2.363257137421632,4.534486340402758,4.570627257209177,3.613396190469504,
2.1273528570580367,1.252033481761931,1.9152733459730824,0.8358601519897243,0.0,
0.0,1.9120895180850064,1.9152733459730824,1.3616795639125414,1.8454221841165777,
2.381681604991121,2.9834669963003715,2.4905071181678275,3.7611506373277046,2.15643154456857,
4.715269056070795,6.043150718593695,4.590887770328477,3.6751174087359417,4.3843344898943,
0.0,2.9834669963003715,1.9152733459730824,3.0115472012359445,2.412140613208748,
4.0144604561828565,4.135963911216731,3.893290717484193,3.0115472012359445,3.1343429957332973,
1.424693889909158,1.252033481761931,1.9152733459730824,1.3616795639125414,2.15643154456857,
0.0,0.0,0.9440719876953962,2.0495205232084777,2.15643154456857,
2.1273528570580367,0.0,1.5098994093134157,1.3616795639125414,3.2698215982021024,
2.5978233785255886,0.0,2.710107810154817,1.7462107371414175,2.629277784575916,
0.0,1.252033481761931,1.5098994093134157,0.0,0.8988096753164998,
3.236167561083,4.768375462585618,3.3560746442565823,4.1912673292218585,2.817968824125128,
0.0,2.9834669963003715,3.219642216040465,1.7462107371414175,1.448400923237856,
2.1273528570580367,1.252033481761931,0.0,0.8358601519897243,0.8988096753164998,
4.087756923331383,3.4158104165687497,2.2313720798832146,3.4859383607508043,4.49909163489714,
2.381681604991121,2.9834669963003715,2.4905071181678275,2.8638130617722606,1.448400923237856,
1.8183855359868224,3.215773920361264,3.701700061705504,2.5133708470354534,3.50770887389526,
2.7857626338523107,3.4158104165687497,2.2313720798832146,3.3811519668481234,3.1343429957332973,
0.0,1.252033481761931,1.5098994093134157,2.0495205232084777,0.8988096753164998,
0.8814983508565049,0.0,2.4905071181678275,0.0,2.15643154456857,
1.0089201542886188,2.3337942340902966,0.8835379103768013,1.4381060961904937,1.8482151513686695,0.0
5.9716966745628905,6.143889893186952,6.0082504087257105,6.202811287750556,5.884569353957416,5.903783585000353
0.0,0.0,0.8835379103768013,1.4381060961904937,0.900604630476427,1.0234847419496351
0.0,1.5948577153675143,0.8835379103768013,1.8336891264456736,2.159433125265605,2.359322344576064
6.167283630040462,6.406959402893037,5.848194676091759,5.986460914069973,6.350795720662249,6.068255577737103
1.0089201542886188,0.0,2.130791176299231,0.0,1.450853040369649,1.0234847419496351
1.5968438254781343,1.0074277664920572,2.385284659426389,0.0,2.4152830223730466,1.0234847419496351
6.146815970260121,6.184537728388995,6.298846080989826,6.420004594339444,6.795581545700528,6.235789659983958
4.104208177392387,2.5973209506378527,2.9558989561580975,3.6968334167431,3.807635516468859,3.363929204552695
5.661288114362257,6.45759152826845,5.155451869157071,5.585423892173066,5.383423187753583,6.000049927262916
5.187219403336857,5.769431969412283,4.809239875036287,5.333492860055802,5.290620552913764,4.95195479285147
3.015574261233889,2.820064919656635,1.821580401267869,2.804006512785884,3.3971636439971347,3.363929204552695
4.602011293767844,5.440739371474874,5.085376433305287,5.171839666559339,4.887817239450957,4.852309835227633
5.409681990950544,5.795909145224039,5.691914851538447,5.422448507070198,5.2583106116147835,5.718119368391722
0.0,0.0,0.8835379103768013,2.1438173585239833,0.900604630476427,1.0234847419496351
6.302961075839799,5.658378813238103,6.0082504087257105,5.9268942421437405,5.946716236479624,5.853129264063206
7.460627398447593,7.281508299160654,7.465468024611947,7.433124257552774,7.071404702353331,7.631316990016925
2.5997989305116143,3.0129736021557663,2.789574405893652,3.1199240906364327,2.4152830223730466,3.211414963633655
7.6324051502078625,7.860243442039378,7.871540209690211,7.867354693133149,7.772010337224417,8.029405647842369
8.326068762005633,8.118051688067819,8.093052313642978,7.669547210733801,8.004053134009968,7.760620478486974
3.1857451226598252,3.0129736021557663,3.681282350118108,3.4928652304846852,1.8482151513686695,3.040850773071988
2.3361739877134577,1.0074277664920572,1.427492445617763,0.0,0.0,1.0234847419496351
10.997201934506569,10.82296903772842,10.916198673707092,11.012803470080504,10.88670990346204,11.132708440881403
9.346432930873046,9.538359413162,9.512036230604656,9.606858989467849,9.535577145754113,9.406273079002716
2.822613016020247,3.4729083321478047,3.582992083521086,4.307875937252778,3.894291156871041,4.131356625746441
2.013359633899684,1.0074277664920572,0.0,0.0,0.900604630476427,0.0
9.433501381843254,8.989202768710134,9.455865565645288,9.412443646147125,9.295994112712789,9.343436618905594
5.994784813989279,5.33637699313304,5.8899038653670095,5.754864143560435,5.498546359231696,5.600206317803025
7.115688547188384,7.281508299160654,7.015960075704917,7.15021500837408,7.024146596480352,6.91656610065645
7.094470149636999,7.080796660587865,7.015960075704917,7.051404618894501,7.052686810117969,7.16520449212228
6.357417254467795,6.9804838332779156,6.996999872489513,7.079030980396243,7.262708308577455,6.746592101150911
3.823877269588491,3.598550992932378,4.6725342681339965,3.95717341038548,4.800759870255176,4.43672579137573
8.850636743984063,8.33218388760927,8.717375883548824,8.542446518436643,8.555913050318175,8.3728799541097
7.924602436607064,8.086225046494349,7.972052819159003,7.872626361708632,7.811514948592197,7.807933237163778
7.844256110151658,8.12850643276634,7.545942701921156,7.81355064484566,8.03298964123097,7.675718346816431
6.357417254467795,6.45759152826845,6.329483040224206,6.080579204516653,6.319819990397912,6.5055038194084895
2.5997989305116143,3.714122785565889,3.1050152051192725,3.4928652304846852,2.9881912580676815,3.950424061994663
7.246486337776869,7.184640111880604,7.176242739027,7.502776062163452,7.204545202059565,7.245953719171147
5.994784813989279,5.658378813238103,5.405985722440424,5.77752361484972,5.7282169300451296,5.569158200946751
4.016680301357339,2.820064919656635,3.582992083521086,1.8336891264456736,2.8212892783330923,2.8473834642060067
6.0836108349386455,6.599626420321873,6.283280119580984,6.59604594315731,6.641267059281245,6.090292576656598
2.013359633899684,3.4729083321478047,2.130791176299231,2.3989312282184883,1.8482151513686695,2.359322344576064
6.061911765745391,6.336561299113642,6.553642157914911,6.268273251285974,6.439921832959732,6.5055038194084895
4.924086758981448,4.336008310520878,4.467432706953443,4.107827408326218,4.327016200364572,4.292105696052246
6.0836108349386455,5.769431969412283,5.783278915589941,5.635899543000484,5.92629662539904,5.504982526205071
6.798984504998752,7.014702312899184,6.958315146539458,7.15021500837408,6.641267059281245,7.2161998764901245
2.822613016020247,2.3337942340902966,1.821580401267869,2.804006512785884,3.511237591449954,2.8473834642060067
2.013359633899684,2.5973209506378527,2.130791176299231,2.615639381685247,1.8482151513686695,1.0234847419496351
3.015574261233889,3.714122785565889,4.0919524391219735,3.7889330061759665,3.976035425850128,4.131356625746441
5.017233003602457,5.184332939605705,5.1208395775962545,5.478844189060445,5.047598753645568,4.799781698382433
5.924381454480281,6.1020635226026645,5.59437127060438,5.101740817811926,5.680245475088138,5.4717914114895425
5.187219403336857,4.473578874481304,5.347311918081684,5.333492860055802,5.2583106116147835,4.852309835227633
2.013359633899684,3.4729083321478047,3.363708484120931,1.4381060961904937,2.4152830223730466,3.211414963633655
6.4933203012126794,5.968776008850778,6.135069099812623,6.252184116475977,6.205846993402151,6.312784282539739
6.850520444633528,7.069989078407516,7.312839165093497,7.344844923457974,7.417027575711605,7.359187873960749
1.5968438254781343,2.0111273579927036,1.427492445617763,0.8912827722170882,0.900604630476427,2.359322344576064
7.850597978575563,7.6071981402861075,7.70628132393562,7.516311801434544,7.737266354198718,7.593242563175855
4.409260942089341,4.336008310520878,4.352798171812022,4.537634011309451,4.929452018530055,5.045159814016469
1.0089201542886188,2.0111273579927036,2.9558989561580975,2.1438173585239833,2.4152830223730466,2.8473834642060067
8.745664258727654,8.99206816055543,9.079184085571011,8.993279903708668,9.032622886341713,8.722438234143155
3.47560927959857,1.5948577153675143,2.6015453154704016,2.3989312282184883,2.159433125265605,2.035085291391048
4.540578710084166,5.058764820074238,4.765095152102016,5.302578879369597,5.442132783760685,4.902992435575768
6.704114396464123,6.860179343622053,6.781245909229914,6.682631278584773,6.366037701859401,6.8275361503370995
10.305483732615302,10.00348766386228,10.158984082276977,10.12593122119084,10.21922836004308,10.090944006819852
5.50924573005686,5.473914028812617,6.045635970904636,5.610882455625438,5.630623881428075,5.254806977989811
1.5968438254781343,2.3337942340902966,2.130791176299231,1.4381060961904937,2.4152830223730466,2.6238940055118434
7.881895772837933,7.658599966288678,8.005640690556255,8.003335516890699,8.160844885526386,7.904376662482881
1.0089201542886188,1.0074277664920572,0.0,0.0,0.0,1.0234847419496351
5.8503653642477484,5.33637699313304,5.376947079594351,5.585423892173066,5.498546359231696,5.600206317803025
3.015574261233889,3.335270662524132,2.130791176299231,1.8336891264456736,2.8212892783330923,2.035085291391048
5.061643868208803,4.714690106687776,4.0919524391219735,4.9504152816752764,3.894291156871041,4.366227129719248
6.745539181433494,6.584517911349313,6.579363092269135,6.98480825994035,6.381120334536516,6.553884023253324
7.654321286297661,7.31850493021993,7.328091106875603,7.562711138157264,7.2869350060568925,7.472591472084773
3.337944873929122,3.598550992932378,3.8598009907086706,3.6968334167431,4.659453660616243,4.568160450599088
8.80564806136311,8.951425340346255,8.720268891421695,8.681101295568341,8.588766188036377,9.012285889527451
3.6012742162453297,4.599165621027614,4.291873708189772,4.7813367796268755,3.715440394059799,4.745268524016443
6.357417254467795,6.672883005067002,7.266091350853253,6.8944030307577115,7.178881954233348,7.023509302719099
7.900353641968867,7.490468096975515,7.565379027564435,7.620255280035452,7.431589080078361,7.068608391353954
3.47560927959857,3.8211190490169087,3.363708484120931,2.804006512785884,3.137771365053633,3.8506695799639914
3.6012742162453297,4.10141291111091,4.228262552792894,4.177638166011907,3.715440394059799,3.62772999219573
6.321342474202575,5.686953747645559,6.099958284739061,5.986460914069973,6.044691717737754,6.090292576656598
6.617516094823975,6.08068663566313,6.724743756146977,6.490277442105768,6.523860848208287,6.660835227481099
5.924381454480281,6.300030697588265,5.8899038653670095,5.906479319655543,6.205846993402151,5.746151043680593
5.772345620063434,5.742459770005629,6.063971619230753,5.559507990871671,5.92629662539904,6.068255577737103
8.105183347524955,8.09691212974739,8.300583921782486,8.286124113150649,8.216561997547243,8.185982063985394
6.061911765745391,5.742459770005629,5.59437127060438,6.024848127270313,6.044691717737754,5.853129264063206
7.1469422462215,7.398433503063512,7.4092109754942,7.389659718050726,7.262708308577455,7.704577795571084
1.5968438254781343,0.0,0.0,0.0,1.450853040369649,2.035085291391048
2.013359633899684,2.5973209506378527,2.9558989561580975,2.1438173585239833,1.450853040369649,2.359322344576064
4.824508981159114,3.335270662524132,4.573625219805471,4.688735036566729,4.126817283801403,2.8473834642060067
6.704114396464123,6.860179343622053,6.770121122387053,7.15021500837408,6.496420257053561,6.472324834514592
8.831527404171098,8.725588736990934,8.754539907456126,8.850969599801049,8.704205025213328,8.693937391069326
7.62502515732469,7.354576488817933,7.380237833724449,7.209744142462963,7.052686810117969,7.226186161376791
2.5997989305116143,2.5973209506378527,2.385284659426389,0.0,2.4152830223730466,1.6161912973223032
5.602379691361456,5.262357009689984,5.59437127060438,5.478844189060445,5.383423187753583,5.600206317803025
7.579934389905689,7.921646657409108,7.996123682607191,7.802544786283224,7.372439893365409,8.079841300608189
4.186728143820816,5.372009893945684,5.347311918081684,4.368835802509168,4.755178487912343,5.254806977989811
9.307776103919457,8.945524615604784,8.990901781817774,8.845618051501358,8.60812486040101,9.077172773966746
5.994784813989279,5.968776008850778,5.28615034051559,5.731843087994668,5.946716236479624,5.630600303571132
9.519598297759975,9.48240221505279,9.313699959986968,9.077868720988691,8.907993417515476,9.226423343615377
4.772018169472108,4.53773835884697,4.973436011778948,5.393401825066743,4.609099035979622,3.950424061994663
5.302734403022431,5.5690926520393385,5.1208395775962545,5.137215952848541,5.2583106116147835,5.367374721207392
5.409681990950544,5.506342953494758,5.691914851538447,5.585423892173066,5.884569353957416,5.689532224890862
5.798823784383855,5.506342953494758,5.543009381406879,6.005782192720362,5.121308894952936,5.293313762964279
2.013359633899684,1.0074277664920572,0.0,1.4381060961904937,1.8482151513686695,3.211414963633655
8.921630436916342,9.209549184462157,9.261032720828426,9.05949516058708,9.070333086414385,9.082679584256589
5.717885243161745,5.921462367124039,5.9698702167419375,5.8647618381165,6.044691717737754,6.02314528443074
6.339492618229063,6.440910816606555,6.099958284739061,6.633791983150618,6.523860848208287,6.111998021087902
4.602011293767844,4.769158898319819,4.893672621922326,4.989760553642424,5.7282169300451296,5.215244162666781
6.587455024056161,6.490385271565296,6.4176736067090765,6.530854711358676,6.381120334536516,6.3314075976969075
6.187464970378624,5.991863396685836,5.989187938085958,6.346132743146125,6.205846993402151,6.349793570621164
4.186728143820816,3.335270662524132,3.8598009907086706,3.7889330061759665,4.755178487912343,4.043724896586897
5.540963131366604,4.714690106687776,4.467432706953443,4.868351536010444,5.047598753645568,5.045159814016469
7.384000575279617,7.47416534347528,7.320485291027565,7.523032343606691,7.509151690096725,7.438637792220521
4.772018169472108,5.184332939605705,5.085376433305287,4.989760553642424,5.498546359231696,5.367374721207392
3.716864854720897,4.872290059335252,4.852073831492052,4.24422618753497,3.807635516468859,4.131356625746441
4.824508981159114,4.968538181450855,4.291873708189772,4.537634011309451,5.047598753645568,4.799781698382433
9.60460229586112,9.45150775641765,9.599481043804548,9.430428786822578,9.61108058242152,9.47279141792758
3.1857451226598252,3.0129736021557663,3.477512552977962,2.1438173585239833,2.632521657997895,2.359322344576064
3.015574261233889,4.406432755101535,4.0186423283581965,4.427323947587403,3.976035425850128,4.366227129719248
12.84849632473745,12.268661953292252,12.44250726208281,12.348806961891562,12.525202918416426,12.425150505525425
5.661288114362257,4.714690106687776,4.893672621922326,5.393401825066743,5.047598753645568,4.902992435575768
6.675821953313566,6.614578345036845,6.86728460963919,6.557285738780086,7.152753917759612,6.472324834514592
9.026179792909035,8.954366676932581,8.978872909878161,8.903420820083175,8.961654792284206,8.801374672110025
0.0,1.5948577153675143,2.130791176299231,0.0,0.900604630476427,1.0234847419496351
1.5968438254781343,1.5948577153675143,0.0,1.8336891264456736,1.450853040369649,0.0
5.443639113245914,5.686953747645559,5.8052436577396,6.168931653822972,5.751617454347055,5.827119160977592
4.104208177392387,3.598550992932378,4.161716770569888,2.615639381685247,4.126817283801403,3.62772999219573
8.477166895148885,8.45356685546594,8.357437506367173,8.20067717317805,8.258003310254082,8.395180812102796
2.013359633899684,2.0111273579927036,2.789574405893652,1.4381060961904937,3.3971636439971347,2.035085291391048
1.5968438254781343,2.5973209506378527,1.427492445617763,2.1438173585239833,1.8482151513686695,2.359322344576064
0.0,2.0111273579927036,1.821580401267869,2.1438173585239833,0.0,2.6238940055118434
7.1875877382266715,7.143995202241471,7.603483336976297,7.447326235148608,7.212999164537108,7.377225379591919
1.5968438254781343,1.5948577153675143,2.130791176299231,2.1438173585239833,2.632521657997895,1.0234847419496351
2.3361739877134577,1.5948577153675143,0.0,1.8336891264456736,0.900604630476427,0.0
7.930601482851163,8.359068034933388,8.13267917462348,8.114306365008224,8.138828905562828,8.085337953827628
9.974869752627006,9.60725542840016,9.872124670647134,9.938820682379264,9.956435986792282,9.697587969675274
7.094470149636999,6.6440251934678916,7.071389942473691,6.658418289484148,7.16151594565345,6.774081158116149
7.485291174632773,7.102171929331427,7.124768698126222,6.81994943624165,7.187487193127358,7.294219149750815
3.6012742162453297,5.058764820074238,4.809239875036287,4.735778754900015,5.084924522708586,5.089597393449868
3.6012742162453297,4.183923274809938,4.0919524391219735,3.7889330061759665,3.976035425850128,4.213968891928525
4.924086758981448,5.372009893945684,5.347311918081684,4.427323947587403,4.659453660616243,4.852309835227633
9.412221923603768,9.40496447302009,9.50366483348392,9.484799128143491,9.377222961114722,9.386372552277328
3.9234971873322686,3.8211190490169087,3.1050152051192725,2.1438173585239833,2.632521657997895,1.6161912973223032
0.0,0.0,1.427492445617763,1.8336891264456736,1.8482151513686695,0.0
6.477016231636206,6.474081576785245,6.736222603635499,6.116572042697617,6.335390987915023,6.660835227481099
5.146563385174545,4.769158898319819,5.25456891372427,4.9504152816752764,4.609099035979622,5.174565757502112
8.435586323018123,8.749492501654897,8.717375883548824,8.54904668823839,8.736816149470446,8.562167868168578
5.061643868208803,5.33637699313304,5.04901954778731,4.7813367796268755,5.290620552913764,5.045159814016469
4.602011293767844,4.406432755101535,5.155451869157071,4.24422618753497,4.26332084538167,4.131356625746441
5.443639113245914,5.372009893945684,5.462366250569543,5.065371329411787,4.887817239450957,5.215244162666781
4.33882950255249,1.5948577153675143,3.8598009907086706,3.1199240906364327,3.137771365053633,2.6238940055118434
3.716864854720897,3.4729083321478047,3.681282350118108,3.3789375282937875,3.894291156871041,3.7435018634808537
4.016680301357339,5.014356736425135,4.765095152102016,4.735778754900015,4.800759870255176,4.213968891928525
4.476413420195277,3.714122785565889,4.0919524391219735,3.4928652304846852,4.659453660616243,4.131356625746441
4.824508981159114,4.769158898319819,4.573625219805471,4.735778754900015,4.755178487912343,4.745268524016443
7.745622567501125,7.599703205897105,7.402022056386835,7.797010210966968,7.671310935059225,7.794572888573117
8.212482018630922,8.149191344531175,8.024488410057726,7.979101805332884,8.337477110646963,8.112511407819307
5.265247766468882,5.506342953494758,5.462366250569543,5.101740817811926,5.498546359231696,4.999309859013929
6.375121917895275,6.440910816606555,6.540607660398353,6.448525785270703,6.381120334536516,6.3679481748136135
4.602011293767844,3.598550992932378,4.623927210362141,4.537634011309451,4.887817239450957,4.568160450599088
0.0,0.0,1.821580401267869,0.8912827722170882,1.450853040369649,1.0234847419496351
0.0,0.0,1.427492445617763,0.0,0.900604630476427,1.6161912973223032
3.1857451226598252,3.714122785565889,3.1050152051192725,3.59845095259921,3.273289414056743,4.043724896586897
2.822613016020247,1.0074277664920572,2.385284659426389,2.970595430034886,1.450853040369649,2.035085291391048
3.337944873929122,3.598550992932378,4.352798171812022,3.3789375282937875,3.511237591449954,3.040850773071988
3.716864854720897,3.0129736021557663,3.1050152051192725,3.4928652304846852,3.273289414056743,3.5018508052118755
5.924381454480281,5.40678387498943,5.011722705730682,5.422448507070198,5.905583844887199,5.330819431159779
4.264782375228313,4.658083889759377,4.6725342681339965,4.7813367796268755,5.2583106116147835,5.254806977989811
6.339492618229063,6.300030697588265,6.298846080989826,6.168931653822972,6.288164568105418,6.472324834514592
8.468946101380753,8.233936537642595,8.429916560574899,8.403675553979928,8.274252170164527,8.460086774038047
4.264782375228313,3.8211190490169087,4.291873708189772,3.95717341038548,4.38801789588369,4.292105696052246
7.1875877382266715,7.1232351159113865,6.9484796855825595,7.38228659273828,7.080673360202495,6.569656817477827
3.47560927959857,2.820064919656635,2.130791176299231,2.970595430034886,3.511237591449954,2.8473834642060067
7.0063309906706595,6.522450121574881,6.781245909229914,7.141506727476758,6.82896494647257,6.732648628729814
8.81216154846938,8.595979578119087,8.682199581756738,8.757178055272886,8.713172323948267,8.331848565292812
6.863121829865149,6.389679296794276,6.527454323970576,6.235913527908097,6.439921832959732,6.438364804334821
2.013359633899684,2.0111273579927036,0.0,0.8912827722170882,0.0,0.0
4.6609344580909875,4.769158898319819,5.085376433305287,4.688735036566729,5.19143539328083,5.403026609573726
9.012104271189862,9.028809442861116,8.762981951706173,8.986001756947113,9.065672865477744,8.79467952586319
3.1857451226598252,3.8211190490169087,4.0186423283581965,3.8755042468697742,2.9881912580676815,4.292105696052246
5.540963131366604,4.769158898319819,5.376947079594351,5.101740817811926,5.383423187753583,4.503939374376524
8.379675539523353,8.411378523404226,8.673269840550063,8.512366293172736,8.416465456570798,8.399599913506332
7.2750578007898,7.389768110136432,7.116008265119676,7.1929849778714345,7.379967528015141,7.112340299206923
1.0089201542886188,1.5948577153675143,1.427492445617763,0.0,1.450853040369649,1.0234847419496351
5.6321345520943265,5.821909140889564,5.405985722440424,5.50623631021111,5.442132783760685,5.600206317803025
5.900128913896102,5.473914028812617,5.376947079594351,5.171839666559339,5.630623881428075,5.903783585000353
7.246486337776869,6.991980408169961,7.289654596544161,7.274899264609974,7.089882851069643,7.196017509112015
3.015574261233889,4.658083889759377,4.228262552792894,4.640105448646964,4.755178487912343,4.366227129719248
1.0089201542886188,2.0111273579927036,1.821580401267869,3.255235748423378,2.159433125265605,2.6238940055118434
6.0836108349386455,6.224071627004186,5.8052436577396,6.005782192720362,6.136434568419982,6.215881375556381
5.017233003602457,5.847448852144659,5.516626045937314,5.585423892173066,5.156798190645047,5.215244162666781
4.875156832453922,5.5690926520393385,4.893672621922326,5.065371329411787,5.009281576157641,5.403026609573726
5.265247766468882,4.921216610118436,4.809239875036287,4.483533026459233,5.047598753645568,5.089597393449868
5.717885243161745,6.08068663566313,5.462366250569543,4.909966826547472,6.044691717737754,5.403026609573726
4.476413420195277,3.183103596070372,3.1050152051192725,3.1199240906364327,4.659453660616243,3.8506695799639914
1.0089201542886188,1.5948577153675143,2.130791176299231,0.0,2.159433125265605,0.0
4.6609344580909875,4.53773835884697,4.352798171812022,4.427323947587403,4.38801789588369,4.43672579137573
7.541251380121636,7.498550905971806,7.234062809942524,7.337238556234874,7.071404702353331,7.386160262585044
7.051073555719833,7.31850493021993,7.597202098600552,7.502776062163452,7.589265038303177,7.430023027411536
1.0089201542886188,0.0,2.130791176299231,0.0,1.450853040369649,0.0
5.9716966745628905,6.672883005067002,5.8052436577396,5.8647618381165,5.7282169300451296,6.421080234244255
6.875614099249932,7.080796660587865,6.928605291358463,7.051404618894501,7.071404702353331,6.631078134091449
6.850520444633528,6.872671392974503,6.47360792291582,6.71820545828679,6.67837113081431,6.349793570621164
6.339492618229063,6.08068663566313,6.459826334575967,5.799832685013369,6.044691717737754,6.2748005472723944
4.6609344580909875,4.599165621027614,4.291873708189772,4.7813367796268755,3.715440394059799,4.503939374376524
2.5997989305116143,2.0111273579927036,2.6015453154704016,0.8912827722170882,3.6169489052138504,2.6238940055118434
5.265247766468882,5.714973683611267,5.668140254209929,4.909966826547472,5.156798190645047,4.999309859013929
4.97141148818929,4.10141291111091,4.809239875036287,4.868351536010444,4.327016200364572,4.292105696052246
2.3361739877134577,2.5973209506378527,1.427492445617763,2.970595430034886,1.450853040369649,0.0
4.924086758981448,5.184332939605705,5.222280649339975,4.868351536010444,5.009281576157641,5.089597393449868
1.5968438254781343,2.0111273579927036,0.0,2.615639381685247,2.159433125265605,0.0
7.227119420318268,7.272108975463008,7.133476256331702,7.132745562974539,7.1702250795502085,6.774081158116149
5.6321345520943265,6.014587129938454,6.283280119580984,5.754864143560435,6.154103268804013,6.068255577737103
4.97141148818929,4.658083889759377,4.228262552792894,5.238689739706479,4.196682908426215,4.213968891928525
8.464818071043107,8.506629633375514,8.568003602862788,8.581602069047026,8.81386894758894,8.526245135559664
6.246368481244498,6.474081576785245,6.540607660398353,6.151688733597615,6.188804460762816,6.068255577737103
6.812042105676291,6.490385271565296,6.08207715574981,6.361212817681373,6.67837113081431,6.2748005472723944
4.6609344580909875,4.261968914899732,4.893672621922326,4.307875937252778,4.327016200364572,4.95195479285147
3.337944873929122,2.5973209506378527,3.2401524609867787,2.804006512785884,2.9881912580676815,3.211414963633655
6.477016231636206,6.715115451173238,6.235548436564506,6.71820545828679,6.468447599291915,6.521811487894632
3.015574261233889,2.5973209506378527,2.6015453154704016,3.8755042468697742,3.807635516468859,2.8473834642060067
5.226761042486335,4.53773835884697,5.155451869157071,5.3637582906604,4.929452018530055,5.254806977989811
3.47560927959857,3.8211190490169087,4.0919524391219735,4.537634011309451,2.632521657997895,4.043724896586897
5.82482473324708,5.5690926520393385,5.668140254209929,5.50623631021111,6.044691717737754,5.928459044808573
3.337944873929122,4.261968914899732,3.2401524609867787,2.615639381685247,3.273289414056743,3.7435018634808537
1.0089201542886188,2.0111273579927036,2.130791176299231,1.8336891264456736,0.900604630476427,2.6238940055118434
11.644857746228094,11.157556243430776,11.222502275686054,11.272135642228186,11.289783056560104,11.043044352267705
7.409997696974335,7.243537896122712,7.670830104018778,7.575698543150779,7.16151594565345,7.522069135273841
3.823877269588491,4.013895838989916,4.161716770569888,3.4928652304846852,3.137771365053633,3.7435018634808537
2.3361739877134577,1.5948577153675143,0.8835379103768013,1.4381060961904937,2.159433125265605,1.0234847419496351
5.540963131366604,5.821909140889564,5.738320009159168,5.635899543000484,5.552836761608836,5.660367153350024
9.330640656256591,9.400657851781212,9.429592098237851,9.202416081550975,9.25564504447686,9.46015400593872
4.476413420195277,3.9207249704805607,4.573625219805471,4.735778754900015,4.887817239450957,3.7435018634808537
6.690037528554222,6.957212136183558,6.617104606234318,6.330893374425911,7.152753917759612,7.1230692408904925
6.409892469309127,6.424034981159043,5.869199995227533,5.906479319655543,6.171558195884439,5.746151043680593
2.013359633899684,2.3337942340902966,3.2401524609867787,0.8912827722170882,2.632521657997895,2.359322344576064
0.0,1.5948577153675143,0.0,1.4381060961904937,0.900604630476427,0.0
8.187649118233264,8.45356685546594,8.342494271986352,8.43608328812994,8.290320057950243,8.133887574763587
1.5968438254781343,1.5948577153675143,2.385284659426389,2.1438173585239833,1.450853040369649,1.0234847419496351
9.05941110404106,9.094275021336593,8.932226049743331,9.000521517703993,8.926103222262268,9.14454172024715
3.337944873929122,3.0129736021557663,2.130791176299231,2.615639381685247,1.8482151513686695,3.040850773071988
5.6321345520943265,5.62922644933469,5.434451387889293,5.302578879369597,5.8415991603421995,5.330819431159779
8.537373581882576,8.309391286851122,8.372227546218712,8.321249773121087,8.368080008135424,8.558220340415607
6.039881338291585,5.714973683611267,5.405985722440424,6.024848127270313,5.525946922243989,6.000049927262916
5.226761042486335,4.714690106687776,5.31705521532958,5.635899543000484,5.084924522708586,4.503939374376524
3.015574261233889,3.4729083321478047,0.0,1.8336891264456736,3.273289414056743,1.6161912973223032
2.3361739877134577,1.5948577153675143,1.821580401267869,2.1438173585239833,1.450853040369649,2.359322344576064
4.97141148818929,4.406432755101535,5.011722705730682,4.825500084767641,5.442132783760685,5.293313762964279
5.540963131366604,5.821909140889564,5.189253181510014,5.101740817811926,5.525946922243989,5.718119368391722
1.0089201542886188,2.0111273579927036,2.130791176299231,1.4381060961904937,1.8482151513686695,0.0
6.812042105676291,6.991980408169961,6.459826334575967,6.682631278584773,6.5772241930652635,6.537936879255144
4.104208177392387,3.9207249704805607,3.8598009907086706,4.307875937252778,4.38801789588369,4.043724896586897
1.0089201542886188,1.5948577153675143,0.0,0.0,0.900604630476427,1.0234847419496351
6.587455024056161,5.945313137533027,6.445911824505158,6.608738003467911,6.439921832959732,6.349793570621164
0.0,3.0129736021557663,2.385284659426389,2.1438173585239833,3.137771365053633,3.363929204552695
5.745372394837991,5.847448852144659,5.668140254209929,6.080579204516653,5.353147450973358,5.773648426229184
7.1469422462215,7.336653443275206,7.4092109754942,7.218051279182312,7.394905980079261,7.226186161376791
6.167283630040462,6.318411619563415,5.848194676091759,5.754864143560435,5.655648010002173,6.255426957807501
8.73884279528573,8.580832628127867,8.847440523204744,8.829443259086256,8.595247984221334,8.542321321573473
4.33882950255249,4.599165621027614,4.352798171812022,3.7889330061759665,3.976035425850128,4.6296441674859885
6.284342454097875,7.003386092754822,6.724743756146977,6.862963634161456,6.7842798482327735,7.2557368478343
9.107865479882577,9.28625666056345,9.397419011992518,9.275875440224487,9.180044908805073,9.425902828841744
4.104208177392387,4.183923274809938,3.681282350118108,4.427323947587403,3.511237591449954,4.366227129719248
5.37490630476733,5.714973683611267,5.25456891372427,5.885771363319548,5.751617454347055,5.630600303571132
5.948233027006931,5.795909145224039,6.235548436564506,5.450921897503919,6.118546793508149,6.133381740043126
1.0089201542886188,0.0,0.8835379103768013,0.0,1.8482151513686695,0.0
4.540578710084166,5.223872374199529,4.623927210362141,4.368835802509168,4.929452018530055,4.999309859013929
4.717545193864014,4.261968914899732,4.0186423283581965,4.107827408326218,3.511237591449954,4.131356625746441
9.337429952405056,9.10754762796635,9.20430483940071,9.125014690148117,9.197190618335624,8.746922805788031
7.15721147721005,7.546119260366508,7.365530104030733,7.3674263253963455,7.502270349899806,7.472591472084773
5.540963131366604,5.686953747645559,5.568918883001572,5.585423892173066,4.969918884344981,5.403026609573726
7.1469422462215,6.991980408169961,7.499546296486627,7.282840586945821,7.254541484597177,6.660835227481099
6.837808020564286,6.318411619563415,6.5007823257543995,6.361212817681373,6.1004344431735955,6.8916846149952375
4.264782375228313,4.872290059335252,4.411253727509437,5.137215952848541,4.609099035979622,5.174565757502112
7.236835376791801,6.909511365212213,7.124768698126222,7.02323889128091,7.0990339255571,6.814356936546653
6.246368481244498,6.389679296794276,5.715304003547377,5.821802026281046,6.350795720662249,6.646033400821165
5.745372394837991,5.014356736425135,5.347311918081684,4.825500084767641,4.844945124302163,5.403026609573726
15.769381533809437,15.037098153679594,14.87124274225896,15.3097705472198,15.5328447925215,15.207487668591485
0.0,0.0,1.821580401267869,0.8912827722170882,1.450853040369649,1.0234847419496351
4.97141148818929,5.014356736425135,5.011722705730682,4.688735036566729,4.556923114932377,5.403026609573726
3.337944873929122,3.4729083321478047,3.477512552977962,3.4928652304846852,2.159433125265605,3.211414963633655
11.13606977563312,11.6863540341623,11.38537141330048,11.790915840698965,11.739717056175577,11.26816122709095
6.661464909993018,6.506506777544906,6.82490655584484,6.530854711358676,6.666108831394436,6.866366468099406
1.0089201542886188,2.0111273579927036,1.427492445617763,0.8912827722170882,0.900604630476427,2.035085291391048
4.824508981159114,5.299841664884461,4.411253727509437,4.989760553642424,3.976035425850128,4.568160450599088
7.452311542980184,7.6071981402861075,7.723685519275811,7.65125952672639,7.424326699458565,6.976954783212451
9.7941983710582,10.202156916882124,10.167488159331784,10.117074665197729,10.108042072751552,10.188659788121052
5.061643868208803,4.53773835884697,5.25456891372427,5.028061224233596,5.121308894952936,4.852309835227633
9.454471529151588,9.000630347135209,9.332728543472324,9.22319946808736,9.506642404400004,9.324968931174048
6.971839246612024,7.014702312899184,6.928605291358463,7.013726780260906,6.690530083645983,6.8790810799943465
8.815407297439586,8.715221767703312,8.633922569425211,8.771359225162886,8.604916400330726,8.840905904932727
2.5997989305116143,2.5973209506378527,2.9558989561580975,3.1199240906364327,3.137771365053633,3.211414963633655
4.409260942089341,4.769158898319819,4.0919524391219735,4.307875937252778,4.196682908426215,4.745268524016443
5.900128913896102,6.058988230344193,5.8899038653670095,5.821802026281046,5.680245475088138,5.660367153350024
8.067567339023675,7.644099652027375,7.5328381374719875,7.7802779402297215,8.216561997547243,7.89188399958679
4.924086758981448,4.714690106687776,4.809239875036287,4.868351536010444,4.800759870255176,3.62772999219573
3.6012742162453297,2.0111273579927036,3.8598009907086706,2.3989312282184883,3.137771365053633,2.6238940055118434
6.4933203012126794,6.629376897901038,6.2192803707035935,6.098687865866216,6.482501722933901,6.133381740043126
3.6012742162453297,3.4729083321478047,3.477512552977962,2.615639381685247,3.976035425850128,3.5018508052118755
6.104988366223554,6.204440090950675,6.235548436564506,5.660490204919677,6.366037701859401,6.02314528443074
6.146815970260121,6.08068663566313,6.388871622373106,5.986460914069973,6.4108206426307595,6.5055038194084895
2.822613016020247,3.0129736021557663,3.477512552977962,3.1199240906364327,3.511237591449954,3.363929204552695
6.167283630040462,6.569249503716413,6.592053617476656,6.59604594315731,6.806795396335228,6.91656610065645
2.013359633899684,2.5973209506378527,0.0,1.4381060961904937,2.8212892783330923,0.0
3.337944873929122,4.336008310520878,4.623927210362141,4.58977932873845,3.976035425850128,3.62772999219573
5.661288114362257,5.686953747645559,5.691914851538447,5.585423892173066,5.19143539328083,5.215244162666781
0.0,1.0074277664920572,1.821580401267869,0.8912827722170882,1.450853040369649,2.035085291391048
4.016680301357339,3.335270662524132,3.2401524609867787,3.3789375282937875,3.3971636439971347,3.5018508052118755
3.823877269588491,4.183923274809938,3.773301140810181,2.970595430034886,3.715440394059799,4.6296441674859885
3.716864854720897,4.821645825006173,2.385284659426389,2.970595430034886,3.894291156871041,4.503939374376524
5.5719982050506545,5.184332939605705,5.155451869157071,5.450921897503919,4.844945124302163,5.827119160977592
6.9365026388258775,7.722106082793751,7.142131574175086,7.461389769352585,7.062076112359301,7.068608391353954
3.1857451226598252,2.820064919656635,2.6015453154704016,3.255235748423378,3.137771365053633,3.211414963633655
3.1857451226598252,2.5973209506378527,3.2401524609867787,3.1199240906364327,2.8212892783330923,3.363929204552695
2.013359633899684,1.5948577153675143,0.0,1.8336891264456736,0.900604630476427,1.6161912973223032
2.013359633899684,2.0111273579927036,0.8835379103768013,0.8912827722170882,0.0,0.0
5.339271613534292,5.686953747645559,5.434451387889293,5.302578879369597,5.290620552913764,5.569158200946751
0.0,0.0,0.0,2.3989312282184883,0.900604630476427,0.0
2.013359633899684,2.5973209506378527,2.385284659426389,0.0,3.137771365053633,3.040850773071988
4.875156832453922,4.261968914899732,4.521505807466241,4.034466029383136,4.556923114932377,3.62772999219573
3.015574261233889,3.9207249704805607,4.291873708189772,3.7889330061759665,3.3971636439971347,3.040850773071988
7.942525253925865,7.735846808023463,7.996123682607191,7.903858145772888,7.887419949440151,8.139182491949517
4.476413420195277,4.406432755101535,4.228262552792894,4.537634011309451,4.800759870255176,4.688614370749845
0.0,0.0,0.0,0.0,0.900604630476427,0.0
7.312293650698268,7.30934433661816,7.025347546551721,7.158871040263464,6.934973458608773,6.774081158116149
2.5997989305116143,2.3337942340902966,2.9558989561580975,1.8336891264456736,0.0,3.040850773071988
8.690167511208587,8.636831890271484,8.386867500721994,8.41094044661921,8.40174971730035,8.47272477239225
4.186728143820816,3.714122785565889,3.681282350118108,3.8755042468697742,3.511237591449954,4.043724896586897
5.798823784383855,5.40678387498943,5.619382394443351,5.635899543000484,5.751617454347055,5.746151043680593
1.5968438254781343,2.0111273579927036,1.821580401267869,0.0,1.450853040369649,1.0234847419496351
4.33882950255249,4.921216610118436,4.6725342681339965,4.735778754900015,4.755178487912343,4.852309835227633
4.476413420195277,4.658083889759377,4.7195569016388,4.537634011309451,4.053395311193678,4.366227129719248
4.409260942089341,4.714690106687776,4.623927210362141,4.107827408326218,4.126817283801403,4.131356625746441
3.337944873929122,2.3337942340902966,3.681282350118108,2.615639381685247,3.273289414056743,3.040850773071988
3.1857451226598252,2.3337942340902966,2.6015453154704016,1.8336891264456736,1.8482151513686695,1.6161912973223032
4.6609344580909875,3.9207249704805607,4.809239875036287,3.1199240906364327,4.38801789588369,4.6296441674859885
2.5997989305116143,3.8211190490169087,2.789574405893652,2.1438173585239833,1.8482151513686695,3.040850773071988
3.337944873929122,2.3337942340902966,3.582992083521086,2.970595430034886,2.8212892783330923,3.040850773071988
2.5997989305116143,3.0129736021557663,1.821580401267869,3.255235748423378,2.632521657997895,1.0234847419496351
7.105118356685763,6.715115451173238,7.372902711263357,7.1061382456632565,6.985192898591437,7.196017509112015
5.50924573005686,5.473914028812617,4.893672621922326,5.393401825066743,5.442132783760685,5.215244162666781
2.822613016020247,2.0111273579927036,2.9558989561580975,1.4381060961904937,0.0,1.0234847419496351
6.983428361406823,7.102171929331427,6.653883904682906,6.7414434094916285,6.8179227552576975,6.98873500715628
4.33882950255249,4.473578874481304,5.085376433305287,4.688735036566729,4.38801789588369,4.292105696052246
7.918578340799061,7.986302307732467,8.31978513807273,8.017682728156455,7.999173449154747,8.18085645314813
7.265596711404248,7.272108975463008,7.519613447144297,8.041282165620778,8.152078768674683,8.006411093664319
2.822613016020247,2.0111273579927036,2.6015453154704016,3.255235748423378,3.273289414056743,2.359322344576064
7.837886240703203,7.465944358017328,7.86632596239381,7.829903590901528,7.939292383878006,7.653688477443067
0.0,2.0111273579927036,0.8835379103768013,2.3989312282184883,1.450853040369649,1.0234847419496351
6.863121829865149,7.091523882149059,6.877687436614846,6.490277442105768,6.88294266514778,6.569656817477827
2.5997989305116143,3.4729083321478047,2.9558989561580975,2.1438173585239833,2.4152830223730466,2.035085291391048
6.265480405803249,6.6440251934678916,6.736222603635499,6.530854711358676,6.482501722933901,6.455444741531574
7.468895594974873,7.214389544658016,7.1846459836233105,7.352411397625307,7.582756245039082,7.653688477443067
5.265247766468882,5.40678387498943,5.760974587871021,5.843441830618017,4.969918884344981,5.928459044808573
0.0,0.0,1.427492445617763,1.4381060961904937,2.632521657997895,1.0234847419496351
8.769288540363299,8.372324546516937,8.636987676523617,8.505595763749666,8.585514336508394,8.363862185167248
4.104208177392387,3.4729083321478047,2.6015453154704016,3.95717341038548,3.6169489052138504,2.035085291391048
4.824508981159114,5.262357009689984,4.623927210362141,4.7813367796268755,4.969918884344981,4.366227129719248
1.5968438254781343,0.0,1.427492445617763,0.0,0.0,2.359322344576064
0.0,1.0074277664920572,0.0,0.8912827722170882,1.450853040369649,0.0
2.3361739877134577,0.0,2.385284659426389,0.8912827722170882,2.159433125265605,2.035085291391048
8.23204509755115,8.009113111959136,8.429916560574899,8.542446518436643,8.360489926908025,8.112511407819307
6.646963554591763,6.79604317893227,6.566559944699064,6.8308238141214135,6.903980691986703,6.732648628729814
10.228441921174197,10.209561762829328,10.196863769510545,10.209547500197026,10.264666333931286,10.079972557557026
5.017233003602457,4.658083889759377,4.573625219805471,5.171839666559339,4.502789186891137,5.437818673549586
8.284514643110276,8.086225046494349,8.522322535223068,8.217347731566605,8.371860126675507,8.160169942555939
7.339603107881956,7.345642798808055,7.558929303177885,7.44024272192137,7.402317598361763,6.98873500715628
3.1857451226598252,2.820064919656635,3.477512552977962,2.970595430034886,3.273289414056743,2.359322344576064
6.443844695712667,5.599472836909883,6.298846080989826,5.966877358882761,6.304079099892124,6.349793570621164
5.994784813989279,5.299841664884461,5.8052436577396,5.986460914069973,5.751617454347055,5.878678727961357
5.443639113245914,5.101846684704441,4.973436011778948,5.478844189060445,5.3222227175867225,5.537427176484457
2.3361739877134577,1.0074277664920572,3.2401524609867787,2.970595430034886,2.632521657997895,2.6238940055118434
7.654321286297661,7.498550905971806,7.458554697753979,7.258884265308679,7.800337864625172,7.546185861401582
1.5968438254781343,0.0,0.8835379103768013,0.8912827722170882,1.450853040369649,1.0234847419496351
1.5968438254781343,1.0074277664920572,0.0,0.0,2.159433125265605,0.0
10.708645809964112,10.0162112988847,10.281563728312822,10.394075825097238,10.452199906573412,10.197569519515511
9.914099349903656,10.205864090659064,10.293267776187536,10.246563597279764,10.01320571713124,10.059173459594184
3.1857451226598252,2.3337942340902966,0.0,2.1438173585239833,2.632521657997895,2.359322344576064
9.147036945939757,8.960231420798468,8.82073226518896,9.08469892340271,8.981583432560953,8.65380605322813
1.0089201542886188,2.0111273579927036,2.385284659426389,1.4381060961904937,2.8212892783330923,1.6161912973223032
7.246486337776869,7.224171243087799,7.089403196757053,7.097158963787137,7.117163757190749,7.144290685942468
9.966134834654063,10.25559663559036,10.17910001400602,9.9857952129543,9.846628001678988,10.13666366147526
1.5968438254781343,2.3337942340902966,1.427492445617763,0.0,0.900604630476427,1.6161912973223032
1.5968438254781343,1.5948577153675143,3.2401524609867787,1.8336891264456736,3.807635516468859,2.035085291391048
8.831527404171098,9.05370844972738,8.919695693145538,9.033843249408488,9.070333086414385,9.046503754169969
5.602379691361456,5.897210655853129,5.930441021516748,5.660490204919677,5.704430582409335,6.133381740043126
3.6012742162453297,4.013895838989916,3.363708484120931,2.1438173585239833,2.159433125265605,2.035085291391048
16.769250938109927,16.53752145088991,16.12560756235303,16.209047815980533,16.62860815356471,16.533836198831885
3.6012742162453297,3.9207249704805607,3.477512552977962,4.24422618753497,3.976035425850128,3.211414963633655
6.321342474202575,6.164356962304127,6.344560947696467,6.448525785270703,6.082091806695575,6.5055038194084895
7.668749240824878,7.224171243087799,7.365530104030733,7.258884265308679,7.204545202059565,7.000419819072049
1.0089201542886188,2.0111273579927036,0.8835379103768013,1.4381060961904937,0.900604630476427,0.0
3.337944873929122,4.658083889759377,3.773301140810181,4.307875937252778,3.511237591449954,3.211414963633655
6.617516094823975,5.742459770005629,6.298846080989826,6.284184934977925,6.171558195884439,5.537427176484457
4.717545193864014,4.821645825006173,4.573625219805471,4.427323947587403,3.894291156871041,4.852309835227633
1.0089201542886188,1.5948577153675143,0.0,0.8912827722170882,0.900604630476427,0.0
2.822613016020247,2.5973209506378527,2.385284659426389,3.1199240906364327,1.450853040369649,1.0234847419496351
3.1857451226598252,2.3337942340902966,3.582992083521086,2.804006512785884,2.4152830223730466,3.211414963633655
3.823877269588491,4.261968914899732,4.228262552792894,4.307875937252778,4.556923114932377,3.8506695799639914
2.5997989305116143,3.0129736021557663,3.1050152051192725,2.970595430034886,3.6169489052138504,3.62772999219573
1.0089201542886188,1.0074277664920572,1.821580401267869,0.0,0.900604630476427,1.0234847419496351
6.104988366223554,6.506506777544906,6.283280119580984,6.116572042697617,6.523860848208287,6.293917417283149
4.409260942089341,3.9207249704805607,4.973436011778948,4.909966826547472,4.969918884344981,4.745268524016443
2.822613016020247,2.5973209506378527,2.6015453154704016,1.4381060961904937,0.900604630476427,2.035085291391048
3.1857451226598252,2.820064919656635,1.821580401267869,3.1199240906364327,2.159433125265605,3.040850773071988
2.013359633899684,1.5948577153675143,0.8835379103768013,1.4381060961904937,0.900604630476427,0.0
6.994925122659873,6.318411619563415,6.856806225955368,6.935284048150675,6.439921832959732,6.801056218045932
1.5968438254781343,1.5948577153675143,2.130791176299231,2.804006512785884,2.159433125265605,1.6161912973223032
8.73884279528573,8.749492501654897,9.05188464484813,9.07558478201889,8.87906774029542,8.869859330365058
3.337944873929122,2.3337942340902966,0.8835379103768013,0.0,0.0,2.035085291391048
3.1857451226598252,1.5948577153675143,2.9558989561580975,3.59845095259921,2.9881912580676815,3.211414963633655
2.822613016020247,2.3337942340902966,3.1050152051192725,3.4928652304846852,3.807635516468859,3.8506695799639914
1.5968438254781343,2.820064919656635,3.1050152051192725,2.1438173585239833,3.3971636439971347,2.359322344576064
0.0,2.0111273579927036,0.8835379103768013,0.0,0.0,1.0234847419496351
3.47560927959857,2.0111273579927036,2.130791176299231,2.804006512785884,2.9881912580676815,1.0234847419496351
4.772018169472108,3.8211190490169087,4.623927210362141,5.333492860055802,4.446544546311149,4.43672579137573
0.0,0.0,2.130791176299231,1.8336891264456736,0.0,2.035085291391048
2.3361739877134577,1.0074277664920572,2.385284659426389,2.1438173585239833,2.159433125265605,1.0234847419496351
3.6012742162453297,2.820064919656635,3.1050152051192725,3.1199240906364327,3.273289414056743,2.8473834642060067
4.924086758981448,3.598550992932378,3.773301140810181,4.368835802509168,4.446544546311149,4.043724896586897
4.264782375228313,5.262357009689984,5.04901954778731,4.735778754900015,4.659453660616243,5.330819431159779
8.572327333624939,8.651405067402273,8.60290791922921,8.453777915225713,8.545909429826317,8.631436403151723
2.3361739877134577,2.5973209506378527,2.130791176299231,3.255235748423378,3.3971636439971347,2.8473834642060067
0.0,0.0,0.0,0.0,2.159433125265605,1.6161912973223032
2.5997989305116143,2.0111273579927036,1.427492445617763,0.8912827722170882,1.450853040369649,1.6161912973223032
2.5997989305116143,1.0074277664920572,2.130791176299231,0.8912827722170882,1.450853040369649,1.0234847419496351
5.50924573005686,5.686953747645559,5.691914851538447,5.270987943583599,5.774644472190196,5.437818673549586
1.5968438254781343,1.0074277664920572,0.0,0.0,0.0,1.0234847419496351
2.013359633899684,0.0,2.130791176299231,1.4381060961904937,0.900604630476427,1.6161912973223032
2.013359633899684,1.5948577153675143,1.821580401267869,3.1199240906364327,1.8482151513686695,1.6161912973223032
0.0,0.0,0.0,0.8912827722170882,0.0,1.0234847419496351
1.0089201542886188,1.5948577153675143,2.6015453154704016,0.0,0.0,0.0
1.5968438254781343,0.0,0.8835379103768013,1.4381060961904937,2.632521657997895,1.0234847419496351
0.0,1.5948577153675143,1.821580401267869,0.0,0.0,0.0
7.217337586978235,7.672955989087679,7.335657035436098,7.298593283441161,7.004801215417664,7.331701591069685
0.0,1.0074277664920572,0.0,1.4381060961904937,0.900604630476427,0.0
10.067617367772645,9.81408256302594,9.827209517047208,9.853411556177022,9.956435986792282,9.589563664908102
4.104208177392387,4.336008310520878,4.7195569016388,3.255235748423378,4.126817283801403,3.8506695799639914
3.6012742162453297,2.0111273579927036,3.2401524609867787,2.1438173585239833,0.900604630476427,2.6238940055118434
6.226999970932254,6.474081576785245,6.4176736067090765,6.633791983150618,6.188804460762816,6.2748005472723944
0.0,0.0,0.0,2.1438173585239833,0.900604630476427,0.0
2.013359633899684,0.0,1.427492445617763,1.4381060961904937,2.159433125265605,0.0
2.5997989305116143,2.0111273579927036,0.8835379103768013,2.1438173585239833,0.900604630476427,1.6161912973223032
3.337944873929122,3.9207249704805607,3.2401524609867787,1.8336891264456736,3.715440394059799,3.211414963633655
3.337944873929122,2.0111273579927036,1.821580401267869,2.970595430034886,2.159433125265605,1.6161912973223032
1.5968438254781343,0.0,0.0,0.0,0.900604630476427,2.035085291391048
5.50924573005686,5.372009893945684,5.011722705730682,5.585423892173066,5.552836761608836,5.254806977989811
0.0,1.0074277664920572,0.8835379103768013,0.8912827722170882,0.900604630476427,1.6161912973223032
2.5997989305116143,2.0111273579927036,0.0,0.8912827722170882,1.450853040369649,2.035085291391048
1.5968438254781343,1.0074277664920572,0.0,0.0,1.8482151513686695,1.6161912973223032
0.0,1.5948577153675143,1.427492445617763,2.1438173585239833,3.137771365053633,2.035085291391048
2.822613016020247,1.5948577153675143,0.8835379103768013,0.8912827722170882,2.4152830223730466,1.6161912973223032
0.0,0.0,1.427492445617763,0.8912827722170882,0.0,1.6161912973223032
2.5997989305116143,2.5973209506378527,0.8835379103768013,1.8336891264456736,2.4152830223730466,1.6161912973223032
2.013359633899684,2.820064919656635,1.821580401267869,2.804006512785884,2.4152830223730466,1.6161912973223032
1.5968438254781343,2.0111273579927036,1.427492445617763,2.1438173585239833,2.8212892783330923,1.0234847419496351
3.1857451226598252,2.3337942340902966,3.681282350118108,2.804006512785884,3.137771365053633,3.040850773071988
1.5968438254781343,1.0074277664920572,1.427492445617763,0.8912827722170882,0.0,1.0234847419496351
1.5968438254781343,2.3337942340902966,1.821580401267869,1.4381060961904937,0.900604630476427,1.6161912973223032
1.5968438254781343,3.183103596070372,2.789574405893652,2.3989312282184883,2.159433125265605,1.6161912973223032
2.3361739877134577,2.820064919656635,1.427492445617763,0.8912827722170882,1.8482151513686695,1.6161912973223032
1.0089201542886188,1.0074277664920572,0.8835379103768013,0.0,1.450853040369649,2.035085291391048
0.0,2.0111273579927036,0.0,0.8912827722170882,0.0,0.0
1.5968438254781343,2.0111273579927036,0.8835379103768013,1.4381060961904937,2.8212892783330923,1.6161912973223032
2.3361739877134577,2.5973209506378527,0.8835379103768013,2.804006512785884,0.900604630476427,2.359322344576064
6.187464970378624,6.164356962304127,6.1693456866819805,5.843441830618017,6.063512952718492,6.215881375556381
14.97346311833274,15.773529843570417,15.362547853726824,16.22045479811074,16.575128200434673,16.093741551495363
18.073627420028597,18.79629647256837,18.341334765599967,18.111048381165052,20.103703710689143,20.103703710689143
,,18.690460877293813,,,
27.755577612872514,28.312678844696332,27.307966078624023,25.563679907455917,24.083845383168036,27.307966078624023
24.80064188736185,25.49017716860311,24.007267368086,17.334103444196106,12.774461728050824,24.42126914300229
,,,,,
,24.54729473334675,23.960691759428823,,27.18395569435121,27.755577612872514
18.341334765599967,,18.268355274327536,18.425027822609295,18.268355274327536,18.268355274327536
26.04922895914876,25.753422014071162,25.411003449099542,25.1388779990735,25.563679907455917,25.563679907455917
19.103649521084773,22.308101004564065,20.277009041550073,17.915032702075422,21.92473531322902,22.119008710507533
14.842955445267954,10.874838034619827,11.919160545104907,,14.097918227282564,12.45689987149377
18.50371533653394,18.88304457806842,18.615783878328397,19.0528864936294,18.50371533653394,18.50371533653394
,17.630843386281523,,,,
,,,,,
,,,,,
,,,10.874838034619827,,
17.038431164494483,17.48524454212405,17.206100866766985,17.038431164494483,17.170837980632978,16.92839425422635
,,,,,
28.61924572497919,27.544289538328737,27.889209398989056,28.61924572497919,28.155197061614178,28.155197061614178
,,,,,
16.46527011744709,,,,,
15.953155497417924,,,,16.92839425422635,17.206100866766985
26.89344032575907,26.585139896368304,,,,
20.904438043033803,21.096965637930506,20.103703710689143,20.565973760856775,20.904438043033803,20.277009041550073
,,,,,
9.273374934180964,12.774461728050824,8.805640447572472,11.919160545104907,11.397624723125212,
25.563679907455917,25.563679907455917,25.1388779990735,26.357719124997185,25.90509255171001,25.1388779990735
,,,36.31060280173016,37.15075447027812,
,,,,7.369003201466204,
18.56662934495064,19.600863491137215,18.79629647256837,18.268355274327536,19.600863491137215,19.417792415713553
34.406050448841874,33.779274551148376,31.33135720793115,32.14112204971635,31.33135720793115,31.33135720793115
26.67865444635054,26.817565026687067,26.04922895914876,26.67865444635054,26.357719124997185,17.974895304460635
21.231721944302965,21.609009171007873,20.77738331838778,21.422900418178973,21.231721944302965,20.565973760856775
17.377943026681418,18.690460877293813,17.525353890297403,,18.02449271523807,18.02449271523807
33.779274551148376,,30.911535340056687,30.164792363435122,31.078496350318176,
,4.115880238247084,5.944190767867327e-06,,,1.8776594539291853
18.93325328169688,20.153915769205604,19.417792415713553,20.97028349263581,20.343488081279187,19.33411943751922
,,,26.817565026687067,22.222214884287833,22.988315943133397
,,,,,
17.974895304460635,20.565973760856775,,,,
,,,19.33411943751922,,
20.153915769205604,20.011009838482167,20.153915769205604,22.59923667201558,19.00695755575693,18.93325328169688
20.277009041550073,19.226040449360855,20.343488081279187,21.096965637930506,18.425027822609295,17.074244005364285
23.631249545396912,25.0423743140335,24.713394767414187,23.805592934258073,25.718170310601508,25.90509255171001
19.16887880558784,21.027980045283154,20.011009838482167,19.27265560395222,20.97028349263581,20.496736581748866
22.568747657506773,23.060776108323477,23.548805974585076,23.40883435637681,24.007267368086,24.26472790464713
24.713394767414187,26.04922895914876,25.0423743140335,24.194747533492613,25.856609826522927,26.102391927477274
21.609009171007873,21.422900418178973,20.904438043033803,21.345977712345302,,
25.90509255171001,25.984459177485565,25.305996244751217,25.213717922684808,25.49017716860311,25.753422014071162
16.22045479811074,18.982954739510628,18.88304457806842,,18.93325328169688,19.667813994305863
,,,,,24.54729473334675
,,,,,
,,,20.77738331838778,,20.904438043033803
16.781045346316812,18.02449271523807,,17.247834588221547,17.074244005364285,
26.9573466548823,25.305996244751217,24.42126914300229,25.90509255171001,26.67865444635054,25.718170310601508
26.357719124997185,26.67865444635054,26.21781344823559,24.936863797642815,26.626530842814773,26.817565026687067
1.8776594539291853,15.362547853726824,14.56815499835142,14.97346311833274,15.448666470783175,14.35374698124052
25.411003449099542,26.357719124997185,24.86903474594303,25.984459177485565,,26.161016124447556
19.33411943751922,,19.600863491137215,19.97554784000188,19.226040449360855,18.690460877293813
20.103703710689143,21.658799443260985,20.496736581748866,19.667813994305863,21.77088648474135,21.422900418178973
18.690460877293813,,18.56662934495064,18.982954739510628,18.615783878328397,18.213440774780338
,21.77088648474135,21.027980045283154,,,21.345977712345302
26.817565026687067,27.08317556062514,26.462978119096125,26.626530842814773,26.496372035106415,26.626530842814773
,,,19.47682765044674,,
,,,,,
,17.734745475827314,17.334103444196106,16.781045346316812,,16.46527011744709
26.21781344823559,,25.753422014071162,,26.21781344823559,26.462978119096125
8.805640447572472,13.313676643602145,10.552239157267731,10.552239157267731,12.169900671268373,9.86120623257316
,,8.653164246117761,11.397624723125212,,
8.119707000651585,11.397624723125212,9.273374934180964,4.115880238247084,10.874838034619827,8.805640447572472
,,,,,
,,,,,
23.060776108323477,22.988315943133397,22.791528904529816,22.568747657506773,22.568747657506773,22.59923667201558
15.773529843570417,17.377943026681418,15.54337053452725,,17.734745475827314,17.170837980632978
15.448666470783175,17.247834588221547,15.709127562158562,15.953155497417924,15.773529843570417,15.448666470783175
21.92473531322902,,22.222214884287833,,22.506325015964638,22.038529010651672
16.35836186218747,16.649914384070115,16.781045346316812,17.630843386281523,16.649914384070115,16.35836186218747
24.54729473334675,23.45834400189753,,,,
19.0528864936294,,,,,
2.001747729919471,6.771385902019769,1.8776594539291853,6.771385902019769,6.771385902019769,3.317300169662372
,,,,,
20.77738331838778,19.103649521084773,22.988315943133397,23.48945441118602,23.45834400189753,23.21198677836907
29.94498409336742,30.911535340056687,29.620186194268545,27.755577612872514,29.351236695770325,30.267655358360102
,,,,,
20.011009838482167,21.534422592464548,21.096965637930506,20.343488081279187,21.874520351960655,21.958607952194132
21.534422592464548,,19.16887880558784,17.377943026681418,,
,,32.58600038055914,,,
,,21.726338841593506,22.506325015964638,,
,,,,,
,28.375230767247853,26.585139896368304,,18.88304457806842,13.009387675793667
,,,,,
,16.093741551495363,14.35374698124052,14.725216924270216,15.362547853726824,14.287697326956591
22.308101004564065,21.874520351960655,22.506325015964638,23.45834400189753,23.21198677836907,22.408768692403566
23.990555118450427,24.007267368086,24.361822889978054,24.30442539612254,21.345977712345302,21.77088648474135
17.206100866766985,18.425027822609295,17.247834588221547,18.180612624825454,17.836352271610068,17.525353890297403
23.960691759428823,23.140098959570384,23.060776108323477,22.308101004564065,22.716880608583256,22.716880608583256
,,,9.86120623257316,,
,14.56815499835142,13.313676643602145,13.715439429791358,15.266964912670696,14.725216924270216
13.009387675793667,,15.773529843570417,,16.781045346316812,16.649914384070115
,20.77738331838778,,,,
,,,,,
,,,,,
,,,28.768938481905852,,
21.726338841593506,20.343488081279187,21.422900418178973,21.534422592464548,21.422900418178973,19.74884392063385
17.525353890297403,18.615783878328397,16.46527011744709,16.649914384070115,14.56815499835142,17.630843386281523
,,,,,
,,28.61924572497919,28.087376729662925,28.312678844696332,27.948479817617805
,,,,,
19.226040449360855,,19.53202176215784,20.153915769205604,20.011009838482167,19.47682765044674
19.27265560395222,20.686841761527816,,18.79629647256837,19.16887880558784,
,,,,,
25.984459177485565,,25.213717922684808,26.161016124447556,,25.856609826522927
,,,,,
17.915032702075422,19.00695755575693,18.213440774780338,18.341334765599967,18.341334765599967,18.615783878328397
24.26472790464713,23.67614664622589,23.140098959570384,23.76910969145912,23.886744157154116,23.548805974585076
23.31461888883079,24.42126914300229,22.716880608583256,,,19.879503541083043
,,,,,
22.988315943133397,24.30442539612254,32.14112204971635,34.406050448841874,33.779274551148376,34.406050448841874
,,,,23.631249545396912,23.631249545396912
19.53202176215784,19.97554784000188,19.33411943751922,19.53202176215784,19.97554784000188,19.16887880558784
19.00695755575693,19.47682765044674,19.00695755575693,19.417792415713553,19.53202176215784,18.982954739510628
16.649914384070115,17.170837980632978,16.649914384070115,18.02449271523807,17.247834588221547,16.781045346316812
14.56815499835142,15.709127562158562,15.266964912670696,16.575128200434673,,
25.856609826522927,,,25.49017716860311,26.161016124447556,26.21781344823559
19.74884392063385,19.417792415713553,19.74884392063385,20.686841761527816,17.525353890297403,17.247834588221547
,,13.715439429791358,,18.56662934495064,18.073627420028597
20.97028349263581,21.726338841593506,20.686841761527816,21.658799443260985,21.46773286586792,21.027980045283154
,,,,,
,7.369003201466204,2.001747729919471,,7.827451995108607,
,,,,,
23.76910969145912,23.886744157154116,23.631249545396912,23.548805974585076,23.960691759428823,23.886744157154116
20.565973760856775,,,,,
,,,,,
,,,,,
20.343488081279187,18.93325328169688,,15.709127562158562,20.496736581748866,17.836352271610068
36.31060280173016,36.31060280173016,34.406050448841874,33.779274551148376,34.406050448841874,36.31060280173016
22.92424423695108,24.26472790464713,21.874520351960655,23.715438989681573,23.548805974585076,24.713394767414187
24.466659612242733,25.90509255171001,24.30442539612254,24.083845383168036,25.213717922684808,24.466659612242733
13.313676643602145,15.111396065144598,14.725216924270216,16.46527011744709,14.97346311833274,13.715439429791358
,,,,,
22.791528904529816,23.21198677836907,,24.86903474594303,,
10.874838034619827,14.35374698124052,12.45689987149377,12.169900671268373,14.725216924270216,14.097918227282564
30.53800361008913,31.078496350318176,30.164792363435122,30.67543654920956,30.53800361008913,31.078496350318176
,,,,,
18.381596860565427,19.16887880558784,18.425027822609295,19.226040449360855,18.79629647256837,18.88304457806842
14.287697326956591,18.073627420028597,17.630843386281523,18.56662934495064,18.073627420028597,18.111048381165052
,,,,,
,,,,,
,,,,,
37.15075447027812,37.15075447027812,36.31060280173016,37.15075447027812,36.31060280173016,37.15075447027812
21.77088648474135,22.222214884287833,21.534422592464548,21.874520351960655,22.119008710507533,21.92473531322902
,,,,,
21.874520351960655,,,,22.988315943133397,
21.422900418178973,,17.170837980632978,19.103649521084773,,
23.715438989681573,24.083845383168036,23.715438989681573,23.990555118450427,23.870339558971377,23.990555118450427
12.169900671268373,14.842955445267954,14.287697326956591,14.35374698124052,14.842955445267954,13.313676643602145
29.351236695770325,28.477817110115158,28.882897857810672,29.351236695770325,29.049266824386905,29.247103959090335
15.111396065144598,20.418941796734135,19.226040449360855,24.007267368086,23.805592934258073,23.40883435637681
30.267655358360102,29.049266824386905,29.351236695770325,29.049266824386905,28.882897857810672,29.049266824386905
14.35374698124052,15.953155497417924,14.97346311833274,14.56815499835142,16.46527011744709,15.54337053452725
25.753422014071162,25.213717922684808,24.80064188736185,25.0423743140335,24.936863797642815,24.86903474594303
22.222214884287833,22.038529010651672,21.609009171007873,21.77088648474135,21.726338841593506,21.658799443260985
,5.086739470922963,0.13254414682254181,,4.115880238247084,2.001747729919471
28.312678844696332,30.267655358360102,28.375230767247853,27.889209398989056,29.94498409336742,30.53800361008913
24.42126914300229,22.791528904529816,23.886744157154116,23.870339558971377,23.76910969145912,24.007267368086
27.544289538328737,27.18395569435121,26.89344032575907,27.18395569435121,27.131308016789802,26.9573466548823
,,24.194747533492613,19.600863491137215,,
24.30442539612254,23.76910969145912,24.083845383168036,25.753422014071162,20.418941796734135,23.060776108323477
,15.448666470783175,,,,14.56815499835142
14.097918227282564,14.97346311833274,12.774461728050824,14.097918227282564,,15.111396065144598
22.716880608583256,22.716880608583256,22.59923667201558,22.716880608583256,22.791528904529816,22.308101004564065
16.575128200434673,16.781045346316812,16.92839425422635,17.836352271610068,17.377943026681418,17.038431164494483
25.49017716860311,25.1388779990735,24.936863797642815,25.305996244751217,25.411003449099542,25.411003449099542
,,,,,
22.506325015964638,22.506325015964638,22.408768692403566,23.140098959570384,22.59923667201558,22.568747657506773
22.119008710507533,,20.86067473114426,22.038529010651672,23.31461888883079,22.791528904529816
23.48945441118602,24.466659612242733,24.26472790464713,22.119008710507533,24.713394767414187,24.936863797642815
19.47682765044674,19.53202176215784,19.27265560395222,19.879503541083043,19.417792415713553,19.27265560395222
11.919160545104907,14.725216924270216,13.009387675793667,14.287697326956591,14.35374698124052,12.169900671268373
,,,,,
17.48524454212405,17.525353890297403,17.038431164494483,18.213440774780338,17.334103444196106,17.377943026681418
,,,22.408768692403566,,
,,,,,17.334103444196106
18.268355274327536,19.0528864936294,18.381596860565427,18.381596860565427,19.33411943751922,19.103649521084773
26.585139896368304,26.626530842814773,26.357719124997185,25.856609826522927,26.9573466548823,26.89344032575907
17.334103444196106,18.50371533653394,17.734745475827314,,17.915032702075422,17.734745475827314
10.552239157267731,13.715439429791358,11.397624723125212,13.009387675793667,13.313676643602145,10.874838034619827
23.886744157154116,23.990555118450427,23.31461888883079,23.67614664622589,23.715438989681573,23.48945441118602
3.317300169662372,10.552239157267731,4.115880238247084,7.369003201466204,8.119707000651585,8.119707000651585
17.734745475827314,17.334103444196106,18.02449271523807,18.93325328169688,15.54337053452725,14.97346311833274
23.45834400189753,23.870339558971377,22.119008710507533,22.92424423695108,23.990555118450427,24.194747533492613
28.087376729662925,27.948479817617805,27.18395569435121,27.307966078624023,27.544289538328737,27.544289538328737
32.58600038055914,31.33135720793115,30.67543654920956,31.078496350318176,30.67543654920956,30.911535340056687
7.827451995108607,11.919160545104907,8.119707000651585,,11.919160545104907,
,,,,19.74884392063385,
,,,,25.753422014071162,
16.093741551495363,17.074244005364285,16.575128200434673,17.48524454212405,17.038431164494483,16.66692510217184
26.496372035106415,26.89344032575907,25.856609826522927,26.300980200361952,26.04922895914876,26.04922895914876
28.768938481905852,28.882897857810672,28.087376729662925,27.948479817617805,28.087376729662925,28.61924572497919
28.477817110115158,28.768938481905852,28.155197061614178,27.131308016789802,27.948479817617805,28.477817110115158
18.425027822609295,16.46527011744709,17.915032702075422,,18.381596860565427,
,,,13.313676643602145,,
25.1388779990735,24.936863797642815,24.466659612242733,24.466659612242733,24.86903474594303,24.80064188736185
,12.45689987149377,14.097918227282564,15.266964912670696,13.715439429791358,11.397624723125212
11.397624723125212,12.169900671268373,12.169900671268373,12.774461728050824,12.45689987149377,
26.626530842814773,26.9573466548823,26.161016124447556,26.462978119096125,26.462978119096125,26.496372035106415
23.40883435637681,24.713394767414187,23.870339558971377,23.21198677836907,24.30442539612254,24.361822889978054
,,,,,
26.102391927477274,25.411003449099542,25.718170310601508,26.21781344823559,24.466659612242733,24.083845383168036
27.08317556062514,28.155197061614178,27.131308016789802,25.411003449099542,24.54729473334675,26.300980200361952
4.115880238247084,7.827451995108607,5.086739470922963,5.086739470922963,9.86120623257316,8.653164246117761
,,,,,
17.247834588221547,18.111048381165052,18.50371533653394,15.448666470783175,19.667813994305863,19.53202176215784
26.462978119096125,26.21781344823559,25.563679907455917,26.102391927477274,26.102391927477274,25.984459177485565
9.86120623257316,13.009387675793667,10.874838034619827,12.45689987149377,13.009387675793667,10.552239157267731
25.213717922684808,23.960691759428823,25.984459177485565,26.496372035106415,25.305996244751217,25.49017716860311
,,,,,
31.33135720793115,34.406050448841874,31.078496350318176,31.33135720793115,30.164792363435122,29.94498409336742
19.667813994305863,19.33411943751922,19.97554784000188,21.92473531322902,18.982954739510628,18.79629647256837
21.027980045283154,,27.544289538328737,,28.768938481905852,
29.620186194268545,29.247103959090335,29.94498409336742,29.94498409336742,30.267655358360102,28.312678844696332
6.771385902019769,9.273374934180964,6.771385902019769,8.119707000651585,8.653164246117761,4.115880238247084
,,,,,
,,,,,15.953155497417924
25.0423743140335,20.86067473114426,21.345977712345302,18.615783878328397,19.0528864936294,23.870339558971377
24.194747533492613,24.194747533492613,23.67614664622589,23.960691759428823,24.361822889978054,23.960691759428823
,18.56662934495064,,,16.66692510217184,18.381596860565427
5.086739470922963,8.119707000651585,3.317300169662372,7.827451995108607,8.805640447572472,5.086739470922963
24.86903474594303,24.86903474594303,24.54729473334675,24.80064188736185,25.0423743140335,25.305996244751217
15.362547853726824,17.038431164494483,15.111396065144598,14.842955445267954,16.22045479811074,14.842955445267954
19.600863491137215,20.103703710689143,19.0528864936294,20.418941796734135,19.103649521084773,19.00695755575693
,,,,,
24.007267368086,24.361822889978054,23.48945441118602,24.26472790464713,24.194747533492613,23.715438989681573
30.67543654920956,32.14112204971635,28.477817110115158,22.791528904529816,,28.375230767247853
29.247103959090335,27.889209398989056,,28.477817110115158,28.61924572497919,29.351236695770325
,19.27265560395222,,,,
,26.300980200361952,,,22.92424423695108,22.92424423695108
,29.620186194268545,,,,
21.46773286586792,22.59923667201558,22.038529010651672,21.609009171007873,,
12.774461728050824,15.266964912670696,14.842955445267954,15.54337053452725,14.287697326956591,11.919160545104907
24.936863797642815,27.131308016789802,26.300980200361952,26.04922895914876,26.300980200361952,
,,,,,6.771385902019769
20.496736581748866,21.46773286586792,20.418941796734135,,20.77738331838778,21.609009171007873
21.345977712345302,23.631249545396912,22.92424423695108,21.958607952194132,22.038529010651672,23.140098959570384
,30.67543654920956,26.626530842814773,30.267655358360102,,
22.038529010651672,23.48945441118602,21.958607952194132,22.222214884287833,20.86067473114426,20.77738331838778
,,,,,
23.21198677836907,23.40883435637681,23.76910969145912,24.42126914300229,20.277009041550073,20.153915769205604
18.02449271523807,18.213440774780338,17.974895304460635,18.690460877293813,18.111048381165052,18.341334765599967
,,,,,
23.548805974585076,22.119008710507533,23.45834400189753,24.54729473334675,21.027980045283154,20.418941796734135
18.88304457806842,16.92839425422635,17.836352271610068,17.734745475827314,20.153915769205604,20.343488081279187
27.948479817617805,26.462978119096125,,28.375230767247853,,
17.630843386281523,16.66692510217184,17.074244005364285,17.170837980632978,17.630843386281523,17.48524454212405
19.879503541083043,20.904438043033803,19.879503541083043,20.011009838482167,20.686841761527816,20.011009838482167
31.078496350318176,30.164792363435122,30.53800361008913,30.911535340056687,29.620186194268545,30.67543654920956
24.083845383168036,,,,24.26472790464713,23.76910969145912
30.911535340056687,32.58600038055914,30.267655358360102,29.620186194268545,30.911535340056687,32.14112204971635
19.417792415713553,20.496736581748866,18.180612624825454,17.974895304460635,,18.56662934495064
18.982954739510628,19.879503541083043,19.103649521084773,19.16887880558784,19.47682765044674,19.226040449360855
17.170837980632978,17.974895304460635,17.48524454212405,17.206100866766985,17.974895304460635,
0.13254414682254181,8.653164246117761,9.86120623257316,8.653164246117761,10.552239157267731,9.273374934180964
27.131308016789802,25.856609826522927,26.817565026687067,27.544289538328737,27.08317556062514,27.08317556062514
22.408768692403566,22.568747657506773,22.308101004564065,23.31461888883079,23.060776108323477,22.506325015964638
15.54337053452725,16.22045479811074,15.953155497417924,17.074244005364285,,16.22045479811074
27.18395569435121,27.307966078624023,26.9573466548823,26.585139896368304,26.817565026687067,27.131308016789802
26.161016124447556,26.161016124447556,26.102391927477274,24.361822889978054,25.984459177485565,26.357719124997185
12.45689987149377,14.287697326956591,,,15.111396065144598,12.774461728050824
26.300980200361952,26.496372035106415,25.90509255171001,26.89344032575907,26.585139896368304,26.585139896368304
29.049266824386905,,29.049266824386905,28.155197061614178,28.375230767247853,28.882897857810672
28.882897857810672,29.351236695770325,28.768938481905852,,,
7.369003201466204,8.805640447572472,7.827451995108607,9.273374934180964,9.273374934180964,7.369003201466204
,,,,,32.58600038055914
23.805592934258073,23.548805974585076,,23.060776108323477,,25.0423743140335
,,,,,
,,,,,
24.361822889978054,,23.990555118450427,,24.80064188736185,24.30442539612254
,,,,,
25.305996244751217,23.31461888883079,27.755577612872514,23.886744157154116,24.42126914300229,23.67614664622589
,,,,,
,,,,,
30.164792363435122,29.94498409336742,29.247103959090335,28.312678844696332,29.247103959090335,29.620186194268545
,14.097918227282564,,,,
27.889209398989056,28.087376729662925,27.948479817617805,29.247103959090335,27.889209398989056,28.087376729662925
27.307966078624023,,26.496372035106415,,26.89344032575907,26.67865444635054
,,,,,
21.658799443260985,22.408768692403566,21.231721944302965,20.904438043033803,22.408768692403566,21.46773286586792
23.870339558971377,23.805592934258073,23.21198677836907,23.631249545396912,23.67614664622589,23.45834400189753
22.59923667201558,22.92424423695108,21.77088648474135,20.103703710689143,21.958607952194132,21.874520351960655
,25.718170310601508,26.67865444635054,26.9573466548823,27.307966078624023,27.18395569435121
23.67614664622589,23.715438989681573,23.40883435637681,24.713394767414187,23.40883435637681,23.31461888883079
,,,,,
,,33.779274551148376,,32.14112204971635,33.779274551148376
,,,,,
20.686841761527816,21.231721944302965,20.565973760856775,21.231721944302965,21.096965637930506,20.686841761527816
28.375230767247853,27.755577612872514,27.08317556062514,27.08317556062514,27.755577612872514,28.768938481905852
18.180612624825454,17.915032702075422,19.47682765044674,20.496736581748866,16.093741551495363,16.575128200434673
18.615783878328397,20.97028349263581,18.93325328169688,18.073627420028597,20.565973760856775,19.97554784000188
,,,,,
,,,,,7.827451995108607
,,,,,
,,37.15075447027812,32.58600038055914,,
23.140098959570384,24.80064188736185,23.805592934258073,22.988315943133397,23.48945441118602,23.805592934258073
17.074244005364285,17.836352271610068,17.377943026681418,18.50371533653394,17.48524454212405,21.726338841593506
21.958607952194132,,20.97028349263581,21.46773286586792,21.534422592464548,20.97028349263581
,,,,,
17.836352271610068,18.381596860565427,18.073627420028597,18.88304457806842,18.180612624825454,18.180612624825454
15.709127562158562,,15.448666470783175,,,
,,,,,
,,,,32.58600038055914,
,21.345977712345302,22.568747657506773,15.111396065144598,23.140098959570384,
,21.958607952194132,,,,21.231721944302965
,,,,,
20.86067473114426,18.341334765599967,,21.027980045283154,21.658799443260985,21.534422592464548
28.155197061614178,28.61924572497919,,28.882897857810672,,27.889209398989056
18.79629647256837,19.667813994305863,18.982954739510628,16.66692510217184,19.27265560395222,19.0528864936294
,,21.46773286586792,,,22.222214884287833
18.111048381165052,19.74884392063385,,15.773529843570417,,
20.418941796734135,,21.92473531322902,20.86067473114426,22.308101004564065,21.096965637930506
19.97554784000188,20.277009041550073,19.667813994305863,20.277009041550073,19.879503541083043,19.600863491137215
,,16.22045479811074,,,
16.66692510217184,18.180612624825454,,16.35836186218747,,17.915032702075422
,,,,,
,,,,,
18.213440774780338,18.268355274327536,18.111048381165052,19.00695755575693,18.690460877293813,18.425027822609295
,,,,,
16.92839425422635,17.206100866766985,16.66692510217184,17.525353890297403,17.206100866766985,
14.725216924270216,,,16.093741551495363,15.953155497417924,15.266964912670696
13.715439429791358,15.54337053452725,,15.362547853726824,15.709127562158562,15.709127562158562
,16.575128200434673,16.35836186218747,19.74884392063385,18.213440774780338,15.362547853726824
,,,,,
25.718170310601508,26.102391927477274,25.49017716860311,25.718170310601508,25.1388779990735,25.213717922684808
32.14112204971635,30.53800361008913,28.312678844696332,30.53800361008913,28.477817110115158,30.164792363435122
8.653164246117761,9.86120623257316,7.369003201466204,8.805640447572472,5.086739470922963,
,,,,,
21.096965637930506,21.92473531322902,21.658799443260985,21.726338841593506,21.609009171007873,20.86067473114426
15.266964912670696,16.35836186218747,16.093741551495363,16.92839425422635,16.35836186218747,15.773529843570417
