3297,3679,3681
6.649287211316158,6.559474122283782,6.6174685627395045
4.847138132682166,5.03847880351046,5.709962718837696
7.6876608556954285,7.846269615260247,7.437713922998197
6.342392431618777,6.488108530361115,4.923132308808885
4.999484889422392,5.254586462582506,4.1295756828041315
9.724923307080068,10.083702297772543,9.520601257603044
10.53440873619768,9.786851520330211,9.942335790465384
7.570896812323954,7.504367489962307,7.075341491119768
5.263034636753109,6.360712035010066,5.304083292016831
7.915452845223526,8.469843004370246,8.653154603177404
6.16039032864299,6.463513340827871,6.180215210348189
5.61723153645693,6.278499046512376,6.534285623980695
7.060727042973199,6.7029596052207445,5.942819859974084
3.896410477907952,5.1035962704463325,5.807659781039243
1.6494513886902091,0.0,3.0591668457024253
6.001030361990174,6.176259726847314,6.446011476171514
5.263034636753109,5.608734042719881,4.5238588630139445
5.648301312529237,5.071404898451995,5.807659781039243
7.264965529527214,6.400125900474279,6.562549541177046
7.587022258759978,7.127635657207253,7.3267379546406755
6.915043026500959,6.033172581451193,6.818357173451681
4.950468643575782,4.784197321922532,2.7007023697212773
5.553009586529424,4.61585078838867,7.188484979036001
5.0927875684481885,5.630992092682936,5.759638078590581
6.46960716842231,4.425232634826587,6.696115676779869
5.48579504648697,6.278499046512376,5.807659781039243
4.483585706841648,4.702478185292994,4.1295756828041315
2.8897518575227275,3.629979818096817,3.346054709805881
1.6494513886902091,0.0,0.0
3.0840644739229504,2.657829414999577,1.5027011960393286
0.0,3.336894247939065,2.222636313675174
7.55458908751013,6.7545569739422415,5.759638078590581
6.2028656845377625,6.713427764125837,6.6174685627395045
6.452106128462053,7.318010957827736,6.670373422567839
9.577353529069862,9.396514531352729,9.328236753847111
2.39897591795433,3.224285379172325,2.7007023697212773
7.6876608556954285,7.592072132597041,7.582764427074931
6.724104754717817,6.333824915094227,7.114050326400051
7.03744521454185,5.310819205510419,6.841609948557689
1.6494513886902091,0.0,1.5027011960393286
3.408323889312746,3.4413463201392127,0.0
6.679681392755137,6.996628202954312,6.105341362990655
7.724572555792015,6.814132502124791,7.241894336955154
4.792558148668228,5.03847880351046,3.0591668457024253
5.794341827244804,5.77786612320858,3.9699169413802817
5.302632627565788,5.630992092682936,6.90920076698151
8.145182735377077,8.400274333759736,8.62662706262652
1.6494513886902091,0.0,0.0
6.52087143124184,5.92923456596663,5.807659781039243
5.263034636753109,4.475299840719172,6.534285623980695
5.678716054143025,5.797678758697136,6.180215210348189
8.295040999074013,8.153551926164567,8.486138844237347
5.0927875684481885,5.516100181801795,3.790364895494528
6.795232840243815,6.713427764125837,6.670373422567839
6.767200998519294,6.582499145861972,7.015258342988247
2.0723510249441515,4.898702315377067,2.7007023697212773
5.821856196791921,5.196072694862246,5.432148998233806
1.6494513886902091,3.629979818096817,2.7007023697212773
7.876622421002791,7.055412840494967,7.800130257822275
6.554062779302044,5.892855172574217,7.259266925501492
7.371210579117124,7.087959016803207,7.582764427074931
4.999484889422392,5.310819205510419,5.492156600525017
6.024902425772767,6.09852463741221,6.590270361239926
6.361267292313497,6.049790217945685,6.384010976764559
6.138674301186425,5.892855172574217,6.476040344958531
4.089885726687541,3.8734604635124894,4.404017924202715
0.0,0.8145010275868445,0.0
8.513265374100689,9.441286663087814,8.954506085921004
3.99638896868576,4.934936396407269,4.634503922927148
2.8897518575227275,3.102137027638073,5.1635320886888865
3.99638896868576,3.4413463201392127,4.1295756828041315
0.0,3.4413463201392127,0.0
1.6494513886902091,0.0,0.0
6.503984938378927,6.582499145861972,7.739526994593012
1.6494513886902091,2.2610640585492225,3.0591668457024253
4.483585706841648,3.796776971595652,4.833189525298334
5.046890362083916,4.934936396407269,5.369536702021671
7.829958493959349,7.580681689096884,8.155970856670164
5.678716054143025,5.9470859399840466,3.346054709805881
7.083639114596372,7.423789932545684,8.040142177055912
7.398878267576934,8.250184293842006,7.957411193872378
1.0486348977274242,2.0124825509743043,4.73726435659949
1.6494513886902091,4.743916282379703,3.5852470377747543
4.847138132682166,3.796776971595652,4.833189525298334
5.848855631104863,5.92923456596663,6.285708641057265
4.6767834369679475,4.263677074451982,3.5852470377747543
5.48579504648697,6.488108530361115,6.446011476171514
6.46960716842231,7.827117544260554,7.540759703886477
7.333475084339002,8.58832873102511,8.24586208490234
5.302632627565788,5.757777606265661,5.369536702021671
2.6651330491191443,3.796776971595652,0.0
8.563027587280018,8.390522361104257,8.837937656047464
5.821856196791921,5.817222987711869,6.818357173451681
2.0723510249441515,3.946272894914797,0.0
6.22364343003531,6.8525252319022965,7.094825729073938
3.896410477907952,4.743916282379703,4.273312842081705
15.644714221116692,15.049095289104311,14.482057272708278
4.847138132682166,5.44249993647718,5.709962718837696
7.487449833709277,7.0051740850966215,6.931045194837544
5.976756635080908,5.652911954125206,5.854134386531398
5.341172734347689,4.784197321922532,4.833189525298334
5.341172734347689,5.1035962704463325,4.73726435659949
5.61723153645693,5.3912607196186,5.9851986083318645
6.22364343003531,6.500250653665733,6.384010976764559
7.870047844981823,7.211263572795288,7.858290058610308
4.6767834369679475,3.946272894914797,2.222636313675174
4.899728298865276,2.9686820998227965,0.0
5.341172734347689,5.135084994723551,6.251394180755229
7.224305167758501,7.15860958304029,6.746261887040262
7.434961995910716,7.822289534940237,7.3101637077613075
11.461970730944756,10.676605195343436,10.79891702976931
5.952067496902614,6.220966586154782,6.026367935175742
4.735831830703193,5.3912607196186,4.634503922927148
3.2552851184922167,2.657829414999577,0.0
2.0723510249441515,1.7119658979366703,3.346054709805881
6.863018305838185,5.892855172574217,6.994661403874842
6.26432218570348,7.111895698609481,6.931045194837544
5.848855631104863,6.082462055839459,6.721406648104455
1.0486348977274242,2.4730436096981774,3.346054709805881
7.182465533521387,6.988031397017051,7.3267379546406755
6.902211666893816,5.911159535326275,6.446011476171514
8.385406620342179,8.409960829790561,8.619918255732903
3.0840644739229504,2.9686820998227965,3.346054709805881
6.503984938378927,6.488108530361115,6.285708641057265
5.553009586529424,4.205538357102999,5.235518623091081
6.244126177249473,5.9470859399840466,6.026367935175742
3.546674232801226,3.5387438725858185,5.807659781039243
5.952067496902614,3.224285379172325,3.790364895494528
7.504529832695035,7.262063327153102,7.3267379546406755
7.106192990825142,6.8430224083238524,7.7270947504077165
0.0,0.0,0.0
6.1166263933695815,6.512291437784244,6.216243625116345
1.0486348977274242,1.7119658979366703,0.0
1.0486348977274242,0.8145010275868445,0.0
7.294725999400352,7.88845421090264,7.206508687294172
2.8897518575227275,2.4730436096981774,5.369536702021671
8.735696473681083,9.013766659329628,9.101410085288563
6.965256809170339,6.7029596052207445,5.899158476113273
5.48579504648697,5.364942112134154,6.105341362990655
3.99638896868576,4.970282690265146,2.222636313675174
4.550900891626236,4.61585078838867,5.0077952890480475
8.889890923855583,7.404538145950366,8.471307260320456
5.450975782228282,5.3381344474936485,5.369536702021671
7.69511913404794,8.110636727393572,8.394772173544576
3.2552851184922167,2.821611910686548,3.5852470377747543
2.39897591795433,1.331922760884799,0.0
6.679681392755137,5.874315583411486,5.235518623091081
3.2552851184922167,5.0047836626811755,5.0077952890480475
6.87620142051344,6.8238268930628685,6.105341362990655
1.0486348977274242,2.4730436096981774,0.0
10.035168519822236,9.635442800853337,9.091745218639089
2.6651330491191443,0.0,0.0
2.6651330491191443,3.629979818096817,4.273312842081705
7.049133092741429,7.0136696431945404,7.3267379546406755
3.2552851184922167,0.0,0.0
8.713833496715239,7.737640388701531,8.659710968071114
6.001030361990174,4.081721851910303,5.304083292016831
0.0,0.0,0.0
4.1776902641883265,4.081721851910303,4.273312842081705
7.578982065309329,7.758009284307955,7.701904171203379
5.794341827244804,6.220966586154782,5.658515738115934
9.575334180069676,9.102061557292926,9.43528560857903
5.222319043311399,5.3381344474936485,5.0077952890480475
4.26045608645493,6.713427764125837,5.1635320886888865
7.940771060005036,7.410983995000423,7.188484979036001
6.679681392755137,7.173850690466011,6.534285623980695
7.795678140468588,7.038860214192802,7.596498553451084
7.03744521454185,5.964719124755172,6.143263963112935
5.046890362083916,5.1035962704463325,4.1295756828041315
8.299940866165397,7.404538145950366,7.663273882577094
6.452106128462053,6.373969992103485,6.931045194837544
6.679681392755137,5.225626213342285,5.0077952890480475
7.274954053957853,8.257356221473737,7.055590503182142
7.343001893784018,7.603373349660401,6.6174685627395045
3.99638896868576,3.4413463201392127,4.5238588630139445
9.224801271937444,8.296176920647865,8.922150698416532
6.694641682802472,5.892855172574217,6.864493881825761
2.0723510249441515,2.0124825509743043,0.0
2.0723510249441515,3.715787584620155,0.0
3.896410477907952,2.0124825509743043,2.222636313675174
5.0927875684481885,4.205538357102999,3.9699169413802817
3.672910418501158,4.523687636437971,5.0077952890480475
6.618238890275671,6.7443840735333245,7.568898297312642
6.46960716842231,6.861965871132166,6.384010976764559
5.302632627565788,5.196072694862246,5.5497675936882125
3.2552851184922167,0.0,2.222636313675174
7.672627621883631,8.51242876853057,8.263187245763405
6.024902425772767,5.92923456596663,2.7007023697212773
4.089885726687541,3.336894247939065,3.346054709805881
7.781734626868229,7.233254282811396,7.3267379546406755
2.6651330491191443,4.659814587745524,3.0591668457024253
4.483585706841648,3.5387438725858185,5.369536702021671
3.0840644739229504,2.9686820998227965,4.1295756828041315
6.1166263933695815,6.320191082139235,4.1295756828041315
1.0486348977274242,1.7119658979366703,2.222636313675174
5.519793718167039,5.196072694862246,5.759638078590581
7.452670969644029,7.580681689096884,7.359325924331508
2.8897518575227275,3.5387438725858185,0.0
5.263034636753109,5.165901090879312,5.492156600525017
9.771527435677031,9.749191528443072,9.256518582251532
3.546674232801226,3.946272894914797,1.5027011960393286
3.2552851184922167,3.796776971595652,3.0591668457024253
4.735831830703193,3.796776971595652,3.346054709805881
16.323392322905,13.882955575875789,14.787439238482884
0.0,2.657829414999577,0.0
12.277126535262376,13.458524735278518,11.880084996254428
5.976756635080908,5.586127205074772,5.658515738115934
6.486898448837102,5.892855172574217,6.746261887040262
10.907809399431498,10.267200458936298,10.940256695746411
8.840301603283292,8.518411115958388,8.970415673008883
8.182806020129519,7.592072132597041,7.596498553451084
4.999484889422392,5.282976793644549,4.1295756828041315
2.8897518575227275,3.946272894914797,4.1295756828041315
8.448547264873312,7.0221154664653636,7.946728102822389
6.398291963653688,5.539822206206257,6.143263963112935
2.0723510249441515,3.102137027638073,3.346054709805881
6.952866259588724,5.737405416211542,6.841609948557689
5.519793718167039,7.603373349660401,5.759638078590581
4.6767834369679475,4.015586386094761,4.5238588630139445
7.570896812323954,7.173850690466011,6.973766144050385
5.48579504648697,5.071404898451995,5.709962718837696
6.138674301186425,4.784197321922532,4.5238588630139445
0.0,2.2610640585492225,0.0
7.971806522244095,8.22113464472871,8.305611196433693
8.487725447140146,7.942847578082705,7.701904171203379
5.046890362083916,4.861534698839405,2.222636313675174
7.407984161376357,6.8991225230015125,7.133022111971869
9.534342031584144,10.1185801508964,10.593390028490909
7.496015109217998,5.491981569483636,6.384010976764559
1.0486348977274242,4.081721851910303,3.0591668457024253
6.398291963653688,5.92923456596663,6.696115676779869
7.284873897902415,7.135441704661555,8.165216246530045
6.0483859031686515,4.898702315377067,6.644163487368492
3.672910418501158,4.319563355021934,5.1635320886888865
4.735831830703193,5.46745288305082,5.369536702021671
3.546674232801226,3.5387438725858185,2.222636313675174
7.850142414452612,7.63675535317332,7.497495224004233
12.434402095105815,11.94762975187312,12.764490835987557
3.408323889312746,3.4413463201392127,0.0
8.008188722579717,6.90826406137652,6.476040344958531
2.0723510249441515,2.821611910686548,0.0
3.2552851184922167,0.0,0.0
7.3238849463674285,6.176259726847314,7.055590503182142
6.965256809170339,7.143205742823749,6.770696153912217
6.915043026500959,6.066218622323608,6.446011476171514
0.0,2.2610640585492225,0.0
3.672910418501158,3.4413463201392127,3.9699169413802817
6.0483859031686515,4.702478185292994,5.1635320886888865
2.0723510249441515,0.0,0.0
5.13726953135435,5.071404898451995,3.0591668457024253
6.694641682802472,5.9470859399840466,6.026367935175742
6.679681392755137,6.979383056748432,7.015258342988247
3.672910418501158,3.629979818096817,3.9699169413802817
9.24780571251052,8.671214540731578,9.027294247420256
3.546674232801226,2.0124825509743043,1.5027011960393286
7.672627621883631,7.57495256495596,7.075341491119768
2.0723510249441515,1.331922760884799,0.0
2.39897591795433,3.629979818096817,4.5238588630139445
9.06991410837631,8.883090324862666,9.001717990072775
4.847138132682166,4.205538357102999,5.1635320886888865
1.0486348977274242,1.7119658979366703,1.5027011960393286
8.366846971638067,8.118535042835736,8.13730041080556
9.06991410837631,8.441787347881439,7.676265916525544
4.1776902641883265,2.9686820998227965,4.634503922927148
6.1166263933695815,6.7029596052207445,5.658515738115934
6.989723158929618,6.582499145861972,6.505456903320894
4.4129752587859175,5.0047836626811755,5.5497675936882125
2.39897591795433,3.224285379172325,0.0
3.408323889312746,0.8145010275868445,0.0
4.847138132682166,4.659814587745524,5.235518623091081
7.274954053957853,6.360712035010066,7.375347962935621
6.2028656845377625,6.52423256029589,6.841609948557689
5.341172734347689,6.559474122283782,6.180215210348189
4.6767834369679475,5.165901090879312,4.1295756828041315
1.0486348977274242,0.0,0.0
4.6767834369679475,4.475299840719172,5.899158476113273
7.649779908173451,7.580681689096884,7.075341491119768
6.952866259588724,5.46745288305082,6.973766144050385
1.6494513886902091,2.821611910686548,0.0
5.648301312529237,7.385025978805493,6.505456903320894
0.0,0.0,0.0
2.0723510249441515,2.657829414999577,3.0591668457024253
3.672910418501158,2.4730436096981774,3.346054709805881
6.618238890275671,6.235566218317155,6.696115676779869
6.416453970866329,6.373969992103485,5.5497675936882125
2.39897591795433,2.0124825509743043,4.5238588630139445
5.046890362083916,4.823384168558622,4.923132308808885
10.297728816360967,9.915959135692518,9.73445511195562
6.586507652547867,5.695777156575738,6.644163487368492
4.1776902641883265,5.3912607196186,1.5027011960393286
4.338730241934797,3.715787584620155,1.5027011960393286
7.371210579117124,7.52234014975863,6.794723471516282
4.6767834369679475,6.387107220958335,4.404017924202715
6.181784319138248,6.80437252742435,6.696115676779869
0.0,0.0,0.0
2.0723510249441515,2.0124825509743043,0.0
4.950468643575782,4.743916282379703,3.9699169413802817
6.0483859031686515,5.491981569483636,4.634503922927148
5.648301312529237,5.196072694862246,3.790364895494528
5.450975782228282,5.03847880351046,5.235518623091081
1.0486348977274242,1.331922760884799,0.0
7.618742303540556,6.926375177863266,5.9851986083318645
3.408323889312746,5.310819205510419,3.9699169413802817
4.61521471622295,4.823384168558622,3.0591668457024253
3.7889841620889375,4.144957985997145,5.942819859974084
5.976756635080908,5.491981569483636,4.404017924202715
7.702539053671163,7.290308331235175,7.714554440999019
3.896410477907952,3.336894247939065,1.5027011960393286
4.847138132682166,4.015586386094761,5.1635320886888865
2.8897518575227275,3.336894247939065,0.0
8.684157734239852,7.504367489962307,7.988993866126806
7.739076802731938,7.54009166372187,6.562549541177046
5.585477889119275,5.586127205074772,6.066394959369792
2.0723510249441515,1.7119658979366703,0.0
6.649287211316158,6.638503567430414,7.133022111971869
5.302632627565788,5.225626213342285,5.658515738115934
6.323267352821728,6.016361302615454,6.721406648104455
9.98128209091648,9.843944031379742,10.140500829440851
3.2552851184922167,4.475299840719172,5.432148998233806
0.0,2.4730436096981774,1.5027011960393286
8.940972362091253,9.073903376386834,9.282239929648377
4.735831830703193,5.71674142656864,0.0
6.486898448837102,5.674503750290033,6.180215210348189
6.3038853325675115,5.71674142656864,6.319225858587806
6.649287211316158,5.999351815217811,6.285708641057265
0.0,1.331922760884799,0.0
1.6494513886902091,1.331922760884799,0.0
1.6494513886902091,1.331922760884799,0.0
5.585477889119275,5.817222987711869,4.73726435659949
7.304511277403748,6.220966586154782,7.075341491119768
2.6651330491191443,3.4413463201392127,3.5852470377747543
5.180420924640742,3.715787584620155,4.1295756828041315
1.6494513886902091,2.821611910686548,0.0
3.0840644739229504,4.702478185292994,3.790364895494528
6.537562555216269,6.373969992103485,6.105341362990655
0.0,1.331922760884799,0.0
0.0,2.2610640585492225,0.0
5.13726953135435,4.898702315377067,5.304083292016831
7.193039746417023,6.220966586154782,6.644163487368492
4.550900891626236,4.702478185292994,1.5027011960393286
7.380492223052712,6.6274752579859175,5.658515738115934
6.586507652547867,6.988031397017051,6.770696153912217
6.284239372822203,6.438491567432086,5.0077952890480475
7.434961995910716,6.6274752579859175,6.994661403874842
1.0486348977274242,0.0,0.0
8.240014654550583,7.510383288441547,7.946728102822389
0.0,2.2610640585492225,0.0
5.180420924640742,5.1035962704463325,4.73726435659949
5.046890362083916,4.823384168558622,6.026367935175742
2.6651330491191443,2.0124825509743043,1.5027011960393286
4.61521471622295,4.784197321922532,3.346054709805881
2.8897518575227275,3.629979818096817,0.0
1.6494513886902091,0.0,0.0
2.6651330491191443,2.657829414999577,0.0
3.2552851184922167,2.9686820998227965,0.0
4.550900891626236,3.336894247939065,3.346054709805881
8.224635922832288,8.157390740843416,7.935965313440477
6.138674301186425,6.066218622323608,6.066394959369792
7.642082882088339,6.7443840735333245,7.094825729073938
6.26432218570348,7.28329875264631,6.216243625116345
2.8897518575227275,4.205538357102999,1.5027011960393286
5.585477889119275,4.319563355021934,5.0877641140301835
2.6651330491191443,3.796776971595652,3.0591668457024253
8.95967104749037,8.320347971251493,8.905696759019948
7.224305167758501,6.681792624089655,6.841609948557689
4.792558148668228,3.796776971595652,3.0591668457024253
5.415295331931612,5.71674142656864,3.9699169413802817
7.213958463917803,5.539822206206257,6.105341362990655
6.554062779302044,6.871345134566232,6.670373422567839
8.193377746848023,8.08667897359014,8.378965585496072
4.26045608645493,4.523687636437971,3.0591668457024253
4.089885726687541,5.0047836626811755,5.0877641140301835
1.6494513886902091,3.715787584620155,0.0
3.672910418501158,2.9686820998227965,1.5027011960393286
6.1166263933695815,6.176259726847314,6.105341362990655
6.649287211316158,6.6051624614810605,7.151747648744467
6.679681392755137,7.07989104656312,6.216243625116345
5.875359050792234,5.77786612320858,4.634503922927148
4.483585706841648,4.970282690265146,4.273312842081705
7.602969456622795,6.72382051317692,6.590270361239926
2.39897591795433,0.8145010275868445,4.5238588630139445
6.46960716842231,6.512291437784244,7.035565359850299
7.702539053671163,5.982139389596693,6.105341362990655
11.623617874915222,11.366585459171906,10.6053266499142
3.0840644739229504,3.5387438725858185,2.222636313675174
6.94036837154877,7.15860958304029,7.259266925501492
5.794341827244804,4.823384168558622,5.899158476113273
7.117339071714915,7.218631116745104,6.351982039129281
7.578982065309329,5.364942112134154,7.293396834315661
7.343001893784018,8.054103578975456,7.151747648744467
0.0,2.2610640585492225,0.0
5.263034636753109,5.46745288305082,5.9851986083318645
5.848855631104863,5.586127205074772,5.899158476113273
2.0723510249441515,2.657829414999577,0.0
1.0486348977274242,0.0,0.0
2.0723510249441515,0.8145010275868445,0.0
8.21947303234985,7.827117544260554,8.050157779526485
2.0723510249441515,1.331922760884799,0.0
3.896410477907952,1.7119658979366703,1.5027011960393286
1.0486348977274242,3.336894247939065,0.0
3.99638896868576,1.7119658979366703,5.304083292016831
2.6651330491191443,4.425232634826587,5.369536702021671
3.672910418501158,4.205538357102999,2.222636313675174
1.0486348977274242,4.743916282379703,4.634503922927148
6.889265160020245,6.713427764125837,6.6174685627395045
1.6494513886902091,3.224285379172325,0.0
1.0486348977274242,2.0124825509743043,0.0
4.999484889422392,4.702478185292994,5.304083292016831
5.450975782228282,5.539822206206257,5.369536702021671
5.976756635080908,5.999351815217811,6.644163487368492
5.48579504648697,5.44249993647718,4.73726435659949
3.672910418501158,3.224285379172325,5.1635320886888865
3.99638896868576,5.737405416211542,4.404017924202715
6.244126177249473,6.306427175811655,6.931045194837544
2.39897591795433,3.336894247939065,0.0
3.408323889312746,2.9686820998227965,0.0
6.46960716842231,6.11441034989468,6.446011476171514
5.302632627565788,5.364942112134154,5.492156600525017
4.899728298865276,4.263677074451982,4.73726435659949
4.550900891626236,4.823384168558622,1.5027011960393286
7.001802477877632,7.03051213383834,7.224309999433207
5.519793718167039,5.516100181801795,6.534285623980695
6.822730382943682,7.055412840494967,7.391194019297933
2.39897591795433,2.821611910686548,0.0
7.234578195303867,5.92923456596663,6.644163487368492
6.094236303469054,5.071404898451995,5.942819859974084
3.896410477907952,4.144957985997145,2.222636313675174
6.2028656845377625,5.071404898451995,4.634503922927148
6.46960716842231,5.71674142656864,6.6174685627395045
7.013781498945389,7.417401172553617,6.180215210348189
6.07149324253407,6.571032567730834,5.492156600525017
1.6494513886902091,2.657829414999577,2.222636313675174
5.415295331931612,5.417107794637402,5.0877641140301835
5.222319043311399,4.144957985997145,6.476040344958531
5.553009586529424,5.817222987711869,5.0877641140301835
10.026326063463417,10.630398434998249,10.126369239612496
9.032132573854538,8.066405708452518,8.030056557037314
4.550900891626236,4.934936396407269,5.235518623091081
6.323267352821728,6.463513340827871,6.446011476171514
8.71750041190763,8.289195866639446,8.263187245763405
9.224801271937444,7.685423297852841,9.012002966935416
8.084003739324467,7.410983995000423,7.422373357722362
2.6651330491191443,2.0124825509743043,0.0
3.672910418501158,4.659814587745524,2.222636313675174
9.904544546138972,9.639565503848813,9.563188383868496
2.6651330491191443,4.898702315377067,4.1295756828041315
5.585477889119275,6.11441034989468,6.026367935175742
1.6494513886902091,4.144957985997145,2.7007023697212773
7.478833402325831,6.400125900474279,5.432148998233806
4.6767834369679475,4.523687636437971,6.319225858587806
4.792558148668228,2.2610640585492225,2.222636313675174
3.896410477907952,2.657829414999577,3.5852470377747543
8.622909676212604,8.153551926164567,8.386890527111206
10.428767166556016,10.448888453957943,10.361705698510342
0.0,2.9686820998227965,0.0
6.80904712296209,5.836505985488788,5.807659781039243
7.971806522244095,8.161219368061579,8.592766634481945
5.585477889119275,4.743916282379703,4.634503922927148
7.182465533521387,5.964719124755172,5.9851986083318645
8.385406620342179,7.851018168835197,8.099218637136051
4.792558148668228,5.225626213342285,4.634503922927148
4.4129752587859175,3.4413463201392127,5.0877641140301835
6.80904712296209,7.038860214192802,7.170233247384128
2.6651330491191443,4.319563355021934,3.790364895494528
0.0,3.946272894914797,2.7007023697212773
6.323267352821728,6.5938753055048185,5.658515738115934
5.61723153645693,4.015586386094761,5.807659781039243
1.0486348977274242,3.224285379172325,0.0
6.752978147050246,5.586127205074772,6.216243625116345
5.821856196791921,5.9470859399840466,5.605166081998413
0.0,1.7119658979366703,0.0
1.0486348977274242,1.7119658979366703,0.0
1.0486348977274242,0.8145010275868445,0.0
5.585477889119275,6.571032567730834,6.216243625116345
7.504529832695035,6.880663815089244,7.650163786271046
5.821856196791921,6.082462055839459,5.0077952890480475
8.830175866040413,7.534198728223788,8.796890153760476
2.0723510249441515,4.015586386094761,0.0
0.0,2.9686820998227965,0.0
7.128399699162864,5.892855172574217,5.9851986083318645
3.7889841620889375,4.373365238635449,2.7007023697212773
1.0486348977274242,0.0,0.0
5.180420924640742,5.855534643334439,6.285708641057265
6.767200998519294,6.52423256029589,6.887020492117266
1.6494513886902091,2.2610640585492225,3.346054709805881
6.633846573266818,5.797678758697136,5.658515738115934
5.794341827244804,5.135084994723551,5.605166081998413
3.408323889312746,0.0,0.0
7.139376173494615,6.996628202954312,6.887020492117266
3.0840644739229504,0.0,0.0
7.139376173494615,6.6603104544080916,6.887020492117266
5.450975782228282,4.970282690265146,5.304083292016831
5.450975782228282,4.523687636437971,5.658515738115934
4.999484889422392,5.196072694862246,2.7007023697212773
4.089885726687541,3.796776971595652,5.807659781039243
2.0723510249441515,0.0,4.634503922927148
2.8897518575227275,0.0,4.1295756828041315
6.52087143124184,7.055412840494967,6.415344263426561
3.2552851184922167,4.015586386094761,5.0877641140301835
2.39897591795433,0.0,2.222636313675174
5.61723153645693,5.608734042719881,4.73726435659949
1.0486348977274242,3.5387438725858185,2.222636313675174
6.633846573266818,7.047160266589439,6.973766144050385
9.69361662283844,9.24781320166777,9.252186751225445
3.7889841620889375,4.523687636437971,3.9699169413802817
2.6651330491191443,4.373365238635449,4.5238588630139445
5.648301312529237,3.102137027638073,1.5027011960393286
2.0723510249441515,0.0,0.0
4.6767834369679475,5.817222987711869,4.1295756828041315
7.3238849463674285,6.09852463741221,7.241894336955154
4.950468643575782,4.659814587745524,3.346054709805881
5.48579504648697,5.282976793644549,4.833189525298334
6.284239372822203,5.03847880351046,4.833189525298334
3.408323889312746,3.715787584620155,4.73726435659949
10.334011683710868,9.466260422680746,9.890320957841178
6.434390177234756,6.425816036861268,7.391194019297933
7.62656452867537,7.846269615260247,7.151747648744467
7.333475084339002,8.01232192793657,7.858290058610308
6.554062779302044,5.836505985488788,6.180215210348189
5.48579504648697,4.898702315377067,5.658515738115934
5.450975782228282,5.165901090879312,5.0077952890480475
4.792558148668228,5.964719124755172,5.0077952890480475
6.570376420890979,7.240510656148445,7.114050326400051
7.304511277403748,5.911159535326275,7.075341491119768
6.709448430213127,6.5938753055048185,7.422373357722362
6.3038853325675115,5.417107794637402,6.251394180755229
8.448547264873312,7.846269615260247,7.437713922998197
2.39897591795433,3.224285379172325,2.222636313675174
6.323267352821728,6.049790217945685,5.709962718837696
5.553009586529424,4.898702315377067,5.605166081998413
3.408323889312746,1.7119658979366703,0.0
3.546674232801226,4.373365238635449,4.273312842081705
7.343001893784018,7.311135011307052,7.035565359850299
3.2552851184922167,3.8734604635124894,3.790364895494528
4.735831830703193,4.144957985997145,3.5852470377747543
8.343306528344277,8.641373111107868,8.394772173544576
6.486898448837102,7.087959016803207,5.942819859974084
4.338730241934797,4.319563355021934,4.404017924202715
8.182806020129519,6.961929275573283,7.224309999433207
7.407984161376357,6.713427764125837,6.476040344958531
7.389714534625456,7.331665311819629,7.293396834315661
6.361267292313497,7.181411286823304,6.696115676779869
9.304980557871048,9.414269650016662,9.13943481188836
5.0927875684481885,5.282976793644549,4.923132308808885
1.0486348977274242,0.0,0.0
6.80904712296209,6.11441034989468,7.114050326400051
3.896410477907952,1.331922760884799,0.0
4.4129752587859175,5.03847880351046,5.709962718837696
2.0723510249441515,2.657829414999577,3.9699169413802817
12.505587814247082,12.421425413780211,12.635726179470511
3.0840644739229504,6.161044182607917,5.759638078590581
6.537562555216269,7.111895698609481,6.6174685627395045
8.579240737046714,8.869113277388301,9.106218346565916
4.26045608645493,4.570505040359563,4.634503922927148
1.0486348977274242,2.0124825509743043,0.0
6.709448430213127,6.72382051317692,4.923132308808885
2.39897591795433,3.946272894914797,2.7007023697212773
6.26432218570348,5.874315583411486,6.319225858587806
1.6494513886902091,4.702478185292994,3.5852470377747543
5.222319043311399,4.319563355021934,4.634503922927148
6.679681392755137,6.206217698477419,6.415344263426561
4.735831830703193,3.102137027638073,3.346054709805881
2.39897591795433,0.0,4.923132308808885
10.02927957484532,9.862875475609554,9.44290793676584
8.12323482706063,8.777301366580465,8.425875103771448
3.546674232801226,2.4730436096981774,1.5027011960393286
8.161427288037965,6.944261749333988,7.776193568606545
1.0486348977274242,1.331922760884799,0.0
6.094236303469054,6.72382051317692,6.216243625116345
3.896410477907952,1.7119658979366703,3.9699169413802817
7.829958493959349,6.80437252742435,6.415344263426561
5.263034636753109,3.224285379172325,5.304083292016831
6.323267352821728,5.757777606265661,6.216243625116345
4.792558148668228,0.8145010275868445,4.923132308808885
4.338730241934797,5.695777156575738,5.304083292016831
1.0486348977274242,0.0,0.0
6.001030361990174,6.889922690320155,6.415344263426561
7.816343941326608,7.225961227261914,7.999369627647469
7.274954053957853,6.2500195855915965,6.6174685627395045
5.046890362083916,3.946272894914797,6.105341362990655
6.244126177249473,5.516100181801795,4.923132308808885
2.0723510249441515,0.0,3.346054709805881
1.6494513886902091,3.102137027638073,0.0
3.7889841620889375,3.629979818096817,3.0591668457024253
6.094236303469054,6.09852463741221,5.492156600525017
3.546674232801226,4.475299840719172,4.404017924202715
2.0723510249441515,0.0,1.5027011960393286
0.0,3.5387438725858185,0.0
7.94703179347247,8.506421511089348,8.493497846953723
5.341172734347689,5.165901090879312,5.0877641140301835
4.4129752587859175,4.898702315377067,4.73726435659949
0.0,1.7119658979366703,4.833189525298334
1.0486348977274242,0.0,0.0
1.6494513886902091,0.0,2.7007023697212773
8.25017681698323,7.135441704661555,7.391194019297933
7.3238849463674285,7.569200599001937,6.644163487368492
5.046890362083916,5.737405416211542,4.923132308808885
3.408323889312746,6.953122557283286,6.251394180755229
5.61723153645693,6.033172581451193,5.605166081998413
5.585477889119275,4.659814587745524,5.1635320886888865
1.6494513886902091,2.821611910686548,0.0
6.586507652547867,6.306427175811655,7.241894336955154
4.483585706841648,3.629979818096817,3.790364895494528
0.0,2.4730436096981774,0.0
2.6651330491191443,3.4413463201392127,0.0
1.6494513886902091,2.4730436096981774,0.0
2.6651330491191443,0.0,2.222636313675174
7.117339071714915,6.11441034989468,5.1635320886888865
3.672910418501158,2.0124825509743043,2.7007023697212773
6.66456434226896,6.206217698477419,6.6174685627395045
5.875359050792234,4.319563355021934,5.432148998233806
3.896410477907952,4.081721851910303,2.7007023697212773
3.0840644739229504,4.373365238635449,0.0
7.09496012579435,6.438491567432086,6.384010976764559
2.0723510249441515,4.823384168558622,0.0
2.8897518575227275,2.657829414999577,4.833189525298334
1.6494513886902091,1.7119658979366703,0.0
1.6494513886902091,2.821611910686548,0.0
5.585477889119275,4.934936396407269,5.0877641140301835
4.338730241934797,4.61585078838867,3.5852470377747543
6.836285082247793,7.233254282811396,7.359325924331508
7.42602532017131,7.436483198854903,7.554897602059651
8.479110666612304,7.827117544260554,8.13730041080556
2.6651330491191443,4.319563355021934,2.222636313675174
7.182465533521387,7.0051740850966215,7.276432804175357
6.649287211316158,5.855534643334439,5.304083292016831
6.1166263933695815,5.608734042719881,5.5497675936882125
1.0486348977274242,0.0,0.0
8.09532190082023,6.917348039554221,8.040142177055912
6.965256809170339,7.119787143382784,7.170233247384128
4.550900891626236,5.03847880351046,4.634503922927148
6.22364343003531,5.652911954125206,5.605166081998413
6.26432218570348,4.015586386094761,5.658515738115934
7.843445767753725,7.28329875264631,7.206508687294172
2.6651330491191443,2.2610640585492225,3.790364895494528
5.0927875684481885,5.491981569483636,4.833189525298334
6.181784319138248,5.836505985488788,6.384010976764559
7.254907366951375,6.814132502124791,7.055590503182142
2.39897591795433,1.7119658979366703,0.0
8.607182573924444,8.09069966298228,8.31394831247004
5.13726953135435,4.319563355021934,4.404017924202715
5.7662924981732955,7.63675535317332,6.105341362990655
3.672910418501158,6.082462055839459,4.634503922927148
4.089885726687541,2.4730436096981774,1.5027011960393286
3.99638896868576,4.081721851910303,4.634503922927148
2.8897518575227275,4.015586386094761,0.0
4.950468643575782,4.659814587745524,4.923132308808885
2.0723510249441515,2.0124825509743043,4.833189525298334
5.450975782228282,5.539822206206257,3.9699169413802817
5.678716054143025,5.9470859399840466,6.476040344958531
6.379898397771376,5.254586462582506,6.534285623980695
4.483585706841648,6.130123046001464,4.634503922927148
3.672910418501158,3.715787584620155,2.222636313675174
2.0723510249441515,4.659814587745524,1.5027011960393286
5.821856196791921,5.135084994723551,4.634503922927148
3.0840644739229504,5.254586462582506,5.235518623091081
2.6651330491191443,3.336894247939065,0.0
5.180420924640742,5.737405416211542,6.505456903320894
6.694641682802472,6.8430224083238524,6.351982039129281
3.0840644739229504,0.0,2.7007023697212773
6.795232840243815,6.4130281510910585,6.841609948557689
7.3238849463674285,7.690730879912245,8.386890527111206
6.694641682802472,6.638503567430414,6.319225858587806
5.450975782228282,6.814132502124791,6.415344263426561
5.302632627565788,5.0047836626811755,5.0077952890480475
7.171813244471725,6.814132502124791,6.994661403874842
4.550900891626236,5.364942112134154,6.644163487368492
7.361868834435067,8.996726371821714,8.551056359011278
7.049133092741429,7.486168104743506,7.035565359850299
9.166973856433144,9.636818344622812,9.644767200986903
3.2552851184922167,2.821611910686548,5.235518623091081
4.483585706841648,5.165901090879312,3.5852470377747543
6.602460508416552,5.911159535326275,6.216243625116345
2.39897591795433,0.8145010275868445,2.222636313675174
6.679681392755137,6.734138931073335,6.90920076698151
8.534208613103871,8.020775621605042,8.493497846953723
6.902211666893816,6.1456664539175385,6.285708641057265
3.2552851184922167,4.702478185292994,0.0
4.899728298865276,4.475299840719172,5.854134386531398
0.0,4.015586386094761,0.0
5.302632627565788,4.823384168558622,5.807659781039243
4.735831830703193,4.861534698839405,0.0
6.07149324253407,5.1035962704463325,4.923132308808885
3.546674232801226,3.946272894914797,0.0
5.708502811759847,6.130123046001464,5.304083292016831
6.767200998519294,7.196414641473462,6.770696153912217
6.679681392755137,6.400125900474279,6.534285623980695
3.672910418501158,4.144957985997145,0.0
5.585477889119275,7.879185876167577,5.807659781039243
4.1776902641883265,4.373365238635449,4.833189525298334
8.638467181416384,8.344120721757768,8.954506085921004
3.896410477907952,4.081721851910303,3.790364895494528
4.483585706841648,4.205538357102999,3.790364895494528
4.950468643575782,5.0047836626811755,5.0877641140301835
2.8897518575227275,1.7119658979366703,4.5238588630139445
6.889265160020245,6.80437252742435,6.351982039129281
6.398291963653688,5.982139389596693,6.180215210348189
4.899728298865276,6.559474122283782,5.235518623091081
7.24477858840056,5.516100181801795,6.952563794755677
6.138674301186425,6.373969992103485,6.6174685627395045
4.26045608645493,0.8145010275868445,4.73726435659949
4.550900891626236,4.319563355021934,3.790364895494528
3.7889841620889375,4.659814587745524,4.5238588630139445
3.99638896868576,2.2610640585492225,3.790364895494528
4.483585706841648,4.523687636437971,4.833189525298334
7.106192990825142,6.016361302615454,6.180215210348189
9.671101490599243,9.70659748190364,9.853619621146755
8.209091490157746,8.01232192793657,7.978542941966453
3.546674232801226,3.5387438725858185,3.9699169413802817
6.66456434226896,5.630992092682936,5.807659781039243
5.875359050792234,5.695777156575738,6.143263963112935
0.0,2.657829414999577,0.0
4.61521471622295,4.823384168558622,5.1635320886888865
4.1776902641883265,3.715787584620155,3.0591668457024253
7.03744521454185,7.055412840494967,6.770696153912217
5.450975782228282,4.898702315377067,5.658515738115934
3.99638896868576,3.336894247939065,1.5027011960393286
5.378710013435007,4.570505040359563,5.235518623091081
2.8897518575227275,0.0,2.7007023697212773
4.61521471622295,5.695777156575738,5.304083292016831
8.695357800430138,8.545028875133834,8.52256413199032
3.0840644739229504,3.715787584620155,2.7007023697212773
7.294725999400352,6.734138931073335,7.224309999433207
4.26045608645493,4.015586386094761,2.222636313675174
5.708502811759847,5.539822206206257,5.5497675936882125
5.302632627565788,4.934936396407269,4.404017924202715
6.694641682802472,7.742759636721272,7.422373357722362
1.0486348977274242,0.0,3.5852470377747543
7.001802477877632,5.77786612320858,6.746261887040262
5.378710013435007,5.0047836626811755,5.759638078590581
8.240014654550583,8.003818406431467,7.776193568606545
8.66149332933232,8.668527046474539,8.551056359011278
6.537562555216269,6.016361302615454,6.887020492117266
6.138674301186425,5.855534643334439,5.432148998233806
2.0723510249441515,2.9686820998227965,0.0
4.26045608645493,1.331922760884799,2.222636313675174
6.752978147050246,6.206217698477419,5.807659781039243
6.379898397771376,6.220966586154782,6.143263963112935
4.26045608645493,5.855534643334439,2.222636313675174
7.072228562886965,7.127635657207253,7.623580684753999
0.0,0.0,0.0
6.554062779302044,6.333824915094227,5.709962718837696
4.847138132682166,4.861534698839405,3.5852470377747543
9.046781258531524,8.037535837541812,8.843707397566886
6.795232840243815,5.982139389596693,6.590270361239926
3.896410477907952,3.8734604635124894,3.790364895494528
4.61521471622295,4.934936396407269,4.73726435659949
7.060727042973199,6.52423256029589,6.644163487368492
4.4129752587859175,5.586127205074772,4.404017924202715
3.546674232801226,4.570505040359563,2.7007023697212773
5.821856196791921,5.797678758697136,5.807659781039243
2.6651330491191443,2.2610640585492225,3.5852470377747543
1.0486348977274242,3.629979818096817,0.0
8.066858248982692,7.658588482026544,8.13730041080556
4.6767834369679475,3.4413463201392127,6.105341362990655
6.52087143124184,5.911159535326275,5.658515738115934
0.0,2.2610640585492225,3.346054709805881
6.434390177234756,5.874315583411486,6.351982039129281
6.486898448837102,6.235566218317155,4.404017924202715
4.1776902641883265,1.331922760884799,3.9699169413802817
6.323267352821728,6.1456664539175385,4.833189525298334
3.7889841620889375,3.224285379172325,4.634503922927148
3.99638896868576,4.970282690265146,3.9699169413802817
4.847138132682166,5.0047836626811755,4.634503922927148
8.74650496047508,8.772303440552228,9.001717990072775
5.648301312529237,6.191316471987328,5.605166081998413
4.26045608645493,0.8145010275868445,2.222636313675174
5.519793718167039,6.066218622323608,5.942819859974084
4.089885726687541,4.61585078838867,6.251394180755229
3.99638896868576,4.61585078838867,3.346054709805881
7.672627621883631,6.814132502124791,7.055590503182142
0.0,0.0,0.0
3.7889841620889375,2.2610640585492225,2.222636313675174
7.417032941578635,6.559474122283782,6.505456903320894
3.0840644739229504,2.821611910686548,5.304083292016831
2.8897518575227275,3.715787584620155,4.634503922927148
7.24477858840056,7.0136696431945404,7.188484979036001
4.483585706841648,5.586127205074772,5.0077952890480475
10.377539249077232,9.562044583872968,9.657926205728907
5.926948481146398,5.282976793644549,4.73726435659949
6.001030361990174,6.451056699940695,6.384010976764559
5.794341827244804,5.737405416211542,6.026367935175742
3.2552851184922167,4.263677074451982,0.0
0.0,2.2610640585492225,1.5027011960393286
7.049133092741429,7.211263572795288,6.644163487368492
8.182806020129519,8.029180067986143,7.224309999433207
1.0486348977274242,2.2610640585492225,2.7007023697212773
5.263034636753109,4.523687636437971,3.346054709805881
6.618238890275671,7.225961227261914,7.391194019297933
7.959472337812002,7.35859233626361,7.978542941966453
7.049133092741429,6.6603104544080916,7.497495224004233
6.26432218570348,5.855534643334439,6.534285623980695
6.52087143124184,5.563160474360788,6.887020492117266
5.263034636753109,5.836505985488788,5.0077952890480475
5.341172734347689,5.539822206206257,4.273312842081705
6.767200998519294,6.935346183194669,6.143263963112935
5.302632627565788,4.570505040359563,5.235518623091081
7.254907366951375,6.2500195855915965,7.151747648744467
6.379898397771376,6.360712035010066,5.854134386531398
6.181784319138248,5.999351815217811,6.446011476171514
0.0,0.0,0.0
2.0723510249441515,2.821611910686548,3.0591668457024253
2.39897591795433,2.9686820998227965,3.346054709805881
6.6263294369063175,,7.000648940304913
5.305457830624016,,5.817842524086916
8.289726689663107,,8.610178296865705
4.531582777984604,,4.8904275518483145
3.3617092928764207,,1.541336626495835
4.439662999975433,,2.2694164769105942
5.406033162232234,,6.292430924220512
0.0,,0.0
0.0,,0.9674048923102424
6.518131447834783,,6.458351483223099
1.9468263315634875,,2.2694164769105942
6.246986546581152,,5.8893404910648375
7.796249078044682,,8.377193673887678
4.953273561611836,,4.794362111747247
3.634711799651865,,3.639677013987396
4.180428819962158,,4.580608929613616
4.39140932542033,,4.794362111747247
0.7772103564006736,,0.0
4.180428819962158,,4.02548275212475
1.9468263315634875,,0.0
5.750129984284146,,6.201718860928222
6.811919870087571,,5.935110196826683
4.617995133648742,,4.6914406784700216
5.406033162232234,,5.065265859574233
2.584167946796685,,3.3996089179664075
9.165390587088837,,9.337167986530984
7.629448446885902,,7.967736813193007
3.7153260891446704,,2.7510183104581927
7.048124291933656,,6.394254465449894
5.769137867242329,,5.105854363727924
4.575435833627302,,4.10772499717138
6.594713446622916,,6.238690897249208
5.225140046092457,,5.842071024845519
4.236136261201466,,3.1114590032192178
7.216837530675733,,7.434274923793394
2.401325369831886,,2.2694164769105942
11.853024571176467,,11.549247622961031
6.260482272209529,,6.489362782149032
8.934423985526807,,8.322274986477211
0.0,,0.0
7.613761193364623,,7.888524657609821
2.401325369831886,,1.9508269527020643
5.110582387912509,,4.521827482917072
8.283130006985818,,8.205737674112223
0.0,,0.0
8.403582670102521,,8.63465820638891
6.951587444978456,,7.29201967314311
0.7772103564006736,,0.0
4.180428819962158,,3.3996089179664075
1.6514266395573065,,0.0
9.072807291484716,,9.18446550862633
6.784157246689743,,6.607143000613398
1.2795471030274967,,0.0
6.058984597620728,,5.768129583832366
5.406033162232234,,5.979472391231978
7.310638637759849,,7.410168748927744
5.140085823727222,,4.10772499717138
9.184985439877112,,9.38330147169675
8.424714761100562,,8.68240605758281
4.919643509393843,,4.460548930911179
4.738621725110365,,4.6914406784700216
5.769137867242329,,6.022511065463767
6.5840189192069305,,6.292430924220512
3.7153260891446704,,4.6370888418991045
3.3617092928764207,,2.2694164769105942
2.1919001964604257,,1.541336626495835
2.401325369831886,,1.541336626495835
8.42770852077591,,7.88269668010838
0.0,,1.541336626495835
7.008682586191597,,6.804997605620443
3.0246987074308613,,3.1114590032192178
9.97038569409915,,10.412873202716163
5.544858804492465,,6.377775151174897
10.275504037003309,,10.259414345139149
5.806418437444359,,6.163774363983888
1.9468263315634875,,2.5302208690762416
7.890400244817572,,7.541732593097208
4.953273561611836,,4.743818998588079
0.7772103564006736,,0.0
6.540429955434854,,6.792618850730617
6.84812469760142,,5.768129583832366
7.216837530675733,,7.074086112435092
4.986137502541371,,4.6370888418991045
0.0,,0.0
6.119483232842074,,5.979472391231978
9.953866903810306,,10.279513409172669
4.236136261201466,,2.7510183104581927
2.892259673652012,,2.2694164769105942
7.958224302153153,,7.85319832881378
1.2795471030274967,,0.0
2.1919001964604257,,2.7510183104581927
7.890400244817572,,6.967994278708698
6.23336338179039,,6.001152214343189
0.0,,0.0
6.4608290612543335,,6.662613161785881
3.7916732345197177,,3.3996089179664075
1.6514266395573065,,0.9674048923102424
3.5493249877461848,,3.639677013987396
4.39140932542033,,4.6914406784700216
5.860592949861092,,5.39502060500585
5.860592949861092,,4.396551664627574
5.8956111456391325,,5.716642292891877
3.9332209460107537,,2.5302208690762416
3.634711799651865,,4.936163324154059
0.0,,0.0
1.6514266395573065,,2.2694164769105942
6.148807036467134,,5.690192780577433
6.219610348077359,,6.201718860928222
4.617995133648742,,4.460548930911179
9.150970743179773,,9.568952220849477
6.449090313207337,,5.22118758575261
7.209898178105701,,7.728776071582386
3.2578804018563177,,2.7510183104581927
3.9332209460107537,,4.580608929613616
3.9332209460107537,,2.9424659951760495
6.900783350329444,,6.742013543161964
5.140085823727222,,4.8431942786738436
7.392595838485521,,7.104449795183308
2.1919001964604257,,3.1114590032192178
6.495482873446011,,6.201718860928222
7.310638637759849,,7.134187579004931
9.97857469916196,,10.150858858128286
3.9332209460107537,,2.5302208690762416
5.750129984284146,,6.182871356711661
6.338908261311043,,6.473940456094648
3.0246987074308613,,3.746222763186613
9.134574253783605,,9.242501752308543
0.7772103564006736,,0.0
4.575435833627302,,4.10772499717138
5.140085823727222,,5.459084337743453
7.398711529628299,,7.578249820654361
7.498897639631634,,7.473577829278595
5.080462981596519,,4.8431942786738436
5.9297994568407315,,6.549454490541073
1.6514266395573065,,0.9674048923102424
4.236136261201466,,4.10772499717138
1.2795471030274967,,2.2694164769105942
2.746422465537691,,1.9508269527020643
4.659334832483568,,3.746222763186613
7.440810499711236,,6.923272180705386
5.406033162232234,,4.8904275518483145
4.439662999975433,,5.065265859574233
6.425322328499713,,5.979472391231978
0.7772103564006736,,1.9508269527020643
9.249008005084756,,9.76385318064735
5.477115179497726,,5.979472391231978
4.699522886302211,,4.1855307145708
5.588316154296536,,6.001152214343189
8.412677208949695,,9.010996843726312
6.951587444978456,,6.59293568798173
9.661334555102831,,9.697346310509948
0.0,,0.0
7.791608704968015,,7.748137344803073
5.197342089539107,,5.065265859574233
3.2578804018563177,,3.845438166100454
6.917917602931262,,6.043558310150323
2.1919001964604257,,4.02548275212475
0.7772103564006736,,3.5246307075254704
5.381538985252328,,4.8431942786738436
5.381538985252328,,4.580608929613616
5.6305026547340224,,5.427408040689324
7.237457538847907,,7.585443643991612
7.974693558969127,,7.870969617095844
5.769137867242329,,5.793200171817112
4.575435833627302,,5.327979353604507
7.966482431278515,,7.754533789353521
4.48635483653251,,3.5246307075254704
4.439662999975433,,3.845438166100454
4.699522886302211,,4.1855307145708
5.225140046092457,,5.663249288214105
2.1919001964604257,,1.9508269527020643
8.804562189806951,,8.79218270614533
5.946594518406529,,5.842071024845519
5.963196308907811,,6.022511065463767
1.6514266395573065,,1.9508269527020643
4.699522886302211,,4.6914406784700216
0.0,,0.9674048923102424
4.986137502541371,,5.145332136575571
4.39140932542033,,4.8431942786738436
10.017843694927898,,10.226431739021884
5.080462981596519,,4.8904275518483145
1.6514266395573065,,3.3996089179664075
0.0,,0.0
2.401325369831886,,1.541336626495835
7.608493972597707,,7.549110358473554
6.273852920878147,,6.57858707249385
7.796249078044682,,7.689256148288877
0.7772103564006736,,0.0
5.8956111456391325,,6.767538070402273
6.246986546581152,,5.793200171817112
4.849936096679554,,4.8431942786738436
4.738621725110365,,4.02548275212475
3.2578804018563177,,4.259354157918123
8.454376420538997,,8.585275827438739
4.3414856993539885,,4.521827482917072
9.413582119881656,,9.86338391129166
0.0,,0.9674048923102424
6.726975935719819,,6.084753445231857
3.999106096059519,,3.5246307075254704
6.4608290612543335,,6.274739075351769
2.746422465537691,,2.7510183104581927
7.823782180737476,,7.865070144146003
5.8956111456391325,,4.521827482917072
7.416904575608156,,7.385652926373246
7.958224302153153,,7.735258742492562
4.659334832483568,,4.8431942786738436
4.180428819962158,,4.10772499717138
11.851910607115936,,11.998141138079705
1.2795471030274967,,0.0
5.787898569531948,,4.980493639492919
1.6514266395573065,,0.0
7.094073652007864,,6.327176761654603
1.6514266395573065,,1.9508269527020643
4.289772378807899,,5.023502307965054
5.110582387912509,,4.396551664627574
0.0,,2.5302208690762416
4.575435833627302,,4.02548275212475
8.042663326643742,,8.779693026339892
5.453808154536049,,4.6370888418991045
4.236136261201466,,2.9424659951760495
6.351574570213523,,6.256827573966689
1.6514266395573065,,0.0
3.7916732345197177,,3.938267275349735
1.6514266395573065,,1.9508269527020643
3.7916732345197177,,1.9508269527020643
5.381538985252328,,5.579261339751742
6.883443153408037,,7.063821193980948
6.043455054057982,,5.716642292891877
2.401325369831886,,2.2694164769105942
2.892259673652012,,2.2694164769105942
3.7916732345197177,,2.5302208690762416
0.7772103564006736,,0.0
4.919643509393843,,4.8431942786738436
0.0,,0.9674048923102424
7.6603203155640225,,7.816985228114627
6.484023842317532,,6.238690897249208
4.236136261201466,,5.065265859574233
3.1459955578315,,3.746222763186613
4.919643509393843,,4.460548930911179
3.2578804018563177,,3.1114590032192178
9.219944587344282,,8.744778203328877
8.069746021161784,,7.434274923793394
7.890400244817572,,7.5042669912730195
8.256437442554404,,7.592601774110125
1.2795471030274967,,0.0
1.9468263315634875,,1.541336626495835
5.018269461033357,,4.8904275518483145
6.40115620471674,,6.6212117663264545
6.260482272209529,,7.2012809173946595
4.289772378807899,,4.259354157918123
4.953273561611836,,4.10772499717138
7.837354160917858,,7.888524657609821
7.244265898529531,,7.15367759540957
4.617995133648742,,4.259354157918123
4.953273561611836,,4.6914406784700216
5.9297994568407315,,6.043558310150323
7.810081310305824,,8.148602588375658
9.076626974079051,,8.641576844352665
3.8641823602813914,,4.02548275212475
6.437255266636636,,5.579261339751742
0.0,,0.0
4.699522886302211,,2.5302208690762416
5.946594518406529,,3.5246307075254704
7.277833928157382,,6.549454490541073
4.39140932542033,,4.8904275518483145
5.912806571193141,,6.163774363983888
0.0,,0.0
8.483440504813201,,8.158283622377503
3.634711799651865,,2.7510183104581927
5.69155589194651,,6.256827573966689
3.634711799651865,,3.938267275349735
9.739310230831304,,9.97714753878483
6.376578375781896,,6.716029283591187
5.453808154536049,,5.8893404910648375
3.634711799651865,,3.746222763186613
5.711346006425334,,5.427408040689324
2.1919001964604257,,1.541336626495835
3.3617092928764207,,3.3996089179664075
0.7772103564006736,,0.0
0.0,,1.541336626495835
1.9468263315634875,,2.5302208690762416
4.236136261201466,,3.3996089179664075
1.2795471030274967,,1.541336626495835
6.784157246689743,,6.292430924220512
4.617995133648742,,3.3996089179664075
3.0246987074308613,,0.0
7.8192296656721405,,7.4813115386323314
4.813777272288485,,5.768129583832366
3.999106096059519,,3.3996089179664075
7.223743664727867,,6.888796653358917
1.6514266395573065,,1.541336626495835
7.715258052645833,,7.627869182349187
3.2578804018563177,,3.5246307075254704
5.730868320163798,,5.579261339751742
3.634711799651865,,3.845438166100454
5.331266589603605,,4.259354157918123
5.110582387912509,,5.22118758575261
7.310638637759849,,7.2653922107751505
7.392595838485521,,7.627869182349187
0.0,,0.0
2.1919001964604257,,0.0
5.979609225963587,,5.607804056031114
2.401325369831886,,2.7510183104581927
8.52596743192582,,8.256195235999066
5.750129984284146,,5.361889365568656
3.999106096059519,,3.2627160682075655
1.9468263315634875,,2.2694164769105942
7.086516337472622,,6.865346597560178
9.73448274122136,,9.97166745255335
4.236136261201466,,4.936163324154059
6.376578375781896,,5.663249288214105
6.495482873446011,,5.716642292891877
6.615867568309883,,7.043069616353553
0.0,,0.0
2.892259673652012,,2.2694164769105942
1.6514266395573065,,2.2694164769105942
7.34271397190757,,7.043069616353553
0.7772103564006736,,1.9508269527020643
4.776688836150023,,5.427408040689324
2.584167946796685,,1.9508269527020643
6.177546666935104,,5.979472391231978
6.615867568309883,,6.256827573966689
7.188877574729653,,7.675838551328577
5.824703575956722,,5.490080055647806
4.617995133648742,,5.145332136575571
5.140085823727222,,5.105854363727924
3.8641823602813914,,2.7510183104581927
1.2795471030274967,,0.0
7.543740095007808,,7.5710199463532515
6.027756525816631,,5.817842524086916
6.148807036467134,,5.490080055647806
4.659334832483568,,4.794362111747247
4.180428819962158,,3.845438166100454
8.205017464331647,,8.950994840730237
4.439662999975433,,4.6370888418991045
4.776688836150023,,4.6370888418991045
4.617995133648742,,4.396551664627574
3.4585648108342464,,2.2694164769105942
7.237457538847907,,7.385652926373246
4.39140932542033,,3.845438166100454
1.6514266395573065,,2.5302208690762416
3.3617092928764207,,1.9508269527020643
8.553637871229474,,8.205737674112223
7.392595838485521,,7.76724222271587
7.361622357995455,,7.792328102324463
1.2795471030274967,,0.0
8.169690239593388,,7.641738238383324
3.0246987074308613,,1.541336626495835
0.7772103564006736,,0.0
8.118732158713964,,7.9058686499183715
6.219610348077359,,5.459084337743453
1.9468263315634875,,0.0
5.946594518406529,,6.361105423335319
5.430118408561993,,5.716642292891877
6.755849870781643,,6.238690897249208
5.140085823727222,,5.520423825414303
5.140085823727222,,5.520423825414303
5.588316154296536,,4.8431942786738436
3.4585648108342464,,3.639677013987396
7.422918296173071,,8.335135349955541
0.7772103564006736,,0.0
4.439662999975433,,3.2627160682075655
5.946594518406529,,6.084753445231857
4.617995133648742,,3.3996089179664075
5.711346006425334,,5.817842524086916
6.746289291117568,,6.6351446612098135
5.8956111456391325,,5.979472391231978
3.0246987074308613,,1.9508269527020643
4.986137502541371,,5.105854363727924
1.2795471030274967,,0.9674048923102424
5.356621751401304,,5.183758354116718
6.364130640930874,,6.742013543161964
4.39140932542033,,4.32958319926474
4.813777272288485,,4.6370888418991045
5.769137867242329,,6.473940456094648
5.2524124990211,,5.607804056031114
6.657267409371851,,6.377775151174897
5.750129984284146,,5.935110196826683
3.8641823602813914,,3.746222763186613
5.477115179497726,,5.065265859574233
6.765347510414817,,5.912406842639173
0.7772103564006736,,0.0
0.7772103564006736,,0.0
8.118732158713964,,8.269655537672516
6.677530181551333,,6.220323311434717
0.0,,2.5302208690762416
3.1459955578315,,3.639677013987396
8.20152341610698,,7.599724563456278
4.776688836150023,,5.293253074851672
7.729884982885957,,7.15367759540957
1.2795471030274967,,0.9674048923102424
3.7153260891446704,,2.7510183104581927
2.746422465537691,,0.0
1.6514266395573065,,0.0
2.584167946796685,,1.541336626495835
2.401325369831886,,2.9424659951760495
4.659334832483568,,3.938267275349735
5.750129984284146,,5.842071024845519
6.191704601326645,,6.426658913196865
7.98285821721922,,7.669082665106966
3.0246987074308613,,2.2694164769105942
4.48635483653251,,3.1114590032192178
9.326440214105515,,9.330761187725296
3.9332209460107537,,2.7510183104581927
5.279178948907182,,3.746222763186613
3.8641823602813914,,4.1855307145708
4.062113346059046,,4.460548930911179
5.305457830624016,,4.794362111747247
5.69155589194651,,6.394254465449894
3.7916732345197177,,3.3996089179664075
2.584167946796685,,3.5246307075254704
1.6514266395573065,,2.5302208690762416
0.0,,0.0
6.615867568309883,,5.607804056031114
1.2795471030274967,,1.9508269527020643
8.081199043792108,,7.599724563456278
6.736664931658247,,6.956943050848777
7.398711529628299,,7.114430653286817
7.26450029470686,,7.063821193980948
3.3617092928764207,,4.1855307145708
1.6514266395573065,,1.9508269527020643
4.953273561611836,,5.842071024845519
6.636715985923314,,6.361105423335319
4.48635483653251,,4.580608929613616
6.605329279767793,,6.084753445231857
3.2578804018563177,,3.746222763186613
5.750129984284146,,5.22118758575261
0.0,,0.9674048923102424
4.813777272288485,,4.6370888418991045
5.049701334974736,,5.490080055647806
8.144436176622714,,8.52294618233559
4.39140932542033,,3.639677013987396
8.137138782896917,,7.9058686499183715
4.699522886302211,,3.938267275349735
5.651142147478838,,5.065265859574233
5.522629174160855,,5.361889365568656
4.813777272288485,,4.521827482917072
5.305457830624016,,4.794362111747247
1.6514266395573065,,1.541336626495835
5.60956359834747,,5.459084337743453
4.39140932542033,,3.639677013987396
0.0,,0.0
2.401325369831886,,0.9674048923102424
0.7772103564006736,,1.9508269527020643
3.0246987074308613,,1.541336626495835
1.2795471030274967,,0.9674048923102424
5.588316154296536,,4.6914406784700216
0.0,,0.0
11.01764455800503,,11.07363756097276
3.8641823602813914,,3.1114590032192178
6.148807036467134,,5.579261339751742
5.544858804492465,,5.39502060500585
5.110582387912509,,4.521827482917072
2.892259673652012,,1.9508269527020643
4.776688836150023,,5.579261339751742
4.813777272288485,,4.580608929613616
5.500051653239064,,5.520423825414303
5.356621751401304,,4.396551664627574
5.140085823727222,,4.1855307145708
7.145894601751547,,7.393871243046704
0.0,,0.9674048923102424
2.401325369831886,,2.5302208690762416
2.401325369831886,,1.541336626495835
4.122483625321924,,3.1114590032192178
3.7916732345197177,,4.02548275212475
3.999106096059519,,4.02548275212475
2.746422465537691,,3.746222763186613
0.0,,1.9508269527020643
5.995837518786952,,6.394254465449894
1.6514266395573065,,2.7510183104581927
1.2795471030274967,,0.0
4.3414856993539885,,2.2694164769105942
0.0,,0.0
0.0,,0.0
9.099335102224488,,9.60833115351448
1.6514266395573065,,1.541336626495835
3.7916732345197177,,3.845438166100454
8.623191582352604,,8.718844139958152
7.131277574219494,,6.8415090698073335
2.584167946796685,,1.541336626495835
5.979609225963587,,6.182871356711661
2.584167946796685,,0.0
7.063603924098773,,7.229106755949058
3.0246987074308613,,2.7510183104581927
6.784157246689743,,6.344240830097475
6.177546666935104,,5.663249288214105
4.531582777984604,,5.22118758575261
7.0166576626587345,,7.669082665106966
5.453808154536049,,4.32958319926474
4.659334832483568,,5.361889365568656
6.6674343692098645,,6.377775151174897
5.305457830624016,,5.768129583832366
1.2795471030274967,,1.9508269527020643
2.892259673652012,,2.5302208690762416
1.6514266395573065,,1.541336626495835
1.2795471030274967,,0.9674048923102424
4.439662999975433,,4.02548275212475
7.655220662602489,,7.900110455712265
6.6263294369063175,,5.935110196826683
1.6514266395573065,,4.32958319926474
6.830135852123289,,6.327176761654603
3.2578804018563177,,2.5302208690762416
4.885210773049062,,4.980493639492919
5.522629174160855,,4.980493639492919
3.8641823602813914,,3.746222763186613
6.437255266636636,,5.768129583832366
5.842759860813478,,5.065265859574233
5.979609225963587,,5.327979353604507
0.0,,0.0
2.746422465537691,,4.1855307145708
2.746422465537691,,1.541336626495835
1.9468263315634875,,1.541336626495835
1.9468263315634875,,1.9508269527020643
4.617995133648742,,4.794362111747247
4.986137502541371,,5.105854363727924
2.746422465537691,,1.541336626495835
4.575435833627302,,5.520423825414303
2.892259673652012,,2.2694164769105942
4.236136261201466,,4.02548275212475
0.0,,1.9508269527020643
5.824703575956722,,5.5501425085122
4.738621725110365,,4.32958319926474
0.0,,0.0
6.163248415049496,,5.912406842639173
3.0246987074308613,,3.3996089179664075
0.7772103564006736,,0.0
1.6514266395573065,,0.9674048923102424
3.2578804018563177,,1.541336626495835
7.0166576626587345,,7.172907818184244
3.3617092928764207,,3.5246307075254704
4.531582777984604,,3.938267275349735
8.081199043792108,,8.269655537672516
6.8391583123595545,,7.369074498388717
2.1919001964604257,,3.639677013987396
6.191704601326645,,5.742615612720075
3.7153260891446704,,2.7510183104581927
4.738621725110365,,4.743818998588079
2.746422465537691,,2.2694164769105942
10.935895198419152,,10.337118156005582
0.0,,1.541336626495835
5.946594518406529,,6.292430924220512
0.0,,0.0
3.2578804018563177,,2.5302208690762416
1.2795471030274967,,0.9674048923102424
6.636715985923314,,6.702859519966016
5.197342089539107,,5.145332136575571
8.007078561748253,,8.43806790506914
1.2795471030274967,,0.0
9.6291847745155,,9.757498012951736
5.500051653239064,,4.936163324154059
6.104594749209463,,6.220323311434717
2.746422465537691,,3.5246307075254704
4.289772378807899,,3.2627160682075655
6.573244522093157,,6.144421188971585
1.6514266395573065,,1.9508269527020643
8.913220001861692,,8.962091551552074
7.990976929041616,,7.939943370344451
6.326129761354973,,6.394254465449894
3.4585648108342464,,2.7510183104581927
5.522629174160855,,6.163774363983888
9.179667728732277,,8.163099886573915
0.0,,0.9674048923102424
5.381538985252328,,3.845438166100454
3.0246987074308613,,2.9424659951760495
6.540429955434854,,6.30990844266309
5.500051653239064,,6.394254465449894
2.584167946796685,,2.5302208690762416
4.738621725110365,,5.065265859574233
2.584167946796685,,1.541336626495835
1.2795471030274967,,1.541336626495835
4.575435833627302,,4.259354157918123
0.7772103564006736,,0.9674048923102424
9.51136498776309,,10.11898960930506
8.834196677953482,,8.631186405274695
1.2795471030274967,,2.9424659951760495
5.018269461033357,,5.065265859574233
4.776688836150023,,4.794362111747247
9.04383269490639,,9.29171115788445
5.453808154536049,,5.39502060500585
5.2524124990211,,3.5246307075254704
7.710349267721902,,7.457984916313427
2.401325369831886,,2.2694164769105942
4.439662999975433,,3.5246307075254704
3.999106096059519,,4.580608929613616
7.0166576626587345,,6.923272180705386
1.2795471030274967,,0.0
6.043455054057982,,5.39502060500585
6.717221429241322,,6.201718860928222
4.617995133648742,,3.746222763186613
6.472473065247122,,7.032580810243728
7.1531479520084,,7.043069616353553
4.986137502541371,,5.145332136575571
0.7772103564006736,,0.0
4.738621725110365,,5.065265859574233
1.2795471030274967,,2.9424659951760495
9.667679423568291,,9.32001955533782
5.197342089539107,,5.579261339751742
1.9468263315634875,,0.0
4.617995133648742,,4.1855307145708
0.0,,0.0
4.617995133648742,,5.145332136575571
0.0,,0.0
6.043455054057982,,5.635793012592533
0.7772103564006736,,0.0
3.7153260891446704,,3.639677013987396
5.878208293690751,,6.57858707249385
5.522629174160855,,4.794362111747247
0.0,,0.0
2.584167946796685,,1.541336626495835
0.0,,0.0
0.0,,0.0
8.636191243513895,,9.071167254581736
3.7916732345197177,,3.5246307075254704
4.39140932542033,,2.2694164769105942
3.7153260891446704,,2.5302208690762416
5.049701334974736,,3.2627160682075655
1.6514266395573065,,1.541336626495835
0.0,,0.9674048923102424
6.968132206390314,,7.247363558018637
6.892139303859188,,6.81727105004612
6.697512298679454,,7.256406046118196
6.449090313207337,,6.442592222734471
4.699522886302211,,4.259354157918123
3.5493249877461848,,3.845438166100454
5.049701334974736,,4.521827482917072
3.9332209460107537,,3.2627160682075655
6.647028292130711,,6.124804864843448
0.7772103564006736,,0.9674048923102424
3.8641823602813914,,3.1114590032192178
3.0246987074308613,,1.9508269527020643
1.9468263315634875,,0.0
4.39140932542033,,4.02548275212475
3.7916732345197177,,4.02548275212475
4.885210773049062,,4.10772499717138
0.7772103564006736,,1.9508269527020643
1.9468263315634875,,0.9674048923102424
4.180428819962158,,3.639677013987396
3.2578804018563177,,2.2694164769105942
5.279178948907182,,4.794362111747247
9.345561681110992,,9.435986549708264
3.0246987074308613,,3.5246307075254704
7.966482431278515,,8.519194503817968
0.0,,1.541336626495835
1.6514266395573065,,2.2694164769105942
0.7772103564006736,,2.5302208690762416
0.0,,0.0
2.746422465537691,,3.639677013987396
8.492046768467263,,8.861972805977725
0.0,,0.0
5.080462981596519,,4.521827482917072
1.6514266395573065,,1.541336626495835
0.7772103564006736,,1.9508269527020643
2.584167946796685,,0.9674048923102424
1.2795471030274967,,0.0
0.0,,0.0
3.9332209460107537,,2.2694164769105942
6.177546666935104,,7.256406046118196
0.0,,0.0
4.986137502541371,,4.6370888418991045
6.40115620471674,,6.256827573966689
3.0246987074308613,,3.3996089179664075
0.0,,0.0
1.9468263315634875,,0.9674048923102424
0.0,,0.0
0.7772103564006736,,1.541336626495835
0.7772103564006736,,0.0
1.2795471030274967,,0.9674048923102424
4.3414856993539885,,4.1855307145708
2.746422465537691,,0.9674048923102424
2.584167946796685,,3.1114590032192178
0.0,,0.0
0.0,,0.9674048923102424
2.401325369831886,,1.9508269527020643
2.1919001964604257,,0.9674048923102424
0.0,,0.9674048923102424
0.7772103564006736,,0.0
0.7772103564006736,,0.0
0.0,,0.0
1.2795471030274967,,0.0
3.4585648108342464,,0.0
4.575435833627302,,1.9508269527020643
1.9468263315634875,,0.0
0.0,,0.0
2.746422465537691,,3.639677013987396
0.0,,0.0
1.6514266395573065,,2.2694164769105942
0.0,,0.0
0.0,,0.0
0.0,,0.0
0.7772103564006736,,0.0
7.116510933460998,,7.219890980038112
1.2795471030274967,,1.541336626495835
0.0,,0.0
3.3617092928764207,,3.746222763186613
11.205101880955194,,11.2554470993241
0.0,,0.0
1.6514266395573065,,0.0
2.1919001964604257,,2.2694164769105942
1.6514266395573065,,2.2694164769105942
0.7772103564006736,,0.0
1.9468263315634875,,0.9674048923102424
0.7772103564006736,,0.9674048923102424
0.0,,0.0
1.2795471030274967,,0.0
8.631005426855868,,8.928542032990977
1.2795471030274967,,0.9674048923102424
0.0,,1.9508269527020643
0.7772103564006736,,1.541336626495835
3.2578804018563177,,1.541336626495835
4.236136261201466,,4.32958319926474
6.472473065247122,,4.521827482917072
2.584167946796685,,1.9508269527020643
1.2795471030274967,,0.0
2.892259673652012,,0.9674048923102424
1.2795471030274967,,0.0
0.0,,0.0
1.6514266395573065,,1.541336626495835
3.2578804018563177,,1.541336626495835
2.892259673652012,,1.541336626495835
2.1919001964604257,,2.2694164769105942
0.0,,0.0
1.6514266395573065,,0.0
0.7772103564006736,,0.9674048923102424
0.7772103564006736,,0.0
2.1919001964604257,,1.541336626495835
0.0,,0.9674048923102424
2.1919001964604257,,2.2694164769105942
3.5493249877461848,,3.3996089179664075
1.6514266395573065,,0.0
0.0,,2.9424659951760495
1.9468263315634875,,0.0
1.2795471030274967,,0.9674048923102424
2.892259673652012,,1.541336626495835
5.168997979309402,,3.639677013987396
1.9468263315634875,,0.0
1.2795471030274967,,1.541336626495835
0.7772103564006736,,0.0
3.7153260891446704,,1.9508269527020643
0.7772103564006736,,0.0
2.892259673652012,,1.9508269527020643
0.7772103564006736,,0.0
0.0,,0.0
1.2795471030274967,,0.0
2.401325369831886,,0.0
1.9468263315634875,,0.0
3.634711799651865,,1.9508269527020643
1.2795471030274967,,0.0
0.0,,0.0
2.746422465537691,,0.0
2.1919001964604257,,0.0
3.8641823602813914,,0.0
3.9332209460107537,,2.2694164769105942
1.9468263315634875,,0.0
1.2795471030274967,,0.0
2.892259673652012,,1.541336626495835
1.9468263315634875,,1.9508269527020643
4.531582777984604,,2.7510183104581927
3.0246987074308613,,1.9508269527020643
3.7153260891446704,,1.541336626495835
0.7772103564006736,,0.0
3.1459955578315,,0.9674048923102424
1.2795471030274967,,0.0
3.0246987074308613,,0.0
0.0,,0.0
0.7772103564006736,,0.0
3.3617092928764207,,0.9674048923102424
2.584167946796685,,0.0
2.584167946796685,,0.0
3.3617092928764207,,2.2694164769105942
2.584167946796685,,0.0
2.401325369831886,,0.0
4.575435833627302,,2.5302208690762416
0.0,,0.9674048923102424
1.2795471030274967,,0.0
0.0,,0.0
2.892259673652012,,0.0
3.2578804018563177,,2.5302208690762416
0.7772103564006736,,0.0
0.7772103564006736,,0.0
1.6514266395573065,,0.0
0.7772103564006736,,0.0
0.7772103564006736,,0.0
2.1919001964604257,,0.0
3.0246987074308613,,0.0
1.2795471030274967,,0.0
1.6514266395573065,,0.0
0.7772103564006736,,0.9674048923102424
1.2795471030274967,,0.0
8.46898165093545,,8.481131160629582
0.0,,0.9674048923102424
0.7772103564006736,,0.0
3.4585648108342464,,2.7510183104581927
1.6514266395573065,,0.0
0.7772103564006736,,0.0
,,0.0
,,8.038169949256611
,,4.791544335231516
,,2.8789038053543625
,,1.1834433053749518
,,4.723757288584439
,,5.089613881671589
,,8.967441037987932
,,5.863026295196434
,,7.6203079931577005
,,5.2904044713803815
,,11.331149104422073
,,5.2904044713803815
,,5.765260051579519
,,1.8247124464825184
,,4.791544335231516
,,3.4814869927558276
,,6.570879805121432
,,7.26248800542526
,,4.415414689294443
,,4.577807992608698
,,1.8247124464825184
,,4.23239580385111
,,2.267100056198125
,,5.8311680533724175
,,6.91278284573583
,,1.1834433053749518
,,2.267100056198125
,,4.918251951624434
,,5.9545856661806
,,4.577807992608698
,,3.636988544242049
,,6.385893945030639
,,3.77734814607362
,,5.798590386948119
,,6.429100257947972
,,6.89748154626835
,,8.171362605254824
,,1.8247124464825184
,,4.977663099863604
,,7.693009326823929
,,4.415414689294443
,,3.905254781686303
,,1.8247124464825184
,,4.415414689294443
,,1.8247124464825184
,,9.552664037768544
,,8.845166015099617
,,3.4814869927558276
,,1.8247124464825184
,,8.896096403939271
,,1.1834433053749518
,,5.983858176426806
,,2.60519275062505
,,8.372896889968203
,,2.267100056198125
,,8.499908381232462
,,9.495375742091198
,,4.415414689294443
,,5.798590386948119
,,4.723757288584439
,,9.014299166661896
,,9.41168545125679
,,4.723757288584439
,,3.905254781686303
,,1.8247124464825184
,,5.3812080253052255
,,4.723757288584439
,,0.0
,,5.089613881671589
,,6.927923560496865
,,7.770644852730052
,,4.326805502244239
,,7.084758325781318
,,8.038169949256611
,,4.918251951624434
,,6.148019091837476
,,5.73114144399951
,,10.453108592460785
,,5.089613881671589
,,5.6236595680045784
,,2.267100056198125
,,6.363795662782939
,,2.267100056198125
,,3.307176954881424
,,8.202824360522701
,,7.321005801361459
,,7.043647917329509
,,6.271853643578646
,,7.355010033773451
,,4.918251951624434
,,7.48353750138407
,,4.498895059411287
,,1.8247124464825184
,,7.921987135864425
,,7.015575394518521
,,6.173650968882752
,,8.411110908697623
,,8.024148570701053
,,6.942907026196637
,,1.1834433053749518
,,2.8789038053543625
,,5.894196201735932
,,5.336520529995646
,,6.69996438414535
,,3.77734814607362
,,7.693009326823929
,,4.131372643555347
,,6.271853643578646
,,2.60519275062505
,,4.856288740733605
,,5.696196373423662
,,2.8789038053543625
,,2.8789038053543625
,,8.741861799706866
,,0.0
,,6.646050218308121
,,7.921987135864425
,,0.0
,,6.682215923708494
,,7.803852434002517
,,2.267100056198125
,,4.856288740733605
,,4.577807992608698
,,8.458801226136467
,,6.148019091837476
,,3.636988544242049
,,6.0953473268600815
,,5.924706889608704
,,4.131372643555347
,,8.079434536728375
,,5.765260051579519
,,3.4814869927558276
,,4.498895059411287
,,6.802100549969229
,,6.682215923708494
,,8.132679832688536
,,4.415414689294443
,,4.23239580385111
,,2.267100056198125
,,0.0
,,7.4524630814971715
,,4.977663099863604
,,7.098205527503011
,,6.068272311681
,,2.60519275062505
,,0.0
,,8.126130650560755
,,2.267100056198125
,,5.142491589862
,,7.321005801361459
,,4.131372643555347
,,7.213902372146604
,,5.507520951718684
,,6.121923572062239
,,3.905254781686303
,,2.267100056198125
,,7.26248800542526
,,7.728030749141865
,,7.553542906596433
,,8.715927860063292
,,1.8247124464825184
,,8.489740877486494
,,5.9545856661806
,,8.985643948802585
,,1.1834433053749518
,,4.326805502244239
,,4.326805502244239
,,8.911412323610957
,,8.525017994954839
,,6.363795662782939
,,1.1834433053749518
,,2.8789038053543625
,,1.1834433053749518
,,5.2904044713803815
,,3.307176954881424
,,5.660383804576781
,,1.8247124464825184
,,6.173650968882752
,,6.198835391211512
,,7.399137084945248
,,8.171362605254824
,,5.983858176426806
,,7.250494129819573
,,8.269715974823303
,,7.553542906596433
,,3.1088743174978104
,,4.977663099863604
,,5.8311680533724175
,,0.0
,,5.193499550623225
,,4.131372643555347
,,4.577807992608698
,,6.7174971486483495
,,1.1834433053749518
,,6.271853643578646
,,6.121923572062239
,,6.121923572062239
,,4.326805502244239
,,3.4814869927558276
,,3.77734814607362
,,5.924706889608704
,,4.977663099863604
,,2.8789038053543625
,,5.336520529995646
,,7.137811061821478
,,4.577807992608698
,,8.126130650560755
,,8.281551758428114
,,4.23239580385111
,,4.022739200867584
,,4.022739200867584
,,7.779018681628212
,,0.0
,,7.9444960956975645
,,5.3812080253052255
,,8.499908381232462
,,6.385893945030639
,,1.8247124464825184
,,4.918251951624434
,,8.139199418797334
,,2.60519275062505
,,9.520563683151195
,,6.247922513616003
,,5.089613881671589
,,1.1834433053749518
,,3.1088743174978104
,,2.267100056198125
,,3.77734814607362
,,1.1834433053749518
,,6.407658840081284
,,4.326805502244239
,,9.00718854391309
,,5.9545856661806
,,5.242765488435826
,,3.307176954881424
,,8.685070354306331
,,3.636988544242049
,,0.0
,,6.341353620828216
,,2.8789038053543625
,,1.8247124464825184
,,6.450227673240915
,,8.489740877486494
,,8.763122893662247
,,1.8247124464825184
,,7.6203079931577005
,,5.9545856661806
,,1.1834433053749518
,,1.1834433053749518
,,6.198835391211512
,,3.636988544242049
,,4.918251951624434
,,8.065810395356001
,,7.6203079931577005
,,3.307176954881424
,,1.8247124464825184
,,5.547281733844252
,,2.8789038053543625
,,8.316487428109443
,,6.450227673240915
,,1.8247124464825184
,,2.60519275062505
,,4.326805502244239
,,6.768852151258817
,,5.73114144399951
,,1.1834433053749518
,,3.1088743174978104
,,2.8789038053543625
,,3.4814869927558276
,,6.173650968882752
,,3.4814869927558276
,,6.511814634277128
,,3.636988544242049
,,4.131372643555347
,,4.918251951624434
,,4.131372643555347
,,6.450227673240915
,,6.86638330960924
,,4.791544335231516
,,4.498895059411287
,,4.23239580385111
,,6.551458866771867
,,3.77734814607362
,,1.1834433053749518
,,5.242765488435826
,,6.66424639398753
,,6.0953473268600815
,,7.05748195866336
,,9.24337066419101
,,8.215219433822085
,,2.267100056198125
,,3.905254781686303
,,5.73114144399951
,,6.429100257947972
,,0.0
,,7.648002089155828
,,0.0
,,1.1834433053749518
,,0.0
,,3.4814869927558276
,,3.307176954881424
,,1.1834433053749518
,,3.307176954881424
,,7.111528545945102
,,6.91278284573583
,,7.399137084945248
,,7.420704583642466
,,5.547281733844252
,,8.126130650560755
,,7.592071856930792
,,7.914405425776567
,,5.894196201735932
,,1.8247124464825184
,,7.238399706385998
,,8.269715974823303
,,4.652627462197849
,,1.8247124464825184
,,0.0
,,5.660383804576781
,,6.531772920650441
,,5.193499550623225
,,4.415414689294443
,,6.148019091837476
,,6.4710501503060005
,,5.507520951718684
,,4.415414689294443
,,0.0
,,5.336520529995646
,,5.8311680533724175
,,6.148019091837476
,,5.193499550623225
,,3.1088743174978104
,,4.856288740733605
,,7.9444960956975645
,,5.660383804576781
,,4.415414689294443
,,6.407658840081284
,,8.956408019143034
,,0.0
,,5.089613881671589
,,5.2904044713803815
,,7.043647917329509
,,8.662618066422834
,,2.267100056198125
,,4.856288740733605
,,7.891418261035543
,,2.267100056198125
,,2.8789038053543625
,,1.8247124464825184
,,9.373486851167122
,,6.148019091837476
,,3.4814869927558276
,,2.60519275062505
,,7.431368617399723
,,0.0
,,6.49157636657488
,,3.77734814607362
,,4.918251951624434
,,2.8789038053543625
,,1.1834433053749518
,,5.2904044713803815
,,8.411110908697623
,,5.58597603254172
,,6.295394277517506
,,5.58597603254172
,,4.977663099863604
,,4.022739200867584
,,6.834599934363929
,,5.424552811251994
,,8.68060776327604
,,3.4814869927558276
,,5.424552811251994
,,4.131372643555347
,,4.415414689294443
,,2.60519275062505
,,5.863026295196434
,,5.142491589862
,,6.223587713560331
,,7.787344186696627
,,4.415414689294443
,,4.856288740733605
,,3.1088743174978104
,,5.507520951718684
,,7.2014959291835705
,,7.111528545945102
,,8.052056366352383
,,3.905254781686303
,,6.590042775979223
,,4.918251951624434
,,6.802100549969229
,,1.8247124464825184
,,4.498895059411287
,,3.4814869927558276
,,10.39163903260105
,,0.0
,,6.834599934363929
,,5.696196373423662
,,4.498895059411287
,,3.4814869927558276
,,0.0
,,2.8789038053543625
,,5.0347241181852604
,,5.089613881671589
,,6.223587713560331
,,4.131372643555347
,,2.267100056198125
,,3.636988544242049
,,3.77734814607362
,,6.66424639398753
,,7.2743829912509135
,,3.636988544242049
,,4.131372643555347
,,5.894196201735932
,,5.336520529995646
,,1.8247124464825184
,,8.829126400251173
,,7.3661689741338146
,,1.8247124464825184
,,5.924706889608704
,,5.242765488435826
,,7.297882723688286
,,3.905254781686303
,,8.184029758366442
,,3.307176954881424
,,5.193499550623225
,,0.0
,,7.250494129819573
,,3.77734814607362
,,5.242765488435826
,,2.8789038053543625
,,7.9370320617670975
,,5.894196201735932
,,5.798590386948119
,,5.142491589862
,,5.336520529995646
,,8.68060776327604
,,3.4814869927558276
,,4.498895059411287
,,5.983858176426806
,,4.022739200867584
,,0.0
,,6.407658840081284
,,8.15215086453339
,,6.271853643578646
,,2.60519275062505
,,4.326805502244239
,,4.131372643555347
,,7.92952921044221
,,2.60519275062505
,,4.415414689294443
,,2.8789038053543625
,,5.8311680533724175
,,5.6236595680045784
,,7.111528545945102
,,4.577807992608698
,,6.570879805121432
,,6.590042775979223
,,5.142491589862
,,6.927923560496865
,,4.723757288584439
,,5.983858176426806
,,3.307176954881424
,,7.2014959291835705
,,5.8311680533724175
,,6.363795662782939
,,4.415414689294443
,,5.924706889608704
,,5.424552811251994
,,6.511814634277128
,,5.242765488435826
,,2.267100056198125
,,6.148019091837476
,,0.0
,,5.894196201735932
,,4.723757288584439
,,1.1834433053749518
,,4.577807992608698
,,7.648002089155828
,,6.4710501503060005
,,5.336520529995646
,,3.1088743174978104
,,4.791544335231516
,,7.2743829912509135
,,3.4814869927558276
,,5.863026295196434
,,7.693009326823929
,,3.4814869927558276
,,6.6089545427476635
,,6.682215923708494
,,4.022739200867584
,,4.326805502244239
,,4.791544335231516
,,4.326805502244239
,,3.307176954881424
,,5.0347241181852604
,,5.0347241181852604
,,6.551458866771867
,,4.791544335231516
,,4.23239580385111
,,6.198835391211512
,,7.388231209718052
,,4.652627462197849
,,6.49157636657488
,,7.098205527503011
,,6.407658840081284
,,2.267100056198125
,,0.0
,,1.1834433053749518
,,3.905254781686303
,,2.60519275062505
,,5.424552811251994
,,3.4814869927558276
,,8.389398423645389
,,7.286180704667379
,,0.0
,,4.918251951624434
,,4.326805502244239
,,4.022739200867584
,,3.4814869927558276
,,5.58597603254172
,,5.466633227537535
,,1.1834433053749518
,,4.23239580385111
,,3.636988544242049
,,10.550480872467018
,,1.1834433053749518
,,0.0
,,10.598583713757684
,,2.8789038053543625
,,3.636988544242049
,,1.8247124464825184
,,10.6979785022916
,,1.1834433053749518
,,7.2014959291835705
,,0.0
,,6.0953473268600815
,,3.77734814607362
,,2.60519275062505
,,2.267100056198125
,,8.344967843142236
,,2.267100056198125
,,3.77734814607362
,,7.684119504814211
,,7.399137084945248
,,5.0347241181852604
,,1.8247124464825184
,,6.69996438414535
,,6.0953473268600815
,,5.0347241181852604
,,4.131372643555347
,,6.385893945030639
,,3.77734814607362
,,4.326805502244239
,,3.1088743174978104
,,4.326805502244239
,,3.636988544242049
,,9.031923891473992
,,5.863026295196434
,,0.0
,,3.77734814607362
,,1.8247124464825184
,,3.1088743174978104
,,4.856288740733605
,,5.336520529995646
,,3.77734814607362
,,6.068272311681
,,3.4814869927558276
,,4.791544335231516
,,2.8789038053543625
,,7.399137084945248
,,1.1834433053749518
,,7.891418261035543
,,9.18470221720055
,,2.267100056198125
,,10.417346876352706
,,3.905254781686303
,,7.48353750138407
,,6.429100257947972
,,2.60519275062505
,,1.8247124464825184
,,7.409961136701454
,,6.785572128959638
,,4.791544335231516
,,6.295394277517506
,,2.60519275062505
,,1.8247124464825184
,,8.941564837722556
,,5.765260051579519
,,3.636988544242049
,,0.0
,,7.513956693047122
,,4.415414689294443
,,1.1834433053749518
,,8.11955160248265
,,4.022739200867584
,,3.307176954881424
,,5.765260051579519
,,7.441954403373496
,,2.267100056198125
,,5.3812080253052255
,,4.498895059411287
,,6.173650968882752
,,8.971100040247164
,,5.3812080253052255
,,2.8789038053543625
,,4.791544335231516
,,2.60519275062505
,,1.1834433053749518
,,1.8247124464825184
,,6.49157636657488
,,4.326805502244239
,,3.1088743174978104
,,0.0
,,8.630586010735396
,,1.8247124464825184
,,8.383918857291478
,,3.307176954881424
,,0.0
,,5.3812080253052255
,,6.4710501503060005
,,6.590042775979223
,,1.1834433053749518
,,4.022739200867584
,,6.271853643578646
,,7.388231209718052
,,6.49157636657488
,,1.8247124464825184
,,4.652627462197849
,,5.73114144399951
,,5.696196373423662
,,6.295394277517506
,,4.23239580385111
,,8.411110908697623
,,6.682215923708494
,,1.1834433053749518
,,8.421845828702272
,,1.1834433053749518
,,4.498895059411287
,,14.547435833607755
,,14.639267610796193
,,5.6236595680045784
,,1.1834433053749518
,,5.9545856661806
,,4.326805502244239
,,7.995690253891448
,,1.1834433053749518
,,6.121923572062239
,,4.652627462197849
,,0.0
,,6.785572128959638
,,4.415414689294443
,,0.0
,,6.429100257947972
,,8.956408019143034
,,7.420704583642466
,,1.1834433053749518
,,6.957736475616355
,,6.407658840081284
,,4.23239580385111
,,3.636988544242049
,,4.498895059411287
,,1.1834433053749518
,,2.60519275062505
,,5.547281733844252
,,1.8247124464825184
,,3.1088743174978104
,,0.0
,,3.1088743174978104
,,1.8247124464825184
,,3.636988544242049
,,1.1834433053749518
,,6.785572128959638
,,4.791544335231516
,,4.415414689294443
,,0.0
,,5.193499550623225
,,5.6236595680045784
,,2.8789038053543625
,,4.23239580385111
,,8.038169949256611
,,6.834599934363929
,,0.0
,,6.363795662782939
,,6.66424639398753
,,4.131372643555347
,,9.567242074535612
,,7.043647917329509
,,2.60519275062505
,,3.636988544242049
,,3.307176954881424
,,2.267100056198125
,,0.0
,,3.307176954881424
,,0.0
,,4.131372643555347
,,1.1834433053749518
,,5.58597603254172
,,3.1088743174978104
,,6.173650968882752
,,1.1834433053749518
,,4.977663099863604
,,0.0
,,1.1834433053749518
,,2.267100056198125
,,4.022739200867584
,,2.60519275062505
,,0.0
,,6.66424639398753
,,2.267100056198125
,,4.415414689294443
,,3.636988544242049
,,2.267100056198125
,,4.723757288584439
,,1.1834433053749518
,,1.1834433053749518
,,0.0
,,3.905254781686303
,,4.791544335231516
,,3.905254781686303
,,3.4814869927558276
,,1.8247124464825184
,,4.326805502244239
,,0.0
,,3.4814869927558276
,,4.498895059411287
,,2.267100056198125
,,1.8247124464825184
,,1.1834433053749518
,,1.1834433053749518
,,0.0
,,1.8247124464825184
,,0.0
,,1.8247124464825184
,,2.267100056198125
,,2.60519275062505
,,0.0
,,1.8247124464825184
,,1.8247124464825184
,,1.1834433053749518
,,1.8247124464825184
,,3.307176954881424
,,1.1834433053749518
,,1.8247124464825184
,,2.60519275062505
,,2.267100056198125
,,1.1834433053749518
,,1.1834433053749518
,,0.0
,,2.267100056198125
,,1.1834433053749518
,,0.0
,,2.60519275062505
,,2.60519275062505
,,0.0
,,2.60519275062505
,,0.0
,,1.1834433053749518
1.1490616944061631,0.996549794818076,0.0
5.89359067967369,5.485098301245737,5.652457392263169
1.1490616944061631,0.996549794818076,1.516186176602071
0.0,1.994821593098696,0.9487275708515492
5.80209820933566,5.721142432420951,5.255756822274886
2.5535532966333583,0.996549794818076,0.9487275708515492
1.7804748308724707,3.315711772380074,2.238994121667222
6.034257418147882,6.037590362254681,6.306230170180291
3.7199457983154702,2.993956715289905,3.0774748161582
6.388935774164417,5.2786710971260185,6.144917498853833
5.133213798857543,5.08075782937359,5.704853278078909
1.7804748308724707,3.315711772380074,3.4895255802116
4.356364842565787,4.385738477574488,5.389823511734513
4.974639576690689,4.900212737484373,4.986210429671472
1.1490616944061631,0.0,0.0
6.21065707058328,5.721142432420951,5.512484097753951
6.78911170869269,6.838641587936454,7.0256220264663725
2.5535532966333583,1.994821593098696,3.228283957404142
7.247873591971694,7.585584237631034,6.918766298885341
7.304536592049244,7.906009390106131,7.227155030854308
2.8254764233515712,3.4531523681486243,3.604312672055639
1.1490616944061631,0.0,3.3648098756902893
10.7758281239321,10.48895114144502,10.824139538792544
9.144686281395366,8.978946914894788,8.759984138786693
2.5535532966333583,3.6940636500133506,2.9090408667943133
1.1490616944061631,2.3164037990780786,0.0
9.3895944872182,9.137761796889988,9.255479996008324
5.230006352655126,5.774576940347143,5.2904594578523545
6.866427471700299,6.7875695733242924,6.850635085271513
7.259385630092527,6.7875695733242924,6.779126209160966
6.7569866806717584,6.813331565195347,6.323089185435464
3.847461540633596,3.900443523749156,4.359911886872493
8.17180871532718,8.241041612376815,8.814652589095186
8.14102298949468,7.714223328108866,7.820823737398006
8.010857484283644,7.516690911479071,7.65761585163879
5.276071527462864,5.693664208559246,5.941599799027664
3.0541845677253745,2.3164037990780786,3.4895255802116
6.9681484167675105,6.721077104314512,6.624507452978814
5.320711241263756,5.452680320776906,6.106481828594538
2.5535532966333583,2.993956715289905,2.9090408667943133
6.162419024793232,6.2969597255886764,6.026395027640199
1.1490616944061631,2.8014352230686144,3.604312672055639
6.280118499214487,6.015565670083691,6.046837361187159
4.072967521240352,3.578630808151181,3.902318963280511
5.635401649485209,5.516803815794792,5.625528134819634
6.925428824226642,6.9120117882942225,7.1057505795017395
2.5535532966333583,3.4531523681486243,3.228283957404142
1.7804748308724707,2.3164037990780786,2.718310594221604
3.964616124894744,3.163785587184932,4.293031306033461
5.230006352655126,4.851311095765097,4.4238288905792205
6.186739649604414,5.665652443477197,5.452457015872789
4.267943366850919,4.578342342624419,4.222898910978355
2.5535532966333583,0.996549794818076,3.989385421409433
6.470441214653158,5.993199521654824,6.218846894114746
7.102048820674064,7.163064411338875,6.451306190118073
0.0,1.994821593098696,0.9487275708515492
7.1646097730754414,7.46073599394334,7.144205478913082
4.439678587854868,4.578342342624419,4.293031306033461
1.1490616944061631,2.3164037990780786,3.0774748161582
8.872198706292684,8.727817195275414,8.46190537482016
3.2515483595523023,2.993956715289905,2.9090408667943133
4.439678587854868,4.241383272919841,4.70678345431603
6.910903155033486,6.259967794885509,6.850635085271513
10.055348485828928,9.684843211775078,10.164780039641444
5.406049117737903,5.241201064032714,6.005658867129145
1.7804748308724707,0.996549794818076,0.0
7.837370430360126,7.781025213709008,7.912791995593158
1.1490616944061631,1.580360391113546,0.9487275708515492
5.320711241263756,5.037695278833992,4.89894623024286
3.4251328311565272,1.994821593098696,2.238994121667222
4.356364842565787,3.800940816651081,4.4238288905792205
5.525278258839427,5.923942180465802,6.339753463432131
7.259385630092527,7.221956176774823,7.630783609135255
3.5800568320362984,3.4531523681486243,3.0774748161582
9.05835222956279,8.857292324315075,8.808679616434157
4.072967521240352,3.4531523681486243,4.70678345431603
6.707416704835719,6.24110995095872,6.610842240267855
7.401238483725687,7.153011082971476,7.411857153540156
4.072967521240352,4.452837687062892,4.359911886872493
2.8254764233515712,2.8014352230686144,3.3648098756902893
6.234184439166504,6.142935973621826,6.791293214900572
5.525278258839427,6.259967794885509,5.963270404936979
5.635401649485209,5.7481070605144735,5.598086640974135
4.356364842565787,5.637086006806462,5.919598710228529
7.6401326095736835,7.76791000008576,7.57557392458655
5.635401649485209,5.993199521654824,5.421480135336272
7.369719267817137,6.970426203438476,7.035884878162975
0.0,2.57920756622711,0.9487275708515492
1.1490616944061631,0.996549794818076,1.9223914397525423
5.182421668087684,4.516954341139135,4.806061920190457
6.280118499214487,6.547753841351936,6.254437813935508
8.41766231099001,8.452542611194433,8.199689045750752
7.188893803623892,7.059232189186325,7.244958056615302
0.0,2.3164037990780786,4.149182254706563
5.320711241263756,4.9475110069298065,5.183742251265541
7.890161186839768,7.819670313362684,7.496036612724685
3.5800568320362984,5.037695278833992,4.853251461630858
8.688534584598338,8.944390023989053,8.36347706416193
5.406049117737903,4.748235288780849,5.068495996391319
9.344367003495964,9.185395971142366,9.183451254625556
4.593128223338847,3.900443523749156,5.780043191802873
5.486619789201168,4.993307716508419,5.452457015872789
5.320711241263756,5.202731841085182,4.986210429671472
5.029457265590857,4.748235288780849,5.255756822274886
1.1490616944061631,0.0,3.809658661476224
8.875942844338315,9.10162832115232,8.045694026468684
5.704408244096931,5.851191709729742,6.106481828594538
5.599619773587351,6.015565670083691,6.6514555922517795
4.593128223338847,5.08075782937359,5.324346924768041
5.704408244096931,5.970481162596746,6.163758036525204
6.21065707058328,5.578198088228749,5.963270404936979
4.267943366850919,4.385738477574488,4.485033851623627
4.66413705409399,4.800693549891055,4.600164971518518
7.102048820674064,6.76133917646513,7.209129565886648
4.917656444499798,5.08075782937359,4.853251461630858
4.267943366850919,3.578630808151181,4.4238288905792205
5.082268083683275,4.9475110069298065,3.809658661476224
9.62360607246141,9.359424025696734,9.237807135515077
2.2181885845760725,3.578630808151181,3.228283957404142
4.796458350445657,4.080961470061744,4.149182254706563
12.18079732202716,12.214377786810363,12.718549631496662
4.917656444499798,5.08075782937359,5.107943215788713
5.562927811914359,6.578125955621581,5.625528134819634
8.17180871532718,8.654886515739095,8.571787412391792
1.7804748308724707,2.8014352230686144,2.238994121667222
1.1490616944061631,1.994821593098696,2.718310594221604
5.770264258642597,5.826102823343904,5.570113045174708
3.5800568320362984,3.163785587184932,3.989385421409433
7.821925623856711,7.900010769213447,7.929401922565395
1.7804748308724707,0.996549794818076,1.9223914397525423
1.1490616944061631,2.8014352230686144,1.9223914397525423
0.0,2.3164037990780786,1.516186176602071
7.259385630092527,7.3240512101330255,7.279918286854068
1.1490616944061631,2.3164037990780786,0.9487275708515492
2.5535532966333583,1.994821593098696,3.604312672055639
7.7338906759217325,7.665550607560935,7.262544066237712
9.46112816056096,9.355045617078945,9.842581597979628
6.21065707058328,6.651371366637381,6.554849026964292
7.293380633291615,7.091173950029153,6.95166213962229
5.364011072680751,4.748235288780849,4.4238288905792205
2.8254764233515712,4.748235288780849,3.809658661476224
5.182421668087684,4.851311095765097,4.943238022381569
8.596225805987286,9.00991297551901,8.637285612385377
3.7199457983154702,2.993956715289905,4.149182254706563
2.8254764233515712,0.996549794818076,3.3648098756902893
6.034257418147882,6.333026815947365,5.984620309707191
5.029457265590857,4.6937973679992195,4.293031306033461
8.183941388144971,8.393991243727582,8.330506814246245
4.267943366850919,4.851311095765097,4.986210429671472
4.731814203624554,4.163401004930018,4.485033851623627
5.230006352655126,4.637224491857119,4.543747580326049
4.356364842565787,4.241383272919841,4.853251461630858
3.847461540633596,3.315711772380074,4.293031306033461
3.2515483595523023,3.163785587184932,3.0774748161582
3.5800568320362984,3.4531523681486243,4.485033851623627
4.731814203624554,4.851311095765097,3.989385421409433
6.982111727129422,7.385449962600612,6.6514555922517795
7.657639004898934,8.22673400273677,7.72893056154224
4.858329726362679,5.122572186340452,5.255756822274886
6.21065707058328,6.315105976597745,5.89725690231712
3.2515483595523023,4.315365634510435,3.604312672055639
1.1490616944061631,0.996549794818076,0.0
0.0,0.996549794818076,1.9223914397525423
2.8254764233515712,3.4531523681486243,3.3648098756902893
1.7804748308724707,2.3164037990780786,2.718310594221604
2.2181885845760725,3.800940816651081,2.9090408667943133
2.2181885845760725,3.163785587184932,4.806061920190457
5.230006352655126,5.452680320776906,7.218170450133732
4.66413705409399,4.452837687062892,5.2904594578523545
6.30254848476296,6.2969597255886764,6.597046351865075
7.717290735670135,7.863485633050447,7.790838357805574
2.8254764233515712,2.8014352230686144,3.809658661476224
7.152312733040755,6.851132013007068,6.716702708993956
3.847461540633596,4.315365634510435,3.809658661476224
5.922842680744775,6.563019822540756,6.766855719310992
8.316592385484041,8.142862822667079,8.644010298783222
6.982111727129422,6.82604207937645,6.569052380732777
1.1490616944061631,2.8014352230686144,1.516186176602071
4.17374673946048,4.241383272919841,5.107943215788713
8.109565975177183,8.415176274950346,8.129545050457768
3.5800568320362984,2.3164037990780786,3.3648098756902893
5.133213798857543,5.419517116717737,5.255756822274886
8.718036749616584,8.255208721696876,8.355304870713466
7.114779925805977,6.721077104314512,6.803358467424599
2.2181885845760725,0.0,2.238994121667222
5.364011072680751,5.452680320776906,4.654458907763794
5.082268083683275,5.2786710971260185,5.389823511734513
6.83599655157847,6.651371366637381,7.244958056615302
4.66413705409399,4.851311095765097,4.600164971518518
1.1490616944061631,1.580360391113546,3.4895255802116
6.257334273655224,6.2785823200690505,6.271909341643176
5.446896837538067,5.315192534428027,4.806061920190457
4.974639576690689,4.080961470061744,4.071495149597676
5.863733270330668,5.037695278833992,5.512484097753951
5.276071527462864,5.60794248750535,4.853251461630858
3.847461540633596,3.6940636500133506,3.989385421409433
0.0,0.996549794818076,2.238994121667222
4.267943366850919,3.800940816651081,4.222898910978355
7.421875116843682,7.341861958486314,7.347395471405323
6.547587176171015,6.970426203438476,7.279918286854068
2.2181885845760725,1.994821593098696,2.238994121667222
6.234184439166504,6.163112500945854,6.70388722070501
7.236268953717965,6.679659079736738,6.862216076195856
5.922842680744775,6.333026815947365,6.70388722070501
5.951513337715719,5.485098301245737,5.4827827321669345
3.4251328311565272,3.578630808151181,4.149182254706563
2.5535532966333583,0.996549794818076,1.516186176602071
5.562927811914359,4.900212737484373,5.324346924768041
4.518442618565875,4.900212737484373,5.389823511734513
2.2181885845760725,2.57920756622711,2.238994121667222
4.17374673946048,4.800693549891055,4.485033851623627
2.2181885845760725,0.996549794818076,3.0774748161582
6.584666379010142,7.112082212489842,6.791293214900572
6.324635077038579,5.7481070605144735,6.046837361187159
3.4251328311565272,3.6940636500133506,3.989385421409433
8.478030460475324,8.091148676059502,8.517892278612479
6.346388632095654,5.7481070605144735,6.066994078491913
5.320711241263756,5.875851740386741,6.182355698976469
4.17374673946048,4.516954341139135,4.757276494657801
1.1490616944061631,2.57920756622711,3.0774748161582
6.995941186249489,6.622517889087152,6.356227451638601
3.7199457983154702,2.57920756622711,3.604312672055639
3.0541845677253745,4.385738477574488,3.902318963280511
4.072967521240352,3.4531523681486243,3.3648098756902893
5.73771199243356,5.485098301245737,5.4827827321669345
0.0,3.163785587184932,3.902318963280511
1.1490616944061631,2.8014352230686144,2.238994121667222
11.280501387481673,10.983907800907236,11.789653896907115
6.83599655157847,6.82604207937645,6.791293214900572
3.7199457983154702,4.163401004930018,3.809658661476224
1.1490616944061631,1.994821593098696,3.228283957404142
5.562927811914359,6.122473264377633,5.874563656002053
9.397430680331306,9.421461542516449,9.28158987969088
4.439678587854868,3.900443523749156,4.654458907763794
6.673397815753584,6.222002342889852,5.704853278078909
5.89359067967369,5.202731841085182,6.005658867129145
1.7804748308724707,3.4531523681486243,4.222898910978355
0.0,0.996549794818076,0.0
8.338466632944488,8.037511669812831,7.411857153540156
2.2181885845760725,2.3164037990780786,1.9223914397525423
8.909209881657162,8.717621543462226,8.80568383106098
2.2181885845760725,3.800940816651081,0.9487275708515492
4.974639576690689,5.163208675351139,4.757276494657801
8.122231207043955,8.255208721696876,7.962058859190158
5.951513337715719,6.10171613791091,6.144917498853833
4.731814203624554,5.08075782937359,5.598086640974135
3.2515483595523023,3.163785587184932,0.9487275708515492
1.7804748308724707,0.996549794818076,0.9487275708515492
5.182421668087684,4.385738477574488,4.071495149597676
5.276071527462864,5.241201064032714,5.541586303340131
2.5535532966333583,1.994821593098696,2.498467299808558
6.034257418147882,6.578125955621581,6.289171812432955
3.847461540633596,4.080961470061744,3.710636076895923
0.0,2.3164037990780786,0.0
5.979625307895263,5.923942180465802,6.420304322212507
2.8254764233515712,2.8014352230686144,2.718310594221604
5.446896837538067,5.385573618940282,5.570113045174708
6.8049098924086255,7.080605079991686,6.885102841428831
5.833244862739344,5.851191709729742,6.372515446882811
7.941088232292326,8.26923806330288,8.110249339405067
3.7199457983154702,4.385738477574488,4.359911886872493
6.820536950853085,6.679659079736738,6.388621602079574
9.234917719165562,9.341830094427095,8.728693104372942
2.8254764233515712,3.9935240818764455,4.485033851623627
5.276071527462864,4.900212737484373,5.027939788565942
5.029457265590857,5.94739932232492,5.255756822274886
0.0,0.996549794818076,1.9223914397525423
5.276071527462864,4.9475110069298065,5.704853278078909
2.2181885845760725,3.315711772380074,3.710636076895923
8.77127556299938,8.777741867672589,9.432929757256524
6.707416704835719,7.048425822794474,6.973183243632432
5.320711241263756,5.122572186340452,6.086873050851846
6.21065707058328,6.7875695733242924,7.035884878162975
7.0499702869642755,6.970426203438476,6.6514555922517795
4.66413705409399,4.385738477574488,4.654458907763794
6.430264001824648,6.350727775096996,6.5260158116473255
6.257334273655224,5.350812221946047,6.046837361187159
4.439678587854868,4.900212737484373,5.678893186718578
16.305368847065978,15.25768070274187,15.661242129867553
0.0,0.0,1.516186176602071
4.518442618565875,5.578198088228749,5.324346924768041
4.267943366850919,3.9935240818764455,3.604312672055639
10.803614697164129,10.709057426206728,10.075568049225971
5.833244862739344,6.2785823200690505,5.874563656002053
2.2181885845760725,1.580360391113546,0.0
5.73771199243356,4.637224491857119,5.541586303340131
7.0499702869642755,7.306017828342797,6.716702708993956
10.262608966638917,9.871149590853983,9.259864590444126
4.356364842565787,3.9935240818764455,4.543747580326049
9.150880491474462,9.2831212282759,8.80568383106098
6.707416704835719,6.142935973621826,6.929815131261761
9.11013441835933,8.78426983977463,8.703162252915147
4.17374673946048,2.3164037990780786,2.718310594221604
4.858329726362679,5.08075782937359,4.89894623024286
5.704408244096931,5.452680320776906,5.570113045174708
7.604469339209733,7.636982134294075,7.972782273052693
5.320711241263756,4.385738477574488,3.604312672055639
3.4251328311565272,3.4531523681486243,2.9090408667943133
6.450492464222415,6.76133917646513,6.086873050851846
3.4251328311565272,3.163785587184932,5.068495996391319
5.979625307895263,6.333026815947365,5.4827827321669345
6.30254848476296,6.485021360182781,5.851507738040505
2.2181885845760725,3.900443523749156,3.710636076895923
5.670317495535816,6.015565670083691,5.652457392263169
0.0,1.580360391113546,0.9487275708515492
3.2515483595523023,3.4531523681486243,3.0774748161582
5.320711241263756,4.9475110069298065,5.146340485382241
1.1490616944061631,0.996549794818076,2.238994121667222
2.2181885845760725,3.4531523681486243,2.718310594221604
3.0541845677253745,3.578630808151181,3.710636076895923
1.1490616944061631,4.315365634510435,5.068495996391319
5.635401649485209,5.315192534428027,5.678893186718578
6.939809699421789,6.142935973621826,5.941599799027664
3.2515483595523023,3.800940816651081,3.3648098756902893
3.2515483595523023,2.57920756622711,3.809658661476224
1.1490616944061631,0.0,0.0
1.7804748308724707,0.0,1.516186176602071
5.670317495535816,4.9475110069298065,5.851507738040505
2.8254764233515712,0.996549794818076,0.9487275708515492
0.0,2.993956715289905,2.238994121667222
4.267943366850919,3.9935240818764455,4.222898910978355
2.5535532966333583,2.3164037990780786,3.710636076895923
6.896229746441505,7.47694578397768,7.956667113595931
4.17374673946048,4.241383272919841,4.4238288905792205
2.2181885845760725,0.0,0.9487275708515492
6.896229746441505,6.468902559348624,6.95166213962229
2.2181885845760725,1.580360391113546,2.498467299808558
8.966521053081912,8.398253210143354,9.045503382558968
2.8254764233515712,3.578630808151181,3.228283957404142
5.182421668087684,5.385573618940282,4.757276494657801
1.1490616944061631,1.580360391113546,0.0
4.356364842565787,4.851311095765097,4.149182254706563
4.518442618565875,4.748235288780849,4.600164971518518
1.7804748308724707,2.993956715289905,1.516186176602071
2.5535532966333583,3.4531523681486243,2.9090408667943133
3.5800568320362984,1.580360391113546,3.0774748161582
4.439678587854868,3.800940816651081,5.570113045174708
1.1490616944061631,1.994821593098696,4.293031306033461
2.5535532966333583,2.3164037990780786,2.9090408667943133
2.8254764233515712,2.8014352230686144,1.516186176602071
7.369719267817137,7.202591475784158,7.330819739018008
3.847461540633596,5.547827508577877,5.027939788565942
2.2181885845760725,0.0,0.9487275708515492
6.566245897484683,6.838641587936454,6.481655853860569
4.17374673946048,4.385738477574488,4.071495149597676
8.05115486697591,7.844870339226905,7.532734369188344
7.912207551883827,7.88186378775162,7.297085758988008
3.0541845677253745,4.241383272919841,3.809658661476224
7.897547471701449,7.540022811519549,8.124745263309755
1.1490616944061631,2.57920756622711,2.238994121667222
6.509529792113876,6.721077104314512,6.918766298885341
3.2515483595523023,1.994821593098696,1.9223914397525423
6.21065707058328,6.080655998249316,6.791293214900572
7.06316722221415,7.091173950029153,7.288527558494415
5.525278258839427,5.202731841085182,5.421480135336272
3.2515483595523023,1.580360391113546,0.9487275708515492
8.402167152107925,8.319542379634044,8.589314139346742
1.1490616944061631,4.241383272919841,4.70678345431603
3.847461540633596,4.578342342624419,4.485033851623627
1.1490616944061631,1.580360391113546,0.0
0.0,0.996549794818076,0.9487275708515492
1.7804748308724707,1.994821593098696,1.516186176602071
7.558613590335513,7.781025213709008,7.760216501539629
5.73771199243356,6.333026815947365,5.941599799027664
10.097648734486684,9.776097388254865,10.493687968036808
4.796458350445657,4.578342342624419,5.324346924768041
7.674935513053371,7.826011706433598,8.065866613082319
6.95404863880708,6.82604207937645,6.994388023951175
1.7804748308724707,2.3164037990780786,2.238994121667222
5.446896837538067,5.993199521654824,5.963270404936979
5.486619789201168,5.693664208559246,5.652457392263169
4.796458350445657,5.315192534428027,5.389823511734513
2.2181885845760725,3.4531523681486243,2.238994121667222
7.411593698848111,7.524510212499196,7.856002429169202
1.1490616944061631,0.0,0.0
0.0,2.57920756622711,2.238994121667222
10.36073091212367,10.246944475447954,10.998246734900151
9.982548409778724,9.58368735073921,9.174189449371656
1.7804748308724707,0.0,2.9090408667943133
8.66275777261832,8.480950642769677,8.495757551424987
2.5535532966333583,1.580360391113546,0.0
7.023208646358114,6.900039623554716,6.907632195928749
10.177184445671667,9.925313158917632,9.996326570027149
1.1490616944061631,0.996549794818076,1.516186176602071
1.7804748308724707,2.3164037990780786,1.516186176602071
9.144686281395366,8.976098579580105,8.852885541003264
5.276071527462864,5.419517116717737,5.984620309707191
4.17374673946048,3.163785587184932,3.902318963280511
16.04583058536853,16.23929386378587,16.233589418953258
3.5800568320362984,3.900443523749156,2.718310594221604
5.599619773587351,5.900097330506026,5.963270404936979
7.380302370573724,7.259922827834288,8.249043596138312
0.0,0.0,0.9487275708515492
4.356364842565787,4.452837687062892,4.071495149597676
5.833244862739344,6.183010740881436,6.95166213962229
4.518442618565875,3.6940636500133506,4.757276494657801
0.0,0.0,1.9223914397525423
2.2181885845760725,3.163785587184932,3.3648098756902893
2.8254764233515712,1.994821593098696,0.9487275708515492
5.082268083683275,4.516954341139135,4.986210429671472
3.7199457983154702,2.57920756622711,3.989385421409433
0.0,0.996549794818076,0.9487275708515492
6.257334273655224,5.826102823343904,6.046837361187159
4.072967521240352,4.516954341139135,4.654458907763794
1.1490616944061631,2.8014352230686144,3.0774748161582
3.4251328311565272,2.57920756622711,2.498467299808558
1.1490616944061631,2.3164037990780786,0.9487275708515492
6.388935774164417,6.563019822540756,6.066994078491913
2.5535532966333583,0.996549794818076,0.0
8.945295266141827,8.819655059750716,8.784537320975277
0.0,0.0,1.9223914397525423
2.8254764233515712,2.993956715289905,3.710636076895923
3.4251328311565272,3.4531523681486243,2.498467299808558
2.8254764233515712,3.315711772380074,3.809658661476224
2.5535532966333583,0.0,0.0
1.1490616944061631,3.578630808151181,3.4895255802116
4.518442618565875,2.8014352230686144,3.710636076895923
0.0,1.580360391113546,1.9223914397525423
1.7804748308724707,0.0,2.9090408667943133
3.0541845677253745,2.993956715289905,3.902318963280511
4.267943366850919,3.4531523681486243,4.359911886872493
4.796458350445657,4.6937973679992195,5.107943215788713
8.195972878808021,8.41096408269837,7.90721258369087
4.072967521240352,2.993956715289905,3.604312672055639
0.0,2.57920756622711,0.9487275708515492
0.0,0.996549794818076,1.9223914397525423
1.1490616944061631,0.0,1.516186176602071
5.029457265590857,4.993307716508419,5.2904594578523545
1.7804748308724707,1.994821593098696,0.9487275708515492
1.1490616944061631,2.8014352230686144,1.516186176602071
0.0,1.580360391113546,0.9487275708515492
1.1490616944061631,0.0,0.0
1.1490616944061631,0.0,0.0
1.1490616944061631,1.994821593098696,0.0
1.1490616944061631,2.3164037990780786,0.0
7.304536592049244,7.212306316585725,6.983824592013074
0.0,0.0,2.238994121667222
9.526902459221589,9.429812853934417,10.118451127617607
3.847461540633596,3.315711772380074,3.228283957404142
3.5800568320362984,2.3164037990780786,0.0
6.430264001824648,5.693664208559246,5.851507738040505
0.0,1.580360391113546,0.0
11.566559911835306,11.333500480285414,11.711379181372653
2.5535532966333583,2.993956715289905,2.498467299808558
3.2515483595523023,3.578630808151181,2.9090408667943133
1.7804748308724707,1.580360391113546,2.498467299808558
0.0,0.996549794818076,0.9487275708515492
3.964616124894744,4.241383272919841,4.293031306033461
0.0,0.996549794818076,1.516186176602071
1.7804748308724707,2.57920756622711,0.0
1.1490616944061631,1.994821593098696,1.516186176602071
1.1490616944061631,0.0,1.9223914397525423
1.1490616944061631,2.8014352230686144,2.9090408667943133
1.1490616944061631,0.996549794818076,0.0
1.1490616944061631,1.580360391113546,1.9223914397525423
3.0541845677253745,0.0,0.0
2.5535532966333583,0.996549794818076,2.238994121667222
3.5800568320362984,2.57920756622711,3.3648098756902893
0.0,0.0,1.516186176602071
2.2181885845760725,2.993956715289905,2.238994121667222
3.2515483595523023,0.996549794818076,1.516186176602071
0.0,0.0,0.0
1.1490616944061631,0.996549794818076,1.516186176602071
2.8254764233515712,0.0,0.0
1.7804748308724707,0.0,2.718310594221604
2.2181885845760725,2.8014352230686144,2.238994121667222
5.182421668087684,5.800569900616873,5.755412747266616
15.861591489377451,15.380090710298683,16.941932741726962
19.897989180796905,19.0191024793466,19.32912753583042
,,16.682894124211078
30.023863725677426,27.991458308351568,26.191536273070653
,16.301603031468108,13.102861747547985
,,
23.242024148591835,,23.73250224282098
14.671424886602873,18.41322576348107,16.166119147509367
24.83242295383012,25.120694175388966,25.405475180660023
,20.906165404992844,22.03155120473743
,14.671424886602873,11.294500516095239
18.353113049672597,18.20013887370956,18.286433311445407
,,
,25.8113730822015,
,,17.013817183224848
,,
18.433557831442,18.662893946616123,
25.77189921675274,,
27.378909575895676,27.066313751719054,27.834474566875745
,,
,,
,,
26.259584234441903,,26.773300188563905
,,
,,
,8.881126703359557,
24.001472999335004,23.314833694731785,24.86526940541148
,36.918073258141455,
,,
19.32912753583042,19.03244293442009,19.248437476089595
30.96609667021176,31.588852210056046,31.588852210056046
26.08805669870927,25.477784361783865,26.259584234441903
21.37622246162084,21.083309099605064,20.97547969704068
17.96116682496773,18.353113049672597,17.518360617765577
,26.259584234441903,31.335945176299273
,0.10198239344287856,1.5254238347312034e-05
18.75091054080895,18.485077089187396,18.41322576348107
23.54870444647409,24.73479689879309,23.661654996606202
,,26.118559951146683
,,18.75091054080895
22.836015096270188,22.944878768783884,22.65231301575314
17.45421621377722,19.2066564889374,11.701649732015762
17.401494163617084,20.151645305058242,
24.73479689879309,,25.033422795340005
20.151645305058242,19.441590778670484,20.71367342942292
23.34174391061788,22.222040813936474,23.97741002803591
25.120694175388966,25.181961415655053,26.05112251410409
21.673211307886447,20.784396009977108,20.101850116132344
25.405475180660023,25.696283141894924,25.181961415655053
18.150121932246005,18.025217628795037,18.485077089187396
,22.312776908720007,
,,
20.97547969704068,,19.897989180796905
,,
25.33803340356212,24.71092908801268,
25.89251207335902,25.89251207335902,25.696283141894924
16.074059244053746,14.804659900589067,8.660191290277544
,,26.680191924817876
18.951030935562226,19.77908237213038,19.059206799579357
19.65280614591544,19.897989180796905,19.77908237213038
18.41322576348107,,18.093450300951073
,,
26.118559951146683,26.191536273070653,25.77189921675274
,,
,,
16.8283801416721,17.137956348076372,17.368297203599507
26.01079251454732,26.08805669870927,25.593365452910735
10.899460942167961,9.247167466757874,10.899460942167961
,,
10.233023452229114,,3.6255388754845392
,,
,27.834474566875745,27.378909575895676
23.001398695341393,22.771642313653143,22.5578620296655
,,
16.301603031468108,17.220542149616133,17.137956348076372
,,
16.166119147509367,16.166119147509367,16.23889988850308
,,
,,
6.618077965181936,2.9711852647475525,2.9711852647475525
,,
,23.34174391061788,23.242024148591835
28.303120231249636,29.232369943768116,28.908802235380648
,,
21.083309099605064,19.65280614591544,20.906165404992844
,14.499004868446484,
,,
,,20.457355419691964
23.06642888752889,24.389137691228346,22.965590065563305
27.157313963463178,27.879637706483674,13.006580303890942
,28.908802235380648,
14.539196144512877,15.128756944157338,14.804659900589067
21.306335424235446,,21.769151124853966
20.71367342942292,22.965590065563305,
17.518360617765577,18.75091054080895,18.925273783882567
23.314833694731785,23.54870444647409,21.232186363203713
,4.592314109764268,9.247167466757874
,,
14.14611092561463,,14.14611092561463
,,
,21.306335424235446,
,,
,,22.61627306191433
20.566103265614814,21.9387950284444,21.673211307886447
17.368297203599507,16.941932741726962,14.539196144512877
,,
26.527637707888562,26.300535851727332,27.879637706483674
,,
18.286433311445407,18.433557831442,18.150121932246005
19.03244293442009,19.13666301077063,19.0191024793466
,17.518360617765577,
,,
,,
18.843713139473966,16.8283801416721,18.353113049672597
23.36579388981717,23.930159100806648,23.930159100806648
22.61627306191433,23.687067908006373,22.672558279696858
,,
,,26.300535851727332
,,23.001398695341393
19.248437476089595,19.32912753583042,19.13666301077063
19.2066564889374,17.401494163617084,18.20013887370956
17.054512189434774,17.45421621377722,17.401494163617084
14.979241479669092,14.211103584859721,14.979241479669092
,22.836015096270188,
17.220542149616133,18.925273783882567,16.301603031468108
,,16.612190595968144
21.232186363203713,21.232186363203713,20.566103265614814
,,
,3.6255388754845392,
,,
23.41656692689848,23.77449497586909,23.36579388981717
,,
,,
,,
17.248024452122166,,17.555141805759803
36.162109475767046,33.26651329355668,36.162109475767046
22.944878768783884,23.41656692689848,23.49136383865361
23.90296081958898,24.06935517874814,24.168354099314715
,13.51269608401671,
,,
24.06935517874814,,
,,
30.27727187960454,29.408600348774602,30.681866011269875
,,
17.80661793447376,18.843713139473966,18.25169974843867
18.093450300951073,18.05454177485193,17.96116682496773
,,
,,25.477784361783865
,,
36.918073258141455,36.162109475767046,36.918073258141455
21.87413422317921,21.480582784058367,21.87413422317921
,,
20.101850116132344,,
18.25169974843867,,20.151645305058242
23.77449497586909,24.313046134599386,23.41656692689848
13.8092263866789,13.89073071507533,13.51269608401671
27.879637706483674,27.685147945578006,27.991458308351568
22.65231301575314,20.71367342942292,22.944878768783884
28.431176060889925,28.759556219068088,28.759556219068088
14.804659900589067,14.14611092561463,
24.56230034372368,24.83242295383012,24.71092908801268
21.769151124853966,21.673211307886447,21.306335424235446
4.592314109764268,,0.10198239344287856
29.408600348774602,29.612067975475767,29.232369943768116
23.687067908006373,23.49136383865361,23.54870444647409
26.191536273070653,27.483002061356142,26.569609571755606
,,
22.03155120473743,22.672558279696858,15.380090710298683
,16.682894124211078,
14.211103584859721,14.539196144512877,14.211103584859721
22.312776908720007,22.5578620296655,21.9387950284444
16.682894124211078,16.23889988850308,16.414130604549147
24.71092908801268,24.56230034372368,24.73479689879309
,12.071491935622399,
22.222040813936474,23.36579388981717,23.948967138890385
22.5578620296655,21.87413422317921,22.771642313653143
23.97741002803591,23.841538318298777,24.313046134599386
19.18142426558167,16.000326511460838,19.2066564889374
13.702153166295764,13.102861747547985,13.702153166295764
,,
16.941932741726962,17.054512189434774,17.054512189434774
,,
,,16.000326511460838
18.662893946616123,18.286433311445407,18.72590147586187
25.593365452910735,25.593365452910735,25.8113730822015
17.137956348076372,17.63086404421254,17.45421621377722
13.006580303890942,11.701649732015762,12.071491935622399
23.080045942523043,23.63885021566139,23.314833694731785
8.660191290277544,6.618077965181936,7.593886277186237
,16.074059244053746,
23.131502976099725,23.81481827918549,23.687067908006373
28.759556219068088,28.431176060889925,27.685147945578006
30.681866011269875,31.335945176299273,30.96609667021176
11.294500516095239,4.394165157151983,7.96412063909095
16.000326511460838,15.767177969321471,
23.73250224282098,,
16.23889988850308,15.861591489377451,15.861591489377451
27.21388617922145,26.773300188563905,26.85295152884662
28.67107149373031,28.303120231249636,28.431176060889925
27.685147945578006,28.169044150866835,28.126918502392517
,,8.881126703359557
,,
24.389137691228346,24.86526940541148,24.56230034372368
,11.294500516095239,
12.56887192409179,10.899460942167961,
26.05112251410409,26.569609571755606,26.08805669870927
23.437013974942232,23.97741002803591,23.63885021566139
,,
24.168354099314715,25.033422795340005,23.841538318298777
23.63885021566139,26.85295152884662,23.81481827918549
9.64970125945218,8.660191290277544,4.592314109764268
,,
19.059206799579357,18.150121932246005,18.662893946616123
25.696283141894924,25.77189921675274,26.01079251454732
11.701649732015762,9.64970125945218,9.64970125945218
23.81481827918549,23.437013974942232,23.080045942523043
21.68608947470163,20.566103265614814,20.784396009977108
29.49145347153453,30.681866011269875,30.17354460493097
18.20013887370956,18.951030935562226,17.248024452122166
,,
28.169044150866835,30.27727187960454,29.408600348774602
7.593886277186237,7.593886277186237,6.618077965181936
,20.457355419691964,
,18.25169974843867,
,23.001398695341393,
23.661654996606202,23.90296081958898,23.90296081958898
,,
8.881126703359557,1.7301886525305437,4.394165157151983
23.49136383865361,24.001472999335004,23.34174391061788
15.767177969321471,17.013817183224848,16.074059244053746
19.77908237213038,18.72590147586187,19.03244293442009
31.335945176299273,,33.26651329355668
23.930159100806648,,23.06642888752889
,,29.612067975475767
27.483002061356142,,
14.499004868446484,,17.220542149616133
23.841538318298777,,21.083309099605064
25.033422795340005,25.405475180660023,24.83242295383012
,,
13.89073071507533,13.8092263866789,13.89073071507533
25.477784361783865,25.93542616790786,25.33803340356212
12.071491935622399,,
,22.03155120473743,
21.9387950284444,23.080045942523043,21.480582784058367
,,
20.457355419691964,22.440088888490322,20.36359690017306
,,
20.906165404992844,21.37622246162084,
17.555141805759803,17.248024452122166,
,,
20.275886633279356,21.68608947470163,
16.612190595968144,13.702153166295764,16.8283801416721
26.6560757115046,27.21388617922145,25.89251207335902
17.013817183224848,17.368297203599507,17.63086404421254
19.441590778670484,20.275886633279356,19.65280614591544
29.612067975475767,30.17354460493097,28.303120231249636
,,
30.17354460493097,30.023863725677426,30.023863725677426
18.925273783882567,19.059206799579357,14.499004868446484
19.13666301077063,19.248437476089595,19.18142426558167
,,
9.247167466757874,,
26.569609571755606,26.05112251410409,26.527637707888562
22.161978752423863,22.61627306191433,22.222040813936474
16.414130604549147,16.612190595968144,15.767177969321471
26.680191924817876,,25.120694175388966
23.948967138890385,26.680191924817876,24.389137691228346
13.51269608401671,12.56887192409179,13.8092263866789
25.8113730822015,26.01079251454732,25.93542616790786
27.991458308351568,28.126918502392517,28.169044150866835
25.93542616790786,26.118559951146683,26.6560757115046
7.96412063909095,7.96412063909095,1.7301886525305437
31.588852210056046,,
25.181961415655053,,
,,
13.102861747547985,,12.56887192409179
,,
,10.233023452229114,
24.313046134599386,23.948967138890385,23.77449497586909
22.440088888490322,23.06642888752889,22.440088888490322
,,
29.232369943768116,29.49145347153453,29.49145347153453
,,
26.773300188563905,27.157313963463178,27.157313963463178
26.300535851727332,26.6560757115046,23.437013974942232
,,
21.480582784058367,21.769151124853966,21.37622246162084
22.965590065563305,23.73250224282098,22.836015096270188
22.672558279696858,23.131502976099725,22.161978752423863
26.85295152884662,26.527637707888562,27.483002061356142
22.771642313653143,23.242024148591835,23.131502976099725
,,
33.26651329355668,,
,,
20.36359690017306,20.36359690017306,20.18118553938643
27.066313751719054,27.378909575895676,27.066313751719054
,16.414130604549147,
18.72590147586187,20.101850116132344,19.441590778670484
,,
,,
,,
,,
20.18118553938643,24.168354099314715,15.128756944157338
,22.161978752423863,
,20.18118553938643,
,,
17.63086404421254,17.80661793447376,18.05454177485193
,,10.233023452229114
,,
,,
15.128756944157338,23.661654996606202,24.001472999335004
,18.093450300951073,22.312776908720007
18.05454177485193,,
19.0191024793466,,18.843713139473966
28.126918502392517,28.67107149373031,28.67107149373031
,19.18142426558167,18.951030935562226
,,
,,
,22.65231301575314,21.68608947470163
18.485077089187396,15.22713610208696,18.433557831442
,,
,,
,,
,,
18.025217628795037,17.96116682496773,18.025217628795037
,,
15.22713610208696,17.555141805759803,14.671424886602873
14.885713691800296,14.885713691800296,14.885713691800296
,13.006580303890942,
,,17.80661793447376
28.908802235380648,,30.27727187960454
24.86526940541148,25.33803340356212,24.06935517874814
27.834474566875745,30.96609667021176,27.21388617922145
,,
,,
20.784396009977108,20.97547969704068,20.275886633279356
15.380090710298683,14.979241479669092,15.22713610208696
